time,feed_rate,classifier_speed,tension_pressure,mill_fan_speed,main_drive_speed,recirculation_damper_position,stack_damper_position,hotgas_generator_load,total_specific_energy,tonnage,roller_height_1,roller_height_2,roller_height_3,roller_height_4,roller_temperature
2023-03-19 08:44:33,19.42696952819824,75.96385192871094,190.87728118896484,89.46969604492188,83.0,61.08940887451172,99.9963836669922,0.0,48.0844631694201,194049.0,16.754638671875,18.359375,14.932281494140623,16.428253173828125,34.375
2023-03-19 08:44:34,19.41531562805176,75.96385192871094,190.9505233764648,89.46969604492188,82.30000305175781,61.08940887451172,99.9963836669922,0.0,47.743391461248926,194049.0,15.421875,20.100128173828125,19.692138671875,16.047454833984375,34.375
2023-03-19 08:44:35,19.403364181518555,76.02409362792969,190.3971405029297,89.54545593261719,82.70000457763672,61.08940887451172,99.9963836669922,0.0,49.12509270908707,194049.0,12.86517333984375,17.70660400390625,15.77545166015625,14.9866943359375,34.375
2023-03-19 08:44:36,19.413936614990234,76.08434295654297,192.0328750610352,89.54545593261719,82.0999984741211,61.08940887451172,99.9963836669922,0.0,49.025491590406205,194049.0,15.93865966796875,20.34490966796875,17.053817749023438,14.60589599609375,34.375
2023-03-19 08:44:37,19.446367263793945,76.02409362792969,189.5263671875,89.54545593261719,81.30000305175781,61.08940887451172,99.9963836669922,0.0,51.1910850447016,194049.0,10.74365234375,15.476287841796877,16.700225830078125,17.1898193359375,34.375
2023-03-19 08:44:38,19.48044776916504,75.96385192871094,188.7613983154297,89.46969604492188,82.5,61.08940887451172,99.9963836669922,0.0,46.08717469707584,194049.0,19.311355590820312,16.97222900390625,15.177093505859377,17.27142333984375,34.375
2023-03-19 08:44:39,19.506919860839844,75.96385192871094,191.6015625,89.46969604492188,81.30000305175781,61.08578872680664,99.9963836669922,0.0,50.069766107076354,194049.0,11.124420166015623,18.14178466796875,20.290496826171875,15.06829833984375,34.375
2023-03-19 08:44:40,19.48635482788086,76.02409362792969,189.5019607543945,89.46969604492188,81.19999694824219,61.08940887451172,99.9963836669922,0.0,50.45736890128892,194049.0,17.86981201171875,16.863433837890625,16.07464599609375,19.2569580078125,34.375
2023-03-19 08:44:41,19.43552017211914,76.02409362792969,192.17122650146484,89.46969604492188,82.20000457763672,61.08940887451172,99.9963836669922,0.0,50.37136845534902,194049.0,14.76910400390625,17.57061767578125,15.557861328125,14.877899169921877,34.375
2023-03-19 08:44:42,19.41159439086914,76.02409362792969,190.1285858154297,89.54545593261719,81.4000015258789,61.08940887451172,99.9963836669922,0.0,52.46429532253554,194049.0,16.183456420898438,17.57061767578125,16.50982666015625,13.164352416992188,34.375
2023-03-19 08:44:43,19.390180587768555,76.02409362792969,190.4866485595703,89.54545593261719,81.5,61.08940887451172,99.9963836669922,0.0,50.61093598008034,194049.0,17.162628173828125,18.71295166015625,18.604156494140625,15.530670166015623,34.375
2023-03-19 08:44:44,19.38998413085937,76.02409362792969,190.2506484985352,89.54545593261719,81.19999694824219,61.08940887451172,99.9963836669922,0.0,52.03156994102659,194049.0,11.614013671875,18.631378173828125,16.07464599609375,15.013885498046877,34.375
2023-03-19 08:44:45,19.41467666625977,75.96385192871094,190.9668045043945,89.54545593261719,82.80000305175781,61.08578872680664,99.9963836669922,0.0,48.955498649065774,194049.0,16.564239501953125,18.359375,15.693862915039062,15.1226806640625,34.375
2023-03-19 08:44:46,19.45523452758789,75.96385192871094,191.0970001220703,89.54545593261719,82.30000305175781,61.08940887451172,99.9963836669922,0.0,49.66120700625265,194049.0,15.93865966796875,19.17535400390625,17.788192749023438,15.5850830078125,34.375
2023-03-19 08:44:47,19.4803409576416,76.08434295654297,188.38704681396484,89.46969604492188,81.19999694824219,61.08940887451172,99.9963836669922,0.0,51.43286764358152,194049.0,15.340286254882812,13.3819580078125,17.815399169921875,16.890625,34.375
2023-03-19 08:44:48,19.455217361450195,76.08434295654297,190.3157577514648,89.46969604492188,81.5999984741211,61.08940887451172,99.9963836669922,0.0,50.12598781761461,194049.0,13.545150756835938,20.698486328125,19.14814758300781,17.380218505859375,34.375
2023-03-19 08:44:49,19.41031646728516,75.96385192871094,189.306640625,89.46969604492188,82.0999984741211,61.08940887451172,99.9963836669922,0.0,48.77316570295213,194049.0,14.578704833984377,16.83624267578125,15.1226806640625,14.877899169921877,34.375
2023-03-19 08:44:50,19.3749942779541,75.96385192871094,191.8863983154297,89.46969604492188,82.0999984741211,61.08940887451172,99.9963836669922,0.0,50.21988915815464,194049.0,16.890625,18.957763671875,20.154510498046875,16.53704833984375,34.375
2023-03-19 08:44:51,19.34821319580078,75.96385192871094,190.673828125,89.54545593261719,82.4000015258789,61.08940887451172,99.9963836669922,0.0,50.21121642312784,194049.0,14.279525756835938,17.57061767578125,15.693862915039062,17.570602416992188,34.375
2023-03-19 08:44:52,19.331504821777344,76.02409362792969,188.0696640014648,89.54545593261719,81.19999694824219,61.08940887451172,99.9963836669922,0.0,51.24660522318287,194049.0,15.095489501953123,14.551513671875,15.993057250976562,17.489013671875,34.375
2023-03-19 08:44:53,19.35174369812012,76.02409362792969,189.99837493896484,89.54545593261719,82.0999984741211,61.08940887451172,99.9963836669922,0.0,50.85752463042412,194049.0,9.601287841796877,18.495361328125,19.17535400390625,15.748260498046877,34.375
2023-03-19 08:44:54,19.39244079589844,76.02409362792969,189.65657806396484,89.46969604492188,81.5,61.08940887451172,99.9963836669922,0.0,50.856599992288935,194049.0,16.809036254882812,17.733795166015625,14.959487915039062,15.149887084960938,34.375
2023-03-19 08:44:55,19.42641830444336,75.96385192871094,190.6656875610352,89.46969604492188,81.5999984741211,61.08940887451172,99.9963836669922,0.0,49.73090026762787,194049.0,11.559616088867188,13.925933837890623,18.6585693359375,18.74017333984375,34.375
2023-03-19 08:44:56,19.423093795776367,75.96385192871094,188.2975234985352,89.46969604492188,81.5,61.08940887451172,99.9963836669922,0.0,50.97293528273511,194049.0,12.402786254882812,20.372100830078125,14.660308837890623,18.604171752929688,34.375
2023-03-19 08:44:57,19.368635177612305,76.02409362792969,190.9423828125,89.54545593261719,81.9000015258789,61.08940887451172,99.9963836669922,0.0,50.667815817692286,194049.0,16.917831420898438,20.970489501953125,17.380218505859375,15.177093505859377,34.375
2023-03-19 08:44:58,19.32316017150879,75.96385192871094,190.7389297485352,89.54545593261719,81.80000305175781,61.08940887451172,99.9963836669922,0.0,48.23145256280759,194049.0,16.129058837890625,17.760986328125,13.21875,17.815399169921875,34.375
2023-03-19 08:44:59,19.297231674194336,76.02409362792969,190.9993438720703,89.54545593261719,82.9000015258789,61.08940887451172,99.9963836669922,0.0,48.77595016144118,194049.0,17.298614501953125,19.828125,18.903350830078125,17.815399169921875,34.375
2023-03-19 08:45:00,19.273548126220703,76.02409362792969,188.8102264404297,89.46969604492188,82.20000457763672,61.08940887451172,99.9963836669922,0.0,50.43181855517477,194049.0,16.210662841796875,18.00579833984375,16.482635498046875,17.815399169921875,34.375
2023-03-19 08:45:01,19.29399299621582,76.02409362792969,190.2750625610352,89.46969604492188,82.5999984741211,61.08940887451172,99.9963836669922,0.0,49.05943398958975,194049.0,16.727447509765625,14.143524169921877,16.754638671875,14.932296752929688,34.375
2023-03-19 08:45:02,19.3264102935791,75.96385192871094,190.7063751220703,89.46969604492188,82.20000457763672,61.08940887451172,99.9963836669922,0.0,50.76797674438114,194049.0,13.953125,17.352996826171875,16.482635498046875,13.6539306640625,34.375
2023-03-19 08:45:03,19.378149032592773,75.96385192871094,189.01366424560547,89.46969604492188,81.5999984741211,61.08940887451172,99.9963836669922,0.0,50.978530140217295,194049.0,18.38658142089844,13.3819580078125,14.007522583007812,14.415512084960938,34.375
2023-03-19 08:45:04,19.40348625183105,76.02409362792969,190.2262420654297,89.46969604492188,82.30000305175781,61.08940887451172,99.9963836669922,0.0,49.5291217991913,194049.0,14.551513671875,16.346649169921875,16.50982666015625,17.162628173828125,34.375
2023-03-19 08:45:05,19.378074645996094,76.02409362792969,189.5589141845703,89.54545593261719,82.4000015258789,61.08940887451172,99.9963836669922,0.0,48.2919499921848,194049.0,15.013900756835938,17.897003173828125,15.258682250976562,18.41377258300781,34.375
2023-03-19 08:45:06,19.33120918273925,76.08434295654297,190.3483047485352,89.54545593261719,83.20000457763672,61.08940887451172,99.9963836669922,0.0,49.09803375805777,194049.0,12.538787841796877,18.9305419921875,19.338531494140625,17.70660400390625,34.375
2023-03-19 08:45:07,19.320751190185547,75.96385192871094,188.720703125,89.54545593261719,81.30000305175781,61.08940887451172,99.9963836669922,0.0,49.15153641225876,194049.0,14.497116088867188,16.129058837890625,15.585067749023438,15.80267333984375,34.375
2023-03-19 08:45:08,19.317142486572266,75.96385192871094,190.67382049560547,89.54545593261719,82.0,61.08940887451172,99.9963836669922,0.0,48.7918721500322,194049.0,15.965866088867188,16.020263671875,16.618621826171875,18.87615966796875,34.375
2023-03-19 08:45:09,19.359766006469727,75.96385192871094,189.0950546264648,89.46969604492188,82.0,61.08940887451172,99.9963836669922,0.0,49.89285615412588,194049.0,14.497116088867188,18.549774169921875,16.23785400390625,13.762725830078123,34.375
2023-03-19 08:45:10,19.42025756835937,76.02409362792969,188.96484375,89.46969604492188,81.5999984741211,61.08940887451172,99.9963836669922,0.0,49.63185791757221,194049.0,16.591445922851562,14.959503173828123,20.943283081054688,17.380218505859375,34.375
2023-03-19 08:45:11,19.47624969482422,76.02409362792969,189.7461013793945,89.46969604492188,82.20000457763672,61.08940887451172,99.9963836669922,0.0,49.74046543567413,194049.0,16.482650756835938,18.9305419921875,15.449066162109377,15.041091918945312,34.375
2023-03-19 08:45:12,19.48379707336425,75.96385192871094,188.6474609375,89.46969604492188,80.5,61.08940887451172,99.9963836669922,0.0,51.61698241264104,194049.0,16.129058837890625,16.10186767578125,14.660308837890623,15.666671752929688,34.375
2023-03-19 08:45:13,19.4396915435791,75.96385192871094,189.697265625,89.54545593261719,82.0,61.08940887451172,99.9963836669922,0.0,49.64592248212004,194049.0,15.66668701171875,15.095489501953123,17.652191162109375,12.756378173828123,34.375
2023-03-19 08:45:14,19.38771247863769,75.96385192871094,188.4521484375,89.54545593261719,81.5,61.08940887451172,99.9963836669922,0.0,49.25604852851696,194049.0,14.6875,12.973968505859377,15.177093505859377,16.5914306640625,34.375
2023-03-19 08:45:15,19.393918991088867,75.96385192871094,190.9016876220703,89.54545593261719,82.5,61.08578872680664,99.9963836669922,0.0,49.03125551054834,194049.0,16.809036254882812,18.495361328125,17.70660400390625,18.304977416992188,34.375
2023-03-19 08:45:16,19.39964485168457,75.96385192871094,189.1845703125,89.46969604492188,82.80000305175781,61.08940887451172,99.9963836669922,0.0,47.37598659168355,194049.0,15.394683837890623,21.05209350585937,14.551513671875,17.84259033203125,34.375
2023-03-19 08:45:17,19.427202224731445,76.02409362792969,190.0065078735352,89.46969604492188,82.5,61.08940887451172,99.9963836669922,0.0,49.017075044998016,194049.0,15.88427734375,17.298614501953125,15.068283081054688,19.202545166015625,34.375
2023-03-19 08:45:18,19.46184158325196,76.02409362792969,189.0543670654297,89.46969604492188,81.30000305175781,61.08940887451172,99.9963836669922,0.0,51.82512581331508,194049.0,16.727447509765625,22.03125,16.945022583007812,15.8570556640625,34.375
2023-03-19 08:45:19,19.50771141052246,76.02409362792969,189.6647186279297,89.46969604492188,81.80000305175781,61.08940887451172,99.9963836669922,0.0,47.665560809174416,194049.0,16.83624267578125,17.24420166015625,18.359375,19.039352416992188,34.375
2023-03-19 08:45:20,19.538434982299805,75.96385192871094,189.892578125,89.54545593261719,82.4000015258789,61.08578872680664,99.9963836669922,0.0,50.71919568260387,194049.0,11.505218505859377,20.372100830078125,17.298614501953125,18.14178466796875,34.375
2023-03-19 08:45:21,19.52450180053711,75.96385192871094,188.5416641235352,89.54545593261719,81.9000015258789,61.08940887451172,99.9963836669922,0.0,49.32654837188865,194049.0,17.217025756835938,14.061920166015623,14.46990966796875,15.1226806640625,34.375
2023-03-19 08:45:22,19.46583366394043,76.02409362792969,189.6321640014648,89.54545593261719,82.5,61.08940887451172,99.9963836669922,0.0,46.75097070726044,194049.0,15.421875,15.829864501953123,18.767364501953125,15.095489501953123,34.375
2023-03-19 08:45:23,19.403478622436523,76.02409362792969,188.8753204345703,89.54545593261719,80.69999694824219,61.08940887451172,99.9963836669922,0.0,51.98442761931546,194049.0,13.980331420898438,19.692138671875,15.1226806640625,14.361114501953123,34.375
2023-03-19 08:45:24,19.345977783203125,76.02409362792969,189.7623748779297,89.46969604492188,81.9000015258789,61.08940887451172,99.9963836669922,0.0,49.26205941438237,194049.0,15.449081420898438,16.80902099609375,17.026611328125,16.129058837890625,34.375
2023-03-19 08:45:25,19.30135726928711,76.02409362792969,188.9322891235352,89.46969604492188,81.69999694824219,61.08940887451172,99.9963836669922,0.0,47.53573200968035,194049.0,15.231491088867188,17.84259033203125,11.66839599609375,16.129058837890625,34.375
2023-03-19 08:45:26,19.31149101257324,75.96385192871094,191.6666641235352,89.46969604492188,82.5,61.08940887451172,99.9963836669922,0.0,47.39873407657232,194049.0,15.639480590820312,18.957763671875,15.884246826171877,13.898727416992188,34.375
2023-03-19 08:45:27,19.39798164367676,75.96385192871094,191.89453125,89.46969604492188,81.5999984741211,61.08940887451172,99.9963836669922,0.0,47.403968425572565,194049.0,12.86517333984375,18.495361328125,18.903350830078125,16.80902099609375,34.375
2023-03-19 08:45:28,19.475675582885746,75.96385192871094,191.0563125610352,89.46969604492188,81.80000305175781,61.08940887451172,99.9963836669922,0.0,47.45217960519105,194049.0,15.20428466796875,17.162628173828125,14.823486328125,19.09375,34.375
2023-03-19 08:45:29,19.464014053344727,76.02409362792969,192.36653900146484,89.54545593261719,81.9000015258789,61.08940887451172,99.9963836669922,0.0,50.36567827390953,194049.0,12.293991088867188,16.183441162109375,18.0601806640625,15.095489501953123,34.375
2023-03-19 08:45:30,19.380035400390625,75.96385192871094,193.48958587646484,89.54545593261719,81.69999694824219,61.08940887451172,99.9963836669922,0.0,46.93114021447299,194049.0,18.168991088867188,19.03936767578125,13.30035400390625,14.007522583007812,34.375
2023-03-19 08:45:31,19.32548141479492,75.96385192871094,193.4488906860352,89.54545593261719,82.20000457763672,61.08940887451172,99.9963836669922,0.0,50.39766206828622,194049.0,15.557891845703123,16.15625,18.84896850585937,16.945022583007812,34.375
2023-03-19 08:45:32,19.275070190429688,75.96385192871094,193.408203125,89.46969604492188,81.80000305175781,61.08940887451172,99.9963836669922,0.0,49.88895333004542,194049.0,15.911468505859377,18.0601806640625,13.43634033203125,15.476272583007812,34.375
2023-03-19 08:45:33,19.251474380493164,75.96385192871094,195.1171875,89.46969604492188,81.69999694824219,61.08940887451172,99.9963836669922,0.0,52.72895550590554,194049.0,15.530670166015623,18.0601806640625,19.88252258300781,13.43634033203125,34.375
2023-03-19 08:45:34,19.26871109008789,76.02409362792969,195.22298431396484,89.46969604492188,81.9000015258789,61.08940887451172,99.9963836669922,0.0,46.051639647551454,194049.0,14.442718505859377,16.564239501953125,16.482635498046875,14.578704833984377,34.375
2023-03-19 08:45:35,19.32375907897949,75.96385192871094,195.1090469360352,89.46969604492188,82.20000457763672,61.08940887451172,99.9963836669922,0.0,49.32418786887852,194049.0,13.871536254882812,14.2523193359375,14.633102416992188,17.461807250976562,34.375
2023-03-19 08:45:36,19.391260147094727,75.96385192871094,191.3736953735352,89.46969604492188,82.0999984741211,61.08940887451172,99.9963836669922,0.0,49.09418453849638,194049.0,12.86517333984375,18.11459350585937,15.50347900390625,16.917816162109375,34.375
2023-03-19 08:45:37,19.40006446838379,76.02409362792969,194.2708358764648,89.54545593261719,82.9000015258789,61.08940887451172,99.9963836669922,0.0,49.117659620216685,194049.0,17.733795166015625,17.135406494140625,14.6875,12.6475830078125,34.375
2023-03-19 08:45:38,19.370365142822266,76.02409362792969,193.3268203735352,89.54545593261719,81.5,61.08940887451172,99.9963836669922,0.0,51.08157882557985,194049.0,11.858795166015623,13.545135498046877,18.27777099609375,12.076385498046877,34.375
2023-03-19 08:45:39,19.35571479797364,76.02409362792969,193.0989532470703,89.54545593261719,81.0999984741211,61.08940887451172,99.9963836669922,0.0,52.166433401599846,194049.0,17.1898193359375,20.236114501953125,15.50347900390625,15.612274169921877,34.375
2023-03-19 08:45:40,19.369361877441406,76.02409362792969,193.70931243896484,89.46969604492188,82.0,61.08940887451172,99.9963836669922,0.0,51.96259474527342,194049.0,14.76910400390625,15.93865966796875,18.223388671875,13.00115966796875,34.375
2023-03-19 08:45:41,19.386110305786133,75.96385192871094,194.3522109985352,89.46969604492188,82.5,61.08940887451172,99.9963836669922,0.0,49.83193014889454,194049.0,20.399322509765625,16.754638671875,15.313079833984377,14.6875,34.375
2023-03-19 08:45:42,19.43409538269043,75.96385192871094,193.75814056396484,89.46969604492188,83.30000305175781,61.08940887451172,99.9963836669922,0.0,48.44831708273862,194049.0,14.1163330078125,15.1226806640625,19.44732666015625,15.1226806640625,34.375
2023-03-19 08:45:43,19.485984802246094,76.02409362792969,192.6676406860352,89.46969604492188,82.9000015258789,61.08940887451172,99.9963836669922,0.0,48.49188862312539,194049.0,15.66668701171875,11.940399169921877,13.082763671875,18.38656616210937,34.375
2023-03-19 08:45:44,19.592845916748047,76.02409362792969,192.87108612060547,89.46969604492188,81.0999984741211,61.08578872680664,99.9963836669922,0.0,47.7852647130232,194049.0,16.917831420898438,19.556137084960938,15.34027099609375,18.604171752929688,34.375
2023-03-19 08:45:45,19.64973258972168,76.02409362792969,193.70931243896484,89.54545593261719,81.69999694824219,61.08940887451172,99.9963836669922,0.0,48.17966041743451,194049.0,14.2523193359375,14.442718505859377,17.135406494140625,14.9866943359375,34.375
2023-03-19 08:45:46,19.652496337890625,75.96385192871094,194.1568984985352,89.54545593261719,82.5,61.08940887451172,99.9963836669922,0.0,48.35292949005626,194049.0,15.66668701171875,18.413787841796875,17.760986328125,13.925933837890623,34.375
2023-03-19 08:45:47,19.6264591217041,75.96385192871094,193.5384140014648,89.46969604492188,82.0,61.08940887451172,99.9963836669922,0.0,49.86670378390807,194049.0,10.553253173828123,14.3883056640625,14.551513671875,15.748260498046877,34.375
2023-03-19 08:45:48,19.590818405151367,76.02409362792969,192.7001953125,89.46969604492188,81.5,61.08940887451172,99.9963836669922,0.0,51.375144907168384,194049.0,12.837982177734377,19.828125,15.666656494140623,17.461807250976562,34.375
2023-03-19 08:45:49,19.557205200195312,76.02409362792969,193.02571868896484,89.46969604492188,81.9000015258789,61.08578872680664,99.9963836669922,0.0,47.99576519796739,194049.0,15.285888671875,14.089111328125,16.836227416992188,15.993057250976562,34.375
2023-03-19 08:45:50,19.55982780456543,76.02409362792969,192.7490234375,89.54545593261719,82.70000457763672,61.08940887451172,99.9963836669922,0.0,49.36409772692944,194049.0,17.325820922851562,16.890625,15.7210693359375,16.80902099609375,34.375
2023-03-19 08:45:51,19.57164192199707,76.02409362792969,193.6197891235352,89.54545593261719,82.20000457763672,61.08940887451172,99.9963836669922,0.0,47.8340759544446,194049.0,10.96124267578125,12.26678466796875,18.25057983398437,16.754638671875,34.375
2023-03-19 08:45:52,19.595298767089844,76.02409362792969,192.7083282470703,89.46969604492188,81.5,61.08940887451172,99.9963836669922,0.0,51.22384066703136,194049.0,16.183456420898438,17.27142333984375,15.394683837890623,14.8507080078125,34.375
2023-03-19 08:45:53,19.61374282836914,75.96385192871094,193.1803436279297,89.46969604492188,81.9000015258789,61.08940887451172,99.9963836669922,0.0,48.202397199329006,194049.0,16.809036254882812,15.394683837890623,18.7945556640625,19.12094116210937,34.375
2023-03-19 08:45:54,19.569095611572266,76.02409362792969,191.85384368896484,89.46969604492188,82.0,61.08940887451172,99.9963836669922,0.0,50.14205959506979,194049.0,11.886016845703123,16.97222900390625,18.168975830078125,12.6475830078125,34.375
2023-03-19 08:45:55,19.504514694213867,75.96385192871094,192.72460174560547,89.46969604492188,82.0,61.08940887451172,99.9963836669922,0.0,49.13110915596085,194049.0,16.564239501953125,17.352996826171875,13.708343505859377,17.978591918945312,34.375
2023-03-19 08:45:56,19.42302322387696,76.02409362792969,192.7164688110352,89.46969604492188,81.5,61.08578872680664,99.9963836669922,0.0,50.81499830407909,194049.0,14.007537841796877,14.63311767578125,17.40740966796875,14.33392333984375,34.375
2023-03-19 08:45:57,19.34024429321289,76.02409362792969,190.9098281860352,89.46969604492188,82.20000457763672,61.08940887451172,99.9963836669922,0.0,49.40286461605281,194049.0,14.6875,13.082763671875,17.951385498046875,16.80902099609375,34.375
2023-03-19 08:45:58,19.27727508544922,76.02409362792969,192.22005462646484,89.46969604492188,82.30000305175781,61.08940887451172,99.9963836669922,0.0,46.59580884002959,194049.0,16.754638671875,15.9930419921875,17.434600830078125,16.047454833984375,34.375
2023-03-19 08:45:59,19.24582290649414,76.02409362792969,193.2942733764648,89.46969604492188,82.4000015258789,61.08940887451172,99.9963836669922,0.0,48.20115617350987,194049.0,12.348388671875,16.754638671875,18.41377258300781,15.557861328125,34.375
2023-03-19 08:46:00,19.23761558532715,75.96385192871094,191.7480545043945,89.46969604492188,82.0,61.08940887451172,99.9963836669922,0.0,45.49101357905091,194049.0,15.449081420898438,16.346649169921875,15.231475830078123,15.421875,34.375
2023-03-19 08:46:01,19.243518829345703,76.02409362792969,193.408203125,89.46969604492188,82.5999984741211,61.08940887451172,99.9963836669922,0.0,48.37507723646778,194049.0,12.7835693359375,18.087371826171875,17.54339599609375,16.292236328125,34.375
2023-03-19 08:46:02,19.23552322387696,76.02409362792969,194.7102813720703,89.46969604492188,83.4000015258789,61.08940887451172,99.9963836669922,0.0,44.92916209632685,194049.0,18.767364501953125,17.217010498046875,16.129058837890625,17.951385498046875,34.375
2023-03-19 08:46:03,19.192758560180664,75.96385192871094,192.4479141235352,89.46969604492188,81.80000305175781,61.08578872680664,99.9963836669922,0.0,51.142578016887,194049.0,10.090866088867188,19.5289306640625,19.85531616210937,15.965850830078123,34.375
2023-03-19 08:46:04,19.154895782470703,75.96385192871094,193.44075775146484,89.46969604492188,82.0,61.08578872680664,99.9963836669922,0.0,50.86393385750938,194049.0,15.449081420898438,20.236114501953125,13.245941162109377,18.495361328125,34.375
2023-03-19 08:46:05,19.13899612426757,75.96385192871094,192.8466873168945,89.46969604492188,80.69999694824219,61.08940887451172,99.9963836669922,0.0,52.69385159730392,194049.0,13.545150756835938,17.0538330078125,17.896987915039062,15.666671752929688,34.375
2023-03-19 08:46:06,19.134536743164062,76.02409362792969,192.5537109375,89.46969604492188,82.0,61.08578872680664,99.9963836669922,0.0,49.42035941358898,194049.0,15.449081420898438,16.645843505859375,12.756362915039062,15.149887084960938,34.375
2023-03-19 08:46:07,19.177642822265625,76.02409362792969,193.7906951904297,89.54545593261719,82.20000457763672,61.08578872680664,99.9963836669922,0.0,49.616649599865056,194049.0,14.007537841796877,18.25057983398437,18.38656616210937,15.884262084960938,34.375
2023-03-19 08:46:08,19.248106002807617,76.02409362792969,192.2526016235352,89.54545593261719,81.9000015258789,61.08940887451172,99.9963836669922,0.0,49.33002360093111,194049.0,15.476287841796877,17.652191162109375,15.829864501953123,15.829864501953123,34.375
2023-03-19 08:46:09,19.347496032714844,75.96385192871094,193.0419921875,89.46969604492188,82.0,61.08940887451172,99.9963836669922,0.0,48.31402748120501,194049.0,17.081024169921875,15.8570556640625,14.90509033203125,16.37384033203125,34.375
2023-03-19 08:46:10,19.415700912475582,76.02409362792969,192.22005462646484,89.46969604492188,82.4000015258789,61.08578872680664,99.9963836669922,0.0,47.38071131564583,194049.0,15.258697509765623,15.50347900390625,16.37384033203125,18.032989501953125,34.375
2023-03-19 08:46:11,19.43448638916016,76.02409362792969,193.8639373779297,89.46969604492188,82.5,61.08940887451172,99.9963836669922,0.0,48.86105969535789,194049.0,16.23785400390625,17.679412841796875,14.60589599609375,18.304977416992188,34.375
2023-03-19 08:46:12,19.45232582092285,76.02409362792969,192.3665390014648,89.46969604492188,82.4000015258789,61.08940887451172,99.9963836669922,0.0,48.20251267303687,194049.0,14.9866943359375,18.359375,18.740158081054688,15.34027099609375,34.375
2023-03-19 08:46:13,19.46974372863769,76.02409362792969,193.4082107543945,89.46969604492188,81.19999694824219,61.08940887451172,99.9963836669922,0.0,51.26154404402224,194049.0,15.66668701171875,19.01214599609375,14.279510498046877,15.8570556640625,34.375
2023-03-19 08:46:14,19.490482330322266,75.96385192871094,192.4479141235352,89.54545593261719,81.9000015258789,61.08940887451172,99.9963836669922,0.0,49.82514224515116,194049.0,11.47802734375,15.1226806640625,16.401031494140625,15.93865966796875,34.375
2023-03-19 08:46:15,19.532188415527344,76.02409362792969,191.3899765014648,89.54545593261719,81.0999984741211,61.08940887451172,99.9963836669922,0.0,51.99353693162399,194049.0,15.013900756835938,18.27777099609375,14.225112915039062,16.863433837890625,34.375
2023-03-19 08:46:16,19.5683822631836,76.02409362792969,192.333984375,89.54545593261719,81.30000305175781,61.08940887451172,99.9963836669922,0.0,51.01930987064824,194049.0,11.559616088867188,16.564239501953125,19.229736328125,15.993057250976562,34.375
2023-03-19 08:46:17,19.607589721679688,76.02409362792969,191.90267181396484,89.54545593261719,82.80000305175781,61.08940887451172,99.9963836669922,0.0,48.55518031864517,194049.0,14.1163330078125,16.428253173828125,14.9866943359375,13.354736328125,34.375
2023-03-19 08:46:18,19.61678695678711,76.02409362792969,190.7796173095703,89.54545593261719,82.30000305175781,61.08940887451172,99.9963836669922,0.0,48.31084169855339,194049.0,15.122695922851562,19.202545166015625,21.18807983398437,17.081024169921875,34.375
2023-03-19 08:46:19,19.575353622436523,75.96385192871094,193.21288299560547,89.46969604492188,81.0,61.08940887451172,99.9963836669922,0.0,52.814178588720026,194049.0,17.13543701171875,17.733795166015625,13.463531494140623,19.74652099609375,34.375
2023-03-19 08:46:20,19.50048446655273,75.96385192871094,193.9208984375,89.46969604492188,81.9000015258789,61.08940887451172,99.9963836669922,0.0,50.994976853187694,194049.0,13.762741088867188,18.27777099609375,17.380218505859375,13.59954833984375,34.375
2023-03-19 08:46:21,19.433813095092773,76.02409362792969,191.2027969360352,89.46969604492188,82.20000457763672,61.08940887451172,99.9963836669922,0.0,47.6370905047299,194049.0,16.047454833984375,13.191558837890623,15.965850830078123,15.313079833984377,34.375
2023-03-19 08:46:22,19.372753143310547,75.96385192871094,192.138671875,89.46969604492188,82.5,61.08940887451172,99.9963836669922,0.0,49.522567609690434,194049.0,13.653945922851562,15.1226806640625,19.31134033203125,17.3258056640625,34.375
2023-03-19 08:46:23,19.33420181274414,76.02409362792969,193.1721954345703,89.46969604492188,81.4000015258789,61.08940887451172,99.9963836669922,0.0,50.07415783653244,194049.0,12.892364501953123,18.223388671875,18.087371826171875,17.7882080078125,34.375
2023-03-19 08:46:24,19.335161209106445,76.02409362792969,191.7317657470703,89.46969604492188,81.5,61.08940887451172,99.9963836669922,0.0,51.17564556578927,194049.0,15.911468505859377,15.829864501953123,18.19618225097656,18.087387084960938,34.375
2023-03-19 08:46:25,19.367719650268555,76.02409362792969,192.58626556396484,89.46969604492188,81.9000015258789,61.08940887451172,99.9963836669922,0.0,49.06988069936735,194049.0,14.2523193359375,18.604156494140625,16.346649169921875,12.429977416992188,34.375
2023-03-19 08:46:26,19.39384651184082,76.02409362792969,191.162109375,89.54545593261719,81.0999984741211,61.08940887451172,99.9963836669922,0.0,51.3535668557344,194049.0,12.56597900390625,15.313079833984377,15.449066162109377,16.101852416992188,34.375
2023-03-19 08:46:27,19.357328414916992,75.96385192871094,192.9931640625,89.54545593261719,82.9000015258789,61.08940887451172,99.9963836669922,0.0,48.13107027766296,194049.0,14.279525756835938,19.17535400390625,16.863433837890625,16.700225830078125,34.375
2023-03-19 08:46:28,19.28294944763184,75.96385192871094,191.4550857543945,89.46969604492188,82.80000305175781,61.08940887451172,99.9963836669922,0.0,49.038606131326375,194049.0,16.781829833984375,21.405670166015625,16.428237915039062,15.557861328125,34.375
2023-03-19 08:46:29,19.22138977050781,76.02409362792969,192.2688827514648,89.46969604492188,82.30000305175781,61.08940887451172,99.9963836669922,0.0,49.017559734792535,194049.0,18.576980590820312,16.047454833984375,14.551513671875,17.84259033203125,34.375
2023-03-19 08:46:30,19.170372009277344,75.96385192871094,192.138671875,89.46969604492188,81.9000015258789,61.08940887451172,99.9963836669922,0.0,51.84119347363134,194049.0,11.614013671875,21.13368225097656,16.836227416992188,16.97222900390625,34.375
2023-03-19 08:46:31,19.174360275268555,76.02409362792969,192.28515625,89.46969604492188,82.30000305175781,61.08940887451172,99.9963836669922,0.0,49.75872493145501,194049.0,16.292266845703125,13.354736328125,16.15625,17.40740966796875,34.375
2023-03-19 08:46:32,19.20612907409668,76.02409362792969,191.1539688110352,89.46969604492188,82.0999984741211,61.08940887451172,99.9963836669922,0.0,51.518657599456105,194049.0,12.892364501953123,20.508102416992188,18.685760498046875,17.516204833984375,34.375
2023-03-19 08:46:33,19.279560089111328,76.02409362792969,191.7724609375,89.46969604492188,82.0,61.08940887451172,99.9963836669922,0.0,49.47487772607197,194049.0,17.70660400390625,16.80902099609375,16.754638671875,13.681137084960938,34.375
2023-03-19 08:46:34,19.343509674072266,76.02409362792969,190.6412734985352,89.46969604492188,81.5999984741211,61.08940887451172,99.9963836669922,0.0,50.23550012473414,194049.0,17.70660400390625,17.380218505859375,20.8616943359375,16.754638671875,34.375
2023-03-19 08:46:35,19.378263473510746,75.96385192871094,191.796875,89.46969604492188,81.9000015258789,61.08940887451172,99.9963836669922,0.0,51.09501947431792,194049.0,14.796295166015623,17.162628173828125,15.013885498046877,17.733795166015625,34.375
2023-03-19 08:46:36,19.373943328857425,76.02409362792969,191.48763275146484,89.46969604492188,83.0999984741211,61.08940887451172,99.9963836669922,0.0,48.5876945823225,194049.0,14.8507080078125,16.67303466796875,20.45370483398437,15.693878173828123,34.375
2023-03-19 08:46:37,19.40408515930176,76.08434295654297,191.9677734375,89.46969604492188,82.80000305175781,61.08940887451172,99.9963836669922,0.0,47.87879218297176,194049.0,13.789947509765623,17.869781494140625,17.896987915039062,17.026611328125,34.375
2023-03-19 08:46:38,19.417654037475582,76.08434295654297,192.1793594360352,89.54545593261719,82.20000457763672,61.08940887451172,99.9963836669922,0.0,47.98924526172389,194049.0,14.2523193359375,17.4617919921875,14.3883056640625,18.74017333984375,34.375
2023-03-19 08:46:39,19.41048240661621,75.96385192871094,191.82942962646484,89.54545593261719,82.0,61.08940887451172,99.9963836669922,0.0,47.05381419466441,194049.0,12.72918701171875,17.380218505859375,18.005783081054688,16.97222900390625,34.375
2023-03-19 08:46:40,19.443323135375977,75.90361022949219,191.30859375,89.46969604492188,81.5,61.08940887451172,99.9963836669922,0.0,48.767711104904784,194049.0,16.482650756835938,19.3929443359375,13.30035400390625,16.863433837890625,34.375
2023-03-19 08:46:41,19.47776985168457,75.96385192871094,191.0725936889648,89.46969604492188,81.30000305175781,61.08940887451172,99.9963836669922,0.0,49.1200740974236,194049.0,16.428253173828125,18.957763671875,14.796295166015623,15.149887084960938,34.375
2023-03-19 08:46:42,19.529449462890625,76.02409362792969,190.9749374389648,89.46969604492188,81.4000015258789,61.08940887451172,99.9963836669922,0.0,47.89356186742215,194049.0,16.373855590820312,18.44097900390625,15.93865966796875,14.6875,34.375
2023-03-19 08:46:43,19.54473876953125,76.02409362792969,192.3746719360352,89.46969604492188,82.20000457763672,61.08578872680664,99.9963836669922,0.0,49.63619500282617,194049.0,11.967605590820312,15.63946533203125,16.5914306640625,16.346649169921875,34.375
2023-03-19 08:46:44,19.513538360595703,76.02409362792969,191.3736953735352,89.46969604492188,82.4000015258789,61.08578872680664,99.9963836669922,0.0,46.25465104390563,194049.0,12.157989501953123,19.5289306640625,14.089111328125,17.40740966796875,34.375
2023-03-19 08:46:45,19.470199584960938,75.96385192871094,191.2516250610352,89.46969604492188,82.30000305175781,61.08940887451172,99.9963836669922,0.0,48.59751976686502,194049.0,17.86981201171875,17.4617919921875,20.834487915039062,14.714691162109377,34.375
2023-03-19 08:46:46,19.442920684814453,75.96385192871094,190.8284454345703,89.54545593261719,82.0999984741211,61.08940887451172,99.9963836669922,0.0,51.13709343721459,194049.0,14.388320922851562,19.800933837890625,16.37384033203125,14.17071533203125,34.375
2023-03-19 08:46:47,19.40437126159668,75.96385192871094,192.4479141235352,89.54545593261719,81.5999984741211,61.08940887451172,99.9963836669922,0.0,50.00522839826966,194049.0,16.700241088867188,14.90509033203125,18.957763671875,18.957763671875,34.375
2023-03-19 08:46:48,19.38489532470703,76.08434295654297,192.09798431396484,89.46969604492188,82.9000015258789,61.08940887451172,99.9963836669922,0.0,46.34674781772949,194049.0,15.14990234375,17.869781494140625,12.756362915039062,15.7210693359375,34.375
2023-03-19 08:46:49,19.40587043762207,76.08434295654297,192.28515625,89.46969604492188,81.9000015258789,61.08940887451172,99.9963836669922,0.0,49.43067946431511,194049.0,16.15625,16.23785400390625,15.04107666015625,17.679397583007812,34.375
2023-03-19 08:46:50,19.450794219970703,76.02409362792969,191.3330154418945,89.46969604492188,81.80000305175781,61.08940887451172,99.9963836669922,0.0,49.95243943361217,194049.0,14.19793701171875,15.884246826171877,19.338531494140625,16.836227416992188,34.375
2023-03-19 08:46:51,19.4700984954834,75.96385192871094,190.5598907470703,89.46969604492188,80.5999984741211,61.08940887451172,99.9963836669922,0.0,51.10839778725167,194049.0,14.089141845703123,17.026611328125,16.319442749023438,17.10821533203125,34.375
2023-03-19 08:46:52,19.432212829589844,75.96385192871094,191.31673431396484,89.46969604492188,82.70000457763672,61.08940887451172,99.9963836669922,0.0,46.30184099529686,194049.0,12.402786254882812,14.660308837890623,20.018524169921875,14.089111328125,34.375
2023-03-19 08:46:53,19.377809524536133,75.96385192871094,190.89354705810547,89.54545593261719,82.30000305175781,61.08940887451172,99.9963836669922,0.0,49.78121990209608,194049.0,18.06019592285156,18.84896850585937,16.319442749023438,15.258682250976562,34.375
2023-03-19 08:46:54,19.353403091430664,76.02409362792969,193.2779922485352,89.54545593261719,82.5999984741211,61.08940887451172,99.9963836669922,0.0,51.31918897831101,194049.0,11.342025756835938,18.38656616210937,17.70660400390625,17.298614501953125,34.375
2023-03-19 08:46:55,19.323823928833008,76.02409362792969,190.7633438110352,89.54545593261719,81.9000015258789,61.08940887451172,99.9963836669922,0.0,51.494279333179946,194049.0,17.978607177734375,18.468170166015625,13.6539306640625,19.14814758300781,34.375
2023-03-19 08:46:56,19.337345123291016,75.96385192871094,190.7307968139648,89.54545593261719,82.4000015258789,61.08940887451172,99.9963836669922,0.0,46.51421416409672,194049.0,15.5850830078125,15.7210693359375,15.829864501953123,17.7882080078125,34.375
2023-03-19 08:46:57,19.36562728881836,75.90361022949219,190.8121719360352,89.46969604492188,81.19999694824219,61.08940887451172,99.9963836669922,0.0,50.63377689284308,194049.0,14.497116088867188,19.03936767578125,12.647567749023438,16.67303466796875,34.375
2023-03-19 08:46:58,19.427539825439453,75.96385192871094,190.9261016845703,89.46969604492188,82.0999984741211,61.08940887451172,99.9963836669922,0.0,48.50024858560485,194049.0,14.497116088867188,14.796295166015623,15.666656494140623,17.869796752929688,34.375
2023-03-19 08:46:59,19.4637393951416,76.08434295654297,190.1041641235352,89.46969604492188,81.5,61.08940887451172,99.9963836669922,0.0,50.00597093175091,194049.0,16.564239501953125,15.5850830078125,16.754638671875,16.23785400390625,34.375
2023-03-19 08:47:00,19.444610595703125,76.08434295654297,190.7633514404297,89.46969604492188,82.0999984741211,61.08940887451172,99.9963836669922,0.0,46.765789278534,194049.0,16.97222900390625,17.97857666015625,15.177093505859377,15.258682250976562,34.375
2023-03-19 08:47:01,19.397424697875977,76.02409362792969,191.0807266235352,89.46969604492188,82.20000457763672,61.08940887451172,99.9963836669922,0.0,48.64332987834515,194049.0,17.434616088867188,15.93865966796875,17.352996826171875,16.292236328125,34.375
2023-03-19 08:47:02,19.37165641784668,75.96385192871094,191.5608673095703,89.54545593261719,82.5,61.08578872680664,99.9963836669922,0.0,48.519832711176,194049.0,15.993072509765623,18.631378173828125,12.293975830078123,15.421875,34.375
2023-03-19 08:47:03,19.346887588500977,76.02409362792969,192.0979843139648,89.54545593261719,82.70000457763672,61.08940887451172,99.9963836669922,0.0,46.29336428697408,194049.0,13.871536254882812,16.265045166015625,16.4554443359375,18.223388671875,34.375
2023-03-19 08:47:04,19.356164932250977,76.02409362792969,191.015625,89.46969604492188,81.69999694824219,61.08578872680664,99.9963836669922,0.0,49.47848294353533,194049.0,13.21875,21.840850830078125,13.57232666015625,14.197921752929688,34.375
2023-03-19 08:47:05,19.387285232543945,76.02409362792969,190.68196868896484,89.46969604492188,82.70000457763672,61.08940887451172,99.9963836669922,0.0,48.45443331761526,194049.0,17.298614501953125,17.4617919921875,17.896987915039062,19.066558837890625,34.375
2023-03-19 08:47:06,19.441707611083984,76.02409362792969,190.771484375,89.46969604492188,81.9000015258789,61.08940887451172,99.9963836669922,0.0,51.091495051434045,194049.0,12.42999267578125,13.89874267578125,18.44097900390625,12.810760498046877,34.375
2023-03-19 08:47:07,19.497697830200195,76.02409362792969,191.1539688110352,89.54545593261719,81.80000305175781,61.08940887451172,99.9963836669922,0.0,50.03953813626514,194049.0,16.83624267578125,15.285888671875,17.081024169921875,17.434600830078125,34.375
2023-03-19 08:47:08,19.508081436157227,76.02409362792969,191.5771484375,89.46969604492188,81.0,61.08940887451172,99.9963836669922,0.0,50.59969506796783,194049.0,14.361114501953123,15.476287841796877,17.679397583007812,16.754638671875,34.375
2023-03-19 08:47:09,19.484045028686523,75.96385192871094,191.2923126220703,89.54545593261719,82.20000457763672,61.08940887451172,99.9963836669922,0.0,47.27555651838609,194049.0,18.27778625488281,16.265045166015625,18.087371826171875,17.733795166015625,34.375
2023-03-19 08:47:10,19.46211624145508,76.02409362792969,192.16307830810547,89.46969604492188,81.5999984741211,61.08940887451172,99.9963836669922,0.0,49.80516151212582,194049.0,15.530670166015623,13.817138671875,16.97222900390625,16.80902099609375,34.375
2023-03-19 08:47:11,19.43280982971192,76.08434295654297,192.1875,89.46969604492188,82.20000457763672,61.08940887451172,99.9963836669922,0.0,49.70904006511724,194049.0,13.59954833984375,16.3194580078125,16.183441162109375,19.066558837890625,34.375
2023-03-19 08:47:12,19.40582847595215,76.02409362792969,190.673828125,89.46969604492188,82.30000305175781,61.08940887451172,99.9963836669922,0.0,49.14848691937081,194049.0,17.108230590820312,19.66493225097656,16.836227416992188,14.8507080078125,34.375
2023-03-19 08:47:13,19.401235580444336,75.96385192871094,190.82845306396484,89.46969604492188,81.5999984741211,61.08578872680664,99.9963836669922,0.0,49.88896978765385,194049.0,13.653945922851562,20.181716918945312,16.537033081054688,15.8570556640625,34.375
2023-03-19 08:47:14,19.41217613220215,75.96385192871094,191.89453125,89.46969604492188,82.5,61.08940887451172,99.9963836669922,0.0,48.58203583153583,194049.0,17.86981201171875,17.10821533203125,17.081024169921875,19.936920166015625,34.375
2023-03-19 08:47:15,19.44489288330078,76.02409362792969,191.6666641235352,89.46969604492188,82.30000305175781,61.08940887451172,99.9963836669922,0.0,49.20145999048136,194049.0,10.498855590820312,16.754638671875,19.936920166015625,14.796295166015623,34.375
2023-03-19 08:47:16,19.4438591003418,76.02409362792969,190.9016876220703,89.54545593261719,81.80000305175781,61.08940887451172,99.9963836669922,0.0,49.87569713783802,194049.0,16.645843505859375,20.1273193359375,14.007522583007812,15.829864501953123,34.375
2023-03-19 08:47:17,19.39999389648437,75.96385192871094,190.7958984375,89.54545593261719,82.5999984741211,61.08940887451172,99.9963836669922,0.0,48.24342859199087,194049.0,15.530670166015623,15.748260498046877,19.800933837890625,16.3194580078125,34.375
2023-03-19 08:47:18,19.35212516784668,76.02409362792969,190.7145233154297,89.54545593261719,81.80000305175781,61.08940887451172,99.9963836669922,0.0,50.99090141844832,194049.0,17.27142333984375,20.154510498046875,16.4554443359375,21.13368225097656,34.375
2023-03-19 08:47:19,19.314077377319336,75.90361022949219,190.97493743896484,89.54545593261719,82.20000457763672,61.08940887451172,99.9963836669922,0.0,48.51717273484,194049.0,14.007537841796877,20.018524169921875,18.98495483398437,15.5850830078125,34.375
2023-03-19 08:47:20,19.28140640258789,75.96385192871094,192.1549453735352,89.46969604492188,82.4000015258789,61.08940887451172,99.9963836669922,0.0,48.144841581915536,194049.0,16.129058837890625,19.692138671875,15.911468505859377,15.884262084960938,34.375
2023-03-19 08:47:21,19.28541755676269,76.02409362792969,192.5537185668945,89.46969604492188,81.9000015258789,61.08940887451172,99.9963836669922,0.0,48.90110020528898,194049.0,16.210662841796875,17.40740966796875,18.604156494140625,14.2523193359375,34.375
2023-03-19 08:47:22,19.29939651489257,76.02409362792969,189.3798828125,89.46969604492188,81.69999694824219,61.08940887451172,99.9963836669922,0.0,51.55534458763515,194049.0,15.122695922851562,17.0538330078125,14.633102416992188,18.549774169921875,34.375
2023-03-19 08:47:23,19.33272933959961,76.02409362792969,191.259765625,89.46969604492188,81.0999984741211,61.08940887451172,99.9963836669922,0.0,52.019057277298415,194049.0,15.50347900390625,17.3258056640625,19.5289306640625,17.353012084960938,34.375
2023-03-19 08:47:24,19.34903717041016,75.96385192871094,190.2994766235352,89.46969604492188,82.0999984741211,61.08940887451172,99.9963836669922,0.0,48.75032668051197,194049.0,15.476287841796877,17.10821533203125,16.265045166015625,16.183441162109375,34.375
2023-03-19 08:47:25,19.32724380493164,76.02409362792969,190.283203125,89.46969604492188,81.0999984741211,61.08940887451172,99.9963836669922,0.0,50.58410554303436,194049.0,13.762741088867188,16.700225830078125,15.04107666015625,15.530670166015623,34.375
2023-03-19 08:47:26,19.293481826782227,76.02409362792969,189.70540618896484,89.54545593261719,81.5,61.08940887451172,99.9963836669922,0.0,49.76658710764175,194049.0,13.5179443359375,17.298614501953125,18.359375,12.86517333984375,34.375
2023-03-19 08:47:27,19.28232765197754,76.02409362792969,190.55175018310547,89.54545593261719,81.80000305175781,61.08940887451172,99.9963836669922,0.0,49.89148704094261,194049.0,12.022003173828123,20.236114501953125,17.24420166015625,16.781829833984375,34.375
2023-03-19 08:47:28,19.26555252075196,75.96385192871094,190.0065155029297,89.54545593261719,82.5,61.08940887451172,99.9963836669922,0.0,48.85825741943773,194049.0,17.35302734375,19.74652099609375,15.993057250976562,15.557861328125,34.375
2023-03-19 08:47:29,19.28937721252441,75.96385192871094,190.8040313720703,89.46969604492188,82.20000457763672,61.08940887451172,99.9963836669922,0.0,50.412105419962,194049.0,13.191558837890623,16.047454833984375,14.089111328125,17.298614501953125,34.375
2023-03-19 08:47:30,19.32859992980957,76.02409362792969,190.0146484375,89.46969604492188,82.0,61.08940887451172,99.9963836669922,0.0,50.33058887462523,194049.0,13.409149169921877,17.951385498046875,19.14814758300781,13.789932250976562,34.375
2023-03-19 08:47:31,19.40635681152344,75.96385192871094,190.3157501220703,89.46969604492188,82.0,61.08940887451172,99.9963836669922,0.0,49.058068292165125,194049.0,13.653945922851562,14.9866943359375,14.633102416992188,16.700225830078125,34.375
2023-03-19 08:47:32,19.460309982299805,75.96385192871094,191.82942962646484,89.46969604492188,83.0,61.08940887451172,99.9963836669922,0.0,47.251912537402696,194049.0,16.645843505859375,19.85531616210937,19.039352416992188,18.359375,34.375
2023-03-19 08:47:33,19.47489547729492,76.02409362792969,190.5924530029297,89.54545593261719,82.0,61.08940887451172,99.9963836669922,0.0,48.74820345892554,194049.0,15.013900756835938,17.652191162109375,17.434600830078125,14.9866943359375,34.375
2023-03-19 08:47:34,19.469263076782227,76.02409362792969,191.1376953125,89.46969604492188,81.80000305175781,61.08940887451172,99.9963836669922,0.0,50.41932251586358,194049.0,17.761016845703125,20.04571533203125,15.93865966796875,17.298614501953125,34.375
2023-03-19 08:47:35,19.47900390625,76.02409362792969,191.2679061889648,89.54545593261719,82.20000457763672,61.08578872680664,99.9963836669922,0.0,48.33218615656256,194049.0,10.335662841796877,18.549774169921875,18.332183837890625,17.869796752929688,34.375
2023-03-19 08:47:36,19.470996856689453,76.02409362792969,190.2099609375,89.54545593261719,82.80000305175781,61.08940887451172,99.9963836669922,0.0,45.755975220431,194049.0,16.047454833984375,19.3929443359375,17.869781494140625,17.597808837890625,34.375
2023-03-19 08:47:37,19.48639678955078,76.02409362792969,190.77962493896484,89.46969604492188,83.30000305175781,61.08940887451172,99.9963836669922,0.0,47.59880365887129,194049.0,16.509857177734375,17.652191162109375,19.58334350585937,17.869796752929688,34.375
2023-03-19 08:47:38,19.51253700256348,75.96385192871094,191.69921875,89.46969604492188,82.0999984741211,61.08940887451172,99.9963836669922,0.0,48.53754207278086,194049.0,15.285888671875,20.154510498046875,17.896987915039062,18.19618225097656,34.375
2023-03-19 08:47:39,19.540611267089844,75.96385192871094,190.5029296875,89.46969604492188,81.4000015258789,61.08940887451172,99.9963836669922,0.0,48.99278646523717,194049.0,16.809036254882812,19.447341918945312,16.999420166015625,14.932296752929688,34.375
2023-03-19 08:47:40,19.55168342590332,76.02409362792969,189.55078125,89.46969604492188,81.5999984741211,61.08578872680664,99.9963836669922,0.0,48.27122084093077,194050.0,14.8507080078125,17.026611328125,17.815399169921875,15.258682250976562,34.375
2023-03-19 08:47:41,19.510421752929688,76.02409362792969,189.5182266235352,89.54545593261719,82.0999984741211,61.08578872680664,99.9963836669922,0.0,47.560299459970985,194050.0,19.01216125488281,19.58334350585937,13.925933837890623,17.570602416992188,34.375
2023-03-19 08:47:42,19.44286346435547,76.02409362792969,191.9108047485352,89.54545593261719,81.80000305175781,61.08940887451172,99.9963836669922,0.0,49.507492500240346,194050.0,13.30035400390625,17.380218505859375,20.78009033203125,15.258682250976562,34.375
2023-03-19 08:47:43,19.40527534484864,75.96385192871094,191.4225234985352,89.46969604492188,81.5999984741211,61.08940887451172,99.9963836669922,0.0,49.731802672962985,194050.0,15.748275756835938,18.57696533203125,17.380218505859375,19.31134033203125,34.375
2023-03-19 08:47:44,19.361480712890625,75.96385192871094,189.0787811279297,89.46969604492188,82.0,61.08940887451172,99.9963836669922,0.0,48.90416365218296,194050.0,16.020263671875,16.781829833984375,17.625,17.461807250976562,34.375
2023-03-19 08:47:45,19.34397315979004,75.96385192871094,188.0777969360352,89.46969604492188,81.19999694824219,61.08940887451172,99.9963836669922,0.0,50.66228040292204,194050.0,17.27142333984375,15.612274169921877,18.685760498046875,11.342010498046877,34.375
2023-03-19 08:47:46,19.35284423828125,76.02409362792969,190.6901016235352,89.46969604492188,82.5,61.08940887451172,99.9963836669922,0.0,47.77378099404877,194050.0,17.298614501953125,16.645843505859375,18.57696533203125,14.306716918945312,34.375
2023-03-19 08:47:47,19.379308700561523,76.02409362792969,190.5680313110352,89.46969604492188,82.20000457763672,61.08578872680664,99.9963836669922,0.0,49.4575597329971,194050.0,15.829864501953123,17.0538330078125,16.292236328125,17.815399169921875,34.375
2023-03-19 08:47:48,19.410982131958008,76.02409362792969,189.7298126220703,89.54545593261719,82.30000305175781,61.08578872680664,99.9963836669922,0.0,47.874133642266905,194050.0,18.903366088867188,20.426513671875,18.19618225097656,17.298614501953125,34.375
2023-03-19 08:47:49,19.411396026611328,75.96385192871094,189.5914688110352,89.54545593261719,82.0999984741211,61.08578872680664,99.9963836669922,0.0,48.56296784899366,194050.0,11.505218505859377,14.17071533203125,14.6875,16.509841918945312,34.375
2023-03-19 08:47:50,19.36359024047852,75.96385192871094,188.9892578125,89.54545593261719,81.30000305175781,61.08940887451172,99.9963836669922,0.0,51.65161309514545,194050.0,14.660308837890623,20.426513671875,16.618621826171875,15.013885498046877,34.375
2023-03-19 08:47:51,19.32559585571289,76.02409362792969,189.4287109375,89.46969604492188,81.9000015258789,61.08940887451172,99.9963836669922,0.0,48.05054796708072,194050.0,12.86517333984375,16.401031494140625,20.100112915039062,16.23785400390625,34.375
2023-03-19 08:47:52,19.29716682434082,76.02409362792969,189.2252578735352,89.46969604492188,82.5,61.08940887451172,99.9963836669922,0.0,48.47612325969656,194050.0,17.761016845703125,16.183441162109375,14.6875,19.12094116210937,34.375
2023-03-19 08:47:53,19.2832088470459,76.02409362792969,190.3889923095703,89.46969604492188,82.0,61.08940887451172,99.9963836669922,0.0,48.15168455250296,194050.0,15.965866088867188,21.32406616210937,15.585067749023438,15.8570556640625,34.375
2023-03-19 08:47:54,19.320594787597656,75.96385192871094,190.0309219360352,89.46969604492188,81.69999694824219,61.08940887451172,99.9963836669922,0.0,47.3997640172975,194050.0,16.074661254882812,16.50982666015625,14.9866943359375,18.19618225097656,34.375
2023-03-19 08:47:55,19.357097625732425,76.02409362792969,190.8365859985352,89.46969604492188,82.0,61.08940887451172,99.9963836669922,0.0,50.27451354824571,194050.0,16.020263671875,19.12094116210937,15.557861328125,13.73553466796875,34.375
2023-03-19 08:47:56,19.40637588500977,76.02409362792969,188.4114608764648,89.46969604492188,81.5,61.08940887451172,99.9963836669922,0.0,50.84931205667485,194050.0,14.361114501953123,15.34027099609375,14.932281494140623,18.087387084960938,34.375
2023-03-19 08:47:57,19.427061080932617,76.02409362792969,189.9088592529297,89.46969604492188,82.0999984741211,61.08940887451172,99.9963836669922,0.0,46.57827463397273,194050.0,17.081024169921875,18.631378173828125,14.225112915039062,15.884262084960938,34.375
2023-03-19 08:47:58,19.40679931640625,75.96385192871094,190.7633438110352,89.46969604492188,82.0999984741211,61.08940887451172,99.9963836669922,0.0,51.13687871704391,194050.0,15.557891845703123,16.564239501953125,17.489013671875,18.27777099609375,34.375
2023-03-19 08:47:59,19.37697029113769,76.02409362792969,190.5924453735352,89.54545593261719,81.5,61.08940887451172,99.9963836669922,0.0,50.61292191552551,194050.0,11.287628173828123,19.148162841796875,16.07464599609375,13.59954833984375,34.375
2023-03-19 08:48:00,19.37360191345215,75.96385192871094,190.4541015625,89.54545593261719,81.5999984741211,61.08578872680664,99.9963836669922,0.0,53.23322842076775,194050.0,15.36749267578125,18.087371826171875,15.421875,16.781829833984375,34.375
2023-03-19 08:48:01,19.366090774536133,75.96385192871094,190.185546875,89.54545593261719,82.20000457763672,61.08940887451172,99.9963836669922,0.0,48.96465955424429,194050.0,16.809036254882812,15.177093505859377,18.304977416992188,13.191558837890623,34.375
2023-03-19 08:48:02,19.394025802612305,75.96385192871094,190.380859375,89.46969604492188,82.0,61.08940887451172,99.9963836669922,0.0,47.88495154678058,194050.0,15.748275756835938,16.3194580078125,19.420135498046875,15.421875,34.375
2023-03-19 08:48:03,19.46852684020996,75.96385192871094,189.7053985595703,89.46969604492188,81.9000015258789,61.08940887451172,99.9963836669922,0.0,49.71265553488914,194050.0,14.63311767578125,17.4617919921875,18.087371826171875,15.449066162109377,34.375
2023-03-19 08:48:04,19.49427795410156,76.02409362792969,189.7542343139648,89.46969604492188,82.30000305175781,61.08940887451172,99.9963836669922,0.0,47.46261066847635,194050.0,11.586822509765623,19.420135498046875,16.618621826171875,17.217010498046875,34.375
2023-03-19 08:48:05,19.48284721374512,75.96385192871094,189.35546875,89.46969604492188,83.0999984741211,61.08940887451172,99.9963836669922,0.0,47.232571676898885,194050.0,17.597808837890625,18.5225830078125,18.359375,16.129058837890625,34.375
2023-03-19 08:48:06,19.456336975097656,76.02409362792969,188.3626403808593,89.54545593261719,82.0999984741211,61.08940887451172,99.9963836669922,0.0,50.04003176637266,194050.0,14.2523193359375,21.07928466796875,14.007522583007812,16.999420166015625,34.375
2023-03-19 08:48:07,19.449337005615234,76.08434295654297,188.9729843139648,89.54545593261719,81.4000015258789,61.08940887451172,99.9963836669922,0.0,49.265748224928494,194050.0,11.26043701171875,17.217010498046875,15.693862915039062,16.129058837890625,34.375
2023-03-19 08:48:08,19.430652618408203,75.96385192871094,190.52733612060547,89.54545593261719,82.80000305175781,61.08940887451172,99.9963836669922,0.0,47.40612272703803,194050.0,15.612274169921877,19.99131774902344,15.63946533203125,17.597808837890625,34.375
2023-03-19 08:48:09,19.443641662597656,75.96385192871094,188.92415618896484,89.54545593261719,81.5,61.08940887451172,99.9963836669922,0.0,49.66109358893819,194050.0,11.967605590820312,18.98495483398437,16.700225830078125,18.14178466796875,34.375
2023-03-19 08:48:10,19.46489715576172,75.96385192871094,189.41243743896484,89.46969604492188,81.9000015258789,61.08578872680664,99.9963836669922,0.0,48.50405204713043,194050.0,14.143524169921877,18.957763671875,16.047454833984375,16.80902099609375,34.375
2023-03-19 08:48:11,19.49105834960937,75.96385192871094,190.00650024414065,89.46969604492188,82.80000305175781,61.08940887451172,99.9963836669922,0.0,45.40865793359148,194050.0,13.708343505859377,19.61053466796875,16.4554443359375,15.666671752929688,34.375
2023-03-19 08:48:12,19.5029411315918,75.96385192871094,189.8030624389648,89.46969604492188,83.4000015258789,61.08940887451172,99.9963836669922,0.0,47.00223712924533,194050.0,16.67303466796875,16.564239501953125,18.468170166015625,17.9241943359375,34.375
2023-03-19 08:48:13,19.47437286376953,76.02409362792969,190.2994766235352,89.46969604492188,81.80000305175781,61.08940887451172,99.9963836669922,0.0,50.78471682183859,194050.0,17.13543701171875,18.87615966796875,16.129058837890625,17.217010498046875,34.375
2023-03-19 08:48:14,19.4213809967041,76.08434295654297,188.6149063110352,89.54545593261719,81.80000305175781,61.08578872680664,99.9963836669922,0.0,49.76354388853626,194050.0,17.86981201171875,15.013885498046877,17.896987915039062,16.781829833984375,34.375
2023-03-19 08:48:15,19.376399993896484,76.02409362792969,190.1123046875,89.54545593261719,82.0999984741211,61.08940887451172,99.9963836669922,0.0,49.48286256643738,194050.0,18.5225830078125,22.004058837890625,18.468170166015625,15.63946533203125,34.375
2023-03-19 08:48:16,19.339014053344727,75.96385192871094,189.5426406860352,89.54545593261719,81.4000015258789,61.08940887451172,99.9963836669922,0.0,49.07254123175044,194050.0,18.223388671875,14.46990966796875,19.936920166015625,13.898727416992188,34.375
2023-03-19 08:48:17,19.32785987854004,75.96385192871094,190.1041641235352,89.46969604492188,81.9000015258789,61.08940887451172,99.9963836669922,0.0,49.97389751578079,194050.0,14.089141845703123,20.290512084960938,19.202545166015625,18.00579833984375,34.375
2023-03-19 08:48:18,19.33407974243164,76.02409362792969,190.1123046875,89.46969604492188,82.0999984741211,61.08940887451172,99.9963836669922,0.0,49.79097048662938,194050.0,15.7210693359375,19.90972900390625,14.823486328125,17.434600830078125,34.375
2023-03-19 08:48:19,19.350793838500977,76.02409362792969,190.3238983154297,89.46969604492188,81.19999694824219,61.08940887451172,99.9963836669922,0.0,52.33152370993365,194050.0,15.394683837890623,19.12094116210937,20.18170166015625,17.40740966796875,34.375
2023-03-19 08:48:20,19.374486923217773,76.02409362792969,189.2903594970703,89.46969604492188,81.80000305175781,61.08940887451172,99.9963836669922,0.0,50.266247619688926,194050.0,16.61865234375,17.760986328125,13.082763671875,18.84896850585937,34.375
2023-03-19 08:48:21,19.37407493591309,76.02409362792969,191.5852890014648,89.54545593261719,82.80000305175781,61.08940887451172,99.9963836669922,0.0,48.8491073920549,194050.0,15.748275756835938,18.223388671875,16.50982666015625,18.41377258300781,34.375
2023-03-19 08:48:22,19.33780097961425,75.96385192871094,189.8112030029297,89.54545593261719,82.80000305175781,61.08940887451172,99.9963836669922,0.0,50.97053531279589,194050.0,13.626739501953123,19.25694274902344,17.570602416992188,16.67303466796875,34.375
2023-03-19 08:48:23,19.322978973388672,76.02409362792969,190.2099609375,89.46969604492188,82.80000305175781,61.08940887451172,99.9963836669922,0.0,49.5191016390996,194050.0,17.298614501953125,16.645843505859375,17.24420166015625,17.516204833984375,34.375
2023-03-19 08:48:24,19.312952041625977,76.02409362792969,188.1673126220703,89.46969604492188,82.80000305175781,61.08940887451172,99.9963836669922,0.0,49.54106922992521,194050.0,17.298614501953125,16.645843505859375,17.24420166015625,17.516204833984375,34.375
2023-03-19 08:48:25,19.31676483154297,76.02409362792969,188.1673126220703,89.46969604492188,80.80000305175781,61.08940887451172,99.9963836669922,0.0,53.05950996233244,194050.0,13.68115234375,16.5914306640625,18.25057983398437,15.63946533203125,34.375
2023-03-19 08:48:26,19.350706100463867,75.96385192871094,189.5263671875,89.54545593261719,81.5,61.08940887451172,99.9963836669922,0.0,49.03605605054457,194050.0,9.383697509765623,19.3929443359375,14.3883056640625,16.4554443359375,34.375
2023-03-19 08:48:27,19.397136688232425,76.02409362792969,189.99837493896484,89.54545593261719,81.69999694824219,61.08940887451172,99.9963836669922,0.0,48.361482153922935,194050.0,14.905105590820312,19.5289306640625,17.026611328125,17.1898193359375,34.375
2023-03-19 08:48:28,19.4476375579834,76.02409362792969,189.99837493896484,89.54545593261719,81.69999694824219,61.08940887451172,99.9963836669922,0.0,48.23589893570748,194050.0,14.905105590820312,19.5289306640625,17.026611328125,17.1898193359375,34.375
2023-03-19 08:48:29,19.467674255371094,76.02409362792969,190.3238983154297,89.46969604492188,83.0999984741211,61.08940887451172,99.9963836669922,0.0,48.47961401311378,194050.0,15.557891845703123,17.026611328125,19.202545166015625,17.27142333984375,34.375
2023-03-19 08:48:30,19.467674255371094,75.96385192871094,189.46126556396484,89.46969604492188,82.4000015258789,61.08940887451172,99.9963836669922,0.0,50.0144129308409,194050.0,16.863433837890625,15.693878173828123,16.07464599609375,19.828125,34.375
2023-03-19 08:48:31,19.44574928283692,75.96385192871094,190.625,89.46969604492188,81.80000305175781,61.08940887451172,99.9963836669922,0.0,48.57068604917247,194050.0,12.6475830078125,14.17071533203125,20.72569274902344,13.13714599609375,34.375
2023-03-19 08:48:32,19.418142318725582,76.02409362792969,190.1367263793945,89.46969604492188,82.20000457763672,61.08940887451172,99.9963836669922,0.0,50.17461335415182,194050.0,17.1898193359375,14.5242919921875,18.604156494140625,19.964111328125,34.375
2023-03-19 08:48:33,19.405282974243164,76.02409362792969,189.2740859985352,89.46969604492188,82.0,61.08940887451172,99.9963836669922,0.0,50.50821966320479,194050.0,20.07293701171875,18.168975830078125,17.84259033203125,11.206024169921877,34.375
2023-03-19 08:48:34,19.39460563659668,76.02409362792969,189.6484375,89.46969604492188,82.30000305175781,61.08940887451172,99.9963836669922,0.0,51.193423835645454,194050.0,12.0491943359375,17.489013671875,17.461807250976562,20.290512084960938,34.375
2023-03-19 08:48:35,19.412673950195312,75.96385192871094,187.5,89.46969604492188,81.4000015258789,61.08940887451172,99.9963836669922,0.0,49.94976936149074,194050.0,13.626739501953123,17.4617919921875,13.599533081054688,16.428253173828125,34.375
2023-03-19 08:48:36,19.43874168395996,75.96385192871094,188.72884368896484,89.54545593261719,81.5999984741211,61.08940887451172,99.9963836669922,0.0,50.736144604439446,194050.0,12.0491943359375,16.346649169921875,15.231475830078123,16.183441162109375,34.375
2023-03-19 08:48:37,19.472660064697266,76.02409362792969,188.03710174560547,89.54545593261719,82.4000015258789,61.08940887451172,99.9963836669922,0.0,49.11800379301894,194050.0,18.223388671875,15.63946533203125,16.4554443359375,13.164352416992188,34.375
2023-03-19 08:48:38,19.4888973236084,76.02409362792969,189.33104705810547,89.54545593261719,82.30000305175781,61.08940887451172,99.9963836669922,0.0,49.36076873728627,194050.0,14.6875,19.88252258300781,19.09375,17.815399169921875,34.375
2023-03-19 08:48:39,19.45856285095215,76.02409362792969,189.79491424560547,89.54545593261719,81.0,61.08578872680664,99.9963836669922,0.0,51.24016194644699,194050.0,14.388320922851562,19.03936767578125,16.183441162109375,18.0601806640625,34.375
2023-03-19 08:48:40,19.41299819946289,76.02409362792969,189.2008438110352,89.46969604492188,82.70000457763672,61.08578872680664,99.9963836669922,0.0,48.278678074537616,194050.0,15.530670166015623,14.007537841796877,18.332183837890625,16.781829833984375,34.375
2023-03-19 08:48:41,19.39414024353028,76.02409362792969,188.8916015625,89.46969604492188,82.5999984741211,61.08940887451172,99.9963836669922,0.0,48.89305362891744,194050.0,17.951400756835938,18.98495483398437,14.442718505859377,15.394683837890623,34.375
2023-03-19 08:48:42,19.36634826660156,76.02409362792969,189.0543670654297,89.46969604492188,81.9000015258789,61.08940887451172,99.9963836669922,0.0,50.539644482754014,194050.0,17.13543701171875,18.495361328125,18.957763671875,16.183441162109375,34.375
2023-03-19 08:48:43,19.38276100158692,76.02409362792969,189.11946868896484,89.46969604492188,81.5999984741211,61.08940887451172,99.9963836669922,0.0,51.25193991940089,194050.0,15.911468505859377,17.652191162109375,15.367477416992188,17.0538330078125,34.375
2023-03-19 08:48:44,19.402114868164062,75.96385192871094,188.3626251220703,89.46969604492188,81.30000305175781,61.08940887451172,99.9963836669922,0.0,50.826461007426445,194050.0,15.557891845703123,17.815399169921875,17.516204833984375,16.020263671875,34.375
2023-03-19 08:48:45,19.4338321685791,75.96385192871094,188.7125625610352,89.54545593261719,82.4000015258789,61.08940887451172,99.9963836669922,0.0,49.78861685604713,194050.0,13.545150756835938,18.032989501953125,17.951385498046875,15.93865966796875,34.375
2023-03-19 08:48:46,19.454853057861328,75.96385192871094,188.77767181396484,89.54545593261719,81.5999984741211,61.08940887451172,99.9963836669922,0.0,51.51930745515712,194050.0,15.965866088867188,19.148162841796875,12.7835693359375,20.072921752929688,34.375
2023-03-19 08:48:47,19.42911529541016,75.96385192871094,187.9068984985352,89.54545593261719,82.0,61.08940887451172,99.9963836669922,0.0,51.5942871963663,194050.0,11.559616088867188,18.14178466796875,15.666656494140623,15.80267333984375,34.375
2023-03-19 08:48:48,19.37516021728516,76.02409362792969,188.2975311279297,89.46969604492188,81.80000305175781,61.08940887451172,99.9963836669922,0.0,50.15994406075743,194050.0,15.394683837890623,20.31771850585937,11.505218505859377,18.57696533203125,34.375
2023-03-19 08:48:49,19.33864402770996,76.08434295654297,188.2161483764648,89.46969604492188,82.80000305175781,61.08940887451172,99.9963836669922,0.0,46.76472852057975,194050.0,16.373855590820312,17.1898193359375,17.733795166015625,16.754638671875,34.375
2023-03-19 08:48:50,19.31046485900879,76.02409362792969,189.1845703125,89.46969604492188,82.4000015258789,61.08940887451172,99.9963836669922,0.0,47.823858272888494,194050.0,11.233230590820312,17.951385498046875,18.495361328125,16.183441162109375,34.375
2023-03-19 08:48:51,19.316062927246094,76.02409362792969,187.9638671875,89.46969604492188,82.0999984741211,61.08940887451172,99.9963836669922,0.0,47.81364644451861,194050.0,18.903366088867188,16.265045166015625,16.50982666015625,16.917816162109375,34.375
2023-03-19 08:48:52,19.331586837768555,75.96385192871094,189.2252578735352,89.46969604492188,82.4000015258789,61.08940887451172,99.9963836669922,0.0,47.67628537394827,194050.0,15.557891845703123,15.06829833984375,16.890625,12.457183837890623,34.375
2023-03-19 08:48:53,19.355775833129883,75.96385192871094,190.3320388793945,89.54545593261719,81.80000305175781,61.08940887451172,99.9963836669922,0.0,48.526575825130486,194050.0,14.6875,15.50347900390625,12.647567749023438,17.353012084960938,34.375
2023-03-19 08:48:54,19.385326385498047,75.96385192871094,191.2923126220703,89.46969604492188,81.19999694824219,61.08940887451172,99.9963836669922,0.0,50.67176042018621,194050.0,13.73553466796875,16.999420166015625,18.304977416992188,16.917816162109375,34.375
2023-03-19 08:48:55,19.377290725708008,76.02409362792969,192.17935180664065,89.46969604492188,81.5999984741211,61.08940887451172,99.9963836669922,0.0,48.90784889206234,194050.0,13.68115234375,19.85531616210937,15.965850830078123,13.59954833984375,34.375
2023-03-19 08:48:56,19.34017944335937,76.08434295654297,192.333984375,89.46969604492188,82.30000305175781,61.08940887451172,99.9963836669922,0.0,48.96934660798847,194050.0,15.041107177734377,18.11459350585937,15.884246826171877,16.5914306640625,34.375
2023-03-19 08:48:57,19.29755592346192,76.02409362792969,193.4814453125,89.46969604492188,81.5999984741211,61.08940887451172,99.9963836669922,0.0,51.145402949767,194050.0,15.80267333984375,19.12094116210937,17.10821533203125,15.394683837890623,34.375
2023-03-19 08:48:58,19.260204315185547,75.96385192871094,194.2057266235352,89.54545593261719,81.9000015258789,61.08940887451172,99.9963836669922,0.0,47.11766235613089,194050.0,15.20428466796875,15.50347900390625,17.597808837890625,16.863433837890625,34.375
2023-03-19 08:48:59,19.26398277282715,75.96385192871094,193.9697265625,89.46969604492188,81.30000305175781,61.08940887451172,99.9963836669922,0.0,52.27874473693981,194050.0,14.170730590820312,18.7945556640625,15.50347900390625,16.020263671875,34.375
2023-03-19 08:49:00,19.279247283935547,76.02409362792969,194.27083587646484,89.46969604492188,82.5999984741211,61.08940887451172,99.9963836669922,0.0,49.06022737907996,194050.0,17.7882080078125,19.066558837890625,14.415496826171877,13.191558837890623,34.375
2023-03-19 08:49:01,19.313779830932617,76.02409362792969,195.4589920043945,89.46969604492188,82.70000457763672,61.08940887451172,99.9963836669922,0.0,47.640955253430704,194050.0,13.5179443359375,15.748260498046877,15.748260498046877,15.8570556640625,34.375
2023-03-19 08:49:02,19.37057113647461,76.08434295654297,196.59017181396484,89.46969604492188,81.69999694824219,61.08940887451172,99.9963836669922,0.0,47.85100078201942,194050.0,15.340286254882812,16.37384033203125,13.43634033203125,17.54339599609375,34.375
2023-03-19 08:49:03,19.38728141784668,76.02409362792969,197.22493743896484,89.46969604492188,80.5,61.08940887451172,99.9963836669922,0.0,51.38660353726527,194050.0,9.7100830078125,14.8507080078125,16.537033081054688,14.197921752929688,34.375
2023-03-19 08:49:04,19.367006301879883,76.02409362792969,193.06639862060547,89.46969604492188,81.0,61.08940887451172,99.9963836669922,0.0,49.63855730548168,194050.0,13.626739501953123,17.352996826171875,16.047454833984375,17.353012084960938,34.375
2023-03-19 08:49:05,19.35362243652344,75.96385192871094,193.9371719360352,89.46969604492188,81.69999694824219,61.08940887451172,99.9963836669922,0.0,51.049345749113606,194050.0,14.959503173828123,19.066558837890625,14.823486328125,15.013885498046877,34.375
2023-03-19 08:49:06,19.35272789001465,75.96385192871094,193.8639297485352,89.46969604492188,82.4000015258789,61.08940887451172,99.9963836669922,0.0,48.64115125330622,194050.0,12.674774169921877,18.25057983398437,13.708343505859377,19.202545166015625,34.375
2023-03-19 08:49:07,19.368799209594727,76.02409362792969,194.40917205810547,89.54545593261719,81.5999984741211,61.08940887451172,99.9963836669922,0.0,49.78245660266657,194050.0,17.217025756835938,19.5289306640625,14.823486328125,16.020263671875,34.375
2023-03-19 08:49:08,19.408912658691406,76.02409362792969,194.1487579345703,89.54545593261719,81.69999694824219,61.08940887451172,99.9963836669922,0.0,51.7095177213523,194050.0,10.145263671875,15.2586669921875,15.50347900390625,17.0538330078125,34.375
2023-03-19 08:49:09,19.424108505249023,75.96385192871094,193.0175857543945,89.54545593261719,82.0999984741211,61.08940887451172,99.9963836669922,0.0,48.603511823207526,194050.0,14.578704833984377,19.66493225097656,15.829864501953123,14.796295166015623,34.375
2023-03-19 08:49:10,19.450563430786133,75.96385192871094,193.6360626220703,89.46969604492188,82.0999984741211,61.08940887451172,99.9963836669922,0.0,49.34745246892509,194050.0,15.313079833984377,13.73553466796875,16.945022583007812,16.482635498046875,34.375
2023-03-19 08:49:11,19.482213973999023,75.96385192871094,193.94530487060547,89.46969604492188,80.80000305175781,61.08940887451172,99.9963836669922,0.0,49.49382517102753,194050.0,16.53704833984375,16.67303466796875,17.10821533203125,14.197921752929688,34.375
2023-03-19 08:49:12,19.481584548950195,75.96385192871094,194.6451797485352,89.46969604492188,81.9000015258789,61.08578872680664,99.9963836669922,0.0,48.15062638284991,194050.0,12.022003173828123,13.5179443359375,18.223388671875,16.047454833984375,34.375
2023-03-19 08:49:13,19.47425842285156,76.02409362792969,194.580078125,89.46969604492188,82.0999984741211,61.08578872680664,99.9963836669922,0.0,48.95200477565397,194050.0,18.60418701171875,17.9241943359375,15.911468505859377,16.781829833984375,34.375
2023-03-19 08:49:14,19.459793090820312,76.02409362792969,195.703125,89.46969604492188,81.80000305175781,61.08578872680664,99.9963836669922,0.0,49.44211566614418,194050.0,11.450820922851562,16.700225830078125,20.78009033203125,17.353012084960938,34.375
2023-03-19 08:49:15,19.455570220947266,76.02409362792969,193.9615936279297,89.46969604492188,82.4000015258789,61.08578872680664,99.9963836669922,0.0,47.26893425521273,194050.0,18.168991088867188,17.10821533203125,13.43634033203125,18.7945556640625,34.375
2023-03-19 08:49:16,19.47525215148925,76.02409362792969,195.9798202514648,89.54545593261719,82.70000457763672,61.08578872680664,99.9963836669922,0.0,48.032109247597695,194050.0,14.306732177734377,18.604156494140625,21.05209350585937,16.15625,34.375
2023-03-19 08:49:17,19.49723243713379,75.96385192871094,194.53125,89.46969604492188,81.9000015258789,61.08940887451172,99.9963836669922,0.0,51.24829358555648,194050.0,14.551513671875,14.877899169921877,15.394683837890623,19.01214599609375,34.375
2023-03-19 08:49:18,19.527664184570312,75.96385192871094,195.2880859375,89.46969604492188,81.69999694824219,61.08578872680664,99.9963836669922,0.0,50.26143842814892,194050.0,15.748275756835938,19.47454833984375,18.359375,16.700225830078125,34.375
2023-03-19 08:49:19,19.52427864074707,76.02409362792969,193.6767578125,89.46969604492188,81.5,61.08578872680664,99.9963836669922,0.0,50.39474040783112,194050.0,13.5179443359375,18.332183837890625,15.20428466796875,16.183441162109375,34.375
2023-03-19 08:49:20,19.46537971496582,76.02409362792969,192.61067962646484,89.46969604492188,81.5,61.08578872680664,99.9963836669922,0.0,50.18301410077836,194050.0,14.796295166015623,19.800933837890625,16.482635498046875,14.03472900390625,34.375
2023-03-19 08:49:21,19.40438842773437,76.02409362792969,194.0592422485352,89.54545593261719,82.70000457763672,61.08940887451172,99.9963836669922,0.0,49.69211444491802,194050.0,13.789947509765623,16.15625,17.97857666015625,16.945022583007812,34.375
2023-03-19 08:49:22,19.32796669006348,76.02409362792969,195.41829681396484,89.54545593261719,82.4000015258789,61.08940887451172,99.9963836669922,0.0,48.72604681084501,194050.0,14.089141845703123,18.7945556640625,17.54339599609375,16.401046752929688,34.375
2023-03-19 08:49:23,19.305206298828125,75.96385192871094,193.798828125,89.54545593261719,82.4000015258789,61.08578872680664,99.9963836669922,0.0,51.47209817370727,194050.0,14.76910400390625,18.032989501953125,20.208908081054688,15.666671752929688,34.375
2023-03-19 08:49:24,19.354122161865234,75.96385192871094,193.0257186889648,89.46969604492188,81.30000305175781,61.08578872680664,99.9963836669922,0.0,51.89816858632201,194050.0,15.93865966796875,17.40740966796875,14.959487915039062,13.354736328125,34.375
2023-03-19 08:49:25,19.40145492553711,75.96385192871094,195.34505462646484,89.46969604492188,82.70000457763672,61.08578872680664,99.9963836669922,0.0,48.04619183145808,194050.0,15.857070922851562,17.24420166015625,19.3929443359375,18.332183837890625,34.375
2023-03-19 08:49:26,19.40677261352539,75.96385192871094,194.36849212646484,89.46969604492188,83.30000305175781,61.08940887451172,99.9963836669922,0.0,47.87007085587855,194050.0,15.775482177734377,19.85531616210937,15.367477416992188,16.346649169921875,34.375
2023-03-19 08:49:27,19.39602279663086,76.02409362792969,194.66146087646484,89.46969604492188,81.80000305175781,61.08578872680664,99.9963836669922,0.0,46.537815040108754,194050.0,16.047454833984375,18.6585693359375,19.039352416992188,16.945022583007812,34.375
2023-03-19 08:49:28,19.34525680541992,76.08434295654297,193.5628204345703,89.46969604492188,81.0,61.08578872680664,99.9963836669922,0.0,51.48476832997355,194050.0,14.905105590820312,15.80267333984375,17.951385498046875,14.76910400390625,34.375
2023-03-19 08:49:29,19.28704833984375,76.02409362792969,193.01757049560547,89.46969604492188,82.0999984741211,61.08578872680664,99.9963836669922,0.0,51.198343685423055,194050.0,14.279525756835938,15.449066162109377,13.844329833984377,13.762725830078123,34.375
2023-03-19 08:49:30,19.25767517089844,75.96385192871094,193.1884841918945,89.54545593261719,82.4000015258789,61.08940887451172,99.9963836669922,0.0,45.19891531459006,194050.0,14.8507080078125,17.760986328125,15.449066162109377,18.0601806640625,34.375
2023-03-19 08:49:31,19.231889724731445,75.96385192871094,194.2057266235352,89.54545593261719,82.30000305175781,61.08578872680664,99.9963836669922,0.0,48.74406144411279,194050.0,16.373855590820312,14.497100830078123,16.5914306640625,16.129058837890625,34.375
2023-03-19 08:49:32,19.26517868041992,75.96385192871094,195.4508514404297,89.54545593261719,82.4000015258789,61.08940887451172,99.9963836669922,0.0,48.076711137723656,194050.0,12.157989501953123,18.27777099609375,19.85531616210937,15.829864501953123,34.375
2023-03-19 08:49:33,19.29907417297364,76.08434295654297,194.3684844970703,89.46969604492188,81.30000305175781,61.08940887451172,99.9963836669922,0.0,51.97156925890415,194050.0,9.954864501953123,16.700225830078125,19.229736328125,16.618637084960938,34.375
2023-03-19 08:49:34,19.350664138793945,76.08434295654297,194.02669525146484,89.46969604492188,81.0999984741211,61.08940887451172,99.9963836669922,0.0,50.20426726763993,194050.0,12.21240234375,18.631378173828125,14.76910400390625,18.57696533203125,34.375
2023-03-19 08:49:35,19.404516220092773,76.02409362792969,192.7571640014648,89.46969604492188,81.5999984741211,61.08578872680664,99.9963836669922,0.0,49.48721002638704,194050.0,11.83160400390625,16.700225830078125,14.633102416992188,17.570602416992188,34.375
2023-03-19 08:49:36,19.42940902709961,75.96385192871094,193.9534454345703,89.46969604492188,82.80000305175781,61.08940887451172,99.9963836669922,0.0,47.59006876284407,194050.0,16.183456420898438,19.773727416992188,15.8570556640625,17.70660400390625,34.375
2023-03-19 08:49:37,19.44076538085937,75.96385192871094,194.1162185668945,89.54545593261719,82.0999984741211,61.08578872680664,99.9963836669922,0.0,49.78783612752832,194050.0,13.409149169921877,19.03936767578125,16.67303466796875,17.951385498046875,34.375
2023-03-19 08:49:38,19.4542179107666,75.96385192871094,193.1396484375,89.54545593261719,81.9000015258789,61.08940887451172,99.9963836669922,0.0,49.53857366941275,194050.0,14.660308837890623,18.631378173828125,15.34027099609375,16.645843505859375,34.375
2023-03-19 08:49:39,19.451215744018555,76.02409362792969,193.2210235595703,89.54545593261719,82.20000457763672,61.08578872680664,99.9963836669922,0.0,48.55394404747815,194050.0,16.074661254882812,18.44097900390625,16.727432250976562,15.149887084960938,34.375
2023-03-19 08:49:40,19.491199493408203,76.08434295654297,193.8476638793945,89.54545593261719,82.20000457763672,61.08940887451172,99.9963836669922,0.0,48.23912168722543,194050.0,15.5850830078125,13.57232666015625,17.516204833984375,15.693878173828123,34.375
2023-03-19 08:49:41,19.56923484802246,76.02409362792969,194.82421875,89.54545593261719,82.5,61.08578872680664,99.9963836669922,0.0,47.00933428785716,194050.0,16.917831420898438,17.434600830078125,20.752899169921875,16.265045166015625,34.375
2023-03-19 08:49:42,19.63361358642578,75.96385192871094,193.6767578125,89.46969604492188,82.0,61.08578872680664,99.9963836669922,0.0,47.75691250193808,194050.0,16.428253173828125,16.863433837890625,18.332183837890625,17.625,34.375
2023-03-19 08:49:43,19.71240997314453,75.96385192871094,193.1315155029297,89.46969604492188,82.30000305175781,61.08578872680664,99.9963836669922,0.0,50.266461086523634,194050.0,15.013900756835938,18.903350830078125,16.319442749023438,13.5179443359375,34.375
2023-03-19 08:49:44,19.715314865112305,76.02409362792969,194.09993743896484,89.46969604492188,81.9000015258789,61.08578872680664,99.9963836669922,0.0,46.59906024310156,194050.0,16.509857177734375,16.999420166015625,18.14178466796875,20.154510498046875,34.375
2023-03-19 08:49:45,19.67264175415039,76.02409362792969,192.9687576293945,89.46969604492188,82.4000015258789,61.08578872680664,99.9963836669922,0.0,47.489595147627575,194050.0,14.46990966796875,19.828125,16.15625,13.708343505859377,34.375
2023-03-19 08:49:46,19.620405197143555,75.96385192871094,193.80696868896484,89.46969604492188,81.80000305175781,61.08578872680664,99.9963836669922,0.0,48.2729527703764,194050.0,13.68115234375,17.40740966796875,16.945022583007812,18.304977416992188,34.375
2023-03-19 08:49:47,19.572513580322266,75.96385192871094,192.5537109375,89.54545593261719,81.4000015258789,61.08578872680664,99.9963836669922,0.0,47.67000031379018,194050.0,18.25057983398437,16.80902099609375,16.482635498046875,14.578704833984377,34.375
2023-03-19 08:49:48,19.55136680603028,76.02409362792969,192.48046875,89.54545593261719,82.5,61.08940887451172,99.9963836669922,0.0,47.98145640422895,194050.0,12.538787841796877,19.800933837890625,16.4554443359375,16.428253173828125,34.375
2023-03-19 08:49:49,19.55235481262207,76.02409362792969,192.24446868896484,89.54545593261719,82.4000015258789,61.08578872680664,99.9963836669922,0.0,49.3787278687629,194050.0,15.748275756835938,16.754638671875,14.143524169921877,17.353012084960938,34.375
2023-03-19 08:49:50,19.565399169921875,76.02409362792969,194.873046875,89.46969604492188,82.20000457763672,61.08940887451172,99.9963836669922,0.0,49.81704742021372,194050.0,11.124420166015623,20.1273193359375,22.221649169921875,17.162628173828125,34.375
2023-03-19 08:49:51,19.57062149047852,75.96385192871094,192.9361953735352,89.46969604492188,82.0,61.08578872680664,99.9963836669922,0.0,46.63554648919628,194050.0,18.032989501953125,18.5225830078125,15.421875,16.129058837890625,34.375
2023-03-19 08:49:52,19.54640769958496,75.96385192871094,194.83235931396484,89.46969604492188,82.20000457763672,61.08940887451172,99.9963836669922,0.0,49.22754821038789,194050.0,14.361114501953123,19.31134033203125,20.752899169921875,16.80902099609375,34.375
2023-03-19 08:49:53,19.463802337646484,76.02409362792969,193.80696868896484,89.46969604492188,82.5,61.08578872680664,99.9963836669922,0.0,49.77059274420122,194050.0,16.047454833984375,18.5225830078125,16.564239501953125,17.434600830078125,34.375
2023-03-19 08:49:54,19.35788345336914,76.02409362792969,194.580078125,89.46969604492188,81.9000015258789,61.08940887451172,99.9963836669922,0.0,51.160414227617686,194050.0,16.15625,18.032989501953125,19.90972900390625,18.304977416992188,34.375
2023-03-19 08:49:55,19.268949508666992,76.02409362792969,191.5364608764648,89.46969604492188,81.5999984741211,61.08940887451172,99.9963836669922,0.0,50.32623873803647,194050.0,13.137161254882812,19.284149169921875,12.810760498046877,18.168975830078125,34.375
2023-03-19 08:49:56,19.20001220703125,76.02409362792969,191.2760467529297,89.54545593261719,81.4000015258789,61.08940887451172,99.9963836669922,0.0,49.45027416132344,194050.0,17.842605590820312,16.5914306640625,13.028350830078123,16.618637084960938,34.375
2023-03-19 08:49:57,19.171262741088867,76.02409362792969,193.4814453125,89.54545593261719,81.4000015258789,61.08578872680664,99.9963836669922,0.0,50.95520841510167,194050.0,13.354766845703123,19.202545166015625,17.352996826171875,17.081024169921875,34.375
2023-03-19 08:49:58,19.16643714904785,76.02409362792969,192.07357025146484,89.54545593261719,81.4000015258789,61.08940887451172,99.9963836669922,0.0,49.0321536058327,194050.0,15.612274169921877,16.020263671875,15.1226806640625,14.823486328125,34.375
2023-03-19 08:49:59,19.19760513305664,76.02409362792969,193.359375,89.46969604492188,81.4000015258789,61.08578872680664,99.9963836669922,0.0,52.48575509727996,194050.0,13.871536254882812,17.298614501953125,18.821746826171875,15.34027099609375,34.375
2023-03-19 08:50:00,19.22382545471192,76.02409362792969,193.58724212646484,89.46969604492188,83.0,61.08940887451172,99.9963836669922,0.0,48.25031608359746,194050.0,18.06019592285156,17.70660400390625,17.625,14.60589599609375,34.375
2023-03-19 08:50:01,19.21025657653809,75.96385192871094,193.4488906860352,89.46969604492188,82.4000015258789,61.08578872680664,99.9963836669922,0.0,51.00431257581261,194050.0,15.612274169921877,15.557861328125,21.296875,15.911468505859377,34.375
2023-03-19 08:50:02,19.180633544921875,75.96385192871094,192.1630859375,89.46969604492188,81.0,61.08578872680664,99.9963836669922,0.0,51.80481288314763,194050.0,14.6875,17.516204833984375,16.292236328125,14.279510498046877,34.375
2023-03-19 08:50:03,19.16581916809082,76.02409362792969,191.0888671875,89.46969604492188,82.0,61.08578872680664,99.9963836669922,0.0,50.65979878008548,194050.0,16.917831420898438,15.36749267578125,12.70196533203125,16.836227416992188,34.375
2023-03-19 08:50:04,19.16897392272949,76.02409362792969,192.0084609985352,89.46969604492188,81.80000305175781,61.08940887451172,99.9963836669922,0.0,48.57499450500958,194050.0,12.837982177734377,17.4617919921875,13.5179443359375,16.482635498046875,34.375
2023-03-19 08:50:05,19.212514877319336,76.02409362792969,192.2281951904297,89.46969604492188,81.9000015258789,61.08578872680664,99.9963836669922,0.0,49.48206229969132,194050.0,10.716445922851562,15.666656494140623,17.625,15.884262084960938,34.375
2023-03-19 08:50:06,19.289121627807617,76.02409362792969,191.85384368896484,89.46969604492188,82.30000305175781,61.08940887451172,99.9963836669922,0.0,49.09624164013743,194050.0,11.75,18.9305419921875,14.007522583007812,17.026611328125,34.375
2023-03-19 08:50:07,19.39245986938477,76.02409362792969,193.6116485595703,89.46969604492188,82.0,61.08578872680664,99.9963836669922,0.0,48.92013363713277,194050.0,16.265045166015625,17.081024169921875,18.468170166015625,15.993057250976562,34.375
2023-03-19 08:50:08,19.48053932189941,76.02409362792969,192.8466796875,89.54545593261719,82.9000015258789,61.08578872680664,99.9963836669922,0.0,46.99442302000321,194050.0,17.380218505859375,19.71932983398437,17.597808837890625,14.9866943359375,34.375
2023-03-19 08:50:09,19.52592086791992,75.96385192871094,191.6829376220703,89.54545593261719,82.4000015258789,61.08578872680664,99.9963836669922,0.0,49.703464988396256,194050.0,17.026641845703125,16.917816162109375,15.693862915039062,14.578704833984377,34.375
2023-03-19 08:50:10,19.5395450592041,75.96385192871094,192.1793594360352,89.46969604492188,81.5999984741211,61.08940887451172,99.9963836669922,0.0,51.32593559629802,194050.0,14.660308837890623,13.463531494140623,16.618621826171875,13.789932250976562,34.375
2023-03-19 08:50:11,19.54192543029785,75.96385192871094,192.41536712646484,89.46969604492188,81.80000305175781,61.08578872680664,99.9963836669922,0.0,50.70171908967335,194050.0,13.789947509765623,19.148162841796875,17.026611328125,16.3194580078125,34.375
2023-03-19 08:50:12,19.53745651245117,76.02409362792969,192.5699844360352,89.46969604492188,82.4000015258789,61.08578872680664,99.9963836669922,0.0,48.49747521637168,194050.0,18.38658142089844,17.135406494140625,16.428237915039062,12.538772583007812,34.375
2023-03-19 08:50:13,19.542266845703125,76.02409362792969,192.333984375,89.54545593261719,82.5,61.08578872680664,99.9963836669922,0.0,50.2637805081821,194050.0,13.21875,21.05209350585937,14.633102416992188,18.6585693359375,34.375
2023-03-19 08:50:14,19.55925369262696,76.02409362792969,192.0084609985352,89.54545593261719,82.0999984741211,61.08940887451172,99.9963836669922,0.0,48.86950692376417,194050.0,13.354766845703123,18.604156494140625,16.4554443359375,17.353012084960938,34.375
2023-03-19 08:50:15,19.58553504943848,76.02409362792969,190.8447265625,89.46969604492188,80.9000015258789,61.08578872680664,99.9963836669922,0.0,49.20084518994618,194050.0,14.63311767578125,19.90972900390625,14.741897583007812,15.911468505859377,34.375
2023-03-19 08:50:16,19.599260330200195,76.02409362792969,191.19466400146484,89.46969604492188,82.4000015258789,61.08940887451172,99.9963836669922,0.0,47.68682060913477,194050.0,15.965866088867188,14.63311767578125,13.109954833984377,15.63946533203125,34.375
2023-03-19 08:50:17,19.582740783691406,75.96385192871094,193.73372650146484,89.46969604492188,82.4000015258789,61.08940887451172,99.9963836669922,0.0,48.58344485572995,194050.0,15.5850830078125,16.999420166015625,19.01214599609375,16.564239501953125,34.375
2023-03-19 08:50:18,19.512348175048828,75.96385192871094,193.5953750610352,89.46969604492188,81.9000015258789,61.08578872680664,99.9963836669922,0.0,51.566029233369406,194050.0,14.279525756835938,12.892364501953123,18.549774169921875,19.229736328125,34.375
2023-03-19 08:50:19,19.416179656982425,76.02409362792969,191.2597732543945,89.46969604492188,81.69999694824219,61.08578872680664,99.9963836669922,0.0,50.20483473432832,194050.0,18.00579833984375,16.23785400390625,15.585067749023438,14.551513671875,34.375
2023-03-19 08:50:20,19.342559814453125,76.02409362792969,190.625,89.46969604492188,81.5999984741211,61.08940887451172,99.9963836669922,0.0,49.762501538298906,194050.0,16.23785400390625,16.401031494140625,12.26678466796875,17.679397583007812,34.375
2023-03-19 08:50:21,19.30965232849121,76.02409362792969,190.3727264404297,89.46969604492188,81.4000015258789,61.08940887451172,99.9963836669922,0.0,49.84358669391462,194050.0,17.108230590820312,17.27142333984375,17.352996826171875,12.26678466796875,34.375
2023-03-19 08:50:22,19.31755828857422,75.96385192871094,192.4153594970703,89.46969604492188,82.0999984741211,61.08940887451172,99.9963836669922,0.0,49.44887916268265,194050.0,12.42999267578125,17.10821533203125,17.733795166015625,17.679397583007812,34.375
2023-03-19 08:50:23,19.330472946166992,76.02409362792969,191.58528900146484,89.54545593261719,82.80000305175781,61.08940887451172,99.9963836669922,0.0,46.66109010250391,194050.0,15.693878173828123,18.27777099609375,16.101852416992188,15.693878173828123,34.375
2023-03-19 08:50:24,19.36150360107422,75.96385192871094,191.8375625610352,89.46969604492188,82.0999984741211,61.08940887451172,99.9963836669922,0.0,46.45453740339379,194050.0,12.56597900390625,19.284149169921875,16.428237915039062,17.135421752929688,34.375
2023-03-19 08:50:25,19.348556518554688,76.02409362792969,190.9586563110352,89.46969604492188,82.20000457763672,61.08940887451172,99.9963836669922,0.0,47.31943533142433,194050.0,16.564239501953125,17.97857666015625,12.021987915039062,17.978591918945312,34.375
2023-03-19 08:50:26,19.298831939697266,76.02409362792969,193.07454681396484,89.46969604492188,83.0999984741211,61.08940887451172,99.9963836669922,0.0,47.71176517911483,194050.0,13.708343505859377,18.14178466796875,19.31134033203125,17.217010498046875,34.375
2023-03-19 08:50:27,19.249584197998047,75.96385192871094,192.3502655029297,89.46969604492188,81.69999694824219,61.08578872680664,99.9963836669922,0.0,49.05023460399516,194050.0,17.652206420898438,20.1273193359375,14.143524169921877,17.84259033203125,34.375
2023-03-19 08:50:28,19.231101989746094,75.96385192871094,193.1559295654297,89.54545593261719,82.4000015258789,61.08578872680664,99.9963836669922,0.0,48.84699259201661,194050.0,15.612274169921877,14.3883056640625,20.426513671875,16.265045166015625,34.375
2023-03-19 08:50:29,19.22014045715332,76.02409362792969,192.2119140625,89.54545593261719,82.70000457763672,61.08940887451172,99.9963836669922,0.0,47.701140699277325,194050.0,16.917831420898438,18.903350830078125,17.1898193359375,15.449066162109377,34.375
2023-03-19 08:50:30,19.250503540039062,76.02409362792969,191.89453125,89.54545593261719,82.4000015258789,61.08940887451172,99.9963836669922,0.0,50.229631535644,194050.0,16.428253173828125,16.83624267578125,15.095489501953123,17.897003173828125,34.375
2023-03-19 08:50:31,19.31336975097656,76.02409362792969,193.701171875,89.54545593261719,82.5,61.08578872680664,99.9963836669922,0.0,49.39434529805543,194050.0,12.674774169921877,21.35127258300781,18.332183837890625,18.821762084960938,34.375
2023-03-19 08:50:32,19.37324333190918,76.02409362792969,191.6097030639648,89.46969604492188,82.0,61.08940887451172,99.9963836669922,0.0,50.96888155437953,194050.0,15.748275756835938,19.61053466796875,15.258682250976562,17.081024169921875,34.375
2023-03-19 08:50:33,19.44502067565918,76.02409362792969,192.5862579345703,89.46969604492188,82.4000015258789,61.08940887451172,99.9963836669922,0.0,49.99437242018988,194050.0,9.2476806640625,15.80267333984375,18.821746826171875,17.162628173828125,34.375
2023-03-19 08:50:34,19.48978042602539,75.96385192871094,190.97493743896484,89.46969604492188,81.69999694824219,61.08940887451172,99.9963836669922,0.0,52.2820503259949,194050.0,18.44097900390625,20.671295166015625,15.394683837890623,17.652191162109375,34.375
2023-03-19 08:50:35,19.481868743896484,75.96385192871094,191.162109375,89.46969604492188,82.80000305175781,61.08578872680664,99.9963836669922,0.0,48.0461663326516,194050.0,16.809036254882812,16.428253173828125,18.604156494140625,18.11459350585937,34.375
2023-03-19 08:50:36,19.4484977722168,75.96385192871094,192.2119140625,89.46969604492188,81.69999694824219,61.08940887451172,99.9963836669922,0.0,49.8010098254185,194050.0,18.5225830078125,17.9241943359375,17.97857666015625,14.8507080078125,34.375
2023-03-19 08:50:37,19.41997337341309,76.02409362792969,192.7571563720703,89.54545593261719,82.5,61.08940887451172,99.9963836669922,0.0,48.28285154708088,194050.0,15.88427734375,16.890625,19.5289306640625,17.70660400390625,34.375
2023-03-19 08:50:38,19.424894332885746,76.08434295654297,191.0563201904297,89.54545593261719,81.69999694824219,61.08578872680664,99.9963836669922,0.0,49.723414876654005,194050.0,14.959503173828123,17.380218505859375,17.40740966796875,15.530670166015623,34.375
2023-03-19 08:50:39,19.44681930541992,75.96385192871094,191.2923126220703,89.54545593261719,81.69999694824219,61.08940887451172,99.9963836669922,0.0,50.66016767404879,194050.0,13.817138671875,16.83624267578125,16.319442749023438,14.877899169921877,34.375
2023-03-19 08:50:40,19.48874282836914,75.96385192871094,192.2932968139648,89.46969604492188,82.0,61.08940887451172,99.9963836669922,0.0,49.43685955586543,194050.0,17.35302734375,18.11459350585937,18.903350830078125,16.727432250976562,34.375
2023-03-19 08:50:41,19.51605033874512,75.96385192871094,190.73079681396484,89.46969604492188,81.80000305175781,61.08940887451172,99.9963836669922,0.0,47.61088204287105,194050.0,18.27778625488281,18.44097900390625,16.754638671875,13.13714599609375,34.375
2023-03-19 08:50:42,19.508197784423828,75.96385192871094,192.2119140625,89.46969604492188,82.30000305175781,61.08940887451172,99.9963836669922,0.0,48.462260144150605,194050.0,14.714706420898438,19.202545166015625,17.380218505859375,18.57696533203125,34.375
2023-03-19 08:50:43,19.438236236572266,76.02409362792969,190.8935546875,89.46969604492188,81.5,61.08940887451172,99.9963836669922,0.0,49.36822979435071,194050.0,18.685775756835938,19.17535400390625,15.965850830078123,14.197921752929688,34.375
2023-03-19 08:50:44,19.38904190063477,76.02409362792969,191.78060150146484,89.46969604492188,81.5999984741211,61.08940887451172,99.9963836669922,0.0,51.44264656667166,194050.0,15.06829833984375,15.748260498046877,15.829864501953123,16.645843505859375,34.375
2023-03-19 08:50:45,19.32257080078125,76.02409362792969,191.73177337646484,89.54545593261719,81.9000015258789,61.08940887451172,99.9963836669922,0.0,50.50538625975658,194050.0,13.59954833984375,17.162628173828125,14.850692749023438,17.298614501953125,34.375
2023-03-19 08:50:46,19.311925888061523,76.02409362792969,192.46419525146484,89.54545593261719,81.80000305175781,61.08578872680664,99.9963836669922,0.0,50.8616055824532,194050.0,15.80267333984375,19.09375,17.461807250976562,18.93055725097656,34.375
2023-03-19 08:50:47,19.325336456298828,76.02409362792969,193.0094375610352,89.46969604492188,82.4000015258789,61.08940887451172,99.9963836669922,0.0,48.815771983574486,194050.0,16.809036254882812,18.25057983398437,18.304977416992188,18.84896850585937,34.375
2023-03-19 08:50:48,19.36571884155273,75.96385192871094,191.5771484375,89.46969604492188,82.30000305175781,61.08578872680664,99.9963836669922,0.0,50.19829031477127,194050.0,19.2569580078125,14.225128173828123,17.026611328125,18.11459350585937,34.375
2023-03-19 08:50:49,19.406326293945312,75.96385192871094,191.4794921875,89.46969604492188,81.5999984741211,61.08940887451172,99.9963836669922,0.0,51.19894443994518,194050.0,14.46990966796875,15.693878173828123,16.482635498046875,16.346649169921875,34.375
2023-03-19 08:50:50,19.417266845703125,75.96385192871094,191.9189453125,89.46969604492188,81.4000015258789,61.08940887451172,99.9963836669922,0.0,51.12421711079503,194050.0,14.76910400390625,19.066558837890625,16.23785400390625,17.026611328125,34.375
2023-03-19 08:50:51,19.38819694519043,76.02409362792969,192.2770233154297,89.54545593261719,81.4000015258789,61.08578872680664,99.9963836669922,0.0,52.07733261951133,194050.0,10.390045166015623,18.549774169921875,18.957763671875,17.978591918945312,34.375
2023-03-19 08:50:52,19.34632873535156,76.02409362792969,191.70735931396484,89.54545593261719,83.30000305175781,61.08940887451172,99.9963836669922,0.0,47.69937153013572,194050.0,21.514480590820312,19.03936767578125,14.877899169921877,17.7882080078125,34.375
2023-03-19 08:50:53,19.323116302490234,76.02409362792969,190.8447341918945,89.46969604492188,81.80000305175781,61.08578872680664,99.9963836669922,0.0,51.68202104496767,194050.0,13.245956420898438,15.63946533203125,14.90509033203125,14.90509033203125,34.375
2023-03-19 08:50:54,19.316850662231445,75.96385192871094,190.1285858154297,89.46969604492188,81.19999694824219,61.08940887451172,99.9963836669922,0.0,53.66275560244176,194050.0,14.46990966796875,19.148162841796875,16.346649169921875,12.973968505859377,34.375
2023-03-19 08:50:55,19.35129165649414,75.96385192871094,190.4378204345703,89.46969604492188,81.4000015258789,61.08940887451172,99.9963836669922,0.0,51.51130464780472,194050.0,15.122695922851562,19.01214599609375,16.401031494140625,15.829864501953123,34.375
2023-03-19 08:50:56,19.409225463867188,76.02409362792969,189.3229217529297,89.46969604492188,80.80000305175781,61.08940887451172,99.9963836669922,0.0,52.23699452752863,194050.0,13.16436767578125,14.796295166015623,17.298614501953125,16.37384033203125,34.375
2023-03-19 08:50:57,19.441165924072266,76.02409362792969,190.4296951293945,89.46969604492188,82.80000305175781,61.08578872680664,99.9963836669922,0.0,46.91604745324382,194050.0,19.365753173828125,16.482635498046875,15.829864501953123,17.10821533203125,34.375
2023-03-19 08:50:58,19.45648956298828,76.02409362792969,191.8701171875,89.46969604492188,82.20000457763672,61.08940887451172,99.9963836669922,0.0,48.43680919660842,194050.0,13.46356201171875,15.2586669921875,19.61053466796875,15.177093505859377,34.375
2023-03-19 08:50:59,19.41907119750977,76.02409362792969,189.21712493896484,89.46969604492188,82.0999984741211,61.08940887451172,99.9963836669922,0.0,47.68618125628978,194050.0,14.061920166015623,19.202545166015625,12.0491943359375,11.39642333984375,34.375
2023-03-19 08:51:00,19.375293731689453,76.02409362792969,192.7164764404297,89.54545593261719,81.5999984741211,61.08940887451172,99.9963836669922,0.0,49.797008023244985,194050.0,14.361114501953123,19.66493225097656,19.637725830078125,18.57696533203125,34.375
2023-03-19 08:51:01,19.34836196899414,76.02409362792969,192.1630859375,89.54545593261719,82.0999984741211,61.08578872680664,99.9963836669922,0.0,48.23194514572687,194050.0,15.80267333984375,20.535308837890625,17.760986328125,17.135421752929688,34.375
2023-03-19 08:51:02,19.32596206665039,75.96385192871094,191.5771484375,89.54545593261719,82.30000305175781,61.08940887451172,99.9963836669922,0.0,50.13286378211613,194050.0,13.3819580078125,19.692138671875,17.570602416992188,17.869796752929688,34.375
2023-03-19 08:51:03,19.356332778930664,75.96385192871094,190.5924453735352,89.54545593261719,82.30000305175781,61.08578872680664,99.9963836669922,0.0,49.659613395080335,194050.0,16.591445922851562,19.202545166015625,15.20428466796875,15.775466918945312,34.375
2023-03-19 08:51:04,19.4057846069336,75.96385192871094,190.99935150146484,89.46969604492188,82.0,61.08940887451172,99.9963836669922,0.0,50.27684186109597,194050.0,12.6475830078125,14.823486328125,16.890625,17.380218505859375,34.375
2023-03-19 08:51:05,19.46983337402344,76.02409362792969,189.7705078125,89.46969604492188,81.5,61.08940887451172,99.9963836669922,0.0,50.88924116851818,194050.0,15.36749267578125,16.07464599609375,14.741897583007812,16.999420166015625,34.375
2023-03-19 08:51:06,19.504207611083984,76.02409362792969,190.41341400146484,89.46969604492188,81.80000305175781,61.08578872680664,99.9963836669922,0.0,49.362950773052766,194050.0,17.516204833984375,16.618621826171875,15.530670166015623,16.999420166015625,34.375
2023-03-19 08:51:07,19.50132369995117,76.02409362792969,191.5201873779297,89.46969604492188,82.30000305175781,61.08940887451172,99.9963836669922,0.0,48.25589482322035,194050.0,15.313079833984377,16.07464599609375,16.890625,16.999420166015625,34.375
2023-03-19 08:51:08,19.45588111877441,76.02409362792969,190.6168670654297,89.46969604492188,82.4000015258789,61.08940887451172,99.9963836669922,0.0,48.40239841536948,194050.0,17.35302734375,17.57061767578125,15.177093505859377,15.911468505859377,34.375
2023-03-19 08:51:09,19.41698265075684,75.96385192871094,191.0237579345703,89.46969604492188,82.5,61.08940887451172,99.9963836669922,0.0,48.03513426353457,194050.0,12.973968505859377,17.026611328125,18.821746826171875,19.202545166015625,34.375
2023-03-19 08:51:10,19.37421417236328,76.02409362792969,189.35546875,89.54545593261719,81.80000305175781,61.08578872680664,99.9963836669922,0.0,50.31213552165713,194050.0,14.9866943359375,21.704864501953125,13.5179443359375,12.86517333984375,34.375
2023-03-19 08:51:11,19.37404060363769,76.02409362792969,190.9993438720703,89.54545593261719,82.5,61.08940887451172,99.9963836669922,0.0,47.6080509160797,194050.0,13.436355590820312,17.380218505859375,17.434600830078125,17.597808837890625,34.375
2023-03-19 08:51:12,19.39397048950196,76.02409362792969,190.3238983154297,89.54545593261719,80.9000015258789,61.08578872680664,99.9963836669922,0.0,50.93667954822301,194050.0,19.692138671875,15.095489501953123,17.70660400390625,15.63946533203125,34.375
2023-03-19 08:51:13,19.427282333374023,76.02409362792969,191.4388046264648,89.54545593261719,81.0,61.08940887451172,99.9963836669922,0.0,48.3716948942373,194050.0,15.857070922851562,19.25694274902344,20.31771850585937,15.911468505859377,34.375
2023-03-19 08:51:14,19.451366424560547,75.96385192871094,190.60872650146484,89.46969604492188,81.0,61.08578872680664,99.9963836669922,0.0,51.31701878719191,194050.0,15.829864501953123,16.292236328125,19.61053466796875,14.796295166015623,34.375
2023-03-19 08:51:15,19.446094512939453,76.02409362792969,190.2913360595703,89.46969604492188,82.0,61.08578872680664,99.9963836669922,0.0,48.34898032966781,194050.0,16.373855590820312,18.5225830078125,19.039352416992188,15.177093505859377,34.375
2023-03-19 08:51:16,19.39219093322754,76.02409362792969,190.4866485595703,89.46969604492188,82.0999984741211,61.08578872680664,99.9963836669922,0.0,50.53735045012375,194050.0,16.645843505859375,14.007537841796877,16.754638671875,16.265045166015625,34.375
2023-03-19 08:51:17,19.35719871520996,75.96385192871094,191.12142181396484,89.54545593261719,82.4000015258789,61.08578872680664,99.9963836669922,0.0,49.59238761198796,194050.0,15.394683837890623,18.168975830078125,15.802658081054688,19.17535400390625,34.375
2023-03-19 08:51:18,19.31214141845703,75.96385192871094,191.63411712646484,89.54545593261719,82.5999984741211,61.08578872680664,99.9963836669922,0.0,49.410031620353486,194050.0,14.061920166015623,20.2633056640625,16.97222900390625,18.27777099609375,34.375
2023-03-19 08:51:19,19.305561065673828,76.02409362792969,191.5608749389648,89.54545593261719,82.80000305175781,61.08578872680664,99.9963836669922,0.0,48.11682721652564,194051.0,15.258697509765623,19.936920166015625,16.80902099609375,19.01214599609375,34.375
2023-03-19 08:51:20,19.323148727416992,76.02409362792969,190.9830703735352,89.46969604492188,82.0999984741211,61.08578872680664,99.9963836669922,0.0,49.89946179483649,194051.0,15.095489501953123,18.957763671875,19.85531616210937,17.353012084960938,34.375
2023-03-19 08:51:21,19.36363220214844,75.96385192871094,189.9821014404297,89.46969604492188,81.19999694824219,61.08578872680664,99.9963836669922,0.0,52.021331997651714,194051.0,16.564239501953125,17.9241943359375,18.38656616210937,16.917816162109375,34.375
2023-03-19 08:51:22,19.40481185913086,76.02409362792969,191.0074920654297,89.46969604492188,81.69999694824219,61.08578872680664,99.9963836669922,0.0,50.58653047904845,194051.0,13.137161254882812,20.018524169921875,15.993057250976562,19.01214599609375,34.375
2023-03-19 08:51:23,19.42267227172852,76.02409362792969,191.2516250610352,89.46969604492188,81.69999694824219,61.08940887451172,99.9963836669922,0.0,49.50492955270677,194051.0,17.489013671875,18.604156494140625,16.999420166015625,18.27777099609375,34.375
2023-03-19 08:51:24,19.389577865600582,76.02409362792969,189.16015625,89.46969604492188,81.9000015258789,61.08578872680664,99.9963836669922,0.0,50.40042739704791,194051.0,16.53704833984375,19.692138671875,14.361114501953123,13.572341918945312,34.375
2023-03-19 08:51:25,19.354063034057617,76.02409362792969,190.4541015625,89.54545593261719,81.9000015258789,61.08940887451172,99.9963836669922,0.0,48.60056964041855,194051.0,14.93231201171875,18.903350830078125,19.773727416992188,17.244216918945312,34.375
2023-03-19 08:51:26,19.32217025756836,76.02409362792969,190.21810150146484,89.54545593261719,81.4000015258789,61.08940887451172,99.9963836669922,0.0,52.48352006864104,194051.0,16.645843505859375,16.50982666015625,16.80902099609375,18.38656616210937,34.375
2023-03-19 08:51:27,19.322717666625977,76.02409362792969,191.5201873779297,89.54545593261719,82.0999984741211,61.08578872680664,99.9963836669922,0.0,49.75559136321599,194051.0,15.965866088867188,20.752899169921875,18.41377258300781,17.733795166015625,34.375
2023-03-19 08:51:28,19.376855850219727,75.96385192871094,189.3147811889648,89.46969604492188,82.30000305175781,61.08940887451172,99.9963836669922,0.0,47.56906150602817,194051.0,18.359375,16.67303466796875,14.76910400390625,17.434600830078125,34.375
2023-03-19 08:51:29,19.439085006713867,75.96385192871094,191.65853118896484,89.46969604492188,81.5,61.08578872680664,99.9963836669922,0.0,50.19409147403485,194051.0,16.700241088867188,19.12094116210937,20.1273193359375,16.428253173828125,34.375
2023-03-19 08:51:30,19.50563621520996,76.02409362792969,191.02376556396484,89.46969604492188,81.5,61.08578872680664,99.9963836669922,0.0,51.07100825878,194051.0,17.026641845703125,18.168975830078125,15.1226806640625,18.98495483398437,34.375
2023-03-19 08:51:31,19.547351837158203,75.96385192871094,192.236328125,89.46969604492188,81.80000305175781,61.08578872680664,99.9963836669922,0.0,50.725253945916855,194051.0,13.68115234375,17.516204833984375,19.365737915039062,17.380218505859375,34.375
2023-03-19 08:51:32,19.53897285461425,75.96385192871094,190.1041641235352,89.46969604492188,80.5999984741211,61.08940887451172,99.9963836669922,0.0,50.97486374772321,194051.0,18.11459350585937,17.4617919921875,17.3258056640625,15.285888671875,34.375
2023-03-19 08:51:33,19.50805854797364,76.02409362792969,190.9749374389648,89.54545593261719,82.70000457763672,61.08578872680664,99.9963836669922,0.0,48.21480906869786,194051.0,17.516204833984375,17.57061767578125,17.869781494140625,16.999420166015625,34.375
2023-03-19 08:51:34,19.482202529907227,76.02409362792969,190.2099609375,89.54545593261719,82.0999984741211,61.08578872680664,99.9963836669922,0.0,49.50885255306661,194051.0,16.10186767578125,18.87615966796875,17.271408081054688,17.679397583007812,34.375
2023-03-19 08:51:35,19.45313835144043,75.96385192871094,190.4052810668945,89.46969604492188,82.9000015258789,61.08940887451172,99.9963836669922,0.0,47.8324738576065,194051.0,18.168991088867188,18.468170166015625,16.917816162109375,16.183441162109375,34.375
2023-03-19 08:51:36,19.462873458862305,75.96385192871094,192.0491485595703,89.46969604492188,82.5,61.08940887451172,99.9963836669922,0.0,46.54189280421272,194051.0,14.007537841796877,14.6875,14.796295166015623,20.018524169921875,34.375
2023-03-19 08:51:37,19.475811004638672,76.02409362792969,190.5680389404297,89.46969604492188,82.4000015258789,61.08578872680664,99.9963836669922,0.0,49.50250349282446,194051.0,16.809036254882812,18.767364501953125,14.76910400390625,20.1273193359375,34.375
2023-03-19 08:51:38,19.49546813964844,76.08434295654297,191.796875,89.46969604492188,81.5999984741211,61.08940887451172,99.9963836669922,0.0,50.504342036778304,194051.0,12.56597900390625,20.916091918945312,20.426513671875,15.394683837890623,34.375
2023-03-19 08:51:39,19.49731063842773,76.02409362792969,189.0462188720703,89.54545593261719,82.30000305175781,61.08578872680664,99.9963836669922,0.0,48.23322343533285,194051.0,17.86981201171875,18.9305419921875,12.076385498046877,14.823486328125,34.375
2023-03-19 08:51:40,19.472835540771484,75.96385192871094,191.4713516235352,89.54545593261719,82.0,61.08578872680664,99.9963836669922,0.0,50.51024519231052,194051.0,14.93231201171875,18.87615966796875,20.508102416992188,18.27777099609375,34.375
2023-03-19 08:51:41,19.40810775756836,75.96385192871094,190.9586639404297,89.46969604492188,81.69999694824219,61.08578872680664,99.9963836669922,0.0,50.07181135593377,194051.0,11.423614501953123,15.884246826171877,16.047454833984375,17.570602416992188,34.375
2023-03-19 08:51:42,19.350908279418945,75.96385192871094,190.72265625,89.46969604492188,81.69999694824219,61.08578872680664,99.9963836669922,0.0,51.34839226928251,194051.0,13.273162841796877,18.332183837890625,18.14178466796875,19.202545166015625,34.375
2023-03-19 08:51:43,19.303470611572266,76.02409362792969,190.62499237060547,89.46969604492188,82.30000305175781,61.08578872680664,99.9963836669922,0.0,46.90046823412655,194051.0,15.177093505859377,16.4554443359375,17.489013671875,18.087387084960938,34.375
2023-03-19 08:51:44,19.292957305908203,76.02409362792969,190.0146484375,89.46969604492188,82.0999984741211,61.08578872680664,99.9963836669922,0.0,50.12861804361929,194051.0,18.84896850585937,16.80902099609375,16.727432250976562,18.903350830078125,34.375
2023-03-19 08:51:45,19.3060245513916,76.02409362792969,190.0309219360352,89.46969604492188,82.5999984741211,61.08578872680664,99.9963836669922,0.0,48.86044264144825,194051.0,12.837982177734377,18.903350830078125,17.271408081054688,17.026611328125,34.375
2023-03-19 08:51:46,19.34215545654297,75.96385192871094,189.4693984985352,89.54545593261719,81.5,61.08578872680664,99.9963836669922,0.0,49.51242498170767,194051.0,16.482650756835938,20.807281494140625,12.973968505859377,15.993057250976562,34.375
2023-03-19 08:51:47,19.380802154541016,75.96385192871094,191.3004608154297,89.54545593261719,81.9000015258789,61.08578872680664,99.9963836669922,0.0,49.866612565029726,194051.0,12.0491943359375,17.217010498046875,18.223388671875,16.727432250976562,34.375
2023-03-19 08:51:48,19.39258575439453,76.02409362792969,188.7044219970703,89.46969604492188,81.0999984741211,61.08578872680664,99.9963836669922,0.0,51.92137706175681,194051.0,17.7882080078125,17.652191162109375,17.026611328125,13.3819580078125,34.375
2023-03-19 08:51:49,19.36767196655273,76.08434295654297,190.7552032470703,89.46969604492188,81.9000015258789,61.08940887451172,99.9963836669922,0.0,48.01764179645977,194051.0,11.99481201171875,18.87615966796875,20.45370483398437,18.5225830078125,34.375
2023-03-19 08:51:50,19.341711044311523,76.02409362792969,188.13475799560547,89.46969604492188,81.5999984741211,61.08940887451172,99.9963836669922,0.0,47.63290977964183,194051.0,15.285888671875,16.5914306640625,11.015625,15.50347900390625,34.375
2023-03-19 08:51:51,19.306396484375,75.90361022949219,189.6321563720703,89.46969604492188,81.9000015258789,61.08578872680664,99.9963836669922,0.0,46.96764222723479,194051.0,13.59954833984375,17.0538330078125,14.850692749023438,16.101852416992188,34.375
2023-03-19 08:51:52,19.306198120117188,75.96385192871094,190.1936798095703,89.46969604492188,82.5999984741211,61.08578872680664,99.9963836669922,0.0,47.81765920358885,194051.0,17.162628173828125,17.760986328125,16.07464599609375,15.367477416992188,34.375
2023-03-19 08:51:53,19.32966995239257,76.02409362792969,190.0634765625,89.46969604492188,82.5999984741211,61.08940887451172,99.9963836669922,0.0,48.96441702911516,194051.0,12.86517333984375,18.38656616210937,17.97857666015625,19.284149169921875,34.375
2023-03-19 08:51:54,19.366554260253903,76.08434295654297,190.234375,89.46969604492188,82.5999984741211,61.08940887451172,99.9963836669922,0.0,47.03494437272423,194051.0,14.796295166015623,20.58969116210937,17.352996826171875,19.420135498046875,34.375
2023-03-19 08:51:55,19.40743637084961,76.02409362792969,190.8447265625,89.46969604492188,82.5,61.08940887451172,99.9963836669922,0.0,50.38903966020533,194051.0,18.413787841796875,17.0538330078125,15.748260498046877,17.84259033203125,34.375
2023-03-19 08:51:56,19.430078506469727,75.96385192871094,190.7389297485352,89.46969604492188,80.80000305175781,61.08940887451172,99.9963836669922,0.0,52.23189015129837,194051.0,15.88427734375,18.168975830078125,18.52256774902344,17.7882080078125,34.375
2023-03-19 08:51:57,19.4211540222168,75.90361022949219,188.72069549560547,89.54545593261719,81.4000015258789,61.08578872680664,99.9963836669922,0.0,49.33396907843215,194051.0,17.325820922851562,16.97222900390625,15.149871826171877,15.775466918945312,34.375
2023-03-19 08:51:58,19.401052474975582,75.96385192871094,190.8203125,89.54545593261719,83.20000457763672,61.08578872680664,99.9963836669922,0.0,46.522860741904616,194051.0,14.823516845703123,17.9241943359375,18.604156494140625,18.767364501953125,34.375
2023-03-19 08:51:59,19.37080764770508,76.08434295654297,188.82649993896484,89.54545593261719,82.5,61.08578872680664,99.9963836669922,0.0,48.98324616217478,194051.0,16.61865234375,20.04571533203125,16.23785400390625,13.00115966796875,34.375
2023-03-19 08:52:00,19.352752685546875,76.08434295654297,188.9811172485352,89.46969604492188,83.30000305175781,61.08940887451172,99.9963836669922,0.0,47.51700107703055,194051.0,16.564239501953125,16.945037841796875,16.37384033203125,19.12094116210937,34.375
2023-03-19 08:52:01,19.362672805786133,75.90361022949219,191.11328125,89.46969604492188,81.80000305175781,61.08578872680664,99.9963836669922,0.0,50.49783231577787,194051.0,16.129058837890625,19.773727416992188,18.0601806640625,16.101852416992188,34.375
2023-03-19 08:52:02,19.387903213500977,75.96385192871094,190.9586639404297,89.46969604492188,82.0999984741211,61.08940887451172,99.9963836669922,0.0,48.124434263385226,194051.0,15.80267333984375,16.618621826171875,17.625,17.597808837890625,34.375
2023-03-19 08:52:03,19.43291282653809,76.02409362792969,190.9912185668945,89.46969604492188,82.5,61.08940887451172,99.9963836669922,0.0,48.606321495836006,194051.0,12.26678466796875,20.072906494140625,17.815399169921875,16.401046752929688,34.375
2023-03-19 08:52:04,19.45944023132324,76.02409362792969,189.31478118896484,89.46969604492188,81.5999984741211,61.08578872680664,99.9963836669922,0.0,49.839269301752125,194051.0,17.298614501953125,16.80902099609375,14.932281494140623,17.40740966796875,34.375
2023-03-19 08:52:05,19.454877853393555,76.02409362792969,189.3147811889648,89.46969604492188,81.5999984741211,61.08940887451172,99.9963836669922,0.0,51.16572184260741,194051.0,12.076400756835938,20.78009033203125,18.903350830078125,17.135421752929688,34.375
2023-03-19 08:52:06,19.424057006835938,76.02409362792969,189.5426406860352,89.54545593261719,81.80000305175781,61.08578872680664,99.9963836669922,0.0,50.620183919558514,194051.0,17.951400756835938,18.821746826171875,14.90509033203125,16.183441162109375,34.375
2023-03-19 08:52:07,19.395660400390625,76.02409362792969,190.3971328735352,89.54545593261719,82.80000305175781,61.08940887451172,99.9963836669922,0.0,49.49842598696891,194051.0,14.63311767578125,15.013885498046877,19.202545166015625,15.177093505859377,34.375
2023-03-19 08:52:08,19.365148544311523,75.96385192871094,190.576171875,89.54545593261719,81.9000015258789,61.08940887451172,99.9963836669922,0.0,50.7554762351502,194051.0,18.38658142089844,16.917816162109375,18.6585693359375,15.013885498046877,34.375
2023-03-19 08:52:09,19.382827758789062,75.96385192871094,189.07064056396484,89.46969604492188,82.9000015258789,61.08940887451172,99.9963836669922,0.0,48.648852648210266,194051.0,13.028366088867188,17.1898193359375,19.284149169921875,16.5914306640625,34.375
2023-03-19 08:52:10,19.40560531616211,76.02409362792969,190.2180938720703,89.46969604492188,82.5,61.08940887451172,99.9963836669922,0.0,46.73779015514453,194051.0,13.789947509765623,20.9976806640625,17.733795166015625,15.530670166015623,34.375
2023-03-19 08:52:11,19.436363220214844,76.02409362792969,188.0696563720703,89.46969604492188,82.20000457763672,61.08940887451172,99.9963836669922,0.0,47.50706312267842,194051.0,16.074661254882812,18.74017333984375,14.279510498046877,18.087387084960938,34.375
2023-03-19 08:52:12,19.459123611450195,76.08434295654297,189.892578125,89.46969604492188,82.30000305175781,61.08578872680664,99.9963836669922,0.0,48.59528718602927,194051.0,14.8507080078125,18.7945556640625,20.290496826171875,18.19618225097656,34.375
2023-03-19 08:52:13,19.445905685424805,75.96385192871094,189.3798828125,89.54545593261719,82.4000015258789,61.08940887451172,99.9963836669922,0.0,48.177055404695615,194051.0,18.71298217773437,18.6585693359375,15.8570556640625,16.80902099609375,34.375
2023-03-19 08:52:14,19.406639099121094,75.96385192871094,189.5345077514648,89.54545593261719,82.30000305175781,61.08940887451172,99.9963836669922,0.0,49.231802944331946,194051.0,14.33392333984375,21.160888671875,17.815399169921875,18.359375,34.375
2023-03-19 08:52:15,19.3684139251709,76.02409362792969,190.8284606933593,89.54545593261719,82.30000305175781,61.08940887451172,99.9963836669922,0.0,48.56657186915876,194051.0,18.413787841796875,18.25057983398437,17.271408081054688,15.965850830078123,34.375
2023-03-19 08:52:16,19.323909759521484,76.02409362792969,190.24251556396484,89.54545593261719,81.5,61.08940887451172,99.9963836669922,0.0,50.836652948774365,194051.0,14.714706420898438,14.3883056640625,19.14814758300781,19.556137084960938,34.375
2023-03-19 08:52:17,19.32337951660156,76.02409362792969,188.4521484375,89.46969604492188,81.4000015258789,61.08940887451172,99.9963836669922,0.0,50.33700252768331,194051.0,15.80267333984375,19.365753173828125,14.633102416992188,14.76910400390625,34.375
2023-03-19 08:52:18,19.34053421020508,75.96385192871094,189.45311737060547,89.54545593261719,81.30000305175781,61.08578872680664,99.9963836669922,0.0,53.08990109477209,194051.0,11.641204833984377,16.754638671875,17.3258056640625,15.476272583007812,34.375
2023-03-19 08:52:19,19.368793487548828,75.96385192871094,188.37890625,89.46969604492188,81.4000015258789,61.08940887451172,99.9963836669922,0.0,51.264631122187616,194051.0,16.645843505859375,18.98495483398437,13.327545166015623,18.032989501953125,34.375
2023-03-19 08:52:20,19.39643096923828,75.96385192871094,190.2018203735352,89.46969604492188,82.80000305175781,61.08940887451172,99.9963836669922,0.0,46.57111255073596,194051.0,17.434616088867188,17.9241943359375,19.365737915039062,14.959503173828123,34.375
2023-03-19 08:52:21,19.409303665161133,76.02409362792969,190.7145156860352,89.46969604492188,81.4000015258789,61.08578872680664,99.9963836669922,0.0,51.50320177789745,194051.0,15.50347900390625,20.5625,17.489013671875,19.964111328125,34.375
2023-03-19 08:52:22,19.39421463012696,76.02409362792969,188.92415618896484,89.46969604492188,81.9000015258789,61.08940887451172,99.9963836669922,0.0,49.026575423621615,194051.0,14.41552734375,21.623260498046875,17.24420166015625,16.700225830078125,34.375
2023-03-19 08:52:23,19.37324905395508,76.02409362792969,189.4938125610352,89.46969604492188,82.30000305175781,61.08578872680664,99.9963836669922,0.0,48.62602486797,194051.0,14.9866943359375,18.30499267578125,16.4554443359375,17.380218505859375,34.375
2023-03-19 08:52:24,19.32860946655273,75.96385192871094,188.9078750610352,89.46969604492188,81.80000305175781,61.08578872680664,99.9963836669922,0.0,47.45497751179771,194051.0,16.373855590820312,19.74652099609375,13.30035400390625,15.013885498046877,34.375
2023-03-19 08:52:25,19.32646942138672,75.96385192871094,188.5904998779297,89.46969604492188,82.5,61.08578872680664,99.9963836669922,0.0,49.854438864674506,194051.0,11.614013671875,16.564239501953125,17.380218505859375,18.821762084960938,34.375
2023-03-19 08:52:26,19.346939086914062,75.96385192871094,189.7461013793945,89.46969604492188,81.5999984741211,61.08940887451172,99.9963836669922,0.0,48.73080420625576,194051.0,19.828125,19.71932983398437,16.700225830078125,14.959503173828123,34.375
2023-03-19 08:52:27,19.390033721923828,76.02409362792969,190.0716171264648,89.54545593261719,82.5999984741211,61.08578872680664,99.9963836669922,0.0,47.7187072900725,194051.0,16.3194580078125,17.026611328125,18.57696533203125,18.14178466796875,34.375
2023-03-19 08:52:28,19.43609046936035,76.08434295654297,190.5924530029297,89.54545593261719,82.5999984741211,61.08940887451172,99.9963836669922,0.0,50.782426370512816,194051.0,18.84896850585937,19.12094116210937,19.773727416992188,10.79803466796875,34.375
2023-03-19 08:52:29,19.45427894592285,76.08434295654297,190.4947891235352,89.46969604492188,82.70000457763672,61.08940887451172,99.9963836669922,0.0,49.96234633656368,194051.0,14.007537841796877,18.413787841796875,20.970489501953125,17.489013671875,34.375
2023-03-19 08:52:30,19.43144989013672,75.96385192871094,189.8111953735352,89.46969604492188,81.80000305175781,61.08940887451172,99.9963836669922,0.0,50.59966355427872,194051.0,17.625,16.781829833984375,15.93865966796875,19.12094116210937,34.375
2023-03-19 08:52:31,19.40671157836914,75.96385192871094,190.7633438110352,89.46969604492188,82.4000015258789,61.08940887451172,99.9963836669922,0.0,49.450277187370325,194051.0,13.73553466796875,18.00579833984375,18.6585693359375,15.93865966796875,34.375
2023-03-19 08:52:32,19.365827560424805,75.96385192871094,191.1051406860352,89.46969604492188,82.5999984741211,61.08940887451172,99.9963836669922,0.0,49.755240355546505,194051.0,14.33392333984375,18.25057983398437,19.25694274902344,18.604171752929688,34.375
2023-03-19 08:52:33,19.356876373291016,76.02409362792969,191.69921875,89.54545593261719,82.20000457763672,61.08578872680664,99.9963836669922,0.0,50.782578899231005,194051.0,14.660308837890623,20.508102416992188,15.367477416992188,16.428253173828125,34.375
2023-03-19 08:52:34,19.38469696044922,76.02409362792969,191.2434844970703,89.54545593261719,80.69999694824219,61.08940887451172,99.9963836669922,0.0,52.28969344585997,194051.0,13.844329833984377,18.98495483398437,14.9866943359375,16.727432250976562,34.375
2023-03-19 08:52:35,19.42106437683105,75.96385192871094,191.7236328125,89.46969604492188,82.20000457763672,61.08940887451172,99.9963836669922,0.0,46.53412027285573,194051.0,20.50811767578125,19.828125,12.10357666015625,12.429977416992188,34.375
2023-03-19 08:52:36,19.466588973999023,75.96385192871094,191.99217987060547,89.46969604492188,82.80000305175781,61.08940887451172,99.9963836669922,0.0,45.54916966805828,194051.0,16.183456420898438,17.70660400390625,19.5289306640625,14.76910400390625,34.375
2023-03-19 08:52:37,19.49127197265625,76.02409362792969,194.3928985595703,89.46969604492188,82.30000305175781,61.08940887451172,99.9963836669922,0.0,49.25697570417574,194051.0,12.919570922851562,16.700225830078125,17.217010498046875,14.76910400390625,34.375
2023-03-19 08:52:38,19.480918884277344,76.02409362792969,194.62890625,89.46969604492188,81.80000305175781,61.08940887451172,99.9963836669922,0.0,49.87258944240294,194051.0,16.10186767578125,17.0538330078125,17.951385498046875,17.1898193359375,34.375
2023-03-19 08:52:39,19.45270729064941,75.96385192871094,195.5403594970703,89.54545593261719,82.0,61.08940887451172,99.9963836669922,0.0,51.77274275134352,194051.0,14.524322509765623,17.7882080078125,16.50982666015625,16.727432250976562,34.375
2023-03-19 08:52:40,19.41433525085449,76.02409362792969,195.9635391235352,89.54545593261719,82.20000457763672,61.08940887451172,99.9963836669922,0.0,49.09276574824907,194051.0,16.645843505859375,17.54339599609375,18.223388671875,17.217010498046875,34.375
2023-03-19 08:52:41,19.38753128051757,76.02409362792969,195.9228515625,89.54545593261719,81.5,61.08940887451172,99.9963836669922,0.0,49.029904128523874,194051.0,14.1163330078125,17.10821533203125,14.823486328125,17.679397583007812,34.375
2023-03-19 08:52:42,19.38750457763672,76.02409362792969,192.3095703125,89.46969604492188,81.69999694824219,61.08940887451172,99.9963836669922,0.0,50.75254982077076,194051.0,12.892364501953123,19.556137084960938,14.6875,14.524307250976562,34.375
2023-03-19 08:52:43,19.40742874145508,75.96385192871094,194.5068359375,89.46969604492188,82.0999984741211,61.08940887451172,99.9963836669922,0.0,48.22544299888688,194051.0,15.231491088867188,16.781829833984375,19.31134033203125,18.19618225097656,34.375
2023-03-19 08:52:44,19.44516944885254,75.96385192871094,193.3675079345703,89.46969604492188,81.80000305175781,61.08940887451172,99.9963836669922,0.0,50.369494301496175,194051.0,15.693878173828123,19.25694274902344,14.03472900390625,15.993057250976562,34.375
2023-03-19 08:52:45,19.464487075805664,76.02409362792969,193.50585174560547,89.46969604492188,82.4000015258789,61.08940887451172,99.9963836669922,0.0,45.74404686253215,194051.0,14.2523193359375,16.863433837890625,19.039352416992188,19.17535400390625,34.375
2023-03-19 08:52:46,19.44862174987793,76.02409362792969,193.2373123168945,89.46969604492188,82.70000457763672,61.08940887451172,99.9963836669922,0.0,48.88527225383873,194051.0,17.434616088867188,17.026611328125,19.964111328125,16.999420166015625,34.375
2023-03-19 08:52:47,19.403892517089844,76.02409362792969,192.3583984375,89.46969604492188,82.5,61.08940887451172,99.9963836669922,0.0,48.03991977767529,194051.0,18.6585693359375,19.66493225097656,14.442718505859377,13.626739501953123,34.375
2023-03-19 08:52:48,19.36886405944824,76.02409362792969,192.4560546875,89.54545593261719,81.9000015258789,61.08940887451172,99.9963836669922,0.0,51.67885081265992,194051.0,15.421875,17.162628173828125,18.52256774902344,16.945022583007812,34.375
2023-03-19 08:52:49,19.32671546936035,76.02409362792969,192.0247421264648,89.54545593261719,81.5,61.08940887451172,99.9963836669922,0.0,50.830150704176006,194051.0,18.60418701171875,17.026611328125,16.23785400390625,17.3258056640625,34.34999990463257
2023-03-19 08:52:50,19.32280540466309,76.02409362792969,193.8802032470703,89.54545593261719,82.0999984741211,61.08940887451172,99.9963836669922,0.0,51.25036179578637,194051.0,13.762741088867188,19.501739501953125,19.692138671875,20.100128173828125,34.375
2023-03-19 08:52:51,19.33033561706543,76.02409362792969,193.5709609985352,89.54545593261719,81.69999694824219,61.08940887451172,99.9963836669922,0.0,50.42862076420301,194051.0,14.551513671875,19.03936767578125,16.67303466796875,18.223388671875,34.34999990463257
2023-03-19 08:52:52,19.35839462280273,76.02409362792969,194.1650390625,89.54545593261719,82.9000015258789,61.08940887451172,99.9963836669922,0.0,48.9326361409088,194051.0,13.354766845703123,16.754638671875,19.773727416992188,17.9241943359375,34.34999990463257
2023-03-19 08:52:53,19.379432678222656,75.96385192871094,193.63607025146484,89.46969604492188,81.80000305175781,61.08940887451172,99.9963836669922,0.0,49.58271423065461,194051.0,15.313079833984377,20.34490966796875,17.70660400390625,16.047454833984375,34.375
2023-03-19 08:52:54,19.37171173095703,75.96385192871094,191.40625,89.46969604492188,81.80000305175781,61.08940887451172,99.9963836669922,0.0,50.237867597394185,194051.0,17.597808837890625,21.242477416992188,14.60589599609375,17.10821533203125,34.375
2023-03-19 08:52:55,19.333887100219727,76.02409362792969,193.1884841918945,89.46969604492188,82.0999984741211,61.08940887451172,99.9963836669922,0.0,50.24454938946039,194051.0,13.545150756835938,17.54339599609375,18.903350830078125,15.394683837890623,34.375
2023-03-19 08:52:56,19.30011558532715,76.02409362792969,193.017578125,89.46969604492188,81.5999984741211,61.08940887451172,99.9963836669922,0.0,50.34643212809716,194051.0,19.066558837890625,19.12094116210937,18.27777099609375,16.836227416992188,34.375
2023-03-19 08:52:57,19.279565811157227,76.02409362792969,193.1884841918945,89.46969604492188,83.0,61.08940887451172,99.9963836669922,0.0,50.784639067198455,194051.0,17.325820922851562,17.57061767578125,18.6585693359375,19.58334350585937,34.375
2023-03-19 08:52:58,19.282426834106445,75.96385192871094,193.359375,89.46969604492188,81.80000305175781,61.08578872680664,99.9963836669922,0.0,51.24711408871517,194051.0,17.625,19.5289306640625,16.23785400390625,14.6875,34.375
2023-03-19 08:52:59,19.3154525756836,76.02409362792969,193.8313827514648,89.54545593261719,82.20000457763672,61.08578872680664,99.9963836669922,0.0,50.05777190560547,194051.0,15.20428466796875,16.37384033203125,18.57696533203125,17.652191162109375,34.375
2023-03-19 08:53:00,19.3547306060791,76.02409362792969,192.7571563720703,89.54545593261719,82.70000457763672,61.08940887451172,99.9963836669922,0.0,50.06282453340754,194051.0,18.468170166015625,20.290512084960938,15.1226806640625,16.700225830078125,34.375
2023-03-19 08:53:01,19.39122200012207,76.02409362792969,194.7184219360352,89.54545593261719,82.4000015258789,61.08940887451172,99.9963836669922,0.0,49.501372486434725,194051.0,15.612274169921877,20.752899169921875,20.8616943359375,16.945022583007812,34.375
2023-03-19 08:53:02,19.417863845825195,76.02409362792969,191.7317733764648,89.46969604492188,81.9000015258789,61.08578872680664,99.9963836669922,0.0,49.62543675181495,194051.0,17.081024169921875,16.999420166015625,15.693862915039062,18.38656616210937,34.375
2023-03-19 08:53:03,19.413806915283203,75.96385192871094,193.0338516235352,89.46969604492188,82.20000457763672,61.08940887451172,99.9963836669922,0.0,50.74348135949507,194051.0,16.999420166015625,16.97222900390625,20.100112915039062,17.516204833984375,34.375
2023-03-19 08:53:04,19.41495513916016,76.02409362792969,192.3665466308593,89.46969604492188,82.0,61.08940887451172,99.9963836669922,0.0,50.72587618385566,194051.0,19.03936767578125,15.177093505859377,13.354736328125,14.796295166015623,34.375
2023-03-19 08:53:05,19.391098022460938,76.02409362792969,194.2789688110352,89.46969604492188,81.4000015258789,61.08578872680664,99.9963836669922,0.0,52.57501800025968,194051.0,15.20428466796875,17.70660400390625,18.41377258300781,18.957763671875,34.34999990463257
2023-03-19 08:53:06,19.37260627746582,76.02409362792969,192.5943984985352,89.54545593261719,81.69999694824219,61.08578872680664,99.9963836669922,0.0,51.34773947567276,194051.0,15.80267333984375,18.1961669921875,18.0601806640625,16.5914306640625,34.34999990463257
2023-03-19 08:53:07,19.37181663513184,75.96385192871094,191.68294525146484,89.46969604492188,81.5999984741211,61.08940887451172,99.9963836669922,0.0,52.60433306608012,194051.0,16.700241088867188,16.50982666015625,17.489013671875,15.06829833984375,34.375
2023-03-19 08:53:08,19.408418655395508,75.96385192871094,191.30044555664065,89.46969604492188,80.9000015258789,61.08578872680664,99.9963836669922,0.0,51.70593864676887,194051.0,14.388320922851562,17.162628173828125,18.604156494140625,18.44097900390625,34.375
2023-03-19 08:53:09,19.46472549438477,76.02409362792969,191.96776580810547,89.46969604492188,83.20000457763672,61.08940887451172,99.9963836669922,0.0,46.01139770793528,194051.0,15.7210693359375,18.359375,12.076385498046877,16.183441162109375,34.34999990463257
2023-03-19 08:53:10,19.509597778320312,76.02409362792969,191.21907806396484,89.54545593261719,82.0,61.08940887451172,99.9963836669922,0.0,47.05206113261499,194051.0,14.46990966796875,19.202545166015625,12.729156494140623,18.359375,34.34999990463257
2023-03-19 08:53:11,19.501577377319336,76.02409362792969,193.19661712646484,89.54545593261719,82.0,61.08940887451172,99.9963836669922,0.0,48.52048703288776,194051.0,18.359375,17.760986328125,13.463531494140623,16.80902099609375,34.34999990463257
2023-03-19 08:53:12,19.48883628845215,76.02409362792969,193.6686248779297,89.54545593261719,82.5,61.08940887451172,99.9963836669922,0.0,47.6247754033833,194051.0,16.53704833984375,19.58334350585937,19.17535400390625,19.692138671875,34.375
2023-03-19 08:53:13,19.45681953430176,75.90361022949219,192.3665313720703,89.46969604492188,80.9000015258789,61.08940887451172,99.9963836669922,0.0,52.02445020707329,194051.0,16.61865234375,18.5225830078125,16.292236328125,15.5850830078125,34.375
2023-03-19 08:53:14,19.4377498626709,75.96385192871094,191.9677734375,89.46969604492188,82.0,61.08940887451172,99.9963836669922,0.0,48.23786409529448,194051.0,17.7882080078125,17.652191162109375,16.020263671875,15.965850830078123,34.375
2023-03-19 08:53:15,19.442148208618164,75.96385192871094,191.9921875,89.46969604492188,81.5,61.08940887451172,99.9963836669922,0.0,51.94006407159223,194051.0,16.210662841796875,19.17535400390625,19.90972900390625,13.626739501953123,34.375
2023-03-19 08:53:16,19.45494079589844,76.02409362792969,193.2047576904297,89.46969604492188,81.9000015258789,61.08940887451172,99.9963836669922,0.0,50.14847609684399,194051.0,15.557891845703123,17.815399169921875,16.781829833984375,16.727432250976562,34.34999990463257
2023-03-19 08:53:17,19.45536994934082,76.02409362792969,193.06640625,89.46969604492188,82.5,61.08940887451172,99.9963836669922,0.0,49.65673838115405,194051.0,14.19793701171875,16.917816162109375,18.14178466796875,18.5225830078125,34.34999990463257
2023-03-19 08:53:18,19.44054412841797,75.96385192871094,192.0898513793945,89.54545593261719,82.80000305175781,61.08940887451172,99.9963836669922,0.0,48.1817671993096,194051.0,14.1163330078125,15.748260498046877,17.70660400390625,16.945022583007812,34.375
2023-03-19 08:53:19,19.37807273864746,75.96385192871094,193.6767578125,89.54545593261719,82.20000457763672,61.08940887451172,99.9963836669922,0.0,49.37388607586589,194051.0,16.917831420898438,17.162628173828125,17.788192749023438,17.434600830078125,34.34999990463257
2023-03-19 08:53:20,19.34941673278809,76.02409362792969,192.1061172485352,89.54545593261719,82.20000457763672,61.08578872680664,99.9963836669922,0.0,51.10205854958077,194051.0,14.9866943359375,14.9866943359375,17.9241943359375,16.183441162109375,34.34999990463257
2023-03-19 08:53:21,19.367374420166016,76.08434295654297,191.8863983154297,89.46969604492188,81.69999694824219,61.08940887451172,99.9963836669922,0.0,49.97672551787547,194051.0,14.1163330078125,19.61053466796875,15.585067749023438,18.98495483398437,34.34999990463257
2023-03-19 08:53:22,19.36922264099121,76.02409362792969,192.08984375,89.46969604492188,81.69999694824219,61.08578872680664,99.9963836669922,0.0,51.053092692493614,194051.0,12.593170166015623,19.01214599609375,17.54339599609375,13.028350830078123,34.34999990463257
2023-03-19 08:53:23,19.363948822021484,75.96385192871094,191.58528900146484,89.46969604492188,82.0999984741211,61.08940887451172,99.9963836669922,0.0,49.16776664881191,194051.0,20.26332092285156,15.04107666015625,14.415496826171877,17.570602416992188,34.34999990463257
2023-03-19 08:53:24,19.35275077819824,75.84337615966797,193.68489837646484,89.46969604492188,81.69999694824219,61.08578872680664,99.9963836669922,0.0,52.05744590577067,194051.0,13.028366088867188,18.332183837890625,18.87615966796875,16.482635498046875,34.34999990463257
2023-03-19 08:53:25,19.36070251464844,75.96385192871094,193.07454681396484,89.46969604492188,82.0999984741211,61.08940887451172,99.9963836669922,0.0,51.01614705124354,194051.0,17.162628173828125,16.401031494140625,17.461807250976562,19.637725830078125,34.34999990463257
2023-03-19 08:53:26,19.36160087585449,76.08434295654297,193.7662734985352,89.54545593261719,81.5999984741211,61.08940887451172,99.9963836669922,0.0,51.91846817892328,194051.0,12.26678466796875,17.760986328125,18.57696533203125,16.999420166015625,34.34999990463257
2023-03-19 08:53:27,19.34769058227539,76.02409362792969,191.92708587646484,89.54545593261719,81.69999694824219,61.08940887451172,99.9963836669922,0.0,49.13477948319371,194051.0,18.168991088867188,13.57232666015625,13.273147583007812,15.7210693359375,34.34999990463257
2023-03-19 08:53:28,19.32191276550293,75.96385192871094,193.31868743896484,89.54545593261719,82.0999984741211,61.08940887451172,99.9963836669922,0.0,49.578965152577226,194051.0,13.789947509765623,15.8570556640625,18.52256774902344,16.183441162109375,34.375
2023-03-19 08:53:29,19.309024810791016,75.96385192871094,191.8863983154297,89.54545593261719,82.70000457763672,61.08578872680664,99.9963836669922,0.0,48.716156582364384,194051.0,16.373855590820312,17.760986328125,17.3258056640625,18.957763671875,34.375
2023-03-19 08:53:30,19.294544219970703,76.02409362792969,193.6523513793945,89.46969604492188,82.5,61.08940887451172,99.9963836669922,0.0,49.59026415647924,194051.0,16.15625,19.828125,19.5289306640625,15.965850830078123,34.375
2023-03-19 08:53:31,19.29625701904297,76.08434295654297,191.3981094360352,89.46969604492188,82.0999984741211,61.08940887451172,99.9963836669922,0.0,50.2804408628977,194051.0,19.33856201171875,17.652191162109375,13.00115966796875,17.652191162109375,34.34999990463257
2023-03-19 08:53:32,19.32672882080078,76.02409362792969,192.431640625,89.46969604492188,81.9000015258789,61.08940887451172,99.9963836669922,0.0,49.39439188012915,194051.0,16.23785400390625,19.12094116210937,17.733795166015625,18.359375,34.34999990463257
2023-03-19 08:53:33,19.397356033325195,75.96385192871094,192.1793670654297,89.46969604492188,81.80000305175781,61.08940887451172,99.9963836669922,0.0,49.59980721353348,194051.0,14.497116088867188,20.1273193359375,14.415496826171877,18.631378173828125,34.34999990463257
2023-03-19 08:53:34,19.456926345825195,75.96385192871094,191.5934219360352,89.46969604492188,82.0999984741211,61.08940887451172,99.9963836669922,0.0,48.23415305097043,194051.0,16.999420166015625,16.401031494140625,18.005783081054688,18.7945556640625,34.34999990463257
2023-03-19 08:53:35,19.501930236816406,75.96385192871094,192.04915618896484,89.46969604492188,81.5,61.08940887451172,99.9963836669922,0.0,49.79821212077349,194051.0,14.551513671875,19.365753173828125,19.202545166015625,16.67303466796875,34.34999990463257
2023-03-19 08:53:36,19.5107364654541,75.96385192871094,192.041015625,89.46969604492188,81.9000015258789,61.08940887451172,99.9963836669922,0.0,49.25328829253772,194051.0,16.999420166015625,16.945037841796875,17.380218505859375,16.863433837890625,34.34999990463257
2023-03-19 08:53:37,19.509323120117188,76.02409362792969,192.4723281860352,89.46969604492188,82.30000305175781,61.08940887451172,99.9963836669922,0.0,49.266183891603305,194051.0,12.103607177734377,19.01214599609375,21.46006774902344,16.37384033203125,34.34999990463257
2023-03-19 08:53:38,19.505659103393555,75.96385192871094,191.99217987060547,89.46969604492188,81.9000015258789,61.08940887451172,99.9963836669922,0.0,49.61913994146432,194051.0,14.225128173828123,17.54339599609375,14.850692749023438,13.980316162109377,34.34999990463257
2023-03-19 08:53:39,19.5466423034668,75.96385192871094,193.11522674560547,89.46969604492188,82.0999984741211,61.08940887451172,99.9963836669922,0.0,48.20250066597905,194051.0,16.809036254882812,21.32406616210937,19.66493225097656,17.625,34.34999990463257
2023-03-19 08:53:40,19.588468551635746,75.96385192871094,191.09700775146484,89.46969604492188,82.20000457763672,61.08940887451172,99.9963836669922,0.0,49.371249208495534,194051.0,15.829864501953123,20.45370483398437,16.37384033203125,16.07464599609375,34.34999990463257
2023-03-19 08:53:41,19.6480655670166,76.02409362792969,191.5445938110352,89.46969604492188,82.0999984741211,61.08578872680664,99.9963836669922,0.0,49.14491093066906,194051.0,15.20428466796875,14.714691162109377,18.359375,20.48089599609375,34.34999990463257
2023-03-19 08:53:42,19.666858673095703,76.02409362792969,193.0908203125,89.46969604492188,81.5999984741211,61.08940887451172,99.9963836669922,0.0,49.3102507608792,194051.0,16.373855590820312,17.516204833984375,16.101852416992188,16.863433837890625,34.34999990463257
2023-03-19 08:53:43,19.65605735778809,76.02409362792969,192.00032806396484,89.46969604492188,82.0,61.08940887451172,99.9963836669922,0.0,49.86196419656229,194051.0,15.911468505859377,17.679412841796875,17.951385498046875,17.298614501953125,34.34999990463257
2023-03-19 08:53:44,19.62129020690918,76.02409362792969,192.1061248779297,89.54545593261719,81.9000015258789,61.08578872680664,99.9963836669922,0.0,48.30803822650793,194051.0,12.72918701171875,19.12094116210937,18.93055725097656,15.693878173828123,34.34999990463257
2023-03-19 08:53:45,19.572242736816406,75.96385192871094,190.4459686279297,89.54545593261719,81.9000015258789,61.08940887451172,99.9963836669922,0.0,49.477637559918186,194051.0,15.993072509765623,17.9241943359375,16.564239501953125,17.570602416992188,34.34999990463257
2023-03-19 08:53:46,19.50650405883789,75.96385192871094,191.2190704345703,89.54545593261719,82.5,61.08940887451172,99.9963836669922,0.0,49.33250995939582,194051.0,13.137161254882812,19.420135498046875,19.66493225097656,16.890625,34.34999990463257
2023-03-19 08:53:47,19.47183609008789,76.02409362792969,190.9261016845703,89.54545593261719,82.0,61.08940887451172,99.9963836669922,0.0,50.71360574403581,194051.0,15.993072509765623,18.0601806640625,15.77545166015625,18.98495483398437,34.34999990463257
2023-03-19 08:53:48,19.464296340942383,76.02409362792969,192.48046875,89.46969604492188,82.70000457763672,61.08940887451172,99.9963836669922,0.0,46.787331709472426,194051.0,15.7210693359375,17.10821533203125,18.71295166015625,18.57696533203125,34.34999990463257
2023-03-19 08:53:49,19.45730781555176,75.96385192871094,191.6829376220703,89.46969604492188,81.4000015258789,61.08940887451172,99.9963836669922,0.0,51.43574291460649,194051.0,15.476287841796877,20.807281494140625,16.80902099609375,17.298614501953125,34.34999990463257
2023-03-19 08:53:50,19.443504333496094,75.96385192871094,191.63411712646484,89.46969604492188,81.80000305175781,61.08940887451172,99.9963836669922,0.0,49.43512102614127,194051.0,16.945037841796875,16.564239501953125,17.70660400390625,18.223388671875,34.34999990463257
2023-03-19 08:53:51,19.39190101623535,75.96385192871094,191.70735931396484,89.46969604492188,82.0999984741211,61.08940887451172,99.9963836669922,0.0,51.50547898330481,194051.0,16.809036254882812,21.840850830078125,17.516204833984375,15.231475830078123,34.34999990463257
2023-03-19 08:53:52,19.322172164916992,76.02409362792969,191.11327362060547,89.54545593261719,82.0999984741211,61.08940887451172,99.9963836669922,0.0,49.71559041746003,194051.0,16.564239501953125,15.013885498046877,18.38656616210937,17.9241943359375,34.34999990463257
2023-03-19 08:53:53,19.24949073791504,76.02409362792969,191.6748046875,89.46969604492188,81.9000015258789,61.08940887451172,99.9963836669922,0.0,48.98587999516858,194051.0,12.457183837890623,21.67767333984375,16.428237915039062,15.313079833984377,34.34999990463257
2023-03-19 08:53:54,19.163599014282227,76.02409362792969,190.5436248779297,89.46969604492188,81.9000015258789,61.08940887451172,99.9963836669922,0.0,47.5207939091761,194051.0,16.53704833984375,19.501739501953125,14.061920166015623,18.332183837890625,34.34999990463257
2023-03-19 08:53:55,19.108163833618164,75.96385192871094,191.5690155029297,89.46969604492188,81.9000015258789,61.08940887451172,99.9963836669922,0.0,52.80793419484037,194051.0,15.993072509765623,17.24420166015625,19.338531494140625,15.993057250976562,34.34999990463257
2023-03-19 08:53:56,19.09479713439941,75.96385192871094,191.79686737060547,89.46969604492188,82.30000305175781,61.08940887451172,99.9963836669922,0.0,49.41954604120816,194051.0,16.183456420898438,19.74652099609375,18.495361328125,17.679397583007812,34.34999990463257
2023-03-19 08:53:57,19.108556747436523,76.02409362792969,191.68294525146484,89.54545593261719,81.80000305175781,61.08578872680664,99.9963836669922,0.0,51.7273626982068,194051.0,13.5179443359375,16.67303466796875,15.449066162109377,17.869796752929688,34.34999990463257
2023-03-19 08:53:58,19.15073204040528,76.02409362792969,191.96776580810547,89.46969604492188,83.0999984741211,61.08940887451172,99.9963836669922,0.0,48.13673374201818,194051.0,14.170730590820312,21.13368225097656,15.748260498046877,16.15625,34.34999990463257
2023-03-19 08:53:59,19.17197799682617,76.02409362792969,190.6087265014648,89.46969604492188,81.5999984741211,61.08578872680664,99.9963836669922,0.0,51.93470427406957,194051.0,17.679412841796875,16.863433837890625,16.292236328125,18.549774169921875,34.34999990463257
2023-03-19 08:54:00,19.189836502075195,75.96385192871094,191.0319061279297,89.46969604492188,81.0999984741211,61.08940887451172,99.9963836669922,0.0,51.89942432169523,194051.0,12.86517333984375,18.0601806640625,16.645843505859375,15.748260498046877,34.34999990463257
2023-03-19 08:54:01,19.20860290527344,75.96385192871094,190.92610931396484,89.46969604492188,81.80000305175781,61.08940887451172,99.9963836669922,0.0,50.008472679538144,194051.0,19.17535400390625,18.27777099609375,14.6875,19.2569580078125,34.34999990463257
2023-03-19 08:54:02,19.22121238708496,75.96385192871094,192.38280487060547,89.46969604492188,82.4000015258789,61.08578872680664,99.9963836669922,0.0,49.797793707952536,194051.0,13.626739501953123,21.21527099609375,20.154510498046875,16.5914306640625,34.34999990463257
2023-03-19 08:54:03,19.244659423828125,76.02409362792969,191.0888671875,89.46969604492188,82.0999984741211,61.08940887451172,99.9963836669922,0.0,50.371299906122495,194051.0,16.781829833984375,16.37384033203125,14.524307250976562,17.815399169921875,34.34999990463257
2023-03-19 08:54:04,19.32193183898925,76.08434295654297,190.7389373779297,89.46969604492188,82.0,61.08940887451172,99.9963836669922,0.0,51.71142686705778,194051.0,16.97222900390625,18.413787841796875,19.61053466796875,17.625,34.34999990463257
2023-03-19 08:54:05,19.40043830871582,75.96385192871094,190.2262344360352,89.46969604492188,81.80000305175781,61.08578872680664,99.9963836669922,0.0,49.63928349412869,194051.0,18.196197509765625,18.84896850585937,17.352996826171875,19.74652099609375,34.34999990463257
2023-03-19 08:54:06,19.50109100341797,75.90361022949219,191.6666641235352,89.54545593261719,82.80000305175781,61.08940887451172,99.9963836669922,0.0,46.82763795031938,194051.0,15.177093505859377,17.897003173828125,19.936920166015625,19.066558837890625,34.34999990463257
2023-03-19 08:54:07,19.58440589904785,75.96385192871094,191.6422576904297,89.54545593261719,82.30000305175781,61.08940887451172,99.9963836669922,0.0,47.54582163056424,194051.0,16.83624267578125,18.821746826171875,16.482635498046875,18.332183837890625,34.34999990463257
2023-03-19 08:54:08,19.618083953857425,76.02409362792969,191.51204681396484,89.46969604492188,81.5999984741211,61.08940887451172,99.9963836669922,0.0,50.57906129448313,194051.0,18.495391845703125,17.97857666015625,19.01214599609375,16.047454833984375,34.34999990463257
2023-03-19 08:54:09,19.625123977661133,76.08434295654297,190.5924453735352,89.46969604492188,81.80000305175781,61.08578872680664,99.9963836669922,0.0,49.72820915333013,194051.0,17.842605590820312,16.67303466796875,15.693862915039062,18.00579833984375,34.34999990463257
2023-03-19 08:54:10,19.604463577270508,76.02409362792969,190.2669219970703,89.46969604492188,82.0,61.08578872680664,99.9963836669922,0.0,48.62216933886014,194051.0,17.244232177734375,20.8616943359375,15.177093505859377,13.762725830078123,34.34999990463257
2023-03-19 08:54:11,19.568328857421875,75.96385192871094,191.0563125610352,89.46969604492188,82.0999984741211,61.08578872680664,99.9963836669922,0.0,50.31964814843696,194051.0,14.877899169921877,17.217010498046875,19.85531616210937,14.03472900390625,34.34999990463257
2023-03-19 08:54:12,19.552499771118164,75.96385192871094,191.29232025146484,89.46969604492188,81.9000015258789,61.08940887451172,99.9963836669922,0.0,48.91681384540511,194051.0,16.645843505859375,18.87615966796875,13.43634033203125,15.693878173828123,34.34999990463257
2023-03-19 08:54:13,19.552188873291016,76.02409362792969,192.48046875,89.54545593261719,82.0,61.08940887451172,99.9963836669922,0.0,48.403311762058216,194051.0,13.545150756835938,13.87152099609375,18.38656616210937,17.0538330078125,34.34999990463257
2023-03-19 08:54:14,19.569067001342773,76.02409362792969,190.72265625,89.54545593261719,81.5,61.08940887451172,99.9963836669922,0.0,49.08427919885978,194051.0,20.29052734375,17.869781494140625,12.7835693359375,16.67303466796875,34.34999990463257
2023-03-19 08:54:15,19.562816619873047,76.02409362792969,192.9524765014648,89.54545593261719,82.70000457763672,61.08578872680664,99.9963836669922,0.0,47.27036527877308,194051.0,13.708343505859377,20.04571533203125,23.71759033203125,17.7882080078125,34.34999990463257
2023-03-19 08:54:16,19.51851272583008,75.96385192871094,190.34017181396484,89.46969604492188,82.5,61.08578872680664,99.9963836669922,0.0,47.30272613331232,194051.0,19.882537841796875,21.405670166015625,17.760986328125,17.3258056640625,34.34999990463257
2023-03-19 08:54:17,19.450857162475582,75.90361022949219,191.7724609375,89.46969604492188,81.0999984741211,61.08578872680664,99.9963836669922,0.0,53.14957974969433,194051.0,13.626739501953123,20.290512084960938,17.081024169921875,14.9866943359375,34.34999990463257
2023-03-19 08:54:18,19.38589859008789,75.96385192871094,190.69823455810547,89.46969604492188,81.9000015258789,61.08578872680664,99.9963836669922,0.0,50.92588810831861,194051.0,16.4554443359375,15.50347900390625,17.162612915039062,17.217010498046875,34.34999990463257
2023-03-19 08:54:19,19.32425308227539,76.02409362792969,191.064453125,89.46969604492188,82.0,61.08940887451172,99.9963836669922,0.0,49.44643938285782,194051.0,16.15625,19.17535400390625,18.71295166015625,16.67303466796875,34.34999990463257
2023-03-19 08:54:20,19.29784774780273,76.02409362792969,190.4866485595703,89.46969604492188,81.80000305175781,61.08940887451172,99.9963836669922,0.0,49.6598343683254,194051.0,16.482650756835938,16.346649169921875,18.98495483398437,16.183441162109375,34.34999990463257
2023-03-19 08:54:21,19.2898006439209,76.02409362792969,190.41341400146484,89.54545593261719,82.0,61.08578872680664,99.9963836669922,0.0,49.93396886569724,194051.0,13.626739501953123,20.34490966796875,18.223388671875,16.23785400390625,34.34999990463257
2023-03-19 08:54:22,19.28549194335937,75.96385192871094,190.0634765625,89.46969604492188,81.80000305175781,61.08578872680664,99.9963836669922,0.0,49.746696716655045,194051.0,13.762741088867188,16.917816162109375,17.84259033203125,17.162628173828125,34.34999990463257
2023-03-19 08:54:23,19.28160285949707,75.90361022949219,191.4632110595703,89.46969604492188,81.5999984741211,61.08578872680664,99.9963836669922,0.0,49.57480354606779,194051.0,15.421875,18.821746826171875,13.844329833984377,15.1226806640625,34.34999990463257
2023-03-19 08:54:24,19.27661323547364,75.90361022949219,191.3248748779297,89.46969604492188,82.80000305175781,61.08578872680664,99.9963836669922,0.0,48.45174000447433,194051.0,14.714706420898438,16.890625,20.39930725097656,18.84896850585937,34.34999990463257
2023-03-19 08:54:25,19.267364501953125,76.02409362792969,189.4938125610352,89.46969604492188,82.30000305175781,61.08578872680664,99.9963836669922,0.0,48.1512398768993,194051.0,14.170730590820312,20.31771850585937,18.27777099609375,16.863433837890625,34.34999990463257
2023-03-19 08:54:26,19.259340286254883,76.08434295654297,190.8203125,89.54545593261719,82.80000305175781,61.08578872680664,99.9963836669922,0.0,47.33073765917523,194051.0,17.9241943359375,16.37384033203125,15.965850830078123,18.359375,34.34999990463257
2023-03-19 08:54:27,19.24388313293457,76.14457702636719,189.74609375,89.54545593261719,82.70000457763672,61.08578872680664,99.9963836669922,0.0,51.14402264489728,194051.0,16.129058837890625,17.10821533203125,18.14178466796875,17.10821533203125,34.34999990463257
2023-03-19 08:54:28,19.255672454833984,75.96385192871094,188.5579376220703,89.54545593261719,81.4000015258789,61.08578872680664,99.9963836669922,0.0,49.909106942308455,194051.0,18.6585693359375,16.618621826171875,15.993057250976562,16.047454833984375,34.34999990463257
2023-03-19 08:54:29,19.3027400970459,75.84337615966797,189.99837493896484,89.46969604492188,81.5,61.08578872680664,99.9963836669922,0.0,51.11725643626432,194051.0,9.49249267578125,18.223388671875,18.25057983398437,16.047454833984375,34.34999990463257
2023-03-19 08:54:30,19.364791870117188,75.90361022949219,191.6829528808593,89.46969604492188,81.69999694824219,61.08578872680664,99.9963836669922,0.0,48.65346239946545,194051.0,17.0538330078125,17.0538330078125,17.380218505859375,16.020263671875,34.34999990463257
2023-03-19 08:54:31,19.463762283325195,76.02409362792969,190.1448516845703,89.46969604492188,82.30000305175781,61.08578872680664,99.9963836669922,0.0,46.62733417628511,194051.0,15.50347900390625,16.945037841796875,20.9976806640625,15.476272583007812,34.34999990463257
2023-03-19 08:54:32,19.508230209350582,76.08434295654297,191.3086013793945,89.46969604492188,82.80000305175781,61.08578872680664,99.9963836669922,0.0,47.976812612443325,194051.0,14.306732177734377,17.597808837890625,18.19618225097656,18.38656616210937,34.34999990463257
2023-03-19 08:54:33,19.49968147277832,76.08434295654297,190.25878143310547,89.46969604492188,82.20000457763672,61.08578872680664,99.9963836669922,0.0,48.70212713928538,194051.0,14.442718505859377,18.9305419921875,16.727432250976562,18.712966918945312,34.34999990463257
2023-03-19 08:54:34,19.484973907470703,76.02409362792969,191.0888671875,89.54545593261719,82.0999984741211,61.08578872680664,99.9963836669922,0.0,49.77978928198824,194051.0,15.36749267578125,18.87615966796875,19.501739501953125,16.700225830078125,34.34999990463257
2023-03-19 08:54:35,19.46033477783203,75.90361022949219,190.3076171875,89.54545593261719,81.30000305175781,61.08578872680664,99.9963836669922,0.0,51.485123720696826,194051.0,17.597808837890625,17.597808837890625,13.273147583007812,14.76910400390625,34.34999990463257
2023-03-19 08:54:36,19.43678855895996,75.90361022949219,189.5751953125,89.54545593261719,81.69999694824219,61.08578872680664,99.9963836669922,0.0,49.44904746834667,194051.0,14.306732177734377,18.223388671875,18.71295166015625,17.652191162109375,34.34999990463257
2023-03-19 08:54:37,19.449338912963867,76.02409362792969,188.4114532470703,89.46969604492188,81.9000015258789,61.08940887451172,99.9963836669922,0.0,47.89646000732564,194051.0,14.578704833984377,19.202545166015625,14.9866943359375,17.1898193359375,34.34999990463257
2023-03-19 08:54:38,19.474618911743164,76.08434295654297,190.5680389404297,89.46969604492188,82.0,61.08940887451172,99.9963836669922,0.0,47.63594216394431,194051.0,10.28125,18.14178466796875,17.10821533203125,13.463546752929688,34.34999990463257
2023-03-19 08:54:39,19.50677299499512,76.08434295654297,190.68196868896484,89.46969604492188,82.5,61.08940887451172,99.9963836669922,0.0,48.43174908554832,194051.0,19.420150756835938,16.917816162109375,15.530670166015623,16.618637084960938,34.34999990463257
2023-03-19 08:54:40,19.51032257080078,76.02409362792969,191.24349212646484,89.46969604492188,82.0,61.08940887451172,99.9963836669922,0.0,48.25242867650768,194051.0,14.33392333984375,20.04571533203125,20.154510498046875,15.80267333984375,34.34999990463257
2023-03-19 08:54:41,19.4736557006836,75.90361022949219,190.1123123168945,89.46969604492188,81.4000015258789,61.08578872680664,99.9963836669922,0.0,47.88148665733444,194051.0,16.373855590820312,17.434600830078125,15.557861328125,20.426513671875,34.34999990463257
2023-03-19 08:54:42,19.41983985900879,75.96385192871094,190.3238906860352,89.46969604492188,82.30000305175781,61.08940887451172,99.9963836669922,0.0,48.60676658623718,194051.0,14.19793701171875,18.44097900390625,19.365737915039062,17.026611328125,34.34999990463257
2023-03-19 08:54:43,19.38132667541504,76.02409362792969,189.70540618896484,89.54545593261719,82.20000457763672,61.08578872680664,99.9963836669922,0.0,48.74222373163848,194051.0,15.693878173828123,17.24420166015625,18.685760498046875,18.685760498046875,34.34999990463257
2023-03-19 08:54:44,19.353700637817383,76.02409362792969,191.5771484375,89.46969604492188,81.5999984741211,61.08940887451172,99.9963836669922,0.0,51.20307486621793,194051.0,16.53704833984375,20.916091918945312,18.93055725097656,19.284149169921875,34.34999990463257
2023-03-19 08:54:45,19.36032485961914,75.96385192871094,190.0797576904297,89.46969604492188,81.5999984741211,61.08940887451172,99.9963836669922,0.0,48.50755872732328,194051.0,14.306732177734377,17.9241943359375,17.24420166015625,16.67303466796875,34.34999990463257
2023-03-19 08:54:46,19.373458862304688,75.96385192871094,189.6484375,89.54545593261719,82.0,61.08940887451172,99.9963836669922,0.0,49.105650907054574,194051.0,17.597808837890625,15.748260498046877,16.645843505859375,16.07464599609375,34.34999990463257
2023-03-19 08:54:47,19.41448402404785,76.02409362792969,190.0146484375,89.54545593261719,82.30000305175781,61.08578872680664,99.9963836669922,0.0,48.75310697813422,194051.0,14.1163330078125,16.645843505859375,20.18170166015625,14.03472900390625,34.34999990463257
2023-03-19 08:54:48,19.433385848999023,76.02409362792969,189.1845703125,89.46969604492188,82.20000457763672,61.08940887451172,99.9963836669922,0.0,46.51067315713078,194051.0,15.829864501953123,19.284149169921875,16.129058837890625,15.80267333984375,34.34999990463257
2023-03-19 08:54:49,19.426658630371094,76.02409362792969,190.8121795654297,89.46969604492188,81.0999984741211,61.08578872680664,99.9963836669922,0.0,49.90015497050416,194051.0,9.438079833984377,19.964111328125,19.338531494140625,17.652191162109375,34.34999990463257
2023-03-19 08:54:50,19.39590072631836,76.02409362792969,188.9322891235352,89.46969604492188,81.30000305175781,61.08940887451172,99.9963836669922,0.0,48.5338061476415,194051.0,19.17535400390625,18.9305419921875,13.980316162109377,18.468170166015625,34.34999990463257
2023-03-19 08:54:51,19.37059211730957,75.96385192871094,191.6178359985352,89.46969604492188,82.9000015258789,61.08940887451172,99.9963836669922,0.0,45.65437467118443,194051.0,16.97222900390625,18.44097900390625,21.160888671875,17.869796752929688,34.34999990463257
2023-03-19 08:54:52,19.34073638916016,76.02409362792969,189.2985000610352,89.46969604492188,81.80000305175781,61.08578872680664,99.9963836669922,0.0,49.11352039759702,194051.0,14.361114501953123,16.210662841796875,15.993057250976562,17.516204833984375,34.34999990463257
2023-03-19 08:54:53,19.34621810913086,76.02409362792969,190.3808670043945,89.54545593261719,82.4000015258789,61.08940887451172,99.9963836669922,0.0,47.73423970643765,194051.0,15.013900756835938,22.03125,18.0601806640625,19.3929443359375,34.34999990463257
2023-03-19 08:54:54,19.36234664916992,76.02409362792969,190.2506484985352,89.46969604492188,81.9000015258789,61.08940887451172,99.9963836669922,0.0,49.05579579500301,194051.0,13.925933837890623,18.74017333984375,19.229736328125,17.10821533203125,34.34999990463257
2023-03-19 08:54:55,19.39527702331543,76.02409362792969,187.8092422485352,89.46969604492188,81.19999694824219,61.08578872680664,99.9963836669922,0.0,50.083523073868456,194051.0,17.516204833984375,18.00579833984375,17.70660400390625,15.367477416992188,34.34999990463257
2023-03-19 08:54:56,19.41788101196289,75.96385192871094,189.4124298095703,89.46969604492188,82.70000457763672,61.08578872680664,99.9963836669922,0.0,46.84876885971521,194051.0,13.89874267578125,14.959503173828123,18.71295166015625,17.70660400390625,34.34999990463257
2023-03-19 08:54:57,19.421300888061523,75.96385192871094,189.7135467529297,89.54545593261719,81.5,61.08940887451172,99.9963836669922,0.0,49.67779143429983,194051.0,15.421875,19.01214599609375,14.633102416992188,17.54339599609375,34.34999990463257
2023-03-19 08:54:58,19.399242401123047,75.96385192871094,191.2516250610352,89.54545593261719,82.5999984741211,61.08578872680664,99.9963836669922,0.0,49.17112397365396,194052.0,15.476287841796877,18.71295166015625,18.19618225097656,17.434600830078125,34.34999990463257
2023-03-19 08:54:59,19.369367599487305,76.02409362792969,189.33919525146484,89.54545593261719,81.4000015258789,61.08578872680664,99.9963836669922,0.0,51.661967989174336,194052.0,18.631378173828125,16.83624267578125,18.032989501953125,14.089111328125,34.34999990463257
2023-03-19 08:55:00,19.34258460998535,76.08434295654297,190.21810150146484,89.46969604492188,82.5,61.08578872680664,99.9963836669922,0.0,49.22022002576647,194052.0,16.61865234375,17.1898193359375,18.6585693359375,19.420135498046875,34.34999990463257
2023-03-19 08:55:01,19.34967994689941,75.96385192871094,189.9332733154297,89.46969604492188,80.5,61.08578872680664,99.9963836669922,0.0,52.11224069856445,194052.0,12.13079833984375,18.84896850585937,16.346649169921875,17.951385498046875,34.34999990463257
2023-03-19 08:55:02,19.383974075317383,75.90361022949219,189.306640625,89.46969604492188,81.19999694824219,61.08940887451172,99.9963836669922,0.0,52.528996333190165,194052.0,16.373855590820312,16.4554443359375,15.8570556640625,18.087387084960938,34.34999990463257
2023-03-19 08:55:03,19.427078247070312,75.90361022949219,189.7053985595703,89.46969604492188,81.9000015258789,61.08578872680664,99.9963836669922,0.0,50.19643716918282,194052.0,12.593170166015623,20.072906494140625,20.61689758300781,14.143524169921877,34.34999990463257
2023-03-19 08:55:04,19.473094940185547,76.02409362792969,189.9007110595703,89.54545593261719,82.80000305175781,61.08578872680664,99.9963836669922,0.0,48.49155963410585,194052.0,16.53704833984375,17.1898193359375,15.612274169921877,18.712966918945312,34.34999990463257
2023-03-19 08:55:05,19.488262176513672,76.08434295654297,189.1276016235352,89.54545593261719,82.30000305175781,61.08578872680664,99.9963836669922,0.0,48.98598174380291,194052.0,16.700241088867188,19.229736328125,18.6585693359375,15.285888671875,34.34999990463257
2023-03-19 08:55:06,19.460973739624023,76.02409362792969,189.3798828125,89.46969604492188,82.20000457763672,61.08578872680664,99.9963836669922,0.0,49.89753159684431,194052.0,14.660308837890623,16.50982666015625,18.604156494140625,17.217010498046875,34.34999990463257
2023-03-19 08:55:07,19.42418098449707,75.96385192871094,190.2262420654297,89.46969604492188,82.4000015258789,61.08940887451172,99.9963836669922,0.0,49.31341636991456,194052.0,16.074661254882812,20.61689758300781,19.338531494140625,15.666671752929688,34.34999990463257
2023-03-19 08:55:08,19.38378524780273,75.90361022949219,190.82845306396484,89.46969604492188,82.0999984741211,61.08940887451172,99.9963836669922,0.0,49.859828395760736,194052.0,13.626739501953123,17.597808837890625,19.828125,16.3194580078125,34.34999990463257
2023-03-19 08:55:09,19.347576141357425,75.96385192871094,189.5182266235352,89.46969604492188,81.0,61.08578872680664,99.9963836669922,0.0,52.98328992708973,194052.0,18.413787841796875,20.64410400390625,12.021987915039062,18.168975830078125,34.34999990463257
2023-03-19 08:55:10,19.361948013305664,76.02409362792969,189.55078125,89.54545593261719,81.4000015258789,61.08578872680664,99.9963836669922,0.0,52.11624218802103,194052.0,17.516204833984375,17.679412841796875,15.095489501953123,16.890625,34.34999990463257
2023-03-19 08:55:11,19.39196014404297,76.08434295654297,189.3961639404297,89.54545593261719,81.4000015258789,61.08940887451172,99.9963836669922,0.0,52.03404927248742,194052.0,10.199661254882812,18.27777099609375,15.884246826171877,17.625,34.34999990463257
2023-03-19 08:55:12,19.426944732666016,76.02409362792969,189.4612579345703,89.54545593261719,81.5999984741211,61.08578872680664,99.9963836669922,0.0,51.79236968050273,194052.0,13.89874267578125,20.508102416992188,15.585067749023438,16.5914306640625,34.34999990463257
2023-03-19 08:55:13,19.43034172058105,75.90361022949219,189.9658203125,89.46969604492188,81.9000015258789,61.08940887451172,99.9963836669922,0.0,49.43429859052066,194052.0,15.775482177734377,15.149871826171877,15.149871826171877,18.38656616210937,34.34999990463257
2023-03-19 08:55:14,19.405561447143555,75.96385192871094,188.6881561279297,89.46969604492188,82.5,61.08578872680664,99.9963836669922,0.0,47.799535644567385,194052.0,13.16436767578125,16.4554443359375,18.98495483398437,12.756378173828123,34.34999990463257
2023-03-19 08:55:15,19.363420486450195,76.08434295654297,188.4765625,89.46969604492188,82.5,61.08940887451172,99.9963836669922,0.0,47.19037522523867,194052.0,17.815399169921875,14.03472900390625,18.903350830078125,18.87615966796875,34.34999990463257
2023-03-19 08:55:16,19.31888961791992,76.08434295654297,188.7125625610352,89.46969604492188,82.5,61.08940887451172,99.9963836669922,0.0,51.24112967734535,194052.0,13.980331420898438,19.09375,19.5289306640625,17.026611328125,34.34999990463257
2023-03-19 08:55:17,19.293006896972656,75.96385192871094,188.9485702514648,89.54545593261719,81.69999694824219,61.08940887451172,99.9963836669922,0.0,51.269325380332674,194052.0,15.421875,16.346649169921875,16.129058837890625,17.7882080078125,34.34999990463257
2023-03-19 08:55:18,19.30309295654297,75.90361022949219,189.60774993896484,89.46969604492188,81.69999694824219,61.08940887451172,99.9963836669922,0.0,51.12582580891231,194052.0,14.279525756835938,20.1273193359375,15.666656494140623,17.081024169921875,34.34999990463257
2023-03-19 08:55:19,19.33247184753418,75.96385192871094,188.6556015014648,89.46969604492188,82.20000457763672,61.08578872680664,99.9963836669922,0.0,50.62928981411697,194052.0,16.346649169921875,16.346649169921875,18.27777099609375,17.54339599609375,34.34999990463257
2023-03-19 08:55:20,19.382640838623047,76.02409362792969,188.4195938110352,89.54545593261719,82.30000305175781,61.08940887451172,99.9963836669922,0.0,44.25913272137237,194052.0,14.497116088867188,16.863433837890625,14.90509033203125,18.604171752929688,34.34999990463257
2023-03-19 08:55:21,19.406890869140625,76.08434295654297,188.0533828735352,89.46969604492188,81.69999694824219,61.08578872680664,99.9963836669922,0.0,47.766721606321504,194052.0,14.551513671875,18.1961669921875,17.788192749023438,14.524307250976562,34.34999990463257
2023-03-19 08:55:22,19.41032218933105,76.08434295654297,188.7451171875,89.46969604492188,81.69999694824219,61.08940887451172,99.9963836669922,0.0,47.28849923240565,194052.0,19.47454833984375,13.844329833984377,14.116317749023438,18.223388671875,34.34999990463257
2023-03-19 08:55:23,19.397518157958984,75.96385192871094,187.8743438720703,89.46969604492188,81.5999984741211,61.08578872680664,99.9963836669922,0.0,49.61342919674812,194052.0,13.028366088867188,16.863433837890625,19.99131774902344,14.1163330078125,34.34999990463257
2023-03-19 08:55:24,19.38444328308105,75.96385192871094,187.99642181396484,89.46969604492188,81.9000015258789,61.08940887451172,99.9963836669922,0.0,49.363647518146905,194052.0,16.482650756835938,15.394683837890623,15.476272583007812,19.936920166015625,34.34999990463257
2023-03-19 08:55:25,19.367691040039062,75.96385192871094,189.19271087646484,89.46969604492188,81.5,61.08940887451172,99.9963836669922,0.0,50.36656658375884,194052.0,12.321197509765623,21.05209350585937,20.671295166015625,16.836227416992188,34.34999990463257
2023-03-19 08:55:26,19.400711059570312,76.02409362792969,188.65560150146484,89.46969604492188,82.70000457763672,61.08940887451172,99.9963836669922,0.0,47.70953698351089,194052.0,17.380218505859375,18.57696533203125,15.258682250976562,16.645843505859375,34.34999990463257
2023-03-19 08:55:27,19.446836471557617,76.08434295654297,189.5426406860352,89.46969604492188,83.0999984741211,61.08940887451172,99.9963836669922,0.0,47.72844941266174,194052.0,16.346649169921875,17.597808837890625,17.352996826171875,17.298614501953125,34.34999990463257
2023-03-19 08:55:28,19.501611709594727,76.02409362792969,189.5345001220703,89.46969604492188,81.30000305175781,61.08940887451172,99.9963836669922,0.0,50.79947519971957,194052.0,15.80267333984375,19.828125,13.681121826171877,18.332183837890625,34.34999990463257
2023-03-19 08:55:29,19.561731338500977,75.96385192871094,188.0126953125,89.54545593261719,80.9000015258789,61.08940887451172,99.9963836669922,0.0,48.83762050651225,194052.0,14.714706420898438,17.815399169921875,14.660308837890623,16.564239501953125,34.34999990463257
2023-03-19 08:55:30,19.57245826721192,75.96385192871094,188.70442962646484,89.46969604492188,81.30000305175781,61.08940887451172,99.9963836669922,0.0,47.38518243491148,194052.0,15.80267333984375,16.80902099609375,17.9241943359375,14.2523193359375,34.34999990463257
2023-03-19 08:55:31,19.54944610595703,76.02409362792969,187.9068984985352,89.46969604492188,81.80000305175781,61.08940887451172,99.9963836669922,0.0,48.06371446913715,194052.0,14.524322509765623,15.911468505859377,15.77545166015625,17.815399169921875,34.34999990463257
2023-03-19 08:55:32,19.52769660949707,75.96385192871094,189.5752029418945,89.46969604492188,82.5999984741211,61.08940887451172,99.9963836669922,0.0,46.556131940801336,194052.0,16.40106201171875,18.685760498046875,18.685760498046875,16.754638671875,34.34999990463257
2023-03-19 08:55:33,19.4731559753418,75.96385192871094,188.232421875,89.54545593261719,81.9000015258789,61.08940887451172,99.9963836669922,0.0,48.61247105893682,194052.0,16.809036254882812,20.508102416992188,14.850692749023438,16.129058837890625,34.34999990463257
2023-03-19 08:55:34,19.44604682922364,75.96385192871094,189.0299453735352,89.46969604492188,83.0999984741211,61.08940887451172,99.9963836669922,0.0,45.72827811638054,194052.0,14.9866943359375,18.631378173828125,20.943283081054688,18.223388671875,34.34999990463257
2023-03-19 08:55:35,19.44233131408692,75.96385192871094,189.6891326904297,89.46969604492188,81.9000015258789,61.08940887451172,99.9963836669922,0.0,47.18832995646879,194052.0,17.86981201171875,18.71295166015625,16.428237915039062,15.666671752929688,34.34999990463257
2023-03-19 08:55:36,19.451101303100582,76.02409362792969,189.4287109375,89.46969604492188,82.0999984741211,61.08940887451172,99.9963836669922,0.0,49.3505430830952,194052.0,15.66668701171875,15.93865966796875,15.666656494140623,18.7945556640625,34.34999990463257
2023-03-19 08:55:37,19.469173431396484,76.08434295654297,189.80306243896484,89.46969604492188,82.30000305175781,61.08940887451172,100.0,0.0,50.09313546747308,194052.0,16.754638671875,23.39120483398437,15.884246826171877,14.6875,34.34999990463257
2023-03-19 08:55:38,19.461973190307617,75.96385192871094,188.0859375,89.46969604492188,82.0,61.08940887451172,100.0,0.0,47.9557901615682,194052.0,16.020263671875,16.999420166015625,19.31134033203125,16.80902099609375,34.34999990463257
2023-03-19 08:55:39,19.422504425048828,75.96385192871094,189.2171249389648,89.54545593261719,82.0999984741211,61.08940887451172,99.9963836669922,0.0,47.912882527777214,194052.0,14.8507080078125,17.40740966796875,15.693862915039062,15.421875,34.34999990463257
2023-03-19 08:55:40,19.37303924560547,75.96385192871094,189.99837493896484,89.54545593261719,81.4000015258789,61.08940887451172,99.9963836669922,0.0,50.446494317445655,194052.0,12.72918701171875,17.9241943359375,14.46990966796875,17.978591918945312,34.34999990463257
2023-03-19 08:55:41,19.32648468017578,76.02409362792969,190.4541015625,89.54545593261719,82.20000457763672,61.08940887451172,99.9963836669922,0.0,48.5369355718014,194052.0,13.409149169921877,19.556137084960938,18.032989501953125,16.020263671875,34.34999990463257
2023-03-19 08:55:42,19.294113159179688,76.02409362792969,191.3981094360352,89.46969604492188,82.5,61.08940887451172,100.0,0.0,48.84889911416661,194052.0,16.373855590820312,18.6585693359375,18.25057983398437,18.332183837890625,34.34999990463257
2023-03-19 08:55:43,19.308469772338867,76.02409362792969,192.68392181396484,89.46969604492188,82.5999984741211,61.08940887451172,99.9963836669922,0.0,48.60019920580441,194052.0,15.993072509765623,17.7882080078125,17.9241943359375,16.210647583007812,34.34999990463257
2023-03-19 08:55:44,19.33441734313965,76.02409362792969,193.68489837646484,89.46969604492188,81.5,61.08940887451172,99.9963836669922,0.0,51.42452793055168,194052.0,16.4554443359375,19.61053466796875,13.925933837890623,17.84259033203125,34.34999990463257
2023-03-19 08:55:45,19.37540626525879,76.02409362792969,193.48143768310547,89.46969604492188,81.80000305175781,61.08940887451172,99.9963836669922,0.0,49.6213041895917,194052.0,15.80267333984375,20.2633056640625,17.298614501953125,18.032989501953125,34.34999990463257
2023-03-19 08:55:46,19.39717483520508,76.02409362792969,194.8649063110352,89.46969604492188,81.80000305175781,61.08940887451172,99.9963836669922,0.0,50.8088206286396,194052.0,17.35302734375,19.99131774902344,17.434600830078125,15.8570556640625,34.34999990463257
2023-03-19 08:55:47,19.39567947387696,75.96385192871094,195.27181243896484,89.54545593261719,82.70000457763672,61.08940887451172,99.9963836669922,0.0,47.73287227495696,194052.0,15.095489501953123,16.37384033203125,16.4554443359375,15.884262084960938,34.34999990463257
2023-03-19 08:55:48,19.34725379943848,76.02409362792969,196.1669921875,89.46969604492188,82.5,61.08940887451172,99.9963836669922,0.0,50.31306301266037,194052.0,15.66668701171875,19.066558837890625,20.31771850585937,17.217010498046875,34.34999990463257
2023-03-19 08:55:49,19.32202911376953,75.96385192871094,197.5260467529297,89.46969604492188,81.80000305175781,61.08940887451172,99.9963836669922,0.0,50.98627879823594,194052.0,15.36749267578125,20.671295166015625,16.319442749023438,13.3819580078125,34.34999990463257
2023-03-19 08:55:50,19.332195281982425,75.96385192871094,190.2180938720703,89.46969604492188,82.30000305175781,61.08940887451172,100.0,0.0,48.74370069254643,194052.0,15.88427734375,16.020263671875,14.60589599609375,20.04571533203125,34.34999990463257
2023-03-19 08:55:51,19.36453056335449,76.02409362792969,193.115234375,89.46969604492188,82.0999984741211,61.08940887451172,99.9963836669922,0.0,48.29850527811079,194052.0,13.871536254882812,19.99131774902344,19.74652099609375,16.265045166015625,34.34999990463257
2023-03-19 08:55:52,19.422832489013672,76.02409362792969,191.9189453125,89.46969604492188,81.0999984741211,61.08940887451172,99.9963836669922,0.0,51.65951878582263,194052.0,17.652206420898438,16.564239501953125,16.67303466796875,18.38656616210937,34.34999990463257
2023-03-19 08:55:53,19.460018157958984,76.02409362792969,193.3675079345703,89.54545593261719,82.20000457763672,61.08940887451172,99.9963836669922,0.0,50.81127704614897,194052.0,16.809036254882812,17.489013671875,17.461807250976562,14.3883056640625,34.34999990463257
2023-03-19 08:55:54,19.469629287719727,76.02409362792969,193.5791015625,89.46969604492188,81.5999984741211,61.08940887451172,99.9963836669922,0.0,50.80223435403083,194052.0,16.23785400390625,17.081024169921875,18.41377258300781,18.087387084960938,34.34999990463257
2023-03-19 08:55:55,19.44963264465332,76.02409362792969,191.50390625,89.54545593261719,82.0,61.08940887451172,99.9963836669922,0.0,49.947669994799554,194052.0,14.225128173828123,18.0601806640625,15.013885498046877,18.0601806640625,34.34999990463257
2023-03-19 08:55:56,19.4207706451416,75.96385192871094,193.4000625610352,89.46969604492188,82.20000457763672,61.08578872680664,99.9963836669922,0.0,48.40161118404428,194052.0,13.68115234375,18.6585693359375,18.84896850585937,16.781829833984375,34.34999990463257
2023-03-19 08:55:57,19.36082649230957,75.96385192871094,191.7805938720703,89.46969604492188,81.69999694824219,61.08940887451172,99.9963836669922,0.0,48.85384678358989,194052.0,13.354766845703123,15.80267333984375,15.63946533203125,15.612274169921877,34.34999990463257
2023-03-19 08:55:58,19.347898483276367,76.02409362792969,193.7906875610352,89.46969604492188,82.30000305175781,61.08578872680664,99.9963836669922,0.0,48.821912857527465,194052.0,14.76910400390625,18.903350830078125,20.535308837890625,15.313079833984377,34.34999990463257
2023-03-19 08:55:59,19.378005981445312,76.02409362792969,192.8873672485352,89.54545593261719,81.69999694824219,61.08940887451172,99.9963836669922,0.0,50.152609891516015,194052.0,15.041107177734377,19.17535400390625,15.50347900390625,17.652191162109375,34.34999990463257
2023-03-19 08:56:00,19.41761779785156,76.02409362792969,193.19661712646484,89.54545593261719,83.9000015258789,61.08940887451172,99.9963836669922,0.0,46.36989353292162,194052.0,13.30035400390625,18.549774169921875,21.487274169921875,15.34027099609375,34.34999990463257
2023-03-19 08:56:01,19.4392204284668,75.96385192871094,192.4967422485352,89.54545593261719,82.4000015258789,61.08578872680664,99.9963836669922,0.0,49.59447199941128,194052.0,17.625,17.84259033203125,14.578704833984377,15.367477416992188,34.34999990463257
2023-03-19 08:56:02,19.441789627075195,75.96385192871094,192.28515625,89.46969604492188,81.69999694824219,61.08940887451172,99.9963836669922,0.0,49.97153191027222,194052.0,14.061920166015623,16.265045166015625,19.61053466796875,18.19618225097656,34.34999990463257
2023-03-19 08:56:03,19.418960571289062,76.02409362792969,193.0908203125,89.46969604492188,80.80000305175781,61.08940887451172,99.9963836669922,0.0,52.56559174975504,194052.0,13.68115234375,20.834503173828125,15.911468505859377,16.564239501953125,34.34999990463257
2023-03-19 08:56:04,19.39445686340332,76.02409362792969,191.1376953125,89.46969604492188,81.80000305175781,61.08940887451172,99.9963836669922,0.0,49.00241810783947,194052.0,15.80267333984375,17.217010498046875,17.516204833984375,18.332183837890625,34.34999990463257
2023-03-19 08:56:05,19.34476089477539,76.02409362792969,192.6432266235352,89.46969604492188,81.80000305175781,61.08578872680664,99.9963836669922,0.0,49.15098726847538,194052.0,14.143524169921877,17.815399169921875,15.34027099609375,18.332183837890625,34.34999990463257
2023-03-19 08:56:06,19.328014373779297,75.96385192871094,192.0003204345703,89.54545593261719,81.5999984741211,61.08940887451172,99.9963836669922,0.0,49.32939643631594,194052.0,16.265045166015625,20.34490966796875,15.149871826171877,17.625,34.34999990463257
2023-03-19 08:56:07,19.337921142578125,75.96385192871094,192.0003204345703,89.54545593261719,81.5999984741211,61.08940887451172,99.9963836669922,0.0,49.304125109482136,194052.0,16.265045166015625,20.34490966796875,15.149871826171877,17.625,34.34999990463257
2023-03-19 08:56:08,19.36463928222656,75.90361022949219,190.9342422485352,89.54545593261719,82.70000457763672,61.08940887451172,99.9963836669922,0.0,47.7264693900547,194052.0,12.103607177734377,14.1163330078125,20.91607666015625,16.890625,34.34999990463257
2023-03-19 08:56:09,19.39814567565918,75.96385192871094,191.5690078735352,89.54545593261719,81.9000015258789,61.08940887451172,99.9963836669922,0.0,47.91314628058503,194052.0,15.857070922851562,19.99131774902344,17.380218505859375,18.604171752929688,34.34999990463257
2023-03-19 08:56:10,19.4153995513916,76.08434295654297,192.0084686279297,89.46969604492188,81.9000015258789,61.08940887451172,99.9963836669922,0.0,50.03404225513031,194052.0,15.530670166015623,16.047454833984375,19.936920166015625,16.700225830078125,34.34999990463257
2023-03-19 08:56:11,19.4153995513916,76.08434295654297,193.17220306396484,89.46969604492188,82.5999984741211,61.08940887451172,99.9963836669922,0.0,48.46122866876093,194052.0,14.660308837890623,18.44097900390625,15.449066162109377,18.631378173828125,34.34999990463257
2023-03-19 08:56:12,19.40943145751953,76.02409362792969,192.5618438720703,89.46969604492188,81.19999694824219,61.08940887451172,99.9963836669922,0.0,50.64067407930636,194052.0,13.762741088867188,17.897003173828125,15.93865966796875,15.748260498046877,34.34999990463257
2023-03-19 08:56:13,19.38792610168457,75.90361022949219,192.0817031860352,89.46969604492188,81.5,61.08940887451172,99.9963836669922,0.0,50.44638325949888,194052.0,12.538787841796877,18.9305419921875,18.005783081054688,16.509841918945312,34.34999990463257
2023-03-19 08:56:14,19.34478187561035,75.90361022949219,192.34212493896484,89.46969604492188,81.69999694824219,61.08940887451172,99.9963836669922,0.0,49.07948562038138,194052.0,18.631378173828125,18.685760498046875,18.223388671875,17.1898193359375,34.34999990463257
2023-03-19 08:56:15,19.320974349975582,76.02409362792969,193.1396484375,89.46969604492188,83.0,61.08940887451172,99.9963836669922,0.0,47.79611530584896,194052.0,16.727447509765625,19.17535400390625,18.52256774902344,13.5179443359375,34.34999990463257
2023-03-19 08:56:16,19.33283233642578,76.02409362792969,192.4235076904297,89.46969604492188,82.30000305175781,61.08940887451172,99.9963836669922,0.0,48.43595483491865,194052.0,16.482650756835938,15.63946533203125,16.07464599609375,17.679397583007812,34.34999990463257
2023-03-19 08:56:17,19.369647979736328,76.02409362792969,192.4479141235352,89.54545593261719,82.4000015258789,61.08940887451172,99.9963836669922,0.0,49.06623563283472,194052.0,13.245956420898438,18.413787841796875,19.12094116210937,14.796295166015623,34.34999990463257
2023-03-19 08:56:18,19.40900230407715,76.02409362792969,191.4876251220703,89.54545593261719,82.5,61.08940887451172,99.9963836669922,0.0,49.02218249439583,194052.0,16.727447509765625,18.767364501953125,19.01214599609375,18.495361328125,34.34999990463257
2023-03-19 08:56:19,19.434953689575195,75.96385192871094,192.5048828125,89.54545593261719,81.69999694824219,61.08940887451172,99.9963836669922,0.0,50.12378952752698,194052.0,16.53704833984375,15.93865966796875,18.0601806640625,16.129058837890625,34.34999990463257
2023-03-19 08:56:20,19.435258865356445,76.02409362792969,192.3990859985352,89.46969604492188,81.4000015258789,61.08940887451172,99.9963836669922,0.0,49.89880381833647,194052.0,16.129058837890625,19.964111328125,14.061920166015623,18.087387084960938,34.34999990463257
2023-03-19 08:56:21,19.424728393554688,76.02409362792969,191.7154922485352,89.46969604492188,80.80000305175781,61.08578872680664,99.9963836669922,0.0,51.45399724984466,194052.0,14.93231201171875,17.760986328125,16.428237915039062,16.80902099609375,34.34999990463257
2023-03-19 08:56:22,19.3942928314209,75.96385192871094,192.0328750610352,89.46969604492188,81.80000305175781,61.08940887451172,99.9963836669922,0.0,50.01916043112863,194052.0,13.89874267578125,18.087371826171875,17.70660400390625,15.231475830078123,34.34999990463257
2023-03-19 08:56:23,19.35598564147949,75.96385192871094,190.97493743896484,89.46969604492188,81.69999694824219,61.08940887451172,99.9963836669922,0.0,51.36374976584313,194052.0,15.476287841796877,19.229736328125,18.685760498046875,18.359375,34.34999990463257
2023-03-19 08:56:24,19.359338760375977,75.96385192871094,191.7399063110352,89.46969604492188,81.0,61.08940887451172,100.0,0.0,51.73641009553916,194052.0,14.46990966796875,20.04571533203125,18.44097900390625,16.210647583007812,34.34999990463257
2023-03-19 08:56:25,19.376598358154297,75.96385192871094,192.52928924560547,89.46969604492188,82.5,61.08940887451172,99.9963836669922,0.0,49.89177203714018,194052.0,18.11459350585937,15.313079833984377,15.20428466796875,20.807296752929688,34.34999990463257
2023-03-19 08:56:26,19.41529655456543,76.02409362792969,192.8303985595703,89.46969604492188,83.4000015258789,61.08940887451172,99.9963836669922,0.0,49.97414926329723,194052.0,17.0538330078125,18.413787841796875,19.365737915039062,16.292236328125,34.34999990463257
2023-03-19 08:56:27,19.42952919006348,76.02409362792969,192.31771087646484,89.54545593261719,81.5999984741211,61.08940887451172,99.9963836669922,0.0,52.44694462929933,194052.0,16.129058837890625,17.352996826171875,13.354736328125,20.072921752929688,34.34999990463257
2023-03-19 08:56:28,19.42646026611328,76.02409362792969,191.7154998779297,89.54545593261719,81.69999694824219,61.08940887451172,100.0,0.0,50.5753960212311,194052.0,14.660308837890623,16.890625,18.41377258300781,15.449066162109377,34.34999990463257
2023-03-19 08:56:29,19.40859603881836,75.96385192871094,189.3717422485352,89.46969604492188,81.80000305175781,61.08940887451172,99.9963836669922,0.0,50.71488657186429,194052.0,17.026641845703125,17.380218505859375,16.754638671875,18.631378173828125,34.34999990463257
2023-03-19 08:56:30,19.382465362548828,75.96385192871094,190.5436248779297,89.46969604492188,81.9000015258789,61.08940887451172,99.9963836669922,0.0,49.6329553038508,194052.0,14.03472900390625,15.36749267578125,16.917816162109375,16.07464599609375,34.34999990463257
2023-03-19 08:56:31,19.33700180053711,75.96385192871094,190.478515625,89.46969604492188,81.4000015258789,61.08940887451172,99.9963836669922,0.0,50.24525845819329,194052.0,17.842605590820312,14.714691162109377,15.149871826171877,17.244216918945312,34.34999990463257
2023-03-19 08:56:32,19.33912849426269,75.96385192871094,192.5944061279297,89.46969604492188,82.9000015258789,61.08940887451172,100.0,0.0,48.86020782752374,194052.0,14.93231201171875,18.84896850585937,16.97222900390625,15.775466918945312,34.34999990463257
2023-03-19 08:56:33,19.36183738708496,76.02409362792969,191.3899765014648,89.46969604492188,82.80000305175781,61.08940887451172,99.9963836669922,0.0,48.614952903500175,194052.0,17.081024169921875,17.27142333984375,14.3883056640625,15.911468505859377,34.34999990463257
2023-03-19 08:56:34,19.40975570678711,76.08434295654297,191.5039138793945,89.54545593261719,82.5999984741211,61.08940887451172,99.9963836669922,0.0,48.89849613346774,194052.0,20.018524169921875,15.36749267578125,15.095489501953123,16.292236328125,34.34999990463257
2023-03-19 08:56:35,19.45110893249512,76.02409362792969,191.162109375,89.46969604492188,82.30000305175781,61.08940887451172,99.9963836669922,0.0,49.68077922859843,194052.0,10.689239501953123,16.346649169921875,19.3929443359375,14.578704833984377,34.34999990463257
2023-03-19 08:56:36,19.46578788757324,75.96385192871094,191.1539688110352,89.46969604492188,82.9000015258789,61.08940887451172,99.9963836669922,0.0,47.36867493088898,194052.0,15.06829833984375,18.549774169921875,15.421875,18.7945556640625,34.34999990463257
2023-03-19 08:56:37,19.461854934692383,75.96385192871094,191.4713592529297,89.46969604492188,82.5999984741211,61.08940887451172,99.9963836669922,0.0,49.55835337606263,194052.0,10.199661254882812,18.84896850585937,15.50347900390625,14.633102416992188,34.34999990463257
2023-03-19 08:56:38,19.451515197753903,76.02409362792969,190.6005859375,89.46969604492188,81.9000015258789,61.08940887451172,99.9963836669922,0.0,49.79274981575173,194052.0,16.373855590820312,15.177093505859377,15.20428466796875,15.258682250976562,34.34999990463257
2023-03-19 08:56:39,19.40203094482422,76.02409362792969,190.9261093139648,89.46969604492188,82.0,61.08578872680664,99.9963836669922,0.0,48.421155708686726,194052.0,15.93865966796875,19.03936767578125,16.101852416992188,16.482635498046875,34.34999990463257
2023-03-19 08:56:40,19.373029708862305,75.96385192871094,191.1051406860352,89.46969604492188,81.80000305175781,61.08578872680664,99.9963836669922,0.0,50.02983751084346,194052.0,13.925933837890623,18.14178466796875,13.626739501953123,17.380218505859375,34.34999990463257
2023-03-19 08:56:41,19.38575935363769,76.02409362792969,191.5934219360352,89.46969604492188,82.5999984741211,61.08578872680664,99.9963836669922,0.0,47.48663624276976,194052.0,15.693878173828123,21.976852416992188,15.177093505859377,16.101852416992188,34.34999990463257
2023-03-19 08:56:42,19.41229057312012,76.02409362792969,191.943359375,89.54545593261719,82.20000457763672,61.08940887451172,99.9963836669922,0.0,48.255744583390765,194052.0,19.01216125488281,16.10186767578125,16.537033081054688,15.93865966796875,34.34999990463257
2023-03-19 08:56:43,19.441198348999023,76.02409362792969,190.9098281860352,89.46969604492188,82.20000457763672,61.08940887451172,99.9963836669922,0.0,47.50606335637152,194052.0,16.509857177734375,19.148162841796875,17.026611328125,18.767364501953125,34.34999990463257
2023-03-19 08:56:44,19.453763961791992,75.96385192871094,192.1793594360352,89.46969604492188,83.20000457763672,61.08940887451172,99.9963836669922,0.0,48.75026244255163,194052.0,16.890625,18.00579833984375,17.70660400390625,18.903350830078125,34.34999990463257
2023-03-19 08:56:45,19.441112518310547,75.96385192871094,191.6585235595703,89.46969604492188,82.30000305175781,61.08940887451172,99.9963836669922,0.0,47.08141155736111,194052.0,17.244232177734375,15.013885498046877,16.101852416992188,12.810760498046877,34.34999990463257
2023-03-19 08:56:46,19.427169799804688,76.02409362792969,190.2669219970703,89.46969604492188,81.30000305175781,61.08578872680664,99.9963836669922,0.0,50.98018022210545,194052.0,16.781829833984375,13.708343505859377,17.896987915039062,15.258682250976562,34.34999990463257
2023-03-19 08:56:47,19.388887405395508,75.96385192871094,191.1051406860352,89.46969604492188,81.5,61.08940887451172,99.9963836669922,0.0,48.29284331368065,194052.0,17.35302734375,17.4617919921875,16.101852416992188,15.313079833984377,34.34999990463257
2023-03-19 08:56:48,19.33540725708008,75.96385192871094,190.1041641235352,89.54545593261719,81.19999694824219,61.08940887451172,99.9963836669922,0.0,51.22350360381173,194052.0,15.013900756835938,17.516204833984375,18.57696533203125,15.013885498046877,34.34999990463257
2023-03-19 08:56:49,19.33229637145996,76.02409362792969,191.9840545654297,89.46969604492188,82.70000457763672,61.08940887451172,99.9963836669922,0.0,46.9885123767092,194052.0,15.993072509765623,17.10821533203125,16.129058837890625,17.978591918945312,34.34999990463257
2023-03-19 08:56:50,19.342897415161133,76.02409362792969,190.8772735595703,89.46969604492188,82.0,61.08940887451172,99.9963836669922,0.0,48.11325399859524,194052.0,17.081024169921875,18.9305419921875,15.367477416992188,15.1226806640625,34.34999990463257
2023-03-19 08:56:51,19.371801376342773,75.96385192871094,191.1783828735352,89.46969604492188,81.69999694824219,61.08940887451172,99.9963836669922,0.0,49.95411889425814,194052.0,16.020263671875,17.54339599609375,19.01214599609375,14.9866943359375,34.34999990463257
2023-03-19 08:56:52,19.390430450439453,75.96385192871094,190.99935150146484,89.46969604492188,81.5,61.08578872680664,99.9963836669922,0.0,47.77703146809467,194052.0,12.402786254882812,17.217010498046875,17.54339599609375,18.11459350585937,34.34999990463257
2023-03-19 08:56:53,19.39941596984864,75.96385192871094,190.6331405639648,89.46969604492188,82.20000457763672,61.08940887451172,100.0,0.0,48.27515168056728,194052.0,15.340286254882812,18.9305419921875,15.149871826171877,17.54339599609375,34.34999990463257
2023-03-19 08:56:54,19.401065826416016,76.02409362792969,191.30859375,89.46969604492188,82.80000305175781,61.08940887451172,99.9963836669922,0.0,48.64832792718183,194052.0,16.482650756835938,17.625,15.585067749023438,17.679397583007812,34.34999990463257
2023-03-19 08:56:55,19.387741088867188,76.02409362792969,192.1061248779297,89.46969604492188,81.5,61.08940887451172,99.9963836669922,0.0,50.53490126672936,194052.0,12.674774169921877,20.916091918945312,17.026611328125,17.3258056640625,34.34999990463257
2023-03-19 08:56:56,19.340761184692383,76.02409362792969,191.3655624389648,89.46969604492188,81.0999984741211,61.08940887451172,99.9963836669922,0.0,50.09296706185888,194052.0,14.551513671875,18.087371826171875,17.271408081054688,17.135421752929688,34.34999990463257
2023-03-19 08:56:57,19.34536361694336,76.02409362792969,190.5680389404297,89.46969604492188,81.30000305175781,61.08940887451172,99.9963836669922,0.0,50.13503537870486,194052.0,11.641204833984377,19.74652099609375,13.273147583007812,17.380218505859375,34.34999990463257
2023-03-19 08:56:58,19.373046875,75.96385192871094,190.1611404418945,89.46969604492188,81.80000305175781,61.08940887451172,99.9963836669922,0.0,50.63647094197373,194052.0,16.754638671875,19.066558837890625,16.129058837890625,17.244216918945312,34.34999990463257
2023-03-19 08:56:59,19.427940368652344,75.96385192871094,189.92513275146484,89.54545593261719,82.30000305175781,61.08578872680664,99.9963836669922,0.0,48.55800407546322,194052.0,15.285888671875,18.11459350585937,18.19618225097656,19.284149169921875,34.34999990463257
2023-03-19 08:57:00,19.47563743591309,76.02409362792969,191.65038299560547,89.46969604492188,82.5999984741211,61.08578872680664,99.9963836669922,0.0,50.94579595435949,194052.0,16.809036254882812,19.800933837890625,19.284149169921875,17.9241943359375,34.34999990463257
2023-03-19 08:57:01,19.501235961914062,76.02409362792969,191.6178359985352,89.46969604492188,82.4000015258789,61.08940887451172,99.9963836669922,0.0,48.19517238600256,194052.0,15.965866088867188,19.01214599609375,15.149871826171877,14.524307250976562,34.34999990463257
2023-03-19 08:57:02,19.5147647857666,76.02409362792969,190.9586639404297,89.46969604492188,82.5999984741211,61.08940887451172,99.9963836669922,0.0,47.82268940473878,194052.0,17.516204833984375,17.57061767578125,19.365737915039062,16.129058837890625,34.34999990463257
2023-03-19 08:57:03,19.492610931396484,75.96385192871094,190.4052734375,89.46969604492188,81.9000015258789,61.08940887451172,99.9963836669922,0.0,50.006341843071965,194052.0,14.823516845703123,13.87152099609375,18.685760498046875,16.890625,34.34999990463257
2023-03-19 08:57:04,19.4020938873291,76.02409362792969,190.97493743896484,89.46969604492188,82.0,61.08940887451172,99.9963836669922,0.0,49.43110854640821,194052.0,16.3194580078125,20.236114501953125,19.74652099609375,15.530670166015623,34.34999990463257
2023-03-19 08:57:05,19.39078140258789,76.02409362792969,190.4296875,89.46969604492188,81.5,61.08940887451172,99.9963836669922,0.0,48.84351813836111,194052.0,18.06019592285156,13.6539306640625,17.026611328125,17.461807250976562,34.34999990463257
2023-03-19 08:57:06,19.421924591064453,75.96385192871094,190.9993438720703,89.46969604492188,81.5999984741211,61.08940887451172,99.9963836669922,0.0,48.7057915586483,194052.0,14.170730590820312,22.4664306640625,15.612274169921877,12.674774169921877,34.34999990463257
2023-03-19 08:57:07,19.46023750305176,76.02409362792969,191.9677734375,89.46969604492188,81.4000015258789,61.08940887451172,99.9963836669922,0.0,49.69138132991151,194052.0,15.258697509765623,18.168975830078125,19.039352416992188,16.727432250976562,34.34999990463257
2023-03-19 08:57:08,19.49777603149414,76.02409362792969,190.24251556396484,89.46969604492188,81.5999984741211,61.08578872680664,99.9963836669922,0.0,50.589985375325874,194052.0,13.436355590820312,18.631378173828125,14.578704833984377,17.489013671875,34.34999990463257
2023-03-19 08:57:09,19.51116943359375,76.02409362792969,191.4306640625,89.54545593261719,82.5999984741211,61.08578872680664,100.0,0.0,47.90195965148544,194052.0,15.80267333984375,20.100128173828125,20.9976806640625,17.54339599609375,34.34999990463257
2023-03-19 08:57:10,19.5088119506836,75.96385192871094,189.4938125610352,89.54545593261719,81.69999694824219,61.08578872680664,99.9963836669922,0.0,49.86904232557792,194052.0,18.032989501953125,18.27777099609375,15.557861328125,17.869796752929688,34.34999990463257
2023-03-19 08:57:11,19.48852157592773,75.96385192871094,191.2109375,89.46969604492188,82.20000457763672,61.08578872680664,99.9963836669922,0.0,51.63555641942462,194052.0,15.013900756835938,19.229736328125,20.154510498046875,18.0601806640625,34.34999990463257
2023-03-19 08:57:12,19.429330825805664,75.96385192871094,189.5589218139648,89.46969604492188,82.0,61.08940887451172,99.9963836669922,0.0,50.099738822655134,194052.0,15.449081420898438,15.63946533203125,16.67303466796875,19.338546752929688,34.34999990463257
2023-03-19 08:57:13,19.392614364624023,75.96385192871094,191.0807266235352,89.46969604492188,82.0999984741211,61.08940887451172,99.9963836669922,0.0,51.15507663527686,194052.0,13.490753173828123,19.71932983398437,17.461807250976562,18.767364501953125,34.34999990463257
2023-03-19 08:57:14,19.362987518310547,75.96385192871094,189.5426406860352,89.46969604492188,81.30000305175781,61.08578872680664,99.9963836669922,0.0,50.0150425807016,194052.0,17.489013671875,17.135406494140625,18.468170166015625,16.265045166015625,34.34999990463257
2023-03-19 08:57:15,19.35666847229004,76.02409362792969,190.0634765625,89.46969604492188,82.0,61.08940887451172,99.9963836669922,0.0,47.65907310748055,194052.0,13.46356201171875,18.631378173828125,16.645843505859375,17.135421752929688,34.34999990463257
2023-03-19 08:57:16,19.342647552490234,76.02409362792969,191.0156326293945,89.46969604492188,83.0,61.08578872680664,99.9963836669922,0.0,48.50683376329908,194052.0,16.15625,18.767364501953125,13.73553466796875,15.884262084960938,34.34999990463257
2023-03-19 08:57:17,19.3292179107666,75.96385192871094,188.2649765014648,89.46969604492188,81.5999984741211,61.08578872680664,99.9963836669922,0.0,48.94065922333134,194052.0,11.886016845703123,14.5242919921875,16.50982666015625,16.07464599609375,34.34999990463257
2023-03-19 08:57:18,19.353147506713867,75.96385192871094,188.8590545654297,89.46969604492188,81.69999694824219,61.08940887451172,99.9963836669922,0.0,47.50778460971695,194052.0,15.965866088867188,16.700225830078125,17.84259033203125,16.210647583007812,34.34999990463257
2023-03-19 08:57:19,19.38263511657715,75.96385192871094,190.47850799560547,89.54545593261719,82.4000015258789,61.08940887451172,99.9963836669922,0.0,48.146153106602256,194052.0,16.754638671875,16.047454833984375,16.23785400390625,16.863433837890625,34.34999990463257
2023-03-19 08:57:20,19.355451583862305,76.02409362792969,191.8538436889648,89.46969604492188,82.20000457763672,61.08940887451172,99.9963836669922,0.0,47.30007259679433,194052.0,13.490753173828123,17.84259033203125,17.461807250976562,15.367477416992188,34.34999990463257
2023-03-19 08:57:21,19.2884464263916,76.02409362792969,190.234375,89.46969604492188,82.0,61.08940887451172,99.9963836669922,0.0,49.05085169629756,194052.0,16.292266845703125,17.352996826171875,16.97222900390625,16.53704833984375,34.34999990463257
2023-03-19 08:57:22,19.257360458374023,75.96385192871094,189.4124298095703,89.54545593261719,82.20000457763672,61.08940887451172,99.9963836669922,0.0,48.30153837955953,194052.0,16.61865234375,16.781829833984375,14.796295166015623,17.298614501953125,34.34999990463257
2023-03-19 08:57:23,19.2519588470459,76.02409362792969,188.9973907470703,89.46969604492188,81.0999984741211,61.08940887451172,99.9963836669922,0.0,47.933157749621024,194052.0,16.3194580078125,13.21875,17.597808837890625,18.359375,34.34999990463257
2023-03-19 08:57:24,19.27353477478028,76.02409362792969,189.98208618164065,89.46969604492188,82.5999984741211,61.08940887451172,99.9963836669922,0.0,47.60752064125828,194052.0,14.46990966796875,17.54339599609375,15.748260498046877,14.361114501953123,34.34999990463257
2023-03-19 08:57:25,19.2829818725586,76.02409362792969,190.771484375,89.54545593261719,83.0999984741211,61.08940887451172,99.9963836669922,0.0,46.90685892431883,194052.0,16.917831420898438,18.71295166015625,16.945022583007812,16.754638671875,34.34999990463257
2023-03-19 08:57:26,19.286741256713867,76.02409362792969,189.2659454345703,89.46969604492188,81.80000305175781,61.08940887451172,99.9963836669922,0.0,48.96623640067497,194052.0,15.993072509765623,14.3883056640625,19.61053466796875,15.7210693359375,34.34999990463257
2023-03-19 08:57:27,19.297292709350582,76.02409362792969,191.54458618164065,89.54545593261719,81.69999694824219,61.08940887451172,99.9963836669922,0.0,49.37792298943429,194052.0,16.754638671875,20.236114501953125,16.537033081054688,16.863433837890625,34.34999990463257
2023-03-19 08:57:28,19.27864646911621,76.02409362792969,189.3229141235352,89.46969604492188,81.5,61.08940887451172,100.0,0.0,48.84068850226311,194052.0,17.978607177734375,13.953125,15.666656494140623,18.41377258300781,34.34999990463257
2023-03-19 08:57:29,19.25146484375,75.96385192871094,190.70638275146484,89.46969604492188,82.0999984741211,61.08578872680664,99.9963836669922,0.0,50.54592952244021,194052.0,12.0491943359375,19.828125,18.7945556640625,18.00579833984375,34.34999990463257
2023-03-19 08:57:30,19.27682113647461,76.02409362792969,189.7623672485352,89.46969604492188,81.80000305175781,61.08940887451172,99.9963836669922,0.0,48.36225543965996,194052.0,16.754638671875,20.290512084960938,18.903350830078125,16.700225830078125,34.34999990463257
2023-03-19 08:57:31,19.3413200378418,76.02409362792969,190.3727264404297,89.46969604492188,82.5,61.08578872680664,99.9963836669922,0.0,49.81186552196742,194052.0,15.122695922851562,19.17535400390625,16.101852416992188,15.258682250976562,34.34999990463257
2023-03-19 08:57:32,19.422775268554688,75.96385192871094,190.3645782470703,89.46969604492188,82.30000305175781,61.08940887451172,99.9963836669922,0.0,48.122175033054674,194052.0,15.993072509765623,17.97857666015625,15.7210693359375,18.98495483398437,34.34999990463257
2023-03-19 08:57:33,19.492706298828125,76.02409362792969,188.16732025146484,89.54545593261719,81.4000015258789,61.08578872680664,99.9963836669922,0.0,50.52494581103021,194052.0,13.191558837890623,17.951385498046875,17.24420166015625,13.327545166015623,34.34999990463257
2023-03-19 08:57:34,19.52873039245605,76.02409362792969,189.3310623168945,89.54545593261719,82.30000305175781,61.08578872680664,99.9963836669922,0.0,49.614163604504064,194052.0,18.38658142089844,18.413787841796875,19.501739501953125,17.489013671875,34.34999990463257
2023-03-19 08:57:35,19.555179595947266,76.02409362792969,190.1123123168945,89.46969604492188,82.30000305175781,61.08940887451172,99.9963836669922,0.0,50.43678321462786,194052.0,13.980331420898438,17.652191162109375,17.597808837890625,14.76910400390625,34.34999990463257
2023-03-19 08:57:36,19.580219268798828,75.96385192871094,190.5517578125,89.46969604492188,82.70000457763672,61.08940887451172,99.9963836669922,0.0,48.91516455714452,194052.0,16.23785400390625,18.30499267578125,17.026611328125,13.5179443359375,34.34999990463257
2023-03-19 08:57:37,19.57639503479004,75.90361022949219,189.4693984985352,89.46969604492188,82.0999984741211,61.08940887451172,99.9963836669922,0.0,48.60431264881984,194052.0,16.700241088867188,15.5850830078125,15.530670166015623,17.489013671875,34.34999990463257
2023-03-19 08:57:38,19.600854873657227,75.96385192871094,190.3076171875,89.46969604492188,81.69999694824219,61.08940887451172,100.0,0.0,47.87973017643276,194052.0,16.67303466796875,17.434600830078125,17.788192749023438,14.90509033203125,34.34999990463257
2023-03-19 08:57:39,19.6203670501709,76.02409362792969,190.16927337646484,89.46969604492188,82.5,61.08578872680664,99.9963836669922,0.0,46.90047462150969,194052.0,17.625,16.83624267578125,17.081024169921875,17.951385498046875,34.34999990463257
2023-03-19 08:57:40,19.648658752441406,76.02409362792969,189.2252578735352,89.54545593261719,82.30000305175781,61.08940887451172,100.0,0.0,47.569597253075166,194052.0,11.83160400390625,19.85531616210937,18.821746826171875,17.1898193359375,34.34999990463257
2023-03-19 08:57:41,19.665159225463867,76.02409362792969,189.5263671875,89.54545593261719,82.20000457763672,61.08578872680664,100.0,0.0,48.44809711386008,194052.0,12.538787841796877,15.449066162109377,16.319442749023438,14.442718505859377,34.34999990463257
2023-03-19 08:57:42,19.64834213256836,76.02409362792969,187.8336563110352,89.54545593261719,82.20000457763672,61.08940887451172,99.9963836669922,0.0,47.85899922243503,194052.0,16.645843505859375,15.449066162109377,15.313079833984377,15.285888671875,34.34999990463257
2023-03-19 08:57:43,19.61410522460937,75.96385192871094,189.5426406860352,89.54545593261719,81.9000015258789,61.08940887451172,99.9963836669922,0.0,48.35729366826666,194052.0,16.97222900390625,17.54339599609375,19.74652099609375,15.993057250976562,34.34999990463257
2023-03-19 08:57:44,19.581802368164062,76.02409362792969,188.6556015014648,89.46969604492188,81.5,61.08578872680664,99.9963836669922,0.0,47.86992358839972,194052.0,17.13543701171875,14.63311767578125,15.666656494140623,14.007522583007812,34.34999990463257
2023-03-19 08:57:45,19.513660430908203,76.02409362792969,189.9739532470703,89.46969604492188,82.0999984741211,61.08940887451172,99.9963836669922,0.0,48.17273104743354,194052.0,16.074661254882812,19.61053466796875,20.698486328125,15.7210693359375,34.34999990463257
2023-03-19 08:57:46,19.44913482666016,76.02409362792969,188.4114608764648,89.46969604492188,82.5999984741211,61.08578872680664,99.9963836669922,0.0,45.15305246236422,194052.0,18.14178466796875,14.143524169921877,16.917816162109375,16.3194580078125,34.34999990463257
2023-03-19 08:57:47,19.41269874572754,75.96385192871094,190.8854217529297,89.46969604492188,81.9000015258789,61.08578872680664,99.9963836669922,0.0,46.61012503137943,194052.0,12.86517333984375,18.30499267578125,20.943283081054688,14.17071533203125,34.34999990463257
2023-03-19 08:57:48,19.38352394104004,75.96385192871094,188.7939453125,89.46969604492188,82.0,61.08940887451172,99.9963836669922,0.0,47.69519418799359,194052.0,17.70660400390625,17.869781494140625,14.225112915039062,19.773727416992188,34.34999990463257
2023-03-19 08:57:49,19.353158950805664,76.02409362792969,189.3473281860352,89.46969604492188,82.0,61.08940887451172,99.9963836669922,0.0,48.6188335061822,194052.0,12.348388671875,17.625,18.767364501953125,15.829864501953123,34.34999990463257
2023-03-19 08:57:50,19.31110954284668,76.02409362792969,190.9749374389648,89.54545593261719,82.20000457763672,61.08578872680664,99.9963836669922,0.0,50.40091784520903,194052.0,17.761016845703125,17.489013671875,16.781829833984375,16.754638671875,34.34999990463257
2023-03-19 08:57:51,19.258331298828125,76.02409362792969,188.0615234375,89.46969604492188,82.5999984741211,61.08940887451172,100.0,0.0,48.58891520496564,194052.0,11.641204833984377,19.03936767578125,14.76910400390625,16.047454833984375,34.34999990463257
2023-03-19 08:57:52,19.212623596191406,75.96385192871094,189.9169921875,89.46969604492188,82.20000457763672,61.08578872680664,99.9963836669922,0.0,49.45221865535293,194052.0,11.69561767578125,19.61053466796875,14.143524169921877,19.5289306640625,34.34999990463257
2023-03-19 08:57:53,19.168399810791016,75.96385192871094,189.111328125,89.46969604492188,82.0,61.08940887451172,100.0,0.0,49.8779945236514,194052.0,15.36749267578125,18.495361328125,15.476272583007812,16.754638671875,34.34999990463257
2023-03-19 08:57:54,19.12281608581543,75.96385192871094,189.90071868896484,89.54545593261719,82.30000305175781,61.08940887451172,99.9963836669922,0.0,51.194305567510746,194052.0,15.857070922851562,15.1226806640625,14.877899169921877,16.645843505859375,34.34999990463257
2023-03-19 08:57:55,19.12220764160156,76.02409362792969,189.892578125,89.46969604492188,81.5,61.08940887451172,99.9963836669922,0.0,51.65184293241345,194052.0,17.325820922851562,18.821746826171875,18.41377258300781,14.1163330078125,34.34999990463257
2023-03-19 08:57:56,19.136350631713867,76.02409362792969,190.3564453125,89.46969604492188,81.5999984741211,61.08578872680664,99.9963836669922,0.0,50.902173027917286,194052.0,13.409149169921877,20.426513671875,16.999420166015625,15.06829833984375,34.34999990463257
2023-03-19 08:57:57,19.189882278442383,76.02409362792969,187.6546249389648,89.46969604492188,81.69999694824219,61.08578872680664,99.9963836669922,0.0,50.82132625651959,194052.0,14.551513671875,20.04571533203125,16.618621826171875,16.101852416992188,34.34999990463257
2023-03-19 08:57:58,19.23733711242676,76.02409362792969,188.5660781860352,89.46969604492188,82.5,61.08940887451172,100.0,0.0,48.83462307051275,194052.0,15.965866088867188,16.645843505859375,18.38656616210937,16.890625,34.34999990463257
2023-03-19 08:57:59,19.26654624938965,76.02409362792969,189.35546875,89.54545593261719,81.4000015258789,61.08578872680664,99.9963836669922,0.0,50.49643057931919,194052.0,17.679412841796875,17.7882080078125,16.129058837890625,14.60589599609375,34.34999990463257
2023-03-19 08:58:00,19.31025505065918,75.96385192871094,188.14290618896484,89.54545593261719,81.80000305175781,61.08578872680664,99.9963836669922,0.0,49.20276013703887,194052.0,10.118072509765623,18.168975830078125,18.957763671875,14.60589599609375,34.34999990463257
2023-03-19 08:58:01,19.348541259765625,75.96385192871094,190.0471954345703,89.54545593261719,81.5,61.08578872680664,99.9963836669922,0.0,48.06113626613335,194052.0,19.03936767578125,18.087371826171875,14.361114501953123,17.70660400390625,34.34999990463257
2023-03-19 08:58:02,19.35444450378418,76.02409362792969,188.6800155639648,89.46969604492188,82.0,61.08578872680664,99.9963836669922,0.0,48.30308477040648,194052.0,14.388320922851562,18.27777099609375,13.6539306640625,13.082763671875,34.34999990463257
2023-03-19 08:58:03,19.400341033935547,76.02409362792969,188.818359375,89.46969604492188,82.70000457763672,61.08940887451172,100.0,0.0,48.55733192572168,194052.0,16.863433837890625,17.026611328125,18.71295166015625,18.903350830078125,34.34999990463257
2023-03-19 08:58:04,19.470558166503903,75.96385192871094,190.0309219360352,89.46969604492188,82.0999984741211,61.08940887451172,99.9963836669922,0.0,49.33943611887722,194052.0,16.591445922851562,20.34490966796875,16.645843505859375,15.8570556640625,34.34999990463257
2023-03-19 08:58:05,19.54672813415528,75.96385192871094,189.8844375610352,89.46969604492188,83.20000457763672,61.08578872680664,99.9963836669922,0.0,48.04964942333296,194052.0,11.967605590820312,15.095489501953123,20.18170166015625,16.945022583007812,34.34999990463257
2023-03-19 08:58:06,19.606990814208984,75.96385192871094,187.89876556396484,89.46969604492188,81.5,61.08940887451172,99.9963836669922,0.0,47.12933205314157,194052.0,17.951400756835938,14.361114501953123,16.67303466796875,16.700225830078125,34.34999990463257
2023-03-19 08:58:07,19.62051010131836,75.96385192871094,189.87630462646484,89.54545593261719,81.80000305175781,61.08940887451172,99.9963836669922,0.0,47.16816612905201,194052.0,11.070037841796877,18.25057983398437,18.11459350585937,13.164352416992188,34.34999990463257
2023-03-19 08:58:08,19.61864280700684,76.02409362792969,188.57421112060547,89.54545593261719,81.9000015258789,61.08940887451172,99.9963836669922,0.0,51.09771511631693,194052.0,17.70660400390625,19.692138671875,15.666656494140623,17.869796752929688,34.34999990463257
2023-03-19 08:58:09,19.60708808898925,75.96385192871094,189.2252578735352,89.54545593261719,82.30000305175781,61.08940887451172,100.0,0.0,45.42675554421938,194052.0,10.335662841796877,19.12094116210937,13.681121826171877,18.25057983398437,34.34999990463257
2023-03-19 08:58:10,19.53911781311035,75.96385192871094,190.2262344360352,89.54545593261719,82.9000015258789,61.08940887451172,99.9963836669922,0.0,47.586242163191095,194052.0,13.73553466796875,21.92245483398437,14.225112915039062,18.00579833984375,34.34999990463257
2023-03-19 08:58:11,19.506366729736328,75.96385192871094,188.0371170043945,89.46969604492188,82.0,61.08940887451172,100.0,0.0,46.98073776414756,194052.0,11.668411254882812,18.44097900390625,16.482635498046875,17.489013671875,34.34999990463257
2023-03-19 08:58:12,19.49278259277344,76.02409362792969,188.9567108154297,89.46969604492188,82.30000305175781,61.08940887451172,99.9963836669922,0.0,46.42181701225616,194052.0,14.225128173828123,19.202545166015625,18.98495483398437,16.292236328125,34.34999990463257
2023-03-19 08:58:13,19.48652458190918,76.02409362792969,188.02083587646484,89.46969604492188,82.5,61.08940887451172,99.9963836669922,0.0,49.163176790288624,194052.0,16.809036254882812,17.57061767578125,16.4554443359375,16.37384033203125,34.34999990463257
2023-03-19 08:58:14,19.4603214263916,76.02409362792969,189.26595306396484,89.46969604492188,82.30000305175781,61.08940887451172,100.0,0.0,48.45720528250395,194052.0,16.83624267578125,15.80267333984375,20.31771850585937,15.1226806640625,34.34999990463257
2023-03-19 08:58:15,19.42584609985352,76.02409362792969,188.9322967529297,89.54545593261719,82.70000457763672,61.08940887451172,100.0,0.0,47.62085347703592,194052.0,15.530670166015623,15.965850830078123,14.524307250976562,16.020263671875,34.34999990463257
2023-03-19 08:58:16,19.39885330200196,75.96385192871094,189.111328125,89.54545593261719,81.80000305175781,61.08940887451172,100.0,0.0,49.06424683887436,194052.0,13.16436767578125,15.421875,16.4554443359375,14.823486328125,34.325000286102295
2023-03-19 08:58:17,19.380157470703125,75.96385192871094,188.6556015014648,89.54545593261719,81.69999694824219,61.08940887451172,100.0,0.0,47.71365890663555,194052.0,15.693878173828123,18.332183837890625,17.271408081054688,16.917816162109375,34.34999990463257
2023-03-19 08:58:18,19.324840545654297,76.02409362792969,191.2272109985352,89.46969604492188,82.4000015258789,61.08940887451172,100.0,0.0,47.08390991831447,194052.0,15.449081420898438,20.181716918945312,16.129058837890625,13.925933837890623,34.34999990463257
2023-03-19 08:58:19,19.262290954589844,76.02409362792969,191.53646087646484,89.46969604492188,81.80000305175781,61.08940887451172,100.0,0.0,50.04057178798509,194052.0,17.108230590820312,13.57232666015625,17.733795166015625,19.09375,34.34999990463257
2023-03-19 08:58:20,19.234289169311523,76.02409362792969,189.9902420043945,89.46969604492188,81.4000015258789,61.08940887451172,100.0,0.0,47.71268754511341,194052.0,16.210662841796875,17.815399169921875,17.3258056640625,15.63946533203125,34.34999990463257
2023-03-19 08:58:21,19.224449157714844,76.02409362792969,192.4641876220703,89.46969604492188,82.70000457763672,61.08940887451172,100.0,0.0,48.6627411364532,194052.0,12.973968505859377,17.352996826171875,19.71932983398437,17.7882080078125,34.34999990463257
2023-03-19 08:58:22,19.25234031677246,76.02409362792969,192.0003280639648,89.54545593261719,82.20000457763672,61.08940887451172,100.0,0.0,47.494985768946016,194052.0,19.12095642089844,17.951385498046875,14.361114501953123,16.80902099609375,34.34999990463257
2023-03-19 08:58:23,19.27066421508789,75.96385192871094,193.9046173095703,89.54545593261719,82.5,61.08940887451172,100.0,0.0,51.4171578060328,194052.0,14.388320922851562,15.666656494140623,18.631362915039062,18.98495483398437,34.34999990463257
2023-03-19 08:58:24,19.277320861816406,75.96385192871094,193.6686248779297,89.46969604492188,81.0,61.08940887451172,99.9963836669922,0.0,53.34515598699815,194052.0,13.273162841796877,21.623260498046875,17.489013671875,15.50347900390625,34.34999990463257
2023-03-19 08:58:25,19.290531158447266,76.02409362792969,194.9300155639648,89.46969604492188,82.80000305175781,61.08940887451172,100.0,0.0,48.812571721354026,194052.0,14.63311767578125,15.394683837890623,16.15625,15.394683837890623,34.325000286102295
2023-03-19 08:58:26,19.29181289672852,76.02409362792969,194.9951248168945,89.46969604492188,82.5,61.08578872680664,99.9963836669922,0.0,49.59938626517702,194052.0,17.380218505859375,17.54339599609375,16.754638671875,16.07464599609375,34.34999990463257
2023-03-19 08:58:27,19.283634185791016,76.02409362792969,195.654296875,89.46969604492188,81.69999694824219,61.08940887451172,100.0,0.0,50.97316585326193,194052.0,10.254058837890623,19.148162841796875,18.6585693359375,17.434600830078125,34.34999990463257
2023-03-19 08:58:28,19.337553024291992,75.96385192871094,193.0257110595703,89.46969604492188,81.5999984741211,61.08940887451172,100.0,0.0,49.83101869546687,194052.0,16.3194580078125,15.77545166015625,14.796295166015623,18.495361328125,34.325000286102295
2023-03-19 08:58:29,19.41122055053711,75.96385192871094,193.53841400146484,89.46969604492188,82.5,61.08578872680664,99.9963836669922,0.0,47.3766151750946,194052.0,14.660308837890623,19.066558837890625,15.50347900390625,15.693878173828123,34.325000286102295
2023-03-19 08:58:30,19.46136474609375,76.02409362792969,192.83853149414065,89.54545593261719,81.5999984741211,61.08578872680664,99.9963836669922,0.0,50.17194453591758,194052.0,16.754638671875,16.97222900390625,18.957763671875,19.58334350585937,34.34999990463257
2023-03-19 08:58:31,19.477977752685547,76.08434295654297,192.87109375,89.54545593261719,82.0,61.08578872680664,99.9963836669922,0.0,49.00086554439992,194052.0,12.42999267578125,21.13368225097656,15.1226806640625,15.367477416992188,34.325000286102295
2023-03-19 08:58:32,19.484373092651367,76.02409362792969,192.4967422485352,89.46969604492188,82.0999984741211,61.08940887451172,100.0,0.0,47.94179859218752,194052.0,14.225128173828123,17.135406494140625,18.41377258300781,18.87615966796875,34.34999990463257
2023-03-19 08:58:33,19.48530578613281,75.96385192871094,193.3268203735352,89.46969604492188,81.5,61.08940887451172,100.0,0.0,51.35821696584701,194052.0,15.639480590820312,20.290512084960938,17.516204833984375,13.789932250976562,34.34999990463257
2023-03-19 08:58:34,19.474151611328125,75.96385192871094,193.1884841918945,89.46969604492188,82.0999984741211,61.08940887451172,100.0,0.0,48.66374608425569,194052.0,16.4554443359375,18.767364501953125,19.44732666015625,17.298614501953125,34.325000286102295
2023-03-19 08:58:35,19.42713165283203,76.02409362792969,191.95149993896484,89.46969604492188,82.4000015258789,61.08940887451172,99.9963836669922,0.0,48.77840631287178,194052.0,14.823516845703123,17.733795166015625,17.951385498046875,17.978591918945312,34.34999990463257
2023-03-19 08:58:36,19.42300796508789,76.02409362792969,191.26790618896484,89.54545593261719,81.5999984741211,61.08940887451172,99.9963836669922,0.0,48.58486553899787,194052.0,13.00115966796875,17.97857666015625,18.359375,16.509841918945312,34.325000286102295
2023-03-19 08:58:37,19.43450164794922,76.02409362792969,192.0654296875,89.54545593261719,82.0,61.08940887451172,99.9963836669922,0.0,50.65279809870692,194053.0,16.292266845703125,17.70660400390625,18.359375,17.7882080078125,34.325000286102295
2023-03-19 08:58:38,19.45746803283692,76.02409362792969,192.4723281860352,89.46969604492188,82.30000305175781,61.08940887451172,99.9963836669922,0.0,49.53953710094489,194053.0,13.89874267578125,18.903350830078125,20.18170166015625,16.101852416992188,34.325000286102295
2023-03-19 08:58:39,19.445226669311523,76.02409362792969,190.6494140625,89.46969604492188,81.30000305175781,61.08940887451172,99.9963836669922,0.0,50.64257635117327,194053.0,15.122695922851562,17.298614501953125,15.965850830078123,18.6585693359375,34.325000286102295
2023-03-19 08:58:40,19.420804977416992,76.02409362792969,191.4957656860352,89.46969604492188,81.5,61.08578872680664,99.9963836669922,0.0,50.049685845594645,194053.0,11.886016845703123,15.748260498046877,15.394683837890623,15.258682250976562,34.325000286102295
2023-03-19 08:58:41,19.41357612609864,75.96385192871094,191.36556243896484,89.46969604492188,81.69999694824219,61.08578872680664,100.0,0.0,50.54092994855232,194053.0,15.693878173828123,18.9305419921875,17.3258056640625,17.3258056640625,34.325000286102295
2023-03-19 08:58:42,19.40773200988769,76.02409362792969,192.6106719970703,89.54545593261719,82.4000015258789,61.08578872680664,99.9963836669922,0.0,50.163499026706106,194053.0,17.897003173828125,17.217010498046875,18.71295166015625,14.3883056640625,34.325000286102295
2023-03-19 08:58:43,19.36445617675781,76.02409362792969,193.017578125,89.54545593261719,81.80000305175781,61.08578872680664,100.0,0.0,49.23579509861167,194053.0,14.442718505859377,14.90509033203125,17.298614501953125,18.19618225097656,34.325000286102295
2023-03-19 08:58:44,19.348493576049805,76.02409362792969,191.75618743896484,89.46969604492188,81.0999984741211,61.08940887451172,99.9963836669922,0.0,48.96237193276186,194053.0,16.890625,17.081024169921875,15.612274169921877,17.026611328125,34.325000286102295
2023-03-19 08:58:45,19.357728958129883,75.96385192871094,192.7652969360352,89.46969604492188,81.80000305175781,61.08940887451172,99.9963836669922,0.0,48.71091587615559,194053.0,14.061920166015623,19.828125,16.537033081054688,17.570602416992188,34.325000286102295
2023-03-19 08:58:46,19.38603973388672,75.96385192871094,191.69921875,89.46969604492188,82.0999984741211,61.08940887451172,99.9963836669922,0.0,50.27545438409865,194053.0,16.183456420898438,15.666656494140623,17.516204833984375,17.869796752929688,34.325000286102295
2023-03-19 08:58:47,19.416406631469727,75.96385192871094,192.43978118896484,89.46969604492188,81.69999694824219,61.08940887451172,100.0,0.0,50.963826362216345,194053.0,16.373855590820312,19.066558837890625,14.30670166015625,18.25057983398437,34.325000286102295
2023-03-19 08:58:48,19.42208671569824,75.96385192871094,191.6666641235352,89.54545593261719,80.5,61.08578872680664,99.9963836669922,0.0,49.936012578899245,194053.0,12.321197509765623,20.58969116210937,17.352996826171875,17.597808837890625,34.325000286102295
2023-03-19 08:58:49,19.408754348754883,76.02409362792969,190.19368743896484,89.54545593261719,82.4000015258789,61.08578872680664,99.9963836669922,0.0,48.89875063103289,194053.0,13.626739501953123,17.1898193359375,16.97222900390625,16.23785400390625,34.325000286102295
2023-03-19 08:58:50,19.408905029296875,76.08434295654297,192.7246170043945,89.54545593261719,82.4000015258789,61.08940887451172,100.0,0.0,49.07512763545396,194053.0,14.33392333984375,17.135406494140625,18.495361328125,14.932296752929688,34.325000286102295
2023-03-19 08:58:51,19.37649154663086,76.02409362792969,190.2994842529297,89.46969604492188,82.5,61.08940887451172,99.9963836669922,0.0,51.39717165170666,194053.0,17.733795166015625,14.17071533203125,15.802658081054688,19.773727416992188,34.325000286102295
2023-03-19 08:58:52,19.3515853881836,75.96385192871094,190.5192031860352,89.46969604492188,81.0,61.08940887451172,100.0,0.0,49.96047292062806,194053.0,15.911468505859377,18.57696533203125,18.549774169921875,15.041091918945312,34.325000286102295
2023-03-19 08:58:53,19.36482620239257,75.90361022949219,190.36458587646484,89.46969604492188,81.0,61.08578872680664,99.9963836669922,0.0,51.35475062608679,194053.0,15.557891845703123,14.03472900390625,13.5179443359375,15.313079833984377,34.325000286102295
2023-03-19 08:58:54,19.397083282470703,76.02409362792969,192.1875076293945,89.46969604492188,81.9000015258789,61.08940887451172,99.9963836669922,0.0,48.86275487336939,194053.0,14.551513671875,17.54339599609375,15.77545166015625,15.7210693359375,34.325000286102295
2023-03-19 08:58:55,19.419797897338867,76.02409362792969,192.46419525146484,89.46969604492188,82.4000015258789,61.08940887451172,99.9963836669922,0.0,50.27222332279501,194053.0,14.524322509765623,18.6585693359375,19.44732666015625,17.0538330078125,34.325000286102295
2023-03-19 08:58:56,19.4279899597168,76.08434295654297,192.0084609985352,89.46969604492188,82.30000305175781,61.08940887451172,99.9963836669922,0.0,50.189513661190375,194053.0,17.0538330078125,20.48089599609375,13.545135498046877,15.095489501953123,34.325000286102295
2023-03-19 08:58:57,19.424293518066406,76.02409362792969,192.9931640625,89.46969604492188,82.70000457763672,61.08940887451172,99.9963836669922,0.0,49.32741721167597,194053.0,14.170730590820312,17.026611328125,19.284149169921875,18.549774169921875,34.325000286102295
2023-03-19 08:58:58,19.4312686920166,75.96385192871094,190.9098281860352,89.46969604492188,82.0,61.08940887451172,99.9963836669922,0.0,47.63600191252467,194053.0,12.402786254882812,19.17535400390625,12.375579833984377,15.93865966796875,34.325000286102295
2023-03-19 08:58:59,19.41503524780273,75.96385192871094,191.07259368896484,89.46969604492188,81.0999984741211,61.08940887451172,100.0,0.0,50.92695069392392,194053.0,11.668411254882812,17.70660400390625,18.223388671875,18.712966918945312,34.325000286102295
2023-03-19 08:59:00,19.393415451049805,76.02409362792969,190.234375,89.46969604492188,82.30000305175781,61.08578872680664,99.9963836669922,0.0,48.52203701217626,194053.0,14.877899169921877,16.292236328125,12.70196533203125,17.081024169921875,34.325000286102295
2023-03-19 08:59:01,19.41031837463379,76.08434295654297,191.0807342529297,89.46969604492188,82.4000015258789,61.08578872680664,100.0,0.0,49.63118466811646,194053.0,18.27778625488281,21.07928466796875,20.018524169921875,14.796295166015623,34.325000286102295
2023-03-19 08:59:02,19.437366485595703,76.02409362792969,191.3330078125,89.54545593261719,82.0,61.08578872680664,100.0,0.0,49.312138288166025,194053.0,13.572357177734377,13.21875,17.597808837890625,17.760986328125,34.325000286102295
2023-03-19 08:59:03,19.46846008300781,75.96385192871094,191.3818359375,89.46969604492188,81.4000015258789,61.08578872680664,99.9963836669922,0.0,49.80722253573011,194053.0,14.1163330078125,17.489013671875,18.0601806640625,15.1226806640625,34.325000286102295
2023-03-19 08:59:04,19.465965270996094,75.96385192871094,190.6901016235352,89.46969604492188,81.80000305175781,61.08940887451172,100.0,0.0,49.69960714387897,194053.0,16.727447509765625,16.53704833984375,15.04107666015625,15.775466918945312,34.325000286102295
2023-03-19 08:59:05,19.43994903564453,76.02409362792969,190.5598983764648,89.46969604492188,82.0,61.08578872680664,100.0,0.0,49.21220506170838,194053.0,17.489013671875,18.9305419921875,17.84259033203125,14.90509033203125,34.325000286102295
2023-03-19 08:59:06,19.413515090942383,76.02409362792969,191.73989868164065,89.46969604492188,82.80000305175781,61.08940887451172,100.0,0.0,47.71356329310483,194053.0,15.965866088867188,15.748260498046877,18.767364501953125,17.461807250976562,34.325000286102295
2023-03-19 08:59:07,19.39043617248535,76.08434295654297,192.0003204345703,89.54545593261719,81.5,61.08940887451172,100.0,0.0,49.47906611465298,194053.0,14.714706420898438,17.1898193359375,14.30670166015625,18.74017333984375,34.325000286102295
2023-03-19 08:59:08,19.34409141540528,75.96385192871094,191.8619766235352,89.54545593261719,81.0,61.08578872680664,100.0,0.0,52.61699242004065,194053.0,12.321197509765623,21.05209350585937,16.5914306640625,14.877899169921877,34.325000286102295
2023-03-19 08:59:09,19.34223937988281,75.90361022949219,191.3330078125,89.54545593261719,81.30000305175781,61.08940887451172,100.0,0.0,50.65725757782542,194053.0,13.762741088867188,16.97222900390625,16.23785400390625,15.367477416992188,34.325000286102295
2023-03-19 08:59:10,19.34962654113769,75.90361022949219,191.7399063110352,89.54545593261719,82.0999984741211,61.08940887451172,99.9963836669922,0.0,48.64115642955977,194053.0,15.313079833984377,19.365753173828125,21.405670166015625,16.5914306640625,34.325000286102295
2023-03-19 08:59:11,19.374170303344727,75.96385192871094,190.8610000610352,89.46969604492188,82.0999984741211,61.08940887451172,100.0,0.0,48.5950200070981,194053.0,19.284149169921875,14.30670166015625,17.516204833984375,17.570602416992188,34.325000286102295
2023-03-19 08:59:12,19.38615798950196,76.08434295654297,190.85286712646484,89.46969604492188,83.20000457763672,61.08940887451172,100.0,0.0,46.66097759429668,194053.0,14.19793701171875,20.508102416992188,17.70660400390625,14.741897583007812,34.325000286102295
2023-03-19 08:59:13,19.36998176574707,76.08434295654297,191.73177337646484,89.46969604492188,82.20000457763672,61.08940887451172,100.0,0.0,47.50998848007607,194053.0,19.47454833984375,18.168975830078125,17.434600830078125,16.53704833984375,34.325000286102295
2023-03-19 08:59:14,19.348052978515625,76.02409362792969,190.8040313720703,89.46969604492188,82.5999984741211,61.08940887451172,100.0,0.0,48.75541435921621,194053.0,10.934036254882812,17.135406494140625,18.631362915039062,16.509841918945312,34.325000286102295
2023-03-19 08:59:15,19.341739654541016,75.96385192871094,192.29329681396484,89.54545593261719,82.0,61.08940887451172,100.0,0.0,50.91346026218064,194053.0,16.754638671875,19.5289306640625,17.54339599609375,18.27777099609375,34.325000286102295
2023-03-19 08:59:16,19.315162658691406,75.90361022949219,189.99837493896484,89.54545593261719,81.69999694824219,61.08940887451172,100.0,0.0,48.18283325637512,194053.0,13.409149169921877,17.380218505859375,14.225112915039062,18.0601806640625,34.325000286102295
2023-03-19 08:59:17,19.319799423217773,75.96385192871094,191.8782501220703,89.54545593261719,81.5,61.08578872680664,100.0,0.0,52.37738617270431,194053.0,15.449081420898438,22.68402099609375,15.802658081054688,12.13079833984375,34.325000286102295
2023-03-19 08:59:18,19.34077453613281,76.02409362792969,190.26692962646484,89.46969604492188,81.80000305175781,61.08940887451172,100.0,0.0,50.999672785453775,194053.0,15.639480590820312,18.25057983398437,17.869781494140625,17.652191162109375,34.325000286102295
2023-03-19 08:59:19,19.36702346801757,76.08434295654297,192.0898513793945,89.46969604492188,82.5999984741211,61.08940887451172,100.0,0.0,46.838713861415606,194053.0,15.476287841796877,19.773727416992188,16.428237915039062,17.298614501953125,34.325000286102295
2023-03-19 08:59:20,19.39868354797364,75.96385192871094,191.56087493896484,89.46969604492188,82.30000305175781,61.08940887451172,100.0,0.0,48.69017590782435,194053.0,15.285888671875,20.671295166015625,13.898727416992188,17.135421752929688,34.325000286102295
2023-03-19 08:59:21,19.41546630859375,75.96385192871094,191.5771484375,89.46969604492188,82.5,61.08940887451172,99.9963836669922,0.0,47.03491872129467,194053.0,14.877899169921877,18.359375,17.652191162109375,18.00579833984375,34.325000286102295
2023-03-19 08:59:22,19.424325942993164,76.02409362792969,191.2516326904297,89.54545593261719,81.4000015258789,61.08940887451172,100.0,0.0,49.56348676803999,194053.0,17.081024169921875,16.999420166015625,18.332183837890625,17.625,34.325000286102295
2023-03-19 08:59:23,19.438884735107425,76.02409362792969,190.38899993896484,89.46969604492188,82.80000305175781,61.08578872680664,100.0,0.0,47.94520051564164,194053.0,15.829864501953123,17.352996826171875,15.20428466796875,21.4600830078125,34.325000286102295
2023-03-19 08:59:24,19.428363800048828,76.02409362792969,191.8619766235352,89.46969604492188,81.5,61.08578872680664,100.0,0.0,50.62856406276108,194053.0,13.028366088867188,22.11285400390625,18.332183837890625,17.54339599609375,34.325000286102295
2023-03-19 08:59:25,19.43714904785156,76.02409362792969,190.9912185668945,89.46969604492188,82.0,61.08940887451172,99.9963836669922,0.0,47.02531287460759,194053.0,14.6875,14.823486328125,16.265045166015625,18.11459350585937,34.325000286102295
2023-03-19 08:59:26,19.468839645385746,76.02409362792969,191.2760391235352,89.46969604492188,82.0,61.08578872680664,100.0,0.0,49.04988244173593,194053.0,15.911468505859377,20.290512084960938,19.501739501953125,15.748260498046877,34.325000286102295
2023-03-19 08:59:27,19.508777618408203,75.96385192871094,190.85286712646484,89.54545593261719,81.80000305175781,61.08940887451172,100.0,0.0,49.11919182794109,194053.0,14.061920166015623,16.15625,13.953125,18.7945556640625,34.325000286102295
2023-03-19 08:59:28,19.536495208740234,75.96385192871094,191.9921875,89.54545593261719,82.30000305175781,61.08578872680664,100.0,0.0,49.37329281687047,194053.0,14.061920166015623,21.242477416992188,17.162612915039062,16.618637084960938,34.325000286102295
2023-03-19 08:59:29,19.53755187988281,75.96385192871094,189.2008438110352,89.54545593261719,81.19999694824219,61.08578872680664,99.9963836669922,0.0,47.57229268993677,194053.0,16.292266845703125,15.5850830078125,16.129058837890625,16.183441162109375,34.325000286102295
2023-03-19 08:59:30,19.510637283325195,76.08434295654297,189.4124374389648,89.46969604492188,82.70000457763672,61.08940887451172,100.0,0.0,46.44815871594172,194053.0,16.15625,16.482635498046875,17.40740966796875,17.135421752929688,34.325000286102295
2023-03-19 08:59:31,19.481290817260746,76.02409362792969,190.9261016845703,89.46969604492188,82.9000015258789,61.08578872680664,100.0,0.0,47.586657061368,194053.0,13.980331420898438,20.94329833984375,18.549774169921875,12.022003173828123,34.325000286102295
2023-03-19 08:59:32,19.43046188354492,75.96385192871094,189.53450775146484,89.46969604492188,80.9000015258789,61.08578872680664,100.0,0.0,51.7489200619054,194053.0,12.919570922851562,14.361114501953123,16.836227416992188,16.863433837890625,34.325000286102295
2023-03-19 08:59:33,19.378721237182617,76.02409362792969,190.771484375,89.46969604492188,82.0999984741211,61.08940887451172,100.0,0.0,51.20653933044102,194053.0,14.551513671875,20.372100830078125,19.5289306640625,17.760986328125,34.325000286102295
2023-03-19 08:59:34,19.371898651123047,75.96385192871094,188.68001556396484,89.46969604492188,82.5,61.08940887451172,100.0,0.0,49.17670301071614,194053.0,12.26678466796875,18.30499267578125,14.551513671875,16.482635498046875,34.325000286102295
2023-03-19 08:59:35,19.37640380859375,75.96385192871094,190.60872650146484,89.46969604492188,81.69999694824219,61.08940887451172,100.0,0.0,50.36491339148184,194053.0,14.061920166015623,19.17535400390625,18.0601806640625,18.19618225097656,34.325000286102295
2023-03-19 08:59:36,19.39153861999512,75.96385192871094,190.09603118896484,89.46969604492188,81.80000305175781,61.08940887451172,100.0,0.0,47.21948939243224,194053.0,9.954864501953123,16.917816162109375,12.375579833984377,13.87152099609375,34.325000286102295
2023-03-19 08:59:37,19.38941192626953,76.02409362792969,190.16927337646484,89.54545593261719,83.0999984741211,61.08940887451172,100.0,0.0,45.11359977870544,194053.0,12.72918701171875,16.618621826171875,14.442718505859377,17.162628173828125,34.325000286102295
2023-03-19 08:59:38,19.36534309387207,76.08434295654297,190.1692657470703,89.54545593261719,83.0999984741211,61.08940887451172,100.0,0.0,45.96217518398719,194053.0,17.108230590820312,18.71295166015625,16.319442749023438,15.50347900390625,34.325000286102295
2023-03-19 08:59:39,19.340930938720703,76.08434295654297,190.5436172485352,89.54545593261719,81.9000015258789,61.08578872680664,100.0,0.0,48.50321620304416,194053.0,16.61865234375,17.489013671875,17.951385498046875,16.401046752929688,34.325000286102295
2023-03-19 08:59:40,19.32106590270996,75.96385192871094,191.3981094360352,89.46969604492188,81.69999694824219,61.08578872680664,100.0,0.0,51.34716361216501,194053.0,16.183456420898438,16.5914306640625,15.884246826171877,16.5914306640625,34.325000286102295
2023-03-19 08:59:41,19.28641891479492,75.96385192871094,190.1774063110352,89.46969604492188,81.5999984741211,61.08940887451172,100.0,0.0,50.18377507185286,194053.0,16.482650756835938,16.700225830078125,15.34027099609375,14.932296752929688,34.325000286102295
2023-03-19 08:59:42,19.289623260498047,75.96385192871094,190.52734375,89.46969604492188,82.0,61.08578872680664,100.0,0.0,49.43213137369951,194053.0,14.796295166015623,18.413787841796875,18.41377258300781,15.693878173828123,34.325000286102295
2023-03-19 08:59:43,19.31567573547364,76.02409362792969,189.2985000610352,89.54545593261719,81.80000305175781,61.08940887451172,100.0,0.0,50.40929371124273,194053.0,17.081024169921875,18.00579833984375,15.394683837890623,16.863433837890625,34.325000286102295
2023-03-19 08:59:44,19.348859786987305,76.02409362792969,190.7958984375,89.54545593261719,81.19999694824219,61.08940887451172,100.0,0.0,49.255569909432566,194053.0,15.285888671875,15.095489501953123,14.796295166015623,16.37384033203125,34.325000286102295
2023-03-19 08:59:45,19.369400024414062,76.02409362792969,189.43685150146484,89.46969604492188,82.70000457763672,61.08940887451172,100.0,0.0,46.11800974954171,194053.0,16.564239501953125,16.37384033203125,14.76910400390625,14.877899169921877,34.325000286102295
2023-03-19 08:59:46,19.37090492248535,76.02409362792969,190.5436248779297,89.46969604492188,82.80000305175781,61.08940887451172,100.0,0.0,47.89162797745909,194053.0,11.668411254882812,14.959503173828123,16.5914306640625,17.625,34.325000286102295
2023-03-19 08:59:47,19.366182327270508,75.96385192871094,189.53450775146484,89.54545593261719,82.4000015258789,61.08578872680664,100.0,0.0,47.65939285506404,194053.0,16.10186767578125,19.338531494140625,16.836227416992188,16.917816162109375,34.325000286102295
2023-03-19 08:59:48,19.36468505859375,76.02409362792969,191.48763275146484,89.54545593261719,82.5999984741211,61.08940887451172,100.0,0.0,49.02140077016178,194053.0,16.754638671875,17.026611328125,17.760986328125,17.733795166015625,34.325000286102295
2023-03-19 08:59:49,19.33895301818848,76.02409362792969,190.6168670654297,89.54545593261719,82.0,61.08940887451172,100.0,0.0,47.32795725808622,194053.0,18.82177734375,18.7945556640625,15.7210693359375,14.551513671875,34.325000286102295
2023-03-19 08:59:50,19.346132278442383,76.02409362792969,190.1367263793945,89.54545593261719,81.80000305175781,61.08940887451172,100.0,0.0,49.0096615923679,194053.0,11.777206420898438,15.149871826171877,17.516204833984375,17.353012084960938,34.325000286102295
2023-03-19 08:59:51,19.371551513671875,75.96385192871094,190.13671875,89.46969604492188,81.80000305175781,61.08578872680664,100.0,0.0,49.82840544246944,194053.0,18.549774169921875,18.84896850585937,15.367477416992188,16.836227416992188,34.325000286102295
2023-03-19 08:59:52,19.430233001708984,76.02409362792969,188.671875,89.46969604492188,81.30000305175781,61.08940887451172,100.0,0.0,50.548888597451,194053.0,12.321197509765623,15.884246826171877,17.788192749023438,14.143524169921877,34.325000286102295
2023-03-19 08:59:53,19.4565486907959,75.96385192871094,190.3727188110352,89.46969604492188,81.30000305175781,61.08578872680664,100.0,0.0,51.19737217590521,194053.0,16.83624267578125,16.645843505859375,20.072906494140625,17.760986328125,34.325000286102295
2023-03-19 08:59:54,19.45873641967773,76.02409362792969,190.4296875,89.46969604492188,81.9000015258789,61.08940887451172,100.0,0.0,49.26976630619424,194053.0,14.19793701171875,18.332183837890625,14.442718505859377,16.509841918945312,34.325000286102295
2023-03-19 08:59:55,19.430395126342773,75.96385192871094,189.5914688110352,89.46969604492188,81.5999984741211,61.08578872680664,100.0,0.0,47.495276929511896,194053.0,15.639480590820312,17.70660400390625,17.70660400390625,19.31134033203125,34.325000286102295
2023-03-19 08:59:56,19.41765213012696,75.96385192871094,190.01464080810547,89.46969604492188,81.30000305175781,61.08940887451172,100.0,0.0,49.84534325719845,194053.0,17.9241943359375,21.18807983398437,12.647567749023438,15.63946533203125,34.325000286102295
2023-03-19 08:59:57,19.38709831237793,76.08434295654297,190.8935546875,89.54545593261719,82.4000015258789,61.08578872680664,100.0,0.0,48.58299846434962,194053.0,16.727447509765625,17.760986328125,16.863433837890625,16.23785400390625,34.325000286102295
2023-03-19 08:59:58,19.376968383789062,76.02409362792969,190.6168670654297,89.54545593261719,81.30000305175781,61.08940887451172,100.0,0.0,51.2165629240036,194053.0,17.57061767578125,19.17535400390625,16.129058837890625,15.313079833984377,34.325000286102295
2023-03-19 08:59:59,19.40227699279785,75.96385192871094,190.8121795654297,89.54545593261719,81.69999694824219,61.08940887451172,100.0,0.0,48.13580557000372,194053.0,12.72918701171875,16.3194580078125,18.223388671875,19.2569580078125,34.325000286102295
2023-03-19 09:00:00,19.429834365844727,75.96385192871094,190.60872650146484,89.46969604492188,81.30000305175781,61.08940887451172,100.0,0.0,48.93303774903849,194053.0,15.50347900390625,19.09375,19.44732666015625,15.476272583007812,34.325000286102295
2023-03-19 09:00:01,19.467329025268555,76.02409362792969,189.6403045654297,89.46969604492188,81.9000015258789,61.08578872680664,100.0,0.0,49.281808716358526,194053.0,16.863433837890625,17.10821533203125,15.585067749023438,18.685760498046875,34.325000286102295
2023-03-19 09:00:02,19.469396591186523,76.02409362792969,190.6738357543945,89.46969604492188,82.0999984741211,61.08940887451172,100.0,0.0,48.58806242934779,194053.0,15.857070922851562,15.666656494140623,20.04571533203125,16.5914306640625,34.325000286102295
2023-03-19 09:00:03,19.448978424072266,76.02409362792969,189.8600234985352,89.46969604492188,82.0,61.08940887451172,100.0,0.0,47.25163378630258,194053.0,14.93231201171875,16.482635498046875,17.54339599609375,15.993057250976562,34.325000286102295
2023-03-19 09:00:04,19.44311141967773,76.02409362792969,189.65657806396484,89.54545593261719,82.80000305175781,61.08940887451172,100.0,0.0,47.334592629434205,194053.0,17.27142333984375,14.660308837890623,17.869781494140625,17.625,34.325000286102295
2023-03-19 09:00:05,19.409896850585938,76.02409362792969,189.65657806396484,89.54545593261719,82.80000305175781,61.08578872680664,100.0,0.0,45.77063632475844,194053.0,17.434616088867188,15.693878173828123,17.652191162109375,15.476272583007812,34.325000286102295
2023-03-19 09:00:06,19.37936782836914,75.96385192871094,190.13671875,89.54545593261719,82.0,61.08578872680664,100.0,0.0,50.04685715185569,194053.0,15.66668701171875,17.597808837890625,17.597808837890625,20.100128173828125,34.325000286102295
2023-03-19 09:00:07,19.384981155395508,76.02409362792969,189.46126556396484,89.46969604492188,81.4000015258789,61.08940887451172,100.0,0.0,52.50006390632661,194053.0,13.354766845703123,20.372100830078125,16.67303466796875,17.84259033203125,34.325000286102295
2023-03-19 09:00:08,19.404619216918945,76.02409362792969,189.0869140625,89.46969604492188,82.0,61.08578872680664,100.0,0.0,49.38534152433026,194053.0,15.231491088867188,18.957763671875,16.80902099609375,17.733795166015625,34.325000286102295
2023-03-19 09:00:09,19.43976402282715,76.02409362792969,189.404296875,89.46969604492188,81.69999694824219,61.08578872680664,100.0,0.0,50.17062235363203,194053.0,15.095489501953123,20.154510498046875,17.217010498046875,16.781829833984375,34.325000286102295
2023-03-19 09:00:10,19.456172943115234,75.96385192871094,189.7867889404297,89.46969604492188,81.69999694824219,61.08578872680664,100.0,0.0,49.3810061684377,194053.0,16.074661254882812,18.957763671875,18.14178466796875,15.911468505859377,34.325000286102295
2023-03-19 09:00:11,19.436336517333984,75.96385192871094,190.0227890014648,89.54545593261719,82.0,61.08940887451172,100.0,0.0,49.88312853929418,194053.0,12.157989501953123,16.07464599609375,21.432861328125,16.183441162109375,34.325000286102295
2023-03-19 09:00:12,19.41504669189453,75.96385192871094,188.427734375,89.46969604492188,81.5,61.08578872680664,100.0,0.0,48.66906780143895,194053.0,13.3819580078125,17.760986328125,16.618621826171875,16.292236328125,34.325000286102295
2023-03-19 09:00:13,19.38943099975586,76.02409362792969,190.0634765625,89.46969604492188,81.80000305175781,61.08940887451172,100.0,0.0,49.97974727823495,194053.0,15.20428466796875,16.945037841796875,18.821746826171875,16.265045166015625,34.325000286102295
2023-03-19 09:00:14,19.35712623596192,76.02409362792969,189.111328125,89.46969604492188,82.80000305175781,61.08578872680664,100.0,0.0,47.422540541856094,194053.0,15.177093505859377,17.081024169921875,14.007522583007812,19.01214599609375,34.325000286102295
2023-03-19 09:00:15,19.36327171325684,76.02409362792969,190.8121795654297,89.46969604492188,82.4000015258789,61.08940887451172,100.0,0.0,49.80866930636151,194053.0,17.108230590820312,19.5289306640625,17.3258056640625,16.917816162109375,34.325000286102295
2023-03-19 09:00:16,19.38602066040039,75.96385192871094,190.31575775146484,89.46969604492188,82.0,61.08940887451172,100.0,0.0,48.71828984623752,194053.0,18.44097900390625,19.85531616210937,19.17535400390625,13.028350830078123,34.325000286102295
2023-03-19 09:00:17,19.43077278137207,75.96385192871094,189.16829681396484,89.46969604492188,82.5,61.08940887451172,100.0,0.0,47.6556083782969,194053.0,14.959503173828123,18.11459350585937,18.957763671875,15.829864501953123,34.325000286102295
2023-03-19 09:00:18,19.454057693481445,76.02409362792969,190.6901092529297,89.46969604492188,81.9000015258789,61.08940887451172,100.0,0.0,48.270869468580365,194053.0,17.244232177734375,19.284149169921875,18.740158081054688,15.5850830078125,34.325000286102295
2023-03-19 09:00:19,19.441904067993164,76.08434295654297,189.33919525146484,89.46969604492188,82.20000457763672,61.08578872680664,100.0,0.0,48.95448436632537,194053.0,13.789947509765623,16.37384033203125,18.27777099609375,15.965850830078123,34.325000286102295
2023-03-19 09:00:20,19.426982879638672,76.02409362792969,189.90071868896484,89.54545593261719,82.0999984741211,61.08578872680664,100.0,0.0,48.92151980484881,194053.0,17.108230590820312,16.999420166015625,19.202545166015625,17.9241943359375,34.325000286102295
2023-03-19 09:00:21,19.42152976989746,75.96385192871094,189.2334060668945,89.54545593261719,81.5,61.08578872680664,100.0,0.0,50.63109636900656,194053.0,18.332183837890625,18.7945556640625,15.585067749023438,13.980316162109377,34.325000286102295
2023-03-19 09:00:22,19.379941940307617,76.02409362792969,189.99837493896484,89.54545593261719,81.69999694824219,61.08578872680664,100.0,0.0,48.29587878595813,194053.0,13.844329833984377,15.666656494140623,21.405670166015625,17.434600830078125,34.325000286102295
2023-03-19 09:00:23,19.36525154113769,76.02409362792969,188.9078750610352,89.54545593261719,82.0999984741211,61.08578872680664,100.0,0.0,48.2667729016015,194053.0,17.081024169921875,20.100128173828125,12.157989501953123,17.597808837890625,34.325000286102295
2023-03-19 09:00:24,19.3808650970459,76.02409362792969,190.6738357543945,89.46969604492188,82.4000015258789,61.08940887451172,100.0,0.0,48.801411060061575,194053.0,15.041107177734377,16.999420166015625,21.677658081054688,17.434600830078125,34.325000286102295
2023-03-19 09:00:25,19.412378311157227,76.02409362792969,188.37889862060547,89.46969604492188,82.70000457763672,61.08578872680664,100.0,0.0,49.70114565435708,194053.0,17.57061767578125,19.637725830078125,15.367477416992188,16.183441162109375,34.325000286102295
2023-03-19 09:00:26,19.439512252807617,76.02409362792969,189.1764297485352,89.46969604492188,82.70000457763672,61.08940887451172,100.0,0.0,49.0670372353426,194053.0,15.775482177734377,16.999420166015625,19.71932983398437,18.27777099609375,34.325000286102295
2023-03-19 09:00:27,19.43646049499512,75.96385192871094,189.04622650146484,89.46969604492188,81.5999984741211,61.08940887451172,100.0,0.0,47.37457188466328,194053.0,14.089141845703123,20.9976806640625,14.850692749023438,16.727432250976562,34.325000286102295
2023-03-19 09:00:28,19.41464233398437,75.96385192871094,189.4287185668945,89.46969604492188,82.20000457763672,61.08940887451172,100.0,0.0,45.287261034237225,194053.0,11.886016845703123,17.135406494140625,17.352996826171875,15.258682250976562,34.325000286102295
2023-03-19 09:00:29,19.41081428527832,76.02409362792969,189.4124374389648,89.46969604492188,82.0,61.08940887451172,100.0,0.0,48.773693783847015,194053.0,16.727447509765625,17.27142333984375,16.401031494140625,14.959503173828123,34.325000286102295
2023-03-19 09:00:30,19.36740493774414,75.96385192871094,190.7470703125,89.54545593261719,81.9000015258789,61.08940887451172,100.0,0.0,49.95979150486828,194053.0,16.020263671875,18.98495483398437,18.032989501953125,15.013885498046877,34.325000286102295
2023-03-19 09:00:31,19.35165023803711,76.02409362792969,191.9596328735352,89.54545593261719,82.4000015258789,61.08940887451172,100.0,0.0,48.3905657669677,194053.0,14.306732177734377,17.026611328125,19.88252258300781,19.284149169921875,34.325000286102295
2023-03-19 09:00:32,19.376420974731445,76.02409362792969,192.5455703735352,89.54545593261719,82.80000305175781,61.08940887451172,100.0,0.0,48.55191934106553,194053.0,15.258697509765623,21.32406616210937,17.1898193359375,15.666671752929688,34.325000286102295
2023-03-19 09:00:33,19.416364669799805,75.96385192871094,192.8629531860352,89.46969604492188,82.70000457763672,61.08940887451172,100.0,0.0,49.47334983207376,194053.0,17.842605590820312,18.11459350585937,18.549774169921875,18.767364501953125,34.325000286102295
2023-03-19 09:00:34,19.447397232055664,76.02409362792969,192.48046875,89.46969604492188,80.80000305175781,61.08940887451172,100.0,0.0,52.91377071307215,194053.0,19.55615234375,17.434600830078125,15.1226806640625,14.633102416992188,34.325000286102295
2023-03-19 09:00:35,19.46344757080078,76.02409362792969,193.5872344970703,89.46969604492188,81.0999984741211,61.08940887451172,100.0,0.0,50.96289688069482,194053.0,11.423614501953123,18.74017333984375,17.97857666015625,16.346649169921875,34.325000286102295
2023-03-19 09:00:36,19.449382781982425,75.96385192871094,193.6197967529297,89.46969604492188,81.5,61.08940887451172,100.0,0.0,49.54083856179191,194053.0,14.442718505859377,17.1898193359375,15.50347900390625,16.210647583007812,34.325000286102295
2023-03-19 09:00:37,19.44595718383789,76.02409362792969,194.3196563720703,89.54545593261719,81.9000015258789,61.08940887451172,100.0,0.0,50.56100331506279,194053.0,11.26043701171875,18.087371826171875,17.679397583007812,14.306716918945312,34.325000286102295
2023-03-19 09:00:38,19.42079734802246,76.02409362792969,193.17220306396484,89.54545593261719,81.9000015258789,61.08940887451172,100.0,0.0,49.42451250926749,194053.0,17.35302734375,17.815399169921875,16.4554443359375,15.06829833984375,34.325000286102295
2023-03-19 09:00:39,19.375640869140625,76.02409362792969,195.7600936889648,89.54545593261719,81.5999984741211,61.08940887451172,100.0,0.0,50.68730676121159,194053.0,14.442718505859377,19.365753173828125,15.884246826171877,18.604171752929688,34.325000286102295
2023-03-19 09:00:40,19.372234344482425,76.02409362792969,196.8668594360352,89.46969604492188,81.4000015258789,61.08578872680664,100.0,0.0,50.93041008681029,194053.0,15.20428466796875,13.43634033203125,16.07464599609375,17.54339599609375,34.325000286102295
2023-03-19 09:00:41,19.379444122314453,76.02409362792969,192.2281875610352,89.46969604492188,82.0999984741211,61.08940887451172,100.0,0.0,50.52893042702017,194053.0,13.653945922851562,17.760986328125,17.053817749023438,15.829864501953123,34.325000286102295
2023-03-19 09:00:42,19.40651130676269,76.02409362792969,194.7672576904297,89.46969604492188,82.70000457763672,61.08578872680664,100.0,0.0,46.35217489118247,194053.0,17.298614501953125,18.767364501953125,19.61053466796875,17.978591918945312,34.325000286102295
2023-03-19 09:00:43,19.422855377197266,75.96385192871094,195.1660232543945,89.46969604492188,81.5,61.08578872680664,99.9963836669922,0.0,52.11565701053797,194053.0,17.597808837890625,18.11459350585937,17.625,15.394683837890623,34.325000286102295
2023-03-19 09:00:44,19.401485443115234,76.02409362792969,194.7021484375,89.46969604492188,81.80000305175781,61.08578872680664,100.0,0.0,49.56126986661182,194053.0,12.42999267578125,17.298614501953125,17.652191162109375,18.359375,34.325000286102295
2023-03-19 09:00:45,19.38821601867676,76.02409362792969,192.87109375,89.54545593261719,81.5999984741211,61.08578872680664,100.0,0.0,50.70640990086678,194053.0,17.679412841796875,18.168975830078125,14.714691162109377,16.020263671875,34.325000286102295
2023-03-19 09:00:46,19.36577033996582,76.02409362792969,193.24544525146484,89.54545593261719,82.0,61.08940887451172,100.0,0.0,48.95048723850837,194053.0,11.287628173828123,20.018524169921875,13.6539306640625,20.671295166015625,34.325000286102295
2023-03-19 09:00:47,19.313207626342773,76.02409362792969,193.603515625,89.54545593261719,81.4000015258789,61.08940887451172,100.0,0.0,51.68557281518689,194053.0,16.509857177734375,19.71932983398437,15.911468505859377,16.618637084960938,34.325000286102295
2023-03-19 09:00:48,19.30031394958496,76.02409362792969,194.7265701293945,89.46969604492188,81.9000015258789,61.08940887451172,100.0,0.0,50.83435262823919,194053.0,12.7835693359375,18.5225830078125,18.468170166015625,18.957763671875,34.325000286102295
2023-03-19 09:00:49,19.307247161865234,75.96385192871094,195.23925018310547,89.46969604492188,82.30000305175781,61.08940887451172,100.0,0.0,50.48798930072814,194053.0,16.863433837890625,18.98495483398437,18.903350830078125,14.796295166015623,34.325000286102295
2023-03-19 09:00:50,19.33643913269043,75.96385192871094,192.6432266235352,89.46969604492188,80.69999694824219,61.08940887451172,100.0,0.0,53.78911837731482,194053.0,17.325820922851562,15.394683837890623,15.666656494140623,15.285888671875,34.325000286102295
2023-03-19 09:00:51,19.361099243164062,75.96385192871094,194.1894607543945,89.46969604492188,81.5,61.08940887451172,100.0,0.0,49.29975956555902,194053.0,16.428253173828125,19.71932983398437,18.38656616210937,14.90509033203125,34.325000286102295
2023-03-19 09:00:52,19.36643409729004,76.02409362792969,194.6044921875,89.46969604492188,82.5999984741211,61.08578872680664,100.0,0.0,50.32533964098803,194053.0,15.394683837890623,14.6875,18.821746826171875,16.97222900390625,34.325000286102295
2023-03-19 09:00:53,19.357955932617188,76.02409362792969,194.921875,89.54545593261719,81.19999694824219,61.08940887451172,100.0,0.0,50.48890497563144,194053.0,14.741912841796877,18.359375,18.0601806640625,18.0601806640625,34.325000286102295
2023-03-19 09:00:54,19.35896110534668,76.02409362792969,194.1162109375,89.54545593261719,81.80000305175781,61.08940887451172,100.0,0.0,52.76205800168301,194053.0,18.032989501953125,17.7882080078125,16.5914306640625,15.748260498046877,34.325000286102295
2023-03-19 09:00:55,19.32856559753418,75.96385192871094,192.7897186279297,89.54545593261719,81.4000015258789,61.08578872680664,99.9963836669922,0.0,51.18660020219593,194053.0,9.302093505859377,20.100128173828125,16.183441162109375,16.23785400390625,34.325000286102295
2023-03-19 09:00:56,19.328346252441406,75.96385192871094,192.9362030029297,89.46969604492188,81.5999984741211,61.08940887451172,100.0,0.0,51.01935280778241,194053.0,15.639480590820312,15.530670166015623,16.428237915039062,14.633102416992188,34.325000286102295
2023-03-19 09:00:57,19.36646842956543,76.02409362792969,192.51302337646484,89.46969604492188,81.69999694824219,61.08940887451172,100.0,0.0,50.92608656214486,194053.0,13.082763671875,17.57061767578125,15.612274169921877,17.026611328125,34.325000286102295
2023-03-19 09:00:58,19.42659378051757,75.96385192871094,195.0032577514648,89.54545593261719,81.80000305175781,61.08940887451172,100.0,0.0,48.79064538204227,194053.0,15.36749267578125,15.911468505859377,20.64410400390625,18.00579833984375,34.325000286102295
2023-03-19 09:00:59,19.47810745239257,76.02409362792969,193.8313751220703,89.54545593261719,82.20000457763672,61.08940887451172,100.0,0.0,48.44918958204445,194053.0,17.13543701171875,17.869781494140625,14.9866943359375,14.633102416992188,34.325000286102295
2023-03-19 09:01:00,19.49046897888184,76.02409362792969,194.0836563110352,89.46969604492188,82.5999984741211,61.08578872680664,100.0,0.0,47.140137918832274,194053.0,14.46990966796875,19.338531494140625,20.18170166015625,16.53704833984375,34.325000286102295
2023-03-19 09:01:01,19.45058250427246,75.96385192871094,191.5771484375,89.54545593261719,82.0,61.08578872680664,100.0,0.0,47.54681763263055,194053.0,20.64410400390625,18.14178466796875,14.551513671875,13.73553466796875,34.325000286102295
2023-03-19 09:01:02,19.428831100463867,75.96385192871094,194.75911712646484,89.46969604492188,82.0,61.08578872680664,100.0,0.0,48.304584303058725,194053.0,13.273162841796877,19.556137084960938,20.5625,17.652191162109375,34.325000286102295
2023-03-19 09:01:03,19.393787384033203,75.96385192871094,192.0979766845703,89.46969604492188,81.80000305175781,61.08940887451172,100.0,0.0,50.69287298398002,194053.0,14.361114501953123,17.869781494140625,14.143524169921877,17.7882080078125,34.325000286102295
2023-03-19 09:01:04,19.38839340209961,76.02409362792969,193.3512344360352,89.46969604492188,81.19999694824219,61.08578872680664,99.9963836669922,0.0,51.50723691705209,194053.0,9.27490234375,21.86805725097656,16.781829833984375,14.660308837890623,34.325000286102295
2023-03-19 09:01:05,19.41590118408203,76.02409362792969,192.7815704345703,89.46969604492188,82.5,61.08940887451172,100.0,0.0,47.82584490198166,194053.0,16.564239501953125,19.09375,15.693862915039062,19.31134033203125,34.325000286102295
2023-03-19 09:01:06,19.46450424194336,76.02409362792969,193.1070938110352,89.46969604492188,82.5,61.08578872680664,100.0,0.0,48.68666760215525,194053.0,14.33392333984375,21.46006774902344,15.285888671875,18.685760498046875,34.325000286102295
2023-03-19 09:01:07,19.512710571289062,76.02409362792969,194.1162109375,89.54545593261719,81.5999984741211,61.08578872680664,100.0,0.0,51.43644905124786,194053.0,13.817138671875,17.97857666015625,18.0601806640625,17.869796752929688,34.325000286102295
2023-03-19 09:01:08,19.533248901367188,76.02409362792969,193.3756484985352,89.54545593261719,82.5999984741211,61.08578872680664,100.0,0.0,48.60261225218357,194053.0,16.754638671875,18.903350830078125,16.754638671875,15.80267333984375,34.325000286102295
2023-03-19 09:01:09,19.508527755737305,75.96385192871094,194.05110931396484,89.54545593261719,82.30000305175781,61.08578872680664,100.0,0.0,47.297699560044805,194053.0,17.597808837890625,18.332183837890625,17.516204833984375,18.41377258300781,34.325000286102295
2023-03-19 09:01:10,19.494564056396484,75.96385192871094,193.4163436889648,89.54545593261719,82.70000457763672,61.08940887451172,100.0,0.0,50.97488250880609,194053.0,17.380218505859375,19.90972900390625,17.352996826171875,15.93865966796875,34.325000286102295
2023-03-19 09:01:11,19.45268821716309,76.02409362792969,193.26985931396484,89.46969604492188,81.4000015258789,61.08940887451172,100.0,0.0,49.6462125830158,194053.0,15.177093505859377,17.40740966796875,17.760986328125,18.7945556640625,34.325000286102295
2023-03-19 09:01:12,19.375083923339844,76.08434295654297,192.4479141235352,89.46969604492188,81.80000305175781,61.08940887451172,100.0,0.0,49.59124243807223,194053.0,16.509857177734375,17.135406494140625,18.468170166015625,14.90509033203125,34.325000286102295
2023-03-19 09:01:13,19.33611297607422,76.02409362792969,192.04915618896484,89.46969604492188,82.0999984741211,61.08940887451172,100.0,0.0,49.24961391606689,194053.0,14.605911254882812,14.60589599609375,14.143524169921877,17.1898193359375,34.325000286102295
2023-03-19 09:01:14,19.31705665588379,76.02409362792969,192.7734375,89.46969604492188,82.5,61.08940887451172,100.0,0.0,47.42119697254096,194053.0,12.511581420898438,20.04571533203125,16.50982666015625,14.796295166015623,34.325000286102295
2023-03-19 09:01:15,19.34977912902832,76.02409362792969,193.24544525146484,89.54545593261719,82.5,61.08940887451172,100.0,0.0,47.6691819312978,194053.0,13.191558837890623,17.162628173828125,18.087371826171875,19.5289306640625,34.325000286102295
2023-03-19 09:01:16,19.430219650268555,76.02409362792969,193.5872344970703,89.54545593261719,81.9000015258789,61.08940887451172,100.0,0.0,49.28157095035835,194053.0,18.168991088867188,20.9976806640625,15.77545166015625,17.217010498046875,34.325000286102295
2023-03-19 09:01:17,19.44086647033692,75.96385192871094,192.2037734985352,89.54545593261719,81.69999694824219,61.08940887451172,100.0,0.0,52.30041737089398,194053.0,17.978607177734375,13.354736328125,16.4554443359375,18.903350830078125,34.325000286102295
2023-03-19 09:01:18,19.417125701904297,75.96385192871094,193.994140625,89.54545593261719,81.80000305175781,61.08578872680664,100.0,0.0,50.37993044514205,194053.0,16.482650756835938,21.976852416992188,16.890625,16.37384033203125,34.325000286102295
2023-03-19 09:01:19,19.370779037475582,76.02409362792969,192.7734451293945,89.46969604492188,82.0999984741211,61.08578872680664,100.0,0.0,50.22454528008294,194053.0,16.945037841796875,17.70660400390625,15.612274169921877,17.760986328125,34.325000286102295
2023-03-19 09:01:20,19.29340553283692,76.02409362792969,194.07552337646484,89.46969604492188,82.0999984741211,61.08940887451172,100.0,0.0,49.35930171529249,194053.0,12.26678466796875,20.290512084960938,18.005783081054688,16.97222900390625,34.325000286102295
2023-03-19 09:01:21,19.25023460388184,76.08434295654297,193.7093124389648,89.46969604492188,82.0999984741211,61.08578872680664,100.0,0.0,49.0038421955267,194053.0,17.951400756835938,16.401031494140625,17.135406494140625,18.84896850585937,34.325000286102295
2023-03-19 09:01:22,19.239946365356445,76.02409362792969,192.4967422485352,89.54545593261719,81.9000015258789,61.08940887451172,100.0,0.0,49.803901906888015,194053.0,14.1163330078125,18.413787841796875,17.652191162109375,19.90972900390625,34.325000286102295
2023-03-19 09:01:23,19.263586044311523,76.02409362792969,192.9361953735352,89.54545593261719,81.19999694824219,61.08578872680664,100.0,0.0,50.41704384906948,194053.0,17.489013671875,20.31771850585937,16.101852416992188,13.13714599609375,34.325000286102295
2023-03-19 09:01:24,19.30443382263184,75.96385192871094,193.2291717529297,89.54545593261719,82.0999984741211,61.08578872680664,100.0,0.0,48.46855855247901,194053.0,11.586822509765623,14.2523193359375,15.20428466796875,20.181716918945312,34.325000286102295
2023-03-19 09:01:25,19.31443214416504,75.96385192871094,192.3177032470703,89.46969604492188,82.30000305175781,61.08940887451172,100.0,0.0,48.5167258605664,194053.0,18.25057983398437,21.18807983398437,16.50982666015625,14.877899169921877,34.325000286102295
2023-03-19 09:01:26,19.304500579833984,76.02409362792969,193.7093048095703,89.46969604492188,82.70000457763672,61.08578872680664,100.0,0.0,50.56469680523436,194053.0,17.7882080078125,18.27777099609375,19.14814758300781,18.93055725097656,34.325000286102295
2023-03-19 09:01:27,19.307748794555664,76.02409362792969,194.4742813110352,89.46969604492188,81.30000305175781,61.08578872680664,100.0,0.0,52.55326445069018,194053.0,16.61865234375,20.916091918945312,21.35127258300781,14.442718505859377,34.325000286102295
2023-03-19 09:01:28,19.306659698486328,76.02409362792969,192.87109375,89.46969604492188,82.0999984741211,61.08940887451172,100.0,0.0,50.89237926350367,194053.0,17.9241943359375,16.97222900390625,16.863433837890625,19.637725830078125,34.325000286102295
2023-03-19 09:01:29,19.336366653442383,75.96385192871094,193.896484375,89.54545593261719,81.9000015258789,61.08940887451172,99.9963836669922,0.0,50.266071469965205,194053.0,14.959503173828123,17.652191162109375,20.31771850585937,17.652191162109375,34.325000286102295
2023-03-19 09:01:30,19.3913631439209,75.96385192871094,192.5374298095703,89.46969604492188,82.5,61.08940887451172,100.0,0.0,48.5564647147111,194053.0,16.809036254882812,15.1226806640625,15.013885498046877,17.026611328125,34.325000286102295
2023-03-19 09:01:31,19.46109771728516,76.02409362792969,192.2526092529297,89.54545593261719,82.0,61.08940887451172,100.0,0.0,50.23440345302757,194053.0,14.578704833984377,18.00579833984375,18.032989501953125,18.223388671875,34.325000286102295
2023-03-19 09:01:32,19.523067474365234,76.02409362792969,192.3502578735352,89.46969604492188,82.4000015258789,61.08940887451172,100.0,0.0,49.104451083510575,194053.0,15.476287841796877,20.48089599609375,13.381942749023438,15.557861328125,34.325000286102295
2023-03-19 09:01:33,19.564626693725582,76.02409362792969,191.6259765625,89.46969604492188,82.0,61.08940887451172,100.0,0.0,48.611882584633946,194053.0,15.5850830078125,16.4554443359375,17.570602416992188,17.978591918945312,34.325000286102295
2023-03-19 09:01:34,19.59506797790528,75.96385192871094,192.3095703125,89.46969604492188,81.69999694824219,61.08940887451172,100.0,0.0,50.53548439722199,194053.0,13.327545166015623,16.945037841796875,14.279510498046877,16.183441162109375,34.325000286102295
2023-03-19 09:01:35,19.62833404541016,75.96385192871094,191.9352264404297,89.46969604492188,82.20000457763672,61.08578872680664,100.0,0.0,50.096396913778186,194053.0,15.06829833984375,19.25694274902344,15.20428466796875,18.5225830078125,34.325000286102295
2023-03-19 09:01:36,19.60993003845215,76.02409362792969,193.2047500610352,89.46969604492188,82.80000305175781,61.08940887451172,100.0,0.0,46.71920119448499,194053.0,13.626739501953123,17.434600830078125,19.58334350585937,16.97222900390625,34.325000286102295
2023-03-19 09:01:37,19.58942031860352,75.96385192871094,191.97591400146484,89.54545593261719,81.5,61.08940887451172,100.0,0.0,51.23629428680088,194053.0,20.29052734375,18.903350830078125,13.953125,13.87152099609375,34.325000286102295
2023-03-19 09:01:38,19.58912467956543,76.02409362792969,193.44075775146484,89.54545593261719,82.30000305175781,61.08940887451172,100.0,0.0,50.01468061972224,194053.0,14.170730590820312,15.2586669921875,19.800933837890625,18.25057983398437,34.325000286102295
2023-03-19 09:01:39,19.60369873046875,75.96385192871094,192.14681243896484,89.54545593261719,81.0,61.08940887451172,100.0,0.0,49.96806854340306,194053.0,17.761016845703125,16.10186767578125,14.007522583007812,17.951385498046875,34.325000286102295
2023-03-19 09:01:40,19.62339401245117,75.96385192871094,192.24446868896484,89.54545593261719,82.4000015258789,61.08940887451172,100.0,0.0,48.96480753398761,194053.0,10.906829833984377,18.38656616210937,17.652191162109375,16.15625,34.325000286102295
2023-03-19 09:01:41,19.617565155029297,76.02409362792969,193.0826873779297,89.46969604492188,82.80000305175781,61.08578872680664,100.0,0.0,48.28589950233607,194053.0,19.2569580078125,17.516204833984375,17.461807250976562,16.401046752929688,34.325000286102295
2023-03-19 09:01:42,19.57941627502441,75.96385192871094,192.67578125,89.46969604492188,82.4000015258789,61.08940887451172,100.0,0.0,47.7975208209676,194053.0,15.911468505859377,20.752899169921875,18.495361328125,19.800933837890625,34.325000286102295
2023-03-19 09:01:43,19.54817771911621,76.02409362792969,192.1142578125,89.46969604492188,82.5999984741211,61.08940887451172,100.0,0.0,47.34601778243954,194053.0,16.265045166015625,18.468170166015625,15.068283081054688,17.70660400390625,34.325000286102295
2023-03-19 09:01:44,19.49580383300781,76.02409362792969,192.62694549560547,89.46969604492188,82.5,61.08940887451172,100.0,0.0,48.50403906855959,194053.0,16.591445922851562,19.773727416992188,17.733795166015625,14.8507080078125,34.325000286102295
2023-03-19 09:01:45,19.398944854736328,76.02409362792969,192.4479141235352,89.46969604492188,81.5,61.08578872680664,100.0,0.0,52.98209049701327,194053.0,16.945037841796875,13.59954833984375,20.236114501953125,16.509841918945312,34.325000286102295
2023-03-19 09:01:46,19.32617950439453,76.02409362792969,191.2109451293945,89.54545593261719,81.69999694824219,61.08578872680664,100.0,0.0,50.42332640248926,194053.0,13.925933837890623,20.372100830078125,14.2523193359375,16.37384033203125,34.325000286102295
2023-03-19 09:01:47,19.28042793273925,75.96385192871094,192.4235000610352,89.54545593261719,82.20000457763672,61.08940887451172,100.0,0.0,48.14463168955782,194053.0,16.020263671875,15.693878173828123,18.821746826171875,16.4554443359375,34.325000286102295
2023-03-19 09:01:48,19.26816940307617,75.96385192871094,193.19661712646484,89.54545593261719,81.9000015258789,61.08940887451172,100.0,0.0,49.25098351130017,194053.0,16.428253173828125,16.07464599609375,17.1898193359375,15.80267333984375,34.325000286102295
2023-03-19 09:01:49,19.24085807800293,75.96385192871094,191.796875,89.54545593261719,82.80000305175781,61.08940887451172,100.0,0.0,46.274516589475695,194053.0,10.770843505859377,17.516204833984375,18.0601806640625,17.298614501953125,34.325000286102295
2023-03-19 09:01:50,19.201709747314453,76.02409362792969,192.9850234985352,89.46969604492188,82.30000305175781,61.08578872680664,100.0,0.0,50.12787276256637,194053.0,15.612274169921877,18.032989501953125,18.44097900390625,16.265045166015625,34.325000286102295
2023-03-19 09:01:51,19.185300827026367,76.02409362792969,192.2607421875,89.46969604492188,81.69999694824219,61.08578872680664,100.0,0.0,50.68274265771766,194053.0,13.626739501953123,18.57696533203125,18.032989501953125,17.461807250976562,34.325000286102295
2023-03-19 09:01:52,19.169021606445312,76.02409362792969,191.7561874389648,89.46969604492188,82.5,61.08578872680664,100.0,0.0,48.7281440719723,194053.0,17.325820922851562,18.087371826171875,18.685760498046875,15.80267333984375,34.325000286102295
2023-03-19 09:01:53,19.12967300415039,76.02409362792969,192.63509368896484,89.46969604492188,82.0999984741211,61.08578872680664,100.0,0.0,50.76382681895672,194053.0,16.61865234375,18.98495483398437,16.428237915039062,17.625,34.325000286102295
2023-03-19 09:01:54,19.117748260498047,75.96385192871094,192.7978515625,89.46969604492188,81.80000305175781,61.08940887451172,100.0,0.0,51.379114327292086,194053.0,14.714706420898438,17.7882080078125,18.821746826171875,18.223388671875,34.325000286102295
2023-03-19 09:01:55,19.13778686523437,75.96385192871094,191.3004608154297,89.46969604492188,82.0999984741211,61.08940887451172,100.0,0.0,51.06634154936878,194053.0,12.0491943359375,17.3258056640625,14.03472900390625,15.177093505859377,34.325000286102295
2023-03-19 09:01:56,19.20958709716797,76.02409362792969,191.99217987060547,89.54545593261719,82.20000457763672,61.08940887451172,100.0,0.0,49.6424742606656,194053.0,13.490753173828123,17.0538330078125,18.168975830078125,16.265045166015625,34.325000286102295
2023-03-19 09:01:57,19.27384757995605,76.02409362792969,191.3004531860352,89.54545593261719,81.30000305175781,61.08578872680664,100.0,0.0,51.92889147373586,194053.0,14.959503173828123,19.338531494140625,15.612274169921877,17.026611328125,34.325000286102295
2023-03-19 09:01:58,19.32495880126953,76.02409362792969,190.2425079345703,89.46969604492188,82.0,61.08940887451172,100.0,0.0,49.842278069026726,194053.0,14.225128173828123,17.0538330078125,15.095489501953123,16.645843505859375,34.325000286102295
2023-03-19 09:01:59,19.36870574951172,75.96385192871094,193.115234375,89.46969604492188,82.30000305175781,61.08578872680664,100.0,0.0,49.71942720571002,194053.0,16.917831420898438,18.38656616210937,18.032989501953125,16.020263671875,34.325000286102295
2023-03-19 09:02:00,19.412761688232425,75.96385192871094,191.5934219360352,89.46969604492188,82.5999984741211,61.08940887451172,100.0,0.0,46.10701926275791,194053.0,15.5850830078125,15.748260498046877,16.020263671875,19.066558837890625,34.325000286102295
2023-03-19 09:02:01,19.43083381652832,76.08434295654297,191.6910858154297,89.46969604492188,82.20000457763672,61.08940887451172,100.0,0.0,49.09244236456713,194053.0,14.497116088867188,17.27142333984375,19.44732666015625,14.46990966796875,34.325000286102295
2023-03-19 09:02:02,19.45758819580078,76.08434295654297,192.1305313110352,89.46969604492188,82.9000015258789,61.08940887451172,100.0,0.0,48.003867810041385,194053.0,18.495391845703125,16.5914306640625,13.681121826171877,19.5289306640625,34.325000286102295
2023-03-19 09:02:03,19.488182067871094,76.02409362792969,191.2353515625,89.54545593261719,81.5999984741211,61.08578872680664,100.0,0.0,49.55136502169824,194053.0,14.741912841796877,15.80267333984375,17.597808837890625,14.524307250976562,34.325000286102295
2023-03-19 09:02:04,19.546358108520508,75.96385192871094,190.3727188110352,89.46969604492188,81.9000015258789,61.08940887451172,100.0,0.0,49.43059933814868,194053.0,16.61865234375,16.945037841796875,14.415496826171877,17.217010498046875,34.325000286102295
2023-03-19 09:02:05,19.581880569458008,75.90361022949219,192.1061248779297,89.46969604492188,82.20000457763672,61.08940887451172,100.0,0.0,46.8103286938303,194053.0,15.530670166015623,16.129058837890625,20.508102416992188,13.21875,34.325000286102295
2023-03-19 09:02:06,19.583314895629883,75.90361022949219,192.724609375,89.46969604492188,81.0,61.08578872680664,100.0,0.0,51.63340088438077,194053.0,18.79457092285156,17.733795166015625,19.17535400390625,18.74017333984375,34.325000286102295
2023-03-19 09:02:07,19.56605339050293,76.02409362792969,192.07357025146484,89.54545593261719,82.4000015258789,61.08578872680664,100.0,0.0,46.758250118173216,194053.0,15.530670166015623,19.74652099609375,16.97222900390625,18.5225830078125,34.325000286102295
2023-03-19 09:02:08,19.54798889160156,76.08434295654297,191.04817962646484,89.54545593261719,82.30000305175781,61.08940887451172,100.0,0.0,48.50492439292264,194053.0,16.482650756835938,15.965850830078123,16.754638671875,13.681137084960938,34.325000286102295
2023-03-19 09:02:09,19.504358291625977,76.08434295654297,191.0807266235352,89.54545593261719,81.69999694824219,61.08940887451172,100.0,0.0,49.88380378413599,194053.0,15.612274169921877,19.85531616210937,14.714691162109377,16.428253173828125,34.325000286102295
2023-03-19 09:02:10,19.443702697753903,75.96385192871094,192.041015625,89.46969604492188,81.30000305175781,61.08940887451172,100.0,0.0,51.43242836542707,194053.0,15.639480590820312,16.3194580078125,20.04571533203125,17.951385498046875,34.325000286102295
2023-03-19 09:02:11,19.405487060546875,75.90361022949219,192.0572967529297,89.46969604492188,81.9000015258789,61.08940887451172,100.0,0.0,49.54348124800473,194053.0,15.122695922851562,21.242477416992188,17.489013671875,15.041091918945312,34.325000286102295
2023-03-19 09:02:12,19.3857421875,75.96385192871094,191.65853118896484,89.46969604492188,81.5999984741211,61.08940887451172,100.0,0.0,50.942167979572815,194053.0,13.409149169921877,17.380218505859375,21.269683837890625,13.762725830078123,34.325000286102295
2023-03-19 09:02:13,19.407508850097656,76.08434295654297,191.650390625,89.46969604492188,82.0,61.08578872680664,100.0,0.0,49.66882035049401,194053.0,17.86981201171875,15.77545166015625,16.292236328125,16.618637084960938,34.325000286102295
2023-03-19 09:02:14,19.419227600097656,76.02409362792969,191.7399139404297,89.46969604492188,82.70000457763672,61.08940887451172,100.0,0.0,47.75346685697695,194053.0,11.9132080078125,18.30499267578125,20.100112915039062,18.168975830078125,34.325000286102295
2023-03-19 09:02:15,19.39820098876953,76.02409362792969,191.0563201904297,89.46969604492188,81.69999694824219,61.08940887451172,100.0,0.0,49.299569607179535,194053.0,18.44097900390625,16.781829833984375,14.714691162109377,17.760986328125,34.325000286102295
2023-03-19 09:02:16,19.37508201599121,76.02409362792969,190.966796875,89.54545593261719,82.30000305175781,61.08940887451172,100.0,0.0,46.51476458790664,194054.0,16.482650756835938,20.94329833984375,15.476272583007812,16.80902099609375,34.325000286102295
2023-03-19 09:02:17,19.32487678527832,75.96385192871094,191.5039138793945,89.54545593261719,82.30000305175781,61.08940887451172,100.0,0.0,47.73042551862201,194054.0,17.1898193359375,14.90509033203125,19.17535400390625,16.700225830078125,34.325000286102295
2023-03-19 09:02:18,19.2715072631836,75.96385192871094,192.2281875610352,89.54545593261719,81.80000305175781,61.08940887451172,100.0,0.0,49.49744274937596,194054.0,13.789947509765623,21.18807983398437,17.10821533203125,17.217010498046875,34.325000286102295
2023-03-19 09:02:19,19.242168426513672,75.96385192871094,191.3981094360352,89.46969604492188,82.20000457763672,61.08940887451172,100.0,0.0,50.81297570545609,194054.0,12.13079833984375,18.957763671875,16.890625,17.70660400390625,34.325000286102295
2023-03-19 09:02:20,19.25748062133789,76.02409362792969,191.6422500610352,89.46969604492188,81.19999694824219,61.08940887451172,100.0,0.0,51.10254954555386,194054.0,18.5225830078125,19.936920166015625,17.053817749023438,16.67303466796875,34.325000286102295
2023-03-19 09:02:21,19.31040573120117,76.02409362792969,190.7877578735352,89.46969604492188,82.20000457763672,61.08578872680664,100.0,0.0,48.60585710653688,194054.0,16.40106201171875,18.71295166015625,18.168975830078125,16.210647583007812,34.325000286102295
2023-03-19 09:02:22,19.34097671508789,76.02409362792969,190.0553359985352,89.46969604492188,82.0999984741211,61.08940887451172,100.0,0.0,49.10596561699415,194054.0,16.700241088867188,17.733795166015625,13.6539306640625,14.33392333984375,34.325000286102295
2023-03-19 09:02:23,19.34697532653809,76.02409362792969,191.5934295654297,89.54545593261719,81.69999694824219,61.08578872680664,100.0,0.0,49.83765205842978,194054.0,11.83160400390625,17.652191162109375,19.61053466796875,15.231475830078123,34.325000286102295
2023-03-19 09:02:24,19.35770034790039,75.96385192871094,190.0878982543945,89.54545593261719,82.5999984741211,61.08578872680664,100.0,0.0,47.86240421479533,194054.0,18.38658142089844,18.1961669921875,16.020263671875,13.245941162109377,34.325000286102295
2023-03-19 09:02:25,19.379619598388672,75.96385192871094,192.2281951904297,89.46969604492188,82.80000305175781,61.08940887451172,100.0,0.0,48.45710418638764,194054.0,11.83160400390625,18.5225830078125,21.895263671875,16.781829833984375,34.325000286102295
2023-03-19 09:02:26,19.40315818786621,75.96385192871094,191.0318984985352,89.46969604492188,82.0999984741211,61.08940887451172,100.0,0.0,47.18146038427999,194054.0,20.399322509765625,18.1961669921875,15.884246826171877,19.039352416992188,34.325000286102295
2023-03-19 09:02:27,19.4339542388916,75.96385192871094,191.6259841918945,89.46969604492188,82.4000015258789,61.08940887451172,100.0,0.0,49.85135777455447,194054.0,12.076400756835938,18.1961669921875,19.09375,18.359375,34.325000286102295
2023-03-19 09:02:28,19.4409294128418,76.02409362792969,190.19368743896484,89.46969604492188,82.30000305175781,61.08940887451172,100.0,0.0,48.26371160148208,194054.0,19.800933837890625,19.692138671875,12.10357666015625,17.516204833984375,34.325000286102295
2023-03-19 09:02:29,19.47785758972168,75.96385192871094,192.5699844360352,89.54545593261719,82.5,61.08578872680664,100.0,0.0,50.09818099419634,194054.0,14.796295166015623,18.30499267578125,20.61689758300781,17.897003173828125,34.325000286102295
2023-03-19 09:02:30,19.49456787109375,76.02409362792969,189.3880233764648,89.54545593261719,81.5999984741211,61.08940887451172,100.0,0.0,49.84495949815121,194054.0,14.714706420898438,18.84896850585937,14.089111328125,15.748260498046877,34.325000286102295
2023-03-19 09:02:31,19.481674194335938,76.02409362792969,190.1774063110352,89.46969604492188,81.5,61.08578872680664,100.0,0.0,49.61977678106381,194054.0,16.754638671875,15.449066162109377,16.37384033203125,15.34027099609375,34.325000286102295
2023-03-19 09:02:32,19.463754653930664,75.96385192871094,190.12044525146484,89.46969604492188,80.5999984741211,61.08578872680664,100.0,0.0,52.9593748435144,194054.0,14.089141845703123,16.618621826171875,11.940399169921877,15.557861328125,34.325000286102295
2023-03-19 09:02:33,19.460346221923828,75.96385192871094,191.73177337646484,89.54545593261719,81.5,61.08578872680664,100.0,0.0,50.69731690023921,194054.0,14.8507080078125,15.1226806640625,15.530670166015623,16.618637084960938,34.325000286102295
2023-03-19 09:02:34,19.422876358032227,75.96385192871094,191.3655548095703,89.46969604492188,82.30000305175781,61.08578872680664,100.0,0.0,47.34542830968044,194054.0,15.965866088867188,15.693878173828123,16.23785400390625,18.223388671875,34.325000286102295
2023-03-19 09:02:35,19.396652221679688,76.02409362792969,191.6178359985352,89.46969604492188,82.80000305175781,61.08940887451172,100.0,0.0,48.52592701342612,194054.0,18.27778625488281,20.236114501953125,18.27777099609375,15.93865966796875,34.325000286102295
2023-03-19 09:02:36,19.37793159484864,76.02409362792969,191.064453125,89.46969604492188,81.5,61.08578872680664,100.0,0.0,50.23725126646013,194054.0,14.551513671875,16.83624267578125,19.09375,18.604171752929688,34.325000286102295
2023-03-19 09:02:37,19.37798118591309,76.02409362792969,190.8935546875,89.46969604492188,80.5999984741211,61.08940887451172,100.0,0.0,52.51703903375344,194054.0,16.40106201171875,16.67303466796875,18.93055725097656,13.545135498046877,34.325000286102295
2023-03-19 09:02:38,19.40508460998535,75.96385192871094,189.0543594360352,89.46969604492188,82.4000015258789,61.08578872680664,100.0,0.0,48.79547738698407,194054.0,17.543411254882812,16.37384033203125,14.823486328125,18.25057983398437,34.325000286102295
2023-03-19 09:02:39,19.410266876220703,75.96385192871094,191.4876251220703,89.54545593261719,81.80000305175781,61.08578872680664,100.0,0.0,49.1629486162823,194054.0,17.597808837890625,18.5225830078125,19.284149169921875,12.729171752929688,34.325000286102295
2023-03-19 09:02:40,19.390270233154297,75.96385192871094,190.6819686889648,89.54545593261719,82.5,61.08578872680664,100.0,0.0,46.072531257359024,194054.0,16.781829833984375,16.700225830078125,18.087371826171875,17.489013671875,34.325000286102295
2023-03-19 09:02:41,19.38429069519043,76.02409362792969,190.7470703125,89.46969604492188,82.4000015258789,61.08578872680664,100.0,0.0,46.25797969507085,194054.0,15.013900756835938,19.17535400390625,15.585067749023438,17.1898193359375,34.325000286102295
2023-03-19 09:02:42,19.34611892700196,76.08434295654297,189.1357421875,89.46969604492188,81.19999694824219,61.08578872680664,100.0,0.0,51.47255341598261,194054.0,17.897003173828125,17.0538330078125,14.633102416992188,16.047454833984375,34.325000286102295
2023-03-19 09:02:43,19.32313537597656,76.02409362792969,190.87728118896484,89.46969604492188,82.20000457763672,61.08578872680664,100.0,0.0,45.53714393052219,194054.0,15.340286254882812,19.12094116210937,16.37384033203125,17.026611328125,34.325000286102295
2023-03-19 09:02:44,19.334428787231445,75.96385192871094,190.9098358154297,89.46969604492188,82.70000457763672,61.08578872680664,100.0,0.0,48.3928418696653,194054.0,15.421875,18.087371826171875,18.27777099609375,17.135421752929688,34.325000286102295
2023-03-19 09:02:45,19.36548614501953,75.96385192871094,191.455078125,89.46969604492188,81.30000305175781,61.08578872680664,100.0,0.0,50.28389213847368,194054.0,16.645843505859375,17.7882080078125,17.053817749023438,17.679397583007812,34.325000286102295
2023-03-19 09:02:46,19.39548110961914,75.96385192871094,191.85384368896484,89.46969604492188,81.9000015258789,61.08578872680664,100.0,0.0,51.34049021233343,194054.0,15.775482177734377,17.815399169921875,18.740158081054688,18.903350830078125,34.325000286102295
2023-03-19 09:02:47,19.41303825378418,76.02409362792969,189.94954681396484,89.46969604492188,81.5,61.08578872680664,100.0,0.0,51.786501464970165,194054.0,17.978607177734375,18.631378173828125,14.3883056640625,19.066558837890625,34.325000286102295
2023-03-19 09:02:48,19.40143394470215,76.02409362792969,191.1214141845703,89.46969604492188,82.0999984741211,61.08578872680664,100.0,0.0,49.99906487838749,194054.0,16.61865234375,18.631378173828125,20.807281494140625,14.306716918945312,34.325000286102295
2023-03-19 09:02:49,19.404645919799805,75.96385192871094,188.9160232543945,89.46969604492188,81.69999694824219,61.08578872680664,100.0,0.0,48.20772098592606,194054.0,18.11459350585937,16.183441162109375,15.557861328125,16.727432250976562,34.325000286102295
2023-03-19 09:02:50,19.391536712646484,75.96385192871094,191.5283279418945,89.54545593261719,82.20000457763672,61.08578872680664,100.0,0.0,50.54119123613741,194054.0,16.129058837890625,19.773727416992188,18.631362915039062,14.551513671875,34.325000286102295
2023-03-19 09:02:51,19.35195541381836,76.02409362792969,189.65657806396484,89.54545593261719,81.9000015258789,61.08578872680664,100.0,0.0,50.132871502635815,194054.0,17.026641845703125,15.285888671875,13.626739501953123,18.032989501953125,34.325000286102295
2023-03-19 09:02:52,19.344921112060547,76.08434295654297,190.86099243164065,89.54545593261719,82.30000305175781,61.08578872680664,100.0,0.0,50.19298039598474,194054.0,14.19793701171875,20.20892333984375,16.836227416992188,15.612274169921877,34.325000286102295
2023-03-19 09:02:53,19.35771751403809,76.02409362792969,191.6178359985352,89.46969604492188,82.0999984741211,61.08940887451172,100.0,0.0,50.67011875729072,194054.0,15.93865966796875,13.30035400390625,20.072906494140625,18.087387084960938,34.325000286102295
2023-03-19 09:02:54,19.38400650024414,76.02409362792969,189.9169921875,89.46969604492188,82.5,61.08578872680664,100.0,0.0,49.57514768072821,194054.0,13.871536254882812,19.25694274902344,15.557861328125,17.570602416992188,34.325000286102295
2023-03-19 09:02:55,19.408159255981445,75.90361022949219,192.2444686889648,89.46969604492188,82.70000457763672,61.08578872680664,100.0,0.0,48.09530974751522,194054.0,14.578704833984377,16.83624267578125,20.04571533203125,19.964111328125,34.325000286102295
2023-03-19 09:02:56,19.408435821533203,75.90361022949219,191.09700775146484,89.46969604492188,82.0999984741211,61.08940887451172,100.0,0.0,49.0921845471672,194054.0,14.6875,16.618621826171875,18.11459350585937,14.497100830078123,34.325000286102295
2023-03-19 09:02:57,19.42042732238769,75.96385192871094,191.5934219360352,89.54545593261719,82.0,61.08578872680664,100.0,0.0,49.27538748427725,194054.0,16.129058837890625,19.338531494140625,19.90972900390625,19.17535400390625,34.325000286102295
2023-03-19 09:02:58,19.431114196777344,76.02409362792969,190.63314056396484,89.54545593261719,81.9000015258789,61.08578872680664,100.0,0.0,48.13012868711657,194054.0,17.516204833984375,16.129058837890625,16.537033081054688,18.685760498046875,34.325000286102295
2023-03-19 09:02:59,19.41008377075196,76.08434295654297,190.60872650146484,89.46969604492188,82.0999984741211,61.08940887451172,100.0,0.0,46.94509159066292,194054.0,11.9132080078125,20.426513671875,16.727432250976562,17.652191162109375,34.325000286102295
2023-03-19 09:03:00,19.40765190124512,76.02409362792969,188.3138046264648,89.46969604492188,82.5999984741211,61.08940887451172,100.0,0.0,49.46651608484511,194054.0,18.87615966796875,14.551513671875,11.885986328125,14.2523193359375,34.325000286102295
2023-03-19 09:03:01,19.410966873168945,75.96385192871094,191.0156326293945,89.46969604492188,82.4000015258789,61.08940887451172,100.0,0.0,47.09717953447093,194054.0,15.421875,20.64410400390625,20.04571533203125,17.27142333984375,34.325000286102295
2023-03-19 09:03:02,19.433469772338867,75.96385192871094,192.56185150146484,89.46969604492188,81.80000305175781,61.08940887451172,100.0,0.0,48.910627668694886,194054.0,16.999420166015625,17.897003173828125,18.549774169921875,16.4554443359375,34.325000286102295
2023-03-19 09:03:03,19.44264793395996,75.96385192871094,192.5048828125,89.46969604492188,81.30000305175781,61.08940887451172,100.0,0.0,48.58740377613406,194054.0,13.21875,15.421875,18.549774169921875,19.58334350585937,34.325000286102295
2023-03-19 09:03:04,19.425182342529297,76.02409362792969,192.8629531860352,89.54545593261719,81.30000305175781,61.08940887451172,100.0,0.0,52.0780655493358,194054.0,18.685775756835938,18.631378173828125,17.081024169921875,15.5850830078125,34.325000286102295
2023-03-19 09:03:05,19.407421112060547,76.08434295654297,193.6279296875,89.54545593261719,80.5999984741211,61.08940887451172,100.0,0.0,52.36360792516775,194054.0,11.042831420898438,16.781829833984375,17.733795166015625,18.0601806640625,34.325000286102295
2023-03-19 09:03:06,19.39663887023925,76.02409362792969,194.41732025146484,89.46969604492188,82.20000457763672,61.08578872680664,100.0,0.0,47.23001084132094,194054.0,15.693878173828123,18.1961669921875,17.516204833984375,16.945022583007812,34.325000286102295
2023-03-19 09:03:07,19.355287551879883,76.02409362792969,195.17415618896484,89.46969604492188,82.0999984741211,61.08578872680664,100.0,0.0,49.748832474603965,194054.0,15.449081420898438,16.292236328125,18.0601806640625,16.183441162109375,34.325000286102295
2023-03-19 09:03:08,19.33646011352539,75.96385192871094,196.3460311889648,89.46969604492188,82.5999984741211,61.08578872680664,100.0,0.0,47.96466162432084,194054.0,14.007537841796877,16.020263671875,20.834487915039062,14.279510498046877,34.325000286102295
2023-03-19 09:03:09,19.332359313964844,75.96385192871094,194.775390625,89.46969604492188,82.30000305175781,61.08578872680664,100.0,0.0,50.59602431952567,194054.0,18.82177734375,15.965850830078123,16.101852416992188,15.285888671875,34.325000286102295
2023-03-19 09:03:10,19.345703125,76.02409362792969,194.384765625,89.46969604492188,81.69999694824219,61.08578872680664,100.0,0.0,49.80035138503281,194054.0,9.873275756835938,14.007537841796877,17.081024169921875,17.0538330078125,34.325000286102295
2023-03-19 09:03:11,19.35283660888672,76.02409362792969,195.2067108154297,89.54545593261719,81.69999694824219,61.08578872680664,100.0,0.0,51.22588084908431,194054.0,17.217025756835938,19.773727416992188,17.3258056640625,15.285888671875,34.325000286102295
2023-03-19 09:03:12,19.3493766784668,76.02409362792969,193.2373123168945,89.54545593261719,83.0,61.08578872680664,100.0,0.0,47.070427593037735,194054.0,13.00115966796875,15.231475830078123,14.3883056640625,18.957763671875,34.325000286102295
2023-03-19 09:03:13,19.339609146118164,75.96385192871094,194.0755157470703,89.46969604492188,81.0,61.08578872680664,100.0,0.0,52.09951748232782,194054.0,16.917831420898438,20.154510498046875,15.585067749023438,16.23785400390625,34.325000286102295
2023-03-19 09:03:14,19.359594345092773,75.96385192871094,192.95247650146484,89.46969604492188,80.29999542236328,61.08578872680664,100.0,0.0,50.91145086361058,194054.0,11.9132080078125,17.733795166015625,16.645843505859375,13.762725830078123,34.325000286102295
2023-03-19 09:03:15,19.342018127441406,75.96385192871094,193.02571868896484,89.46969604492188,80.9000015258789,61.08578872680664,100.0,0.0,51.59194295354562,194054.0,15.313079833984377,18.767364501953125,17.298614501953125,12.348388671875,34.325000286102295
2023-03-19 09:03:16,19.32774353027344,76.02409362792969,194.5719375610352,89.46969604492188,82.5999984741211,61.08578872680664,100.0,0.0,47.93717735103969,194054.0,15.313079833984377,16.97222900390625,17.3258056640625,17.760986328125,34.325000286102295
2023-03-19 09:03:17,19.330474853515625,76.02409362792969,193.7500076293945,89.46969604492188,82.5,61.08940887451172,100.0,0.0,49.66962602676577,194054.0,17.434616088867188,15.2586669921875,17.3258056640625,14.361114501953123,34.325000286102295
2023-03-19 09:03:18,19.35897254943848,75.96385192871094,194.4254531860352,89.46969604492188,82.30000305175781,61.08578872680664,100.0,0.0,50.66286690699614,194054.0,17.026641845703125,14.60589599609375,15.8570556640625,15.911468505859377,34.325000286102295
2023-03-19 09:03:19,19.400489807128903,75.96385192871094,194.6614532470703,89.46969604492188,81.69999694824219,61.08578872680664,100.0,0.0,46.9329674331393,194054.0,12.484375,16.97222900390625,14.497100830078123,17.217010498046875,34.325000286102295
2023-03-19 09:03:20,19.42877197265625,76.02409362792969,194.0592422485352,89.46969604492188,82.5999984741211,61.08578872680664,100.0,0.0,47.85011003044097,194054.0,16.999420166015625,17.7882080078125,16.101852416992188,15.258682250976562,34.325000286102295
2023-03-19 09:03:21,19.44124984741211,76.02409362792969,194.3277969360352,89.46969604492188,82.30000305175781,61.08578872680664,100.0,0.0,49.19328891903649,194054.0,10.036468505859377,17.217010498046875,17.053817749023438,17.40740966796875,34.325000286102295
2023-03-19 09:03:22,19.469541549682617,75.96385192871094,193.4733123779297,89.46969604492188,81.0999984741211,61.08578872680664,100.0,0.0,51.364378196072025,194054.0,14.905105590820312,18.332183837890625,19.637725830078125,12.9195556640625,34.325000286102295
2023-03-19 09:03:23,19.469358444213867,75.96385192871094,193.0012969970703,89.46969604492188,81.0999984741211,61.08578872680664,100.0,0.0,50.53258984451804,194054.0,13.409149169921877,16.50982666015625,13.273147583007812,17.625,34.325000286102295
2023-03-19 09:03:24,19.468271255493164,76.02409362792969,192.4397811889648,89.46969604492188,82.0,61.08578872680664,100.0,0.0,48.93264658766388,194054.0,14.061920166015623,15.965850830078123,16.15625,14.089111328125,34.325000286102295
2023-03-19 09:03:25,19.478147506713867,76.02409362792969,194.2301406860352,89.46969604492188,83.0999984741211,61.08940887451172,100.0,0.0,46.07337449407123,194054.0,16.754638671875,13.109954833984377,15.476272583007812,15.313079833984377,34.325000286102295
2023-03-19 09:03:26,19.50064849853516,76.02409362792969,193.58724212646484,89.46969604492188,82.5999984741211,61.08940887451172,100.0,0.0,49.11644455433884,194054.0,11.124420166015623,19.47454833984375,15.7210693359375,16.210647583007812,34.325000286102295
2023-03-19 09:03:27,19.519451141357425,76.02409362792969,193.5384063720703,89.54545593261719,83.0,61.08578872680664,100.0,0.0,48.09940897890072,194054.0,16.15625,18.223388671875,14.3883056640625,18.93055725097656,34.325000286102295
2023-03-19 09:03:28,19.5215072631836,76.02409362792969,194.0104217529297,89.54545593261719,82.0999984741211,61.08578872680664,100.0,0.0,50.59906504142885,194054.0,15.06829833984375,18.685760498046875,16.401031494140625,15.177093505859377,34.325000286102295
2023-03-19 09:03:29,19.48265838623047,75.96385192871094,194.66146087646484,89.46969604492188,81.4000015258789,61.08578872680664,100.0,0.0,50.02593835992749,194054.0,13.68115234375,12.86517333984375,17.788192749023438,20.04571533203125,34.325000286102295
2023-03-19 09:03:30,19.451784133911133,75.96385192871094,192.62694549560547,89.46969604492188,81.5,61.08578872680664,100.0,0.0,48.75109147697316,194054.0,16.700241088867188,18.468170166015625,15.748260498046877,16.482635498046875,34.325000286102295
2023-03-19 09:03:31,19.42740058898925,76.02409362792969,192.5943984985352,89.46969604492188,81.9000015258789,61.08940887451172,100.0,0.0,51.40154638633761,194054.0,16.999420166015625,18.087371826171875,14.850692749023438,17.353012084960938,34.325000286102295
2023-03-19 09:03:32,19.379638671875,75.96385192871094,192.5699844360352,89.46969604492188,82.5999984741211,61.08940887451172,100.0,0.0,48.05471043191524,194054.0,14.741912841796877,18.032989501953125,14.415496826171877,16.781829833984375,34.325000286102295
2023-03-19 09:03:33,19.36918830871582,75.96385192871094,194.775390625,89.46969604492188,82.20000457763672,61.08940887451172,100.0,0.0,50.6541246099348,194054.0,14.361114501953123,15.20428466796875,21.024871826171875,14.660308837890623,34.325000286102295
2023-03-19 09:03:34,19.36427879333496,76.02409362792969,193.0419921875,89.46969604492188,81.69999694824219,61.08578872680664,100.0,0.0,51.431458821946485,194054.0,16.781829833984375,15.9930419921875,17.026611328125,14.361114501953123,34.325000286102295
2023-03-19 09:03:35,19.370481491088867,75.96385192871094,192.3258438110352,89.46969604492188,82.20000457763672,61.08940887451172,100.0,0.0,48.922882011904434,194054.0,14.905105590820312,17.489013671875,19.692138671875,13.73553466796875,34.325000286102295
2023-03-19 09:03:36,19.359771728515625,75.96385192871094,192.8955078125,89.54545593261719,82.80000305175781,61.08578872680664,100.0,0.0,47.598979950534456,194054.0,14.959503173828123,15.965850830078123,16.700225830078125,16.781829833984375,34.325000286102295
2023-03-19 09:03:37,19.35908508300781,75.96385192871094,192.9850311279297,89.54545593261719,82.30000305175781,61.08940887451172,100.0,0.0,48.3990330388889,194054.0,17.70660400390625,19.01214599609375,15.77545166015625,15.421875,34.325000286102295
2023-03-19 09:03:38,19.357534408569336,75.96385192871094,192.919921875,89.46969604492188,81.80000305175781,61.08940887451172,100.0,0.0,49.422222239739135,194054.0,13.245956420898438,17.70660400390625,17.570602416992188,16.129058837890625,34.325000286102295
2023-03-19 09:03:39,19.34230613708496,76.02409362792969,192.1630859375,89.46969604492188,81.5,61.08940887451172,100.0,0.0,50.05471968621446,194054.0,16.129058837890625,14.497100830078123,13.626739501953123,14.9866943359375,34.30000019073486
2023-03-19 09:03:40,19.349872589111328,76.02409362792969,192.1549453735352,89.46969604492188,82.4000015258789,61.08940887451172,100.0,0.0,47.66334532818737,194054.0,14.877899169921877,19.3929443359375,17.84259033203125,17.516204833984375,34.325000286102295
2023-03-19 09:03:41,19.366893768310547,76.08434295654297,193.68489837646484,89.46969604492188,81.80000305175781,61.08578872680664,100.0,0.0,48.43953897199382,194054.0,14.46990966796875,16.564239501953125,15.666656494140623,15.5850830078125,34.325000286102295
2023-03-19 09:03:42,19.39376640319824,76.02409362792969,193.0582656860352,89.46969604492188,82.20000457763672,61.08578872680664,100.0,0.0,48.04781135648308,194054.0,14.1163330078125,17.4617919921875,12.810760498046877,18.00579833984375,34.325000286102295
2023-03-19 09:03:43,19.417348861694336,75.96385192871094,193.31868743896484,89.46969604492188,82.5,61.08578872680664,100.0,0.0,45.74665380127448,194054.0,15.476287841796877,14.2523193359375,17.815399169921875,15.285888671875,34.325000286102295
2023-03-19 09:03:44,19.41427993774414,75.96385192871094,194.6451797485352,89.46969604492188,82.5999984741211,61.08578872680664,100.0,0.0,49.54035496175632,194054.0,16.292266845703125,18.84896850585937,16.23785400390625,18.44097900390625,34.325000286102295
2023-03-19 09:03:45,19.39732551574707,76.02409362792969,192.8955078125,89.54545593261719,81.5,61.08940887451172,100.0,0.0,49.35304404173736,194054.0,10.79803466796875,15.20428466796875,15.557861328125,18.468170166015625,34.325000286102295
2023-03-19 09:03:46,19.404037475585938,76.02409362792969,193.6197891235352,89.54545593261719,81.5,61.08940887451172,100.0,0.0,49.33582315047304,194054.0,10.79803466796875,15.20428466796875,15.557861328125,18.468170166015625,34.325000286102295
2023-03-19 09:03:47,19.38177299499512,76.02409362792969,192.78157806396484,89.54545593261719,81.5,61.08578872680664,100.0,0.0,48.74834876409111,194054.0,13.626739501953123,17.1898193359375,19.17535400390625,14.361114501953123,34.325000286102295
2023-03-19 09:03:48,19.379026412963867,76.02409362792969,193.8802032470703,89.54545593261719,82.4000015258789,61.08940887451172,100.0,0.0,48.70535485012044,194054.0,16.53704833984375,17.733795166015625,17.298614501953125,18.468170166015625,34.30000019073486
2023-03-19 09:03:49,19.386831283569336,76.02409362792969,193.8802032470703,89.54545593261719,82.5999984741211,61.08940887451172,100.0,0.0,48.7057016220426,194054.0,18.08740234375,16.945037841796875,18.11459350585937,16.482635498046875,34.30000019073486
2023-03-19 09:03:50,19.4201602935791,75.96385192871094,193.51399993896484,89.46969604492188,81.69999694824219,61.08940887451172,100.0,0.0,48.803324514619625,194054.0,13.708343505859377,15.231475830078123,16.97222900390625,19.066558837890625,34.30000019073486
2023-03-19 09:03:51,19.43305778503418,75.96385192871094,192.72460174560547,89.46969604492188,81.5,61.08940887451172,100.0,0.0,49.0392271928825,194054.0,17.86981201171875,19.01214599609375,18.005783081054688,16.53704833984375,34.30000019073486
2023-03-19 09:03:52,19.423547744750977,75.96385192871094,192.72460174560547,89.46969604492188,81.5,61.08940887451172,100.0,0.0,49.48614699829617,194054.0,17.86981201171875,19.01214599609375,18.005783081054688,16.07464599609375,34.30000019073486
2023-03-19 09:03:53,19.402029037475582,75.96385192871094,193.22103118896484,89.46969604492188,82.70000457763672,61.08940887451172,100.0,0.0,47.6981157857784,194054.0,15.639480590820312,18.38656616210937,19.474533081054688,15.34027099609375,34.30000019073486
2023-03-19 09:03:54,19.402029037475582,76.02409362792969,193.7744140625,89.46969604492188,82.5,61.08940887451172,100.0,0.0,49.67376630796862,194054.0,16.945037841796875,18.44097900390625,16.564239501953125,19.85531616210937,34.30000019073486
2023-03-19 09:03:55,19.41175651550293,75.96385192871094,193.41634368896484,89.46969604492188,82.0,61.08940887451172,100.0,0.0,48.77190852511621,194054.0,13.137161254882812,18.6585693359375,18.6585693359375,15.041091918945312,34.30000019073486
2023-03-19 09:03:56,19.402931213378903,76.02409362792969,193.0419921875,89.46969604492188,81.4000015258789,61.08940887451172,100.0,0.0,52.44201041923482,194054.0,16.129058837890625,19.637725830078125,14.415496826171877,18.00579833984375,34.30000019073486
2023-03-19 09:03:57,19.39409828186035,75.96385192871094,192.4153594970703,89.46969604492188,81.4000015258789,61.08940887451172,100.0,0.0,48.59656496060766,194054.0,15.748275756835938,15.1226806640625,12.321182250976562,17.84259033203125,34.30000019073486
2023-03-19 09:03:58,19.408212661743164,75.96385192871094,192.51302337646484,89.54545593261719,80.80000305175781,61.08940887451172,100.0,0.0,51.98506794707637,194054.0,12.892364501953123,18.57696533203125,19.01214599609375,15.285888671875,34.30000019073486
2023-03-19 09:03:59,19.444456100463867,75.96385192871094,191.38997650146484,89.46969604492188,81.0999984741211,61.08940887451172,100.0,0.0,48.61149149614572,194054.0,15.340286254882812,17.9241943359375,14.061920166015623,17.897003173828125,34.30000019073486
2023-03-19 09:04:00,19.460906982421875,76.02409362792969,193.5465469360352,89.46969604492188,81.69999694824219,61.08940887451172,100.0,0.0,48.30531376676938,194054.0,15.639480590820312,16.97222900390625,18.168975830078125,16.4554443359375,34.30000019073486
2023-03-19 09:04:01,19.463558197021484,76.02409362792969,192.8385467529297,89.46969604492188,82.30000305175781,61.08940887451172,100.0,0.0,48.28048235535072,194054.0,10.66204833984375,15.612274169921877,17.489013671875,17.733795166015625,34.30000019073486
2023-03-19 09:04:02,19.441240310668945,76.02409362792969,192.3583984375,89.46969604492188,82.0,61.08940887451172,100.0,0.0,47.11882985347808,194054.0,16.890625,19.61053466796875,14.089111328125,14.60589599609375,34.30000019073486
2023-03-19 09:04:03,19.43671417236328,76.02409362792969,193.3431015014648,89.46969604492188,82.30000305175781,61.08940887451172,100.0,0.0,45.62340865493881,194054.0,17.842605590820312,15.63946533203125,16.754638671875,19.01214599609375,34.30000019073486
2023-03-19 09:04:04,19.411785125732425,75.96385192871094,193.4163360595703,89.46969604492188,82.30000305175781,61.08940887451172,100.0,0.0,47.38804863655291,194054.0,15.80267333984375,20.752899169921875,17.652191162109375,13.43634033203125,34.30000019073486
2023-03-19 09:04:05,19.382980346679688,75.96385192871094,192.53743743896484,89.46969604492188,82.0,61.08940887451172,100.0,0.0,52.08326294219477,194054.0,17.951400756835938,17.298614501953125,19.44732666015625,18.5225830078125,34.30000019073486
2023-03-19 09:04:06,19.368284225463867,75.96385192871094,193.31868743896484,89.46969604492188,81.9000015258789,61.08940887451172,100.0,0.0,51.35107098200916,194054.0,13.409149169921877,20.181716918945312,17.70660400390625,16.183441162109375,34.30000019073486
2023-03-19 09:04:07,19.37242889404297,75.96385192871094,193.017578125,89.54545593261719,82.0,61.08940887451172,100.0,0.0,52.04394159459952,194054.0,16.4554443359375,14.76910400390625,15.7210693359375,17.70660400390625,34.30000019073486
2023-03-19 09:04:08,19.390701293945312,76.02409362792969,192.041015625,89.54545593261719,82.30000305175781,61.08940887451172,100.0,0.0,49.08268957317068,194054.0,17.815399169921875,20.2633056640625,17.10821533203125,16.401046752929688,34.30000019073486
2023-03-19 09:04:09,19.389863967895508,76.02409362792969,193.1070938110352,89.54545593261719,83.0,61.08940887451172,100.0,0.0,49.0184486861089,194054.0,13.028366088867188,13.626739501953123,17.10821533203125,17.081024169921875,34.30000019073486
2023-03-19 09:04:10,19.350475311279297,75.96385192871094,193.4651718139648,89.46969604492188,81.80000305175781,61.08940887451172,100.0,0.0,49.55290953712004,194054.0,14.959503173828123,19.420135498046875,17.162612915039062,18.98495483398437,34.30000019073486
2023-03-19 09:04:11,19.344467163085938,75.96385192871094,193.6930313110352,89.46969604492188,82.30000305175781,61.08940887451172,100.0,0.0,50.22977474425344,194054.0,14.170730590820312,16.5914306640625,21.07928466796875,13.762725830078123,34.30000019073486
2023-03-19 09:04:12,19.34227752685547,76.02409362792969,190.97493743896484,89.46969604492188,82.0,61.08940887451172,100.0,0.0,50.08954381277288,194054.0,19.692138671875,20.45370483398437,15.63946533203125,17.10821533203125,34.30000019073486
2023-03-19 09:04:13,19.33547782897949,76.08434295654297,192.578125,89.46969604492188,81.5,61.08940887451172,100.0,0.0,50.67477495864555,194054.0,13.436355590820312,15.20428466796875,16.537033081054688,16.23785400390625,34.30000019073486
2023-03-19 09:04:14,19.34994125366211,76.02409362792969,192.2281875610352,89.46969604492188,81.80000305175781,61.08940887451172,100.0,0.0,50.77630192464383,194054.0,15.965866088867188,19.229736328125,12.484375,17.489013671875,34.30000019073486
2023-03-19 09:04:15,19.375980377197266,75.96385192871094,191.7073516845703,89.46969604492188,81.5999984741211,61.08940887451172,100.0,0.0,51.01126110562151,194054.0,12.13079833984375,19.284149169921875,15.829864501953123,17.869796752929688,34.30000019073486
2023-03-19 09:04:16,19.40766906738281,75.96385192871094,192.0003204345703,89.54545593261719,81.5999984741211,61.08940887451172,100.0,0.0,50.3055646626585,194054.0,17.27142333984375,14.9866943359375,16.97222900390625,13.980316162109377,34.30000019073486
2023-03-19 09:04:17,19.42076110839844,76.02409362792969,191.8050079345703,89.54545593261719,81.5,61.08940887451172,100.0,0.0,48.593853392511846,194054.0,14.46990966796875,20.970489501953125,13.273147583007812,18.604171752929688,34.30000019073486
2023-03-19 09:04:18,19.41325187683105,76.02409362792969,191.63411712646484,89.46969604492188,81.5,61.08940887451172,100.0,0.0,49.05461177317849,194054.0,14.46990966796875,17.0538330078125,16.23785400390625,18.495361328125,34.30000019073486
2023-03-19 09:04:19,19.40802764892578,76.02409362792969,192.4560546875,89.46969604492188,83.20000457763672,61.08940887451172,100.0,0.0,46.67269912640255,194054.0,14.578704833984377,19.501739501953125,15.993057250976562,17.54339599609375,34.30000019073486
2023-03-19 09:04:20,19.420310974121094,75.96385192871094,193.1559219360352,89.46969604492188,82.5,61.08940887451172,100.0,0.0,48.89763977734467,194054.0,15.857070922851562,16.50982666015625,19.773727416992188,17.978591918945312,34.30000019073486
2023-03-19 09:04:21,19.404041290283203,75.96385192871094,193.0012969970703,89.46969604492188,82.0,61.08578872680664,100.0,0.0,47.71978096402487,194054.0,18.332183837890625,19.202545166015625,16.945022583007812,17.3258056640625,34.30000019073486
2023-03-19 09:04:22,19.396615982055664,76.02409362792969,192.00032806396484,89.54545593261719,82.30000305175781,61.08940887451172,100.0,0.0,47.115131227338296,194054.0,13.245956420898438,18.631378173828125,14.089111328125,16.292236328125,34.30000019073486
2023-03-19 09:04:23,19.407690048217773,76.02409362792969,191.5364532470703,89.54545593261719,82.0,61.08940887451172,100.0,0.0,48.98736331866665,194054.0,17.27142333984375,18.44097900390625,17.489013671875,13.980316162109377,34.30000019073486
2023-03-19 09:04:24,19.43741226196289,75.96385192871094,192.28515625,89.54545593261719,82.0999984741211,61.08940887451172,100.0,0.0,49.35519412505512,194054.0,14.605911254882812,16.50982666015625,16.183441162109375,15.93865966796875,34.30000019073486
2023-03-19 09:04:25,19.45397186279297,75.96385192871094,193.75,89.46969604492188,81.5999984741211,61.08940887451172,100.0,0.0,52.49078071008298,194054.0,18.79457092285156,15.8570556640625,19.66493225097656,16.836227416992188,34.30000019073486
2023-03-19 09:04:26,19.442846298217773,76.02409362792969,193.06640625,89.46969604492188,81.9000015258789,61.08578872680664,100.0,0.0,48.419744211372354,194054.0,10.79803466796875,19.58334350585937,16.401031494140625,19.85531616210937,34.30000019073486
2023-03-19 09:04:27,19.429658889770508,76.02409362792969,190.8935546875,89.46969604492188,81.9000015258789,61.08940887451172,100.0,0.0,49.85758344404101,194054.0,18.631378173828125,17.40740966796875,18.57696533203125,16.999420166015625,34.30000019073486
2023-03-19 09:04:28,19.44084358215332,76.02409362792969,192.9850234985352,89.46969604492188,82.9000015258789,61.08940887451172,100.0,0.0,47.446919780338696,194054.0,13.73553466796875,18.087371826171875,18.740158081054688,17.244216918945312,34.30000019073486
2023-03-19 09:04:29,19.422313690185547,75.96385192871094,192.5537109375,89.46969604492188,82.4000015258789,61.08940887451172,100.0,0.0,48.21263411963956,194054.0,17.461822509765625,17.135406494140625,17.733795166015625,16.97222900390625,34.30000019073486
2023-03-19 09:04:30,19.416135787963867,76.02409362792969,192.83853149414065,89.46969604492188,81.9000015258789,61.08940887451172,100.0,0.0,49.42897008118258,194054.0,13.3819580078125,19.800933837890625,17.788192749023438,18.25057983398437,34.30000019073486
2023-03-19 09:04:31,19.42433738708496,76.02409362792969,191.69921875,89.46969604492188,82.5,61.08940887451172,100.0,0.0,46.73202040426958,194054.0,15.013900756835938,16.183441162109375,15.8570556640625,18.468170166015625,34.30000019073486
2023-03-19 09:04:32,19.451059341430664,76.02409362792969,192.3095703125,89.54545593261719,82.0999984741211,61.08940887451172,100.0,0.0,50.27910433432893,194054.0,18.14178466796875,15.77545166015625,17.815399169921875,16.37384033203125,34.30000019073486
2023-03-19 09:04:33,19.47167587280273,75.96385192871094,192.67578125,89.54545593261719,81.69999694824219,61.08578872680664,100.0,0.0,48.833573910891886,194054.0,11.586822509765623,17.652191162109375,16.210647583007812,14.714691162109377,34.30000019073486
2023-03-19 09:04:34,19.46135902404785,76.02409362792969,191.3818359375,89.46969604492188,81.0,61.08940887451172,100.0,0.0,49.91235776617441,194054.0,18.11459350585937,17.9241943359375,16.781829833984375,16.37384033203125,34.30000019073486
2023-03-19 09:04:35,19.43537139892578,76.02409362792969,191.4469451904297,89.46969604492188,81.69999694824219,61.08940887451172,100.0,0.0,49.86398464650493,194054.0,15.7210693359375,17.352996826171875,16.999420166015625,15.612274169921877,34.30000019073486
2023-03-19 09:04:36,19.43071937561035,75.96385192871094,191.60970306396484,89.46969604492188,82.0999984741211,61.08940887451172,100.0,0.0,48.34195394203347,194054.0,17.842605590820312,19.09375,17.298614501953125,16.618637084960938,34.30000019073486
2023-03-19 09:04:37,19.397953033447266,76.02409362792969,191.93521118164065,89.46969604492188,82.5999984741211,61.08940887451172,100.0,0.0,47.99713464372179,194054.0,14.796295166015623,16.5914306640625,16.781829833984375,18.00579833984375,34.30000019073486
2023-03-19 09:04:38,19.37087059020996,76.02409362792969,192.43978118896484,89.54545593261719,82.5999984741211,61.08940887451172,100.0,0.0,48.69268421407623,194054.0,13.273162841796877,20.072906494140625,15.612274169921877,15.693878173828123,34.30000019073486
2023-03-19 09:04:39,19.358539581298828,76.02409362792969,192.01659393310547,89.54545593261719,81.5999984741211,61.08940887451172,100.0,0.0,49.06697013138643,194054.0,16.83624267578125,15.693878173828123,16.67303466796875,19.338546752929688,34.30000019073486
2023-03-19 09:04:40,19.376296997070312,76.02409362792969,192.1712188720703,89.54545593261719,82.0,61.08940887451172,100.0,0.0,48.15788314715576,194054.0,18.495391845703125,20.671295166015625,17.679397583007812,11.885986328125,34.30000019073486
2023-03-19 09:04:41,19.391342163085938,75.96385192871094,191.0481719970703,89.46969604492188,82.4000015258789,61.08578872680664,100.0,0.0,48.72803435311226,194054.0,14.41552734375,15.557861328125,20.236114501953125,17.597808837890625,34.30000019073486
2023-03-19 09:04:42,19.38969993591309,75.96385192871094,190.97493743896484,89.46969604492188,82.30000305175781,61.08940887451172,100.0,0.0,48.6286189155842,194054.0,15.06829833984375,20.78009033203125,16.101852416992188,14.143524169921877,34.30000019073486
2023-03-19 09:04:43,19.34969139099121,75.96385192871094,191.3981170654297,89.46969604492188,80.9000015258789,61.08940887451172,100.0,0.0,50.73354969353298,194054.0,17.897003173828125,14.007537841796877,16.129058837890625,15.612274169921877,34.30000019073486
2023-03-19 09:04:44,19.33583641052246,76.08434295654297,191.5201797485352,89.54545593261719,82.0,61.08940887451172,100.0,0.0,48.29703398662418,194054.0,16.40106201171875,13.59954833984375,17.652191162109375,14.17071533203125,34.30000019073486
2023-03-19 09:04:45,19.318744659423828,76.02409362792969,191.4387969970703,89.54545593261719,81.80000305175781,61.08940887451172,100.0,0.0,50.0975632728991,194054.0,17.489013671875,17.27142333984375,15.068283081054688,15.748260498046877,34.30000019073486
2023-03-19 09:04:46,19.292064666748047,76.02409362792969,190.70638275146484,89.54545593261719,82.4000015258789,61.08940887451172,100.0,0.0,48.639038150601735,194054.0,16.129058837890625,12.56597900390625,15.911468505859377,14.76910400390625,34.30000019073486
2023-03-19 09:04:47,19.29094886779785,75.96385192871094,192.0735626220703,89.46969604492188,82.4000015258789,61.08940887451172,100.0,0.0,48.224428325334365,194054.0,12.674774169921877,19.12094116210937,19.365737915039062,11.858795166015623,34.30000019073486
2023-03-19 09:04:48,19.311111450195312,75.96385192871094,192.4886016845703,89.46969604492188,82.9000015258789,61.08940887451172,100.0,0.0,48.33612531635868,194054.0,17.461822509765625,13.89874267578125,13.028350830078123,16.645843505859375,34.30000019073486
2023-03-19 09:04:49,19.345521926879883,75.96385192871094,192.24446868896484,89.46969604492188,81.69999694824219,61.08940887451172,100.0,0.0,51.142016095438805,194054.0,13.46356201171875,20.072906494140625,15.8570556640625,18.84896850585937,34.30000019073486
2023-03-19 09:04:50,19.36235237121582,76.02409362792969,191.5771484375,89.46969604492188,81.19999694824219,61.08940887451172,100.0,0.0,52.02193371606359,194054.0,13.21875,17.733795166015625,17.24420166015625,21.05209350585937,34.30000019073486
2023-03-19 09:04:51,19.352394104003903,76.02409362792969,191.0237579345703,89.46969604492188,81.30000305175781,61.08940887451172,100.0,0.0,47.41216923175786,194054.0,14.63311767578125,20.752899169921875,13.191558837890623,15.7210693359375,34.30000019073486
2023-03-19 09:04:52,19.3466911315918,76.08434295654297,190.68196868896484,89.46969604492188,81.80000305175781,61.08940887451172,100.0,0.0,51.45398915021021,194054.0,15.612274169921877,13.0555419921875,15.911468505859377,14.2523193359375,34.30000019073486
2023-03-19 09:04:53,19.35177421569824,76.02409362792969,190.48665618896484,89.54545593261719,81.80000305175781,61.08940887451172,100.0,0.0,49.44790660821418,194054.0,14.551513671875,17.135406494140625,15.34027099609375,13.844329833984377,34.30000019073486
2023-03-19 09:04:54,19.349594116210938,75.96385192871094,191.09700775146484,89.46969604492188,82.4000015258789,61.08578872680664,100.0,0.0,50.27108172100671,194054.0,16.482650756835938,18.87615966796875,15.693862915039062,17.434600830078125,34.30000019073486
2023-03-19 09:04:55,19.380069732666016,75.90361022949219,192.4235076904297,89.46969604492188,82.5999984741211,61.08940887451172,100.0,0.0,50.20320246423045,194054.0,15.36749267578125,16.564239501953125,18.631362915039062,17.652191162109375,34.30000019073486
2023-03-19 09:04:56,19.42205047607422,75.96385192871094,191.2272109985352,89.46969604492188,82.0,61.08940887451172,100.0,0.0,50.11248525447158,194054.0,17.0538330078125,17.026611328125,15.231475830078123,17.679397583007812,34.30000019073486
2023-03-19 09:04:57,19.45847511291504,76.02409362792969,190.48665618896484,89.54545593261719,81.69999694824219,61.08940887451172,100.0,0.0,51.37035418593401,194054.0,15.313079833984377,17.1898193359375,13.164352416992188,17.815399169921875,34.30000019073486
2023-03-19 09:04:58,19.46043586730957,76.02409362792969,191.8131484985352,89.46969604492188,82.30000305175781,61.08940887451172,100.0,0.0,46.726110772916606,194054.0,14.279525756835938,15.231475830078123,16.917816162109375,17.0538330078125,34.30000019073486
2023-03-19 09:04:59,19.41811752319336,76.02409362792969,191.2516326904297,89.46969604492188,81.80000305175781,61.08940887451172,100.0,0.0,49.38196993797864,194054.0,17.108230590820312,17.760986328125,16.4554443359375,15.666671752929688,34.30000019073486
2023-03-19 09:05:00,19.411359786987305,75.96385192871094,189.6321563720703,89.46969604492188,82.0,61.08940887451172,100.0,0.0,48.43175879517464,194054.0,15.231491088867188,15.965850830078123,16.645843505859375,16.3194580078125,34.30000019073486
2023-03-19 09:05:01,19.440128326416016,76.02409362792969,190.4296875,89.46969604492188,81.0,61.08940887451172,100.0,0.0,49.27265064569801,194054.0,16.047454833984375,20.372100830078125,13.6539306640625,16.97222900390625,34.30000019073486
2023-03-19 09:05:02,19.43937873840332,76.02409362792969,189.7786407470703,89.54545593261719,81.69999694824219,61.08940887451172,100.0,0.0,47.543206310385976,194054.0,13.327545166015623,16.047454833984375,14.660308837890623,11.4508056640625,34.30000019073486
2023-03-19 09:05:03,19.45160865783692,76.02409362792969,191.41439056396484,89.46969604492188,82.5999984741211,61.08940887451172,100.0,0.0,45.89025503897973,194054.0,16.10186767578125,16.047454833984375,19.692138671875,16.047454833984375,34.30000019073486
2023-03-19 09:05:04,19.47403144836425,75.96385192871094,191.3492889404297,89.46969604492188,83.0,61.08940887451172,100.0,0.0,47.37487175564432,194054.0,16.482650756835938,17.9241943359375,13.490737915039062,14.361114501953123,34.30000019073486
2023-03-19 09:05:05,19.50948715209961,76.02409362792969,191.3004531860352,89.46969604492188,81.19999694824219,61.08940887451172,100.0,0.0,51.06740958431221,194054.0,17.761016845703125,14.578704833984377,16.482635498046875,16.781829833984375,34.30000019073486
2023-03-19 09:05:06,19.52716827392578,75.96385192871094,190.8447265625,89.46969604492188,81.69999694824219,61.08940887451172,100.0,0.0,49.16904968421135,194054.0,16.292266845703125,18.74017333984375,12.321182250976562,18.468170166015625,34.30000019073486
2023-03-19 09:05:07,19.50229454040528,75.96385192871094,190.5517578125,89.46969604492188,82.5999984741211,61.08940887451172,100.0,0.0,46.42647894305022,194054.0,16.346649169921875,20.181716918945312,12.946746826171877,16.292236328125,34.30000019073486
2023-03-19 09:05:08,19.45586585998535,76.02409362792969,191.064453125,89.46969604492188,82.4000015258789,61.08940887451172,100.0,0.0,47.2753819257668,194054.0,16.047454833984375,14.089111328125,15.095489501953123,15.965850830078123,34.30000019073486
2023-03-19 09:05:09,19.426149368286133,76.02409362792969,188.9729766845703,89.54545593261719,81.5,61.08940887451172,100.0,0.0,47.35492464970436,194054.0,12.56597900390625,17.162628173828125,15.258682250976562,16.183441162109375,34.30000019073486
2023-03-19 09:05:10,19.356348037719727,76.02409362792969,190.9098281860352,89.46969604492188,82.0999984741211,61.08940887451172,100.0,0.0,46.78690886287272,194054.0,14.796295166015623,19.01214599609375,18.223388671875,16.482635498046875,34.30000019073486
2023-03-19 09:05:11,19.30400848388672,75.96385192871094,189.404296875,89.46969604492188,81.4000015258789,61.08940887451172,100.0,0.0,48.49455560100624,194054.0,13.871536254882812,12.9195556640625,14.497100830078123,17.353012084960938,34.30000019073486
2023-03-19 09:05:12,19.30630874633789,75.96385192871094,192.2281875610352,89.46969604492188,81.0,61.08940887451172,100.0,0.0,49.49825104874835,194054.0,19.55615234375,19.202545166015625,18.57696533203125,15.231475830078123,34.30000019073486
2023-03-19 09:05:13,19.388578414916992,76.02409362792969,190.1123046875,89.46969604492188,81.5999984741211,61.08940887451172,100.0,0.0,46.89022871072175,194054.0,12.94677734375,16.890625,16.754638671875,16.428253173828125,34.30000019073486
2023-03-19 09:05:14,19.427623748779297,76.02409362792969,190.2262344360352,89.46969604492188,81.5,61.08578872680664,100.0,0.0,48.67402399645777,194054.0,15.557891845703123,19.501739501953125,17.788192749023438,16.15625,34.30000019073486
2023-03-19 09:05:15,19.408626556396484,76.02409362792969,190.52733612060547,89.46969604492188,81.69999694824219,61.08940887451172,100.0,0.0,50.047837153378,194054.0,17.298614501953125,18.332183837890625,18.685760498046875,15.394683837890623,34.30000019073486
2023-03-19 09:05:16,19.35381126403809,76.02409362792969,190.91796875,89.54545593261719,81.80000305175781,61.08940887451172,100.0,0.0,49.6616448396275,194054.0,12.321197509765623,17.897003173828125,17.760986328125,16.836227416992188,34.30000019073486
2023-03-19 09:05:17,19.323524475097656,75.96385192871094,191.5690155029297,89.46969604492188,82.0,61.08578872680664,100.0,0.0,49.67342760286848,194054.0,17.162628173828125,17.57061767578125,14.30670166015625,21.18807983398437,34.30000019073486
2023-03-19 09:05:18,19.28924560546875,75.96385192871094,190.5436248779297,89.46969604492188,81.5999984741211,61.08940887451172,100.0,0.0,47.54402301169174,194054.0,17.461822509765625,16.945037841796875,14.578704833984377,15.80267333984375,34.30000019073486
2023-03-19 09:05:19,19.26453018188477,76.02409362792969,191.46321868896484,89.46969604492188,82.5999984741211,61.08578872680664,100.0,0.0,45.3519549488414,194054.0,14.306732177734377,17.9241943359375,15.585067749023438,18.223388671875,34.30000019073486
2023-03-19 09:05:20,19.266536712646484,76.08434295654297,190.1855545043945,89.46969604492188,82.5,61.08940887451172,100.0,0.0,47.40053452980998,194054.0,14.660308837890623,17.625,18.903350830078125,14.33392333984375,34.30000019073486
2023-03-19 09:05:21,19.317258834838867,76.02409362792969,192.5211563110352,89.54545593261719,82.0,61.08940887451172,100.0,0.0,48.189056426529454,194054.0,14.796295166015623,21.432861328125,21.32406616210937,17.815399169921875,34.30000019073486
2023-03-19 09:05:22,19.36014938354492,75.96385192871094,189.8274688720703,89.46969604492188,81.0,61.08940887451172,100.0,0.0,51.40636113594346,194054.0,14.33392333984375,17.9241943359375,13.708343505859377,14.225128173828123,34.30000019073486
2023-03-19 09:05:23,19.372089385986328,75.96385192871094,192.9606094360352,89.46969604492188,82.5999984741211,61.08940887451172,100.0,0.0,46.53838654330987,194054.0,15.14990234375,20.34490966796875,21.895263671875,16.047454833984375,34.30000019073486
2023-03-19 09:05:24,19.367481231689453,75.96385192871094,189.7867813110352,89.46969604492188,81.69999694824219,61.08940887451172,100.0,0.0,50.320243136345006,194054.0,18.223388671875,18.25057983398437,17.788192749023438,15.666671752929688,34.30000019073486
2023-03-19 09:05:25,19.40163993835449,76.08434295654297,191.9921875,89.46969604492188,82.70000457763672,61.08940887451172,100.0,0.0,47.52172537150095,194054.0,16.97222900390625,16.183441162109375,19.800933837890625,19.58334350585937,34.30000019073486
2023-03-19 09:05:26,19.42892265319824,76.02409362792969,190.48665618896484,89.46969604492188,81.69999694824219,61.08940887451172,100.0,0.0,51.14222109566027,194054.0,14.660308837890623,20.2633056640625,15.34027099609375,17.9241943359375,34.30000019073486
2023-03-19 09:05:27,19.443817138671875,75.96385192871094,189.6647186279297,89.46969604492188,81.5999984741211,61.08940887451172,100.0,0.0,49.23132842725639,194054.0,15.612274169921877,14.2523193359375,14.660308837890623,16.3194580078125,34.30000019073486
2023-03-19 09:05:28,19.476783752441406,75.96385192871094,192.08984375,89.46969604492188,82.5999984741211,61.08578872680664,100.0,0.0,49.00506020500137,194054.0,12.076400756835938,16.863433837890625,16.945022583007812,19.71932983398437,34.30000019073486
2023-03-19 09:05:29,19.534564971923828,75.96385192871094,190.4459686279297,89.54545593261719,81.9000015258789,61.08940887451172,100.0,0.0,47.81936874385968,194054.0,15.231491088867188,15.04107666015625,14.714691162109377,16.67303466796875,34.30000019073486
2023-03-19 09:05:30,19.59074783325196,76.08434295654297,191.064453125,89.54545593261719,82.5999984741211,61.08940887451172,100.0,0.0,46.78601738025782,194054.0,17.244232177734375,19.85531616210937,16.727432250976562,17.298614501953125,34.30000019073486
2023-03-19 09:05:31,19.64933204650879,76.02409362792969,189.9332656860352,89.54545593261719,81.5999984741211,61.08940887451172,100.0,0.0,50.52633215843782,194054.0,17.380218505859375,15.9930419921875,16.537033081054688,13.463546752929688,34.30000019073486
2023-03-19 09:05:32,19.65108871459961,76.02409362792969,191.97591400146484,89.54545593261719,82.4000015258789,61.08940887451172,100.0,0.0,49.797424882289626,194054.0,16.3194580078125,18.767364501953125,19.828125,17.380218505859375,34.30000019073486
2023-03-19 09:05:33,19.647130966186523,75.96385192871094,190.087890625,89.46969604492188,82.20000457763672,61.08940887451172,100.0,0.0,48.63590688255376,194054.0,15.476287841796877,17.7882080078125,15.530670166015623,16.564239501953125,34.30000019073486
2023-03-19 09:05:34,19.623645782470703,75.90361022949219,190.26692962646484,89.46969604492188,81.9000015258789,61.08940887451172,100.0,0.0,47.43207426352794,194054.0,14.361114501953123,16.700225830078125,15.612274169921877,16.917816162109375,34.30000019073486
2023-03-19 09:05:35,19.581626892089844,76.02409362792969,188.6962890625,89.46969604492188,81.0999984741211,61.08940887451172,100.0,0.0,49.971073048695104,194054.0,19.01216125488281,18.71295166015625,16.401031494140625,15.612274169921877,34.30000019073486
2023-03-19 09:05:36,19.564180374145508,76.02409362792969,189.990234375,89.46969604492188,82.30000305175781,61.08578872680664,100.0,0.0,47.92401570984078,194054.0,16.020263671875,16.047454833984375,13.21875,17.597808837890625,34.30000019073486
2023-03-19 09:05:37,19.550376892089844,76.02409362792969,191.4957733154297,89.46969604492188,82.30000305175781,61.08940887451172,100.0,0.0,49.43361988864811,194054.0,15.258697509765623,18.604156494140625,18.903350830078125,18.25057983398437,34.30000019073486
2023-03-19 09:05:38,19.562664031982425,76.02409362792969,189.82747650146484,89.46969604492188,82.0999984741211,61.08940887451172,100.0,0.0,48.56135337011661,194054.0,15.639480590820312,20.508102416992188,12.892364501953123,15.63946533203125,34.30000019073486
2023-03-19 09:05:39,19.55439567565918,75.96385192871094,190.1529998779297,89.46969604492188,82.0999984741211,61.08940887451172,100.0,0.0,49.28310064196384,194054.0,16.23785400390625,18.604156494140625,15.884246826171877,14.932296752929688,34.30000019073486
2023-03-19 09:05:40,19.508092880249023,75.96385192871094,190.576171875,89.46969604492188,81.9000015258789,61.08940887451172,100.0,0.0,49.57413716790582,194054.0,13.082763671875,18.14178466796875,15.585067749023438,14.8507080078125,34.30000019073486
2023-03-19 09:05:41,19.434051513671875,76.02409362792969,191.25975799560547,89.54545593261719,82.30000305175781,61.08940887451172,100.0,0.0,47.6576194616961,194054.0,12.86517333984375,19.47454833984375,17.788192749023438,18.6585693359375,34.30000019073486
2023-03-19 09:05:42,19.38161849975586,76.02409362792969,191.34114837646484,89.54545593261719,82.80000305175781,61.08940887451172,100.0,0.0,48.26389910987989,194054.0,15.911468505859377,21.650466918945312,17.679397583007812,16.346649169921875,34.30000019073486
2023-03-19 09:05:43,19.292984008789062,76.08434295654297,191.3981170654297,89.46969604492188,81.9000015258789,61.08940887451172,100.0,0.0,47.6396059151287,194054.0,18.223388671875,16.999420166015625,16.101852416992188,16.863433837890625,34.30000019073486
2023-03-19 09:05:44,19.226770401000977,76.02409362792969,190.29134368896484,89.46969604492188,81.30000305175781,61.08940887451172,100.0,0.0,52.568004829190215,194054.0,16.61865234375,19.284149169921875,17.217010498046875,17.1898193359375,34.30000019073486
2023-03-19 09:05:45,19.182418823242188,75.96385192871094,188.8102188110352,89.46969604492188,81.30000305175781,61.08940887451172,100.0,0.0,52.74582912072571,194054.0,13.028366088867188,16.10186767578125,18.087371826171875,17.434600830078125,34.30000019073486
2023-03-19 09:05:46,19.1716537475586,75.96385192871094,190.4296951293945,89.46969604492188,82.4000015258789,61.08940887451172,100.0,0.0,48.93814774120555,194054.0,15.340286254882812,21.432861328125,17.733795166015625,17.162628173828125,34.30000019073486
2023-03-19 09:05:47,19.17298698425293,75.96385192871094,191.30859375,89.46969604492188,82.0,61.08940887451172,100.0,0.0,49.26074964731485,194054.0,12.973968505859377,16.07464599609375,16.863433837890625,17.27142333984375,34.30000019073486
2023-03-19 09:05:48,19.163713455200195,76.08434295654297,190.1529922485352,89.54545593261719,82.0,61.08940887451172,100.0,0.0,51.12961326445251,194054.0,16.129058837890625,17.135406494140625,15.8570556640625,18.19618225097656,34.30000019073486
2023-03-19 09:05:49,19.14131164550781,76.08434295654297,191.2190704345703,89.54545593261719,81.30000305175781,61.08940887451172,100.0,0.0,51.33715956060251,194054.0,14.46990966796875,19.31134033203125,15.748260498046877,18.0601806640625,34.30000019073486
2023-03-19 09:05:50,19.14221954345703,76.02409362792969,191.1539688110352,89.54545593261719,82.0,61.08940887451172,100.0,0.0,50.44597946838772,194054.0,15.50347900390625,19.828125,17.652191162109375,14.823486328125,34.30000019073486
2023-03-19 09:05:51,19.134599685668945,75.96385192871094,190.0634765625,89.54545593261719,82.80000305175781,61.08940887451172,100.0,0.0,47.5848012383522,194054.0,17.516204833984375,18.549774169921875,19.474533081054688,16.836227416992188,34.30000019073486
2023-03-19 09:05:52,19.14317321777344,75.96385192871094,190.26692962646484,89.46969604492188,82.0999984741211,61.08940887451172,100.0,0.0,49.208781296654536,194054.0,15.122695922851562,16.5914306640625,19.066558837890625,17.7882080078125,34.30000019073486
2023-03-19 09:05:53,19.18759536743164,76.02409362792969,188.8590469360352,89.46969604492188,82.0999984741211,61.08940887451172,100.0,0.0,51.10614845624566,194054.0,11.940399169921877,17.217010498046875,16.999420166015625,19.14814758300781,34.30000019073486
2023-03-19 09:05:54,19.249950408935547,76.08434295654297,190.21810150146484,89.46969604492188,82.20000457763672,61.08940887451172,100.0,0.0,47.82505436205316,194054.0,16.61865234375,17.733795166015625,17.760986328125,15.421875,34.30000019073486
2023-03-19 09:05:55,19.348058700561523,76.02409362792969,188.8590545654297,89.46969604492188,81.80000305175781,61.08940887451172,100.0,0.0,49.580861310997534,194055.0,15.231491088867188,18.468170166015625,16.727432250976562,15.7210693359375,34.30000019073486
2023-03-19 09:05:56,19.40742874145508,75.96385192871094,190.46224212646484,89.46969604492188,82.20000457763672,61.08940887451172,100.0,0.0,48.11496644449646,194055.0,15.20428466796875,16.80902099609375,16.727432250976562,18.087387084960938,34.30000019073486
2023-03-19 09:05:57,19.43699836730957,75.96385192871094,191.4225234985352,89.46969604492188,81.5,61.08940887451172,100.0,0.0,49.49985785899435,194055.0,15.14990234375,20.58969116210937,18.332183837890625,16.564239501953125,34.30000019073486
2023-03-19 09:05:58,19.49187088012696,75.96385192871094,190.6168670654297,89.46969604492188,81.69999694824219,61.08940887451172,100.0,0.0,49.71588478097537,194055.0,17.679412841796875,17.54339599609375,12.892364501953123,16.210647583007812,34.30000019073486
2023-03-19 09:05:59,19.53026580810547,75.96385192871094,191.2190704345703,89.46969604492188,82.30000305175781,61.08940887451172,100.0,0.0,49.38695963585665,194055.0,14.6875,13.762725830078123,21.840850830078125,15.612274169921877,34.30000019073486
2023-03-19 09:06:00,19.552358627319336,76.02409362792969,189.7135467529297,89.46969604492188,82.0999984741211,61.08940887451172,100.0,0.0,49.34545330744594,194055.0,19.3929443359375,20.698486328125,17.815399169921875,16.047454833984375,34.30000019073486
2023-03-19 09:06:01,19.577608108520508,76.02409362792969,190.14485931396484,89.46969604492188,81.0,61.08940887451172,100.0,0.0,50.85719452023298,194055.0,14.877899169921877,16.3194580078125,18.44097900390625,18.98495483398437,34.30000019073486
2023-03-19 09:06:02,19.605880737304688,75.96385192871094,189.6158905029297,89.54545593261719,81.5,61.08940887451172,100.0,0.0,47.08314820089797,194055.0,17.380218505859375,18.11459350585937,17.026611328125,17.760986328125,34.30000019073486
2023-03-19 09:06:03,19.63120079040528,75.96385192871094,189.1845703125,89.54545593261719,82.30000305175781,61.08940887451172,100.0,0.0,49.24210488065808,194055.0,15.88427734375,16.7274169921875,15.313079833984377,17.489013671875,34.30000019073486
2023-03-19 09:06:04,19.6311264038086,76.02409362792969,190.9830780029297,89.54545593261719,82.80000305175781,61.08940887451172,100.0,0.0,49.11078883335255,194055.0,17.761016845703125,19.936920166015625,15.77545166015625,19.58334350585937,34.30000019073486
2023-03-19 09:06:05,19.59609603881836,76.02409362792969,190.0634765625,89.46969604492188,81.30000305175781,61.08578872680664,100.0,0.0,50.490551876689096,194055.0,10.906829833984377,18.14178466796875,17.570602416992188,18.00579833984375,34.30000019073486
2023-03-19 09:06:06,19.55674171447754,76.02409362792969,190.24251556396484,89.46969604492188,82.0,61.08940887451172,100.0,0.0,49.23903498997646,194055.0,13.30035400390625,17.679412841796875,18.223388671875,20.100128173828125,34.30000019073486
2023-03-19 09:06:07,19.51600456237793,76.02409362792969,190.5598907470703,89.46969604492188,82.0,61.08940887451172,100.0,0.0,49.33493868798174,194055.0,15.993072509765623,18.168975830078125,17.84259033203125,17.978591918945312,34.30000019073486
2023-03-19 09:06:08,19.43259048461914,75.96385192871094,191.015625,89.46969604492188,81.80000305175781,61.08940887451172,100.0,0.0,50.4204567917981,194055.0,16.047454833984375,17.760986328125,18.57696533203125,19.773727416992188,34.30000019073486
2023-03-19 09:06:09,19.3795108795166,76.02409362792969,190.1123046875,89.46969604492188,81.19999694824219,61.08940887451172,100.0,0.0,51.64130586800086,194055.0,15.013900756835938,21.432861328125,17.10821533203125,13.953125,34.30000019073486
2023-03-19 09:06:10,19.36097717285156,75.96385192871094,189.5426406860352,89.46969604492188,82.20000457763672,61.08940887451172,100.0,0.0,49.16572230090296,194055.0,16.15625,15.8570556640625,19.3929443359375,16.509841918945312,34.30000019073486
2023-03-19 09:06:11,19.38725471496582,75.96385192871094,189.5182266235352,89.54545593261719,82.4000015258789,61.08940887451172,100.0,0.0,50.49409725313726,194055.0,18.767364501953125,19.447341918945312,19.284149169921875,14.796295166015623,34.30000019073486
2023-03-19 09:06:12,19.397279739379883,76.02409362792969,190.0390625,89.54545593261719,82.20000457763672,61.08940887451172,100.0,0.0,49.35927078325636,194055.0,17.244232177734375,17.27142333984375,16.645843505859375,15.80267333984375,34.30000019073486
2023-03-19 09:06:13,19.362972259521484,76.02409362792969,188.99739837646484,89.54545593261719,81.5,61.08940887451172,100.0,0.0,50.35223656476198,194055.0,17.516204833984375,14.63311767578125,13.191558837890623,12.076385498046877,34.30000019073486
2023-03-19 09:06:14,19.30877494812012,76.02409362792969,188.6149139404297,89.46969604492188,82.0,61.08940887451172,100.0,0.0,48.00145406282637,194055.0,13.789947509765623,15.34027099609375,16.129058837890625,15.8570556640625,34.30000019073486
2023-03-19 09:06:15,19.275863647460938,75.96385192871094,190.04720306396484,89.54545593261719,82.5,61.08940887451172,100.0,0.0,48.80007023478088,194055.0,17.1898193359375,14.8507080078125,17.788192749023438,17.652191162109375,34.30000019073486
2023-03-19 09:06:16,19.24247360229492,75.96385192871094,191.6666641235352,89.46969604492188,82.0,61.08940887451172,100.0,0.0,50.96257190543226,194055.0,9.084503173828123,19.202545166015625,17.162612915039062,18.549774169921875,34.30000019073486
2023-03-19 09:06:17,19.2378044128418,75.96385192871094,191.748046875,89.46969604492188,82.0,61.08940887451172,100.0,0.0,51.87220118677592,194055.0,15.476287841796877,19.03936767578125,13.681121826171877,20.8616943359375,34.30000019073486
2023-03-19 09:06:18,19.246076583862305,76.02409362792969,191.76431274414065,89.54545593261719,82.0,61.08940887451172,100.0,0.0,51.134698553201645,194055.0,9.818878173828123,20.181716918945312,17.271408081054688,17.978591918945312,34.30000019073486
2023-03-19 09:06:19,19.29049301147461,76.02409362792969,192.138671875,89.54545593261719,82.30000305175781,61.08940887451172,100.0,0.0,48.4147907596116,194055.0,16.67303466796875,14.90509033203125,15.63946533203125,15.421875,34.30000019073486
2023-03-19 09:06:20,19.345582962036133,76.02409362792969,193.0419998168945,89.54545593261719,81.5999984741211,61.08940887451172,100.0,0.0,49.5890912016447,194055.0,12.321197509765623,19.09375,17.081024169921875,15.34027099609375,34.30000019073486
2023-03-19 09:06:21,19.37192916870117,76.02409362792969,193.34310150146484,89.54545593261719,82.0999984741211,61.08940887451172,100.0,0.0,47.11165552598492,194055.0,17.434616088867188,18.38656616210937,16.700225830078125,18.14178466796875,34.30000019073486
2023-03-19 09:06:22,19.385892868041992,76.02409362792969,194.36849212646484,89.46969604492188,82.4000015258789,61.08940887451172,100.0,0.0,51.25574286208758,194055.0,18.11459350585937,16.047454833984375,16.564239501953125,14.306716918945312,34.30000019073486
2023-03-19 09:06:23,19.440824508666992,76.02409362792969,192.63509368896484,89.46969604492188,82.30000305175781,61.08940887451172,100.0,0.0,47.34821862272312,194055.0,14.877899169921877,15.313079833984377,17.97857666015625,17.3258056640625,34.30000019073486
2023-03-19 09:06:24,19.445350646972656,75.96385192871094,196.4274063110352,89.46969604492188,82.0999984741211,61.08940887451172,100.0,0.0,50.59532726157738,194055.0,15.80267333984375,15.149871826171877,18.93055725097656,14.361114501953123,34.30000019073486
2023-03-19 09:06:25,19.41817855834961,75.96385192871094,194.9951171875,89.46969604492188,81.80000305175781,61.08578872680664,100.0,0.0,51.90123682828657,194055.0,13.817138671875,18.87615966796875,16.945022583007812,20.154510498046875,34.30000019073486
2023-03-19 09:06:26,19.41963005065918,76.02409362792969,193.7174453735352,89.54545593261719,81.9000015258789,61.08940887451172,100.0,0.0,49.90848274597433,194055.0,17.625,16.265045166015625,18.549774169921875,16.863433837890625,34.30000019073486
2023-03-19 09:06:27,19.44565200805664,76.02409362792969,189.0706329345703,89.54545593261719,81.69999694824219,61.08940887451172,100.0,0.0,51.09721001867364,194055.0,17.897003173828125,15.34027099609375,14.796295166015623,16.3194580078125,34.30000019073486
2023-03-19 09:06:28,19.46686744689941,75.96385192871094,191.0888671875,89.54545593261719,81.5,61.08940887451172,100.0,0.0,48.76959949521103,194055.0,13.30035400390625,12.42999267578125,19.17535400390625,15.530670166015623,34.30000019073486
2023-03-19 09:06:29,19.47214698791504,75.96385192871094,191.5039138793945,89.46969604492188,81.5999984741211,61.08940887451172,100.0,0.0,52.26465124493426,194055.0,14.741912841796877,17.679412841796875,16.564239501953125,14.60589599609375,34.30000019073486
2023-03-19 09:06:30,19.44219398498535,75.96385192871094,190.5680313110352,89.46969604492188,82.4000015258789,61.08940887451172,100.0,0.0,49.91691490957451,194055.0,15.394683837890623,18.631378173828125,17.625,17.516204833984375,34.30000019073486
2023-03-19 09:06:31,19.433359146118164,76.02409362792969,190.6494140625,89.46969604492188,82.0999984741211,61.08940887451172,100.0,0.0,48.62607608426492,194055.0,17.081024169921875,16.3194580078125,17.625,14.061920166015623,34.30000019073486
2023-03-19 09:06:32,19.411954879760746,76.02409362792969,190.67382049560547,89.46969604492188,82.4000015258789,61.08940887451172,100.0,0.0,49.88818796054612,194055.0,13.46356201171875,18.413787841796875,15.34027099609375,16.509841918945312,34.30000019073486
2023-03-19 09:06:33,19.35644149780273,75.96385192871094,191.3330078125,89.46969604492188,81.0999984741211,61.08940887451172,100.0,0.0,52.08551991210395,194055.0,16.4554443359375,17.625,19.773727416992188,18.6585693359375,34.30000019073486
2023-03-19 09:06:34,19.33211708068848,75.96385192871094,192.0247421264648,89.54545593261719,82.20000457763672,61.08940887451172,100.0,0.0,50.967333547298686,194055.0,13.653945922851562,20.072906494140625,16.50982666015625,18.604171752929688,34.30000019073486
2023-03-19 09:06:35,19.3457145690918,75.96385192871094,191.6096954345703,89.54545593261719,81.30000305175781,61.08940887451172,100.0,0.0,52.366148903164685,194055.0,18.549774169921875,19.447341918945312,17.1898193359375,19.90972900390625,34.30000019073486
2023-03-19 09:06:36,19.388925552368164,76.02409362792969,191.9270782470703,89.46969604492188,81.5999984741211,61.08940887451172,100.0,0.0,50.27812759797198,194055.0,14.959503173828123,18.767364501953125,15.911468505859377,14.633102416992188,34.30000019073486
2023-03-19 09:06:37,19.40643310546875,76.02409362792969,192.80599212646484,89.46969604492188,81.80000305175781,61.08940887451172,100.0,0.0,51.05397560189335,194055.0,14.93231201171875,18.631378173828125,18.38656616210937,19.066558837890625,34.30000019073486
2023-03-19 09:06:38,19.3916130065918,76.02409362792969,189.8193359375,89.46969604492188,81.9000015258789,61.08940887451172,100.0,0.0,49.62922889132164,194055.0,15.965866088867188,15.612274169921877,16.482635498046875,15.013885498046877,34.30000019073486
2023-03-19 09:06:39,19.37913703918457,76.02409362792969,191.5201873779297,89.46969604492188,82.20000457763672,61.08940887451172,100.0,0.0,48.43754961123492,194055.0,18.25057983398437,14.442718505859377,15.231475830078123,17.733795166015625,34.30000019073486
2023-03-19 09:06:40,19.3764705657959,76.02409362792969,191.5690078735352,89.54545593261719,82.5,61.08940887451172,100.0,0.0,49.65415842795608,194055.0,17.13543701171875,16.564239501953125,18.25057983398437,17.27142333984375,34.30000019073486
2023-03-19 09:06:41,19.35392951965332,75.96385192871094,192.5048904418945,89.46969604492188,82.4000015258789,61.08940887451172,100.0,0.0,48.55037891371793,194055.0,14.76910400390625,18.332183837890625,17.951385498046875,17.516204833984375,34.30000019073486
2023-03-19 09:06:42,19.35218811035156,75.96385192871094,191.0237579345703,89.46969604492188,81.19999694824219,61.08940887451172,100.0,0.0,48.39543096277198,194055.0,12.72918701171875,15.36749267578125,17.3258056640625,17.84259033203125,34.30000019073486
2023-03-19 09:06:43,19.361427307128903,76.02409362792969,191.064453125,89.46969604492188,82.5999984741211,61.08940887451172,100.0,0.0,49.92512336759347,194055.0,12.593170166015623,18.38656616210937,18.14178466796875,15.231475830078123,34.30000019073486
2023-03-19 09:06:44,19.41201400756836,76.02409362792969,192.9850311279297,89.46969604492188,81.5999984741211,61.08940887451172,100.0,0.0,50.68493181911525,194055.0,17.625,17.4617919921875,17.815399169921875,16.645843505859375,34.30000019073486
2023-03-19 09:06:45,19.438051223754883,76.02409362792969,191.4794921875,89.46969604492188,81.80000305175781,61.08940887451172,100.0,0.0,49.40335361991503,194055.0,14.959503173828123,14.8507080078125,14.714691162109377,16.020263671875,34.30000019073486
2023-03-19 09:06:46,19.42685508728028,75.96385192871094,191.8945388793945,89.46969604492188,82.0999984741211,61.08940887451172,100.0,0.0,48.6180119774965,194055.0,16.591445922851562,18.957763671875,18.468170166015625,17.135421752929688,34.30000019073486
2023-03-19 09:06:47,19.40453147888184,75.96385192871094,190.52733612060547,89.54545593261719,81.69999694824219,61.08940887451172,100.0,0.0,48.13032248387314,194055.0,17.57061767578125,17.54339599609375,16.537033081054688,9.7100830078125,34.30000019073486
2023-03-19 09:06:48,19.396129608154297,75.96385192871094,191.6015625,89.54545593261719,82.0,61.08940887451172,100.0,0.0,48.47893011397797,194055.0,13.5179443359375,16.781829833984375,17.40740966796875,17.135421752929688,34.30000019073486
2023-03-19 09:06:49,19.37747001647949,76.02409362792969,190.8447265625,89.54545593261719,83.20000457763672,61.08940887451172,100.0,0.0,46.89768199323286,194055.0,17.434616088867188,19.447341918945312,15.802658081054688,17.1898193359375,34.30000019073486
2023-03-19 09:06:50,19.3769760131836,76.08434295654297,190.6168670654297,89.46969604492188,82.5,61.08940887451172,100.0,0.0,48.54768318424554,194055.0,11.423614501953123,19.58334350585937,18.41377258300781,16.482635498046875,34.30000019073486
2023-03-19 09:06:51,19.39026641845703,76.02409362792969,192.6920623779297,89.46969604492188,82.5,61.08940887451172,100.0,0.0,47.41067720864789,194055.0,17.625,19.01214599609375,16.50982666015625,15.06829833984375,34.30000019073486
2023-03-19 09:06:52,19.43794631958008,75.96385192871094,191.70735931396484,89.46969604492188,82.20000457763672,61.08940887451172,100.0,0.0,48.99534808963365,194055.0,14.442718505859377,16.80902099609375,19.039352416992188,18.0601806640625,34.30000019073486
2023-03-19 09:06:53,19.47949981689453,76.02409362792969,192.4886093139648,89.46969604492188,81.4000015258789,61.08940887451172,100.0,0.0,51.11943971076489,194055.0,18.14178466796875,17.298614501953125,13.354736328125,16.509841918945312,34.30000019073486
2023-03-19 09:06:54,19.48969841003418,76.02409362792969,190.7877655029297,89.54545593261719,82.30000305175781,61.08940887451172,100.0,0.0,50.25055520949599,194055.0,11.070037841796877,18.495361328125,17.951385498046875,16.5914306640625,34.30000019073486
2023-03-19 09:06:55,19.487058639526367,75.96385192871094,192.87109375,89.46969604492188,82.0999984741211,61.08940887451172,100.0,0.0,48.45204555111072,194055.0,17.625,18.71295166015625,15.911468505859377,15.993057250976562,34.30000019073486
2023-03-19 09:06:56,19.49989318847656,76.02409362792969,191.1539688110352,89.46969604492188,82.4000015258789,61.08940887451172,100.0,0.0,50.98983807988608,194055.0,15.993072509765623,18.30499267578125,17.053817749023438,15.80267333984375,34.30000019073486
2023-03-19 09:06:57,19.474105834960938,76.02409362792969,192.2119140625,89.46969604492188,82.30000305175781,61.08940887451172,100.0,0.0,50.51748808036012,194055.0,15.5850830078125,19.12094116210937,17.570602416992188,16.999420166015625,34.30000019073486
2023-03-19 09:06:58,19.44760513305664,76.02409362792969,192.2607421875,89.54545593261719,81.30000305175781,61.08940887451172,100.0,0.0,50.44675772590938,194055.0,17.70660400390625,19.31134033203125,15.8570556640625,13.844329833984377,34.30000019073486
2023-03-19 09:06:59,19.43592834472656,75.96385192871094,191.6015625,89.54545593261719,83.0999984741211,61.08940887451172,100.0,0.0,45.46136279953807,194055.0,12.919570922851562,16.07464599609375,17.135406494140625,19.692138671875,34.30000019073486
2023-03-19 09:07:00,19.45309066772461,76.02409362792969,192.3014373779297,89.54545593261719,82.4000015258789,61.08940887451172,100.0,0.0,50.54203785421779,194055.0,18.00579833984375,20.61689758300781,17.733795166015625,15.50347900390625,34.30000019073486
2023-03-19 09:07:01,19.466588973999023,76.02409362792969,191.4306640625,89.46969604492188,82.20000457763672,61.08940887451172,100.0,0.0,51.20026750671339,194055.0,13.245956420898438,16.890625,16.564239501953125,21.51446533203125,34.30000019073486
2023-03-19 09:07:02,19.45810890197754,76.02409362792969,191.2353515625,89.46969604492188,81.5,61.08940887451172,100.0,0.0,50.87217855772981,194055.0,17.86981201171875,21.405670166015625,18.223388671875,14.551513671875,34.30000019073486
2023-03-19 09:07:03,19.41777610778809,76.02409362792969,190.36458587646484,89.46969604492188,81.0999984741211,61.08940887451172,100.0,0.0,49.09926028242011,194055.0,11.614013671875,14.497100830078123,14.442718505859377,18.957763671875,34.30000019073486
2023-03-19 09:07:04,19.401222229003903,75.96385192871094,191.6015625,89.46969604492188,82.4000015258789,61.08940887451172,100.0,0.0,48.23228705794082,194055.0,17.27142333984375,16.80902099609375,18.223388671875,17.7882080078125,34.30000019073486
2023-03-19 09:07:05,19.37215042114257,75.96385192871094,191.43065643310547,89.46969604492188,82.4000015258789,61.08940887451172,100.0,0.0,47.98178846710895,194055.0,15.20428466796875,20.154510498046875,16.67303466796875,15.313079833984377,34.30000019073486
2023-03-19 09:07:06,19.331348419189453,76.02409362792969,191.4713516235352,89.46969604492188,82.80000305175781,61.08940887451172,100.0,0.0,47.74785504845788,194055.0,16.781829833984375,14.714691162109377,15.258682250976562,17.081024169921875,34.30000019073486
2023-03-19 09:07:07,19.313915252685547,76.02409362792969,191.65038299560547,89.54545593261719,82.20000457763672,61.08940887451172,100.0,0.0,49.649515793615166,194055.0,17.516204833984375,18.11459350585937,16.564239501953125,13.082763671875,34.30000019073486
2023-03-19 09:07:08,19.31437110900879,76.02409362792969,190.2750625610352,89.54545593261719,82.80000305175781,61.08940887451172,100.0,0.0,49.57048062899227,194055.0,11.042831420898438,17.026611328125,18.903350830078125,18.93055725097656,34.30000019073486
2023-03-19 09:07:09,19.332984924316406,75.96385192871094,190.5436172485352,89.54545593261719,82.30000305175781,61.08940887451172,100.0,0.0,49.82292356037637,194055.0,16.97222900390625,20.45370483398437,17.1898193359375,16.5914306640625,34.27500009536743
2023-03-19 09:07:10,19.336410522460938,75.96385192871094,190.1774139404297,89.46969604492188,82.5999984741211,61.08940887451172,100.0,0.0,48.67540685163163,194055.0,15.36749267578125,16.23785400390625,16.700225830078125,16.07464599609375,34.30000019073486
2023-03-19 09:07:11,19.3165340423584,75.96385192871094,192.1061172485352,89.46969604492188,81.80000305175781,61.08940887451172,100.0,0.0,50.73031698969541,194055.0,13.762741088867188,20.072906494140625,17.380218505859375,19.12094116210937,34.30000019073486
2023-03-19 09:07:12,19.31389045715332,76.02409362792969,190.4541015625,89.46969604492188,82.0999984741211,61.08940887451172,100.0,0.0,50.43393602692306,194055.0,16.020263671875,17.27142333984375,15.77545166015625,17.815399169921875,34.30000019073486
2023-03-19 09:07:13,19.319561004638672,76.02409362792969,190.7389297485352,89.46969604492188,82.0,61.08940887451172,100.0,0.0,48.02318932523936,194055.0,13.925933837890623,17.380218505859375,17.84259033203125,15.013885498046877,34.30000019073486
2023-03-19 09:07:14,19.303937911987305,76.02409362792969,189.04622650146484,89.54545593261719,81.80000305175781,61.08940887451172,100.0,0.0,47.62876082310697,194055.0,15.285888671875,15.476287841796877,11.96759033203125,17.516204833984375,34.30000019073486
2023-03-19 09:07:15,19.3078842163086,76.02409362792969,189.6484375,89.46969604492188,82.0999984741211,61.08940887451172,100.0,0.0,47.33155930143281,194055.0,12.674774169921877,14.1163330078125,18.495361328125,17.70660400390625,34.30000019073486
2023-03-19 09:07:16,19.328109741210938,76.02409362792969,190.7389297485352,89.54545593261719,82.30000305175781,61.08940887451172,100.0,0.0,49.06644399918844,194055.0,16.265045166015625,18.821746826171875,19.12094116210937,17.84259033203125,34.30000019073486
2023-03-19 09:07:17,19.384809494018555,76.02409362792969,190.1041717529297,89.54545593261719,81.80000305175781,61.08578872680664,100.0,0.0,48.93220379007722,194055.0,12.0491943359375,18.359375,14.551513671875,18.0601806640625,34.30000019073486
2023-03-19 09:07:18,19.43246078491211,76.02409362792969,191.33300018310547,89.54545593261719,82.5,61.08940887451172,100.0,0.0,47.67802839871907,194055.0,17.489013671875,19.85531616210937,16.836227416992188,16.97222900390625,34.30000019073486
2023-03-19 09:07:19,19.440073013305664,75.96385192871094,189.8112030029297,89.46969604492188,82.30000305175781,61.08940887451172,100.0,0.0,50.4931122308566,194055.0,14.9866943359375,17.70660400390625,17.162612915039062,15.50347900390625,34.30000019073486
2023-03-19 09:07:20,19.45086479187012,76.02409362792969,191.0563201904297,89.46969604492188,80.9000015258789,61.08940887451172,100.0,0.0,51.63895162266966,194055.0,17.13543701171875,16.67303466796875,16.999420166015625,17.244216918945312,34.30000019073486
2023-03-19 09:07:21,19.48130226135254,75.96385192871094,190.0065078735352,89.46969604492188,81.4000015258789,61.08940887451172,100.0,0.0,49.34333064449095,194055.0,15.14990234375,19.365753173828125,17.516204833984375,16.754638671875,34.30000019073486
2023-03-19 09:07:22,19.48155212402344,75.96385192871094,191.0400390625,89.46969604492188,81.0999984741211,61.08940887451172,100.0,0.0,50.704250287645976,194055.0,16.863433837890625,15.231475830078123,17.9241943359375,18.44097900390625,34.30000019073486
2023-03-19 09:07:23,19.480085372924805,76.02409362792969,189.87630462646484,89.46969604492188,82.5999984741211,61.08940887451172,100.0,0.0,48.42506752307681,194055.0,19.12095642089844,16.67303466796875,14.3883056640625,17.897003173828125,34.30000019073486
2023-03-19 09:07:24,19.47249794006348,76.02409362792969,191.6015625,89.54545593261719,82.4000015258789,61.08940887451172,100.0,0.0,48.497185821764425,194055.0,15.340286254882812,14.660308837890623,18.84896850585937,19.066558837890625,34.30000019073486
2023-03-19 09:07:25,19.495349884033203,76.02409362792969,189.9332733154297,89.46969604492188,82.9000015258789,61.08940887451172,100.0,0.0,47.73742312285336,194055.0,18.413787841796875,16.37384033203125,17.24420166015625,16.863433837890625,34.30000019073486
2023-03-19 09:07:26,19.493003845214844,76.02409362792969,190.91796875,89.46969604492188,82.70000457763672,61.08940887451172,100.0,0.0,47.944978878561805,194055.0,12.13079833984375,17.70660400390625,19.039352416992188,17.625,34.30000019073486
2023-03-19 09:07:27,19.45898056030273,76.02409362792969,190.1041641235352,89.54545593261719,81.5,61.08940887451172,100.0,0.0,49.04754036174871,194055.0,15.911468505859377,18.223388671875,15.666656494140623,16.07464599609375,34.30000019073486
2023-03-19 09:07:28,19.416051864624023,76.02409362792969,191.2353515625,89.54545593261719,82.0,61.08940887451172,100.0,0.0,49.75895896922503,194055.0,16.645843505859375,18.71295166015625,18.7945556640625,17.489013671875,34.30000019073486
2023-03-19 09:07:29,19.406265258789062,75.96385192871094,189.4693984985352,89.46969604492188,81.30000305175781,61.08940887451172,100.0,0.0,50.50585209728819,194055.0,16.10186767578125,18.032989501953125,14.76910400390625,16.210647583007812,34.30000019073486
2023-03-19 09:07:30,19.37684631347656,75.96385192871094,190.9830780029297,89.54545593261719,81.30000305175781,61.08940887451172,100.0,0.0,49.48164257123306,194055.0,14.442718505859377,18.74017333984375,13.817138671875,15.612274169921877,34.30000019073486
2023-03-19 09:07:31,19.35016632080078,75.96385192871094,189.80306243896484,89.54545593261719,82.0,61.08940887451172,100.0,0.0,49.12273914594886,194055.0,17.951400756835938,15.20428466796875,18.957763671875,19.284149169921875,34.27500009536743
2023-03-19 09:07:32,19.33323860168457,76.02409362792969,190.5192108154297,89.46969604492188,82.5,61.08940887451172,100.0,0.0,50.35060745240936,194055.0,17.1898193359375,20.72569274902344,16.537033081054688,19.3929443359375,34.30000019073486
2023-03-19 09:07:33,19.339216232299805,76.02409362792969,188.4114608764648,89.46969604492188,82.5,61.08940887451172,100.0,0.0,49.01586142027882,194055.0,12.973968505859377,16.210662841796875,19.88252258300781,21.32406616210937,34.30000019073486
2023-03-19 09:07:34,19.347097396850582,76.02409362792969,190.9261093139648,89.46969604492188,81.19999694824219,61.08940887451172,100.0,0.0,51.67373756722442,194055.0,17.325820922851562,22.629638671875,16.210647583007812,14.007522583007812,34.30000019073486
2023-03-19 09:07:35,19.34406280517578,75.96385192871094,190.673828125,89.46969604492188,81.80000305175781,61.08940887451172,100.0,0.0,49.888262212256926,194055.0,15.7210693359375,16.97222900390625,16.23785400390625,17.40740966796875,34.30000019073486
2023-03-19 09:07:36,19.3215274810791,75.96385192871094,190.2262420654297,89.46969604492188,82.20000457763672,61.08940887451172,100.0,0.0,49.03776972362907,194055.0,15.80267333984375,20.45370483398437,18.6585693359375,15.63946533203125,34.30000019073486
2023-03-19 09:07:37,19.3321475982666,75.96385192871094,189.7379531860352,89.46969604492188,82.30000305175781,61.08940887451172,100.0,0.0,47.91084387298528,194055.0,14.143524169921877,17.3258056640625,18.6585693359375,18.41377258300781,34.30000019073486
2023-03-19 09:07:38,19.33682441711425,76.02409362792969,190.9830780029297,89.46969604492188,82.0999984741211,61.08940887451172,100.0,0.0,48.84220825177193,194055.0,18.11459350585937,16.754638671875,15.421875,14.633102416992188,34.30000019073486
2023-03-19 09:07:39,19.332422256469727,76.08434295654297,188.8102264404297,89.46969604492188,80.29999542236328,61.08578872680664,100.0,0.0,53.277984071638656,194055.0,13.708343505859377,17.489013671875,14.850692749023438,14.741897583007812,34.30000019073486
2023-03-19 09:07:40,19.34518241882324,76.02409362792969,189.5263748168945,89.46969604492188,81.30000305175781,61.08940887451172,100.0,0.0,49.523481956573214,194055.0,14.877899169921877,16.999420166015625,20.2633056640625,18.087387084960938,34.30000019073486
2023-03-19 09:07:41,19.36465835571289,76.02409362792969,189.9332733154297,89.46969604492188,81.5,61.08940887451172,100.0,0.0,50.03208588332237,194055.0,12.86517333984375,18.903350830078125,17.053817749023438,14.497100830078123,34.30000019073486
2023-03-19 09:07:42,19.39960670471192,75.96385192871094,190.7470703125,89.54545593261719,82.0999984741211,61.08940887451172,100.0,0.0,48.42901171479917,194055.0,16.346649169921875,16.83624267578125,17.217010498046875,19.447341918945312,34.30000019073486
2023-03-19 09:07:43,19.412425994873047,75.96385192871094,191.17024993896484,89.46969604492188,82.80000305175781,61.08578872680664,100.0,0.0,47.235021029305045,194055.0,18.468170166015625,21.21527099609375,18.495361328125,15.5850830078125,34.30000019073486
2023-03-19 09:07:44,19.391300201416016,75.96385192871094,190.5924453735352,89.46969604492188,82.20000457763672,61.08940887451172,100.0,0.0,47.91922492280133,194055.0,16.945037841796875,18.495361328125,17.271408081054688,16.101852416992188,34.30000019073486
2023-03-19 09:07:45,19.3896598815918,76.02409362792969,188.6881561279297,89.46969604492188,81.5,61.08940887451172,100.0,0.0,49.035349426693465,194055.0,14.306732177734377,20.20892333984375,19.74652099609375,13.844329833984377,34.27500009536743
2023-03-19 09:07:46,19.40745735168457,76.02409362792969,188.6149063110352,89.46969604492188,81.4000015258789,61.08940887451172,100.0,0.0,51.00987538497176,194055.0,15.013900756835938,17.84259033203125,13.817138671875,17.54339599609375,34.30000019073486
2023-03-19 09:07:47,19.41158866882324,76.02409362792969,190.2669219970703,89.46969604492188,82.20000457763672,61.08940887451172,100.0,0.0,47.66178323189644,194055.0,13.5179443359375,15.7210693359375,21.487274169921875,15.7210693359375,34.30000019073486
2023-03-19 09:07:48,19.42635154724121,75.96385192871094,189.8356170654297,89.46969604492188,81.5,61.08940887451172,100.0,0.0,49.315259308220135,194055.0,12.56597900390625,16.97222900390625,12.130783081054688,19.692138671875,34.30000019073486
2023-03-19 09:07:49,19.441761016845703,75.96385192871094,189.2089920043945,89.46969604492188,81.19999694824219,61.08940887451172,100.0,0.0,48.59925535770241,194055.0,13.89874267578125,18.38656616210937,17.652191162109375,18.5225830078125,34.30000019073486
2023-03-19 09:07:50,19.45920181274414,76.02409362792969,189.2985000610352,89.46969604492188,82.0,61.08940887451172,100.0,0.0,45.75826608820467,194055.0,16.809036254882812,18.14178466796875,14.46990966796875,17.434600830078125,34.30000019073486
2023-03-19 09:07:51,19.46494102478028,76.02409362792969,191.0888671875,89.46969604492188,82.5,61.08940887451172,100.0,0.0,46.40767243478468,194055.0,16.15625,19.066558837890625,17.380218505859375,19.039352416992188,34.30000019073486
2023-03-19 09:07:52,19.44665908813477,76.02409362792969,188.9729766845703,89.54545593261719,82.0999984741211,61.08940887451172,100.0,0.0,49.387789988867794,194055.0,16.183456420898438,15.748260498046877,17.896987915039062,20.8616943359375,34.30000019073486
2023-03-19 09:07:53,19.4411563873291,76.02409362792969,190.3320388793945,89.54545593261719,81.19999694824219,61.08940887451172,100.0,0.0,51.0625192477213,194055.0,13.762741088867188,18.549774169921875,17.788192749023438,16.37384033203125,34.30000019073486
2023-03-19 09:07:54,19.45044136047364,75.96385192871094,189.43685150146484,89.46969604492188,81.80000305175781,61.08940887451172,100.0,0.0,49.43392903039361,194055.0,18.196197509765625,14.089111328125,17.951385498046875,18.87615966796875,34.30000019073486
2023-03-19 09:07:55,19.432519912719727,75.96385192871094,189.6972732543945,89.46969604492188,81.4000015258789,61.08940887451172,100.0,0.0,48.65007949854327,194055.0,17.434616088867188,15.557861328125,17.298614501953125,16.265045166015625,34.30000019073486
2023-03-19 09:07:56,19.426393508911133,76.02409362792969,189.41243743896484,89.46969604492188,81.19999694824219,61.08940887451172,100.0,0.0,50.88012292556965,194055.0,12.484375,14.279510498046877,19.501739501953125,16.700225830078125,34.30000019073486
2023-03-19 09:07:57,19.422718048095703,76.08434295654297,189.5670547485352,89.46969604492188,81.5,61.08940887451172,100.0,0.0,51.86160704728561,194055.0,14.46990966796875,19.229736328125,11.994781494140623,16.618637084960938,34.30000019073486
2023-03-19 09:07:58,19.445480346679688,76.02409362792969,190.4459609985352,89.46969604492188,82.4000015258789,61.08940887451172,100.0,0.0,48.27970986260759,194055.0,14.9866943359375,16.292236328125,20.807281494140625,15.449066162109377,34.30000019073486
2023-03-19 09:07:59,19.461912155151367,75.96385192871094,190.73079681396484,89.46969604492188,82.30000305175781,61.08940887451172,100.0,0.0,51.44408406131651,194055.0,20.698516845703125,20.34490966796875,16.618621826171875,16.020263671875,34.30000019073486
2023-03-19 09:08:00,19.442821502685547,75.90361022949219,190.7796173095703,89.54545593261719,82.80000305175781,61.08940887451172,100.0,0.0,49.09433786053615,194055.0,15.557891845703123,18.821746826171875,18.549774169921875,18.25057983398437,34.30000019073486
2023-03-19 09:08:01,19.406492233276367,75.96385192871094,189.1031875610352,89.54545593261719,81.80000305175781,61.08940887451172,100.0,0.0,50.16427392511404,194055.0,17.40740966796875,14.497100830078123,17.896987915039062,17.10821533203125,34.30000019073486
2023-03-19 09:08:02,19.41044235229492,76.02409362792969,189.31478118896484,89.54545593261719,82.5999984741211,61.08940887451172,100.0,0.0,48.08236993623254,194055.0,13.327545166015623,16.7274169921875,16.047454833984375,17.40740966796875,34.30000019073486
2023-03-19 09:08:03,19.39380645751953,76.02409362792969,189.0380859375,89.46969604492188,81.9000015258789,61.08940887451172,100.0,0.0,48.51616345100384,194055.0,14.959503173828123,17.869781494140625,16.292236328125,13.817138671875,34.30000019073486
2023-03-19 09:08:04,19.384498596191406,76.02409362792969,189.14388275146484,89.46969604492188,81.5999984741211,61.08940887451172,100.0,0.0,48.623565048322064,194055.0,14.089141845703123,18.57696533203125,16.781829833984375,17.625,34.30000019073486
2023-03-19 09:08:05,19.374940872192383,76.02409362792969,189.02181243896484,89.46969604492188,81.5999984741211,61.08940887451172,100.0,0.0,48.95604589030827,194055.0,13.545150756835938,19.90972900390625,16.727432250976562,14.714691162109377,34.30000019073486
2023-03-19 09:08:06,19.378047943115234,75.96385192871094,189.24153900146484,89.46969604492188,81.5,61.08940887451172,100.0,0.0,48.14010050318524,194055.0,15.231491088867188,19.692138671875,13.21875,14.03472900390625,34.30000019073486
2023-03-19 09:08:07,19.37527656555176,76.02409362792969,189.892578125,89.54545593261719,82.0,61.08940887451172,100.0,0.0,48.59557816449231,194055.0,14.551513671875,17.3258056640625,18.468170166015625,18.495361328125,34.30000019073486
2023-03-19 09:08:08,19.364103317260746,76.08434295654297,189.74609375,89.54545593261719,81.0,61.08940887451172,100.0,0.0,52.8017123494452,194055.0,15.476287841796877,20.34490966796875,11.423614501953123,17.652191162109375,34.27500009536743
2023-03-19 09:08:09,19.339582443237305,76.02409362792969,191.50390625,89.54545593261719,82.70000457763672,61.08940887451172,100.0,0.0,48.20283690209518,194055.0,12.103607177734377,19.88252258300781,17.3258056640625,15.666671752929688,34.30000019073486
2023-03-19 09:08:10,19.34921836853028,75.90361022949219,189.3798828125,89.46969604492188,81.9000015258789,61.08940887451172,100.0,0.0,50.8697166156886,194055.0,17.543411254882812,19.828125,13.490737915039062,17.081024169921875,34.30000019073486
2023-03-19 09:08:11,19.346969604492188,75.96385192871094,189.37987518310547,89.46969604492188,83.0999984741211,61.08940887451172,100.0,0.0,47.868684257640254,194055.0,14.524322509765623,19.202545166015625,18.6585693359375,18.14178466796875,34.30000019073486
2023-03-19 09:08:12,19.34516716003418,75.96385192871094,189.26595306396484,89.46969604492188,81.5,61.08940887451172,100.0,0.0,49.94367133980298,194055.0,15.857070922851562,14.9866943359375,14.6875,17.9241943359375,34.30000019073486
2023-03-19 09:08:13,19.35169792175293,76.02409362792969,188.64745330810547,89.54545593261719,80.9000015258789,61.08940887451172,100.0,0.0,50.12283430202044,194055.0,15.313079833984377,20.31771850585937,18.87615966796875,15.63946533203125,34.30000019073486
2023-03-19 09:08:14,19.36255073547364,76.08434295654297,189.2252655029297,89.46969604492188,82.0999984741211,61.08940887451172,100.0,0.0,48.4526898495235,194055.0,17.35302734375,18.00579833984375,18.359375,12.593170166015623,34.27500009536743
2023-03-19 09:08:15,19.382095336914062,76.02409362792969,188.916015625,89.46969604492188,81.69999694824219,61.08940887451172,100.0,0.0,49.05747092050621,194055.0,13.89874267578125,16.401031494140625,20.48089599609375,17.951385498046875,34.30000019073486
2023-03-19 09:08:16,19.397571563720703,76.02409362792969,190.36458587646484,89.46969604492188,82.5,61.08940887451172,100.0,0.0,47.59647928192903,194055.0,16.210662841796875,15.77545166015625,17.652191162109375,16.754638671875,34.27500009536743
2023-03-19 09:08:17,19.384275436401367,75.96385192871094,188.72884368896484,89.46969604492188,81.5,61.08940887451172,100.0,0.0,50.5365156529954,194055.0,14.2523193359375,19.284149169921875,14.932281494140623,15.313079833984377,34.27500009536743
2023-03-19 09:08:18,19.38035011291504,76.02409362792969,190.087890625,89.46969604492188,82.20000457763672,61.08940887451172,100.0,0.0,49.524832827061815,194055.0,17.543411254882812,18.332183837890625,16.047454833984375,18.6585693359375,34.30000019073486
2023-03-19 09:08:19,19.37760734558105,75.96385192871094,188.671875,89.46969604492188,82.5,61.08940887451172,100.0,0.0,47.52337248277392,194055.0,15.7210693359375,17.380218505859375,18.25057983398437,19.17535400390625,34.27500009536743
2023-03-19 09:08:20,19.371341705322266,76.02409362792969,190.0716094970703,89.54545593261719,82.30000305175781,61.08940887451172,100.0,0.0,48.87314341775959,194055.0,10.79803466796875,21.78646850585937,16.999420166015625,20.1273193359375,34.27500009536743
2023-03-19 09:08:21,19.380783081054688,75.96385192871094,188.4928359985352,89.54545593261719,80.5,61.08940887451172,100.0,0.0,52.88328118024877,194055.0,15.476287841796877,12.620361328125,16.101852416992188,18.549774169921875,34.27500009536743
2023-03-19 09:08:22,19.390180587768555,76.02409362792969,189.7705078125,89.54545593261719,80.4000015258789,61.08940887451172,100.0,0.0,48.59049399672773,194055.0,12.86517333984375,20.508102416992188,15.177093505859377,14.90509033203125,34.30000019073486
2023-03-19 09:08:23,19.41621780395508,76.02409362792969,190.0146560668945,89.46969604492188,82.4000015258789,61.08940887451172,100.0,0.0,46.44699180426908,194055.0,17.081024169921875,19.12094116210937,16.537033081054688,16.265045166015625,34.27500009536743
2023-03-19 09:08:24,19.44181632995605,76.02409362792969,188.68001556396484,89.46969604492188,82.0999984741211,61.08940887451172,100.0,0.0,51.581712491897726,194055.0,15.857070922851562,17.081024169921875,15.34027099609375,19.637725830078125,34.30000019073486
2023-03-19 09:08:25,19.429067611694336,75.96385192871094,189.3717498779297,89.46969604492188,82.0,61.08940887451172,100.0,0.0,49.1032616245127,194055.0,15.041107177734377,20.2633056640625,20.018524169921875,15.693878173828123,34.27500009536743
2023-03-19 09:08:26,19.42890739440918,75.96385192871094,189.3798828125,89.46969604492188,82.5999984741211,61.08940887451172,100.0,0.0,48.40516876370646,194055.0,15.93865966796875,15.77545166015625,18.19618225097656,16.3194580078125,34.27500009536743
2023-03-19 09:08:27,19.44440460205078,76.02409362792969,189.9088516235352,89.46969604492188,81.9000015258789,61.08940887451172,100.0,0.0,50.14041693985405,194055.0,16.917831420898438,18.38656616210937,17.9241943359375,14.932296752929688,34.27500009536743
2023-03-19 09:08:28,19.44842338562012,76.02409362792969,188.86717987060547,89.46969604492188,82.80000305175781,61.08940887451172,100.0,0.0,47.95286534939427,194055.0,17.489013671875,16.292236328125,15.63946533203125,19.637725830078125,34.30000019073486
2023-03-19 09:08:29,19.46006393432617,76.02409362792969,190.1692657470703,89.54545593261719,80.69999694824219,61.08940887451172,100.0,0.0,51.35800188930789,194055.0,13.653945922851562,22.08564758300781,13.57232666015625,13.6539306640625,34.30000019073486
2023-03-19 09:08:30,19.4607048034668,75.96385192871094,189.8112030029297,89.54545593261719,80.80000305175781,61.08940887451172,100.0,0.0,51.16738132477324,194055.0,16.863433837890625,13.87152099609375,17.733795166015625,14.279510498046877,34.30000019073486
2023-03-19 09:08:31,19.47697830200196,75.96385192871094,190.82845306396484,89.54545593261719,81.69999694824219,61.08940887451172,100.0,0.0,46.961643124361366,194055.0,12.620391845703123,19.03936767578125,16.564239501953125,15.367477416992188,34.27500009536743
2023-03-19 09:08:32,19.480365753173828,75.96385192871094,192.1793594360352,89.46969604492188,82.0,61.08940887451172,100.0,0.0,50.15713672789324,194055.0,14.905105590820312,18.903350830078125,18.604156494140625,16.210647583007812,34.27500009536743
2023-03-19 09:08:33,19.45788955688477,76.02409362792969,190.9098358154297,89.46969604492188,81.19999694824219,61.08940887451172,100.0,0.0,50.25565184386903,194055.0,17.217025756835938,15.313079833984377,16.537033081054688,16.645843505859375,34.27500009536743
2023-03-19 09:08:34,19.424272537231445,76.02409362792969,194.04296875,89.46969604492188,82.5,61.08940887451172,100.0,0.0,48.29677335224682,194055.0,13.082763671875,18.11459350585937,17.597808837890625,13.681137084960938,34.27500009536743
2023-03-19 09:08:35,19.42081642150879,75.96385192871094,193.83138275146484,89.46969604492188,82.70000457763672,61.08940887451172,100.0,0.0,46.85476808764714,194055.0,18.576980590820312,16.129058837890625,15.149871826171877,15.63946533203125,34.30000019073486
2023-03-19 09:08:36,19.406816482543945,75.96385192871094,194.6940155029297,89.46969604492188,81.19999694824219,61.08940887451172,100.0,0.0,51.6676528323368,194055.0,11.722808837890623,19.773727416992188,21.106475830078125,14.279510498046877,34.30000019073486
2023-03-19 09:08:37,19.401477813720703,75.96385192871094,193.2942657470703,89.54545593261719,81.69999694824219,61.08940887451172,100.0,0.0,48.92510068362426,194055.0,15.965866088867188,14.497100830078123,13.381942749023438,18.7945556640625,34.27500009536743
2023-03-19 09:08:38,19.397336959838867,76.02409362792969,190.53548431396484,89.54545593261719,82.0,61.08940887451172,100.0,0.0,48.20729954037404,194055.0,12.103607177734377,20.34490966796875,18.359375,16.210647583007812,34.27500009536743
2023-03-19 09:08:39,19.406970977783203,76.02409362792969,193.0419921875,89.46969604492188,82.30000305175781,61.08940887451172,100.0,0.0,47.67815372464752,194055.0,13.89874267578125,16.700225830078125,18.332183837890625,18.495361328125,34.27500009536743
2023-03-19 09:08:40,19.40927696228028,76.08434295654297,192.97689056396484,89.46969604492188,81.5999984741211,61.08940887451172,100.0,0.0,48.66586861642103,194055.0,10.417266845703123,22.41204833984375,14.442718505859377,18.0601806640625,34.27500009536743
2023-03-19 09:08:41,19.385534286499023,75.96385192871094,193.4000625610352,89.46969604492188,81.69999694824219,61.08940887451172,100.0,0.0,48.96373131654198,194055.0,14.361114501953123,20.64410400390625,17.10821533203125,13.6539306640625,34.30000019073486
2023-03-19 09:08:42,19.350643157958984,75.90361022949219,191.9677734375,89.54545593261719,81.4000015258789,61.08940887451172,100.0,0.0,46.97142935997027,194055.0,16.047454833984375,17.516204833984375,15.829864501953123,14.76910400390625,34.30000019073486
2023-03-19 09:08:43,19.337194442749023,75.96385192871094,192.578125,89.54545593261719,81.80000305175781,61.08940887451172,100.0,0.0,49.83774127293454,194055.0,16.074661254882812,15.80267333984375,19.501739501953125,15.394683837890623,34.30000019073486
2023-03-19 09:08:44,19.31695556640625,76.02409362792969,191.9596328735352,89.54545593261719,82.20000457763672,61.08940887451172,100.0,0.0,48.52033295390993,194055.0,14.497116088867188,16.37384033203125,16.101852416992188,18.25057983398437,34.27500009536743
2023-03-19 09:08:45,19.31425666809082,76.08434295654297,193.44075775146484,89.46969604492188,81.69999694824219,61.08940887451172,100.0,0.0,49.11534476838524,194055.0,15.775482177734377,20.154510498046875,18.304977416992188,17.679397583007812,34.27500009536743
2023-03-19 09:08:46,19.326215744018555,76.02409362792969,192.6350860595703,89.46969604492188,81.80000305175781,61.08940887451172,100.0,0.0,48.89697747930595,194055.0,17.978607177734375,17.1898193359375,14.6875,13.572341918945312,34.27500009536743
2023-03-19 09:08:47,19.343721389770508,75.96385192871094,192.7164688110352,89.46969604492188,82.30000305175781,61.08940887451172,100.0,0.0,48.90569600838362,194055.0,14.660308837890623,15.77545166015625,17.217010498046875,16.890625,34.30000019073486
2023-03-19 09:08:48,19.35902976989746,75.90361022949219,192.87109375,89.46969604492188,82.5999984741211,61.08940887451172,100.0,0.0,47.17312381529831,194055.0,15.5850830078125,18.5225830078125,13.599533081054688,17.27142333984375,34.27500009536743
2023-03-19 09:08:49,19.356401443481445,76.02409362792969,192.5455703735352,89.54545593261719,82.20000457763672,61.08940887451172,100.0,0.0,49.06143464603877,194055.0,15.50347900390625,16.863433837890625,16.183441162109375,16.37384033203125,34.27500009536743
2023-03-19 09:08:50,19.333925247192383,76.08434295654297,193.02571868896484,89.54545593261719,82.9000015258789,61.08940887451172,100.0,0.0,49.25215958692039,194055.0,14.46990966796875,18.549774169921875,19.90972900390625,13.30035400390625,34.27500009536743
2023-03-19 09:08:51,19.348052978515625,76.02409362792969,193.0338592529297,89.54545593261719,82.0,61.08940887451172,100.0,0.0,49.77546758896335,194055.0,12.293991088867188,17.352996826171875,19.71932983398437,16.265045166015625,34.27500009536743
2023-03-19 09:08:52,19.372020721435547,75.96385192871094,192.8222732543945,89.54545593261719,81.9000015258789,61.08940887451172,100.0,0.0,50.0579494862314,194055.0,19.9913330078125,17.026611328125,16.15625,15.63946533203125,34.27500009536743
2023-03-19 09:08:53,19.393123626708984,75.96385192871094,191.8538360595703,89.46969604492188,82.20000457763672,61.08940887451172,100.0,0.0,47.73445830090183,194055.0,12.56597900390625,17.217010498046875,16.346649169921875,16.23785400390625,34.27500009536743
2023-03-19 09:08:54,19.42101287841797,76.02409362792969,191.96776580810547,89.46969604492188,82.5999984741211,61.08940887451172,100.0,0.0,48.47389602486849,194055.0,16.3194580078125,19.202545166015625,14.959487915039062,15.80267333984375,34.27500009536743
2023-03-19 09:08:55,19.419898986816406,75.96385192871094,192.3014297485352,89.46969604492188,82.4000015258789,61.08940887451172,100.0,0.0,48.57644363077781,194055.0,13.73553466796875,19.03936767578125,17.380218505859375,15.93865966796875,34.27500009536743
2023-03-19 09:08:56,19.42115020751953,75.96385192871094,192.2037811279297,89.46969604492188,81.9000015258789,61.08940887451172,100.0,0.0,51.42624193255025,194055.0,12.457183837890623,17.10821533203125,14.497100830078123,20.916091918945312,34.27500009536743
2023-03-19 09:08:57,19.43074417114257,75.96385192871094,191.02376556396484,89.54545593261719,81.19999694824219,61.08940887451172,100.0,0.0,47.890993752420925,194055.0,14.76910400390625,15.63946533203125,18.005783081054688,15.231475830078123,34.27500009536743
2023-03-19 09:08:58,19.43101692199707,76.02409362792969,191.30859375,89.54545593261719,82.0,61.08940887451172,100.0,0.0,46.07397857893571,194055.0,14.2523193359375,15.748260498046877,17.352996826171875,17.869796752929688,34.27500009536743
2023-03-19 09:08:59,19.44672393798828,76.02409362792969,191.5283203125,89.54545593261719,81.80000305175781,61.08940887451172,100.0,0.0,50.78568254959647,194055.0,16.61865234375,15.5850830078125,17.489013671875,16.727432250976562,34.27500009536743
2023-03-19 09:09:00,19.465538024902344,76.02409362792969,192.7490234375,89.54545593261719,82.0,61.08940887451172,100.0,0.0,49.66830600375404,194055.0,11.233230590820312,15.8570556640625,17.081024169921875,18.38656616210937,34.27500009536743
2023-03-19 09:09:01,19.476303100585938,76.02409362792969,191.6422500610352,89.46969604492188,81.5,61.08940887451172,100.0,0.0,49.78328994303505,194055.0,15.041107177734377,19.25694274902344,18.740158081054688,13.762725830078123,34.27500009536743
2023-03-19 09:09:02,19.490869522094727,76.02409362792969,190.9016876220703,89.46969604492188,81.80000305175781,61.08940887451172,100.0,0.0,48.89622578086002,194055.0,15.449081420898438,18.032989501953125,15.068283081054688,18.957763671875,34.30000019073486
2023-03-19 09:09:03,19.488813400268555,75.96385192871094,193.44075775146484,89.46969604492188,82.5,61.08940887451172,100.0,0.0,48.812166297652,194055.0,14.578704833984377,20.888885498046875,20.34490966796875,15.013885498046877,34.27500009536743
2023-03-19 09:09:04,19.50130081176757,75.96385192871094,192.5699844360352,89.54545593261719,81.80000305175781,61.08940887451172,100.0,0.0,49.09372066424513,194055.0,19.71932983398437,17.10821533203125,12.26678466796875,19.556137084960938,34.27500009536743
2023-03-19 09:09:05,19.49478340148925,76.02409362792969,192.0572967529297,89.54545593261719,82.4000015258789,61.08940887451172,100.0,0.0,50.00745385842964,194055.0,13.59954833984375,19.964111328125,17.760986328125,15.748260498046877,34.27500009536743
2023-03-19 09:09:06,19.442163467407227,75.96385192871094,191.5120391845703,89.54545593261719,81.0,61.08940887451172,100.0,0.0,49.60260800901141,194055.0,18.903366088867188,14.1163330078125,15.585067749023438,15.7210693359375,34.27500009536743
2023-03-19 09:09:07,19.39047241210937,76.02409362792969,192.80599212646484,89.54545593261719,82.20000457763672,61.08940887451172,100.0,0.0,48.60147457376372,194055.0,13.844329833984377,18.84896850585937,18.005783081054688,15.421875,34.27500009536743
2023-03-19 09:09:08,19.35236549377441,76.02409362792969,191.8375701904297,89.54545593261719,81.4000015258789,61.08940887451172,100.0,0.0,50.553429442098256,194055.0,13.68115234375,16.183441162109375,18.38656616210937,16.67303466796875,34.27500009536743
2023-03-19 09:09:09,19.331974029541016,75.96385192871094,191.9108047485352,89.54545593261719,81.9000015258789,61.08940887451172,100.0,0.0,46.85042852257634,194055.0,16.83624267578125,19.066558837890625,14.6875,18.00579833984375,34.27500009536743
2023-03-19 09:09:10,19.39126205444336,75.96385192871094,191.9677734375,89.54545593261719,82.80000305175781,61.08940887451172,100.0,0.0,49.001295220843616,194055.0,14.170730590820312,14.8507080078125,20.752899169921875,15.748260498046877,34.27500009536743
2023-03-19 09:09:11,19.4237117767334,76.02409362792969,191.56087493896484,89.46969604492188,82.30000305175781,61.08940887451172,100.0,0.0,48.59981535051537,194055.0,18.631378173828125,15.77545166015625,12.538772583007812,17.353012084960938,34.27500009536743
2023-03-19 09:09:12,19.43253326416016,76.08434295654297,193.6279296875,89.46969604492188,82.20000457763672,61.08940887451172,100.0,0.0,48.87824143198768,194055.0,11.777206420898438,18.14178466796875,17.760986328125,16.700225830078125,34.27500009536743
2023-03-19 09:09:13,19.417037963867188,76.08434295654297,191.7236404418945,89.46969604492188,81.80000305175781,61.08940887451172,100.0,0.0,48.458596755244535,194055.0,16.428253173828125,17.97857666015625,11.178817749023438,14.9866943359375,34.27500009536743
2023-03-19 09:09:14,19.371400833129883,75.96385192871094,191.5283279418945,89.54545593261719,82.0999984741211,61.08940887451172,100.0,0.0,49.8894401671965,194055.0,10.934036254882812,15.63946533203125,18.359375,16.3194580078125,34.27500009536743
2023-03-19 09:09:15,19.32310676574707,75.96385192871094,190.7470779418945,89.54545593261719,81.9000015258789,61.08940887451172,100.0,0.0,49.29171345845516,194055.0,16.265045166015625,17.3258056640625,13.681121826171877,18.14178466796875,34.27500009536743
2023-03-19 09:09:16,19.29668426513672,75.96385192871094,190.99935150146484,89.46969604492188,82.0,61.08940887451172,100.0,0.0,50.00600967478566,194055.0,16.265045166015625,14.877899169921877,17.516204833984375,17.951385498046875,34.27500009536743
2023-03-19 09:09:17,19.281288146972656,76.02409362792969,191.91893768310547,89.46969604492188,82.5,61.08940887451172,100.0,0.0,50.09629369940374,194055.0,17.244232177734375,19.202545166015625,18.0601806640625,17.353012084960938,34.27500009536743
2023-03-19 09:09:18,19.30304527282715,76.02409362792969,191.04003143310547,89.46969604492188,81.9000015258789,61.08940887451172,100.0,0.0,49.3101304252667,194055.0,15.7210693359375,16.7274169921875,12.293975830078123,11.804397583007812,34.27500009536743
2023-03-19 09:09:19,19.328275680541992,76.02409362792969,191.6585235595703,89.46969604492188,83.0999984741211,61.08940887451172,100.0,0.0,46.71056801922874,194055.0,16.917831420898438,16.7274169921875,19.501739501953125,16.4554443359375,34.27500009536743
2023-03-19 09:09:20,19.35060310363769,76.02409362792969,192.5048828125,89.46969604492188,82.0,61.08940887451172,100.0,0.0,49.40714926898584,194055.0,17.679412841796875,19.800933837890625,14.3883056640625,16.129058837890625,34.27500009536743
2023-03-19 09:09:21,19.37241554260254,75.96385192871094,191.0644607543945,89.54545593261719,81.69999694824219,61.08940887451172,100.0,0.0,50.59135971486872,194055.0,18.08740234375,18.631378173828125,20.04571533203125,14.442718505859377,34.27500009536743
2023-03-19 09:09:22,19.39737319946289,75.96385192871094,190.1285781860352,89.54545593261719,81.30000305175781,61.08940887451172,100.0,0.0,50.14702929553256,194055.0,18.930572509765625,15.04107666015625,13.925933837890623,17.54339599609375,34.27500009536743
2023-03-19 09:09:23,19.407745361328125,75.96385192871094,191.6259765625,89.54545593261719,82.20000457763672,61.08940887451172,100.0,0.0,48.04622875039507,194055.0,17.597808837890625,18.5225830078125,16.401031494140625,17.081024169921875,34.27500009536743
2023-03-19 09:09:24,19.431228637695312,76.02409362792969,190.99935150146484,89.46969604492188,82.30000305175781,61.08940887451172,100.0,0.0,48.88728635708649,194055.0,17.40740966796875,14.33392333984375,15.313079833984377,17.026611328125,34.27500009536743
2023-03-19 09:09:25,19.45169258117676,76.02409362792969,191.8131484985352,89.46969604492188,82.4000015258789,61.08940887451172,100.0,0.0,49.314787804111056,194055.0,13.46356201171875,16.781829833984375,16.292236328125,15.884262084960938,34.27500009536743
2023-03-19 09:09:26,19.475648880004883,76.02409362792969,191.0644607543945,89.46969604492188,82.9000015258789,61.08940887451172,100.0,0.0,47.8390816473733,194055.0,15.7210693359375,15.693878173828123,18.7945556640625,14.143524169921877,34.27500009536743
2023-03-19 09:09:27,19.530187606811523,76.02409362792969,191.5771484375,89.54545593261719,82.4000015258789,61.08940887451172,100.0,0.0,49.05982092971268,194055.0,12.973968505859377,16.7274169921875,18.6585693359375,17.298614501953125,34.27500009536743
2023-03-19 09:09:28,19.57950782775879,75.96385192871094,193.0989532470703,89.54545593261719,82.5999984741211,61.08940887451172,100.0,0.0,51.756014558170286,194055.0,19.066558837890625,19.47454833984375,15.612274169921877,17.461807250976562,34.27500009536743
2023-03-19 09:09:29,19.63214492797852,75.96385192871094,190.2099609375,89.54545593261719,82.0999984741211,61.08940887451172,100.0,0.0,46.397013358142665,194055.0,14.6875,18.6585693359375,16.67303466796875,18.304977416992188,34.27500009536743
2023-03-19 09:09:30,19.650529861450195,76.02409362792969,190.0390625,89.54545593261719,81.5,61.08940887451172,100.0,0.0,48.01543299480507,194055.0,17.162628173828125,15.8570556640625,15.7210693359375,15.313079833984377,34.27500009536743
2023-03-19 09:09:31,19.620174407958984,75.96385192871094,190.45409393310547,89.46969604492188,80.9000015258789,61.08940887451172,100.0,0.0,48.87910783540019,194055.0,11.614013671875,18.631378173828125,17.625,16.863433837890625,34.27500009536743
2023-03-19 09:09:32,19.58458709716797,76.02409362792969,189.82747650146484,89.46969604492188,81.80000305175781,61.08940887451172,100.0,0.0,48.07151641747088,194055.0,12.919570922851562,17.57061767578125,13.21875,16.101852416992188,34.27500009536743
2023-03-19 09:09:33,19.56511116027832,75.96385192871094,191.2272109985352,89.46969604492188,82.30000305175781,61.08940887451172,100.0,0.0,45.79505511587187,194055.0,13.871536254882812,18.57696533203125,14.9866943359375,16.23785400390625,34.27500009536743
2023-03-19 09:09:34,19.53594017028809,76.02409362792969,191.2027969360352,89.54545593261719,82.70000457763672,61.08940887451172,100.0,0.0,47.80798361018579,194056.0,14.6875,19.202545166015625,14.442718505859377,16.5914306640625,34.27500009536743
2023-03-19 09:09:35,19.53514862060547,76.02409362792969,191.43880462646484,89.46969604492188,82.0999984741211,61.08940887451172,100.0,0.0,48.935382331886096,194056.0,16.346649169921875,18.087371826171875,18.25057983398437,17.081024169921875,34.27500009536743
2023-03-19 09:09:36,19.52808380126953,75.96385192871094,190.8447265625,89.46969604492188,81.80000305175781,61.08940887451172,100.0,0.0,45.03998128602879,194056.0,13.762741088867188,17.3258056640625,15.93865966796875,18.93055725097656,34.27500009536743
2023-03-19 09:09:37,19.531700134277344,76.02409362792969,190.9505233764648,89.46969604492188,82.30000305175781,61.08940887451172,100.0,0.0,48.3462173137416,194056.0,16.292266845703125,16.10186767578125,14.60589599609375,15.095489501953123,34.27500009536743
2023-03-19 09:09:38,19.508882522583008,75.96385192871094,192.58626556396484,89.54545593261719,82.5999984741211,61.08940887451172,100.0,0.0,47.41175817266512,194056.0,16.67303466796875,18.1961669921875,18.332183837890625,18.5225830078125,34.27500009536743
2023-03-19 09:09:39,19.452709197998047,76.02409362792969,192.1142578125,89.54545593261719,82.30000305175781,61.08940887451172,100.0,0.0,49.433171987902135,194056.0,18.576980590820312,18.168975830078125,17.380218505859375,16.700225830078125,34.27500009536743
2023-03-19 09:09:40,19.3633975982666,76.02409362792969,190.72265625,89.46969604492188,81.9000015258789,61.08940887451172,100.0,0.0,49.16603876064976,194056.0,12.321197509765623,18.11459350585937,17.380218505859375,20.7257080078125,34.27500009536743
2023-03-19 09:09:41,19.288816452026367,75.96385192871094,190.1204452514648,89.46969604492188,82.0,61.08940887451172,100.0,0.0,48.03620862275343,194056.0,16.564239501953125,14.03472900390625,16.292236328125,15.313079833984377,34.27500009536743
2023-03-19 09:09:42,19.22791290283203,76.02409362792969,190.5924453735352,89.46969604492188,81.5999984741211,61.08940887451172,100.0,0.0,50.07023574332772,194056.0,15.476287841796877,18.00579833984375,16.346649169921875,15.149887084960938,34.27500009536743
2023-03-19 09:09:43,19.18621826171875,76.02409362792969,189.6240234375,89.46969604492188,82.5,61.08940887451172,100.0,0.0,47.184688119339455,194056.0,15.7210693359375,14.497100830078123,16.101852416992188,16.15625,34.27500009536743
2023-03-19 09:09:44,19.166337966918945,76.02409362792969,190.0960235595703,89.46969604492188,80.69999694824219,61.08940887451172,100.0,0.0,52.02678878949386,194056.0,11.668411254882812,17.625,17.24420166015625,17.27142333984375,34.27500009536743
2023-03-19 09:09:45,19.167781829833984,75.96385192871094,190.283203125,89.46969604492188,82.5,61.08940887451172,100.0,0.0,48.41388344303433,194056.0,13.953125,16.700225830078125,13.13714599609375,18.223388671875,34.27500009536743
2023-03-19 09:09:46,19.185583114624023,75.96385192871094,191.34114837646484,89.46969604492188,83.0,61.08940887451172,100.0,0.0,49.54218472614597,194056.0,13.46356201171875,15.5850830078125,18.903350830078125,16.15625,34.27500009536743
2023-03-19 09:09:47,19.18524932861328,76.02409362792969,190.60057830810547,89.46969604492188,81.9000015258789,61.08940887451172,100.0,0.0,49.43666044445965,194056.0,17.461822509765625,17.0538330078125,17.760986328125,18.27777099609375,34.27500009536743
2023-03-19 09:09:48,19.163145065307617,76.02409362792969,190.70638275146484,89.54545593261719,81.80000305175781,61.08940887451172,100.0,0.0,50.10548245860683,194056.0,16.15625,17.7882080078125,19.556121826171875,16.727432250976562,34.27500009536743
2023-03-19 09:09:49,19.16844940185547,76.02409362792969,191.2028045654297,89.54545593261719,81.19999694824219,61.08940887451172,100.0,0.0,51.356750013035104,194056.0,19.692138671875,17.760986328125,9.90045166015625,17.760986328125,34.27500009536743
2023-03-19 09:09:50,19.18846321105957,76.02409362792969,191.5852890014648,89.46969604492188,81.5999984741211,61.08940887451172,100.0,0.0,50.59385080794463,194056.0,17.13543701171875,19.61053466796875,14.877899169921877,15.829864501953123,34.27500009536743
2023-03-19 09:09:51,19.231348037719727,76.02409362792969,190.3238906860352,89.46969604492188,81.30000305175781,61.08940887451172,100.0,0.0,50.76569651281172,194056.0,15.88427734375,15.231475830078123,16.999420166015625,17.40740966796875,34.27500009536743
2023-03-19 09:09:52,19.28948783874512,76.02409362792969,190.4459609985352,89.46969604492188,82.5999984741211,61.08940887451172,100.0,0.0,45.10496421179072,194056.0,13.055572509765623,20.2633056640625,14.633102416992188,16.781829833984375,34.27500009536743
2023-03-19 09:09:53,19.366682052612305,75.96385192871094,189.7623672485352,89.46969604492188,82.4000015258789,61.08940887451172,100.0,0.0,46.87869351121496,194056.0,16.509857177734375,15.80267333984375,20.698486328125,17.570602416992188,34.27500009536743
2023-03-19 09:09:54,19.427017211914062,76.02409362792969,189.5426483154297,89.46969604492188,81.9000015258789,61.08940887451172,100.0,0.0,48.35934025647813,194056.0,13.436355590820312,18.7945556640625,19.066558837890625,15.80267333984375,34.27500009536743
2023-03-19 09:09:55,19.4885196685791,76.02409362792969,191.7399139404297,89.46969604492188,81.4000015258789,61.08940887451172,100.0,0.0,51.67829099151199,194056.0,18.495391845703125,17.380218505859375,16.564239501953125,18.00579833984375,34.27500009536743
2023-03-19 09:09:56,19.506797790527344,76.02409362792969,191.3655548095703,89.46969604492188,81.4000015258789,61.08578872680664,100.0,0.0,50.24208247043662,194056.0,15.449081420898438,19.556137084960938,16.482635498046875,11.940399169921877,34.27500009536743
2023-03-19 09:09:57,19.53191375732422,76.02409362792969,191.2353515625,89.54545593261719,82.4000015258789,61.08940887451172,100.0,0.0,48.41904435278958,194056.0,16.945037841796875,12.42999267578125,16.999420166015625,17.978591918945312,34.27500009536743
2023-03-19 09:09:58,19.548070907592773,75.96385192871094,189.7135391235352,89.54545593261719,82.5,61.08940887451172,100.0,0.0,47.43673002713776,194056.0,13.5179443359375,17.733795166015625,18.84896850585937,18.712966918945312,34.27500009536743
2023-03-19 09:09:59,19.55184555053711,75.96385192871094,188.7939529418945,89.54545593261719,82.30000305175781,61.08940887451172,100.0,0.0,47.91242564725205,194056.0,14.442718505859377,18.495361328125,18.332183837890625,15.829864501953123,34.27500009536743
2023-03-19 09:10:00,19.56770896911621,75.96385192871094,190.58431243896484,89.46969604492188,82.30000305175781,61.08940887451172,100.0,0.0,48.3540796647664,194056.0,17.761016845703125,14.061920166015623,10.553237915039062,18.032989501953125,34.27500009536743
2023-03-19 09:10:01,19.559024810791016,76.02409362792969,189.5182342529297,89.46969604492188,82.80000305175781,61.08940887451172,100.0,0.0,48.11503328957395,194056.0,10.74365234375,21.07928466796875,17.081024169921875,16.5914306640625,34.27500009536743
2023-03-19 09:10:02,19.57275390625,76.08434295654297,189.697265625,89.46969604492188,82.30000305175781,61.08940887451172,100.0,0.0,46.24570629209804,194056.0,20.34490966796875,13.43634033203125,13.327545166015623,18.223388671875,34.27500009536743
2023-03-19 09:10:03,19.56163215637207,76.02409362792969,189.6728591918945,89.46969604492188,82.4000015258789,61.08940887451172,100.0,0.0,46.95702290840742,194056.0,13.708343505859377,17.70660400390625,19.99131774902344,16.80902099609375,34.24999952316284
2023-03-19 09:10:04,19.497745513916016,75.96385192871094,190.7307891845703,89.54545593261719,81.5999984741211,61.08940887451172,100.0,0.0,49.46005520798667,194056.0,15.88427734375,17.815399169921875,16.37384033203125,18.631378173828125,34.27500009536743
2023-03-19 09:10:05,19.42652702331543,76.02409362792969,189.7705154418945,89.54545593261719,82.5,61.08940887451172,100.0,0.0,45.66933180299251,194056.0,13.028366088867188,20.48089599609375,18.005783081054688,18.74017333984375,34.27500009536743
2023-03-19 09:10:06,19.37155532836914,76.02409362792969,191.0400466918945,89.54545593261719,81.0999984741211,61.08940887451172,100.0,0.0,47.354244873661344,194056.0,14.19793701171875,16.7274169921875,14.796295166015623,16.945022583007812,34.27500009536743
2023-03-19 09:10:07,19.32377243041992,75.96385192871094,189.99022674560547,89.46969604492188,81.5,61.08940887451172,100.0,0.0,52.21570981269585,194056.0,15.013900756835938,17.815399169921875,14.877899169921877,18.7945556640625,34.27500009536743
2023-03-19 09:10:08,19.3252182006836,75.96385192871094,188.8997344970703,89.46969604492188,81.0,61.08940887451172,100.0,0.0,51.44951717235919,194056.0,16.15625,17.815399169921875,17.24420166015625,18.304977416992188,34.27500009536743
2023-03-19 09:10:09,19.317848205566406,75.96385192871094,190.5354843139648,89.46969604492188,81.9000015258789,61.08940887451172,100.0,0.0,51.15669577639119,194056.0,18.00579833984375,18.44097900390625,14.823486328125,17.10821533203125,34.27500009536743
2023-03-19 09:10:10,19.334949493408203,75.96385192871094,191.9840469360352,89.46969604492188,82.80000305175781,61.08940887451172,100.0,0.0,45.6030634851331,194056.0,13.953125,19.99131774902344,13.980316162109377,14.007522583007812,34.27500009536743
2023-03-19 09:10:11,19.33188247680664,76.02409362792969,190.9342422485352,89.54545593261719,82.30000305175781,61.08940887451172,100.0,0.0,48.655094078481184,194056.0,16.10186767578125,17.597808837890625,15.04107666015625,19.17535400390625,34.27500009536743
2023-03-19 09:10:12,19.271169662475582,76.02409362792969,190.38899993896484,89.46969604492188,82.0,61.08940887451172,100.0,0.0,49.090425403985485,194056.0,12.756378173828123,18.6585693359375,15.231475830078123,16.210647583007812,34.27500009536743
2023-03-19 09:10:13,19.23308563232422,75.96385192871094,190.3157501220703,89.46969604492188,81.4000015258789,61.08940887451172,100.0,0.0,49.9121802406186,194056.0,17.543411254882812,15.80267333984375,18.14178466796875,16.210647583007812,34.27500009536743
2023-03-19 09:10:14,19.23286437988281,75.96385192871094,190.51107025146484,89.46969604492188,82.0,61.08940887451172,100.0,0.0,48.03045868720969,194056.0,17.162628173828125,18.38656616210937,15.013885498046877,18.00579833984375,34.27500009536743
2023-03-19 09:10:15,19.23573112487793,76.02409362792969,191.3981094360352,89.46969604492188,81.69999694824219,61.08940887451172,100.0,0.0,48.53734220599316,194056.0,16.917831420898438,18.767364501953125,18.549774169921875,15.50347900390625,34.27500009536743
2023-03-19 09:10:16,19.26433563232422,76.02409362792969,189.29036712646484,89.46969604492188,81.5,61.08940887451172,100.0,0.0,49.470480868430485,194056.0,16.210662841796875,18.27777099609375,16.15625,17.27142333984375,34.27500009536743
2023-03-19 09:10:17,19.29747009277344,76.02409362792969,190.0634765625,89.54545593261719,82.70000457763672,61.08940887451172,100.0,0.0,47.552602379734296,194056.0,15.911468505859377,19.25694274902344,19.58334350585937,17.026611328125,34.24999952316284
2023-03-19 09:10:18,19.34749794006348,75.96385192871094,190.7633514404297,89.54545593261719,82.0999984741211,61.08940887451172,100.0,0.0,47.391069752823945,194056.0,17.815399169921875,16.863433837890625,15.449066162109377,18.359375,34.24999952316284
2023-03-19 09:10:19,19.399991989135746,75.96385192871094,189.7705154418945,89.54545593261719,82.4000015258789,61.08940887451172,100.0,0.0,49.173873088312334,194056.0,15.50347900390625,18.468170166015625,16.129058837890625,16.890625,34.24999952316284
2023-03-19 09:10:20,19.45441436767578,76.02409362792969,190.1123046875,89.46969604492188,82.0,61.08940887451172,100.0,0.0,50.99821975435395,194056.0,16.15625,16.020263671875,18.11459350585937,19.556137084960938,34.24999952316284
2023-03-19 09:10:21,19.477144241333008,76.02409362792969,189.9739608764648,89.46969604492188,83.0999984741211,61.08940887451172,100.0,0.0,45.66637833537496,194056.0,13.30035400390625,21.46006774902344,14.197906494140623,15.993057250976562,34.27500009536743
2023-03-19 09:10:22,19.478796005249023,76.02409362792969,191.6015625,89.46969604492188,82.20000457763672,61.08940887451172,100.0,0.0,47.799624656022,194056.0,14.170730590820312,17.40740966796875,19.5289306640625,18.00579833984375,34.27500009536743
2023-03-19 09:10:23,19.465782165527344,75.96385192871094,189.5751953125,89.46969604492188,81.5,61.08940887451172,100.0,0.0,47.93221977652436,194056.0,12.457183837890623,18.168975830078125,13.490737915039062,19.447341918945312,34.27500009536743
2023-03-19 09:10:24,19.472286224365234,75.96385192871094,190.2913360595703,89.54545593261719,81.80000305175781,61.08940887451172,100.0,0.0,48.47266846415047,194056.0,14.823516845703123,18.821746826171875,18.6585693359375,18.712966918945312,34.24999952316284
2023-03-19 09:10:25,19.47601127624512,75.96385192871094,188.8102264404297,89.54545593261719,82.4000015258789,61.08940887451172,100.0,0.0,48.09166021205089,194056.0,14.660308837890623,15.06829833984375,16.265045166015625,16.836227416992188,34.24999952316284
2023-03-19 09:10:26,19.48990249633789,76.02409362792969,190.087890625,89.46969604492188,81.80000305175781,61.08940887451172,100.0,0.0,49.05854669680599,194056.0,15.829864501953123,17.869781494140625,15.993057250976562,15.476272583007812,34.24999952316284
2023-03-19 09:10:27,19.515544891357425,76.02409362792969,190.0553359985352,89.46969604492188,82.0999984741211,61.08940887451172,100.0,0.0,49.56436151882284,194056.0,18.44097900390625,17.57061767578125,17.10821533203125,17.135421752929688,34.24999952316284
2023-03-19 09:10:28,19.512422561645508,76.02409362792969,189.9821014404297,89.46969604492188,82.0999984741211,61.08940887451172,100.0,0.0,45.59580754064783,194056.0,16.074661254882812,21.92245483398437,15.149871826171877,16.15625,34.27500009536743
2023-03-19 09:10:29,19.467987060546875,75.96385192871094,191.0888671875,89.46969604492188,82.5,61.08940887451172,100.0,0.0,48.03714061326766,194056.0,16.700241088867188,17.352996826171875,18.332183837890625,16.428253173828125,34.24999952316284
2023-03-19 09:10:30,19.424057006835938,76.02409362792969,188.1836013793945,89.54545593261719,81.80000305175781,61.08940887451172,100.0,0.0,48.10283587658831,194056.0,12.511581420898438,13.87152099609375,16.428237915039062,14.2523193359375,34.24999952316284
2023-03-19 09:10:31,19.382604598999023,76.02409362792969,190.5029296875,89.54545593261719,83.0,61.08940887451172,100.0,0.0,46.856829028976094,194056.0,17.026641845703125,17.815399169921875,21.05209350585937,17.570602416992188,34.24999952316284
2023-03-19 09:10:32,19.364686965942383,76.02409362792969,189.1357498168945,89.54545593261719,81.5999984741211,61.08940887451172,100.0,0.0,49.28843093833515,194056.0,14.442718505859377,16.129058837890625,17.380218505859375,17.353012084960938,34.24999952316284
2023-03-19 09:10:33,19.38575935363769,76.02409362792969,190.478515625,89.46969604492188,82.0,61.08940887451172,100.0,0.0,48.15426062954701,194056.0,17.842605590820312,19.800933837890625,18.84896850585937,14.089111328125,34.24999952316284
2023-03-19 09:10:34,19.386211395263672,75.90361022949219,189.4449920654297,89.46969604492188,81.5999984741211,61.08940887451172,100.0,0.0,48.20771701339183,194056.0,13.436355590820312,16.15625,17.869781494140625,15.34027099609375,34.24999952316284
2023-03-19 09:10:35,19.407304763793945,75.96385192871094,189.92513275146484,89.46969604492188,81.69999694824219,61.08940887451172,100.0,0.0,48.2800542741108,194056.0,12.973968505859377,19.09375,17.3258056640625,17.625,34.24999952316284
2023-03-19 09:10:36,19.41754722595215,76.02409362792969,188.6881484985352,89.46969604492188,81.69999694824219,61.08940887451172,100.0,0.0,49.644004987236734,194056.0,18.631378173828125,16.700225830078125,14.823486328125,15.557861328125,34.24999952316284
2023-03-19 09:10:37,19.40323066711425,76.08434295654297,189.55892181396484,89.54545593261719,82.20000457763672,61.08940887451172,100.0,0.0,47.38883684965942,194056.0,11.967605590820312,19.964111328125,17.896987915039062,14.524307250976562,34.24999952316284
2023-03-19 09:10:38,19.3806095123291,76.02409362792969,189.84375,89.54545593261719,82.30000305175781,61.08940887451172,100.0,0.0,48.4319728302894,194056.0,19.420150756835938,18.5225830078125,18.495361328125,18.74017333984375,34.24999952316284
2023-03-19 09:10:39,19.36183738708496,75.96385192871094,188.6474609375,89.46969604492188,82.0999984741211,61.08578872680664,100.0,0.0,47.621883625537485,194056.0,10.906829833984377,16.53704833984375,18.93055725097656,16.292236328125,34.24999952316284
2023-03-19 09:10:40,19.35362434387207,75.96385192871094,189.4693984985352,89.46969604492188,81.0999984741211,61.08940887451172,100.0,0.0,51.14359951090351,194056.0,17.543411254882812,18.6585693359375,16.15625,16.15625,34.24999952316284
2023-03-19 09:10:41,19.373929977416992,76.02409362792969,189.4938125610352,89.46969604492188,81.69999694824219,61.08940887451172,100.0,0.0,47.809262576816245,194056.0,11.967605590820312,18.38656616210937,14.415496826171877,16.5914306640625,34.24999952316284
2023-03-19 09:10:42,19.389799118041992,76.02409362792969,190.185546875,89.46969604492188,82.20000457763672,61.08940887451172,100.0,0.0,49.78098797354552,194056.0,19.202545166015625,16.618621826171875,19.01214599609375,16.700225830078125,34.24999952316284
2023-03-19 09:10:43,19.422378540039062,75.96385192871094,190.0634765625,89.46969604492188,81.9000015258789,61.08940887451172,100.0,0.0,49.86146144720768,194056.0,13.109954833984377,14.6875,16.401031494140625,15.965850830078123,34.24999952316284
2023-03-19 09:10:44,19.43807983398437,75.96385192871094,189.4938125610352,89.54545593261719,82.5,61.08940887451172,100.0,0.0,48.21330748476719,194056.0,15.5850830078125,17.57061767578125,15.313079833984377,18.549774169921875,34.24999952316284
2023-03-19 09:10:45,19.41493225097656,76.02409362792969,190.38899993896484,89.54545593261719,82.5,61.08940887451172,100.0,0.0,48.17941744074281,194056.0,17.081024169921875,19.066558837890625,17.461807250976562,17.298614501953125,34.24999952316284
2023-03-19 09:10:46,19.38255882263184,76.02409362792969,189.990234375,89.46969604492188,82.30000305175781,61.08940887451172,100.0,0.0,49.0504470410133,194056.0,14.823516845703123,17.625,14.633102416992188,17.760986328125,34.24999952316284
2023-03-19 09:10:47,19.365083694458008,75.96385192871094,189.6891250610352,89.46969604492188,82.20000457763672,61.08940887451172,100.0,0.0,48.19581555225556,194056.0,15.177093505859377,17.1898193359375,14.850692749023438,16.754638671875,34.24999952316284
2023-03-19 09:10:48,19.3436336517334,75.96385192871094,189.0950469970703,89.46969604492188,82.30000305175781,61.08940887451172,100.0,0.0,47.56815710681759,194056.0,11.99481201171875,14.1163330078125,17.380218505859375,16.890625,34.24999952316284
2023-03-19 09:10:49,19.35918426513672,76.02409362792969,189.990234375,89.46969604492188,82.5,61.08940887451172,100.0,0.0,46.9853342749622,194056.0,15.66668701171875,18.223388671875,18.6585693359375,14.225128173828123,34.24999952316284
2023-03-19 09:10:50,19.39224433898925,76.02409362792969,189.3961563110352,89.54545593261719,82.0,61.08940887451172,100.0,0.0,47.32597330158657,194056.0,15.394683837890623,13.87152099609375,15.285888671875,15.231475830078123,34.24999952316284
2023-03-19 09:10:51,19.42977523803711,76.02409362792969,192.724609375,89.54545593261719,82.0999984741211,61.08940887451172,100.0,0.0,51.01091716945796,194056.0,17.461822509765625,20.34490966796875,19.202545166015625,18.00579833984375,34.24999952316284
2023-03-19 09:10:52,19.46170234680176,75.96385192871094,191.0563125610352,89.46969604492188,81.19999694824219,61.08940887451172,100.0,0.0,50.873276688269954,194056.0,13.490753173828123,20.1273193359375,15.421875,18.168975830078125,34.24999952316284
2023-03-19 09:10:53,19.465377807617188,75.96385192871094,192.5048828125,89.46969604492188,82.30000305175781,61.08940887451172,100.0,0.0,48.71848884087975,194056.0,14.170730590820312,16.945037841796875,16.265045166015625,18.5225830078125,34.24999952316284
2023-03-19 09:10:54,19.430927276611328,76.02409362792969,193.8720703125,89.46969604492188,82.30000305175781,61.08940887451172,100.0,0.0,50.64376128477113,194056.0,18.032989501953125,20.181716918945312,15.612274169921877,16.07464599609375,34.24999952316284
2023-03-19 09:10:55,19.40741539001465,76.02409362792969,193.4082107543945,89.46969604492188,82.0,61.08940887451172,100.0,0.0,49.57959572779562,194056.0,13.89874267578125,16.183441162109375,14.2523193359375,16.781829833984375,34.24999952316284
2023-03-19 09:10:56,19.38089370727539,75.96385192871094,194.95442962646484,89.46969604492188,83.0,61.08940887451172,100.0,0.0,46.773709326780285,194056.0,12.701980590820312,19.066558837890625,17.9241943359375,18.57696533203125,34.24999952316284
2023-03-19 09:10:57,19.367563247680664,75.96385192871094,193.0826797485352,89.54545593261719,82.30000305175781,61.08940887451172,100.0,0.0,47.33515760650711,194056.0,14.41552734375,18.685760498046875,15.77545166015625,14.442718505859377,34.24999952316284
2023-03-19 09:10:58,19.376108169555664,75.96385192871094,195.95540618896484,89.54545593261719,81.69999694824219,61.08940887451172,100.0,0.0,51.68351222666058,194056.0,16.020263671875,18.71295166015625,17.380218505859375,17.081024169921875,34.24999952316284
2023-03-19 09:10:59,19.380220413208008,76.02409362792969,188.8590469360352,89.54545593261719,81.19999694824219,61.08940887451172,100.0,0.0,52.60641836183055,194056.0,16.183456420898438,17.897003173828125,15.367477416992188,17.461807250976562,34.24999952316284
2023-03-19 09:11:00,19.388622283935547,76.02409362792969,193.8557891845703,89.46969604492188,81.80000305175781,61.08578872680664,100.0,0.0,51.50850291316805,194056.0,14.03472900390625,19.365753173828125,15.585067749023438,14.089111328125,34.24999952316284
2023-03-19 09:11:01,19.38203430175781,76.02409362792969,192.70833587646484,89.46969604492188,82.20000457763672,61.08940887451172,100.0,0.0,49.68337822709592,194056.0,16.10186767578125,18.98495483398437,14.30670166015625,16.700225830078125,34.24999952316284
2023-03-19 09:11:02,19.345014572143555,75.96385192871094,192.4235000610352,89.46969604492188,81.19999694824219,61.08940887451172,100.0,0.0,50.07603300178982,194056.0,16.020263671875,15.5850830078125,17.869781494140625,18.27777099609375,34.24999952316284
2023-03-19 09:11:03,19.32026100158692,75.96385192871094,193.29427337646484,89.46969604492188,82.30000305175781,61.08940887451172,100.0,0.0,48.8336629849346,194056.0,13.490753173828123,20.5625,16.836227416992188,17.869796752929688,34.24999952316284
2023-03-19 09:11:04,19.30527687072754,76.02409362792969,190.92610931396484,89.54545593261719,82.0999984741211,61.08940887451172,100.0,0.0,50.21181442519779,194056.0,15.340286254882812,15.911468505859377,13.844329833984377,16.67303466796875,34.24999952316284
2023-03-19 09:11:05,19.295169830322266,76.02409362792969,192.9768829345703,89.54545593261719,82.0999984741211,61.08940887451172,100.0,0.0,48.999627529080506,194056.0,16.40106201171875,15.80267333984375,16.428237915039062,14.089111328125,34.24999952316284
2023-03-19 09:11:06,19.31605529785156,76.02409362792969,192.24446868896484,89.46969604492188,81.69999694824219,61.08940887451172,100.0,0.0,48.35350200292758,194056.0,15.7210693359375,16.346649169921875,13.109954833984377,16.3194580078125,34.24999952316284
2023-03-19 09:11:07,19.33108139038086,75.96385192871094,193.7825469970703,89.46969604492188,82.30000305175781,61.08578872680664,100.0,0.0,50.36430570572194,194056.0,18.168991088867188,17.70660400390625,18.84896850585937,16.020263671875,34.24999952316284
2023-03-19 09:11:08,19.367759704589844,75.96385192871094,191.8131561279297,89.46969604492188,80.5,61.08940887451172,100.0,0.0,50.91193884275839,194056.0,14.1163330078125,15.34027099609375,16.020263671875,14.17071533203125,34.24999952316284
2023-03-19 09:11:09,19.390798568725582,76.02409362792969,192.6025390625,89.46969604492188,82.30000305175781,61.08940887451172,100.0,0.0,47.660032304571466,194056.0,16.074661254882812,13.762725830078123,19.66493225097656,15.557861328125,34.24999952316284
2023-03-19 09:11:10,19.378746032714844,76.02409362792969,191.6829528808593,89.46969604492188,81.69999694824219,61.08940887451172,100.0,0.0,48.58114738479479,194056.0,17.815399169921875,16.945037841796875,11.396408081054688,17.135421752929688,34.24999952316284
2023-03-19 09:11:11,19.358306884765625,75.96385192871094,192.5618438720703,89.46969604492188,82.4000015258789,61.08940887451172,100.0,0.0,50.20502460852581,194056.0,13.89874267578125,18.30499267578125,18.223388671875,18.19618225097656,34.24999952316284
2023-03-19 09:11:12,19.348670959472656,75.96385192871094,193.603515625,89.46969604492188,82.0999984741211,61.08578872680664,100.0,0.0,49.01657575168499,194056.0,14.551513671875,20.426513671875,17.298614501953125,16.509841918945312,34.24999952316284
2023-03-19 09:11:13,19.35037040710449,76.02409362792969,191.60970306396484,89.54545593261719,81.80000305175781,61.08940887451172,100.0,0.0,50.38204831916519,194056.0,12.756378173828123,16.999420166015625,16.23785400390625,17.897003173828125,34.24999952316284
2023-03-19 09:11:14,19.38656616210937,76.02409362792969,193.5465469360352,89.54545593261719,81.9000015258789,61.08940887451172,100.0,0.0,49.55323015888009,194056.0,14.905105590820312,20.2633056640625,19.61053466796875,17.9241943359375,34.24999952316284
2023-03-19 09:11:15,19.416831970214844,76.02409362792969,192.0328750610352,89.46969604492188,82.70000457763672,61.08940887451172,100.0,0.0,47.52958326571717,194056.0,13.68115234375,17.7882080078125,16.836227416992188,17.815399169921875,34.24999952316284
2023-03-19 09:11:16,19.46240425109864,75.96385192871094,193.3512344360352,89.46969604492188,82.20000457763672,61.08578872680664,100.0,0.0,49.26430391110068,194056.0,13.3819580078125,17.489013671875,13.925933837890623,15.829864501953123,34.24999952316284
2023-03-19 09:11:17,19.48745918273925,75.96385192871094,190.966796875,89.46969604492188,80.69999694824219,61.08940887451172,100.0,0.0,50.47580478535813,194056.0,10.199661254882812,15.612274169921877,15.748260498046877,14.497100830078123,34.24999952316284
2023-03-19 09:11:18,19.491077423095703,75.96385192871094,192.7001953125,89.46969604492188,80.69999694824219,61.08940887451172,100.0,0.0,51.47623862675359,194056.0,15.857070922851562,15.80267333984375,16.346649169921875,13.59954833984375,34.24999952316284
2023-03-19 09:11:19,19.4746322631836,76.02409362792969,193.4895782470703,89.54545593261719,82.5,61.08940887451172,100.0,0.0,48.82181599472532,194056.0,14.089141845703123,18.30499267578125,17.434600830078125,17.951385498046875,34.24999952316284
2023-03-19 09:11:20,19.46949005126953,76.02409362792969,192.2526016235352,89.54545593261719,82.4000015258789,61.08578872680664,100.0,0.0,48.77125990191641,194056.0,16.346649169921875,13.59954833984375,16.37384033203125,18.38656616210937,34.24999952316284
2023-03-19 09:11:21,19.46219062805176,75.96385192871094,193.02571868896484,89.46969604492188,81.80000305175781,61.08940887451172,100.0,0.0,49.26205363044898,194056.0,15.258697509765623,15.8570556640625,16.97222900390625,15.394683837890623,34.24999952316284
2023-03-19 09:11:22,19.47268295288086,75.96385192871094,192.8629608154297,89.46969604492188,83.0999984741211,61.08578872680664,100.0,0.0,46.19930046093295,194056.0,16.482650756835938,17.733795166015625,14.90509033203125,17.217010498046875,34.24999952316284
2023-03-19 09:11:23,19.463409423828125,75.96385192871094,194.2545547485352,89.46969604492188,81.9000015258789,61.08940887451172,100.0,0.0,49.93590245885317,194056.0,17.35302734375,19.01214599609375,15.93865966796875,15.313079833984377,34.24999952316284
2023-03-19 09:11:24,19.449424743652344,76.02409362792969,191.55272674560547,89.46969604492188,82.5,61.08578872680664,100.0,0.0,48.02513567582941,194056.0,15.7210693359375,17.815399169921875,16.401031494140625,15.7210693359375,34.24999952316284
2023-03-19 09:11:25,19.406248092651367,76.02409362792969,192.7897186279297,89.46969604492188,82.5999984741211,61.08940887451172,100.0,0.0,47.2546261163857,194056.0,15.7210693359375,15.7210693359375,17.97857666015625,16.999420166015625,34.24999952316284
2023-03-19 09:11:26,19.36201477050781,75.96385192871094,192.9362030029297,89.46969604492188,81.4000015258789,61.08940887451172,100.0,0.0,49.31664386492649,194056.0,15.122695922851562,20.04571533203125,15.63946533203125,16.401046752929688,34.24999952316284
2023-03-19 09:11:27,19.34744071960449,76.02409362792969,192.5374298095703,89.54545593261719,81.19999694824219,61.08940887451172,100.0,0.0,48.27245588882325,194056.0,15.93865966796875,19.936920166015625,14.415496826171877,16.80902099609375,34.24999952316284
2023-03-19 09:11:28,19.323701858520508,76.02409362792969,193.1559219360352,89.46969604492188,82.5,61.08940887451172,100.0,0.0,47.0137550543199,194056.0,17.978607177734375,13.30035400390625,17.217010498046875,17.026611328125,34.24999952316284
2023-03-19 09:11:29,19.322978973388672,76.02409362792969,192.90364837646484,89.46969604492188,81.9000015258789,61.08940887451172,100.0,0.0,50.99164716015685,194056.0,15.530670166015623,16.754638671875,17.733795166015625,14.578704833984377,34.24999952316284
2023-03-19 09:11:30,19.34114456176757,76.02409362792969,191.259765625,89.46969604492188,82.4000015258789,61.08940887451172,100.0,0.0,49.91251694964564,194056.0,16.428253173828125,13.626739501953123,15.7210693359375,15.993057250976562,34.24999952316284
2023-03-19 09:11:31,19.36219787597656,76.02409362792969,192.9850311279297,89.46969604492188,82.4000015258789,61.08940887451172,100.0,0.0,48.31456085524631,194056.0,16.754638671875,20.290512084960938,16.618621826171875,16.945022583007812,34.24999952316284
2023-03-19 09:11:32,19.392597198486328,75.96385192871094,191.7154922485352,89.46969604492188,82.30000305175781,61.08940887451172,100.0,0.0,48.497248435327904,194056.0,14.8507080078125,18.903350830078125,15.63946533203125,17.10821533203125,34.24999952316284
2023-03-19 09:11:33,19.39868354797364,75.96385192871094,192.53743743896484,89.46969604492188,80.9000015258789,61.08940887451172,100.0,0.0,52.43545993868341,194056.0,18.631378173828125,15.77545166015625,13.21875,16.129058837890625,34.24999952316284
2023-03-19 09:11:34,19.372577667236328,76.02409362792969,191.40625,89.54545593261719,81.5999984741211,61.08578872680664,100.0,0.0,50.10084672254379,194056.0,9.19329833984375,18.332183837890625,15.748260498046877,18.38656616210937,34.24999952316284
2023-03-19 09:11:35,19.366737365722656,76.02409362792969,190.6982421875,89.46969604492188,82.5,61.08578872680664,100.0,0.0,49.32676298446643,194056.0,17.35302734375,18.413787841796875,16.945022583007812,17.27142333984375,34.24999952316284
2023-03-19 09:11:36,19.362287521362305,76.02409362792969,191.31673431396484,89.46969604492188,81.0999984741211,61.08940887451172,100.0,0.0,52.33277075166369,194056.0,15.530670166015623,18.6585693359375,17.869781494140625,14.60589599609375,34.24999952316284
2023-03-19 09:11:37,19.368879318237305,76.02409362792969,191.31673431396484,89.46969604492188,81.0999984741211,61.08940887451172,100.0,0.0,52.31496037714314,194056.0,15.530670166015623,18.6585693359375,17.869781494140625,14.60589599609375,34.24999952316284
2023-03-19 09:11:38,19.395069122314453,75.96385192871094,192.626953125,89.46969604492188,81.80000305175781,61.08940887451172,100.0,0.0,48.88581321208166,194056.0,15.857070922851562,18.413787841796875,18.19618225097656,17.217010498046875,34.24999952316284
2023-03-19 09:11:39,19.4145736694336,75.96385192871094,192.1793594360352,89.46969604492188,81.30000305175781,61.08940887451172,100.0,0.0,52.409337695852585,194056.0,17.081024169921875,18.903350830078125,17.10821533203125,17.7882080078125,34.24999952316284
2023-03-19 09:11:40,19.4145736694336,76.02409362792969,191.38997650146484,89.46969604492188,82.20000457763672,61.08940887451172,100.0,0.0,49.01828874601279,194056.0,13.21875,20.698486328125,16.482635498046875,17.162628173828125,34.24999952316284
2023-03-19 09:11:41,19.43759536743164,75.96385192871094,192.4153594970703,89.46969604492188,82.30000305175781,61.08940887451172,100.0,0.0,49.74815212555361,194056.0,17.761016845703125,14.823486328125,19.88252258300781,18.685760498046875,34.24999952316284
2023-03-19 09:11:42,19.445913314819336,76.02409362792969,190.80403900146484,89.46969604492188,82.0999984741211,61.08940887451172,100.0,0.0,50.032628204933296,194056.0,17.108230590820312,21.35127258300781,18.087371826171875,13.980316162109377,34.24999952316284
2023-03-19 09:11:43,19.41925811767578,76.02409362792969,192.95247650146484,89.54545593261719,81.80000305175781,61.08940887451172,100.0,0.0,48.77123111387522,194056.0,16.727447509765625,15.911468505859377,18.468170166015625,20.072921752929688,34.24999952316284
2023-03-19 09:11:44,19.409767150878903,76.02409362792969,190.8528594970703,89.54545593261719,81.5,61.08940887451172,100.0,0.0,49.077015947237456,194056.0,10.28125,16.183441162109375,17.135406494140625,12.212387084960938,34.24999952316284
2023-03-19 09:11:45,19.410381317138672,75.96385192871094,190.673828125,89.46969604492188,81.5,61.08940887451172,100.0,0.0,51.05380710510257,194056.0,16.591445922851562,14.932281494140623,16.292236328125,16.129058837890625,34.24999952316284
2023-03-19 09:11:46,19.406661987304688,75.96385192871094,190.966796875,89.46969604492188,82.4000015258789,61.08940887451172,100.0,0.0,47.750306348700896,194056.0,14.33392333984375,17.57061767578125,15.884246826171877,12.70196533203125,34.24999952316284
2023-03-19 09:11:47,19.41004180908203,76.02409362792969,191.3411483764648,89.46969604492188,82.4000015258789,61.08940887451172,100.0,0.0,48.17576410717606,194056.0,15.911468505859377,15.177093505859377,17.434600830078125,16.917816162109375,34.24999952316284
2023-03-19 09:11:48,19.40375518798828,76.02409362792969,190.02278900146484,89.46969604492188,81.0999984741211,61.08940887451172,100.0,0.0,48.49362076036188,194056.0,14.959503173828123,16.020263671875,13.00115966796875,15.612274169921877,34.24999952316284
2023-03-19 09:11:49,19.42008781433105,76.02409362792969,190.7470779418945,89.54545593261719,82.5,61.08940887451172,100.0,0.0,47.10765097720729,194056.0,14.089141845703123,16.4554443359375,16.618621826171875,19.365753173828125,34.24999952316284
2023-03-19 09:11:50,19.430116653442383,76.02409362792969,192.00032806396484,89.46969604492188,82.5999984741211,61.08940887451172,100.0,0.0,50.3189888423229,194056.0,19.58334350585937,19.066558837890625,16.047454833984375,18.0601806640625,34.24999952316284
2023-03-19 09:11:51,19.412145614624023,76.02409362792969,192.2688827514648,89.46969604492188,82.0,61.08940887451172,100.0,0.0,51.73740913215404,194056.0,14.007537841796877,21.650466918945312,18.93055725097656,18.495361328125,34.24999952316284
2023-03-19 09:11:52,19.38730430603028,76.02409362792969,192.19564056396484,89.46969604492188,81.4000015258789,61.08940887451172,100.0,0.0,50.3265816199488,194056.0,14.225128173828123,17.625,14.932281494140623,18.767364501953125,34.24999952316284
2023-03-19 09:11:53,19.387296676635746,75.96385192871094,191.2272109985352,89.46969604492188,81.0999984741211,61.08940887451172,100.0,0.0,51.57379335014801,194056.0,10.906829833984377,17.4617919921875,11.940399169921877,15.693878173828123,34.24999952316284
2023-03-19 09:11:54,19.37534141540528,75.96385192871094,192.70833587646484,89.46969604492188,81.69999694824219,61.08940887451172,100.0,0.0,50.14273154484443,194056.0,14.279525756835938,17.625,17.162612915039062,18.87615966796875,34.24999952316284
2023-03-19 09:11:55,19.3792781829834,76.02409362792969,189.8356170654297,89.46969604492188,82.0999984741211,61.08940887451172,100.0,0.0,50.725703405295285,194056.0,14.279525756835938,16.999420166015625,10.444442749023438,16.645843505859375,34.24999952316284
2023-03-19 09:11:56,19.38224029541016,76.02409362792969,191.6259765625,89.46969604492188,81.69999694824219,61.08940887451172,100.0,0.0,49.97183374408425,194056.0,11.83160400390625,19.61053466796875,15.177093505859377,16.5914306640625,34.24999952316284
2023-03-19 09:11:57,19.398645401000977,75.96385192871094,191.3492813110352,89.46969604492188,81.9000015258789,61.08940887451172,100.0,0.0,50.516632799031946,194056.0,16.210662841796875,18.631378173828125,10.906829833984377,17.353012084960938,34.24999952316284
2023-03-19 09:11:58,19.41261100769043,75.96385192871094,190.90169525146484,89.46969604492188,82.5999984741211,61.08940887451172,100.0,0.0,48.392230088253854,194056.0,12.484375,15.149871826171877,18.359375,20.100128173828125,34.24999952316284
2023-03-19 09:11:59,19.40076446533203,76.02409362792969,191.0319061279297,89.46969604492188,82.20000457763672,61.08940887451172,100.0,0.0,49.92740346935012,194056.0,13.354766845703123,15.285888671875,19.284149169921875,15.1226806640625,34.24999952316284
2023-03-19 09:12:00,19.36579132080078,76.02409362792969,189.9983749389648,89.54545593261719,81.30000305175781,61.08940887451172,100.0,0.0,49.933950619959006,194056.0,15.20428466796875,19.90972900390625,15.7210693359375,12.973968505859377,34.24999952316284
2023-03-19 09:12:01,19.36024475097656,76.02409362792969,190.1367263793945,89.54545593261719,81.5999984741211,61.08940887451172,100.0,0.0,49.21933621165944,194056.0,15.612274169921877,14.143524169921877,17.733795166015625,13.109954833984377,34.24999952316284
2023-03-19 09:12:02,19.35183525085449,75.96385192871094,189.5670547485352,89.54545593261719,82.30000305175781,61.08578872680664,100.0,0.0,48.55066713910547,194056.0,11.69561767578125,19.365753173828125,18.005783081054688,15.013885498046877,34.24999952316284
2023-03-19 09:12:03,19.356698989868164,76.02409362792969,190.7470703125,89.46969604492188,81.19999694824219,61.08940887451172,100.0,0.0,50.46467438243245,194056.0,13.817138671875,17.40740966796875,14.089111328125,18.11459350585937,34.24999952316284
2023-03-19 09:12:04,19.364824295043945,76.02409362792969,188.8264923095703,89.46969604492188,80.5999984741211,61.08940887451172,100.0,0.0,48.5112114999441,194056.0,12.511581420898438,15.285888671875,16.129058837890625,14.823486328125,34.24999952316284
2023-03-19 09:12:05,19.376340866088867,76.02409362792969,191.51204681396484,89.46969604492188,82.80000305175781,61.08940887451172,100.0,0.0,45.53470912805205,194056.0,14.796295166015623,19.25694274902344,18.032989501953125,12.1851806640625,34.24999952316284
2023-03-19 09:12:06,19.395782470703125,75.96385192871094,192.00032806396484,89.46969604492188,82.0,61.08940887451172,100.0,0.0,49.21157253198356,194056.0,15.013900756835938,14.959503173828123,19.365737915039062,17.815399169921875,34.24999952316284
2023-03-19 09:12:07,19.400390625,75.90361022949219,191.29232025146484,89.46969604492188,81.5999984741211,61.08940887451172,100.0,0.0,50.53207604229589,194056.0,13.789947509765623,19.47454833984375,13.762725830078123,18.74017333984375,34.24999952316284
2023-03-19 09:12:08,19.38673973083496,75.96385192871094,191.5445938110352,89.54545593261719,81.9000015258789,61.08940887451172,100.0,0.0,50.74157061500448,194056.0,12.538787841796877,16.80902099609375,16.50982666015625,15.829864501953123,34.24999952316284
2023-03-19 09:12:09,19.39134979248047,76.02409362792969,189.4287109375,89.54545593261719,81.4000015258789,61.08940887451172,100.0,0.0,48.9431068359574,194056.0,15.095489501953123,17.9241943359375,14.714691162109377,14.524307250976562,34.24999952316284
2023-03-19 09:12:10,19.384395599365234,76.02409362792969,190.576171875,89.46969604492188,81.19999694824219,61.08940887451172,100.0,0.0,49.86272978683669,194056.0,13.980331420898438,13.817138671875,17.570602416992188,16.428253173828125,34.24999952316284
2023-03-19 09:12:11,19.38708877563477,76.02409362792969,191.0807266235352,89.46969604492188,81.80000305175781,61.08578872680664,100.0,0.0,48.01965916789332,194056.0,15.421875,16.3194580078125,16.537033081054688,17.978591918945312,34.24999952316284
2023-03-19 09:12:12,19.42050552368164,76.02409362792969,191.6829376220703,89.46969604492188,81.69999694824219,61.08940887451172,100.0,0.0,48.75888823915447,194056.0,17.298614501953125,19.90972900390625,20.72569274902344,17.217010498046875,34.24999952316284
2023-03-19 09:12:13,19.44090461730957,75.96385192871094,189.7949295043945,89.46969604492188,81.69999694824219,61.08940887451172,100.0,0.0,47.250849020071655,194056.0,13.327545166015623,16.83624267578125,15.993057250976562,16.101852416992188,34.24999952316284
2023-03-19 09:12:14,19.459415435791016,75.96385192871094,192.2526016235352,89.46969604492188,82.20000457763672,61.08940887451172,100.0,0.0,47.44466258616407,194056.0,16.917831420898438,20.426513671875,17.815399169921875,17.570602416992188,34.24999952316284
2023-03-19 09:12:15,19.46782875061035,76.02409362792969,191.3411407470703,89.46969604492188,81.9000015258789,61.08940887451172,100.0,0.0,50.00697528664612,194056.0,13.89874267578125,18.359375,17.24420166015625,16.727432250976562,34.24999952316284
2023-03-19 09:12:16,19.43853759765625,76.08434295654297,191.9677810668945,89.46969604492188,81.5999984741211,61.08940887451172,100.0,0.0,50.059865227439,194056.0,18.00579833984375,21.21527099609375,15.666656494140623,17.298614501953125,34.24999952316284
2023-03-19 09:12:17,19.42267417907715,76.02409362792969,190.38085174560547,89.46969604492188,81.80000305175781,61.08940887451172,100.0,0.0,48.8198724844902,194056.0,17.13543701171875,15.421875,19.09375,14.497100830078123,34.24999952316284
2023-03-19 09:12:18,19.414548873901367,75.96385192871094,192.19564056396484,89.46969604492188,81.5,61.08940887451172,100.0,0.0,51.86454670804018,194056.0,15.231491088867188,17.84259033203125,17.570602416992188,17.298614501953125,34.24999952316284
2023-03-19 09:12:19,19.41228103637696,75.96385192871094,192.333984375,89.46969604492188,81.19999694824219,61.08940887451172,100.0,0.0,51.78811689484363,194056.0,13.028366088867188,18.821746826171875,18.52256774902344,18.332183837890625,34.24999952316284
2023-03-19 09:12:20,19.43800163269043,75.96385192871094,189.9169921875,89.46969604492188,80.5999984741211,61.08940887451172,100.0,0.0,50.83178173606391,194056.0,12.973968505859377,15.449066162109377,16.401031494140625,10.743637084960938,34.24999952316284
2023-03-19 09:12:21,19.45607185363769,76.02409362792969,191.1051406860352,89.54545593261719,81.9000015258789,61.08578872680664,100.0,0.0,48.49143289330956,194056.0,12.72918701171875,16.7274169921875,21.160888671875,17.489013671875,34.24999952316284
2023-03-19 09:12:22,19.4732608795166,76.02409362792969,188.14290618896484,89.46969604492188,81.80000305175781,61.08940887451172,100.0,0.0,50.03894384861616,194056.0,18.82177734375,15.449066162109377,15.802658081054688,14.279510498046877,34.24999952316284
2023-03-19 09:12:23,19.481586456298828,76.02409362792969,190.6412811279297,89.46969604492188,81.80000305175781,61.08940887451172,100.0,0.0,48.43449427362271,194056.0,13.817138671875,17.3258056640625,20.290496826171875,16.265045166015625,34.24999952316284
2023-03-19 09:12:24,19.4634952545166,76.02409362792969,189.26595306396484,89.46969604492188,82.5,61.08940887451172,100.0,0.0,47.685085673670486,194056.0,16.346649169921875,18.0601806640625,15.7210693359375,15.1226806640625,34.24999952316284
2023-03-19 09:12:25,19.449800491333008,75.96385192871094,190.9586563110352,89.46969604492188,82.0,61.08940887451172,100.0,0.0,49.34977239556718,194056.0,14.905105590820312,19.148162841796875,15.993057250976562,17.516204833984375,34.24999952316284
2023-03-19 09:12:26,19.44939994812012,75.96385192871094,190.1285781860352,89.46969604492188,82.0,61.08940887451172,100.0,0.0,50.60921447468281,194056.0,18.957763671875,17.760986328125,18.0601806640625,18.19618225097656,34.24999952316284
2023-03-19 09:12:27,19.444766998291016,75.96385192871094,190.82030487060547,89.46969604492188,81.80000305175781,61.08940887451172,100.0,0.0,50.81388801860739,194056.0,14.306732177734377,23.0648193359375,18.19618225097656,16.890625,34.24999952316284
2023-03-19 09:12:28,19.45353889465332,76.02409362792969,189.8112030029297,89.46969604492188,81.4000015258789,61.08940887451172,100.0,0.0,49.45041437822383,194056.0,16.53704833984375,16.23785400390625,14.76910400390625,15.258682250976562,34.24999952316284
2023-03-19 09:12:29,19.45724105834961,75.96385192871094,190.2262344360352,89.46969604492188,81.9000015258789,61.08940887451172,100.0,0.0,46.89464374674426,194056.0,15.775482177734377,18.604156494140625,18.087371826171875,16.727432250976562,34.24999952316284
2023-03-19 09:12:30,19.46420860290528,76.02409362792969,191.0807266235352,89.54545593261719,82.5,61.08940887451172,100.0,0.0,48.90208695844749,194056.0,17.298614501953125,19.74652099609375,18.468170166015625,17.217010498046875,34.24999952316284
2023-03-19 09:12:31,19.46028709411621,75.96385192871094,189.3717498779297,89.46969604492188,80.9000015258789,61.08940887451172,100.0,0.0,51.81057024080166,194056.0,11.124420166015623,14.6875,15.367477416992188,15.34027099609375,34.24999952316284
2023-03-19 09:12:32,19.426136016845703,76.08434295654297,192.1468200683593,89.46969604492188,81.69999694824219,61.08940887451172,100.0,0.0,48.48893890852037,194056.0,10.934036254882812,18.00579833984375,18.168975830078125,17.298614501953125,34.24999952316284
2023-03-19 09:12:33,19.380189895629883,76.02409362792969,189.5019607543945,89.46969604492188,82.20000457763672,61.08940887451172,100.0,0.0,47.6815511887301,194056.0,18.06019592285156,19.229736328125,16.917816162109375,12.13079833984375,34.24999952316284
2023-03-19 09:12:34,19.363019943237305,75.96385192871094,188.97298431396484,89.46969604492188,83.20000457763672,61.08940887451172,100.0,0.0,45.78801698102967,194056.0,17.298614501953125,17.652191162109375,16.836227416992188,18.27777099609375,34.24999952316284
2023-03-19 09:12:35,19.334108352661133,75.96385192871094,192.0817031860352,89.46969604492188,83.20000457763672,61.08940887451172,100.0,0.0,47.80950454889346,194056.0,16.700241088867188,19.74652099609375,19.692138671875,18.0601806640625,34.24999952316284
2023-03-19 09:12:36,19.334924697875977,75.96385192871094,189.2659454345703,89.46969604492188,81.5999984741211,61.08940887451172,100.0,0.0,48.93664411281012,194056.0,15.775482177734377,17.0538330078125,15.1226806640625,14.007522583007812,34.24999952316284
2023-03-19 09:12:37,19.347850799560547,76.08434295654297,191.3167266845703,89.46969604492188,81.69999694824219,61.08940887451172,100.0,0.0,50.63468520716896,194056.0,16.509857177734375,16.97222900390625,20.018524169921875,16.618637084960938,34.24999952316284
2023-03-19 09:12:38,19.351377487182617,76.02409362792969,187.11751556396484,89.54545593261719,81.19999694824219,61.08940887451172,100.0,0.0,53.28222857083719,194056.0,14.33392333984375,16.53704833984375,14.333908081054688,12.729171752929688,34.24999952316284
2023-03-19 09:12:39,19.34492874145508,75.96385192871094,191.0888671875,89.54545593261719,82.5,61.08940887451172,100.00360870361328,0.0,48.28923991112875,194056.0,15.93865966796875,15.34027099609375,17.516204833984375,15.5850830078125,34.24999952316284
2023-03-19 09:12:40,19.32306289672852,75.96385192871094,189.501953125,89.54545593261719,82.0,61.08940887451172,100.0,0.0,49.35377090767309,194056.0,16.863433837890625,18.087371826171875,15.231475830078123,13.273147583007812,34.24999952316284
2023-03-19 09:12:41,19.284772872924805,75.90361022949219,191.21907806396484,89.46969604492188,84.69999694824219,61.08940887451172,100.0,0.0,45.80735650827953,194056.0,17.57061767578125,16.890625,16.917816162109375,17.897003173828125,34.24999952316284
2023-03-19 09:12:42,19.28001594543457,76.02409362792969,190.966796875,89.46969604492188,81.30000305175781,61.08940887451172,100.0,0.0,51.43835020019724,194056.0,14.089141845703123,20.100128173828125,15.911468505859377,13.925933837890623,34.24999952316284
2023-03-19 09:12:43,19.27110290527344,76.08434295654297,191.5201797485352,89.46969604492188,81.4000015258789,61.08940887451172,100.0,0.0,50.53281629691096,194056.0,11.967605590820312,17.97857666015625,14.741897583007812,18.685760498046875,34.24999952316284
2023-03-19 09:12:44,19.27999687194824,76.02409362792969,192.6432266235352,89.46969604492188,81.9000015258789,61.08940887451172,100.0,0.0,50.50096035217102,194056.0,14.46990966796875,20.5625,17.40740966796875,15.421875,34.24999952316284
2023-03-19 09:12:45,19.305147171020508,76.02409362792969,192.6025390625,89.46969604492188,83.4000015258789,61.08940887451172,100.0,0.0,47.15985722213709,194056.0,16.509857177734375,15.80267333984375,11.3148193359375,16.5914306640625,34.24999952316284
2023-03-19 09:12:46,19.33195877075196,75.96385192871094,194.4661483764648,89.46969604492188,81.80000305175781,61.08940887451172,100.0,0.0,48.46739010966783,194056.0,11.940399169921877,20.181716918945312,15.1226806640625,18.41377258300781,34.24999952316284
2023-03-19 09:12:47,19.35368728637696,75.96385192871094,193.0582733154297,89.46969604492188,82.4000015258789,61.08940887451172,100.0,0.0,46.87247738374632,194056.0,13.68115234375,18.27777099609375,14.796295166015623,17.897003173828125,34.24999952316284
2023-03-19 09:12:48,19.370859146118164,76.02409362792969,195.4508438110352,89.46969604492188,82.5999984741211,61.08940887451172,100.0,0.0,46.80391031467494,194056.0,18.332183837890625,17.84259033203125,16.401031494140625,17.570602416992188,34.24999952316284
2023-03-19 09:12:49,19.37153434753418,76.08434295654297,195.85774993896484,89.54545593261719,82.5,61.08940887451172,100.0,0.0,48.55649888152759,194056.0,12.674774169921877,13.57232666015625,15.367477416992188,15.80267333984375,34.24999952316284
2023-03-19 09:12:50,19.386308670043945,76.08434295654297,194.1487579345703,89.54545593261719,81.0,61.08940887451172,100.0,0.0,47.60913218396402,194056.0,13.409149169921877,14.497100830078123,19.88252258300781,15.8570556640625,34.24999952316284
2023-03-19 09:12:51,19.3996810913086,75.96385192871094,194.5882110595703,89.46969604492188,82.0,61.08940887451172,100.0,0.0,49.68820963875795,194056.0,14.388320922851562,16.999420166015625,15.421875,16.700225830078125,34.24999952316284
2023-03-19 09:12:52,19.406879425048828,75.96385192871094,190.31575775146484,89.46969604492188,82.70000457763672,61.08940887451172,100.00360870361328,0.0,48.85357305513999,194056.0,16.564239501953125,19.90972900390625,19.12094116210937,15.013885498046877,34.24999952316284
2023-03-19 09:12:53,19.403623580932617,75.96385192871094,194.1162109375,89.46969604492188,82.4000015258789,61.08578872680664,100.0,0.0,48.9730038679508,194056.0,18.032989501953125,18.223388671875,17.733795166015625,12.538772583007812,34.24999952316284
2023-03-19 09:12:54,19.40355110168457,76.02409362792969,193.0908203125,89.46969604492188,83.0,61.08940887451172,100.0,0.0,47.625136377500986,194056.0,12.94677734375,16.645843505859375,16.482635498046875,16.183441162109375,34.24999952316284
2023-03-19 09:12:55,19.43484115600586,76.02409362792969,194.4091796875,89.46969604492188,82.5,61.08940887451172,100.0,0.0,48.22524837935379,194056.0,15.993072509765623,16.999420166015625,16.863433837890625,14.17071533203125,34.24999952316284
2023-03-19 09:12:56,19.47810935974121,76.02409362792969,192.67578125,89.46969604492188,82.0999984741211,61.08940887451172,100.0,0.0,46.92828211601898,194056.0,14.9866943359375,16.863433837890625,14.551513671875,17.897003173828125,34.24999952316284
2023-03-19 09:12:57,19.47323226928711,75.96385192871094,194.82421875,89.46969604492188,83.0,61.08940887451172,100.0,0.0,45.47424752551084,194056.0,16.700241088867188,15.612274169921877,18.767364501953125,15.612274169921877,34.24999952316284
2023-03-19 09:12:58,19.481077194213867,75.90361022949219,191.796875,89.46969604492188,81.5,61.08578872680664,100.0,0.0,50.336331660579255,194056.0,16.700241088867188,17.380218505859375,17.271408081054688,16.618637084960938,34.24999952316284
2023-03-19 09:12:59,19.492536544799805,75.96385192871094,194.3603591918945,89.54545593261719,82.0999984741211,61.08940887451172,100.0,0.0,48.87810937362857,194056.0,15.530670166015623,15.965850830078123,19.066558837890625,16.101852416992188,34.24999952316284
2023-03-19 09:13:00,19.497390747070312,76.02409362792969,193.05013275146484,89.54545593261719,81.5,61.08578872680664,100.0,0.0,48.77479542660284,194056.0,17.597808837890625,17.679412841796875,14.932281494140623,16.346649169921875,34.24999952316284
2023-03-19 09:13:01,19.521617889404297,76.08434295654297,194.0755157470703,89.54545593261719,82.0999984741211,61.08940887451172,100.0,0.0,48.20957503456295,194056.0,14.279525756835938,15.449066162109377,16.564239501953125,16.183441162109375,34.24999952316284
2023-03-19 09:13:02,19.51494598388672,76.08434295654297,194.14876556396484,89.46969604492188,82.30000305175781,61.08940887451172,100.0,0.0,47.32962232535519,194056.0,18.359375,19.74652099609375,15.8570556640625,16.836227416992188,34.24999952316284
2023-03-19 09:13:03,19.495439529418945,75.96385192871094,194.140625,89.46969604492188,81.80000305175781,61.08940887451172,100.0,0.0,48.1739277826288,194056.0,15.530670166015623,19.501739501953125,16.15625,16.700225830078125,34.24999952316284
2023-03-19 09:13:04,19.47411727905273,75.96385192871094,193.4244766235352,89.46969604492188,82.4000015258789,61.08940887451172,100.0,0.0,48.42443187817176,194056.0,16.53704833984375,17.597808837890625,16.101852416992188,16.80902099609375,34.24999952316284
2023-03-19 09:13:05,19.4187240600586,75.96385192871094,192.53743743896484,89.54545593261719,81.4000015258789,61.08578872680664,100.0,0.0,46.312172060830136,194056.0,14.225128173828123,18.168975830078125,15.693862915039062,16.564239501953125,34.24999952316284
2023-03-19 09:13:06,19.360689163208008,76.08434295654297,195.1741485595703,89.54545593261719,82.0999984741211,61.08940887451172,100.0,0.0,47.306798716959634,194056.0,13.980331420898438,16.5914306640625,18.685760498046875,18.304977416992188,34.24999952316284
2023-03-19 09:13:07,19.37600326538086,76.08434295654297,193.5221405029297,89.46969604492188,81.9000015258789,61.08940887451172,100.0,0.0,50.08088875579976,194056.0,14.877899169921877,20.31771850585937,13.73553466796875,16.53704833984375,34.24999952316284
2023-03-19 09:13:08,19.40768814086914,75.96385192871094,195.2555389404297,89.46969604492188,82.80000305175781,61.08940887451172,100.0,0.0,49.39372964785619,194056.0,16.564239501953125,14.578704833984377,19.800933837890625,18.0601806640625,34.24999952316284
2023-03-19 09:13:09,19.42437744140625,75.84337615966797,193.6442031860352,89.46969604492188,81.9000015258789,61.08940887451172,100.0,0.0,51.40660889743565,194056.0,16.67303466796875,20.236114501953125,16.210647583007812,13.626739501953123,34.24999952316284
2023-03-19 09:13:10,19.405229568481445,75.90361022949219,193.5221328735352,89.46969604492188,82.0,61.08940887451172,100.0,0.0,49.1684120264649,194056.0,13.68115234375,17.380218505859375,17.516204833984375,18.57696533203125,34.24999952316284
2023-03-19 09:13:11,19.36750221252441,76.02409362792969,193.3512344360352,89.46969604492188,81.0999984741211,61.08940887451172,100.0,0.0,53.731723160650894,194056.0,14.19793701171875,20.181716918945312,14.932281494140623,14.03472900390625,34.24999952316284
2023-03-19 09:13:12,19.33527946472168,76.08434295654297,193.48958587646484,89.54545593261719,82.80000305175781,61.08578872680664,100.0,0.0,48.31075355212037,194056.0,15.993072509765623,17.733795166015625,14.932281494140623,17.27142333984375,34.24999952316284
2023-03-19 09:13:13,19.287918090820312,76.08434295654297,190.8365859985352,89.54545593261719,82.0999984741211,61.08940887451172,100.0,0.0,50.53875816520352,194057.0,16.3194580078125,17.081024169921875,12.810760498046877,15.367477416992188,34.24999952316284
2023-03-19 09:13:14,19.24503517150879,75.96385192871094,191.4794998168945,89.46969604492188,80.9000015258789,61.08578872680664,100.0,0.0,49.14338349451201,194057.0,10.607650756835938,16.07464599609375,17.9241943359375,15.149887084960938,34.24999952316284
2023-03-19 09:13:15,19.245555877685547,75.96385192871094,192.8466796875,89.46969604492188,81.0,61.08940887451172,100.0,0.0,50.88100202830188,194057.0,14.306732177734377,13.5179443359375,16.945022583007812,17.217010498046875,34.24999952316284
2023-03-19 09:13:16,19.253686904907227,76.02409362792969,193.4977188110352,89.54545593261719,81.9000015258789,61.08940887451172,100.0,0.0,50.07396113736254,194057.0,10.4444580078125,19.90972900390625,16.754638671875,17.162628173828125,34.24999952316284
2023-03-19 09:13:17,19.274566650390625,76.08434295654297,192.7734375,89.46969604492188,82.80000305175781,61.08940887451172,100.0,0.0,47.65763762114286,194057.0,19.03936767578125,18.7945556640625,16.50982666015625,19.71932983398437,34.24999952316284
2023-03-19 09:13:18,19.289072036743164,76.02409362792969,192.61067962646484,89.46969604492188,81.69999694824219,61.08940887451172,100.0,0.0,48.45701500509887,194057.0,13.844329833984377,20.1273193359375,15.993057250976562,17.026611328125,34.24999952316284
2023-03-19 09:13:19,19.3148250579834,76.02409362792969,193.1315078735352,89.46969604492188,81.5999984741211,61.08940887451172,100.0,0.0,47.79213039490029,194057.0,11.559616088867188,16.292236328125,17.380218505859375,16.945022583007812,34.24999952316284
2023-03-19 09:13:20,19.36716079711914,76.02409362792969,191.7887344360352,89.46969604492188,81.5999984741211,61.08940887451172,100.0,0.0,50.24505488986081,194057.0,15.013900756835938,18.413787841796875,15.802658081054688,14.279510498046877,34.24999952316284
2023-03-19 09:13:21,19.41486358642578,76.02409362792969,192.7897109985352,89.46969604492188,81.80000305175781,61.08940887451172,100.0,0.0,47.27699209547519,194057.0,12.837982177734377,17.4617919921875,18.304977416992188,20.1273193359375,34.24999952316284
2023-03-19 09:13:22,19.429935455322266,75.96385192871094,192.7571563720703,89.46969604492188,82.5999984741211,61.08940887451172,100.0,0.0,47.50732275096541,194057.0,18.30499267578125,18.11459350585937,16.047454833984375,16.727432250976562,34.24999952316284
2023-03-19 09:13:23,19.451396942138672,76.02409362792969,192.8873748779297,89.54545593261719,82.70000457763672,61.08940887451172,100.0,0.0,46.68644567721899,194057.0,14.9866943359375,19.556137084960938,13.708343505859377,16.4554443359375,34.24999952316284
2023-03-19 09:13:24,19.47649574279785,76.02409362792969,191.68294525146484,89.54545593261719,82.0999984741211,61.08940887451172,100.0,0.0,50.51189060973963,194057.0,13.925933837890623,18.223388671875,17.896987915039062,13.055557250976562,34.24999952316284
2023-03-19 09:13:25,19.525239944458008,75.96385192871094,192.4886093139648,89.54545593261719,81.69999694824219,61.08578872680664,100.0,0.0,49.57867826320384,194057.0,14.93231201171875,19.501739501953125,16.863433837890625,16.482635498046875,34.24999952316284
2023-03-19 09:13:26,19.59639358520508,75.96385192871094,194.4254531860352,89.46969604492188,81.19999694824219,61.08578872680664,100.0,0.0,49.13901962146956,194057.0,16.129058837890625,16.23785400390625,17.760986328125,16.754638671875,34.24999952316284
2023-03-19 09:13:27,19.636323928833008,76.02409362792969,192.2770233154297,89.46969604492188,82.0999984741211,61.08940887451172,100.0,0.0,48.40985221205956,194057.0,14.306732177734377,19.85531616210937,16.101852416992188,17.951385498046875,34.24999952316284
2023-03-19 09:13:28,19.66809463500977,76.02409362792969,192.96874237060547,89.46969604492188,82.5999984741211,61.08578872680664,100.0,0.0,47.84368893492915,194057.0,17.380218505859375,18.332183837890625,17.352996826171875,14.361114501953123,34.24999952316284
2023-03-19 09:13:29,19.66377067565918,76.02409362792969,192.578125,89.46969604492188,82.0,61.08578872680664,100.0,0.0,50.32421201886147,194057.0,17.13543701171875,18.0601806640625,14.197906494140623,15.50347900390625,34.24999952316284
2023-03-19 09:13:30,19.62384605407715,75.96385192871094,192.75716400146484,89.46969604492188,81.4000015258789,61.08940887451172,100.0,0.0,51.89301618586181,194057.0,15.394683837890623,20.39930725097656,18.84896850585937,14.823486328125,34.24999952316284
2023-03-19 09:13:31,19.59827995300293,75.96385192871094,192.7815704345703,89.54545593261719,81.5999984741211,61.08940887451172,100.0,0.0,49.141659245034354,194057.0,15.421875,15.095489501953123,17.597808837890625,12.892364501953123,34.24999952316284
2023-03-19 09:13:32,19.56691551208496,76.02409362792969,191.796875,89.54545593261719,83.30000305175781,61.08578872680664,100.0,0.0,45.2813899696248,194057.0,13.545150756835938,18.98495483398437,13.925933837890623,14.823486328125,34.24999952316284
2023-03-19 09:13:33,19.550460815429688,75.96385192871094,194.53939056396484,89.54545593261719,82.0,61.08578872680664,100.0,0.0,48.92574578988323,194057.0,17.9241943359375,18.0601806640625,20.31771850585937,16.020263671875,34.24999952316284
2023-03-19 09:13:34,19.560327529907227,76.02409362792969,192.2607421875,89.46969604492188,81.69999694824219,61.08940887451172,100.0,0.0,48.87152398601887,194057.0,15.7210693359375,20.154510498046875,14.551513671875,15.911468505859377,34.24999952316284
2023-03-19 09:13:35,19.546276092529297,76.02409362792969,192.3909454345703,89.46969604492188,81.5999984741211,61.08578872680664,100.0,0.0,49.16112916254468,194057.0,13.109954833984377,17.352996826171875,15.77545166015625,19.3929443359375,34.24999952316284
2023-03-19 09:13:36,19.51722717285156,76.02409362792969,191.845703125,89.46969604492188,82.5,61.08940887451172,100.0,0.0,49.28479861713216,194057.0,13.46356201171875,18.087371826171875,14.796295166015623,16.129058837890625,34.24999952316284
2023-03-19 09:13:37,19.46141815185547,76.02409362792969,192.2607421875,89.46969604492188,82.30000305175781,61.08940887451172,100.0,0.0,47.52817681734734,194057.0,16.020263671875,17.434600830078125,15.20428466796875,16.020263671875,34.24999952316284
2023-03-19 09:13:38,19.37632179260254,75.96385192871094,191.6910781860352,89.46969604492188,82.20000457763672,61.08940887451172,100.0,0.0,48.806499662902205,194057.0,16.183456420898438,16.7274169921875,17.135406494140625,16.292236328125,34.24999952316284
2023-03-19 09:13:39,19.295578002929688,75.96385192871094,193.40819549560547,89.46969604492188,81.69999694824219,61.08940887451172,100.0,0.0,48.40170583723128,194057.0,14.170730590820312,19.88252258300781,18.495361328125,19.9913330078125,34.24999952316284
2023-03-19 09:13:40,19.25318145751953,75.96385192871094,191.5934219360352,89.54545593261719,81.5,61.08940887451172,100.0,0.0,50.252806856047805,194057.0,14.388320922851562,19.09375,13.381942749023438,15.177093505859377,34.24999952316284
2023-03-19 09:13:41,19.19547462463379,76.02409362792969,191.4469375610352,89.54545593261719,82.4000015258789,61.08940887451172,100.0,0.0,49.40319081252037,194057.0,12.810775756835938,16.428253173828125,16.700225830078125,16.67303466796875,34.24999952316284
2023-03-19 09:13:42,19.17864227294922,76.02409362792969,192.5211639404297,89.46969604492188,83.20000457763672,61.08940887451172,100.0,0.0,48.173644960603205,194057.0,17.733795166015625,17.4617919921875,18.087371826171875,16.15625,34.24999952316284
2023-03-19 09:13:43,19.189184188842773,76.02409362792969,191.8945388793945,89.46969604492188,81.80000305175781,61.08578872680664,100.0,0.0,50.06786642902816,194057.0,17.108230590820312,20.78009033203125,16.5914306640625,15.149887084960938,34.24999952316284
2023-03-19 09:13:44,19.196815490722656,76.02409362792969,194.23828125,89.46969604492188,82.80000305175781,61.08940887451172,100.0,0.0,50.35676783915204,194057.0,18.6585693359375,17.026611328125,20.2633056640625,15.258682250976562,34.24999952316284
2023-03-19 09:13:45,19.207056045532227,75.96385192871094,194.0673828125,89.46969604492188,81.80000305175781,61.08940887451172,100.0,0.0,48.732991732198585,194057.0,13.055572509765623,18.032989501953125,19.31134033203125,17.733795166015625,34.24999952316284
2023-03-19 09:13:46,19.20219612121582,76.02409362792969,192.8955078125,89.46969604492188,82.9000015258789,61.08940887451172,100.0,0.0,48.14546449106783,194057.0,17.1898193359375,16.265045166015625,18.38656616210937,17.380218505859375,34.24999952316284
2023-03-19 09:13:47,19.18675994873047,75.96385192871094,192.14681243896484,89.54545593261719,81.69999694824219,61.08940887451172,100.0,0.0,50.03016068174326,194057.0,15.88427734375,18.14178466796875,15.313079833984377,16.101852416992188,34.24999952316284
2023-03-19 09:13:48,19.205121994018555,75.96385192871094,192.04915618896484,89.54545593261719,82.5999984741211,61.08940887451172,100.0,0.0,46.877897788413264,194057.0,17.298614501953125,18.11459350585937,18.168975830078125,18.11459350585937,34.24999952316284
2023-03-19 09:13:49,19.22772216796875,76.02409362792969,191.97591400146484,89.54545593261719,82.0,61.08940887451172,100.0,0.0,50.43228159808525,194057.0,18.25057983398437,17.4617919921875,17.298614501953125,16.836227416992188,34.24999952316284
2023-03-19 09:13:50,19.276185989379883,76.02409362792969,192.0654296875,89.54545593261719,81.80000305175781,61.08940887451172,100.0,0.0,51.50616948503172,194057.0,12.21240234375,20.671295166015625,15.013885498046877,12.7835693359375,34.24999952316284
2023-03-19 09:13:51,19.36346435546875,76.02409362792969,190.9423828125,89.54545593261719,82.0,61.08940887451172,100.0,0.0,49.42139179624336,194057.0,17.625,18.9305419921875,16.945022583007812,16.07464599609375,34.24999952316284
2023-03-19 09:13:52,19.420316696166992,75.96385192871094,191.3167266845703,89.46969604492188,82.70000457763672,61.08940887451172,100.0,0.0,48.43734653435396,194057.0,14.551513671875,19.066558837890625,16.15625,14.8507080078125,34.24999952316284
2023-03-19 09:13:53,19.497175216674805,75.96385192871094,192.7734375,89.46969604492188,82.9000015258789,61.08940887451172,100.0,0.0,45.81795397928124,194057.0,18.032989501953125,16.50982666015625,19.066558837890625,15.5850830078125,34.24999952316284
2023-03-19 09:13:54,19.53792381286621,76.02409362792969,190.5843048095703,89.46969604492188,81.9000015258789,61.08940887451172,100.0,0.0,48.46050826968402,194057.0,14.823516845703123,19.61053466796875,13.354736328125,16.836227416992188,34.24999952316284
2023-03-19 09:13:55,19.53834342956543,76.02409362792969,192.0166015625,89.46969604492188,81.5999984741211,61.08940887451172,100.0,0.0,47.49233857352003,194057.0,12.86517333984375,17.733795166015625,13.082763671875,17.733795166015625,34.24999952316284
2023-03-19 09:13:56,19.540714263916016,76.08434295654297,191.43065643310547,89.54545593261719,81.4000015258789,61.08940887451172,100.0,0.0,49.75867836308226,194057.0,15.449081420898438,15.06829833984375,13.545135498046877,18.44097900390625,34.24999952316284
2023-03-19 09:13:57,19.532400131225582,76.02409362792969,193.7744140625,89.46969604492188,81.69999694824219,61.08940887451172,100.0,0.0,48.9606350329175,194057.0,14.741912841796877,18.7945556640625,17.679397583007812,18.604171752929688,34.24999952316284
2023-03-19 09:13:58,19.530744552612305,75.96385192871094,191.5445938110352,89.46969604492188,82.70000457763672,61.08940887451172,100.0,0.0,49.14746426543265,194057.0,17.679412841796875,19.47454833984375,18.032989501953125,17.815399169921875,34.24999952316284
2023-03-19 09:13:59,19.540019989013672,75.96385192871094,191.9108123779297,89.54545593261719,80.9000015258789,61.08940887451172,100.0,0.0,50.47253450062169,194057.0,13.5179443359375,19.03936767578125,16.700225830078125,11.722808837890623,34.24999952316284
2023-03-19 09:14:00,19.52996063232422,75.96385192871094,191.09700775146484,89.54545593261719,82.20000457763672,61.08940887451172,100.0,0.0,45.4311686005834,194057.0,18.87615966796875,15.748260498046877,18.6585693359375,14.3883056640625,34.24999952316284
2023-03-19 09:14:01,19.51531791687012,76.02409362792969,191.82942962646484,89.54545593261719,82.4000015258789,61.08578872680664,100.0,0.0,47.91635882277799,194057.0,16.4554443359375,15.693878173828123,18.005783081054688,15.449066162109377,34.24999952316284
2023-03-19 09:14:02,19.484983444213867,76.08434295654297,191.8701171875,89.46969604492188,82.0999984741211,61.08940887451172,100.0,0.0,48.31286417444135,194057.0,15.965866088867188,18.0601806640625,17.162612915039062,15.93865966796875,34.24999952316284
2023-03-19 09:14:03,19.41411018371582,76.02409362792969,191.7724609375,89.46969604492188,82.5,61.08940887451172,100.0,0.0,48.511031936167946,194057.0,16.428253173828125,17.217010498046875,18.44097900390625,17.7882080078125,34.24999952316284
2023-03-19 09:14:04,19.338367462158203,76.02409362792969,193.2047576904297,89.46969604492188,81.5999984741211,61.08940887451172,100.0,0.0,49.81010277867148,194057.0,13.871536254882812,21.024887084960938,20.18170166015625,15.993057250976562,34.22499942779541
2023-03-19 09:14:05,19.300350189208984,75.96385192871094,189.4205780029297,89.46969604492188,81.5999984741211,61.08940887451172,100.0,0.0,48.21463271555465,194057.0,13.817138671875,15.04107666015625,18.6585693359375,15.557861328125,34.24999952316284
2023-03-19 09:14:06,19.279125213623047,76.02409362792969,192.02474212646484,89.54545593261719,82.5999984741211,61.08940887451172,100.0,0.0,48.11703351486286,194057.0,15.14990234375,20.2633056640625,16.97222900390625,19.773727416992188,34.22499942779541
2023-03-19 09:14:07,19.289798736572266,75.96385192871094,192.333984375,89.54545593261719,82.0999984741211,61.08940887451172,100.0,0.0,48.0992358660432,194057.0,12.402786254882812,19.85531616210937,18.25057983398437,16.836227416992188,34.22499942779541
2023-03-19 09:14:08,19.28791236877441,76.02409362792969,192.28515625,89.54545593261719,82.0,61.08940887451172,100.0,0.0,49.26149435431932,194057.0,15.993072509765623,19.447341918945312,16.15625,15.993057250976562,34.24999952316284
2023-03-19 09:14:09,19.2762508392334,76.02409362792969,190.77962493896484,89.54545593261719,81.80000305175781,61.08940887451172,100.0,0.0,47.670114315743625,194057.0,16.373855590820312,18.5225830078125,18.93055725097656,15.313079833984377,34.24999952316284
2023-03-19 09:14:10,19.25864791870117,76.02409362792969,190.7877655029297,89.46969604492188,82.20000457763672,61.08578872680664,100.0,0.0,47.27626893641904,194057.0,14.306732177734377,19.936920166015625,17.570602416992188,12.810760498046877,34.22499942779541
2023-03-19 09:14:11,19.238990783691406,76.02409362792969,191.8863906860352,89.46969604492188,82.80000305175781,61.08940887451172,100.0,0.0,48.67050152417443,194057.0,15.911468505859377,17.489013671875,18.223388671875,17.1898193359375,34.24999952316284
2023-03-19 09:14:12,19.218982696533203,76.02409362792969,191.0807266235352,89.46969604492188,82.9000015258789,61.08578872680664,100.0,0.0,47.077308475487285,194057.0,17.679412841796875,17.760986328125,17.97857666015625,16.564239501953125,34.22499942779541
2023-03-19 09:14:13,19.23403549194336,76.02409362792969,192.18749237060547,89.46969604492188,81.9000015258789,61.08578872680664,100.0,0.0,48.73314244676857,194057.0,15.612274169921877,18.0601806640625,18.41377258300781,16.428253173828125,34.24999952316284
2023-03-19 09:14:14,19.243104934692383,75.96385192871094,191.53646087646484,89.46969604492188,81.30000305175781,61.08940887451172,100.0,0.0,52.02132882489311,194057.0,15.5850830078125,16.50982666015625,17.733795166015625,18.631378173828125,34.24999952316284
2023-03-19 09:14:15,19.292999267578125,75.96385192871094,192.8385467529297,89.46969604492188,82.20000457763672,61.08940887451172,100.0,0.0,50.13819602953529,194057.0,14.361114501953123,18.9305419921875,18.032989501953125,17.380218505859375,34.24999952316284
2023-03-19 09:14:16,19.356658935546875,75.96385192871094,192.6188201904297,89.46969604492188,82.5,61.08940887451172,100.0,0.0,48.24365145306718,194057.0,15.7210693359375,15.557861328125,16.401031494140625,20.20892333984375,34.24999952316284
2023-03-19 09:14:17,19.41848564147949,75.96385192871094,193.1315078735352,89.46969604492188,82.0,61.08940887451172,100.0,0.0,49.51263343764326,194057.0,15.857070922851562,20.8616943359375,18.740158081054688,17.679397583007812,34.22499942779541
2023-03-19 09:14:18,19.50185203552246,76.08434295654297,191.8701171875,89.46969604492188,82.5,61.08940887451172,100.0,0.0,48.4212611228209,194057.0,15.7210693359375,19.637725830078125,17.3258056640625,17.54339599609375,34.24999952316284
2023-03-19 09:14:19,19.513233184814453,76.08434295654297,191.60970306396484,89.54545593261719,81.9000015258789,61.08940887451172,100.0,0.0,48.65676570398827,194057.0,16.183456420898438,17.217010498046875,13.545135498046877,17.40740966796875,34.22499942779541
2023-03-19 09:14:20,19.48245620727539,76.02409362792969,191.3981094360352,89.54545593261719,82.4000015258789,61.08578872680664,100.0,0.0,49.8110721531075,194057.0,19.01216125488281,15.313079833984377,16.047454833984375,15.748260498046877,34.22499942779541
2023-03-19 09:14:21,19.47700881958008,75.96385192871094,190.91796875,89.54545593261719,81.9000015258789,61.08940887451172,100.0,0.0,48.42647050470829,194057.0,14.225128173828123,16.53704833984375,18.332183837890625,16.047454833984375,34.22499942779541
2023-03-19 09:14:22,19.460771560668945,75.96385192871094,191.65038299560547,89.46969604492188,81.80000305175781,61.08578872680664,100.0,0.0,49.81727236632893,194057.0,18.74017333984375,18.6585693359375,18.57696533203125,15.394683837890623,34.22499942779541
2023-03-19 09:14:23,19.46995735168457,76.02409362792969,191.064453125,89.46969604492188,81.80000305175781,61.08940887451172,100.0,0.0,48.61744174712342,194057.0,15.449081420898438,17.026611328125,16.564239501953125,18.27777099609375,34.22499942779541
2023-03-19 09:14:24,19.49994468688965,76.02409362792969,192.53743743896484,89.46969604492188,81.19999694824219,61.08940887451172,100.0,0.0,50.910930772144845,194057.0,14.1163330078125,20.48089599609375,19.85531616210937,17.516204833984375,34.24999952316284
2023-03-19 09:14:25,19.517019271850582,76.02409362792969,191.943359375,89.46969604492188,82.30000305175781,61.08578872680664,100.0,0.0,49.053741011883766,194057.0,18.44097900390625,17.135406494140625,18.14178466796875,16.07464599609375,34.22499942779541
2023-03-19 09:14:26,19.521116256713867,75.96385192871094,191.1458358764648,89.46969604492188,82.0,61.08940887451172,100.0,0.0,48.77465857040865,194057.0,14.796295166015623,17.652191162109375,19.365737915039062,17.625,34.22499942779541
2023-03-19 09:14:27,19.50334548950196,76.02409362792969,190.53548431396484,89.54545593261719,82.30000305175781,61.08940887451172,100.0,0.0,45.42516710886744,194057.0,17.652206420898438,20.154510498046875,15.258682250976562,17.54339599609375,34.24999952316284
2023-03-19 09:14:28,19.43464469909668,76.02409362792969,189.5914688110352,89.54545593261719,81.30000305175781,61.08940887451172,100.0,0.0,51.02795281073348,194057.0,16.53704833984375,20.535308837890625,13.327545166015623,17.380218505859375,34.22499942779541
2023-03-19 09:14:29,19.386096954345703,76.02409362792969,192.04915618896484,89.54545593261719,83.0,61.08940887451172,100.0,0.0,47.55371590702701,194057.0,17.108230590820312,20.1273193359375,17.815399169921875,18.032989501953125,34.24999952316284
2023-03-19 09:14:30,19.37438201904297,75.96385192871094,192.2526016235352,89.46969604492188,81.80000305175781,61.08940887451172,100.0,0.0,51.16836819076969,194057.0,12.674774169921877,17.869781494140625,19.12094116210937,19.5289306640625,34.22499942779541
2023-03-19 09:14:31,19.37451171875,75.96385192871094,191.5445938110352,89.46969604492188,81.4000015258789,61.08578872680664,100.0,0.0,50.67094576554979,194057.0,17.978607177734375,20.64410400390625,17.162612915039062,15.095489501953123,34.22499942779541
2023-03-19 09:14:32,19.40073204040528,75.96385192871094,191.69921875,89.46969604492188,82.0,61.08940887451172,100.0,0.0,49.46728897630462,194057.0,12.538787841796877,18.767364501953125,17.516204833984375,16.67303466796875,34.22499942779541
2023-03-19 09:14:33,19.410762786865234,76.02409362792969,190.34017181396484,89.46969604492188,82.0,61.08940887451172,100.0,0.0,46.56964093927088,194057.0,18.468170166015625,17.897003173828125,15.557861328125,16.4554443359375,34.22499942779541
2023-03-19 09:14:34,19.42321014404297,76.02409362792969,191.3655624389648,89.54545593261719,81.5999984741211,61.08940887451172,100.0,0.0,50.4768462381164,194057.0,17.543411254882812,19.637725830078125,16.020263671875,17.461807250976562,34.22499942779541
2023-03-19 09:14:35,19.42431831359864,76.02409362792969,191.54458618164065,89.46969604492188,82.0,61.08940887451172,100.0,0.0,51.50511143185585,194057.0,14.741912841796877,18.74017333984375,17.733795166015625,18.604171752929688,34.22499942779541
2023-03-19 09:14:36,19.38305854797364,75.96385192871094,193.8639297485352,89.46969604492188,81.80000305175781,61.08940887451172,100.0,0.0,48.44894007806298,194057.0,16.61865234375,21.67767333984375,20.61689758300781,17.244216918945312,34.22499942779541
2023-03-19 09:14:37,19.35531234741211,75.96385192871094,190.9342498779297,89.54545593261719,81.5,61.08940887451172,100.0,0.0,50.30304674195029,194057.0,16.346649169921875,17.652191162109375,18.087371826171875,18.11459350585937,34.22499942779541
2023-03-19 09:14:38,19.35432243347168,76.02409362792969,191.02376556396484,89.54545593261719,81.80000305175781,61.08940887451172,100.0,0.0,50.046819139669424,194057.0,18.14178466796875,19.01214599609375,15.1226806640625,14.497100830078123,34.22499942779541
2023-03-19 09:14:39,19.353084564208984,76.08434295654297,191.1702423095703,89.54545593261719,81.5,61.08940887451172,100.0,0.0,47.73105141727418,194057.0,13.028366088867188,17.897003173828125,15.04107666015625,19.556137084960938,34.22499942779541
2023-03-19 09:14:40,19.389938354492188,76.02409362792969,192.2932891845703,89.46969604492188,82.0,61.08578872680664,100.0,0.0,49.29276930589209,194057.0,18.08740234375,21.18807983398437,18.495361328125,16.4554443359375,34.22499942779541
2023-03-19 09:14:41,19.4009017944336,75.96385192871094,191.2190704345703,89.46969604492188,81.9000015258789,61.08940887451172,100.0,0.0,50.84828847995311,194057.0,15.775482177734377,18.631378173828125,19.365737915039062,15.421875,34.22499942779541
2023-03-19 09:14:42,19.40713882446289,75.96385192871094,191.92708587646484,89.46969604492188,82.20000457763672,61.08578872680664,100.0,0.0,49.31359704685929,194057.0,15.14990234375,18.44097900390625,18.087371826171875,16.917816162109375,34.22499942779541
2023-03-19 09:14:43,19.407941818237305,75.96385192871094,190.8854141235352,89.46969604492188,81.0999984741211,61.08940887451172,100.0,0.0,52.86964066399282,194057.0,15.449081420898438,19.58334350585937,14.442718505859377,15.530670166015623,34.22499942779541
2023-03-19 09:14:44,19.36969757080078,76.08434295654297,190.6494140625,89.46969604492188,81.80000305175781,61.08940887451172,100.0,0.0,49.26465599243745,194057.0,16.945037841796875,16.482635498046875,14.959487915039062,17.733795166015625,34.22499942779541
2023-03-19 09:14:45,19.347496032714844,76.02409362792969,192.2037734985352,89.46969604492188,82.30000305175781,61.08578872680664,100.0,0.0,51.24783529810739,194057.0,17.325820922851562,17.84259033203125,19.229736328125,19.58334350585937,34.22499942779541
2023-03-19 09:14:46,19.35234642028809,76.02409362792969,190.38899993896484,89.46969604492188,82.5999984741211,61.08940887451172,100.0,0.0,49.312316735630056,194057.0,13.68115234375,18.98495483398437,15.802658081054688,18.0601806640625,34.22499942779541
2023-03-19 09:14:47,19.361467361450195,75.96385192871094,191.1539688110352,89.54545593261719,81.5,61.08940887451172,100.0,0.0,49.12420558201988,194057.0,12.402786254882812,18.30499267578125,17.652191162109375,15.748260498046877,34.22499942779541
2023-03-19 09:14:48,19.400053024291992,75.96385192871094,189.2578125,89.54545593261719,82.5,61.08940887451172,100.0,0.0,46.74154582318828,194057.0,16.591445922851562,18.87615966796875,14.9866943359375,19.828125,34.22499942779541
2023-03-19 09:14:49,19.442279815673828,76.02409362792969,192.5699844360352,89.54545593261719,81.9000015258789,61.08940887451172,100.0,0.0,51.19327730597799,194057.0,17.434616088867188,17.162628173828125,20.834487915039062,15.50347900390625,34.22499942779541
2023-03-19 09:14:50,19.473987579345703,76.02409362792969,191.3004608154297,89.46969604492188,82.30000305175781,61.08940887451172,100.0,0.0,48.13769481187912,194057.0,15.06829833984375,16.564239501953125,17.026611328125,18.087387084960938,34.22499942779541
2023-03-19 09:14:51,19.49132537841797,76.02409362792969,191.3492813110352,89.46969604492188,81.80000305175781,61.08940887451172,100.0,0.0,48.008548724795645,194057.0,14.524322509765623,19.066558837890625,18.0601806640625,13.817138671875,34.22499942779541
2023-03-19 09:14:52,19.476045608520508,75.96385192871094,190.5598907470703,89.46969604492188,82.70000457763672,61.08940887451172,100.0,0.0,48.4270226872693,194057.0,17.434616088867188,20.39930725097656,16.482635498046875,18.631378173828125,34.22499942779541
2023-03-19 09:14:53,19.430938720703125,75.96385192871094,191.31673431396484,89.46969604492188,81.4000015258789,61.08940887451172,100.0,0.0,49.38278343225284,194057.0,18.767364501953125,19.17535400390625,17.896987915039062,18.903350830078125,34.22499942779541
2023-03-19 09:14:54,19.4067325592041,75.96385192871094,191.3574295043945,89.54545593261719,81.19999694824219,61.08940887451172,100.0,0.0,50.48549173406985,194057.0,18.38658142089844,15.965850830078123,19.338531494140625,17.9241943359375,34.22499942779541
2023-03-19 09:14:55,19.37529754638672,75.96385192871094,190.0146484375,89.54545593261719,82.4000015258789,61.08940887451172,100.0,0.0,48.49802436171005,194057.0,15.857070922851562,20.888885498046875,14.116317749023438,16.945022583007812,34.22499942779541
2023-03-19 09:14:56,19.37758445739746,76.02409362792969,190.58431243896484,89.46969604492188,82.4000015258789,61.08940887451172,100.0,0.0,46.67288810844304,194057.0,15.313079833984377,16.3194580078125,18.6585693359375,18.5225830078125,34.22499942779541
2023-03-19 09:14:57,19.400117874145508,76.02409362792969,189.4205780029297,89.46969604492188,81.9000015258789,61.08940887451172,100.0,0.0,50.13482631287465,194057.0,17.298614501953125,19.828125,14.197906494140623,13.5179443359375,34.22499942779541
2023-03-19 09:14:58,19.42073440551757,75.96385192871094,191.97591400146484,89.46969604492188,82.30000305175781,61.08940887451172,100.0,0.0,47.79376261655553,194057.0,14.442718505859377,18.98495483398437,21.13368225097656,17.54339599609375,34.22499942779541
2023-03-19 09:14:59,19.42109680175781,76.02409362792969,191.3248748779297,89.54545593261719,82.30000305175781,61.08940887451172,100.0,0.0,49.171680949039946,194057.0,16.67303466796875,15.9930419921875,17.10821533203125,18.38656616210937,34.22499942779541
2023-03-19 09:15:00,19.407350540161133,76.02409362792969,190.4296875,89.54545593261719,82.30000305175781,61.08940887451172,100.0,0.0,50.60713671817145,194057.0,17.679412841796875,19.202545166015625,21.13368225097656,14.279510498046877,34.22499942779541
2023-03-19 09:15:01,19.352149963378903,76.02409362792969,190.77962493896484,89.46969604492188,81.0999984741211,61.08940887451172,100.0,0.0,50.94566641369591,194057.0,15.612274169921877,18.1961669921875,17.97857666015625,18.604171752929688,34.22499942779541
2023-03-19 09:15:02,19.31975173950196,76.02409362792969,190.2587966918945,89.46969604492188,82.4000015258789,61.08940887451172,100.0,0.0,48.11304996666044,194057.0,14.877899169921877,17.97857666015625,16.564239501953125,17.652191162109375,34.22499942779541
2023-03-19 09:15:03,19.29923820495605,75.96385192871094,190.4703750610352,89.46969604492188,81.80000305175781,61.08940887451172,100.0,0.0,48.7757919045964,194057.0,17.244232177734375,17.760986328125,14.633102416992188,17.679397583007812,34.22499942779541
2023-03-19 09:15:04,19.2918758392334,75.96385192871094,191.4550857543945,89.46969604492188,82.5,61.08940887451172,100.0,0.0,46.35572844487898,194057.0,12.94677734375,18.6585693359375,18.93055725097656,17.461807250976562,34.22499942779541
2023-03-19 09:15:05,19.32671546936035,76.02409362792969,191.1539764404297,89.46969604492188,82.4000015258789,61.08940887451172,100.0,0.0,49.96484177813262,194057.0,18.957763671875,17.4617919921875,18.41377258300781,18.57696533203125,34.22499942779541
2023-03-19 09:15:06,19.350568771362305,76.02409362792969,189.9088516235352,89.46969604492188,81.80000305175781,61.08940887451172,100.0,0.0,48.84161822784231,194057.0,10.36285400390625,21.976852416992188,16.67303466796875,17.434600830078125,34.22499942779541
2023-03-19 09:15:07,19.384540557861328,76.02409362792969,190.5924453735352,89.46969604492188,82.30000305175781,61.08940887451172,100.0,0.0,49.39606499288306,194057.0,18.25057983398437,17.135406494140625,18.0601806640625,17.978591918945312,34.22499942779541
2023-03-19 09:15:08,19.3884220123291,76.02409362792969,190.380859375,89.46969604492188,82.0,61.08940887451172,100.0,0.0,49.69996115145551,194057.0,14.93231201171875,17.4617919921875,15.231475830078123,17.625,34.22499942779541
2023-03-19 09:15:09,19.352821350097656,75.96385192871094,192.0166015625,89.46969604492188,82.9000015258789,61.08940887451172,100.0,0.0,48.17636174694366,194057.0,16.292266845703125,15.612274169921877,22.629638671875,17.026611328125,34.22499942779541
2023-03-19 09:15:10,19.32406616210937,76.02409362792969,190.29134368896484,89.54545593261719,82.0,61.08578872680664,100.0,0.0,49.76555050370256,194057.0,18.223388671875,20.807281494140625,15.476272583007812,16.97222900390625,34.22499942779541
2023-03-19 09:15:11,19.31739044189453,76.02409362792969,189.0625,89.54545593261719,82.30000305175781,61.08940887451172,100.0,0.0,48.46256727471782,194057.0,14.143524169921877,18.168975830078125,15.666656494140623,14.497100830078123,34.22499942779541
2023-03-19 09:15:12,19.327749252319336,76.02409362792969,190.5029296875,89.54545593261719,82.0,61.08578872680664,100.0,0.0,50.312339693251175,194057.0,16.67303466796875,19.31134033203125,16.863433837890625,18.087387084960938,34.22499942779541
2023-03-19 09:15:13,19.375638961791992,75.96385192871094,190.2018280029297,89.46969604492188,81.69999694824219,61.08940887451172,100.0,0.0,49.26140948169572,194057.0,15.449081420898438,15.285888671875,18.38656616210937,16.183441162109375,34.22499942779541
2023-03-19 09:15:14,19.424461364746094,75.96385192871094,191.58528900146484,89.46969604492188,81.5999984741211,61.08940887451172,100.00360870361328,0.0,48.2787473149089,194057.0,16.781829833984375,14.225128173828123,19.556121826171875,19.09375,34.22499942779541
2023-03-19 09:15:15,19.46664047241211,75.96385192871094,189.3636016845703,89.46969604492188,82.20000457763672,61.08940887451172,100.00360870361328,0.0,48.20065105996144,194057.0,16.292266845703125,20.154510498046875,15.557861328125,17.081024169921875,34.22499942779541
2023-03-19 09:15:16,19.486480712890625,76.02409362792969,191.12142181396484,89.46969604492188,82.0,61.08940887451172,100.0,0.0,49.3686094728072,194057.0,18.60418701171875,14.578704833984377,20.61689758300781,16.945022583007812,34.22499942779541
2023-03-19 09:15:17,19.4748764038086,76.02409362792969,191.7236404418945,89.46969604492188,81.4000015258789,61.08940887451172,100.00360870361328,0.0,51.03277369720649,194057.0,13.68115234375,19.3929443359375,19.556121826171875,17.298614501953125,34.22499942779541
2023-03-19 09:15:18,19.45181655883789,75.96385192871094,191.90267181396484,89.46969604492188,82.70000457763672,61.08940887451172,100.0,0.0,48.25575911563768,194057.0,18.5225830078125,17.0538330078125,16.5914306640625,15.8570556640625,34.22499942779541
2023-03-19 09:15:19,19.446044921875,76.02409362792969,193.73372650146484,89.46969604492188,82.5,61.08940887451172,100.00360870361328,0.0,48.99850215706645,194057.0,14.578704833984377,21.432861328125,18.19618225097656,17.434600830078125,34.22499942779541
2023-03-19 09:15:20,19.42766761779785,75.96385192871094,194.4010391235352,89.46969604492188,82.5,61.08940887451172,100.00360870361328,0.0,47.18667576177684,194057.0,17.842605590820312,18.0601806640625,18.93055725097656,17.434600830078125,34.22499942779541
2023-03-19 09:15:21,19.44424629211425,75.96385192871094,194.7998123168945,89.46969604492188,82.5,61.08940887451172,100.00360870361328,0.0,51.13301596908496,194057.0,17.162628173828125,18.1961669921875,16.645843505859375,17.625,34.22499942779541
2023-03-19 09:15:22,19.45115089416504,75.96385192871094,194.3522109985352,89.54545593261719,82.30000305175781,61.08940887451172,100.0,0.0,47.44040809942729,194057.0,12.837982177734377,19.338531494140625,16.618621826171875,17.1898193359375,34.22499942779541
2023-03-19 09:15:23,19.45667839050293,75.96385192871094,196.1263046264648,89.46969604492188,81.69999694824219,61.08940887451172,100.0,0.0,50.93134049015072,194057.0,15.5850830078125,16.020263671875,18.27777099609375,18.223388671875,34.22499942779541
2023-03-19 09:15:24,19.444448471069336,76.02409362792969,195.2880859375,89.46969604492188,81.9000015258789,61.08940887451172,100.0,0.0,49.73315411235343,194057.0,17.244232177734375,21.541656494140625,14.061920166015623,16.53704833984375,34.22499942779541
2023-03-19 09:15:25,19.40873336791992,76.02409362792969,196.5576171875,89.46969604492188,81.5999984741211,61.08940887451172,100.0,0.0,51.30065372965535,194057.0,16.40106201171875,15.77545166015625,16.700225830078125,18.332183837890625,34.22499942779541
2023-03-19 09:15:26,19.35005569458008,76.02409362792969,195.0113906860352,89.46969604492188,81.0,61.08578872680664,100.0,0.0,52.63965211638203,194057.0,15.285888671875,22.004058837890625,13.490737915039062,18.168975830078125,34.22499942779541
2023-03-19 09:15:27,19.327905654907227,75.96385192871094,196.6634063720703,89.46969604492188,82.30000305175781,61.08578872680664,100.0,0.0,48.03465040175602,194057.0,12.674774169921877,18.0601806640625,18.685760498046875,15.911468505859377,34.22499942779541
2023-03-19 09:15:28,19.305280685424805,76.02409362792969,191.8863906860352,89.46969604492188,82.5,61.08940887451172,100.00360870361328,0.0,50.55661285100558,194057.0,16.999420166015625,14.76910400390625,18.25057983398437,18.25057983398437,34.22499942779541
2023-03-19 09:15:29,19.32451820373535,75.96385192871094,190.0553436279297,89.46969604492188,81.5,61.08940887451172,100.0,0.0,52.80236898112867,194057.0,17.298614501953125,17.298614501953125,18.168975830078125,14.2523193359375,34.22499942779541
2023-03-19 09:15:30,19.37304878234864,76.02409362792969,193.24544525146484,89.46969604492188,81.69999694824219,61.08940887451172,100.0,0.0,50.20758158588652,194057.0,15.20428466796875,14.1163330078125,20.100112915039062,18.7945556640625,34.22499942779541
2023-03-19 09:15:31,19.397668838500977,76.02409362792969,191.31673431396484,89.46969604492188,81.30000305175781,61.08940887451172,100.0,0.0,48.594517975233934,194057.0,15.965866088867188,21.05209350585937,17.869781494140625,13.545135498046877,34.22499942779541
2023-03-19 09:15:32,19.41025352478028,76.02409362792969,192.2688751220703,89.46969604492188,82.9000015258789,61.08940887451172,100.0,0.0,48.84252237223902,194057.0,17.1898193359375,14.415496826171877,17.081024169921875,18.032989501953125,34.22499942779541
2023-03-19 09:15:33,19.40508079528809,76.02409362792969,191.70735931396484,89.54545593261719,82.20000457763672,61.08940887451172,100.0,0.0,49.90572930545178,194057.0,14.660308837890623,21.024887084960938,18.25057983398437,17.7882080078125,34.22499942779541
2023-03-19 09:15:34,19.373714447021484,75.96385192871094,191.3248748779297,89.54545593261719,81.4000015258789,61.08940887451172,100.0,0.0,50.05907059341725,194057.0,12.239593505859377,16.346649169921875,18.11459350585937,17.70660400390625,34.22499942779541
2023-03-19 09:15:35,19.35234642028809,75.96385192871094,191.3736953735352,89.54545593261719,82.0,61.08578872680664,100.0,0.0,49.18205362143848,194057.0,16.047454833984375,19.01214599609375,15.177093505859377,18.032989501953125,34.22499942779541
2023-03-19 09:15:36,19.3393611907959,76.02409362792969,192.0247344970703,89.46969604492188,82.4000015258789,61.08940887451172,100.0,0.0,48.380355829908986,194057.0,19.501739501953125,17.217010498046875,19.936920166015625,15.06829833984375,34.22499942779541
2023-03-19 09:15:37,19.353654861450195,76.02409362792969,191.23534393310547,89.46969604492188,83.0999984741211,61.08940887451172,100.0,0.0,48.43215048474463,194057.0,15.748275756835938,18.413787841796875,18.468170166015625,17.869796752929688,34.22499942779541
2023-03-19 09:15:38,19.40215301513672,76.08434295654297,192.7978515625,89.46969604492188,82.80000305175781,61.08940887451172,100.0,0.0,46.93360322270759,194057.0,14.03472900390625,18.11459350585937,20.2633056640625,15.5850830078125,34.22499942779541
2023-03-19 09:15:39,19.4336166381836,76.02409362792969,190.869140625,89.46969604492188,81.4000015258789,61.08940887451172,100.0,0.0,51.12651151086111,194057.0,17.57061767578125,17.733795166015625,15.149871826171877,17.978591918945312,34.22499942779541
2023-03-19 09:15:40,19.46329689025879,75.96385192871094,191.6259841918945,89.46969604492188,81.69999694824219,61.08578872680664,100.0,0.0,50.07641469005494,194057.0,12.6475830078125,17.27142333984375,18.11459350585937,12.593170166015623,34.22499942779541
2023-03-19 09:15:41,19.47332763671875,75.96385192871094,192.529296875,89.54545593261719,82.0999984741211,61.08940887451172,100.0,0.0,49.88706850550539,194057.0,16.265045166015625,14.5242919921875,17.679397583007812,15.313079833984377,34.22499942779541
2023-03-19 09:15:42,19.448625564575195,75.96385192871094,191.0319061279297,89.54545593261719,81.19999694824219,61.08578872680664,100.0,0.0,48.876322991765655,194057.0,11.559616088867188,21.07928466796875,15.231475830078123,17.760986328125,34.22499942779541
2023-03-19 09:15:43,19.42734718322754,76.02409362792969,191.6096954345703,89.46969604492188,81.9000015258789,61.08940887451172,100.0,0.0,48.39182369097322,194057.0,16.863433837890625,17.217010498046875,14.60589599609375,20.752899169921875,34.22499942779541
2023-03-19 09:15:44,19.40789031982422,76.02409362792969,190.5192031860352,89.46969604492188,81.80000305175781,61.08578872680664,100.0,0.0,49.848742703426446,194057.0,15.80267333984375,22.303253173828125,11.015625,18.332183837890625,34.22499942779541
2023-03-19 09:15:45,19.39038848876953,76.02409362792969,193.5628204345703,89.46969604492188,82.5,61.08578872680664,100.0,0.0,48.859413713040574,194057.0,14.225128173828123,17.84259033203125,20.154510498046875,19.066558837890625,34.22499942779541
2023-03-19 09:15:46,19.42514419555664,75.96385192871094,192.236328125,89.46969604492188,82.0,61.08940887451172,100.0,0.0,50.0655775467702,194057.0,16.183456420898438,15.285888671875,17.135406494140625,19.61053466796875,34.22499942779541
2023-03-19 09:15:47,19.44618225097656,75.96385192871094,191.650390625,89.46969604492188,82.0999984741211,61.08940887451172,100.0,0.0,50.64031867312711,194057.0,17.543411254882812,17.597808837890625,17.24420166015625,17.760986328125,34.22499942779541
2023-03-19 09:15:48,19.469133377075195,75.96385192871094,191.6178359985352,89.46969604492188,82.30000305175781,61.08940887451172,100.0,0.0,49.06277268731522,194057.0,17.516204833984375,16.15625,18.41377258300781,16.37384033203125,34.22499942779541
2023-03-19 09:15:49,19.474109649658203,76.02409362792969,190.9098281860352,89.54545593261719,82.20000457763672,61.08940887451172,100.0,0.0,48.43584570954752,194057.0,15.36749267578125,20.426513671875,16.564239501953125,15.394683837890623,34.22499942779541
2023-03-19 09:15:50,19.436613082885746,76.02409362792969,191.77245330810547,89.54545593261719,82.0,61.08940887451172,100.0,0.0,50.65619898682904,194057.0,13.953125,18.631378173828125,15.802658081054688,18.604171752929688,34.22499942779541
2023-03-19 09:15:51,19.40232276916504,76.02409362792969,191.3248748779297,89.46969604492188,82.30000305175781,61.08940887451172,100.0,0.0,49.19960599287976,194057.0,15.421875,20.671295166015625,18.19618225097656,14.306716918945312,34.22499942779541
2023-03-19 09:15:52,19.394451141357425,76.02409362792969,190.75521087646484,89.46969604492188,82.20000457763672,61.08940887451172,100.0,0.0,49.31365861554925,194057.0,17.815399169921875,14.76910400390625,17.625,13.055557250976562,34.22499942779541
2023-03-19 09:15:53,19.381580352783203,75.96385192871094,189.87630462646484,89.46969604492188,82.20000457763672,61.08940887451172,100.0,0.0,48.20621550101215,194057.0,13.354766845703123,15.1226806640625,15.530670166015623,15.911468505859377,34.22499942779541
2023-03-19 09:15:54,19.406190872192383,76.02409362792969,192.35839080810547,89.54545593261719,82.30000305175781,61.08940887451172,100.0,0.0,47.69387719197719,194057.0,16.781829833984375,19.800933837890625,19.3929443359375,16.890625,34.22499942779541
2023-03-19 09:15:55,19.420988082885746,76.02409362792969,189.84375,89.46969604492188,81.80000305175781,61.08940887451172,100.0,0.0,48.81115970030418,194057.0,13.980331420898438,18.00579833984375,16.319442749023438,17.10821533203125,34.22499942779541
2023-03-19 09:15:56,19.438247680664062,76.02409362792969,192.1305389404297,89.46969604492188,82.0999984741211,61.08940887451172,100.0,0.0,48.67295049473862,194057.0,19.148162841796875,20.45370483398437,17.760986328125,16.727432250976562,34.22499942779541
2023-03-19 09:15:57,19.44011116027832,76.02409362792969,192.2607421875,89.46969604492188,82.9000015258789,61.08940887451172,100.0,0.0,48.11915699989512,194057.0,15.177093505859377,17.162628173828125,19.31134033203125,16.15625,34.22499942779541
2023-03-19 09:15:58,19.409713745117188,75.96385192871094,191.650390625,89.46969604492188,81.0,61.08940887451172,100.0,0.0,50.36170545621779,194057.0,15.693878173828123,19.637725830078125,16.727432250976562,16.700225830078125,34.22499942779541
2023-03-19 09:15:59,19.36726760864257,75.96385192871094,192.7001953125,89.54545593261719,81.69999694824219,61.08578872680664,100.0,0.0,48.92670916934821,194057.0,16.428253173828125,15.911468505859377,20.1273193359375,18.44097900390625,34.22499942779541
2023-03-19 09:16:00,19.346904754638672,75.96385192871094,190.234375,89.54545593261719,81.9000015258789,61.08940887451172,100.0,0.0,48.20633242469204,194057.0,13.245956420898438,19.637725830078125,14.932281494140623,14.007522583007812,34.22499942779541
2023-03-19 09:16:01,19.32439422607422,76.02409362792969,190.8447341918945,89.54545593261719,81.69999694824219,61.08940887451172,100.0,0.0,49.67086668295901,194057.0,17.0538330078125,18.38656616210937,15.693862915039062,16.890625,34.22499942779541
2023-03-19 09:16:02,19.34657287597656,76.02409362792969,191.3004531860352,89.46969604492188,82.80000305175781,61.08940887451172,100.0,0.0,46.964812599130696,194057.0,14.8507080078125,17.135406494140625,15.530670166015623,20.31771850585937,34.22499942779541
2023-03-19 09:16:03,19.376585006713867,76.02409362792969,192.4967498779297,89.46969604492188,81.9000015258789,61.08940887451172,100.0,0.0,51.36115485212933,194057.0,14.361114501953123,21.78646850585937,19.25694274902344,17.7882080078125,34.22499942779541
2023-03-19 09:16:04,19.40731239318848,76.02409362792969,190.9830703735352,89.46969604492188,81.9000015258789,61.08940887451172,100.0,0.0,50.62360726331669,194057.0,15.7210693359375,13.59954833984375,18.005783081054688,18.7945556640625,34.22499942779541
2023-03-19 09:16:05,19.42296028137207,75.96385192871094,191.9596405029297,89.46969604492188,82.0999984741211,61.08940887451172,100.0,0.0,50.10986480216238,194057.0,17.86981201171875,18.6585693359375,17.679397583007812,16.183441162109375,34.22499942779541
2023-03-19 09:16:06,19.416059494018555,75.96385192871094,191.0318984985352,89.46969604492188,82.9000015258789,61.08940887451172,100.0,0.0,48.460050962674686,194057.0,17.35302734375,14.46990966796875,16.700225830078125,19.964111328125,34.22499942779541
2023-03-19 09:16:07,19.38621711730957,75.96385192871094,192.24446868896484,89.54545593261719,82.0999984741211,61.08940887451172,100.0,0.0,49.82796756107191,194057.0,18.08740234375,20.9976806640625,18.903350830078125,16.101852416992188,34.22499942779541
2023-03-19 09:16:08,19.3780460357666,76.02409362792969,191.34114837646484,89.54545593261719,81.5999984741211,61.08940887451172,100.0,0.0,49.73301995722896,194057.0,19.09375,15.013885498046877,18.740158081054688,20.072921752929688,34.22499942779541
2023-03-19 09:16:09,19.36235237121582,76.08434295654297,190.4541015625,89.54545593261719,81.5,61.08940887451172,100.00360870361328,0.0,50.150199444434,194057.0,17.40740966796875,18.685760498046875,16.5914306640625,14.932296752929688,34.22499942779541
2023-03-19 09:16:10,19.36505699157715,76.02409362792969,191.064453125,89.54545593261719,82.5999984741211,61.08940887451172,100.0,0.0,48.07050077579072,194057.0,16.265045166015625,20.61689758300781,16.999420166015625,19.3929443359375,34.22499942779541
2023-03-19 09:16:11,19.40309715270996,75.96385192871094,190.4947967529297,89.46969604492188,82.80000305175781,61.08940887451172,100.0,0.0,50.23318372866654,194057.0,15.50347900390625,19.01214599609375,15.04107666015625,17.298614501953125,34.22499942779541
2023-03-19 09:16:12,19.440954208374023,75.96385192871094,191.5364608764648,89.46969604492188,82.70000457763672,61.08940887451172,100.0,0.0,49.73839014922407,194057.0,18.168991088867188,20.671295166015625,19.229736328125,15.8570556640625,34.22499942779541
2023-03-19 09:16:13,19.45699691772461,75.96385192871094,190.4296875,89.46969604492188,81.30000305175781,61.08578872680664,100.0,0.0,49.92595443419171,194057.0,15.88427734375,16.53704833984375,15.068283081054688,20.181716918945312,34.22499942779541
2023-03-19 09:16:14,19.46101951599121,76.02409362792969,191.7317657470703,89.54545593261719,81.30000305175781,61.08940887451172,100.0,0.0,48.59221052575869,194057.0,14.6875,19.58334350585937,16.37384033203125,18.821762084960938,34.22499942779541
2023-03-19 09:16:15,19.42715072631836,76.02409362792969,190.04720306396484,89.46969604492188,82.20000457763672,61.08940887451172,100.0,0.0,48.670118135507785,194057.0,13.109954833984377,21.18807983398437,12.892364501953123,18.7945556640625,34.22499942779541
2023-03-19 09:16:16,19.404130935668945,76.02409362792969,191.1539764404297,89.46969604492188,81.5999984741211,61.08940887451172,100.0,0.0,48.20629589870714,194057.0,15.612274169921877,19.501739501953125,18.19618225097656,17.679397583007812,34.22499942779541
2023-03-19 09:16:17,19.39405632019043,75.96385192871094,190.8528594970703,89.46969604492188,82.30000305175781,61.08940887451172,100.0,0.0,48.98827811096126,194057.0,15.50347900390625,19.365753173828125,19.17535400390625,16.346649169921875,34.22499942779541
2023-03-19 09:16:18,19.39194679260254,75.96385192871094,190.2262420654297,89.46969604492188,81.30000305175781,61.08940887451172,100.0,0.0,49.22884597320833,194057.0,16.727447509765625,15.231475830078123,16.727432250976562,16.23785400390625,34.22499942779541
2023-03-19 09:16:19,19.426219940185547,76.02409362792969,191.4713516235352,89.46969604492188,82.20000457763672,61.08940887451172,100.0,0.0,46.115869872107176,194057.0,17.951400756835938,20.64410400390625,17.380218505859375,18.98495483398437,34.22499942779541
2023-03-19 09:16:20,19.453462600708008,76.08434295654297,189.0380935668945,89.46969604492188,81.4000015258789,61.08940887451172,100.0,0.0,49.11828378590239,194057.0,16.700241088867188,16.564239501953125,15.177093505859377,14.823486328125,34.22499942779541
2023-03-19 09:16:21,19.479124069213867,76.02409362792969,190.9912185668945,89.46969604492188,82.5,61.08940887451172,100.0,0.0,47.99715804024236,194057.0,19.17535400390625,17.27142333984375,19.44732666015625,16.863433837890625,34.22499942779541
2023-03-19 09:16:22,19.48670768737793,75.96385192871094,190.38899993896484,89.46969604492188,81.69999694824219,61.08940887451172,100.0,0.0,51.18457934388846,194057.0,13.871536254882812,20.1273193359375,17.352996826171875,16.101852416992188,34.22499942779541
2023-03-19 09:16:23,19.454072952270508,75.96385192871094,192.4560546875,89.46969604492188,82.0999984741211,61.08940887451172,100.0,0.0,49.56771302462063,194057.0,16.67303466796875,19.01214599609375,20.834487915039062,18.631378173828125,34.22499942779541
2023-03-19 09:16:24,19.42505073547364,75.96385192871094,191.5690078735352,89.46969604492188,82.30000305175781,61.08940887451172,100.0,0.0,48.025067945128576,194057.0,18.413787841796875,19.066558837890625,17.97857666015625,17.978591918945312,34.22499942779541
2023-03-19 09:16:25,19.410194396972656,76.02409362792969,190.38899993896484,89.54545593261719,82.30000305175781,61.08940887451172,100.0,0.0,49.62490659882954,194057.0,17.489013671875,16.37384033203125,16.754638671875,17.815399169921875,34.22499942779541
2023-03-19 09:16:26,19.39770698547364,76.02409362792969,190.6412734985352,89.46969604492188,81.9000015258789,61.08940887451172,100.0,0.0,49.57101136334024,194057.0,15.50347900390625,16.7274169921875,15.04107666015625,17.0538330078125,34.22499942779541
2023-03-19 09:16:27,19.426698684692383,76.02409362792969,188.7532501220703,89.54545593261719,82.80000305175781,61.08940887451172,100.0,0.0,47.4624939065908,194057.0,17.162628173828125,16.945037841796875,17.162612915039062,15.258682250976562,34.22499942779541
2023-03-19 09:16:28,19.44823837280273,75.96385192871094,191.77245330810547,89.46969604492188,82.0999984741211,61.08940887451172,100.00360870361328,0.0,50.75063311076629,194057.0,19.229766845703125,17.380218505859375,16.97222900390625,16.890625,34.22499942779541
2023-03-19 09:16:29,19.46519470214844,75.96385192871094,190.8365936279297,89.46969604492188,82.70000457763672,61.08940887451172,100.0,0.0,49.371581798912096,194057.0,13.844329833984377,19.25694274902344,20.39930725097656,17.353012084960938,34.22499942779541
2023-03-19 09:16:30,19.4680118560791,75.96385192871094,191.2434844970703,89.46969604492188,81.69999694824219,61.08940887451172,100.0,0.0,50.749348794852864,194057.0,15.557891845703123,20.508102416992188,12.212371826171877,20.7257080078125,34.22499942779541
2023-03-19 09:16:31,19.451465606689453,76.02409362792969,191.0563125610352,89.46969604492188,82.0999984741211,61.08940887451172,100.0,0.0,48.58634970783974,194057.0,12.375579833984377,18.74017333984375,17.081024169921875,15.80267333984375,34.22499942779541
2023-03-19 09:16:32,19.414262771606445,76.02409362792969,191.9921951293945,89.54545593261719,81.9000015258789,61.08940887451172,100.0,0.0,48.07457196007532,194057.0,15.829864501953123,18.1961669921875,20.208908081054688,18.14178466796875,34.22499942779541
2023-03-19 09:16:33,19.38751220703125,75.96385192871094,190.9586563110352,89.46969604492188,82.20000457763672,61.08940887451172,100.0,0.0,48.94109333926239,194057.0,13.89874267578125,17.217010498046875,17.679397583007812,17.70660400390625,34.22499942779541
2023-03-19 09:16:34,19.35715103149414,75.96385192871094,190.9830780029297,89.54545593261719,81.4000015258789,61.08940887451172,100.0,0.0,51.5536408426598,194057.0,15.80267333984375,17.217010498046875,19.09375,17.815399169921875,34.22499942779541
2023-03-19 09:16:35,19.35395812988281,75.96385192871094,189.6158828735352,89.46969604492188,80.9000015258789,61.08940887451172,100.0,0.0,53.2783443026977,194057.0,16.047454833984375,17.70660400390625,15.149871826171877,12.86517333984375,34.22499942779541
2023-03-19 09:16:36,19.37306785583496,76.02409362792969,190.0634765625,89.46969604492188,81.80000305175781,61.08940887451172,100.0,0.0,50.845790226647125,194057.0,16.129058837890625,14.225128173828123,19.31134033203125,17.434600830078125,34.22499942779541
2023-03-19 09:16:37,19.38445472717285,76.02409362792969,191.7561798095703,89.46969604492188,81.9000015258789,61.08578872680664,100.0,0.0,49.79541774766736,194057.0,16.591445922851562,22.11285400390625,18.631362915039062,18.685760498046875,34.22499942779541
2023-03-19 09:16:38,19.380590438842773,76.02409362792969,190.9586563110352,89.54545593261719,82.30000305175781,61.08940887451172,100.00360870361328,0.0,49.261231092063575,194057.0,17.489013671875,16.183441162109375,18.332183837890625,17.434600830078125,34.22499942779541
2023-03-19 09:16:39,19.36131477355957,76.02409362792969,190.2180938720703,89.46969604492188,81.5999984741211,61.08940887451172,100.0,0.0,53.09641347249334,194057.0,18.468170166015625,21.92245483398437,20.18170166015625,16.564239501953125,34.22499942779541
2023-03-19 09:16:40,19.326717376708984,76.02409362792969,189.2822341918945,89.46969604492188,81.80000305175781,61.08578872680664,100.0,0.0,50.2695082468104,194057.0,13.082763671875,18.168975830078125,15.93865966796875,17.380218505859375,34.22499942779541
2023-03-19 09:16:41,19.301891326904297,75.96385192871094,191.1539688110352,89.46969604492188,82.4000015258789,61.08940887451172,100.0,0.0,50.52860554855605,194057.0,16.863433837890625,19.964111328125,19.420135498046875,18.14178466796875,34.22499942779541
2023-03-19 09:16:42,19.2695426940918,76.02409362792969,190.5029296875,89.46969604492188,81.5999984741211,61.08940887451172,100.0,0.0,51.62146387285095,194057.0,15.177093505859377,18.685760498046875,16.97222900390625,20.072921752929688,34.22499942779541
2023-03-19 09:16:43,19.267852783203125,75.96385192871094,190.5517578125,89.46969604492188,82.5999984741211,61.08940887451172,100.0,0.0,48.55229548805849,194057.0,15.639480590820312,18.631378173828125,17.679397583007812,18.41377258300781,34.22499942779541
2023-03-19 09:16:44,19.30753898620605,75.96385192871094,190.5924453735352,89.46969604492188,82.0999984741211,61.08940887451172,100.0,0.0,49.398912899913874,194057.0,16.700241088867188,21.704864501953125,18.495361328125,12.457183837890623,34.22499942779541
2023-03-19 09:16:45,19.339014053344727,76.02409362792969,189.5426406860352,89.46969604492188,82.20000457763672,61.08940887451172,100.0,0.0,48.84634556942437,194057.0,17.543411254882812,16.945037841796875,18.685760498046875,15.884262084960938,34.22499942779541
2023-03-19 09:16:46,19.37027740478516,76.02409362792969,192.0979766845703,89.46969604492188,81.30000305175781,61.08940887451172,100.0,0.0,51.53894608336441,194057.0,17.13543701171875,18.5225830078125,20.48089599609375,18.57696533203125,34.22499942779541
2023-03-19 09:16:47,19.392105102539062,75.96385192871094,190.5517578125,89.54545593261719,82.4000015258789,61.08940887451172,100.0,0.0,49.09919742682438,194057.0,18.6585693359375,16.564239501953125,16.781829833984375,16.23785400390625,34.22499942779541
2023-03-19 09:16:48,19.379024505615234,75.96385192871094,190.2262420654297,89.54545593261719,82.70000457763672,61.08940887451172,100.0,0.0,47.086854970231855,194057.0,18.6585693359375,18.549774169921875,21.677658081054688,15.666671752929688,34.22499942779541
2023-03-19 09:16:49,19.3714656829834,75.96385192871094,190.52734375,89.46969604492188,81.5999984741211,61.08940887451172,100.0,0.0,51.5322532668874,194057.0,15.421875,20.535308837890625,14.3883056640625,19.556137084960938,34.22499942779541
2023-03-19 09:16:50,19.345504760742188,76.02409362792969,190.6412734985352,89.46969604492188,82.4000015258789,61.08940887451172,100.0,0.0,49.059135927062606,194057.0,16.53704833984375,19.03936767578125,19.3929443359375,19.47454833984375,34.22499942779541
2023-03-19 09:16:51,19.319780349731445,76.02409362792969,189.990234375,89.46969604492188,81.5999984741211,61.08940887451172,100.0,0.0,49.16408873852826,194057.0,17.40740966796875,18.468170166015625,16.292236328125,18.495361328125,34.22499942779541
2023-03-19 09:16:52,19.36997604370117,76.02409362792969,189.6891326904297,89.46969604492188,81.4000015258789,61.08940887451172,100.0,0.0,51.70520388764808,194058.0,15.993072509765623,18.14178466796875,14.497100830078123,17.760986328125,34.22499942779541
2023-03-19 09:16:53,19.427854537963867,75.96385192871094,188.1103591918945,89.54545593261719,80.69999694824219,61.08940887451172,100.0,0.0,50.67506519621304,194058.0,15.748275756835938,20.236114501953125,14.197906494140623,17.1898193359375,34.22499942779541
2023-03-19 09:16:54,19.472455978393555,76.02409362792969,190.1611328125,89.46969604492188,82.0,61.08940887451172,100.0,0.0,48.60840018904564,194058.0,14.19793701171875,17.70660400390625,16.863433837890625,18.00579833984375,34.22499942779541
2023-03-19 09:16:55,19.49967193603516,76.02409362792969,191.1865234375,89.46969604492188,82.80000305175781,61.08940887451172,100.0,0.0,47.38534842074744,194058.0,16.83624267578125,17.516204833984375,19.71932983398437,20.426513671875,34.22499942779541
2023-03-19 09:16:56,19.488037109375,75.96385192871094,190.5354766845703,89.46969604492188,81.69999694824219,61.08940887451172,100.0,0.0,47.36878400100848,194058.0,17.380218505859375,17.815399169921875,18.19618225097656,14.306716918945312,34.22499942779541
2023-03-19 09:16:57,19.466758728027344,76.02409362792969,190.3076171875,89.54545593261719,82.5,61.08940887451172,100.0,0.0,48.46302586234939,194058.0,19.284149169921875,16.4554443359375,18.93055725097656,19.637725830078125,34.22499942779541
2023-03-19 09:16:58,19.44908332824707,76.02409362792969,188.6555938720703,89.54545593261719,81.69999694824219,61.08940887451172,100.0,0.0,50.181983071164325,194058.0,14.605911254882812,20.888885498046875,18.44097900390625,14.3883056640625,34.22499942779541
2023-03-19 09:16:59,19.42988395690918,76.02409362792969,189.2008438110352,89.46969604492188,82.0,61.08940887451172,100.00360870361328,0.0,47.66402132944859,194058.0,18.032989501953125,15.965850830078123,18.359375,17.897003173828125,34.22499942779541
2023-03-19 09:17:00,19.44335556030273,75.96385192871094,188.7451171875,89.54545593261719,81.4000015258789,61.08940887451172,100.0,0.0,50.2115750783948,194058.0,15.50347900390625,20.752899169921875,14.959487915039062,14.17071533203125,34.22499942779541
2023-03-19 09:17:01,19.439603805541992,76.02409362792969,189.0869140625,89.46969604492188,82.9000015258789,61.08940887451172,100.0,0.0,46.9100047674876,194058.0,15.829864501953123,15.884246826171877,17.081024169921875,18.57696533203125,34.22499942779541
2023-03-19 09:17:02,19.434675216674805,76.02409362792969,188.91600799560547,89.46969604492188,81.19999694824219,61.08578872680664,100.00360870361328,0.0,49.62527897954799,194058.0,14.578704833984377,20.752899169921875,14.796295166015623,14.959503173828123,34.22499942779541
2023-03-19 09:17:03,19.393239974975582,76.02409362792969,189.2252578735352,89.46969604492188,82.9000015258789,61.08940887451172,100.0,0.0,47.599583207238894,194058.0,16.40106201171875,19.284149169921875,17.84259033203125,14.551513671875,34.22499942779541
2023-03-19 09:17:04,19.35718536376953,75.96385192871094,190.9749298095703,89.46969604492188,82.0999984741211,61.08940887451172,100.00360870361328,0.0,49.09100361227108,194058.0,17.7882080078125,16.23785400390625,18.52256774902344,16.5914306640625,34.22499942779541
2023-03-19 09:17:05,19.37125968933105,75.96385192871094,190.2913360595703,89.46969604492188,81.80000305175781,61.08940887451172,100.00360870361328,0.0,47.8802659756153,194058.0,15.829864501953123,18.5225830078125,16.645843505859375,20.20892333984375,34.22499942779541
2023-03-19 09:17:06,19.391414642333984,75.96385192871094,190.5029296875,89.46969604492188,82.80000305175781,61.08940887451172,100.00360870361328,0.0,48.197082510466046,194058.0,18.79457092285156,18.74017333984375,18.27777099609375,18.032989501953125,34.22499942779541
2023-03-19 09:17:07,19.360445022583008,76.02409362792969,189.5670547485352,89.54545593261719,82.80000305175781,61.08940887451172,100.0,0.0,46.99620115326918,194058.0,15.14990234375,17.1898193359375,18.7945556640625,16.129058837890625,34.22499942779541
2023-03-19 09:17:08,19.345094680786133,76.08434295654297,189.0787734985352,89.54545593261719,81.80000305175781,61.08940887451172,100.0,0.0,49.39138178425405,194058.0,16.645843505859375,17.84259033203125,17.10821533203125,19.90972900390625,34.22499942779541
2023-03-19 09:17:09,19.343700408935547,76.02409362792969,191.064453125,89.54545593261719,82.20000457763672,61.08940887451172,100.0,0.0,49.79671641849912,194058.0,12.26678466796875,17.352996826171875,19.14814758300781,17.217010498046875,34.22499942779541
2023-03-19 09:17:10,19.344451904296875,76.02409362792969,189.2008514404297,89.46969604492188,81.5999984741211,61.08940887451172,100.0,0.0,49.64080782767689,194058.0,15.93865966796875,18.413787841796875,15.911468505859377,17.353012084960938,34.22499942779541
2023-03-19 09:17:11,19.34352302551269,75.96385192871094,189.3961639404297,89.46969604492188,81.0999984741211,61.08578872680664,100.0,0.0,50.29917142077609,194058.0,16.020263671875,18.903350830078125,18.27777099609375,16.4554443359375,34.22499942779541
2023-03-19 09:17:12,19.32884788513184,75.96385192871094,188.5009765625,89.46969604492188,81.9000015258789,61.08940887451172,100.0,0.0,47.51573222228833,194058.0,18.903366088867188,16.67303466796875,14.333908081054688,19.88252258300781,34.22499942779541
2023-03-19 09:17:13,19.319499969482425,76.02409362792969,190.1285781860352,89.46969604492188,82.70000457763672,61.08940887451172,100.00360870361328,0.0,47.75421932826023,194058.0,15.5850830078125,17.489013671875,17.352996826171875,17.733795166015625,34.22499942779541
2023-03-19 09:17:14,19.33352279663086,76.08434295654297,190.380859375,89.54545593261719,81.80000305175781,61.08940887451172,100.0,0.0,48.362262825988175,194058.0,16.4554443359375,17.380218505859375,17.597808837890625,19.936920166015625,34.22499942779541
2023-03-19 09:17:15,19.32442092895508,76.02409362792969,190.24251556396484,89.46969604492188,81.30000305175781,61.08940887451172,100.0,0.0,50.75529913353932,194058.0,16.809036254882812,17.217010498046875,19.284149169921875,16.836227416992188,34.22499942779541
2023-03-19 09:17:16,19.332109451293945,75.96385192871094,188.2731094360352,89.46969604492188,82.4000015258789,61.08940887451172,100.00360870361328,0.0,48.413969167862206,194058.0,14.714706420898438,20.31771850585937,14.633102416992188,15.476272583007812,34.22499942779541
2023-03-19 09:17:17,19.396011352539062,75.96385192871094,190.0553359985352,89.46969604492188,81.80000305175781,61.08940887451172,100.0,0.0,48.82207690831122,194058.0,18.25057983398437,15.63946533203125,19.501739501953125,17.679397583007812,34.22499942779541
2023-03-19 09:17:18,19.473108291625977,75.96385192871094,187.8824844360352,89.54545593261719,81.5,61.08940887451172,100.0,0.0,50.20002532930794,194058.0,13.055572509765623,17.652191162109375,11.4508056640625,13.626739501953123,34.22499942779541
2023-03-19 09:17:19,19.531293869018555,76.02409362792969,189.2333984375,89.54545593261719,82.0,61.08940887451172,100.0,0.0,47.77469962713951,194058.0,13.00115966796875,20.31771850585937,19.88252258300781,16.727432250976562,34.22499942779541
2023-03-19 09:17:20,19.55235290527344,76.02409362792969,187.9313201904297,89.54545593261719,81.80000305175781,61.08940887451172,100.00360870361328,0.0,48.23257771095761,194058.0,17.9241943359375,22.19444274902344,18.549774169921875,15.7210693359375,34.22499942779541
2023-03-19 09:17:21,19.54532814025879,76.02409362792969,190.09603118896484,89.54545593261719,82.30000305175781,61.08940887451172,100.0,0.0,47.601179071998985,194058.0,16.67303466796875,16.020263671875,17.625,19.229736328125,34.22499942779541
2023-03-19 09:17:22,19.56312370300293,76.02409362792969,189.24153900146484,89.46969604492188,82.30000305175781,61.08940887451172,100.0,0.0,47.84229125691462,194058.0,12.7835693359375,17.27142333984375,19.25694274902344,17.70660400390625,34.22499942779541
2023-03-19 09:17:23,19.57717514038086,76.02409362792969,189.7135467529297,89.46969604492188,82.20000457763672,61.08940887451172,100.0,0.0,48.75659401653027,194058.0,18.87615966796875,20.752899169921875,16.047454833984375,16.15625,34.22499942779541
2023-03-19 09:17:24,19.595027923583984,76.02409362792969,189.9088592529297,89.46969604492188,82.4000015258789,61.08940887451172,100.0,0.0,49.08917725497541,194058.0,14.442718505859377,17.217010498046875,19.44732666015625,16.754638671875,34.22499942779541
2023-03-19 09:17:25,19.641021728515625,76.02409362792969,189.5833358764648,89.46969604492188,80.5,61.08940887451172,100.0,0.0,51.908643238703725,194058.0,16.183456420898438,20.45370483398437,18.0601806640625,19.17535400390625,34.22499942779541
2023-03-19 09:17:26,19.650897979736328,76.02409362792969,189.09505462646484,89.54545593261719,82.0999984741211,61.08940887451172,100.0,0.0,50.170907322622256,194058.0,13.16436767578125,19.66493225097656,18.005783081054688,15.612274169921877,34.22499942779541
2023-03-19 09:17:27,19.64985656738281,76.02409362792969,188.671875,89.54545593261719,80.9000015258789,61.08940887451172,100.0,0.0,50.53672328119941,194058.0,13.68115234375,20.426513671875,14.850692749023438,17.54339599609375,34.22499942779541
2023-03-19 09:17:28,19.629777908325195,75.96385192871094,190.1041641235352,89.54545593261719,82.0,61.08940887451172,100.0,0.0,48.54338140107079,194058.0,16.346649169921875,16.346649169921875,18.98495483398437,16.945022583007812,34.22499942779541
2023-03-19 09:17:29,19.57929229736328,75.96385192871094,188.41146087646484,89.46969604492188,81.19999694824219,61.08940887451172,100.0,0.0,49.7715903498309,194058.0,15.36749267578125,18.84896850585937,16.265045166015625,17.026611328125,34.22499942779541
2023-03-19 09:17:30,19.524490356445312,76.02409362792969,189.99837493896484,89.46969604492188,82.5,61.08940887451172,100.00360870361328,0.0,47.56722101868069,194058.0,19.229766845703125,18.9305419921875,16.50982666015625,17.081024169921875,34.22499942779541
2023-03-19 09:17:31,19.481576919555664,76.02409362792969,188.2568435668945,89.46969604492188,82.5,61.08940887451172,100.00360870361328,0.0,46.44980295100126,194058.0,15.36749267578125,17.679412841796875,19.284149169921875,16.863433837890625,34.22499942779541
2023-03-19 09:17:32,19.42813301086425,76.08434295654297,189.2415466308593,89.46969604492188,82.9000015258789,61.08940887451172,100.0,0.0,47.266056230271225,194058.0,17.217025756835938,19.71932983398437,17.815399169921875,16.645843505859375,34.22499942779541
2023-03-19 09:17:33,19.40188217163086,76.02409362792969,189.990234375,89.54545593261719,81.0,61.08940887451172,100.00360870361328,0.0,51.28325567376256,194058.0,12.239593505859377,14.741912841796877,20.72569274902344,17.9241943359375,34.22499942779541
2023-03-19 09:17:34,19.37586975097656,75.96385192871094,188.72884368896484,89.54545593261719,81.19999694824219,61.08940887451172,100.00360870361328,0.0,50.11404812661983,194058.0,14.2523193359375,19.66493225097656,13.13714599609375,15.50347900390625,34.22499942779541
2023-03-19 09:17:35,19.34276962280273,76.02409362792969,189.453125,89.54545593261719,81.5999984741211,61.08940887451172,100.00360870361328,0.0,48.8428258165567,194058.0,16.83624267578125,17.217010498046875,18.44097900390625,21.18807983398437,34.22499942779541
2023-03-19 09:17:36,19.293880462646484,75.96385192871094,189.08690643310547,89.46969604492188,82.9000015258789,61.08940887451172,100.0,0.0,47.21687441612171,194058.0,14.959503173828123,20.64410400390625,18.38656616210937,13.953125,34.22499942779541
2023-03-19 09:17:37,19.22230529785156,75.96385192871094,189.9820938110352,89.46969604492188,82.5999984741211,61.08940887451172,100.0,0.0,49.58059903409637,194058.0,17.0538330078125,18.27777099609375,16.645843505859375,18.604171752929688,34.22499942779541
2023-03-19 09:17:38,19.15054512023925,76.02409362792969,189.08690643310547,89.46969604492188,81.4000015258789,61.08940887451172,100.00360870361328,0.0,49.806730627591485,194058.0,14.061920166015623,17.516204833984375,16.618621826171875,15.93865966796875,34.22499942779541
2023-03-19 09:17:39,19.1208724975586,76.02409362792969,189.7135391235352,89.46969604492188,82.4000015258789,61.08940887451172,100.00360870361328,0.0,49.04924066648816,194058.0,17.897003173828125,17.135406494140625,18.44097900390625,15.530670166015623,34.22499942779541
2023-03-19 09:17:40,19.092090606689453,75.96385192871094,188.1184844970703,89.54545593261719,81.5,61.08940887451172,100.00360870361328,0.0,51.08202669116544,194058.0,15.122695922851562,18.032989501953125,16.863433837890625,17.70660400390625,34.22499942779541
2023-03-19 09:17:41,19.09625244140625,76.02409362792969,189.5263671875,89.54545593261719,81.4000015258789,61.08940887451172,100.0,0.0,48.54692509021232,194058.0,13.68115234375,17.298614501953125,16.07464599609375,17.026611328125,34.22499942779541
2023-03-19 09:17:42,19.127307891845703,76.02409362792969,189.404296875,89.46969604492188,83.30000305175781,61.08940887451172,100.00360870361328,0.0,47.79771231538844,194058.0,18.87615966796875,19.17535400390625,15.20428466796875,19.692138671875,34.22499942779541
2023-03-19 09:17:43,19.160377502441406,76.02409362792969,190.04720306396484,89.54545593261719,81.9000015258789,61.08940887451172,100.00360870361328,0.0,51.49260568553896,194058.0,16.917831420898438,19.800933837890625,13.21875,19.12094116210937,34.22499942779541
2023-03-19 09:17:44,19.19395637512207,76.02409362792969,189.4449920654297,89.54545593261719,81.19999694824219,61.08940887451172,100.0,0.0,51.01921473779461,194058.0,15.013900756835938,17.625,17.815399169921875,18.767364501953125,34.22499942779541
2023-03-19 09:17:45,19.221227645874023,76.02409362792969,187.4918670654297,89.46969604492188,81.19999694824219,61.08940887451172,100.00360870361328,0.0,50.47973442511649,194058.0,14.605911254882812,16.129058837890625,16.210647583007812,18.00579833984375,34.22499942779541
2023-03-19 09:17:46,19.22492408752441,76.02409362792969,189.9576873779297,89.46969604492188,83.0999984741211,61.08940887451172,100.00360870361328,0.0,47.27164065469393,194058.0,13.028366088867188,21.05209350585937,20.34490966796875,19.74652099609375,34.22499942779541
2023-03-19 09:17:47,19.258331298828125,75.96385192871094,188.5904922485352,89.46969604492188,82.0,61.08940887451172,100.00360870361328,0.0,49.95011197482953,194058.0,14.741912841796877,19.338531494140625,11.913192749023438,16.3194580078125,34.22499942779541
2023-03-19 09:17:48,19.29417610168457,75.96385192871094,189.794921875,89.46969604492188,82.80000305175781,61.08940887451172,100.00360870361328,0.0,47.62365490096835,194058.0,18.82177734375,18.631378173828125,19.039352416992188,17.516204833984375,34.22499942779541
2023-03-19 09:17:49,19.359193801879883,75.96385192871094,191.1295547485352,89.54545593261719,81.69999694824219,61.08940887451172,100.00360870361328,0.0,49.83180386043341,194058.0,14.578704833984377,17.40740966796875,18.44097900390625,15.829864501953123,34.22499942779541
2023-03-19 09:17:50,19.46617889404297,76.02409362792969,190.52734375,89.54545593261719,82.0999984741211,61.08940887451172,100.00360870361328,0.0,48.48350324185539,194058.0,14.2523193359375,16.23785400390625,16.482635498046875,15.63946533203125,34.22499942779541
2023-03-19 09:17:51,19.54014015197754,76.02409362792969,192.48860931396484,89.54545593261719,82.0999984741211,61.08940887451172,100.00360870361328,0.0,49.161784269874815,194058.0,16.97222900390625,17.10821533203125,17.896987915039062,16.67303466796875,34.22499942779541
2023-03-19 09:17:52,19.59593391418457,76.02409362792969,192.1793670654297,89.46969604492188,81.19999694824219,61.08940887451172,100.00360870361328,0.0,49.00631502330222,194058.0,16.509857177734375,14.197906494140623,18.0601806640625,17.298614501953125,34.22499942779541
2023-03-19 09:17:53,19.624969482421875,76.02409362792969,193.6279296875,89.46969604492188,82.0999984741211,61.08940887451172,100.0,0.0,47.38914122624096,194058.0,13.028366088867188,19.58334350585937,21.405670166015625,16.97222900390625,34.22499942779541
2023-03-19 09:17:54,19.596813201904297,76.02409362792969,193.3268203735352,89.46969604492188,81.30000305175781,61.08940887451172,100.00360870361328,0.0,50.502387493388895,194058.0,15.285888671875,15.476287841796877,16.5914306640625,18.19618225097656,34.22499942779541
2023-03-19 09:17:55,19.58349227905273,76.02409362792969,194.4254531860352,89.46969604492188,82.70000457763672,61.08940887451172,100.00360870361328,0.0,44.92451752587562,194058.0,15.231491088867188,19.556137084960938,19.501739501953125,15.666671752929688,34.22499942779541
2023-03-19 09:17:56,19.563962936401367,76.02409362792969,193.58724212646484,89.46969604492188,81.80000305175781,61.08940887451172,100.00360870361328,0.0,49.40964786420713,194058.0,14.93231201171875,17.516204833984375,17.461807250976562,13.980316162109377,34.22499942779541
2023-03-19 09:17:57,19.547548294067383,75.96385192871094,196.5332107543945,89.46969604492188,82.70000457763672,61.08940887451172,100.0,0.0,49.123514898944194,194058.0,16.61865234375,19.31134033203125,19.501739501953125,17.978591918945312,34.22499942779541
2023-03-19 09:17:58,19.55991744995117,75.96385192871094,196.1832656860352,89.46969604492188,81.9000015258789,61.08940887451172,100.00360870361328,0.0,51.671407494663605,194058.0,12.103607177734377,16.23785400390625,16.754638671875,16.67303466796875,34.22499942779541
2023-03-19 09:17:59,19.55058479309082,75.96385192871094,190.7145156860352,89.54545593261719,81.9000015258789,61.08940887451172,100.00360870361328,0.0,49.60300676956805,194058.0,16.917831420898438,20.671295166015625,11.423614501953123,16.047454833984375,34.22499942779541
2023-03-19 09:18:00,19.533979415893555,76.02409362792969,189.2985076904297,89.54545593261719,82.4000015258789,61.08940887451172,100.00360870361328,0.0,50.755708455195375,194058.0,15.80267333984375,19.88252258300781,21.024871826171875,12.973968505859377,34.22499942779541
2023-03-19 09:18:01,19.49730491638184,76.02409362792969,191.3086013793945,89.46969604492188,81.9000015258789,61.08940887451172,100.0,0.0,50.23069391206572,194058.0,17.815399169921875,15.313079833984377,15.7210693359375,15.884262084960938,34.22499942779541
2023-03-19 09:18:02,19.428430557250977,76.02409362792969,193.65234375,89.46969604492188,80.9000015258789,61.08940887451172,100.0,0.0,48.1689369025003,194058.0,10.634857177734377,22.98321533203125,17.489013671875,16.23785400390625,34.22499942779541
2023-03-19 09:18:03,19.38267707824707,76.02409362792969,192.00032806396484,89.46969604492188,81.80000305175781,61.08578872680664,100.0,0.0,48.92516265084842,194058.0,15.06829833984375,17.7882080078125,17.1898193359375,21.269683837890625,34.22499942779541
2023-03-19 09:18:04,19.352060317993164,75.96385192871094,192.7734375,89.46969604492188,81.80000305175781,61.08578872680664,100.0,0.0,49.531526298946005,194058.0,18.27778625488281,20.535308837890625,16.564239501953125,14.633102416992188,34.22499942779541
2023-03-19 09:18:05,19.314838409423828,76.02409362792969,193.6442031860352,89.46969604492188,82.0,61.08940887451172,100.0,0.0,47.54270294546863,194058.0,13.30035400390625,16.53704833984375,18.631362915039062,18.631378173828125,34.22499942779541
2023-03-19 09:18:06,19.30196762084961,76.02409362792969,193.7744140625,89.46969604492188,82.20000457763672,61.08940887451172,100.0,0.0,49.08229360490682,194058.0,17.461822509765625,18.631378173828125,14.850692749023438,17.3258056640625,34.22499942779541
2023-03-19 09:18:07,19.293922424316406,76.02409362792969,192.626953125,89.46969604492188,82.30000305175781,61.08940887451172,100.00360870361328,0.0,49.804726712439,194058.0,17.842605590820312,18.957763671875,17.40740966796875,15.06829833984375,34.22499942779541
2023-03-19 09:18:08,19.29911994934082,76.02409362792969,192.07357025146484,89.54545593261719,81.80000305175781,61.08578872680664,100.00360870361328,0.0,49.755404293825336,194058.0,17.9241943359375,17.70660400390625,18.38656616210937,17.081024169921875,34.22499942779541
2023-03-19 09:18:09,19.30331039428711,76.02409362792969,192.7327423095703,89.54545593261719,81.69999694824219,61.08940887451172,100.0,0.0,50.51489650604012,194058.0,17.679412841796875,17.217010498046875,19.773727416992188,17.461807250976562,34.22499942779541
2023-03-19 09:18:10,19.28622817993164,75.96385192871094,192.3583984375,89.54545593261719,81.4000015258789,61.08940887451172,100.00360870361328,0.0,49.30315951935304,194058.0,16.23785400390625,20.5625,16.863433837890625,14.197921752929688,34.22499942779541
2023-03-19 09:18:11,19.270734786987305,75.96385192871094,192.9768829345703,89.46969604492188,81.80000305175781,61.08940887451172,100.0,0.0,49.9080181305034,194058.0,16.809036254882812,20.535308837890625,19.284149169921875,15.993057250976562,34.22499942779541
2023-03-19 09:18:12,19.28194999694824,76.02409362792969,189.8600311279297,89.46969604492188,81.0,61.08578872680664,100.0,0.0,52.240761299378455,194058.0,17.162628173828125,16.945037841796875,15.149871826171877,16.564239501953125,34.22499942779541
2023-03-19 09:18:13,19.28230094909668,76.08434295654297,193.70931243896484,89.46969604492188,82.0999984741211,61.08940887451172,100.0,0.0,50.08450801470581,194058.0,13.354766845703123,17.54339599609375,18.604156494140625,16.80902099609375,34.22499942779541
2023-03-19 09:18:14,19.323055267333984,76.02409362792969,191.6259765625,89.46969604492188,82.30000305175781,61.08940887451172,100.0,0.0,49.012500041951085,194058.0,16.210662841796875,18.767364501953125,15.530670166015623,19.74652099609375,34.22499942779541
2023-03-19 09:18:15,19.420827865600582,75.96385192871094,193.4814529418945,89.46969604492188,82.70000457763672,61.08940887451172,100.0,0.0,49.34027318707219,194058.0,15.394683837890623,19.3929443359375,20.154510498046875,18.495361328125,34.22499942779541
2023-03-19 09:18:16,19.49275016784668,75.96385192871094,190.9016876220703,89.46969604492188,82.5,61.08940887451172,100.0,0.0,49.58576109254424,194058.0,16.890625,19.420135498046875,18.087371826171875,16.890625,34.22499942779541
2023-03-19 09:18:17,19.51399612426757,75.96385192871094,193.0501251220703,89.54545593261719,81.4000015258789,61.08578872680664,100.0,0.0,51.075647002224834,194058.0,14.660308837890623,16.482635498046875,18.304977416992188,17.434600830078125,34.22499942779541
2023-03-19 09:18:18,19.50164794921875,76.02409362792969,191.6910858154297,89.46969604492188,82.0,61.08940887451172,100.00360870361328,0.0,48.80635905200069,194058.0,15.829864501953123,20.39930725097656,16.80902099609375,16.4554443359375,34.22499942779541
2023-03-19 09:18:19,19.471315383911133,76.02409362792969,191.7643203735352,89.46969604492188,82.0,61.08940887451172,100.0,0.0,46.94739492095715,194058.0,13.89874267578125,18.767364501953125,18.14178466796875,16.700225830078125,34.22499942779541
2023-03-19 09:18:20,19.450580596923828,76.02409362792969,192.5781326293945,89.46969604492188,81.5999984741211,61.08940887451172,100.0,0.0,49.69085586503474,194058.0,15.530670166015623,19.828125,17.869781494140625,15.367477416992188,34.22499942779541
2023-03-19 09:18:21,19.435148239135746,76.02409362792969,191.82942962646484,89.46969604492188,82.0,61.08578872680664,100.00360870361328,0.0,48.8360081318087,194058.0,14.225128173828123,18.74017333984375,14.03472900390625,16.945022583007812,34.22499942779541
2023-03-19 09:18:22,19.432626724243164,76.02409362792969,191.1539688110352,89.46969604492188,82.5999984741211,61.08940887451172,100.0,0.0,47.31974698803813,194058.0,17.897003173828125,20.2633056640625,18.57696533203125,19.61053466796875,34.22499942779541
2023-03-19 09:18:23,19.466567993164062,76.02409362792969,190.91796112060547,89.46969604492188,81.80000305175781,61.08940887451172,100.00360870361328,0.0,47.86802396765538,194058.0,11.47802734375,15.93865966796875,17.434600830078125,13.953125,34.22499942779541
2023-03-19 09:18:24,19.48685836791992,75.96385192871094,193.7337188720703,89.46969604492188,83.0,61.08940887451172,100.0,0.0,47.25965304345052,194058.0,16.265045166015625,17.869781494140625,21.677658081054688,19.338546752929688,34.22499942779541
2023-03-19 09:18:25,19.48690223693848,75.96385192871094,192.08984375,89.46969604492188,81.5,61.08940887451172,100.0,0.0,50.52548604257576,194058.0,12.6475830078125,19.5289306640625,17.217010498046875,16.917816162109375,34.22499942779541
2023-03-19 09:18:26,19.45148277282715,75.96385192871094,192.53743743896484,89.46969604492188,81.9000015258789,61.08940887451172,100.0,0.0,49.42675412934015,194058.0,17.40740966796875,18.332183837890625,18.821746826171875,19.637725830078125,34.22499942779541
2023-03-19 09:18:27,19.389759063720703,76.02409362792969,191.7643203735352,89.54545593261719,81.80000305175781,61.08940887451172,100.0,0.0,48.45593291164568,194058.0,15.829864501953123,20.100128173828125,19.202545166015625,15.095489501953123,34.22499942779541
2023-03-19 09:18:28,19.37041282653809,76.02409362792969,190.9423828125,89.54545593261719,82.0,61.08940887451172,100.0,0.0,49.01777676028426,194058.0,16.754638671875,18.631378173828125,19.01214599609375,17.40740966796875,34.22499942779541
2023-03-19 09:18:29,19.35347366333008,76.02409362792969,192.724609375,89.54545593261719,81.9000015258789,61.08940887451172,100.00360870361328,0.0,50.98720955604301,194058.0,14.33392333984375,21.106475830078125,14.061920166015623,15.884262084960938,34.22499942779541
2023-03-19 09:18:30,19.33937263488769,75.96385192871094,191.5608673095703,89.54545593261719,82.20000457763672,61.08940887451172,100.0,0.0,49.11038798051286,194058.0,16.210662841796875,19.447341918945312,15.231475830078123,17.760986328125,34.22499942779541
2023-03-19 09:18:31,19.365589141845703,76.02409362792969,192.9117813110352,89.46969604492188,82.0999984741211,61.08940887451172,100.0,0.0,50.51731404236677,194058.0,18.44097900390625,18.14178466796875,19.637725830078125,16.836227416992188,34.22499942779541
2023-03-19 09:18:32,19.39190101623535,75.96385192871094,192.041015625,89.46969604492188,82.5999984741211,61.08940887451172,100.00360870361328,0.0,49.41872034075933,194058.0,12.892364501953123,16.97222900390625,21.242477416992188,16.945022583007812,34.22499942779541
2023-03-19 09:18:33,19.420265197753903,75.96385192871094,192.08984375,89.46969604492188,82.80000305175781,61.08940887451172,100.00360870361328,0.0,47.9150156180452,194058.0,16.183456420898438,16.564239501953125,17.869781494140625,18.712966918945312,34.22499942779541
2023-03-19 09:18:34,19.417638778686523,75.96385192871094,191.10513305664065,89.54545593261719,81.5999984741211,61.08940887451172,100.00360870361328,0.0,49.668376940671,194058.0,12.919570922851562,20.154510498046875,17.3258056640625,16.346649169921875,34.22499942779541
2023-03-19 09:18:35,19.391855239868164,76.02409362792969,191.36556243896484,89.54545593261719,81.69999694824219,61.08940887451172,100.00360870361328,0.0,50.07720973821267,194058.0,18.44097900390625,16.83624267578125,16.727432250976562,16.564239501953125,34.22499942779541
2023-03-19 09:18:36,19.363672256469727,76.02409362792969,191.02376556396484,89.46969604492188,81.69999694824219,61.08940887451172,100.0,0.0,51.02748671437877,194058.0,16.3194580078125,20.39930725097656,20.426513671875,16.020263671875,34.22499942779541
2023-03-19 09:18:37,19.361099243164062,75.96385192871094,191.5771484375,89.46969604492188,82.0,61.08940887451172,100.0,0.0,47.3223640086409,194058.0,15.258697509765623,17.652191162109375,15.231475830078123,18.19618225097656,34.22499942779541
2023-03-19 09:18:38,19.348352432250977,76.02409362792969,192.09798431396484,89.54545593261719,81.69999694824219,61.08940887451172,100.0,0.0,48.07560457010074,194058.0,13.30035400390625,17.733795166015625,17.434600830078125,13.844329833984377,34.22499942779541
2023-03-19 09:18:39,19.376296997070312,76.02409362792969,190.9098281860352,89.54545593261719,82.0999984741211,61.08940887451172,100.0,0.0,46.89729169701814,194058.0,16.373855590820312,19.3929443359375,15.285888671875,18.98495483398437,34.22499942779541
2023-03-19 09:18:40,19.408079147338867,76.02409362792969,190.6005859375,89.46969604492188,82.20000457763672,61.08940887451172,100.00360870361328,0.0,50.17975262551739,194058.0,17.162628173828125,21.106475830078125,18.71295166015625,15.5850830078125,34.22499942779541
2023-03-19 09:18:41,19.44131660461425,75.96385192871094,192.0166015625,89.46969604492188,82.70000457763672,61.08940887451172,100.0,0.0,49.105778767055234,194058.0,15.80267333984375,16.645843505859375,18.25057983398437,17.3258056640625,34.22499942779541
2023-03-19 09:18:42,19.44055557250977,75.96385192871094,191.4713516235352,89.46969604492188,82.0999984741211,61.08940887451172,100.0,0.0,48.02097032607468,194058.0,15.857070922851562,19.936920166015625,15.748260498046877,18.0601806640625,34.22499942779541
2023-03-19 09:18:43,19.41512680053711,76.02409362792969,192.39095306396484,89.46969604492188,82.5999984741211,61.08940887451172,100.00360870361328,0.0,49.644144217603134,194058.0,13.46356201171875,16.37384033203125,18.359375,19.12094116210937,34.22499942779541
2023-03-19 09:18:44,19.384456634521484,76.02409362792969,192.4235000610352,89.54545593261719,81.9000015258789,61.08940887451172,100.00360870361328,0.0,49.874915256638815,194058.0,15.748275756835938,15.666656494140623,19.09375,15.06829833984375,34.22499942779541
2023-03-19 09:18:45,19.38668441772461,76.08434295654297,192.1386795043945,89.46969604492188,81.5999984741211,61.08940887451172,100.0,0.0,52.69019744385346,194058.0,14.905105590820312,21.296875,14.60589599609375,16.101852416992188,34.22499942779541
2023-03-19 09:18:46,19.38698959350586,76.02409362792969,191.0563201904297,89.46969604492188,81.0,61.08940887451172,100.00360870361328,0.0,50.62878648801116,194058.0,13.21875,21.05209350585937,14.877899169921877,17.434600830078125,34.22499942779541
2023-03-19 09:18:47,19.401960372924805,75.96385192871094,189.7867889404297,89.46969604492188,81.4000015258789,61.08940887451172,100.00360870361328,0.0,52.7080988752204,194058.0,15.06829833984375,15.748260498046877,16.101852416992188,13.572341918945312,34.22499942779541
2023-03-19 09:18:48,19.453590393066406,75.96385192871094,189.8681640625,89.54545593261719,82.5,61.08940887451172,100.00360870361328,0.0,48.938909829356646,194058.0,16.67303466796875,15.557861328125,16.346649169921875,16.945022583007812,34.22499942779541
2023-03-19 09:18:49,19.49608993530273,76.02409362792969,191.6178359985352,89.54545593261719,81.4000015258789,61.08940887451172,100.00360870361328,0.0,49.11165774402866,194058.0,16.346649169921875,15.2586669921875,18.7945556640625,17.951385498046875,34.22499942779541
2023-03-19 09:18:50,19.49275588989257,76.02409362792969,190.2669219970703,89.54545593261719,81.69999694824219,61.08940887451172,100.0,0.0,49.10387875791919,194058.0,13.68115234375,20.290512084960938,14.76910400390625,15.557861328125,34.22499942779541
2023-03-19 09:18:51,19.465896606445312,75.96385192871094,192.8059844970703,89.46969604492188,82.5999984741211,61.08940887451172,100.00360870361328,0.0,48.74463634959791,194058.0,15.857070922851562,16.482635498046875,20.671295166015625,18.168975830078125,34.22499942779541
2023-03-19 09:18:52,19.40725517272949,75.96385192871094,190.5761795043945,89.46969604492188,82.5,61.08940887451172,100.00360870361328,0.0,46.84830954641632,194058.0,17.026641845703125,17.3258056640625,17.516204833984375,16.265045166015625,34.22499942779541
2023-03-19 09:18:53,19.3774528503418,76.02409362792969,191.2841796875,89.46969604492188,81.80000305175781,61.08940887451172,100.00360870361328,0.0,50.631848483458505,194058.0,16.15625,18.00579833984375,18.87615966796875,19.17535400390625,34.22499942779541
2023-03-19 09:18:54,19.344127655029297,76.02409362792969,189.7542343139648,89.54545593261719,81.5999984741211,61.08940887451172,100.0,0.0,50.34026898723256,194058.0,15.50347900390625,22.54803466796875,15.585067749023438,17.54339599609375,34.22499942779541
2023-03-19 09:18:55,19.330322265625,76.02409362792969,190.0146560668945,89.46969604492188,82.20000457763672,61.08940887451172,100.0,0.0,49.77242157997272,194058.0,15.66668701171875,17.27142333984375,16.428237915039062,17.733795166015625,34.22499942779541
2023-03-19 09:18:56,19.362119674682617,76.02409362792969,190.8203125,89.46969604492188,81.0999984741211,61.08940887451172,100.0,0.0,49.62959561838566,194058.0,14.605911254882812,17.0538330078125,19.58334350585937,13.463546752929688,34.22499942779541
2023-03-19 09:18:57,19.391826629638672,76.02409362792969,190.4785232543945,89.46969604492188,81.80000305175781,61.08940887451172,100.00360870361328,0.0,50.154094728167934,194058.0,14.578704833984377,18.495361328125,13.327545166015623,18.7945556640625,34.22499942779541
2023-03-19 09:18:58,19.40152359008789,75.96385192871094,190.87728118896484,89.54545593261719,82.5,61.08940887451172,100.00360870361328,0.0,48.09885267242798,194058.0,15.421875,18.903350830078125,16.428237915039062,17.84259033203125,34.22499942779541
2023-03-19 09:18:59,19.374326705932617,75.96385192871094,190.6005859375,89.54545593261719,83.0,61.08940887451172,100.00360870361328,0.0,47.24502105638397,194058.0,15.66668701171875,20.752899169921875,15.829864501953123,16.836227416992188,34.22499942779541
2023-03-19 09:19:00,19.33547782897949,76.02409362792969,190.72265625,89.54545593261719,82.0,61.08940887451172,100.00360870361328,0.0,49.180264406143664,194058.0,16.999420166015625,17.217010498046875,17.3258056640625,15.93865966796875,34.22499942779541
2023-03-19 09:19:01,19.303464889526367,76.08434295654297,190.3401641845703,89.54545593261719,81.4000015258789,61.08940887451172,100.0,0.0,49.88658055495858,194058.0,12.26678466796875,16.999420166015625,14.90509033203125,19.202545166015625,34.22499942779541
2023-03-19 09:19:02,19.286605834960938,76.08434295654297,189.4205780029297,89.46969604492188,81.30000305175781,61.08940887451172,100.00360870361328,0.0,46.38860280766824,194058.0,16.809036254882812,17.0538330078125,16.4554443359375,17.760986328125,34.22499942779541
2023-03-19 09:19:03,19.27654838562012,76.02409362792969,191.4225234985352,89.46969604492188,82.5999984741211,61.08940887451172,100.00360870361328,0.0,50.43461248509987,194058.0,17.516204833984375,16.863433837890625,18.6585693359375,14.877899169921877,34.22499942779541
2023-03-19 09:19:04,19.32030487060547,75.90361022949219,191.3492889404297,89.46969604492188,82.20000457763672,61.08940887451172,100.00360870361328,0.0,48.61755657094929,194058.0,15.122695922851562,17.84259033203125,19.12094116210937,18.468170166015625,34.22499942779541
2023-03-19 09:19:05,19.36117172241211,75.96385192871094,190.65755462646484,89.46969604492188,81.30000305175781,61.08940887451172,100.00360870361328,0.0,52.93786813492099,194058.0,18.168991088867188,17.897003173828125,17.217010498046875,18.19618225097656,34.22499942779541
2023-03-19 09:19:06,19.38490295410156,75.96385192871094,191.064453125,89.46969604492188,82.0999984741211,61.08940887451172,100.00360870361328,0.0,50.73447045400341,194058.0,15.421875,20.8616943359375,15.965850830078123,18.00579833984375,34.22499942779541
2023-03-19 09:19:07,19.378467559814453,76.02409362792969,189.7216796875,89.46969604492188,82.5999984741211,61.08578872680664,100.00360870361328,0.0,49.70582923175016,194058.0,15.013900756835938,15.149871826171877,18.19618225097656,16.727432250976562,34.22499942779541
2023-03-19 09:19:08,19.35344696044922,76.02409362792969,190.5029296875,89.54545593261719,82.30000305175781,61.08940887451172,100.00360870361328,0.0,48.01721689048152,194058.0,15.095489501953123,17.815399169921875,19.828125,18.27777099609375,34.22499942779541
2023-03-19 09:19:09,19.337722778320312,76.02409362792969,189.990234375,89.54545593261719,82.5999984741211,61.08940887451172,100.00360870361328,0.0,49.44702736174138,194058.0,16.564239501953125,17.298614501953125,17.896987915039062,18.87615966796875,34.22499942779541
2023-03-19 09:19:10,19.351715087890625,75.96385192871094,191.45507049560547,89.46969604492188,81.69999694824219,61.08940887451172,100.0,0.0,50.1350878465646,194058.0,12.457183837890623,21.35127258300781,17.217010498046875,17.27142333984375,34.22499942779541
2023-03-19 09:19:11,19.36185836791992,75.96385192871094,190.9261016845703,89.46969604492188,81.69999694824219,61.08940887451172,100.00360870361328,0.0,49.424043979080295,194058.0,17.597808837890625,17.97857666015625,13.789932250976562,16.97222900390625,34.22499942779541
2023-03-19 09:19:12,19.40462303161621,75.96385192871094,191.0074920654297,89.46969604492188,82.70000457763672,61.08940887451172,100.00360870361328,0.0,48.67353951315811,194058.0,15.775482177734377,20.018524169921875,14.46990966796875,17.652191162109375,34.22499942779541
2023-03-19 09:19:13,19.47265243530273,76.02409362792969,190.4947891235352,89.46969604492188,81.9000015258789,61.08940887451172,100.00360870361328,0.0,47.52995598709332,194058.0,17.081024169921875,17.7882080078125,16.700225830078125,16.645843505859375,34.22499942779541
2023-03-19 09:19:14,19.53486442565918,76.02409362792969,190.70638275146484,89.54545593261719,82.30000305175781,61.08940887451172,100.00360870361328,0.0,47.45270958157646,194058.0,15.612274169921877,16.754638671875,17.97857666015625,13.681137084960938,34.22499942779541
2023-03-19 09:19:15,19.513729095458984,76.02409362792969,190.1448516845703,89.46969604492188,82.4000015258789,61.08940887451172,100.00360870361328,0.0,47.846507032578245,194058.0,15.66668701171875,16.945037841796875,18.168975830078125,20.20892333984375,34.22499942779541
2023-03-19 09:19:16,19.463153839111328,75.96385192871094,190.6168670654297,89.46969604492188,81.9000015258789,61.08940887451172,100.00360870361328,0.0,46.20808888568327,194058.0,14.361114501953123,17.27142333984375,17.10821533203125,17.815399169921875,34.22499942779541
2023-03-19 09:19:17,19.448938369750977,75.96385192871094,189.84375,89.46969604492188,82.0,61.08940887451172,100.00360870361328,0.0,46.7644530244404,194058.0,17.35302734375,17.869781494140625,19.338531494140625,15.911468505859377,34.22499942779541
2023-03-19 09:19:18,19.41852760314941,75.96385192871094,190.7145156860352,89.46969604492188,82.30000305175781,61.08940887451172,100.00360870361328,0.0,48.95015922461088,194058.0,14.143524169921877,17.97857666015625,18.71295166015625,15.775466918945312,34.22499942779541
2023-03-19 09:19:19,19.394588470458984,76.02409362792969,190.0390625,89.46969604492188,81.5,61.08940887451172,100.00360870361328,0.0,50.8816980139354,194058.0,16.509857177734375,17.352996826171875,16.863433837890625,15.313079833984377,34.22499942779541
2023-03-19 09:19:20,19.412303924560547,76.02409362792969,187.7604217529297,89.46969604492188,81.5,61.08940887451172,100.00360870361328,0.0,50.17399616689059,194058.0,14.660308837890623,16.020263671875,17.896987915039062,15.285888671875,34.22499942779541
2023-03-19 09:19:21,19.43466567993164,76.02409362792969,189.5263671875,89.54545593261719,81.9000015258789,61.08940887451172,100.00360870361328,0.0,48.16669885710214,194058.0,13.953125,14.089111328125,12.130783081054688,18.6585693359375,34.22499942779541
2023-03-19 09:19:22,19.422550201416016,76.02409362792969,189.8600311279297,89.54545593261719,81.9000015258789,61.08940887451172,100.00360870361328,0.0,48.18120801216929,194058.0,14.279525756835938,14.089111328125,12.130783081054688,18.6585693359375,34.22499942779541
2023-03-19 09:19:23,19.38777542114257,75.96385192871094,190.1692733764648,89.46969604492188,81.30000305175781,61.08940887451172,100.00360870361328,0.0,49.24526044739985,194058.0,14.93231201171875,20.39930725097656,17.298614501953125,17.597808837890625,34.22499942779541
2023-03-19 09:19:24,19.38777542114257,75.96385192871094,190.1692733764648,89.46969604492188,82.0,61.08940887451172,100.00360870361328,0.0,49.26915954288428,194058.0,14.93231201171875,20.39930725097656,17.298614501953125,17.597808837890625,34.22499942779541
2023-03-19 09:19:25,19.33785820007324,75.96385192871094,189.990234375,89.46969604492188,81.80000305175781,61.08940887451172,100.00360870361328,0.0,51.08071444134289,194058.0,14.33392333984375,18.168975830078125,20.18170166015625,16.3194580078125,34.22499942779541
2023-03-19 09:19:26,19.28844451904297,76.02409362792969,189.82747650146484,89.46969604492188,82.4000015258789,61.08940887451172,100.00360870361328,0.0,48.55877668674044,194058.0,13.789947509765623,20.671295166015625,17.3258056640625,19.229736328125,34.22499942779541
2023-03-19 09:19:27,19.28844451904297,76.02409362792969,191.0807266235352,89.46969604492188,81.80000305175781,61.08940887451172,100.0,0.0,49.975046228999176,194058.0,17.516204833984375,19.964111328125,19.61053466796875,15.80267333984375,34.22499942779541
2023-03-19 09:19:28,19.28325843811035,76.02409362792969,190.0309219360352,89.46969604492188,80.5999984741211,61.08940887451172,100.00360870361328,0.0,51.32831050819977,194058.0,11.99481201171875,20.671295166015625,14.197906494140623,15.775466918945312,34.22499942779541
2023-03-19 09:19:29,19.328723907470703,75.96385192871094,190.4296951293945,89.54545593261719,81.80000305175781,61.08940887451172,100.00360870361328,0.0,48.144689296768505,194058.0,12.56597900390625,19.25694274902344,18.468170166015625,16.781829833984375,34.22499942779541
2023-03-19 09:19:30,19.376903533935547,75.96385192871094,189.90071868896484,89.54545593261719,81.9000015258789,61.08940887451172,100.0,0.0,49.91027522379491,194058.0,15.93865966796875,17.0538330078125,18.7945556640625,17.40740966796875,34.22499942779541
2023-03-19 09:19:31,19.40387725830078,76.02409362792969,189.1520156860352,89.54545593261719,81.0,61.08940887451172,100.00360870361328,0.0,51.38013509980125,194058.0,15.829864501953123,17.760986328125,15.557861328125,16.4554443359375,34.22499942779541
2023-03-19 09:19:32,19.406635284423828,76.02409362792969,190.58431243896484,89.54545593261719,82.30000305175781,61.08940887451172,100.00360870361328,0.0,50.29409230730522,194058.0,16.61865234375,17.97857666015625,16.346649169921875,14.741897583007812,34.22499942779541
2023-03-19 09:19:33,19.3740177154541,76.02409362792969,188.9973907470703,89.46969604492188,80.5999984741211,61.08940887451172,100.00360870361328,0.0,51.02617832128074,194058.0,11.369232177734377,17.516204833984375,16.101852416992188,15.7210693359375,34.22499942779541
2023-03-19 09:19:34,19.360301971435547,76.02409362792969,190.1285781860352,89.46969604492188,82.70000457763672,61.08940887451172,100.00360870361328,0.0,49.11907314942287,194058.0,14.76910400390625,18.27777099609375,18.168975830078125,17.625,34.22499942779541
2023-03-19 09:19:35,19.3530330657959,75.96385192871094,191.3248672485352,89.46969604492188,81.5999984741211,61.08940887451172,100.00360870361328,0.0,48.73468779526624,194058.0,18.25057983398437,20.181716918945312,18.821746826171875,15.666671752929688,34.22499942779541
2023-03-19 09:19:36,19.3515853881836,75.96385192871094,192.4235000610352,89.46969604492188,82.20000457763672,61.08940887451172,100.00360870361328,0.0,48.29110428311052,194058.0,17.461822509765625,18.223388671875,19.12094116210937,17.162628173828125,34.22499942779541
2023-03-19 09:19:37,19.40071678161621,76.02409362792969,191.90267181396484,89.54545593261719,81.0,61.08940887451172,100.00360870361328,0.0,51.68960335791068,194058.0,12.7835693359375,19.12094116210937,12.293975830078123,16.047454833984375,34.22499942779541
2023-03-19 09:19:38,19.45605659484864,76.02409362792969,192.87109375,89.46969604492188,82.4000015258789,61.08940887451172,100.00360870361328,0.0,49.202023963938494,194058.0,16.97222900390625,20.018524169921875,18.631362915039062,14.633102416992188,34.22499942779541
2023-03-19 09:19:39,19.491680145263672,76.02409362792969,193.1233673095703,89.46969604492188,82.0999984741211,61.08940887451172,100.00360870361328,0.0,49.18146168007959,194058.0,17.543411254882812,18.00579833984375,16.37384033203125,17.135421752929688,34.22499942779541
2023-03-19 09:19:40,19.494770050048828,76.02409362792969,194.7265625,89.54545593261719,82.70000457763672,61.08940887451172,100.00360870361328,0.0,47.56968347325287,194058.0,15.449081420898438,17.951385498046875,19.14814758300781,15.965850830078123,34.22499942779541
2023-03-19 09:19:41,19.45931053161621,75.96385192871094,195.2880935668945,89.46969604492188,82.5999984741211,61.08940887451172,100.00360870361328,0.0,48.85040661977324,194058.0,15.639480590820312,17.760986328125,14.660308837890623,15.557861328125,34.22499942779541
2023-03-19 09:19:42,19.411752700805664,75.96385192871094,195.6136016845703,89.46969604492188,82.80000305175781,61.08940887451172,100.00360870361328,0.0,48.29973640483391,194058.0,13.409149169921877,18.168975830078125,18.71295166015625,17.625,34.22499942779541
2023-03-19 09:19:43,19.38950157165528,76.02409362792969,195.068359375,89.46969604492188,82.80000305175781,61.08940887451172,100.00360870361328,0.0,48.997452507618014,194058.0,21.21528625488281,16.754638671875,18.903350830078125,16.482635498046875,34.22499942779541
2023-03-19 09:19:44,19.37174224853516,75.96385192871094,195.1578826904297,89.46969604492188,81.9000015258789,61.08940887451172,100.00360870361328,0.0,50.05547896433883,194058.0,12.375579833984377,18.604156494140625,20.72569274902344,16.37384033203125,34.22499942779541
2023-03-19 09:19:45,19.39583778381348,76.02409362792969,191.8212890625,89.46969604492188,81.5999984741211,61.08940887451172,100.00360870361328,0.0,50.11308736695477,194058.0,18.468170166015625,15.177093505859377,13.898727416992188,17.516204833984375,34.22499942779541
2023-03-19 09:19:46,19.44497299194336,75.96385192871094,194.4742889404297,89.46969604492188,83.20000457763672,61.08578872680664,100.0,0.0,45.62167881047981,194058.0,14.306732177734377,16.83624267578125,18.359375,17.570602416992188,34.22499942779541
2023-03-19 09:19:47,19.488609313964844,75.96385192871094,194.0592422485352,89.46969604492188,82.0999984741211,61.08940887451172,100.00360870361328,0.0,49.26216503530559,194058.0,15.829864501953123,18.604156494140625,18.0601806640625,15.177093505859377,34.22499942779541
2023-03-19 09:19:48,19.49055862426757,75.96385192871094,194.6614532470703,89.46969604492188,81.4000015258789,61.08940887451172,100.00360870361328,0.0,50.95015934565237,194058.0,17.679412841796875,14.225128173828123,17.162612915039062,18.032989501953125,34.22499942779541
2023-03-19 09:19:49,19.471879959106445,76.02409362792969,192.9036407470703,89.46969604492188,81.9000015258789,61.08940887451172,100.0,0.0,47.55998874704387,194058.0,16.83624267578125,18.7945556640625,13.708343505859377,16.482635498046875,34.22499942779541
2023-03-19 09:19:50,19.420223236083984,76.08434295654297,193.34310150146484,89.54545593261719,81.5999984741211,61.08940887451172,100.00360870361328,0.0,49.78556511183201,194058.0,16.754638671875,18.87615966796875,18.11459350585937,16.80902099609375,34.22499942779541
2023-03-19 09:19:51,19.401636123657227,76.02409362792969,193.26171875,89.46969604492188,83.0999984741211,61.08578872680664,100.00360870361328,0.0,46.46905838501501,194058.0,16.15625,19.202545166015625,18.25057983398437,17.652191162109375,34.22499942779541
2023-03-19 09:19:52,19.38295555114746,75.96385192871094,195.0764999389648,89.46969604492188,81.0999984741211,61.08940887451172,100.00360870361328,0.0,52.08685201733356,194058.0,13.327545166015623,19.47454833984375,18.767364501953125,18.359375,34.22499942779541
2023-03-19 09:19:53,19.38471031188965,75.96385192871094,194.3928985595703,89.46969604492188,81.9000015258789,61.08940887451172,100.00360870361328,0.0,49.94426611536891,194058.0,15.449081420898438,15.911468505859377,14.633102416992188,17.733795166015625,34.22499942779541
2023-03-19 09:19:54,19.42962074279785,76.02409362792969,193.7906875610352,89.46969604492188,82.20000457763672,61.08940887451172,100.00360870361328,0.0,49.55398682421432,194058.0,17.325820922851562,20.535308837890625,20.018524169921875,15.095489501953123,34.22499942779541
2023-03-19 09:19:55,19.46084213256836,76.02409362792969,193.05013275146484,89.46969604492188,81.80000305175781,61.08940887451172,100.00360870361328,0.0,49.33075581250614,194058.0,16.97222900390625,17.54339599609375,15.802658081054688,16.863433837890625,34.22499942779541
2023-03-19 09:19:56,19.47878837585449,76.02409362792969,194.3603515625,89.46969604492188,81.80000305175781,61.08940887451172,100.00360870361328,0.0,48.99521351050846,194058.0,17.325820922851562,17.597808837890625,15.476272583007812,14.1163330078125,34.22499942779541
2023-03-19 09:19:57,19.456199645996094,75.96385192871094,194.0185546875,89.46969604492188,82.0,61.08940887451172,100.00360870361328,0.0,50.09987136116397,194058.0,14.823516845703123,17.897003173828125,17.489013671875,17.1898193359375,34.22499942779541
2023-03-19 09:19:58,19.40615463256836,75.96385192871094,194.7265701293945,89.54545593261719,81.9000015258789,61.08940887451172,100.0,0.0,49.70603545324576,194058.0,16.61865234375,19.12094116210937,13.708343505859377,16.781829833984375,34.22499942779541
2023-03-19 09:19:59,19.365392684936523,75.96385192871094,194.2789688110352,89.54545593261719,82.30000305175781,61.08940887451172,100.00360870361328,0.0,48.19485409448182,194058.0,13.16436767578125,17.9241943359375,19.964111328125,16.401046752929688,34.22499942779541
2023-03-19 09:20:00,19.33477020263672,76.02409362792969,194.1324844360352,89.54545593261719,81.9000015258789,61.08940887451172,100.00360870361328,0.0,48.992670209336346,194058.0,17.108230590820312,16.210662841796875,16.645843505859375,17.815399169921875,34.22499942779541
2023-03-19 09:20:01,19.32291603088379,76.02409362792969,194.4987030029297,89.46969604492188,81.0999984741211,61.08940887451172,100.00360870361328,0.0,49.411592580349,194058.0,14.796295166015623,20.58969116210937,19.474533081054688,16.346649169921875,34.22499942779541
2023-03-19 09:20:02,19.357967376708984,76.02409362792969,193.90462493896484,89.46969604492188,82.30000305175781,61.08578872680664,100.0,0.0,47.548696885946114,194058.0,14.143524169921877,17.760986328125,17.516204833984375,17.978591918945312,34.22499942779541
2023-03-19 09:20:03,19.406429290771484,75.96385192871094,195.00325775146484,89.46969604492188,82.5999984741211,61.08940887451172,100.00360870361328,0.0,49.049713904033965,194058.0,18.5225830078125,21.296875,18.767364501953125,16.917816162109375,34.22499942779541
2023-03-19 09:20:04,19.43187522888184,75.96385192871094,192.9850234985352,89.46969604492188,81.80000305175781,61.08940887451172,100.00360870361328,0.0,50.63934683686989,194058.0,13.490753173828123,18.767364501953125,17.625,17.434600830078125,34.22499942779541
2023-03-19 09:20:05,19.4194278717041,75.96385192871094,192.53743743896484,89.46969604492188,82.0999984741211,61.08940887451172,100.00360870361328,0.0,49.41826087699567,194058.0,12.484375,20.8616943359375,16.700225830078125,16.265045166015625,34.22499942779541
2023-03-19 09:20:06,19.37541389465332,76.02409362792969,192.3421173095703,89.46969604492188,82.5999984741211,61.08940887451172,100.00360870361328,0.0,49.08165177686772,194058.0,15.911468505859377,18.25057983398437,14.741897583007812,16.4554443359375,34.22499942779541
2023-03-19 09:20:07,19.3440055847168,76.02409362792969,195.3125,89.46969604492188,82.5999984741211,61.08940887451172,100.00360870361328,0.0,47.92487766014614,194058.0,19.692138671875,20.752899169921875,14.823486328125,14.306716918945312,34.22499942779541
2023-03-19 09:20:08,19.33353805541992,76.02409362792969,194.63704681396484,89.46969604492188,82.9000015258789,61.08940887451172,100.00360870361328,0.0,48.3542872764159,194058.0,16.40106201171875,16.3194580078125,17.24420166015625,18.957763671875,34.22499942779541
2023-03-19 09:20:09,19.323335647583008,76.02409362792969,193.4326171875,89.54545593261719,81.69999694824219,61.08578872680664,100.00360870361328,0.0,48.8787664743229,194058.0,17.951400756835938,20.426513671875,16.945022583007812,17.679397583007812,34.22499942779541
2023-03-19 09:20:10,19.359983444213867,75.96385192871094,194.1324844360352,89.54545593261719,81.9000015258789,61.08940887451172,100.00360870361328,0.0,51.64416745392483,194058.0,16.292266845703125,16.945037841796875,22.276031494140625,19.338546752929688,34.22499942779541
2023-03-19 09:20:11,19.400205612182617,75.96385192871094,193.6442108154297,89.46969604492188,81.69999694824219,61.08940887451172,100.00360870361328,0.0,49.89174348005834,194058.0,15.20428466796875,17.1898193359375,17.10821533203125,17.70660400390625,34.22499942779541
2023-03-19 09:20:12,19.437206268310547,76.02409362792969,194.33592987060547,89.46969604492188,82.30000305175781,61.08578872680664,100.00360870361328,0.0,50.75987376325891,194058.0,15.965866088867188,13.082763671875,18.549774169921875,18.168975830078125,34.22499942779541
2023-03-19 09:20:13,19.438879013061523,76.02409362792969,192.9362030029297,89.46969604492188,82.0,61.08940887451172,100.00360870361328,0.0,50.35365460339726,194058.0,12.42999267578125,18.9305419921875,16.97222900390625,13.273147583007812,34.22499942779541
2023-03-19 09:20:14,19.417312622070312,75.96385192871094,192.48860931396484,89.46969604492188,82.30000305175781,61.08940887451172,100.00360870361328,0.0,46.97007405701856,194058.0,16.945037841796875,16.428253173828125,19.474533081054688,17.815399169921875,34.22499942779541
2023-03-19 09:20:15,19.37482643127441,76.02409362792969,194.04296875,89.46969604492188,82.5,61.08940887451172,100.00360870361328,0.0,49.04360528447118,194058.0,17.625,18.11459350585937,14.17071533203125,15.095489501953123,34.22499942779541
2023-03-19 09:20:16,19.36550521850586,76.02409362792969,193.4407501220703,89.46969604492188,81.9000015258789,61.08940887451172,100.0,0.0,48.26530049634092,194058.0,16.074661254882812,15.63946533203125,18.903350830078125,16.509841918945312,34.22499942779541
2023-03-19 09:20:17,19.354223251342773,76.02409362792969,191.6422500610352,89.46969604492188,80.80000305175781,61.08940887451172,100.0,0.0,51.0559256471769,194058.0,12.810775756835938,19.556137084960938,14.741897583007812,19.2569580078125,34.22499942779541
2023-03-19 09:20:18,19.376909255981445,75.96385192871094,192.919921875,89.46969604492188,81.0999984741211,61.08940887451172,100.00360870361328,0.0,48.680340278810654,194058.0,12.86517333984375,15.177093505859377,19.66493225097656,17.298614501953125,34.22499942779541
2023-03-19 09:20:19,19.4271183013916,75.96385192871094,193.6442031860352,89.54545593261719,81.69999694824219,61.08940887451172,100.00360870361328,0.0,50.82454315758676,194058.0,18.468170166015625,18.84896850585937,17.40740966796875,15.476272583007812,34.22499942779541
2023-03-19 09:20:20,19.48657989501953,76.02409362792969,193.2454376220703,89.54545593261719,82.0,61.08578872680664,100.00360870361328,0.0,53.2871582271171,194058.0,12.837982177734377,17.9241943359375,18.41377258300781,19.692138671875,34.22499942779541
2023-03-19 09:20:21,19.51156997680664,76.02409362792969,194.2871170043945,89.54545593261719,82.4000015258789,61.08940887451172,100.00360870361328,0.0,51.381855076237954,194058.0,20.426513671875,20.48089599609375,18.38656616210937,15.367477416992188,34.22499942779541
2023-03-19 09:20:22,19.49703788757324,76.02409362792969,191.70735931396484,89.46969604492188,82.20000457763672,61.08940887451172,100.00360870361328,0.0,49.25373527828973,194058.0,13.572357177734377,16.020263671875,17.298614501953125,17.869796752929688,34.22499942779541
2023-03-19 09:20:23,19.45701789855957,75.96385192871094,193.1966094970703,89.46969604492188,83.5,61.08940887451172,100.00360870361328,0.0,47.1934512626652,194058.0,15.7210693359375,17.298614501953125,17.84259033203125,16.07464599609375,34.22499942779541
2023-03-19 09:20:24,19.423734664916992,75.96385192871094,191.8863906860352,89.46969604492188,82.70000457763672,61.08940887451172,100.00360870361328,0.0,48.59169897259632,194058.0,14.741912841796877,17.57061767578125,17.3258056640625,18.685760498046875,34.22499942779541
2023-03-19 09:20:25,19.39273262023925,75.96385192871094,192.87923431396484,89.46969604492188,81.19999694824219,61.08940887451172,100.00360870361328,0.0,49.867620527890345,194058.0,16.4554443359375,18.359375,13.626739501953123,16.3194580078125,34.22499942779541
2023-03-19 09:20:26,19.386110305786133,76.02409362792969,194.4254608154297,89.46969604492188,81.80000305175781,61.08940887451172,100.00360870361328,0.0,49.37025159129291,194058.0,16.40106201171875,21.35127258300781,14.877899169921877,15.965850830078123,34.22499942779541
2023-03-19 09:20:27,19.42257308959961,76.02409362792969,192.4723358154297,89.46969604492188,81.69999694824219,61.08940887451172,100.00360870361328,0.0,48.79974265006989,194058.0,18.14178466796875,17.70660400390625,16.67303466796875,16.101852416992188,34.22499942779541
2023-03-19 09:20:28,19.458614349365234,76.02409362792969,194.1813125610352,89.46969604492188,81.4000015258789,61.08940887451172,100.0,0.0,50.62757140373016,194058.0,15.530670166015623,20.94329833984375,16.292236328125,16.047454833984375,34.22499942779541
2023-03-19 09:20:29,19.47114944458008,75.96385192871094,192.578125,89.46969604492188,81.9000015258789,61.08578872680664,100.00360870361328,0.0,47.85371264506307,194058.0,17.40740966796875,19.12094116210937,17.760986328125,16.5914306640625,34.22499942779541
2023-03-19 09:20:30,19.44672203063965,75.96385192871094,194.3359375,89.46969604492188,82.0999984741211,61.08940887451172,100.00360870361328,0.0,49.36139128688093,194058.0,14.605911254882812,19.47454833984375,20.58969116210937,17.3258056640625,34.22499942779541
2023-03-19 09:20:31,19.38389015197754,76.02409362792969,193.44075775146484,89.46969604492188,81.9000015258789,61.08578872680664,100.00360870361328,0.0,49.82084400261701,194059.0,15.095489501953123,16.5914306640625,16.482635498046875,15.884262084960938,34.22499942779541
2023-03-19 09:20:32,19.33790779113769,76.02409362792969,192.84667205810547,89.46969604492188,81.69999694824219,61.08940887451172,100.00360870361328,0.0,50.275130089036665,194059.0,14.089141845703123,14.63311767578125,17.081024169921875,16.210647583007812,34.22499942779541
2023-03-19 09:20:33,19.3081111907959,75.96385192871094,192.61067962646484,89.54545593261719,81.4000015258789,61.08940887451172,100.00360870361328,0.0,49.856541299816826,194059.0,16.727447509765625,18.604156494140625,14.333908081054688,17.7882080078125,34.22499942779541
2023-03-19 09:20:34,19.275415420532227,75.96385192871094,193.45703125,89.54545593261719,82.0,61.08578872680664,100.00360870361328,0.0,46.50447457808923,194059.0,16.509857177734375,17.597808837890625,16.183441162109375,13.925933837890623,34.22499942779541
2023-03-19 09:20:35,19.29713630676269,76.02409362792969,194.091796875,89.46969604492188,82.70000457763672,61.08940887451172,100.00360870361328,0.0,49.62471863668187,194059.0,14.578704833984377,20.916091918945312,18.495361328125,16.346649169921875,34.22499942779541
2023-03-19 09:20:36,19.3358097076416,76.02409362792969,193.3512344360352,89.46969604492188,82.4000015258789,61.08940887451172,100.00360870361328,0.0,48.36125130246185,194059.0,18.168991088867188,19.229736328125,13.490737915039062,17.625,34.22499942779541
2023-03-19 09:20:37,19.358232498168945,76.02409362792969,193.994140625,89.46969604492188,81.69999694824219,61.08578872680664,100.00360870361328,0.0,49.84250946051492,194059.0,15.7210693359375,19.09375,19.556121826171875,19.61053466796875,34.22499942779541
2023-03-19 09:20:38,19.360414505004883,76.02409362792969,190.6168594360352,89.46969604492188,82.0999984741211,61.08940887451172,100.00360870361328,0.0,47.90156075115219,194059.0,18.11459350585937,17.434600830078125,15.530670166015623,16.97222900390625,34.22499942779541
2023-03-19 09:20:39,19.315343856811523,75.96385192871094,192.95247650146484,89.46969604492188,81.9000015258789,61.08578872680664,100.00360870361328,0.0,47.95189755345295,194059.0,13.082763671875,18.6585693359375,21.51446533203125,18.84896850585937,34.22499942779541
2023-03-19 09:20:40,19.2840518951416,75.96385192871094,192.626953125,89.46969604492188,82.30000305175781,61.08578872680664,100.00360870361328,0.0,47.87681502516667,194059.0,14.170730590820312,16.890625,17.516204833984375,18.957763671875,34.22499942779541
2023-03-19 09:20:41,19.27070617675781,76.02409362792969,193.6523513793945,89.54545593261719,82.0,61.08940887451172,100.00360870361328,0.0,52.61228269691392,194059.0,16.890625,18.359375,21.242477416992188,16.781829833984375,34.22499942779541
2023-03-19 09:20:42,19.26091766357422,76.08434295654297,192.68392181396484,89.46969604492188,81.9000015258789,61.08578872680664,100.00360870361328,0.0,48.61042586708929,194059.0,11.886016845703123,18.5225830078125,16.401031494140625,15.93865966796875,34.22499942779541
2023-03-19 09:20:43,19.30814743041992,76.02409362792969,193.310546875,89.46969604492188,82.0,61.08578872680664,100.00360870361328,0.0,50.637870973414095,194059.0,19.365753173828125,14.46990966796875,20.372100830078125,16.210647583007812,34.22499942779541
2023-03-19 09:20:44,19.3828125,75.96385192871094,193.5384140014648,89.46969604492188,82.20000457763672,61.08940887451172,100.00360870361328,0.0,49.09985755019397,194059.0,16.074661254882812,19.556137084960938,17.951385498046875,18.5225830078125,34.22499942779541
2023-03-19 09:20:45,19.45338249206543,75.96385192871094,191.75618743896484,89.46969604492188,81.19999694824219,61.08940887451172,100.00360870361328,0.0,51.8520251883118,194059.0,16.67303466796875,21.024887084960938,17.815399169921875,16.509841918945312,34.22499942779541
2023-03-19 09:20:46,19.49874496459961,76.02409362792969,193.5139923095703,89.46969604492188,81.69999694824219,61.08940887451172,100.00360870361328,0.0,50.75312595434707,194059.0,15.394683837890623,19.66493225097656,18.767364501953125,16.15625,34.22499942779541
2023-03-19 09:20:47,19.4926815032959,76.02409362792969,192.4886093139648,89.46969604492188,81.5999984741211,61.08940887451172,100.00360870361328,0.0,51.06416596679831,194059.0,14.551513671875,19.66493225097656,14.578704833984377,15.06829833984375,34.22499942779541
2023-03-19 09:20:48,19.426332473754883,75.96385192871094,192.529296875,89.46969604492188,82.20000457763672,61.08578872680664,100.00360870361328,0.0,51.50367054744172,194059.0,16.754638671875,17.597808837890625,22.03125,15.748260498046877,34.22499942779541
2023-03-19 09:20:49,19.39181137084961,76.02409362792969,192.2607421875,89.46969604492188,82.0,61.08578872680664,100.00360870361328,0.0,49.14605384889426,194059.0,17.897003173828125,18.98495483398437,17.162612915039062,17.135421752929688,34.22499942779541
2023-03-19 09:20:50,19.37940788269043,75.96385192871094,192.8792343139648,89.46969604492188,81.5999984741211,61.08940887451172,100.0,0.0,50.27613002294892,194059.0,18.6585693359375,14.796295166015623,18.25057983398437,14.46990966796875,34.19999980926514
2023-03-19 09:20:51,19.42172241210937,75.96385192871094,193.5302734375,89.46969604492188,83.5,61.08940887451172,100.00360870361328,0.0,47.17334699981617,194059.0,15.612274169921877,18.87615966796875,17.733795166015625,17.217010498046875,34.22499942779541
2023-03-19 09:20:52,19.4860782623291,75.96385192871094,193.6035232543945,89.46969604492188,82.30000305175781,61.08578872680664,100.00360870361328,0.0,49.01285913504837,194059.0,15.748275756835938,17.4617919921875,18.332183837890625,15.177093505859377,34.22499942779541
2023-03-19 09:20:53,19.536396026611328,76.02409362792969,191.41439056396484,89.54545593261719,80.9000015258789,61.08940887451172,100.00360870361328,0.0,51.496950022347626,194059.0,15.06829833984375,20.2633056640625,17.815399169921875,15.367477416992188,34.22499942779541
2023-03-19 09:20:54,19.56338119506836,76.02409362792969,190.7633514404297,89.54545593261719,82.4000015258789,61.08940887451172,100.00360870361328,0.0,49.16610018323372,194059.0,14.225128173828123,17.489013671875,18.631362915039062,17.951385498046875,34.22499942779541
2023-03-19 09:20:55,19.54219436645508,75.96385192871094,193.4895782470703,89.54545593261719,83.0,61.08940887451172,100.00360870361328,0.0,48.57924407202292,194059.0,18.00579833984375,20.154510498046875,19.58334350585937,18.087387084960938,34.22499942779541
2023-03-19 09:20:56,19.486831665039062,75.96385192871094,191.94335174560547,89.46969604492188,82.0999984741211,61.08578872680664,100.00360870361328,0.0,47.75412392949904,194059.0,14.823516845703123,19.5289306640625,17.652191162109375,17.516204833984375,34.19999980926514
2023-03-19 09:20:57,19.450910568237305,76.02409362792969,192.0572891235352,89.46969604492188,82.0,61.08578872680664,100.00360870361328,0.0,48.57877446869099,194059.0,14.877899169921877,16.37384033203125,18.0601806640625,16.945022583007812,34.22499942779541
2023-03-19 09:20:58,19.39429473876953,76.08434295654297,192.3421173095703,89.46969604492188,82.20000457763672,61.08940887451172,100.00360870361328,0.0,49.83042547566943,194059.0,14.93231201171875,17.3258056640625,17.70660400390625,17.135421752929688,34.22499942779541
2023-03-19 09:20:59,19.35420227050781,76.02409362792969,190.9261016845703,89.46969604492188,82.0999984741211,61.08940887451172,100.00360870361328,0.0,48.87935668012461,194059.0,17.57061767578125,16.23785400390625,19.420135498046875,18.93055725097656,34.22499942779541
2023-03-19 09:21:00,19.359289169311523,75.96385192871094,192.1061172485352,89.46969604492188,82.30000305175781,61.08578872680664,100.00360870361328,0.0,49.99698990417881,194059.0,14.388320922851562,20.181716918945312,14.3883056640625,19.229736328125,34.22499942779541
2023-03-19 09:21:01,19.35810089111328,75.96385192871094,192.65950775146484,89.54545593261719,82.4000015258789,61.08940887451172,100.00360870361328,0.0,48.3676466762963,194059.0,15.36749267578125,18.087371826171875,18.6585693359375,18.44097900390625,34.19999980926514
2023-03-19 09:21:02,19.38112449645996,76.02409362792969,191.63411712646484,89.54545593261719,81.5999984741211,61.08940887451172,100.00360870361328,0.0,51.242962040945386,194059.0,13.545150756835938,19.338531494140625,18.495361328125,16.4554443359375,34.22499942779541
2023-03-19 09:21:03,19.42417335510254,76.02409362792969,192.7327423095703,89.54545593261719,82.80000305175781,61.08578872680664,100.00360870361328,0.0,49.06213105226004,194059.0,18.903366088867188,18.0601806640625,19.14814758300781,18.6585693359375,34.22499942779541
2023-03-19 09:21:04,19.40875244140625,76.02409362792969,193.51399993896484,89.54545593261719,82.30000305175781,61.08940887451172,100.00360870361328,0.0,50.89349146443475,194059.0,15.5850830078125,18.468170166015625,20.290496826171875,18.00579833984375,34.22499942779541
2023-03-19 09:21:05,19.36066436767578,76.02409362792969,191.60970306396484,89.46969604492188,81.30000305175781,61.08940887451172,100.00360870361328,0.0,48.35001168407982,194059.0,17.380218505859375,19.99131774902344,16.754638671875,15.149887084960938,34.19999980926514
2023-03-19 09:21:06,19.313705444335938,75.96385192871094,189.84375,89.46969604492188,81.30000305175781,61.08940887451172,100.00360870361328,0.0,49.24774707424809,194059.0,14.660308837890623,13.953125,16.754638671875,16.4554443359375,34.22499942779541
2023-03-19 09:21:07,19.27175521850586,75.96385192871094,191.51204681396484,89.46969604492188,82.0,61.08940887451172,100.00360870361328,0.0,51.02924846223507,194059.0,15.258697509765623,16.945037841796875,19.039352416992188,16.346649169921875,34.19999980926514
2023-03-19 09:21:08,19.2783260345459,75.96385192871094,192.4072265625,89.46969604492188,82.4000015258789,61.08940887451172,100.00360870361328,0.0,47.86089125833115,194059.0,17.516204833984375,16.945037841796875,18.767364501953125,19.2569580078125,34.19999980926514
2023-03-19 09:21:09,19.303396224975582,76.02409362792969,192.09798431396484,89.54545593261719,81.5,61.08940887451172,100.00360870361328,0.0,47.76480640013344,194059.0,10.471649169921877,20.072906494140625,18.98495483398437,15.476272583007812,34.19999980926514
2023-03-19 09:21:10,19.34433364868164,76.02409362792969,192.1956329345703,89.54545593261719,81.9000015258789,61.08940887451172,100.00360870361328,0.0,47.923456236746944,194059.0,18.930572509765625,15.06829833984375,14.524307250976562,18.821762084960938,34.19999980926514
2023-03-19 09:21:11,19.36256980895996,76.02409362792969,191.0400390625,89.54545593261719,82.20000457763672,61.08940887451172,100.00360870361328,0.0,50.98114221425804,194059.0,11.233230590820312,19.501739501953125,20.18170166015625,17.434600830078125,34.19999980926514
2023-03-19 09:21:12,19.33993530273437,76.02409362792969,192.46419525146484,89.54545593261719,81.9000015258789,61.08578872680664,100.00360870361328,0.0,49.00309585218335,194059.0,18.413787841796875,16.67303466796875,16.537033081054688,19.9913330078125,34.22499942779541
2023-03-19 09:21:13,19.30932807922364,76.02409362792969,192.2770233154297,89.46969604492188,82.0,61.08578872680664,100.0,0.0,52.24756745319793,194059.0,12.022003173828123,17.760986328125,18.359375,17.9241943359375,34.19999980926514
2023-03-19 09:21:14,19.292686462402344,76.02409362792969,191.48763275146484,89.46969604492188,82.0,61.08940887451172,100.00360870361328,0.0,48.61861829115078,194059.0,17.543411254882812,20.100128173828125,14.551513671875,13.925933837890623,34.19999980926514
2023-03-19 09:21:15,19.306396484375,75.96385192871094,191.0400466918945,89.46969604492188,82.0,61.08578872680664,100.00360870361328,0.0,52.08532863497262,194059.0,15.20428466796875,15.177093505859377,18.332183837890625,17.570602416992188,34.19999980926514
2023-03-19 09:21:16,19.38581085205078,75.96385192871094,191.6910781860352,89.46969604492188,81.80000305175781,61.08940887451172,100.00360870361328,0.0,50.61114620315261,194059.0,15.013900756835938,17.625,15.557861328125,16.37384033203125,34.19999980926514
2023-03-19 09:21:17,19.458993911743164,75.96385192871094,191.064453125,89.54545593261719,81.69999694824219,61.08940887451172,100.00360870361328,0.0,49.64993696896438,194059.0,19.03936767578125,19.58334350585937,18.98495483398437,14.524307250976562,34.19999980926514
2023-03-19 09:21:18,19.53158950805664,75.96385192871094,191.8212890625,89.54545593261719,82.30000305175781,61.08940887451172,100.00360870361328,0.0,48.31043718185367,194059.0,15.122695922851562,18.98495483398437,16.37384033203125,15.965850830078123,34.19999980926514
2023-03-19 09:21:19,19.57900047302246,76.02409362792969,191.24349212646484,89.54545593261719,82.0,61.08940887451172,100.00360870361328,0.0,48.21771197078237,194059.0,17.978607177734375,18.7945556640625,17.380218505859375,15.557861328125,34.19999980926514
2023-03-19 09:21:20,19.583419799804688,76.02409362792969,191.4713516235352,89.54545593261719,82.4000015258789,61.08940887451172,100.00360870361328,0.0,48.10011412874517,194059.0,11.3148193359375,18.332183837890625,17.40740966796875,20.072921752929688,34.19999980926514
2023-03-19 09:21:21,19.57839775085449,75.96385192871094,192.1875076293945,89.46969604492188,82.4000015258789,61.08940887451172,100.00360870361328,0.0,47.57537376327594,194059.0,19.501739501953125,20.181716918945312,14.741897583007812,14.877899169921877,34.19999980926514
2023-03-19 09:21:22,19.582733154296875,75.96385192871094,193.359375,89.46969604492188,82.20000457763672,61.08940887451172,100.00360870361328,0.0,49.1931044652611,194059.0,17.244232177734375,17.54339599609375,19.58334350585937,19.3929443359375,34.19999980926514
2023-03-19 09:21:23,19.570045471191406,76.02409362792969,191.845703125,89.46969604492188,81.4000015258789,61.08940887451172,100.00360870361328,0.0,48.79507228805284,194059.0,16.40106201171875,18.44097900390625,14.60589599609375,15.693878173828123,34.19999980926514
2023-03-19 09:21:24,19.57794761657715,76.02409362792969,192.00032806396484,89.46969604492188,81.0,61.08940887451172,100.00360870361328,0.0,51.20101782038121,194059.0,16.23785400390625,18.332183837890625,18.57696533203125,18.00579833984375,34.19999980926514
2023-03-19 09:21:25,19.602582931518555,76.02409362792969,191.5771484375,89.54545593261719,81.0999984741211,61.08940887451172,100.00360870361328,0.0,47.81627384516258,194059.0,14.605911254882812,20.916091918945312,13.327545166015623,13.73553466796875,34.19999980926514
2023-03-19 09:21:26,19.6320915222168,75.96385192871094,192.04915618896484,89.54545593261719,81.9000015258789,61.08940887451172,100.00360870361328,0.0,48.33450174732605,194059.0,18.08740234375,21.05209350585937,18.27777099609375,16.183441162109375,34.19999980926514
2023-03-19 09:21:27,19.6319522857666,75.96385192871094,190.8121719360352,89.46969604492188,83.0,61.08940887451172,100.00360870361328,0.0,47.61573855969374,194059.0,12.7835693359375,17.162628173828125,17.434600830078125,16.754638671875,34.19999980926514
2023-03-19 09:21:28,19.58097648620605,75.96385192871094,192.2526092529297,89.46969604492188,82.30000305175781,61.08940887451172,100.00360870361328,0.0,48.88838378382539,194059.0,17.461822509765625,18.7945556640625,20.018524169921875,17.10821533203125,34.19999980926514
2023-03-19 09:21:29,19.520063400268555,76.02409362792969,190.7307891845703,89.46969604492188,82.5,61.08940887451172,100.00360870361328,0.0,48.99010028693192,194059.0,15.258697509765623,19.47454833984375,15.666656494140623,15.258682250976562,34.19999980926514
2023-03-19 09:21:30,19.469043731689453,76.02409362792969,192.39095306396484,89.46969604492188,81.5,61.08940887451172,100.00360870361328,0.0,48.00290309389691,194059.0,15.693878173828123,21.18807983398437,19.5289306640625,15.884262084960938,34.19999980926514
2023-03-19 09:21:31,19.40913200378418,76.02409362792969,191.46321868896484,89.46969604492188,81.69999694824219,61.08940887451172,100.00360870361328,0.0,52.076836175403336,194059.0,15.20428466796875,17.625,18.685760498046875,13.43634033203125,34.19999980926514
2023-03-19 09:21:32,19.35764503479004,75.96385192871094,191.6422576904297,89.54545593261719,81.30000305175781,61.08940887451172,100.00360870361328,0.0,50.08406981942325,194059.0,16.183456420898438,18.74017333984375,16.346649169921875,16.890625,34.17500019073486
2023-03-19 09:21:33,19.337120056152344,75.96385192871094,190.9098281860352,89.54545593261719,82.20000457763672,61.08940887451172,100.00360870361328,0.0,50.38922848389559,194059.0,15.476287841796877,19.09375,19.14814758300781,17.461807250976562,34.19999980926514
2023-03-19 09:21:34,19.331682205200195,76.02409362792969,191.259765625,89.54545593261719,82.20000457763672,61.08940887451172,100.00360870361328,0.0,47.78162383629052,194059.0,15.66668701171875,18.767364501953125,15.04107666015625,13.191558837890623,34.19999980926514
2023-03-19 09:21:35,19.31913948059082,76.02409362792969,193.3024063110352,89.54545593261719,82.80000305175781,61.08940887451172,100.00360870361328,0.0,47.55078685091106,194059.0,16.428253173828125,18.14178466796875,17.951385498046875,20.100128173828125,34.19999980926514
2023-03-19 09:21:36,19.27601432800293,76.02409362792969,191.41439056396484,89.46969604492188,82.0999984741211,61.08940887451172,100.00360870361328,0.0,50.210160255360506,194059.0,15.122695922851562,20.1273193359375,17.24420166015625,15.394683837890623,34.19999980926514
2023-03-19 09:21:37,19.220138549804688,76.02409362792969,192.26888275146484,89.46969604492188,82.4000015258789,61.08940887451172,100.00360870361328,0.0,48.97007220880097,194059.0,17.733795166015625,18.413787841796875,20.018524169921875,18.93055725097656,34.19999980926514
2023-03-19 09:21:38,19.17936897277832,75.96385192871094,191.1051406860352,89.46969604492188,82.4000015258789,61.08940887451172,100.00360870361328,0.0,50.73002461435832,194059.0,15.50347900390625,18.413787841796875,18.11459350585937,15.884262084960938,34.19999980926514
2023-03-19 09:21:39,19.149614334106445,75.96385192871094,191.4713592529297,89.46969604492188,82.4000015258789,61.08940887451172,100.00360870361328,0.0,50.880661216885045,194059.0,15.775482177734377,19.58334350585937,18.332183837890625,18.549774169921875,34.19999980926514
2023-03-19 09:21:40,19.12714576721192,75.96385192871094,191.552734375,89.46969604492188,81.69999694824219,61.08940887451172,100.00360870361328,0.0,51.31828437058023,194059.0,13.89874267578125,16.80902099609375,20.45370483398437,17.0538330078125,34.19999980926514
2023-03-19 09:21:41,19.140899658203125,76.02409362792969,191.3248748779297,89.54545593261719,81.69999694824219,61.08578872680664,100.00360870361328,0.0,48.69715258390744,194059.0,17.86981201171875,21.46006774902344,17.40740966796875,12.157989501953123,34.19999980926514
2023-03-19 09:21:42,19.196590423583984,76.02409362792969,192.2119216918945,89.54545593261719,81.80000305175781,61.08940887451172,100.00360870361328,0.0,51.07654387055069,194059.0,16.129058837890625,16.618621826171875,17.597808837890625,17.298614501953125,34.19999980926514
2023-03-19 09:21:43,19.27704620361328,76.02409362792969,190.1123046875,89.46969604492188,81.9000015258789,61.08940887451172,100.00360870361328,0.0,47.78182979964625,194059.0,16.83624267578125,17.951385498046875,15.177093505859377,14.551513671875,34.19999980926514
2023-03-19 09:21:44,19.3094539642334,75.96385192871094,189.82747650146484,89.46969604492188,82.9000015258789,61.08940887451172,100.00360870361328,0.0,45.28433791350309,194059.0,16.53704833984375,16.15625,19.14814758300781,18.27777099609375,34.19999980926514
2023-03-19 09:21:45,19.307676315307617,75.96385192871094,190.6575469970703,89.46969604492188,82.5,61.08940887451172,100.00360870361328,0.0,47.93356303301177,194059.0,14.8507080078125,18.223388671875,17.271408081054688,15.476272583007812,34.19999980926514
2023-03-19 09:21:46,19.311872482299805,75.96385192871094,191.02376556396484,89.46969604492188,83.0999984741211,61.08578872680664,100.00360870361328,0.0,46.73250058790222,194059.0,17.733795166015625,16.183441162109375,18.6585693359375,18.00579833984375,34.19999980926514
2023-03-19 09:21:47,19.33684730529785,76.02409362792969,189.013671875,89.46969604492188,82.0,61.08940887451172,100.00360870361328,0.0,50.57037019939778,194059.0,13.545150756835938,16.428253173828125,18.032989501953125,16.129058837890625,34.19999980926514
2023-03-19 09:21:48,19.36392593383789,76.02409362792969,190.7470703125,89.54545593261719,82.0,61.08940887451172,100.00360870361328,0.0,48.38104034623179,194059.0,17.733795166015625,17.27142333984375,15.068283081054688,19.58334350585937,34.19999980926514
2023-03-19 09:21:49,19.43466567993164,76.02409362792969,190.2750625610352,89.54545593261719,81.19999694824219,61.08940887451172,100.00360870361328,0.0,50.47779448801603,194059.0,11.967605590820312,21.05209350585937,14.007522583007812,16.020263671875,34.19999980926514
2023-03-19 09:21:50,19.50400352478028,76.02409362792969,190.9098281860352,89.54545593261719,81.0,61.08940887451172,100.00360870361328,0.0,49.43051278076886,194059.0,16.83624267578125,17.597808837890625,15.04107666015625,17.597808837890625,34.19999980926514
2023-03-19 09:21:51,19.586057662963867,75.96385192871094,191.162109375,89.54545593261719,83.0,61.08940887451172,100.00360870361328,0.0,46.47340816566013,194059.0,14.03472900390625,17.70660400390625,17.135406494140625,19.365753173828125,34.19999980926514
2023-03-19 09:21:52,19.59564018249512,75.96385192871094,190.43782806396484,89.46969604492188,82.4000015258789,61.08940887451172,100.00360870361328,0.0,48.42594176094649,194059.0,15.857070922851562,18.332183837890625,14.225112915039062,18.87615966796875,34.19999980926514
2023-03-19 09:21:53,19.563461303710938,76.02409362792969,191.845703125,89.46969604492188,82.5,61.08940887451172,100.00360870361328,0.0,48.95858792647439,194059.0,16.509857177734375,20.34490966796875,19.800933837890625,18.549774169921875,34.19999980926514
2023-03-19 09:21:54,19.527687072753903,76.02409362792969,190.51107025146484,89.46969604492188,81.5,61.08940887451172,100.00360870361328,0.0,51.92037287661461,194059.0,16.863433837890625,19.58334350585937,16.754638671875,17.897003173828125,34.19999980926514
2023-03-19 09:21:55,19.48784637451172,75.96385192871094,192.822265625,89.46969604492188,82.20000457763672,61.08940887451172,100.00360870361328,0.0,50.43580773836859,194059.0,15.20428466796875,22.03125,19.338531494140625,16.97222900390625,34.19999980926514
2023-03-19 09:21:56,19.44343948364257,75.96385192871094,190.1529922485352,89.46969604492188,82.0999984741211,61.08940887451172,100.00360870361328,0.0,51.34719238702285,194059.0,15.965866088867188,15.9930419921875,18.903350830078125,18.44097900390625,34.19999980926514
2023-03-19 09:21:57,19.4157829284668,75.96385192871094,191.92708587646484,89.54545593261719,81.9000015258789,61.08940887451172,100.00360870361328,0.0,49.64176436829372,194059.0,15.095489501953123,21.759262084960938,20.535308837890625,13.980316162109377,34.19999980926514
2023-03-19 09:21:58,19.424224853515625,76.02409362792969,190.8121795654297,89.54545593261719,82.4000015258789,61.08940887451172,100.00360870361328,0.0,49.11438892493712,194059.0,12.6475830078125,16.645843505859375,17.516204833984375,15.557861328125,34.19999980926514
2023-03-19 09:21:59,19.428449630737305,76.02409362792969,190.33203125,89.54545593261719,82.0,61.08940887451172,100.00360870361328,0.0,50.13084562368945,194059.0,16.727447509765625,18.903350830078125,17.597808837890625,15.8570556640625,34.19999980926514
2023-03-19 09:22:00,19.433210372924805,76.08434295654297,191.2760467529297,89.46969604492188,82.0,61.08940887451172,100.00360870361328,0.0,51.45190226840805,194059.0,13.626739501953123,18.11459350585937,18.7945556640625,18.0601806640625,34.19999980926514
2023-03-19 09:22:01,19.40556526184082,76.02409362792969,189.1845703125,89.46969604492188,82.0,61.08940887451172,100.00360870361328,0.0,47.64387029620787,194059.0,19.148162841796875,14.9866943359375,16.23785400390625,15.7210693359375,34.19999980926514
2023-03-19 09:22:02,19.3580379486084,75.96385192871094,191.7154998779297,89.46969604492188,83.0,61.08940887451172,100.00360870361328,0.0,49.15383981002616,194059.0,17.13543701171875,19.66493225097656,20.91607666015625,17.679397583007812,34.19999980926514
2023-03-19 09:22:03,19.314821243286133,75.90361022949219,190.0797500610352,89.46969604492188,82.5,61.08940887451172,100.00360870361328,0.0,51.19322415410058,194059.0,17.108230590820312,17.733795166015625,19.474533081054688,15.394683837890623,34.19999980926514
2023-03-19 09:22:04,19.25790023803711,75.96385192871094,190.9423828125,89.54545593261719,82.0,61.08940887451172,100.00360870361328,0.0,50.64933078041646,194059.0,14.170730590820312,20.970489501953125,21.94964599609375,17.434600830078125,34.17500019073486
2023-03-19 09:22:05,19.22551345825196,76.02409362792969,190.2018280029297,89.54545593261719,81.0999984741211,61.08940887451172,100.00360870361328,0.0,52.48994950844794,194059.0,15.88427734375,19.25694274902344,13.545135498046877,15.258682250976562,34.19999980926514
2023-03-19 09:22:06,19.24259757995605,76.02409362792969,190.1529922485352,89.46969604492188,82.30000305175781,61.08578872680664,100.00360870361328,0.0,49.44385157874736,194059.0,14.388320922851562,20.20892333984375,18.957763671875,16.210647583007812,34.19999980926514
2023-03-19 09:22:07,19.31040382385254,76.02409362792969,191.259765625,89.46969604492188,81.5999984741211,61.08940887451172,100.00360870361328,0.0,51.8460409712834,194059.0,15.095489501953123,19.420135498046875,13.73553466796875,16.97222900390625,34.19999980926514
2023-03-19 09:22:08,19.359420776367188,75.96385192871094,190.0227813720703,89.46969604492188,81.80000305175781,61.08940887451172,100.00360870361328,0.0,51.54526068797444,194059.0,13.626739501953123,17.081024169921875,14.3883056640625,17.1898193359375,34.19999980926514
2023-03-19 09:22:09,19.36882209777832,75.96385192871094,191.2027969360352,89.46969604492188,82.5999984741211,61.08940887451172,100.00360870361328,0.0,49.1792144259078,194059.0,14.19793701171875,18.903350830078125,16.401031494140625,19.229736328125,34.19999980926514
2023-03-19 09:22:10,19.345064163208008,75.96385192871094,188.85091400146484,89.46969604492188,81.80000305175781,61.08940887451172,100.00360870361328,0.0,50.75794401415446,194059.0,16.67303466796875,16.97222900390625,16.020263671875,17.679397583007812,34.17500019073486
2023-03-19 09:22:11,19.33822631835937,75.96385192871094,191.1295547485352,89.46969604492188,82.20000457763672,61.08940887451172,100.00360870361328,0.0,49.25514183138045,194059.0,16.754638671875,15.965850830078123,18.740158081054688,18.74017333984375,34.19999980926514
2023-03-19 09:22:12,19.3404598236084,76.08434295654297,188.86717987060547,89.46969604492188,81.9000015258789,61.08940887451172,100.00360870361328,0.0,50.473277586296845,194059.0,16.700241088867188,18.332183837890625,16.754638671875,16.80902099609375,34.19999980926514
2023-03-19 09:22:13,19.38031005859375,76.02409362792969,191.8782501220703,89.46969604492188,83.20000457763672,61.08940887451172,100.00360870361328,0.0,46.78488138410277,194059.0,17.13543701171875,17.760986328125,20.698486328125,18.549774169921875,34.19999980926514
2023-03-19 09:22:14,19.457876205444336,76.02409362792969,189.80306243896484,89.54545593261719,81.9000015258789,61.08578872680664,100.00360870361328,0.0,48.56551884222084,194059.0,15.775482177734377,17.434600830078125,16.319442749023438,15.394683837890623,34.19999980926514
2023-03-19 09:22:15,19.49156188964844,75.96385192871094,191.0725936889648,89.54545593261719,82.0,61.08940887451172,100.00360870361328,0.0,47.426750177509135,194059.0,17.1898193359375,13.953125,18.52256774902344,19.71932983398437,34.19999980926514
2023-03-19 09:22:16,19.54344367980957,76.02409362792969,189.0787734985352,89.46969604492188,81.69999694824219,61.08940887451172,100.00360870361328,0.0,49.89535234496666,194059.0,10.498855590820312,19.420135498046875,17.40740966796875,16.509841918945312,34.19999980926514
2023-03-19 09:22:17,19.54302406311035,76.02409362792969,190.1529922485352,89.46969604492188,81.80000305175781,61.08940887451172,100.00360870361328,0.0,49.292508236977845,194059.0,17.897003173828125,15.06829833984375,16.265045166015625,17.026611328125,34.19999980926514
2023-03-19 09:22:18,19.4990291595459,76.02409362792969,190.4052734375,89.54545593261719,82.4000015258789,61.08940887451172,100.00360870361328,0.0,48.58200867896619,194059.0,18.903366088867188,18.38656616210937,18.84896850585937,17.353012084960938,34.19999980926514
2023-03-19 09:22:19,19.468000411987305,76.02409362792969,190.6494216918945,89.54545593261719,82.30000305175781,61.08940887451172,100.00360870361328,0.0,49.2098633083171,194059.0,15.93865966796875,16.401031494140625,16.50982666015625,16.618637084960938,34.19999980926514
2023-03-19 09:22:20,19.432992935180664,76.02409362792969,190.7877578735352,89.54545593261719,81.69999694824219,61.08940887451172,100.00360870361328,0.0,48.91282756955524,194059.0,16.10186767578125,18.032989501953125,17.625,14.8507080078125,34.19999980926514
2023-03-19 09:22:21,19.40364456176757,75.96385192871094,189.892578125,89.54545593261719,81.5999984741211,61.08940887451172,100.00360870361328,0.0,50.66821984807383,194059.0,16.3194580078125,16.53704833984375,15.421875,16.020263671875,34.19999980926514
2023-03-19 09:22:22,19.407390594482425,75.96385192871094,191.21092987060547,89.46969604492188,82.0999984741211,61.08940887451172,100.00360870361328,0.0,50.70403403930118,194059.0,18.44097900390625,18.74017333984375,21.18807983398437,16.564239501953125,34.19999980926514
2023-03-19 09:22:23,19.427892684936523,76.02409362792969,190.53548431396484,89.46969604492188,82.5,61.08578872680664,100.00360870361328,0.0,49.38141125925073,194059.0,13.817138671875,16.482635498046875,17.788192749023438,15.693878173828123,34.19999980926514
2023-03-19 09:22:24,19.4462833404541,76.08434295654297,190.3076171875,89.46969604492188,82.0999984741211,61.08940887451172,100.00360870361328,0.0,48.73485621482439,194059.0,17.325820922851562,19.09375,17.516204833984375,20.671295166015625,34.19999980926514
2023-03-19 09:22:25,19.44889259338379,76.02409362792969,189.97396087646484,89.46969604492188,82.0,61.08940887451172,100.00360870361328,0.0,49.64589444102236,194059.0,12.348388671875,19.99131774902344,19.14814758300781,17.026611328125,34.17500019073486
2023-03-19 09:22:26,19.415536880493164,75.96385192871094,190.0553359985352,89.46969604492188,81.5,61.08940887451172,100.00360870361328,0.0,48.38916528224394,194059.0,17.733795166015625,17.081024169921875,17.733795166015625,16.129058837890625,34.19999980926514
2023-03-19 09:22:27,19.367765426635746,75.96385192871094,190.6168670654297,89.46969604492188,82.0999984741211,61.08940887451172,100.00360870361328,0.0,47.89238111942275,194059.0,15.50347900390625,18.631378173828125,19.3929443359375,18.032989501953125,34.19999980926514
2023-03-19 09:22:28,19.345327377319336,75.96385192871094,190.7307891845703,89.54545593261719,81.4000015258789,61.08940887451172,100.00360870361328,0.0,49.85817414463837,194059.0,15.7210693359375,17.40740966796875,17.597808837890625,18.549774169921875,34.17500019073486
2023-03-19 09:22:29,19.312868118286133,76.02409362792969,190.9912109375,89.54545593261719,81.5999984741211,61.08940887451172,100.00360870361328,0.0,49.14883840361542,194059.0,15.340286254882812,21.568878173828125,20.48089599609375,15.095489501953123,34.19999980926514
2023-03-19 09:22:30,19.31161117553711,76.02409362792969,190.5924453735352,89.46969604492188,82.0,61.08940887451172,100.00360870361328,0.0,50.969381657755584,194059.0,17.081024169921875,19.692138671875,15.802658081054688,18.957763671875,34.17500019073486
2023-03-19 09:22:31,19.34636306762696,75.96385192871094,190.2669296264648,89.46969604492188,81.5999984741211,61.08940887451172,100.00360870361328,0.0,51.594128639210254,194059.0,18.223388671875,16.37384033203125,18.957763671875,15.530670166015623,34.19999980926514
2023-03-19 09:22:32,19.39447784423828,75.96385192871094,189.8844451904297,89.46969604492188,82.20000457763672,61.08940887451172,100.00360870361328,0.0,47.85904260027151,194059.0,15.66668701171875,18.685760498046875,17.217010498046875,19.066558837890625,34.19999980926514
2023-03-19 09:22:33,19.42707061767578,75.96385192871094,189.8356094360352,89.46969604492188,81.4000015258789,61.08940887451172,100.00360870361328,0.0,50.71142166517106,194059.0,16.020263671875,17.9241943359375,17.97857666015625,17.54339599609375,34.17500019073486
2023-03-19 09:22:34,19.41170883178711,76.02409362792969,189.306640625,89.54545593261719,81.5,61.08940887451172,100.00360870361328,0.0,51.40166965271624,194059.0,16.945037841796875,19.800933837890625,16.781829833984375,16.346649169921875,34.19999980926514
2023-03-19 09:22:35,19.370492935180664,76.02409362792969,190.7633438110352,89.54545593261719,82.70000457763672,61.08578872680664,100.00360870361328,0.0,48.6006560639687,194059.0,19.964141845703125,18.223388671875,16.700225830078125,18.087387084960938,34.17500019073486
2023-03-19 09:22:36,19.344385147094727,75.96385192871094,190.0553359985352,89.46969604492188,81.5,61.08940887451172,100.00360870361328,0.0,52.45037063096546,194059.0,16.210662841796875,17.026611328125,20.64410400390625,15.1226806640625,34.19999980926514
2023-03-19 09:22:37,19.31643295288086,75.96385192871094,189.6647109985352,89.46969604492188,81.69999694824219,61.08940887451172,100.00360870361328,0.0,50.64484139718746,194059.0,13.68115234375,18.168975830078125,15.1226806640625,17.10821533203125,34.17500019073486
2023-03-19 09:22:38,19.31039047241211,75.96385192871094,189.2089920043945,89.46969604492188,81.0999984741211,61.08940887451172,100.00360870361328,0.0,50.19325209305303,194059.0,15.857070922851562,17.380218505859375,20.671295166015625,17.081024169921875,34.17500019073486
2023-03-19 09:22:39,19.345972061157227,76.02409362792969,188.97298431396484,89.46969604492188,82.0,61.08578872680664,100.00360870361328,0.0,48.54635856687773,194059.0,13.89874267578125,19.47454833984375,16.37384033203125,18.332183837890625,34.19999980926514
2023-03-19 09:22:40,19.38451194763184,76.02409362792969,191.3004531860352,89.46969604492188,82.70000457763672,61.08940887451172,100.00360870361328,0.0,48.18685697929571,194059.0,16.727447509765625,17.815399169921875,16.700225830078125,16.183441162109375,34.17500019073486
2023-03-19 09:22:41,19.420818328857425,75.96385192871094,189.6402969360352,89.54545593261719,81.5999984741211,61.08578872680664,100.00360870361328,0.0,48.77418169647092,194059.0,17.325820922851562,18.359375,15.068283081054688,17.733795166015625,34.19999980926514
2023-03-19 09:22:42,19.417919158935547,76.02409362792969,190.1529998779297,89.46969604492188,81.4000015258789,61.08940887451172,100.00360870361328,0.0,50.58252524266295,194059.0,12.674774169921877,15.449066162109377,18.41377258300781,18.631378173828125,34.19999980926514
2023-03-19 09:22:43,19.390588760375977,76.02409362792969,189.77864837646484,89.46969604492188,81.19999694824219,61.08940887451172,100.00360870361328,0.0,51.76932740115753,194059.0,11.124420166015623,20.018524169921875,14.9866943359375,16.265045166015625,34.19999980926514
2023-03-19 09:22:44,19.390953063964844,75.96385192871094,189.4938125610352,89.46969604492188,82.30000305175781,61.08940887451172,100.00360870361328,0.0,49.71380287935487,194059.0,17.026641845703125,14.76910400390625,17.679397583007812,19.14814758300781,34.17500019073486
2023-03-19 09:22:45,19.39624786376953,76.02409362792969,189.2496795654297,89.46969604492188,81.69999694824219,61.08940887451172,100.00360870361328,0.0,50.05305519990717,194059.0,15.66668701171875,20.04571533203125,17.625,14.90509033203125,34.19999980926514
2023-03-19 09:22:46,19.4063663482666,76.02409362792969,190.4541015625,89.46969604492188,81.80000305175781,61.08940887451172,100.00360870361328,0.0,47.808739769178416,194059.0,17.815399169921875,19.3929443359375,17.380218505859375,18.223388671875,34.17500019073486
2023-03-19 09:22:47,19.443998336791992,76.02409362792969,190.087890625,89.46969604492188,81.9000015258789,61.08940887451172,100.00360870361328,0.0,52.64351490128509,194059.0,12.94677734375,17.40740966796875,17.97857666015625,18.0601806640625,34.17500019073486
2023-03-19 09:22:48,19.472177505493164,75.96385192871094,189.2252655029297,89.46969604492188,81.69999694824219,61.08940887451172,100.00360870361328,0.0,50.93406199551397,194059.0,14.9866943359375,21.296875,14.76910400390625,16.4554443359375,34.17500019073486
2023-03-19 09:22:49,19.495779037475582,75.96385192871094,189.5751953125,89.46969604492188,81.5,61.08578872680664,100.00360870361328,0.0,49.25316964804148,194059.0,13.68115234375,16.07464599609375,18.821746826171875,19.3929443359375,34.19999980926514
2023-03-19 09:22:50,19.48234939575196,76.02409362792969,189.3147735595703,89.46969604492188,82.4000015258789,61.08940887451172,100.00360870361328,0.0,48.945602965706506,194059.0,15.7210693359375,19.202545166015625,18.6585693359375,15.06829833984375,34.19999980926514
2023-03-19 09:22:51,19.43277740478516,76.02409362792969,191.015625,89.54545593261719,81.69999694824219,61.08940887451172,100.00360870361328,0.0,49.28664029935302,194059.0,14.660308837890623,16.4554443359375,19.936920166015625,15.421875,34.19999980926514
2023-03-19 09:22:52,19.39205741882324,76.02409362792969,189.6077423095703,89.54545593261719,81.4000015258789,61.08578872680664,100.00360870361328,0.0,51.094252073591264,194059.0,14.306732177734377,18.84896850585937,10.825225830078123,16.101852416992188,34.19999980926514
2023-03-19 09:22:53,19.36707878112793,76.02409362792969,189.51009368896484,89.54545593261719,82.20000457763672,61.08578872680664,100.00360870361328,0.0,47.91185449727972,194059.0,18.413787841796875,14.76910400390625,16.15625,18.168975830078125,34.19999980926514
2023-03-19 09:22:54,19.34884452819824,75.96385192871094,188.720703125,89.46969604492188,82.5,61.08940887451172,100.00360870361328,0.0,46.218829622390444,194059.0,15.557891845703123,18.032989501953125,17.570602416992188,14.6875,34.17500019073486
2023-03-19 09:22:55,19.368797302246094,76.02409362792969,188.6474685668945,89.46969604492188,82.20000457763672,61.08578872680664,100.00360870361328,0.0,48.465555300395046,194059.0,12.674774169921877,19.01214599609375,18.98495483398437,17.135421752929688,34.17500019073486
2023-03-19 09:22:56,19.41476058959961,75.96385192871094,189.0055389404297,89.46969604492188,83.0,61.08578872680664,100.00360870361328,0.0,47.84498197550508,194059.0,15.965866088867188,19.09375,15.50347900390625,17.1898193359375,34.19999980926514
2023-03-19 09:22:57,19.4499626159668,76.02409362792969,188.7939453125,89.46969604492188,82.0999984741211,61.08578872680664,100.00360870361328,0.0,47.798264103472825,194059.0,14.823516845703123,22.140045166015625,16.890625,17.625,34.17500019073486
2023-03-19 09:22:58,19.448198318481445,76.02409362792969,189.6484375,89.46969604492188,82.5,61.08940887451172,100.00360870361328,0.0,49.4521516640535,194059.0,18.468170166015625,18.1961669921875,18.957763671875,18.495361328125,34.17500019073486
2023-03-19 09:22:59,19.40035629272461,76.02409362792969,188.02083587646484,89.46969604492188,82.0999984741211,61.08578872680664,100.00360870361328,0.0,48.08766878496455,194059.0,14.170730590820312,21.024887084960938,16.537033081054688,13.898727416992188,34.19999980926514
2023-03-19 09:23:00,19.35431289672852,75.96385192871094,189.0706329345703,89.46969604492188,81.0999984741211,61.08578872680664,100.00360870361328,0.0,48.30206172440686,194059.0,17.244232177734375,15.93865966796875,14.116317749023438,17.0538330078125,34.19999980926514
2023-03-19 09:23:01,19.333271026611328,75.96385192871094,188.0208282470703,89.54545593261719,81.9000015258789,61.08578872680664,100.00360870361328,0.0,48.61513740550948,194059.0,14.03472900390625,18.27777099609375,17.896987915039062,13.817138671875,34.17500019073486
2023-03-19 09:23:02,19.3164119720459,76.02409362792969,189.1845703125,89.54545593261719,82.70000457763672,61.08940887451172,100.00360870361328,0.0,47.31376825339429,194059.0,16.15625,14.1163330078125,18.821746826171875,19.17535400390625,34.17500019073486
2023-03-19 09:23:03,19.32146644592285,76.02409362792969,188.3056640625,89.54545593261719,81.80000305175781,61.08940887451172,100.00360870361328,0.0,47.35549352207149,194059.0,13.354766845703123,18.25057983398437,15.50347900390625,15.449066162109377,34.19999980926514
2023-03-19 09:23:04,19.36083030700684,76.02409362792969,190.3564529418945,89.46969604492188,81.80000305175781,61.08940887451172,100.00360870361328,0.0,48.51042007059448,194059.0,17.434616088867188,16.07464599609375,16.80902099609375,18.87615966796875,34.17500019073486
2023-03-19 09:23:05,19.402755737304688,76.02409362792969,190.9423828125,89.46969604492188,80.80000305175781,61.08940887451172,100.00360870361328,0.0,52.053949164778594,194059.0,10.96124267578125,17.652191162109375,17.733795166015625,13.817138671875,34.17500019073486
2023-03-19 09:23:06,19.420312881469727,76.02409362792969,191.2028045654297,89.46969604492188,81.30000305175781,61.08940887451172,100.00360870361328,0.0,47.93194469720935,194059.0,14.442718505859377,19.25694274902344,17.217010498046875,18.00579833984375,34.19999980926514
2023-03-19 09:23:07,19.39927864074707,75.96385192871094,192.7734375,89.46969604492188,82.80000305175781,61.08940887451172,100.00360870361328,0.0,48.84819555651866,194059.0,12.076400756835938,19.800933837890625,19.3929443359375,17.461807250976562,34.19999980926514
2023-03-19 09:23:08,19.376049041748047,75.96385192871094,192.5537109375,89.54545593261719,82.0,61.08940887451172,100.00360870361328,0.0,50.11185839035382,194059.0,12.674774169921877,19.066558837890625,13.762725830078123,18.032989501953125,34.17500019073486
2023-03-19 09:23:09,19.375911712646484,76.02409362792969,193.8232421875,89.54545593261719,82.0999984741211,61.08940887451172,100.00360870361328,0.0,50.35486857485088,194059.0,18.87615966796875,19.066558837890625,19.828125,19.09375,34.17500019073486
2023-03-19 09:23:10,19.37600898742676,76.02409362792969,194.2952575683593,89.54545593261719,81.69999694824219,61.08940887451172,100.00360870361328,0.0,49.8434329936313,194059.0,12.72918701171875,17.434600830078125,15.285888671875,16.645843505859375,34.17500019073486
2023-03-19 09:23:11,19.39834213256836,75.96385192871094,196.1507110595703,89.46969604492188,82.5999984741211,61.08940887451172,100.00360870361328,0.0,48.40891091114359,194059.0,14.524322509765623,18.495361328125,17.3258056640625,18.57696533203125,34.17500019073486
2023-03-19 09:23:12,19.443004608154297,75.96385192871094,195.6787109375,89.46969604492188,82.0999984741211,61.08940887451172,100.00360870361328,0.0,52.16332984556984,194059.0,14.76910400390625,21.541656494140625,16.346649169921875,16.618637084960938,34.17500019073486
2023-03-19 09:23:13,19.496505737304688,75.96385192871094,195.6461563110352,89.46969604492188,81.80000305175781,61.08940887451172,100.00360870361328,0.0,50.45301759458036,194059.0,17.35302734375,18.5225830078125,16.97222900390625,15.258682250976562,34.19999980926514
2023-03-19 09:23:14,19.514965057373047,76.02409362792969,194.44173431396484,89.46969604492188,81.4000015258789,61.08940887451172,100.00360870361328,0.0,51.01866829979919,194059.0,15.20428466796875,18.27777099609375,20.9976806640625,16.047454833984375,34.17500019073486
2023-03-19 09:23:15,19.4895248413086,76.08434295654297,194.9381484985352,89.46969604492188,81.80000305175781,61.08940887451172,100.00360870361328,0.0,50.59930727010162,194059.0,18.6585693359375,20.1273193359375,14.932281494140623,16.4554443359375,34.17500019073486
2023-03-19 09:23:16,19.426803588867188,75.96385192871094,195.2880935668945,89.54545593261719,81.69999694824219,61.08940887451172,100.00360870361328,0.0,52.6766296130479,194059.0,14.524322509765623,18.604156494140625,18.495361328125,17.815399169921875,34.17500019073486
2023-03-19 09:23:17,19.38953971862793,75.96385192871094,193.7418594360352,89.46969604492188,82.0,61.08940887451172,100.00360870361328,0.0,49.25015721982041,194059.0,15.313079833984377,20.181716918945312,15.476272583007812,13.626739501953123,34.17500019073486
2023-03-19 09:23:18,19.3554916381836,75.96385192871094,193.80696868896484,89.46969604492188,81.9000015258789,61.08940887451172,100.00360870361328,0.0,50.094684766786095,194059.0,16.074661254882812,14.877899169921877,16.754638671875,17.733795166015625,34.17500019073486
2023-03-19 09:23:19,19.338354110717773,75.96385192871094,193.8232421875,89.46969604492188,82.20000457763672,61.08940887451172,100.00360870361328,0.0,49.22137601765562,194059.0,12.457183837890623,18.38656616210937,11.96759033203125,16.265045166015625,34.17500019073486
2023-03-19 09:23:20,19.363269805908203,76.02409362792969,194.873046875,89.54545593261719,81.0999984741211,61.08940887451172,100.00360870361328,0.0,50.30458474398464,194059.0,12.157989501953123,20.04571533203125,15.095489501953123,18.604171752929688,34.17500019073486
2023-03-19 09:23:21,19.39279556274414,76.02409362792969,193.1803359985352,89.54545593261719,82.4000015258789,61.08940887451172,100.00360870361328,0.0,48.15672703274482,194059.0,15.394683837890623,18.00579833984375,17.815399169921875,17.217010498046875,34.17500019073486
2023-03-19 09:23:22,19.41520118713379,76.02409362792969,194.68587493896484,89.54545593261719,81.69999694824219,61.08940887451172,100.00360870361328,0.0,48.63464646433884,194059.0,18.5225830078125,18.332183837890625,16.67303466796875,15.394683837890623,34.17500019073486
2023-03-19 09:23:23,19.397216796875,76.02409362792969,195.068359375,89.46969604492188,82.80000305175781,61.08940887451172,100.00360870361328,0.0,49.06535789354445,194059.0,15.041107177734377,14.497100830078123,19.17535400390625,17.135421752929688,34.17500019073486
2023-03-19 09:23:24,19.34469223022461,76.02409362792969,194.41732025146484,89.46969604492188,81.4000015258789,61.08940887451172,100.00360870361328,0.0,49.729067193574565,194059.0,12.42999267578125,21.21527099609375,12.212371826171877,16.509841918945312,34.19999980926514
2023-03-19 09:23:25,19.318464279174805,75.96385192871094,194.5882110595703,89.46969604492188,81.30000305175781,61.08940887451172,100.00360870361328,0.0,48.33472077977663,194059.0,16.53704833984375,15.421875,18.44097900390625,17.0538330078125,34.17500019073486
2023-03-19 09:23:26,19.30225372314453,75.96385192871094,194.8486404418945,89.54545593261719,82.4000015258789,61.08940887451172,100.00360870361328,0.0,48.87408947088619,194059.0,15.693878173828123,18.549774169921875,12.429977416992188,16.727432250976562,34.19999980926514
2023-03-19 09:23:27,19.29307556152344,75.96385192871094,195.54036712646484,89.54545593261719,82.20000457763672,61.08940887451172,100.00360870361328,0.0,50.55699245723829,194059.0,17.597808837890625,18.38656616210937,19.17535400390625,17.40740966796875,34.17500019073486
2023-03-19 09:23:28,19.32599830627441,76.02409362792969,193.8639373779297,89.54545593261719,81.4000015258789,61.08578872680664,100.00360870361328,0.0,50.74449944628064,194059.0,16.890625,18.168975830078125,16.23785400390625,18.604171752929688,34.17500019073486
2023-03-19 09:23:29,19.372020721435547,76.02409362792969,195.0358047485352,89.46969604492188,82.0999984741211,61.08940887451172,100.00360870361328,0.0,48.70649655718624,194059.0,18.576980590820312,18.5225830078125,18.87615966796875,17.597808837890625,34.19999980926514
2023-03-19 09:23:30,19.40969657897949,75.96385192871094,194.3115234375,89.46969604492188,81.80000305175781,61.08940887451172,100.00360870361328,0.0,50.04720737095151,194059.0,16.183456420898438,14.2523193359375,16.754638671875,17.54339599609375,34.17500019073486
2023-03-19 09:23:31,19.415626525878903,75.96385192871094,196.29720306396484,89.46969604492188,82.20000457763672,61.08940887451172,100.00360870361328,0.0,50.25764408048428,194059.0,14.93231201171875,18.549774169921875,20.48089599609375,16.700225830078125,34.19999980926514
2023-03-19 09:23:32,19.370880126953125,75.96385192871094,194.9951248168945,89.46969604492188,81.19999694824219,61.08940887451172,100.00360870361328,0.0,52.10244438711609,194059.0,13.46356201171875,15.394683837890623,16.97222900390625,16.292236328125,34.17500019073486
2023-03-19 09:23:33,19.34642791748047,76.02409362792969,194.2220077514648,89.46969604492188,81.5999984741211,61.08940887451172,100.00360870361328,0.0,50.9093642969112,194059.0,15.36749267578125,16.645843505859375,17.679397583007812,16.5914306640625,34.17500019073486
2023-03-19 09:23:34,19.339805603027344,76.02409362792969,195.02767181396484,89.46969604492188,81.69999694824219,61.08940887451172,100.00360870361328,0.0,51.822790047129935,194059.0,16.15625,19.90972900390625,16.945022583007812,14.76910400390625,34.17500019073486
2023-03-19 09:23:35,19.33492660522461,76.02409362792969,194.19759368896484,89.54545593261719,81.9000015258789,61.08940887451172,100.00360870361328,0.0,50.88721810148297,194059.0,14.714706420898438,17.9241943359375,15.993057250976562,17.7882080078125,34.17500019073486
2023-03-19 09:23:36,19.37393569946289,76.02409362792969,193.9453125,89.54545593261719,81.9000015258789,61.08940887451172,100.00360870361328,0.0,50.28850688189501,194059.0,15.80267333984375,19.85531616210937,15.285888671875,15.421875,34.17500019073486
2023-03-19 09:23:37,19.42324447631836,75.96385192871094,192.919921875,89.54545593261719,81.30000305175781,61.08940887451172,100.00360870361328,0.0,50.6022887895505,194059.0,10.28125,15.93865966796875,15.04107666015625,17.7882080078125,34.17500019073486
2023-03-19 09:23:38,19.483238220214844,75.96385192871094,194.6533203125,89.46969604492188,82.4000015258789,61.08940887451172,100.00360870361328,0.0,48.55653017358687,194059.0,16.23785400390625,20.39930725097656,17.461807250976562,18.332183837890625,34.17500019073486
2023-03-19 09:23:39,19.48888397216797,76.02409362792969,192.8955078125,89.46969604492188,81.9000015258789,61.08940887451172,100.00360870361328,0.0,49.820168807573616,194059.0,9.220489501953123,15.93865966796875,18.87615966796875,21.405670166015625,34.17500019073486
2023-03-19 09:23:40,19.44207572937012,76.02409362792969,195.1171875,89.46969604492188,82.70000457763672,61.08940887451172,100.00360870361328,0.0,49.122254763374215,194059.0,17.108230590820312,19.202545166015625,16.97222900390625,18.25057983398437,34.19999980926514
2023-03-19 09:23:41,19.40341567993164,76.02409362792969,193.994140625,89.54545593261719,82.5999984741211,61.08940887451172,100.00360870361328,0.0,50.265411760450085,194059.0,18.06019592285156,18.5225830078125,19.90972900390625,14.660308837890623,34.19999980926514
2023-03-19 09:23:42,19.392866134643555,76.02409362792969,193.359375,89.54545593261719,81.5,61.08940887451172,100.00360870361328,0.0,51.4636722473203,194059.0,18.98495483398437,17.733795166015625,16.129058837890625,19.01214599609375,34.17500019073486
2023-03-19 09:23:43,19.37686347961425,75.96385192871094,195.3125,89.54545593261719,81.5999984741211,61.08940887451172,100.00360870361328,0.0,52.58049856399075,194059.0,16.40106201171875,17.434600830078125,19.01214599609375,16.5914306640625,34.17500019073486
2023-03-19 09:23:44,19.40414810180664,75.96385192871094,192.9117813110352,89.46969604492188,81.0,61.08578872680664,100.00360870361328,0.0,50.660141750583534,194059.0,14.170730590820312,15.20428466796875,17.54339599609375,15.666671752929688,34.17500019073486
2023-03-19 09:23:45,19.439292907714844,75.96385192871094,194.8893280029297,89.46969604492188,81.9000015258789,61.08578872680664,100.00360870361328,0.0,50.65245636977535,194059.0,16.183456420898438,19.828125,18.11459350585937,15.041091918945312,34.17500019073486
2023-03-19 09:23:46,19.502347946166992,76.02409362792969,192.7734451293945,89.46969604492188,82.0,61.08940887451172,100.00360870361328,0.0,49.82804212131487,194059.0,15.06829833984375,16.999420166015625,19.31134033203125,17.733795166015625,34.17500019073486
2023-03-19 09:23:47,19.52047538757324,76.02409362792969,193.2047500610352,89.46969604492188,81.0,61.08940887451172,100.00360870361328,0.0,51.40537177198633,194059.0,19.12095642089844,18.14178466796875,17.516204833984375,17.679397583007812,34.17500019073486
2023-03-19 09:23:48,19.49243354797364,75.96385192871094,193.798828125,89.46969604492188,82.0999984741211,61.08940887451172,100.00360870361328,0.0,50.89921953288218,194059.0,12.56597900390625,17.380218505859375,14.9866943359375,17.951385498046875,34.17500019073486
2023-03-19 09:23:49,19.43015480041504,76.02409362792969,193.6197891235352,89.54545593261719,82.0,61.08578872680664,100.00360870361328,0.0,51.07513372193984,194059.0,19.3929443359375,18.9305419921875,16.67303466796875,16.836227416992188,34.17500019073486
2023-03-19 09:23:50,19.39483070373535,76.02409362792969,193.70116424560547,89.54545593261719,81.9000015258789,61.08578872680664,100.00360870361328,0.0,48.71388222641404,194059.0,13.708343505859377,17.516204833984375,19.202545166015625,16.129058837890625,34.17500019073486
2023-03-19 09:23:51,19.35872840881348,76.02409362792969,192.85482025146484,89.46969604492188,81.9000015258789,61.08940887451172,100.00360870361328,0.0,50.59182176469121,194059.0,18.032989501953125,17.24420166015625,11.913192749023438,16.346649169921875,34.17500019073486
2023-03-19 09:23:52,19.35426902770996,76.02409362792969,193.40819549560547,89.46969604492188,82.20000457763672,61.08940887451172,100.00360870361328,0.0,48.60328498145944,194059.0,13.817138671875,20.31771850585937,18.087371826171875,14.061920166015623,34.17500019073486
2023-03-19 09:23:53,19.380998611450195,75.96385192871094,193.2861328125,89.46969604492188,82.0999984741211,61.08940887451172,100.00360870361328,0.0,49.14291751240623,194059.0,13.30035400390625,16.346649169921875,15.068283081054688,18.5225830078125,34.17500019073486
2023-03-19 09:23:54,19.43239402770996,76.02409362792969,193.1721954345703,89.46969604492188,82.70000457763672,61.08940887451172,100.00360870361328,0.0,49.4815338297718,194059.0,17.7882080078125,20.970489501953125,19.229736328125,15.612274169921877,34.17500019073486
2023-03-19 09:23:55,19.446269989013672,75.96385192871094,192.822265625,89.54545593261719,81.9000015258789,61.08940887451172,100.00360870361328,0.0,48.99881211670387,194059.0,12.21240234375,15.63946533203125,16.618621826171875,15.993057250976562,34.17500019073486
2023-03-19 09:23:56,19.412181854248047,75.96385192871094,193.2373046875,89.54545593261719,81.0999984741211,61.08940887451172,100.00360870361328,0.0,48.73444909366417,194059.0,16.97222900390625,17.897003173828125,16.781829833984375,16.945022583007812,34.17500019073486
2023-03-19 09:23:57,19.35232353210449,76.02409362792969,193.39192962646484,89.46969604492188,82.20000457763672,61.08940887451172,100.00360870361328,0.0,46.47854835376153,194059.0,11.586822509765623,18.1961669921875,18.52256774902344,18.00579833984375,34.17500019073486
2023-03-19 09:23:58,19.31708335876465,76.02409362792969,193.798828125,89.54545593261719,81.69999694824219,61.08940887451172,100.00360870361328,0.0,48.75379717932426,194059.0,15.14990234375,17.652191162109375,18.903350830078125,18.74017333984375,34.17500019073486
2023-03-19 09:23:59,19.29474830627441,75.96385192871094,193.53026580810547,89.54545593261719,82.70000457763672,61.08578872680664,100.00360870361328,0.0,49.53280203005041,194059.0,15.693878173828123,16.890625,20.426513671875,18.903350830078125,34.15000009536743
2023-03-19 09:24:00,19.29424476623535,76.02409362792969,193.7255859375,89.54545593261719,82.0,61.08940887451172,100.00360870361328,0.0,49.11695425970277,194059.0,18.359375,19.936920166015625,15.993057250976562,17.081024169921875,34.15000009536743
2023-03-19 09:24:01,19.33383750915528,76.02409362792969,194.06737518310547,89.46969604492188,81.4000015258789,61.08940887451172,100.00360870361328,0.0,49.63466863657756,194059.0,14.660308837890623,17.0538330078125,15.965850830078123,17.026611328125,34.17500019073486
2023-03-19 09:24:02,19.3944034576416,76.02409362792969,193.67675018310547,89.46969604492188,81.4000015258789,61.08940887451172,100.00360870361328,0.0,51.51550113869118,194059.0,16.482650756835938,15.50347900390625,14.60589599609375,17.380218505859375,34.17500019073486
2023-03-19 09:24:03,19.427675247192383,75.96385192871094,194.36849212646484,89.46969604492188,82.4000015258789,61.08940887451172,100.00360870361328,0.0,48.409032980266346,194059.0,17.434616088867188,19.692138671875,20.290496826171875,14.823486328125,34.17500019073486
2023-03-19 09:24:04,19.431228637695312,75.96385192871094,194.1080780029297,89.46969604492188,82.4000015258789,61.08940887451172,100.00360870361328,0.0,47.961086756789655,194059.0,16.564239501953125,17.597808837890625,12.729156494140623,16.5914306640625,34.17500019073486
2023-03-19 09:24:05,19.386173248291016,76.02409362792969,193.88021087646484,89.54545593261719,82.20000457763672,61.08940887451172,100.00360870361328,0.0,48.90242256495465,194059.0,17.516204833984375,18.1961669921875,18.903350830078125,17.625,34.17500019073486
2023-03-19 09:24:06,19.356904983520508,76.02409362792969,193.22103118896484,89.46969604492188,82.70000457763672,61.08940887451172,100.00360870361328,0.0,47.79620298104378,194059.0,16.265045166015625,20.58969116210937,18.25057983398437,18.903350830078125,34.17500019073486
2023-03-19 09:24:07,19.33938980102539,76.02409362792969,193.5302734375,89.54545593261719,82.0,61.08940887451172,100.00360870361328,0.0,49.17931319475196,194059.0,15.013900756835938,19.31134033203125,15.911468505859377,18.11459350585937,34.17500019073486
2023-03-19 09:24:08,19.32926368713379,76.02409362792969,192.1061248779297,89.54545593261719,81.4000015258789,61.08578872680664,100.00360870361328,0.0,48.24544594532855,194059.0,13.708343505859377,18.57696533203125,15.20428466796875,16.5914306640625,34.15000009536743
2023-03-19 09:24:09,19.363296508789062,75.96385192871094,194.0673828125,89.46969604492188,82.5,61.08578872680664,100.00360870361328,0.0,48.04844875030832,194059.0,14.143524169921877,17.380218505859375,17.625,20.970489501953125,34.15000009536743
2023-03-19 09:24:10,19.425704956054688,75.96385192871094,193.6848907470703,89.46969604492188,81.5999984741211,61.08940887451172,100.00360870361328,0.0,51.551518832629135,194060.0,18.495391845703125,19.066558837890625,17.489013671875,17.380218505859375,34.15000009536743
2023-03-19 09:24:11,19.4693660736084,75.96385192871094,193.505859375,89.46969604492188,80.9000015258789,61.08940887451172,100.00360870361328,0.0,52.258887853163664,194060.0,15.80267333984375,16.645843505859375,17.951385498046875,20.1273193359375,34.15000009536743
2023-03-19 09:24:12,19.479393005371094,76.02409362792969,191.748046875,89.46969604492188,81.0,61.08940887451172,100.00360870361328,0.0,51.90067446654261,194060.0,15.340286254882812,20.64410400390625,18.087371826171875,16.23785400390625,34.15000009536743
2023-03-19 09:24:13,19.435766220092773,76.02409362792969,193.4488906860352,89.54545593261719,82.9000015258789,61.08940887451172,100.00360870361328,0.0,48.560366259307344,194060.0,16.23785400390625,15.013885498046877,14.551513671875,17.27142333984375,34.17500019073486
2023-03-19 09:24:14,19.396806716918945,76.02409362792969,193.5791015625,89.54545593261719,82.80000305175781,61.08940887451172,100.00360870361328,0.0,47.99081362106524,194060.0,17.244232177734375,17.84259033203125,19.74652099609375,15.612274169921877,34.17500019073486
2023-03-19 09:24:15,19.378217697143555,75.96385192871094,191.943359375,89.54545593261719,82.5999984741211,61.08940887451172,100.00360870361328,0.0,50.51326324708037,194060.0,15.36749267578125,19.800933837890625,17.217010498046875,18.38656616210937,34.17500019073486
2023-03-19 09:24:16,19.37137031555176,75.96385192871094,191.3818359375,89.54545593261719,81.30000305175781,61.08940887451172,100.00360870361328,0.0,49.34810903748526,194060.0,16.509857177734375,15.7210693359375,13.953125,13.898727416992188,34.17500019073486
2023-03-19 09:24:17,19.410951614379883,76.02409362792969,192.138671875,89.46969604492188,81.9000015258789,61.08940887451172,100.00360870361328,0.0,47.30793159704661,194060.0,13.028366088867188,15.911468505859377,19.284149169921875,15.775466918945312,34.15000009536743
2023-03-19 09:24:18,19.46554183959961,76.02409362792969,192.1712265014648,89.46969604492188,83.0,61.08940887451172,100.00360870361328,0.0,46.97476647510423,194060.0,16.863433837890625,14.5242919921875,17.081024169921875,17.298614501953125,34.17500019073486
2023-03-19 09:24:19,19.513561248779297,76.02409362792969,194.0185546875,89.46969604492188,82.70000457763672,61.08940887451172,100.00360870361328,0.0,48.048505941807065,194060.0,16.591445922851562,17.135406494140625,16.346649169921875,17.461807250976562,34.15000009536743
2023-03-19 09:24:20,19.52568244934082,75.96385192871094,192.46419525146484,89.46969604492188,81.19999694824219,61.08940887451172,100.00360870361328,0.0,51.13999957605103,194060.0,17.951400756835938,17.897003173828125,17.24420166015625,17.7882080078125,34.17500019073486
2023-03-19 09:24:21,19.488597869873047,76.02409362792969,192.48046875,89.46969604492188,82.0999984741211,61.08940887451172,100.00360870361328,0.0,50.39442227254479,194060.0,18.332183837890625,17.652191162109375,19.474533081054688,13.545135498046877,34.15000009536743
2023-03-19 09:24:22,19.437578201293945,75.96385192871094,191.7805938720703,89.46969604492188,82.0999984741211,61.08940887451172,100.00360870361328,0.0,51.36263882375718,194060.0,14.497116088867188,16.428253173828125,18.41377258300781,15.041091918945312,34.15000009536743
2023-03-19 09:24:23,19.408428192138672,76.02409362792969,193.14778900146484,89.54545593261719,82.80000305175781,61.08940887451172,100.00360870361328,0.0,49.23047197385591,194060.0,17.815399169921875,18.30499267578125,14.442718505859377,18.27777099609375,34.15000009536743
2023-03-19 09:24:24,19.38321304321289,76.02409362792969,193.7174530029297,89.54545593261719,82.0,61.08940887451172,100.00360870361328,0.0,49.65976159535762,194060.0,12.973968505859377,17.625,17.896987915039062,16.37384033203125,34.15000009536743
2023-03-19 09:24:25,19.395246505737305,76.02409362792969,191.26790618896484,89.46969604492188,82.4000015258789,61.08940887451172,100.00360870361328,0.0,50.042611269194325,194060.0,18.930572509765625,16.645843505859375,13.43634033203125,17.951385498046875,34.15000009536743
2023-03-19 09:24:26,19.42923355102539,75.96385192871094,192.75716400146484,89.46969604492188,81.30000305175781,61.08940887451172,100.00360870361328,0.0,51.62490946363005,194060.0,11.967605590820312,20.970489501953125,16.401031494140625,16.645843505859375,34.15000009536743
2023-03-19 09:24:27,19.489391326904297,75.96385192871094,192.0979766845703,89.46969604492188,81.80000305175781,61.08940887451172,100.00360870361328,0.0,50.18619318316384,194060.0,15.340286254882812,17.40740966796875,15.802658081054688,18.304977416992188,34.15000009536743
2023-03-19 09:24:28,19.500844955444336,76.02409362792969,193.48143768310547,89.46969604492188,81.30000305175781,61.08940887451172,100.00360870361328,0.0,52.1939752108238,194060.0,12.56597900390625,20.5625,20.426513671875,19.066558837890625,34.15000009536743
2023-03-19 09:24:29,19.46947479248047,76.02409362792969,191.4713516235352,89.46969604492188,82.5999984741211,61.08940887451172,100.00360870361328,0.0,47.623969053682686,194060.0,14.959503173828123,20.34490966796875,16.15625,18.74017333984375,34.15000009536743
2023-03-19 09:24:30,19.396169662475582,76.02409362792969,194.1324920654297,89.54545593261719,82.5999984741211,61.08940887451172,100.00360870361328,0.0,49.380161761337874,194060.0,17.516204833984375,18.0601806640625,18.685760498046875,16.101852416992188,34.17500019073486
2023-03-19 09:24:31,19.3575382232666,76.02409362792969,192.4723281860352,89.54545593261719,82.20000457763672,61.08940887451172,100.00360870361328,0.0,47.957585064428,194060.0,14.578704833984377,18.6585693359375,17.380218505859375,21.106475830078125,34.15000009536743
2023-03-19 09:24:32,19.31972885131836,76.02409362792969,192.1305313110352,89.54545593261719,82.0,61.08940887451172,100.00360870361328,0.0,49.57109771428899,194060.0,15.748275756835938,18.9305419921875,17.489013671875,14.877899169921877,34.15000009536743
2023-03-19 09:24:33,19.3144760131836,75.96385192871094,191.21907806396484,89.46969604492188,81.69999694824219,61.08940887451172,100.00360870361328,0.0,50.16700285236097,194060.0,16.754638671875,16.3194580078125,15.367477416992188,14.03472900390625,34.17500019073486
2023-03-19 09:24:34,19.3486557006836,75.96385192871094,192.724609375,89.46969604492188,82.0,61.08940887451172,100.00360870361328,0.0,50.13965936231178,194060.0,18.223388671875,14.60589599609375,18.495361328125,16.836227416992188,34.15000009536743
2023-03-19 09:24:35,19.39903259277344,76.02409362792969,192.7652969360352,89.46969604492188,82.80000305175781,61.08940887451172,100.00360870361328,0.0,49.10885545509248,194060.0,14.578704833984377,19.88252258300781,20.426513671875,18.495361328125,34.15000009536743
2023-03-19 09:24:36,19.43159866333008,76.02409362792969,192.919921875,89.46969604492188,82.0999984741211,61.08940887451172,100.00360870361328,0.0,49.377054746316006,194060.0,16.265045166015625,19.85531616210937,17.135406494140625,16.700225830078125,34.15000009536743
2023-03-19 09:24:37,19.404029846191406,75.96385192871094,192.5211639404297,89.46969604492188,81.80000305175781,61.08940887451172,100.00360870361328,0.0,51.46020720906687,194060.0,17.951400756835938,16.890625,14.823486328125,18.5225830078125,34.15000009536743
2023-03-19 09:24:38,19.354965209960938,76.02409362792969,192.6839218139648,89.54545593261719,82.4000015258789,61.08940887451172,100.00360870361328,0.0,49.41035780367646,194060.0,15.748275756835938,14.76910400390625,19.338531494140625,16.265045166015625,34.15000009536743
2023-03-19 09:24:39,19.319053649902344,76.08434295654297,191.9514923095703,89.54545593261719,82.0999984741211,61.08940887451172,100.00360870361328,0.0,50.72379794620223,194060.0,15.88427734375,16.292236328125,15.04107666015625,17.026611328125,34.15000009536743
2023-03-19 09:24:40,19.29934501647949,76.02409362792969,191.4713592529297,89.54545593261719,81.19999694824219,61.08940887451172,100.00360870361328,0.0,50.30159595153985,194060.0,15.122695922851562,18.7945556640625,16.836227416992188,12.076385498046877,34.15000009536743
2023-03-19 09:24:41,19.314132690429688,75.96385192871094,192.5862579345703,89.54545593261719,83.70000457763672,61.08940887451172,100.00360870361328,0.0,47.65542068826036,194060.0,17.897003173828125,16.5914306640625,18.495361328125,15.449066162109377,34.15000009536743
2023-03-19 09:24:42,19.372926712036133,75.96385192871094,192.4967422485352,89.46969604492188,83.0999984741211,61.08940887451172,100.00360870361328,0.0,48.330304057509935,194060.0,16.265045166015625,21.86805725097656,17.597808837890625,16.781829833984375,34.15000009536743
2023-03-19 09:24:43,19.46222686767578,76.02409362792969,191.89453125,89.46969604492188,82.20000457763672,61.08940887451172,100.00360870361328,0.0,48.57434368645757,194060.0,15.88427734375,14.578704833984377,19.88252258300781,18.223388671875,34.15000009536743
2023-03-19 09:24:44,19.5063591003418,76.02409362792969,191.6422576904297,89.46969604492188,80.69999694824219,61.08940887451172,100.00360870361328,0.0,50.20424437393357,194060.0,14.442718505859377,19.229736328125,14.333908081054688,13.708343505859377,34.15000009536743
2023-03-19 09:24:45,19.48440933227539,76.08434295654297,192.48046875,89.46969604492188,81.30000305175781,61.08940887451172,100.00360870361328,0.0,49.522635437605146,194060.0,16.591445922851562,18.604156494140625,18.549774169921875,18.468170166015625,34.15000009536743
2023-03-19 09:24:46,19.40413475036621,76.02409362792969,193.1396484375,89.46969604492188,81.5,61.08940887451172,100.00360870361328,0.0,48.72188938653965,194060.0,16.265045166015625,19.964111328125,14.3883056640625,16.618637084960938,34.15000009536743
2023-03-19 09:24:47,19.38554573059082,75.96385192871094,193.4326171875,89.54545593261719,81.9000015258789,61.08940887451172,100.00360870361328,0.0,50.93643419379868,194060.0,12.42999267578125,21.32406616210937,15.50347900390625,19.09375,34.15000009536743
2023-03-19 09:24:48,19.389039993286133,75.96385192871094,191.748046875,89.54545593261719,82.9000015258789,61.08940887451172,100.00360870361328,0.0,50.20422212868089,194060.0,15.93865966796875,18.495361328125,19.31134033203125,16.781829833984375,34.15000009536743
2023-03-19 09:24:49,19.39696884155273,76.02409362792969,192.12239837646484,89.54545593261719,81.9000015258789,61.08940887451172,100.00360870361328,0.0,50.90543549509037,194060.0,16.61865234375,21.5960693359375,17.54339599609375,15.93865966796875,34.15000009536743
2023-03-19 09:24:50,19.445556640625,76.02409362792969,190.8854141235352,89.46969604492188,82.0,61.08940887451172,100.00360870361328,0.0,49.41246378642544,194060.0,19.17535400390625,17.10821533203125,20.018524169921875,16.727432250976562,34.15000009536743
2023-03-19 09:24:51,19.495683670043945,75.96385192871094,192.0817108154297,89.46969604492188,82.5999984741211,61.08940887451172,100.00360870361328,0.0,46.10836549720962,194060.0,14.9866943359375,20.5625,18.304977416992188,13.626739501953123,34.15000009536743
2023-03-19 09:24:52,19.540956497192383,75.96385192871094,191.0318984985352,89.46969604492188,82.0999984741211,61.08940887451172,100.00360870361328,0.0,46.53692681439858,194060.0,18.196197509765625,15.36749267578125,16.482635498046875,15.367477416992188,34.15000009536743
2023-03-19 09:24:53,19.534454345703125,76.02409362792969,191.9189453125,89.46969604492188,82.5,61.08578872680664,100.00360870361328,0.0,49.84357107427687,194060.0,14.007537841796877,19.85531616210937,20.535308837890625,13.953125,34.15000009536743
2023-03-19 09:24:54,19.487682342529297,76.02409362792969,191.650390625,89.46969604492188,81.9000015258789,61.08940887451172,100.00360870361328,0.0,48.67820777558691,194060.0,16.183456420898438,13.953125,16.537033081054688,16.07464599609375,34.15000009536743
2023-03-19 09:24:55,19.42272186279297,76.02409362792969,191.0074844360352,89.54545593261719,81.30000305175781,61.08940887451172,100.00360870361328,0.0,49.0612106333042,194060.0,16.210662841796875,18.57696533203125,17.298614501953125,17.760986328125,34.15000009536743
2023-03-19 09:24:56,19.353923797607425,75.96385192871094,191.5608749389648,89.46969604492188,81.0999984741211,61.08940887451172,100.00360870361328,0.0,50.98319646241313,194060.0,12.94677734375,17.380218505859375,14.061920166015623,14.46990966796875,34.15000009536743
2023-03-19 09:24:57,19.2927474975586,76.02409362792969,192.2037734985352,89.46969604492188,82.0,61.08940887451172,100.00360870361328,0.0,51.770072455085305,194060.0,15.993072509765623,15.8570556640625,15.367477416992188,18.549774169921875,34.15000009536743
2023-03-19 09:24:58,19.27149200439453,75.96385192871094,192.1305389404297,89.46969604492188,82.30000305175781,61.08940887451172,100.00360870361328,0.0,50.77820351368375,194060.0,16.945037841796875,19.284149169921875,18.168975830078125,15.884262084960938,34.15000009536743
2023-03-19 09:24:59,19.324689865112305,75.96385192871094,191.650390625,89.46969604492188,82.70000457763672,61.08940887451172,100.00360870361328,0.0,46.9479904809685,194060.0,14.03472900390625,17.434600830078125,18.332183837890625,17.0538330078125,34.15000009536743
2023-03-19 09:25:00,19.423070907592773,76.02409362792969,191.3736953735352,89.46969604492188,81.19999694824219,61.08940887451172,100.00360870361328,0.0,51.087437911722574,194060.0,14.6875,20.426513671875,13.599533081054688,18.25057983398437,34.15000009536743
2023-03-19 09:25:01,19.46045112609864,76.02409362792969,190.6168670654297,89.54545593261719,83.0,61.08940887451172,100.00360870361328,0.0,47.942976400489215,194060.0,19.77374267578125,15.449066162109377,17.298614501953125,17.897003173828125,34.15000009536743
2023-03-19 09:25:02,19.39378929138184,76.02409362792969,192.48046875,89.54545593261719,83.0,61.08940887451172,100.00360870361328,0.0,46.72733066343584,194060.0,13.46356201171875,16.50982666015625,18.93055725097656,17.516204833984375,34.15000009536743
2023-03-19 09:25:03,19.31890106201172,75.96385192871094,191.2272109985352,89.46969604492188,81.4000015258789,61.08940887451172,100.00360870361328,0.0,50.38616904019364,194060.0,13.109954833984377,18.821746826171875,15.911468505859377,18.0601806640625,34.15000009536743
2023-03-19 09:25:04,19.26079559326172,75.96385192871094,190.75521087646484,89.46969604492188,81.4000015258789,61.08940887451172,100.00360870361328,0.0,49.7905445364344,194060.0,13.273162841796877,17.4617919921875,15.693862915039062,15.20428466796875,34.15000009536743
2023-03-19 09:25:05,19.20783805847168,76.02409362792969,191.3248672485352,89.46969604492188,82.0,61.08940887451172,100.00360870361328,0.0,48.627651783601486,194060.0,16.61865234375,18.98495483398437,18.93055725097656,18.767364501953125,34.15000009536743
2023-03-19 09:25:06,19.20580291748047,76.02409362792969,190.2262420654297,89.46969604492188,81.69999694824219,61.08940887451172,100.00360870361328,0.0,51.2470912783836,194060.0,18.60418701171875,17.3258056640625,19.99131774902344,16.401046752929688,34.15000009536743
2023-03-19 09:25:07,19.24625015258789,76.02409362792969,191.943359375,89.46969604492188,81.4000015258789,61.08940887451172,100.00360870361328,0.0,51.10203865427729,194060.0,14.442718505859377,19.31134033203125,14.578704833984377,17.1898193359375,34.15000009536743
2023-03-19 09:25:08,19.33139038085937,75.96385192871094,191.9677734375,89.46969604492188,81.69999694824219,61.08578872680664,100.00360870361328,0.0,49.78380608760584,194060.0,17.461822509765625,19.85531616210937,18.57696533203125,16.4554443359375,34.15000009536743
2023-03-19 09:25:09,19.363426208496094,76.02409362792969,192.5455780029297,89.46969604492188,81.5999984741211,61.08940887451172,100.00360870361328,0.0,50.12169804369814,194060.0,15.231491088867188,16.97222900390625,18.11459350585937,16.781829833984375,34.15000009536743
2023-03-19 09:25:10,19.33277702331543,76.02409362792969,191.26790618896484,89.46969604492188,81.5,61.08940887451172,100.00360870361328,0.0,49.21366270508822,194060.0,17.162628173828125,16.047454833984375,20.208908081054688,14.60589599609375,34.15000009536743
2023-03-19 09:25:11,19.301252365112305,76.02409362792969,192.5455780029297,89.46969604492188,81.69999694824219,61.08940887451172,100.00360870361328,0.0,51.70983045956708,194060.0,12.185195922851562,17.217010498046875,17.84259033203125,18.6585693359375,34.15000009536743
2023-03-19 09:25:12,19.316835403442383,76.02409362792969,190.95052337646484,89.46969604492188,81.80000305175781,61.08940887451172,100.00360870361328,0.0,49.9920335400789,194060.0,14.143524169921877,19.284149169921875,15.530670166015623,16.07464599609375,34.15000009536743
2023-03-19 09:25:13,19.337491989135746,76.02409362792969,191.796875,89.54545593261719,81.5,61.08940887451172,100.00360870361328,0.0,51.35462111187991,194060.0,16.809036254882812,17.4617919921875,18.84896850585937,18.168975830078125,34.15000009536743
2023-03-19 09:25:14,19.38951110839844,76.02409362792969,190.771484375,89.54545593261719,81.5999984741211,61.08940887451172,100.00360870361328,0.0,50.45253159451676,194060.0,14.551513671875,17.9241943359375,16.754638671875,16.781829833984375,34.15000009536743
2023-03-19 09:25:15,19.45285415649414,75.96385192871094,191.8863906860352,89.46969604492188,81.19999694824219,61.08940887451172,100.00360870361328,0.0,51.38646371402087,194060.0,14.089141845703123,15.93865966796875,19.637725830078125,18.223388671875,34.15000009536743
2023-03-19 09:25:16,19.558565139770508,75.96385192871094,191.90267181396484,89.46969604492188,82.30000305175781,61.08578872680664,100.00360870361328,0.0,49.09942355032576,194060.0,14.605911254882812,19.17535400390625,15.149871826171877,17.461807250976562,34.15000009536743
2023-03-19 09:25:17,19.640283584594727,76.02409362792969,192.4560546875,89.46969604492188,82.80000305175781,61.08940887451172,100.00360870361328,0.0,46.67747433395503,194060.0,17.244232177734375,21.05209350585937,18.032989501953125,17.40740966796875,34.15000009536743
2023-03-19 09:25:18,19.66496658325196,76.02409362792969,190.0309219360352,89.46969604492188,81.80000305175781,61.08940887451172,100.00360870361328,0.0,49.1238443135308,194060.0,15.775482177734377,19.447341918945312,14.551513671875,16.129058837890625,34.15000009536743
2023-03-19 09:25:19,19.64764976501465,76.02409362792969,190.69823455810547,89.46969604492188,82.4000015258789,61.08578872680664,100.00360870361328,0.0,47.385795125088016,194060.0,17.298614501953125,17.380218505859375,18.604156494140625,18.84896850585937,34.15000009536743
2023-03-19 09:25:20,19.62643241882324,76.02409362792969,190.3157577514648,89.54545593261719,82.5,61.08940887451172,100.00360870361328,0.0,48.27588617696397,194060.0,13.055572509765623,18.9305419921875,16.37384033203125,16.401046752929688,34.15000009536743
2023-03-19 09:25:21,19.586471557617188,75.96385192871094,190.8772735595703,89.54545593261719,82.0999984741211,61.08940887451172,100.00360870361328,0.0,48.231695405723976,194060.0,14.442718505859377,20.698486328125,18.740158081054688,15.612274169921877,34.15000009536743
2023-03-19 09:25:22,19.565505981445312,75.96385192871094,191.9921951293945,89.54545593261719,81.80000305175781,61.08940887451172,100.00360870361328,0.0,49.47842602232802,194060.0,12.457183837890623,17.217010498046875,17.869781494140625,17.27142333984375,34.15000009536743
2023-03-19 09:25:23,19.59156608581543,76.02409362792969,190.5761795043945,89.46969604492188,81.30000305175781,61.08940887451172,100.00360870361328,0.0,48.12498832949768,194060.0,14.2523193359375,21.432861328125,16.836227416992188,15.557861328125,34.15000009536743
2023-03-19 09:25:24,19.62038230895996,76.08434295654297,190.3157577514648,89.46969604492188,82.20000457763672,61.08940887451172,100.00360870361328,0.0,46.00828309790545,194060.0,17.108230590820312,15.884246826171877,14.877899169921877,15.06829833984375,34.15000009536743
2023-03-19 09:25:25,19.65006446838379,76.02409362792969,191.9677734375,89.46969604492188,82.20000457763672,61.08940887451172,100.00360870361328,0.0,50.94040821785985,194060.0,18.957763671875,21.487274169921875,16.863433837890625,16.618637084960938,34.15000009536743
2023-03-19 09:25:26,19.637575149536133,75.96385192871094,192.8059921264648,89.46969604492188,82.0999984741211,61.08940887451172,100.00360870361328,0.0,48.93145634434419,194060.0,18.25057983398437,15.9930419921875,21.106475830078125,16.727432250976562,34.15000009536743
2023-03-19 09:25:27,19.56110572814941,75.96385192871094,191.33300018310547,89.46969604492188,81.69999694824219,61.08940887451172,100.00360870361328,0.0,50.252812570784144,194060.0,13.925933837890623,20.154510498046875,14.061920166015623,17.897003173828125,34.15000009536743
2023-03-19 09:25:28,19.475942611694336,76.02409362792969,190.2587890625,89.46969604492188,81.4000015258789,61.08940887451172,100.00360870361328,0.0,49.0112529591853,194060.0,16.020263671875,15.394683837890623,16.183441162109375,18.7945556640625,34.15000009536743
2023-03-19 09:25:29,19.37426948547364,76.02409362792969,190.6494216918945,89.46969604492188,80.9000015258789,61.08940887451172,100.00360870361328,0.0,50.45710056127879,194060.0,13.055572509765623,19.47454833984375,18.495361328125,15.775466918945312,34.15000009536743
2023-03-19 09:25:30,19.299177169799805,75.96385192871094,192.0084609985352,89.54545593261719,82.20000457763672,61.08940887451172,100.00360870361328,0.0,50.46840134737689,194060.0,18.5225830078125,17.57061767578125,16.781829833984375,16.618637084960938,34.15000009536743
2023-03-19 09:25:31,19.25761604309082,76.02409362792969,191.3248748779297,89.54545593261719,82.20000457763672,61.08940887451172,100.00360870361328,0.0,48.66246298111917,194060.0,14.959503173828123,18.27777099609375,17.3258056640625,17.380218505859375,34.15000009536743
2023-03-19 09:25:32,19.24531555175781,76.02409362792969,190.80403900146484,89.46969604492188,82.4000015258789,61.08940887451172,100.00360870361328,0.0,48.94106542975642,194060.0,15.93865966796875,20.64410400390625,18.19618225097656,13.789932250976562,34.15000009536743
2023-03-19 09:25:33,19.25790405273437,76.02409362792969,190.52734375,89.46969604492188,81.4000015258789,61.08940887451172,100.00360870361328,0.0,51.572368186478585,194060.0,17.951400756835938,17.352996826171875,17.026611328125,17.380218505859375,34.15000009536743
2023-03-19 09:25:34,19.25776672363281,76.02409362792969,191.92708587646484,89.46969604492188,81.30000305175781,61.08940887451172,100.00360870361328,0.0,49.30662808212178,194060.0,15.993072509765623,18.6585693359375,15.04107666015625,18.168975830078125,34.15000009536743
2023-03-19 09:25:35,19.205698013305664,75.96385192871094,192.09798431396484,89.46969604492188,81.9000015258789,61.08940887451172,100.00360870361328,0.0,49.36004716109345,194060.0,19.365753173828125,18.74017333984375,16.836227416992188,17.897003173828125,34.15000009536743
2023-03-19 09:25:36,19.15185165405273,75.96385192871094,191.2353591918945,89.46969604492188,81.5999984741211,61.08940887451172,100.00360870361328,0.0,48.85255608805662,194060.0,12.511581420898438,22.140045166015625,16.537033081054688,16.917816162109375,34.15000009536743
2023-03-19 09:25:37,19.115772247314453,75.96385192871094,189.55892181396484,89.46969604492188,82.0999984741211,61.08940887451172,100.00360870361328,0.0,48.8028834074856,194060.0,19.12095642089844,19.936920166015625,16.890625,17.54339599609375,34.15000009536743
2023-03-19 09:25:38,19.09432601928711,76.02409362792969,191.4306640625,89.46969604492188,81.80000305175781,61.08940887451172,100.00360870361328,0.0,52.94189019077756,194060.0,12.593170166015623,18.957763671875,18.631362915039062,17.217010498046875,34.15000009536743
2023-03-19 09:25:39,19.12833404541016,76.02409362792969,189.8844375610352,89.46969604492188,81.0999984741211,61.08940887451172,100.00360870361328,0.0,50.86257777136066,194060.0,16.564239501953125,18.767364501953125,17.053817749023438,17.353012084960938,34.15000009536743
2023-03-19 09:25:40,19.210559844970703,76.02409362792969,190.0634765625,89.54545593261719,82.0,61.08940887451172,100.00360870361328,0.0,47.707700737877175,194060.0,14.1163330078125,16.020263671875,15.367477416992188,16.890625,34.15000009536743
2023-03-19 09:25:41,19.319669723510746,75.96385192871094,188.8346405029297,89.54545593261719,82.5,61.08940887451172,100.00360870361328,0.0,45.774464212956936,194060.0,16.509857177734375,19.03936767578125,15.394683837890623,16.428253173828125,34.15000009536743
2023-03-19 09:25:42,19.401567459106445,75.96385192871094,191.5201797485352,89.46969604492188,82.20000457763672,61.08940887451172,100.00360870361328,0.0,49.68585713992192,194060.0,18.44097900390625,19.90972900390625,18.0601806640625,17.570602416992188,34.15000009536743
2023-03-19 09:25:43,19.417709350585938,75.96385192871094,189.7867889404297,89.46969604492188,81.0999984741211,61.08940887451172,100.00360870361328,0.0,48.27182727873521,194060.0,18.11459350585937,18.495361328125,13.381942749023438,15.50347900390625,34.15000009536743
2023-03-19 09:25:44,19.40819549560547,76.02409362792969,192.6839141845703,89.46969604492188,82.4000015258789,61.08940887451172,100.00360870361328,0.0,48.05570477040699,194060.0,15.285888671875,17.4617919921875,20.888885498046875,14.361114501953123,34.15000009536743
2023-03-19 09:25:45,19.42189216613769,76.02409362792969,189.60774993896484,89.46969604492188,82.20000457763672,61.08940887451172,100.00360870361328,0.0,48.32135496945054,194060.0,16.265045166015625,18.332183837890625,13.762725830078123,18.168975830078125,34.15000009536743
2023-03-19 09:25:46,19.434886932373047,76.08434295654297,190.3076248168945,89.54545593261719,82.4000015258789,61.08940887451172,100.00360870361328,0.0,50.22792531668453,194060.0,17.733795166015625,18.957763671875,20.018524169921875,14.796295166015623,34.15000009536743
2023-03-19 09:25:47,19.47764778137207,75.96385192871094,189.2985076904297,89.46969604492188,81.80000305175781,61.08940887451172,100.00360870361328,0.0,50.40325866976527,194060.0,13.626739501953123,17.10821533203125,15.829864501953123,19.85531616210937,34.15000009536743
2023-03-19 09:25:48,19.54767608642578,75.96385192871094,189.6891250610352,89.46969604492188,81.19999694824219,61.08940887451172,100.00360870361328,0.0,49.16359756813898,194060.0,14.63311767578125,18.359375,13.109954833984377,14.714691162109377,34.15000009536743
2023-03-19 09:25:49,19.61319923400879,75.96385192871094,190.4785232543945,89.46969604492188,82.0999984741211,61.08940887451172,100.00360870361328,0.0,46.10537913918797,194060.0,11.124420166015623,17.516204833984375,18.93055725097656,18.74017333984375,34.15000009536743
2023-03-19 09:25:50,19.64927101135254,76.02409362792969,188.9567108154297,89.46969604492188,82.0999984741211,61.08940887451172,100.00360870361328,0.0,47.74591135188277,194060.0,16.917831420898438,18.903350830078125,15.911468505859377,12.810760498046877,34.15000009536743
2023-03-19 09:25:51,19.62827110290528,76.02409362792969,190.3076171875,89.46969604492188,82.30000305175781,61.08578872680664,100.00360870361328,0.0,45.94671109829714,194060.0,14.007537841796877,20.1273193359375,18.19618225097656,18.98495483398437,34.15000009536743
2023-03-19 09:25:52,19.554731369018555,76.02409362792969,190.87728118896484,89.46969604492188,81.9000015258789,61.08940887451172,100.00360870361328,0.0,49.69303798919093,194060.0,16.781829833984375,16.890625,17.760986328125,16.700225830078125,34.15000009536743
2023-03-19 09:25:53,19.487653732299805,76.02409362792969,192.48046875,89.54545593261719,82.5999984741211,61.08940887451172,100.00360870361328,0.0,50.50796851918388,194060.0,18.44097900390625,19.66493225097656,19.800933837890625,16.509841918945312,34.15000009536743
2023-03-19 09:25:54,19.411148071289062,75.96385192871094,190.9586563110352,89.54545593261719,82.30000305175781,61.08940887451172,100.00360870361328,0.0,50.88978093023585,194060.0,18.495391845703125,17.081024169921875,15.7210693359375,17.461807250976562,34.15000009536743
2023-03-19 09:25:55,19.367691040039062,75.96385192871094,190.92610931396484,89.54545593261719,82.4000015258789,61.08940887451172,100.00360870361328,0.0,48.31165173432833,194060.0,14.551513671875,18.30499267578125,15.693862915039062,18.38656616210937,34.15000009536743
2023-03-19 09:25:56,19.36163902282715,76.02409362792969,189.2252655029297,89.46969604492188,81.4000015258789,61.08940887451172,100.00360870361328,0.0,49.72899067340158,194060.0,15.013900756835938,19.828125,15.612274169921877,19.501739501953125,34.15000009536743
2023-03-19 09:25:57,19.40761375427246,76.02409362792969,189.4612655639648,89.46969604492188,82.5,61.08940887451172,100.00360870361328,0.0,48.09005020943612,194060.0,15.20428466796875,20.1273193359375,18.38656616210937,16.781829833984375,34.15000009536743
2023-03-19 09:25:58,19.444969177246094,76.02409362792969,190.9912109375,89.46969604492188,83.0,61.08578872680664,100.00360870361328,0.0,47.10693028303549,194060.0,14.361114501953123,16.645843505859375,19.01214599609375,19.31134033203125,34.15000009536743
2023-03-19 09:25:59,19.442964553833008,76.02409362792969,189.5263671875,89.54545593261719,81.30000305175781,61.08940887451172,100.00360870361328,0.0,46.40843723969863,194060.0,17.380218505859375,16.10186767578125,14.850692749023438,14.415512084960938,34.15000009536743
2023-03-19 09:26:00,19.35905647277832,75.96385192871094,189.8356094360352,89.46969604492188,81.4000015258789,61.08940887451172,100.00360870361328,0.0,51.45901537589063,194060.0,13.545150756835938,16.265045166015625,16.564239501953125,15.177093505859377,34.15000009536743
2023-03-19 09:26:01,19.291160583496094,75.96385192871094,189.8600311279297,89.46969604492188,81.80000305175781,61.08940887451172,100.00360870361328,0.0,50.69527286792213,194060.0,19.148162841796875,19.03936767578125,18.495361328125,14.551513671875,34.15000009536743
2023-03-19 09:26:02,19.220623016357425,76.02409362792969,191.6178359985352,89.46969604492188,82.70000457763672,61.08940887451172,100.00360870361328,0.0,49.63712002867479,194060.0,15.313079833984377,19.12094116210937,21.86805725097656,18.712966918945312,34.15000009536743
2023-03-19 09:26:03,19.189149856567383,75.96385192871094,189.6891250610352,89.54545593261719,82.20000457763672,61.08940887451172,100.00360870361328,0.0,48.70514602399589,194060.0,13.00115966796875,20.64410400390625,16.319442749023438,17.0538330078125,34.15000009536743
2023-03-19 09:26:04,19.213823318481445,75.96385192871094,188.8590469360352,89.46969604492188,81.5999984741211,61.08940887451172,100.00360870361328,0.0,50.05926524411338,194060.0,14.959503173828123,20.64410400390625,18.27777099609375,13.5179443359375,34.15000009536743
2023-03-19 09:26:05,19.27657699584961,76.02409362792969,189.87630462646484,89.46969604492188,82.0999984741211,61.08940887451172,100.00360870361328,0.0,50.36194369591464,194060.0,16.129058837890625,14.17071533203125,16.5914306640625,19.501739501953125,34.15000009536743
2023-03-19 09:26:06,19.3610782623291,76.02409362792969,189.6891250610352,89.46969604492188,82.80000305175781,61.08940887451172,100.00360870361328,0.0,48.082414643759925,194060.0,14.170730590820312,20.372100830078125,19.284149169921875,16.5914306640625,34.15000009536743
2023-03-19 09:26:07,19.40074157714844,76.02409362792969,190.234375,89.46969604492188,82.4000015258789,61.08940887451172,100.00360870361328,0.0,49.79705239384732,194060.0,11.3148193359375,16.999420166015625,17.652191162109375,16.999420166015625,34.15000009536743
2023-03-19 09:26:08,19.382783889770508,76.02409362792969,189.1764297485352,89.46969604492188,81.80000305175781,61.08940887451172,100.00360870361328,0.0,47.54864856008481,194060.0,16.97222900390625,15.313079833984377,13.87152099609375,15.50347900390625,34.15000009536743
2023-03-19 09:26:09,19.372453689575195,76.02409362792969,190.2262344360352,89.54545593261719,81.19999694824219,61.08940887451172,100.00360870361328,0.0,49.13094047354738,194060.0,16.809036254882812,20.61689758300781,15.50347900390625,15.367477416992188,34.15000009536743
2023-03-19 09:26:10,19.39443016052246,75.96385192871094,189.2578125,89.54545593261719,82.30000305175781,61.08940887451172,100.00360870361328,0.0,47.18857638179642,194060.0,14.279525756835938,17.97857666015625,16.564239501953125,14.17071533203125,34.15000009536743
2023-03-19 09:26:11,19.40093040466309,75.96385192871094,191.4469451904297,89.46969604492188,81.5999984741211,61.08940887451172,100.00360870361328,0.0,51.92752825862013,194060.0,15.421875,21.67767333984375,18.005783081054688,18.712966918945312,34.15000009536743
2023-03-19 09:26:12,19.42644119262696,76.02409362792969,190.087890625,89.46969604492188,81.5999984741211,61.08940887451172,100.00360870361328,0.0,49.755979302998,194060.0,14.76910400390625,16.5914306640625,15.612274169921877,18.549774169921875,34.15000009536743
2023-03-19 09:26:13,19.47028923034668,76.02409362792969,189.94954681396484,89.46969604492188,81.0,61.08578872680664,100.00360870361328,0.0,51.25461050844339,194060.0,13.137161254882812,17.135406494140625,17.9241943359375,12.892364501953123,34.15000009536743
2023-03-19 09:26:14,19.53396797180176,76.02409362792969,190.7958984375,89.46969604492188,82.0,61.08940887451172,100.00360870361328,0.0,48.87290333132351,194060.0,10.79803466796875,15.421875,15.63946533203125,19.17535400390625,34.15000009536743
2023-03-19 09:26:15,19.556638717651367,75.96385192871094,190.3564453125,89.46969604492188,82.80000305175781,61.08940887451172,100.00360870361328,0.0,47.07891928763304,194060.0,14.9866943359375,15.884246826171877,16.07464599609375,18.00579833984375,34.15000009536743
2023-03-19 09:26:16,19.531850814819336,75.96385192871094,190.13671112060547,89.46969604492188,82.0,61.08940887451172,100.00360870361328,0.0,49.98407363445363,194060.0,13.109954833984377,18.87615966796875,16.482635498046875,17.10821533203125,34.15000009536743
2023-03-19 09:26:17,19.461423873901367,75.96385192871094,190.07161712646484,89.46969604492188,82.20000457763672,61.08940887451172,100.00360870361328,0.0,48.762084389395646,194060.0,18.359375,15.04107666015625,18.57696533203125,16.80902099609375,34.15000009536743
2023-03-19 09:26:18,19.42417526245117,75.96385192871094,189.7786407470703,89.46969604492188,81.0999984741211,61.08940887451172,100.00360870361328,0.0,50.87981651754512,194060.0,13.327545166015623,19.90972900390625,17.380218505859375,15.829864501953123,34.15000009536743
2023-03-19 09:26:19,19.38378143310547,76.02409362792969,187.4593048095703,89.54545593261719,82.30000305175781,61.08940887451172,100.00360870361328,0.0,48.258472466525575,194060.0,15.857070922851562,18.495361328125,15.394683837890623,15.421875,34.15000009536743
2023-03-19 09:26:20,19.35431480407715,76.02409362792969,188.8427734375,89.54545593261719,82.20000457763672,61.08940887451172,100.00360870361328,0.0,50.414206924349344,194060.0,14.497116088867188,19.501739501953125,17.053817749023438,14.76910400390625,34.15000009536743
2023-03-19 09:26:21,19.370710372924805,76.08434295654297,189.4449844360352,89.46969604492188,81.9000015258789,61.08940887451172,100.00360870361328,0.0,47.57292564242158,194060.0,15.965866088867188,18.44097900390625,18.0601806640625,16.401046752929688,34.15000009536743
2023-03-19 09:26:22,19.41871452331543,76.02409362792969,189.51009368896484,89.46969604492188,82.20000457763672,61.08940887451172,100.00360870361328,0.0,47.49811781731832,194060.0,17.325820922851562,17.1898193359375,15.63946533203125,15.476272583007812,34.15000009536743
2023-03-19 09:26:23,19.46370887756348,75.96385192871094,189.1276016235352,89.46969604492188,81.4000015258789,61.08940887451172,100.00360870361328,0.0,49.92289067202999,194060.0,12.701980590820312,19.828125,14.9866943359375,16.700225830078125,34.15000009536743
2023-03-19 09:26:24,19.44783973693848,75.96385192871094,188.4195938110352,89.46969604492188,82.0999984741211,61.08940887451172,100.00360870361328,0.0,45.70108644642466,194060.0,17.217025756835938,16.129058837890625,15.476272583007812,16.618637084960938,34.15000009536743
2023-03-19 09:26:25,19.38252067565918,76.02409362792969,189.08690643310547,89.46969604492188,82.0999984741211,61.08940887451172,100.00360870361328,0.0,49.16515559943134,194060.0,11.9132080078125,18.767364501953125,19.01214599609375,16.3194580078125,34.15000009536743
2023-03-19 09:26:26,19.36050605773925,76.02409362792969,190.1204528808593,89.46969604492188,83.20000457763672,61.08940887451172,100.00360870361328,0.0,47.93988649404892,194060.0,17.108230590820312,18.71295166015625,16.945022583007812,20.072921752929688,34.15000009536743
2023-03-19 09:26:27,19.32878875732422,76.02409362792969,190.2994842529297,89.46969604492188,81.19999694824219,61.08940887451172,100.00360870361328,0.0,52.36069867608092,194060.0,11.641204833984377,18.14178466796875,17.70660400390625,17.760986328125,34.15000009536743
2023-03-19 09:26:28,19.32056999206543,75.96385192871094,188.3219451904297,89.46969604492188,82.5,61.08940887451172,100.00360870361328,0.0,48.215613577038965,194060.0,16.564239501953125,18.38656616210937,14.279510498046877,15.63946533203125,34.15000009536743
2023-03-19 09:26:29,19.35866355895996,75.90361022949219,189.9983749389648,89.54545593261719,82.30000305175781,61.08940887451172,100.00360870361328,0.0,51.50917753212838,194060.0,11.47802734375,17.733795166015625,19.85531616210937,16.890625,34.15000009536743
2023-03-19 09:26:30,19.423734664916992,75.96385192871094,189.0055313110352,89.54545593261719,81.30000305175781,61.08940887451172,100.00360870361328,0.0,49.50149106934452,194060.0,12.86517333984375,18.9305419921875,15.258682250976562,15.50347900390625,34.15000009536743
2023-03-19 09:26:31,19.483613967895508,76.02409362792969,189.21712493896484,89.46969604492188,82.30000305175781,61.08940887451172,100.00360870361328,0.0,49.66835675879403,194060.0,16.645843505859375,18.223388671875,17.162612915039062,18.11459350585937,34.15000009536743
2023-03-19 09:26:32,19.48790168762207,76.02409362792969,189.5426483154297,89.46969604492188,81.4000015258789,61.08940887451172,100.00360870361328,0.0,48.77261437567539,194060.0,15.557891845703123,19.229736328125,13.327545166015623,18.685760498046875,34.15000009536743
2023-03-19 09:26:33,19.42464637756348,76.02409362792969,188.1754531860352,89.46969604492188,81.9000015258789,61.08578872680664,100.00360870361328,0.0,47.82246497950875,194060.0,12.484375,15.231475830078123,13.273147583007812,16.97222900390625,34.15000009536743
2023-03-19 09:26:34,19.38101387023925,75.96385192871094,189.3961563110352,89.46969604492188,81.9000015258789,61.08940887451172,100.00360870361328,0.0,47.73410657938856,194060.0,14.46990966796875,17.489013671875,13.409149169921877,19.447341918945312,34.15000009536743
2023-03-19 09:26:35,19.35196113586425,75.96385192871094,190.3727188110352,89.46969604492188,82.5999984741211,61.08940887451172,100.00360870361328,0.0,48.69148573906115,194060.0,16.509857177734375,19.066558837890625,14.76910400390625,15.50347900390625,34.15000009536743
2023-03-19 09:26:36,19.31584548950196,76.02409362792969,190.1123046875,89.46969604492188,82.0999984741211,61.08940887451172,100.00360870361328,0.0,46.58868698989419,194060.0,12.0491943359375,16.07464599609375,18.223388671875,20.7257080078125,34.15000009536743
2023-03-19 09:26:37,19.340150833129883,76.08434295654297,189.1031875610352,89.46969604492188,81.80000305175781,61.08940887451172,100.00360870361328,0.0,50.141185499647975,194060.0,18.957763671875,20.39930725097656,16.319442749023438,11.342010498046877,34.15000009536743
2023-03-19 09:26:38,19.380250930786133,76.08434295654297,190.5680389404297,89.46969604492188,81.69999694824219,61.08940887451172,100.00360870361328,0.0,51.40667610618145,194060.0,15.88427734375,15.911468505859377,19.501739501953125,15.20428466796875,34.15000009536743
2023-03-19 09:26:39,19.45182991027832,76.02409362792969,191.1783828735352,89.54545593261719,81.19999694824219,61.08940887451172,100.00360870361328,0.0,50.846220583876175,194060.0,17.162628173828125,20.372100830078125,17.298614501953125,15.367477416992188,34.15000009536743
2023-03-19 09:26:40,19.481653213500977,75.90361022949219,191.4225234985352,89.54545593261719,82.80000305175781,61.08940887451172,100.00360870361328,0.0,47.72748640909137,194060.0,19.284149169921875,15.2586669921875,19.01214599609375,15.93865966796875,34.15000009536743
2023-03-19 09:26:41,19.44900894165039,75.90361022949219,191.8212890625,89.46969604492188,81.69999694824219,61.08940887451172,100.00360870361328,0.0,49.182741842065056,194060.0,16.183456420898438,18.14178466796875,16.37384033203125,13.545135498046877,34.15000009536743
2023-03-19 09:26:42,19.414709091186523,75.96385192871094,193.8395233154297,89.46969604492188,82.4000015258789,61.08940887451172,100.00360870361328,0.0,49.23328976935521,194060.0,13.844329833984377,17.679412841796875,16.401031494140625,17.84259033203125,34.15000009536743
2023-03-19 09:26:43,19.38484001159668,76.08434295654297,194.9381484985352,89.46969604492188,81.9000015258789,61.08940887451172,100.00360870361328,0.0,47.481127916011815,194060.0,11.967605590820312,19.964111328125,17.597808837890625,17.597808837890625,34.15000009536743
2023-03-19 09:26:44,19.35260009765625,76.08434295654297,195.4101638793945,89.46969604492188,82.0999984741211,61.08940887451172,100.00360870361328,0.0,47.24915171348554,194060.0,17.57061767578125,18.5225830078125,19.71932983398437,16.80902099609375,34.15000009536743
2023-03-19 09:26:45,19.361202239990234,76.02409362792969,196.44368743896484,89.46969604492188,82.9000015258789,61.08940887451172,100.00360870361328,0.0,48.49008959450276,194060.0,18.468170166015625,16.754638671875,17.380218505859375,18.38656616210937,34.15000009536743
2023-03-19 09:26:46,19.392690658569336,75.96385192871094,194.75911712646484,89.46969604492188,82.20000457763672,61.08940887451172,100.00360870361328,0.0,49.630242181963744,194060.0,13.490753173828123,20.752899169921875,15.585067749023438,13.817138671875,34.15000009536743
2023-03-19 09:26:47,19.442346572875977,75.90361022949219,193.66048431396484,89.46969604492188,80.4000015258789,61.08578872680664,100.00360870361328,0.0,51.66479892016286,194060.0,15.993072509765623,17.951385498046875,16.15625,18.168975830078125,34.15000009536743
2023-03-19 09:26:48,19.469173431396484,75.96385192871094,190.41341400146484,89.46969604492188,82.20000457763672,61.08940887451172,100.00360870361328,0.0,49.56452274974739,194060.0,15.612274169921877,18.0601806640625,16.23785400390625,12.076385498046877,34.15000009536743
2023-03-19 09:26:49,19.412153244018555,76.02409362792969,193.26985931396484,89.46969604492188,81.69999694824219,61.08940887451172,100.00360870361328,0.0,50.40342266745887,194060.0,17.27142333984375,14.660308837890623,15.449066162109377,15.20428466796875,34.15000009536743
2023-03-19 09:26:50,19.36992454528809,76.08434295654297,193.6442108154297,89.54545593261719,82.80000305175781,61.08940887451172,100.00360870361328,0.0,48.90528642885143,194060.0,17.461822509765625,17.026611328125,18.27777099609375,14.1163330078125,34.15000009536743
2023-03-19 09:26:51,19.33108329772949,76.02409362792969,193.84764862060547,89.54545593261719,81.69999694824219,61.08578872680664,100.00360870361328,0.0,48.63526295614578,194060.0,17.217025756835938,16.428253173828125,17.760986328125,17.951385498046875,34.15000009536743
2023-03-19 09:26:52,19.29438209533692,75.96385192871094,193.97786712646484,89.54545593261719,81.9000015258789,61.08940887451172,100.00360870361328,0.0,51.57089440067742,194060.0,15.231491088867188,20.04571533203125,17.84259033203125,17.897003173828125,34.15000009536743
2023-03-19 09:26:53,19.30220413208008,76.02409362792969,194.1162109375,89.46969604492188,81.9000015258789,61.08940887451172,100.00360870361328,0.0,48.000990225806255,194060.0,14.741912841796877,16.020263671875,16.292236328125,14.415512084960938,34.15000009536743
2023-03-19 09:26:54,19.32280540466309,76.02409362792969,193.7744140625,89.46969604492188,82.5,61.08940887451172,100.00360870361328,0.0,49.57491835472619,194060.0,12.21240234375,18.903350830078125,18.93055725097656,17.84259033203125,34.15000009536743
2023-03-19 09:26:55,19.37429618835449,75.96385192871094,192.6188201904297,89.46969604492188,81.4000015258789,61.08940887451172,100.00360870361328,0.0,49.50977715353391,194060.0,17.70660400390625,18.032989501953125,12.538772583007812,17.0538330078125,34.15000009536743
2023-03-19 09:26:56,19.41775894165039,75.96385192871094,193.9371795654297,89.46969604492188,81.9000015258789,61.08940887451172,100.00360870361328,0.0,49.97191306358491,194060.0,18.06019592285156,16.3194580078125,18.25057983398437,15.63946533203125,34.15000009536743
2023-03-19 09:26:57,19.395801544189453,76.02409362792969,192.0166015625,89.46969604492188,82.30000305175781,61.08578872680664,100.00360870361328,0.0,48.53496749823434,194060.0,15.5850830078125,16.5914306640625,16.50982666015625,15.63946533203125,34.15000009536743
2023-03-19 09:26:58,19.360116958618164,76.02409362792969,193.1559295654297,89.54545593261719,81.80000305175781,61.08940887451172,100.00360870361328,0.0,49.62769124428821,194060.0,15.88427734375,15.884246826171877,17.84259033203125,15.557861328125,34.15000009536743
2023-03-19 09:26:59,19.30603408813477,76.02409362792969,192.0166015625,89.54545593261719,81.80000305175781,61.08940887451172,100.00360870361328,0.0,49.66303840318073,194060.0,11.1788330078125,16.23785400390625,14.497100830078123,14.007522583007812,34.15000009536743
2023-03-19 09:27:00,19.30137634277344,75.96385192871094,193.5058670043945,89.46969604492188,82.20000457763672,61.08578872680664,100.00360870361328,0.0,46.57082893587417,194060.0,18.71298217773437,17.1898193359375,15.829864501953123,17.760986328125,34.15000009536743
2023-03-19 09:27:01,19.344730377197266,76.02409362792969,193.359375,89.46969604492188,81.9000015258789,61.08940887451172,100.00360870361328,0.0,48.58640927371845,194060.0,17.108230590820312,17.70660400390625,16.428237915039062,17.625,34.15000009536743
2023-03-19 09:27:02,19.413005828857425,76.02409362792969,193.36751556396484,89.46969604492188,81.5,61.08940887451172,100.00360870361328,0.0,51.22430267775436,194060.0,14.6875,16.401031494140625,17.40740966796875,17.597808837890625,34.15000009536743
2023-03-19 09:27:03,19.48152542114257,75.96385192871094,192.4641876220703,89.46969604492188,81.80000305175781,61.08940887451172,100.00360870361328,0.0,46.379599233595705,194060.0,18.196197509765625,19.964111328125,14.17071533203125,15.93865966796875,34.15000009536743
2023-03-19 09:27:04,19.49775695800781,75.96385192871094,194.3359375,89.46969604492188,82.0999984741211,61.08940887451172,100.00360870361328,0.0,49.08696328860821,194060.0,14.551513671875,18.0601806640625,18.087371826171875,19.3929443359375,34.15000009536743
2023-03-19 09:27:05,19.47443199157715,75.96385192871094,194.3359375,89.46969604492188,82.0999984741211,61.08940887451172,100.00360870361328,0.0,49.145755851666536,194060.0,14.551513671875,18.0601806640625,18.087371826171875,19.3929443359375,34.15000009536743
2023-03-19 09:27:06,19.46662139892578,75.96385192871094,192.7408828735352,89.54545593261719,81.5999984741211,61.08578872680664,100.00360870361328,0.0,50.93170496984357,194060.0,17.162628173828125,19.501739501953125,13.109954833984377,17.380218505859375,34.15000009536743
2023-03-19 09:27:07,19.46662139892578,75.96385192871094,194.2057342529297,89.54545593261719,82.0999984741211,61.08940887451172,100.00360870361328,0.0,50.8734528394543,194060.0,13.59954833984375,18.00579833984375,18.27777099609375,17.081024169921875,34.15000009536743
2023-03-19 09:27:08,19.456005096435547,76.02409362792969,193.1315078735352,89.54545593261719,82.9000015258789,61.08578872680664,100.00360870361328,0.0,47.91412541480607,194060.0,15.66668701171875,17.733795166015625,13.57232666015625,18.00579833984375,34.15000009536743
2023-03-19 09:27:09,19.45270347595215,76.02409362792969,192.7490234375,89.46969604492188,82.4000015258789,61.08578872680664,100.00360870361328,0.0,47.815028975413725,194060.0,18.71298217773437,18.11459350585937,18.685760498046875,12.620361328125,34.15000009536743
2023-03-19 09:27:10,19.4808406829834,76.02409362792969,192.1142578125,89.46969604492188,82.0,61.08940887451172,100.00360870361328,0.0,48.14578387911535,194060.0,13.68115234375,13.16436767578125,14.46990966796875,14.714691162109377,34.15000009536743
2023-03-19 09:27:11,19.518762588500977,76.02409362792969,192.9117889404297,89.46969604492188,81.4000015258789,61.08940887451172,100.00360870361328,0.0,49.391237933080845,194060.0,16.23785400390625,21.024887084960938,15.20428466796875,15.693878173828123,34.15000009536743
2023-03-19 09:27:12,19.54892349243164,76.02409362792969,192.9117813110352,89.46969604492188,81.69999694824219,61.08940887451172,100.00360870361328,0.0,49.07720748002833,194060.0,14.170730590820312,17.733795166015625,19.556121826171875,15.50347900390625,34.15000009536743
2023-03-19 09:27:13,19.53561019897461,75.96385192871094,193.310546875,89.46969604492188,81.0,61.08940887451172,100.00360870361328,0.0,52.05229477091345,194060.0,18.00579833984375,19.637725830078125,17.516204833984375,17.84259033203125,34.15000009536743
2023-03-19 09:27:14,19.45561790466309,76.02409362792969,193.8151016235352,89.54545593261719,81.0999984741211,61.08940887451172,100.00360870361328,0.0,53.39966905047445,194060.0,14.19793701171875,13.409149169921877,17.40740966796875,19.85531616210937,34.15000009536743
2023-03-19 09:27:15,19.40886688232422,76.02409362792969,192.7734375,89.54545593261719,81.19999694824219,61.08940887451172,100.00360870361328,0.0,50.862127003619165,194060.0,17.951400756835938,20.154510498046875,16.67303466796875,18.087387084960938,34.15000009536743
2023-03-19 09:27:16,19.367055892944336,76.02409362792969,194.3847732543945,89.54545593261719,81.9000015258789,61.08940887451172,100.00360870361328,0.0,51.4531330033785,194060.0,16.373855590820312,14.089111328125,20.208908081054688,17.815399169921875,34.15000009536743
2023-03-19 09:27:17,19.330596923828125,75.96385192871094,192.61880493164065,89.46969604492188,82.30000305175781,61.08940887451172,100.00360870361328,0.0,48.044051387299206,194060.0,14.143524169921877,18.11459350585937,17.815399169921875,14.442718505859377,34.15000009536743
2023-03-19 09:27:18,19.341562271118164,75.96385192871094,192.8059844970703,89.46969604492188,82.0999984741211,61.08940887451172,100.00360870361328,0.0,46.95286399188052,194060.0,14.93231201171875,19.12094116210937,18.903350830078125,16.265045166015625,34.15000009536743
2023-03-19 09:27:19,19.36767768859864,76.02409362792969,192.1142578125,89.46969604492188,80.9000015258789,61.08940887451172,100.00360870361328,0.0,52.18151873685092,194060.0,15.258697509765623,15.9930419921875,16.15625,16.129058837890625,34.15000009536743
2023-03-19 09:27:20,19.41850471496582,76.02409362792969,193.2779998779297,89.46969604492188,82.20000457763672,61.08578872680664,100.00360870361328,0.0,49.462426611271376,194060.0,12.593170166015623,18.821746826171875,17.461807250976562,15.394683837890623,34.15000009536743
2023-03-19 09:27:21,19.439149856567383,76.02409362792969,193.5139923095703,89.46969604492188,81.9000015258789,61.08940887451172,100.00360870361328,0.0,48.85784038463407,194060.0,12.42999267578125,17.84259033203125,19.25694274902344,18.168975830078125,34.15000009536743
2023-03-19 09:27:22,19.39839553833008,75.96385192871094,192.7652969360352,89.54545593261719,81.30000305175781,61.08940887451172,100.00360870361328,0.0,50.79357477120247,194060.0,15.041107177734377,20.426513671875,16.183441162109375,19.420135498046875,34.15000009536743
2023-03-19 09:27:23,19.35524559020996,75.96385192871094,191.9189453125,89.54545593261719,81.5,61.08940887451172,100.00360870361328,0.0,49.06070879151904,194060.0,10.96124267578125,18.5225830078125,13.708343505859377,17.54339599609375,34.15000009536743
2023-03-19 09:27:24,19.33292961120605,76.02409362792969,192.19564056396484,89.54545593261719,82.4000015258789,61.08578872680664,100.00360870361328,0.0,47.85877241991263,194060.0,14.061920166015623,19.25694274902344,16.50982666015625,16.15625,34.15000009536743
2023-03-19 09:27:25,19.307729721069336,75.96385192871094,193.1884765625,89.54545593261719,81.80000305175781,61.08940887451172,100.00360870361328,0.0,48.95288196134453,194060.0,15.095489501953123,19.066558837890625,17.733795166015625,16.129058837890625,34.15000009536743
2023-03-19 09:27:26,19.32626724243164,76.02409362792969,192.431640625,89.46969604492188,81.80000305175781,61.08940887451172,100.00360870361328,0.0,51.38333575128818,194060.0,12.94677734375,19.501739501953125,16.999420166015625,16.836227416992188,34.15000009536743
2023-03-19 09:27:27,19.35646247863769,76.02409362792969,193.0501251220703,89.46969604492188,82.0999984741211,61.08940887451172,100.00360870361328,0.0,49.66719640738047,194060.0,18.44097900390625,17.10821533203125,18.168975830078125,16.07464599609375,34.15000009536743
2023-03-19 09:27:28,19.420074462890625,76.02409362792969,192.9768829345703,89.46969604492188,81.5999984741211,61.08940887451172,100.00360870361328,0.0,51.617400393961255,194060.0,13.789947509765623,14.9866943359375,18.604156494140625,14.959503173828123,34.15000009536743
2023-03-19 09:27:29,19.45540237426757,75.96385192871094,192.431640625,89.54545593261719,82.70000457763672,61.08940887451172,100.00360870361328,0.0,48.831671802823365,194060.0,19.33856201171875,17.3258056640625,16.047454833984375,17.244216918945312,34.15000009536743
2023-03-19 09:27:30,19.44057273864746,75.96385192871094,192.8792266845703,89.54545593261719,81.30000305175781,61.08940887451172,100.00360870361328,0.0,52.599844453629885,194060.0,11.586822509765623,18.413787841796875,18.14178466796875,15.693878173828123,34.15000009536743
2023-03-19 09:27:31,19.377635955810547,75.96385192871094,192.2932891845703,89.46969604492188,82.20000457763672,61.08940887451172,100.00360870361328,0.0,49.41316626805632,194060.0,17.35302734375,16.618621826171875,16.401031494140625,17.298614501953125,34.15000009536743
2023-03-19 09:27:32,19.360614776611328,76.02409362792969,192.5048828125,89.54545593261719,81.69999694824219,61.08578872680664,100.00360870361328,0.0,49.77706147201262,194060.0,16.809036254882812,17.24420166015625,16.97222900390625,15.34027099609375,34.15000009536743
2023-03-19 09:27:33,19.34322929382324,76.02409362792969,193.4244766235352,89.54545593261719,82.30000305175781,61.08940887451172,100.00360870361328,0.0,48.128805395455856,194060.0,15.66668701171875,16.945037841796875,17.70660400390625,18.903350830078125,34.15000009536743
2023-03-19 09:27:34,19.34471893310547,76.02409362792969,193.3024139404297,89.46969604492188,82.30000305175781,61.08940887451172,100.00360870361328,0.0,50.24347449528722,194060.0,16.53704833984375,16.23785400390625,17.271408081054688,18.98495483398437,34.15000009536743
2023-03-19 09:27:35,19.38030815124512,76.02409362792969,192.4560546875,89.46969604492188,82.70000457763672,61.08940887451172,100.00360870361328,0.0,47.9866048779518,194060.0,14.6875,14.60589599609375,17.869781494140625,15.829864501953123,34.15000009536743
2023-03-19 09:27:36,19.426408767700195,75.96385192871094,191.259765625,89.46969604492188,81.80000305175781,61.08940887451172,100.00360870361328,0.0,48.1781388435364,194060.0,17.652206420898438,20.48089599609375,14.741897583007812,15.313079833984377,34.15000009536743
2023-03-19 09:27:37,19.46055603027344,75.90361022949219,191.8131561279297,89.46969604492188,82.0999984741211,61.08940887451172,100.00360870361328,0.0,48.1878376969139,194060.0,10.498855590820312,17.679412841796875,18.767364501953125,14.415512084960938,34.15000009536743
2023-03-19 09:27:38,19.450075149536133,76.02409362792969,192.5862579345703,89.46969604492188,82.5,61.08940887451172,100.00360870361328,0.0,48.073356737244175,194060.0,18.25057983398437,16.97222900390625,15.666656494140623,18.604171752929688,34.15000009536743
2023-03-19 09:27:39,19.389301300048828,76.08434295654297,193.0582733154297,89.46969604492188,82.80000305175781,61.08940887451172,100.00360870361328,0.0,48.469260773956975,194060.0,11.042831420898438,18.87615966796875,19.365737915039062,15.911468505859377,34.15000009536743
2023-03-19 09:27:40,19.3654899597168,75.96385192871094,191.9026641845703,89.54545593261719,82.30000305175781,61.08940887451172,100.00360870361328,0.0,47.9992325492111,194060.0,17.026641845703125,19.964111328125,15.802658081054688,19.039352416992188,34.15000009536743
2023-03-19 09:27:41,19.344379425048828,75.96385192871094,191.9759140014648,89.54545593261719,81.30000305175781,61.08940887451172,100.00360870361328,0.0,51.00582743526787,194060.0,15.911468505859377,18.604156494140625,18.84896850585937,16.07464599609375,34.15000009536743
2023-03-19 09:27:42,19.34865951538086,75.96385192871094,190.9749298095703,89.54545593261719,81.0,61.08940887451172,100.00360870361328,0.0,52.8985524833231,194060.0,16.509857177734375,16.047454833984375,16.999420166015625,16.5914306640625,34.15000009536743
2023-03-19 09:27:43,19.383241653442383,76.02409362792969,193.1559219360352,89.46969604492188,81.5,61.08940887451172,100.00360870361328,0.0,49.47885711260557,194060.0,16.863433837890625,19.964111328125,17.84259033203125,16.700225830078125,34.15000009536743
2023-03-19 09:27:44,19.4328556060791,76.02409362792969,191.7887420654297,89.46969604492188,82.70000457763672,61.08940887451172,100.00360870361328,0.0,46.34541944854414,194060.0,13.789947509765623,17.70660400390625,18.468170166015625,15.748260498046877,34.15000009536743
2023-03-19 09:27:45,19.49026679992676,75.96385192871094,192.35839080810547,89.46969604492188,82.20000457763672,61.08940887451172,100.00360870361328,0.0,47.29230436953008,194060.0,18.903366088867188,19.85531616210937,20.208908081054688,15.149887084960938,34.15000009536743
2023-03-19 09:27:46,19.49856948852539,76.02409362792969,190.6656951904297,89.46969604492188,82.80000305175781,61.08940887451172,100.00360870361328,0.0,48.629225209447135,194060.0,13.68115234375,16.07464599609375,14.225112915039062,17.162628173828125,34.15000009536743
2023-03-19 09:27:47,19.436315536499023,76.08434295654297,192.17122650146484,89.54545593261719,82.0,61.08940887451172,100.00360870361328,0.0,50.13954340761987,194060.0,18.27778625488281,20.888885498046875,17.951385498046875,13.898727416992188,34.15000009536743
2023-03-19 09:27:48,19.398487091064453,76.02409362792969,192.9117813110352,89.46969604492188,82.5999984741211,61.08940887451172,100.00360870361328,0.0,48.63571853755125,194060.0,16.292266845703125,15.93865966796875,19.936920166015625,16.53704833984375,34.15000009536743
2023-03-19 09:27:49,19.374208450317383,75.96385192871094,191.8538360595703,89.46969604492188,81.5999984741211,61.08578872680664,100.00360870361328,0.0,46.83464162285328,194061.0,15.80267333984375,16.781829833984375,15.93865966796875,16.700225830078125,34.15000009536743
2023-03-19 09:27:50,19.34973526000977,75.96385192871094,192.6513748168945,89.46969604492188,81.0999984741211,61.08940887451172,100.00360870361328,0.0,51.27423484701671,194061.0,11.967605590820312,18.11459350585937,18.57696533203125,17.597808837890625,34.15000009536743
2023-03-19 09:27:51,19.37638664245605,75.96385192871094,191.1783828735352,89.54545593261719,82.0999984741211,61.08940887451172,100.00360870361328,0.0,49.777719470406325,194061.0,19.664947509765625,19.501739501953125,16.346649169921875,14.306716918945312,34.15000009536743
2023-03-19 09:27:52,19.41336250305176,75.96385192871094,192.7653045654297,89.54545593261719,81.69999694824219,61.08940887451172,100.00360870361328,0.0,50.9244344256392,194061.0,15.612274169921877,19.01214599609375,19.3929443359375,17.625,34.15000009536743
2023-03-19 09:27:53,19.45867156982422,76.08434295654297,192.87109375,89.46969604492188,81.9000015258789,61.08940887451172,100.00360870361328,0.0,48.94026062473559,194061.0,17.108230590820312,16.50982666015625,17.896987915039062,18.549774169921875,34.15000009536743
2023-03-19 09:27:54,19.46803092956543,76.08434295654297,192.97689056396484,89.46969604492188,81.80000305175781,61.08940887451172,100.00360870361328,0.0,49.80034506221554,194061.0,14.660308837890623,18.332183837890625,18.740158081054688,17.081024169921875,34.15000009536743
2023-03-19 09:27:55,19.42360496520996,76.02409362792969,191.89453125,89.46969604492188,82.9000015258789,61.08940887451172,100.00360870361328,0.0,45.756503789489,194061.0,15.231491088867188,20.58969116210937,15.8570556640625,16.265045166015625,34.15000009536743
2023-03-19 09:27:56,19.36268424987793,75.96385192871094,192.7164688110352,89.46969604492188,82.70000457763672,61.08940887451172,100.00360870361328,0.0,48.25686001144842,194061.0,17.40740966796875,17.733795166015625,17.40740966796875,19.800933837890625,34.15000009536743
2023-03-19 09:27:57,19.33955192565918,75.96385192871094,192.9768829345703,89.46969604492188,82.9000015258789,61.08940887451172,100.00360870361328,0.0,48.25016679824784,194061.0,16.3194580078125,17.434600830078125,18.740158081054688,16.618637084960938,34.15000009536743
2023-03-19 09:27:58,19.32235336303711,76.02409362792969,192.08984375,89.54545593261719,81.0,61.08940887451172,100.00360870361328,0.0,51.77782509374188,194061.0,15.775482177734377,13.191558837890623,19.12094116210937,15.7210693359375,34.15000009536743
2023-03-19 09:27:59,19.340335845947266,76.02409362792969,190.87728118896484,89.46969604492188,80.5999984741211,61.08578872680664,100.00360870361328,0.0,51.29795138140334,194061.0,14.8507080078125,19.66493225097656,14.932281494140623,15.50347900390625,34.15000009536743
2023-03-19 09:28:00,19.37605094909668,76.02409362792969,190.2425079345703,89.46969604492188,81.0999984741211,61.08940887451172,100.00360870361328,0.0,50.88380481582607,194061.0,10.36285400390625,15.829864501953123,12.892364501953123,16.07464599609375,34.15000009536743
2023-03-19 09:28:01,19.41870307922364,75.96385192871094,191.6910781860352,89.46969604492188,82.4000015258789,61.08940887451172,100.00360870361328,0.0,47.90235638115063,194061.0,16.482650756835938,19.58334350585937,19.365737915039062,16.265045166015625,34.15000009536743
2023-03-19 09:28:02,19.459247589111328,75.96385192871094,191.1783828735352,89.54545593261719,81.9000015258789,61.08940887451172,100.00360870361328,0.0,52.26706138351834,194061.0,15.122695922851562,18.1961669921875,14.116317749023438,18.87615966796875,34.15000009536743
2023-03-19 09:28:03,19.42586898803711,75.96385192871094,193.1559219360352,89.46969604492188,81.69999694824219,61.08578872680664,100.00360870361328,0.0,48.14973003755616,194061.0,12.810775756835938,19.61053466796875,18.087371826171875,20.236114501953125,34.15000009536743
2023-03-19 09:28:04,19.378278732299805,75.96385192871094,191.6015625,89.46969604492188,82.0999984741211,61.08940887451172,100.00360870361328,0.0,49.96986210061833,194061.0,15.36749267578125,16.210662841796875,17.217010498046875,15.775466918945312,34.15000009536743
2023-03-19 09:28:05,19.35232353210449,76.02409362792969,191.8131484985352,89.46969604492188,81.69999694824219,61.08940887451172,100.00360870361328,0.0,50.41434347135788,194061.0,20.18173217773437,16.50982666015625,18.087371826171875,17.978591918945312,34.15000009536743
2023-03-19 09:28:06,19.3270206451416,76.02409362792969,192.0979843139648,89.46969604492188,82.30000305175781,61.08940887451172,100.00360870361328,0.0,50.61559914832095,194061.0,12.13079833984375,19.85531616210937,15.884246826171877,16.509841918945312,34.15000009536743
2023-03-19 09:28:07,19.336570739746094,76.02409362792969,191.65853118896484,89.54545593261719,82.30000305175781,61.08940887451172,100.00360870361328,0.0,49.36739711807103,194061.0,15.612274169921877,14.660308837890623,17.3258056640625,18.631378173828125,34.15000009536743
2023-03-19 09:28:08,19.37390518188477,75.96385192871094,191.51204681396484,89.46969604492188,82.30000305175781,61.08578872680664,100.00360870361328,0.0,47.8431711485083,194061.0,14.823516845703123,19.964111328125,17.896987915039062,15.313079833984377,34.15000009536743
2023-03-19 09:28:09,19.437931060791016,75.96385192871094,190.5436172485352,89.46969604492188,81.4000015258789,61.08940887451172,100.00360870361328,0.0,47.75893669303157,194061.0,14.660308837890623,17.298614501953125,18.767364501953125,14.8507080078125,34.15000009536743
2023-03-19 09:28:10,19.493640899658203,76.02409362792969,191.1458282470703,89.46969604492188,81.5,61.08940887451172,100.00360870361328,0.0,50.27529563274282,194061.0,16.129058837890625,17.516204833984375,17.70660400390625,17.244216918945312,34.15000009536743
2023-03-19 09:28:11,19.492904663085938,76.08434295654297,190.80403900146484,89.46969604492188,82.70000457763672,61.08940887451172,100.00360870361328,0.0,48.93769750690223,194061.0,15.313079833984377,19.229736328125,17.760986328125,14.497100830078123,34.15000009536743
2023-03-19 09:28:12,19.43603515625,75.96385192871094,191.5690078735352,89.54545593261719,82.5,61.08940887451172,100.00360870361328,0.0,47.96479517334506,194061.0,19.664947509765625,13.708343505859377,16.23785400390625,17.7882080078125,34.15000009536743
2023-03-19 09:28:13,19.406089782714844,75.96385192871094,192.919921875,89.46969604492188,81.69999694824219,61.08940887451172,100.00360870361328,0.0,48.6052806166076,194061.0,11.722808837890623,18.98495483398437,20.45370483398437,16.428253173828125,34.15000009536743
2023-03-19 09:28:14,19.385684967041016,75.96385192871094,191.4306640625,89.46969604492188,81.80000305175781,61.08940887451172,100.00360870361328,0.0,48.62809550712035,194061.0,16.373855590820312,16.999420166015625,18.005783081054688,18.712966918945312,34.15000009536743
2023-03-19 09:28:15,19.377105712890625,76.02409362792969,192.65950775146484,89.46969604492188,81.5,61.08940887451172,100.00360870361328,0.0,51.38856467212327,194061.0,10.716445922851562,20.535308837890625,19.556121826171875,15.693878173828123,34.15000009536743
2023-03-19 09:28:16,19.425928115844727,76.02409362792969,191.2841796875,89.46969604492188,81.5,61.08940887451172,100.00360870361328,0.0,47.839305626699286,194061.0,17.1898193359375,16.020263671875,15.421875,15.612274169921877,34.15000009536743
2023-03-19 09:28:17,19.47161293029785,75.96385192871094,191.0400390625,89.46969604492188,81.80000305175781,61.08940887451172,100.00360870361328,0.0,49.71896953324178,194061.0,15.965866088867188,21.92245483398437,18.223388671875,16.129058837890625,34.15000009536743
2023-03-19 09:28:18,19.51866912841797,75.96385192871094,190.6575546264648,89.54545593261719,81.80000305175781,61.08940887451172,100.00360870361328,0.0,49.63318930826927,194061.0,15.639480590820312,18.413787841796875,13.5179443359375,18.6585693359375,34.15000009536743
2023-03-19 09:28:19,19.517784118652344,75.96385192871094,191.02376556396484,89.54545593261719,81.5999984741211,61.08940887451172,100.00360870361328,0.0,50.50421032469652,194061.0,16.67303466796875,20.698486328125,16.754638671875,18.41377258300781,34.15000009536743
2023-03-19 09:28:20,19.460811614990234,76.02409362792969,190.2506561279297,89.54545593261719,81.5999984741211,61.08578872680664,100.00360870361328,0.0,47.83056089980761,194061.0,18.5225830078125,17.380218505859375,15.50347900390625,18.304977416992188,34.15000009536743
2023-03-19 09:28:21,19.41095352172852,76.08434295654297,191.9352188110352,89.46969604492188,82.30000305175781,61.08940887451172,100.00360870361328,0.0,50.50261454092736,194061.0,15.88427734375,15.285888671875,20.154510498046875,14.823486328125,34.15000009536743
2023-03-19 09:28:22,19.365089416503903,76.02409362792969,190.8610076904297,89.46969604492188,82.80000305175781,61.08578872680664,100.00360870361328,0.0,46.64379608788991,194061.0,11.940399169921877,17.352996826171875,16.618621826171875,17.27142333984375,34.15000009536743
2023-03-19 09:28:23,19.338951110839844,75.96385192871094,191.0563201904297,89.46969604492188,82.80000305175781,61.08940887451172,100.00360870361328,0.0,48.31974725766778,194061.0,15.36749267578125,16.292236328125,15.829864501953123,16.890625,34.15000009536743
2023-03-19 09:28:24,19.36155891418457,75.90361022949219,190.3727188110352,89.46969604492188,80.80000305175781,61.08578872680664,100.00360870361328,0.0,53.25800920950606,194061.0,16.61865234375,20.698486328125,17.84259033203125,14.76910400390625,34.15000009536743
2023-03-19 09:28:25,19.38940620422364,75.96385192871094,191.6178359985352,89.46969604492188,81.9000015258789,61.08940887451172,100.00360870361328,0.0,48.9501746718576,194061.0,19.12095642089844,14.714691162109377,18.495361328125,17.081024169921875,34.15000009536743
2023-03-19 09:28:26,19.42949104309082,76.02409362792969,191.3330078125,89.54545593261719,81.4000015258789,61.08940887451172,100.00360870361328,0.0,51.15803214580183,194061.0,11.26043701171875,20.236114501953125,15.7210693359375,16.890625,34.15000009536743
2023-03-19 09:28:27,19.443517684936523,76.08434295654297,190.5680313110352,89.54545593261719,82.70000457763672,61.08940887451172,100.00360870361328,0.0,45.08581290392008,194061.0,14.9866943359375,16.15625,16.129058837890625,16.97222900390625,34.15000009536743
2023-03-19 09:28:28,19.38432502746582,76.02409362792969,191.3086013793945,89.46969604492188,82.0,61.08578872680664,100.00360870361328,0.0,45.91844587934884,194061.0,18.38658142089844,14.9866943359375,19.773727416992188,15.666671752929688,34.15000009536743
2023-03-19 09:28:29,19.32562255859375,75.96385192871094,191.1295623779297,89.46969604492188,81.9000015258789,61.08940887451172,100.00360870361328,0.0,47.83010448282069,194061.0,16.373855590820312,19.800933837890625,17.760986328125,15.63946533203125,34.15000009536743
2023-03-19 09:28:30,19.27749252319336,75.96385192871094,192.22005462646484,89.46969604492188,81.9000015258789,61.08940887451172,100.00360870361328,0.0,53.17621820531954,194061.0,16.97222900390625,16.292236328125,21.35127258300781,18.957763671875,34.15000009536743
2023-03-19 09:28:31,19.24642372131348,76.02409362792969,190.7389297485352,89.46969604492188,82.5,61.08940887451172,100.00360870361328,0.0,49.898183460383045,194061.0,18.413787841796875,18.767364501953125,14.578704833984377,16.020263671875,34.15000009536743
2023-03-19 09:28:32,19.262231826782227,76.08434295654297,191.2516250610352,89.46969604492188,82.80000305175781,61.08940887451172,100.00360870361328,0.0,49.24838743248437,194061.0,18.495391845703125,16.618621826171875,18.359375,19.47454833984375,34.15000009536743
2023-03-19 09:28:33,19.31098365783692,76.02409362792969,191.1865234375,89.54545593261719,82.30000305175781,61.08940887451172,100.00360870361328,0.0,51.62322637218149,194061.0,13.925933837890623,19.338531494140625,14.225112915039062,17.679397583007812,34.15000009536743
2023-03-19 09:28:34,19.377426147460938,75.96385192871094,191.8701171875,89.54545593261719,82.0,61.08940887451172,100.00360870361328,0.0,50.66627084089615,194061.0,14.41552734375,18.14178466796875,16.754638671875,19.71932983398437,34.15000009536743
2023-03-19 09:28:35,19.4196720123291,75.90361022949219,189.80306243896484,89.54545593261719,82.0,61.08940887451172,100.00360870361328,0.0,50.04002936305757,194061.0,15.041107177734377,20.698486328125,14.60589599609375,15.993057250976562,34.15000009536743
2023-03-19 09:28:36,19.40199279785156,75.90361022949219,189.84375,89.46969604492188,81.9000015258789,61.08940887451172,100.00360870361328,0.0,49.12941623824546,194061.0,13.21875,18.71295166015625,15.829864501953123,17.434600830078125,34.15000009536743
2023-03-19 09:28:37,19.358213424682617,75.96385192871094,191.5364532470703,89.46969604492188,82.5999984741211,61.08940887451172,100.00360870361328,0.0,49.23754534681725,194061.0,14.93231201171875,16.917816162109375,19.25694274902344,17.353012084960938,34.15000009536743
2023-03-19 09:28:38,19.345626831054688,76.02409362792969,189.55078125,89.46969604492188,83.0,61.08940887451172,100.00360870361328,0.0,46.93954043704425,194061.0,16.645843505859375,21.269683837890625,14.660308837890623,15.50347900390625,34.15000009536743
2023-03-19 09:28:39,19.34126281738281,76.02409362792969,190.7389297485352,89.46969604492188,83.4000015258789,61.08940887451172,100.00360870361328,0.0,47.99953256244927,194061.0,18.27778625488281,17.869781494140625,17.570602416992188,19.365753173828125,34.15000009536743
2023-03-19 09:28:40,19.378416061401367,76.02409362792969,190.9342422485352,89.54545593261719,83.0,61.08940887451172,100.00360870361328,0.0,48.93230356960241,194061.0,17.597808837890625,20.61689758300781,18.223388671875,14.877899169921877,34.15000009536743
2023-03-19 09:28:41,19.432071685791016,75.96385192871094,191.0888671875,89.46969604492188,82.30000305175781,61.08940887451172,100.00360870361328,0.0,49.38047538663616,194061.0,14.33392333984375,15.149871826171877,17.352996826171875,19.202545166015625,34.15000009536743
2023-03-19 09:28:42,19.470109939575195,75.96385192871094,189.33919525146484,89.46969604492188,81.0,61.08940887451172,100.00360870361328,0.0,50.24649642998664,194061.0,13.273162841796877,18.604156494140625,14.6875,17.081024169921875,34.15000009536743
2023-03-19 09:28:43,19.495380401611328,76.02409362792969,189.5426483154297,89.46969604492188,81.69999694824219,61.08940887451172,100.00360870361328,0.0,48.41408802141903,194061.0,17.652206420898438,17.733795166015625,14.741897583007812,12.729171752929688,34.15000009536743
2023-03-19 09:28:44,19.491188049316406,76.02409362792969,190.7877655029297,89.54545593261719,81.19999694824219,61.08940887451172,100.00360870361328,0.0,47.75405998788922,194061.0,13.16436767578125,15.666656494140623,19.039352416992188,15.177093505859377,34.15000009536743
2023-03-19 09:28:45,19.460580825805664,76.08434295654297,191.17024993896484,89.54545593261719,82.0,61.08940887451172,100.00360870361328,0.0,49.8611584748684,194061.0,16.727447509765625,19.25694274902344,18.359375,15.177093505859377,34.15000009536743
2023-03-19 09:28:46,19.440385818481445,76.02409362792969,190.0390625,89.54545593261719,81.4000015258789,61.08940887451172,100.00360870361328,0.0,50.715096924059104,194061.0,17.679412841796875,17.162628173828125,16.67303466796875,16.020263671875,34.15000009536743
2023-03-19 09:28:47,19.416593551635746,75.96385192871094,190.2018203735352,89.46969604492188,81.69999694824219,61.08578872680664,100.00360870361328,0.0,49.98816381753549,194061.0,13.436355590820312,17.54339599609375,15.367477416992188,18.19618225097656,34.15000009536743
2023-03-19 09:28:48,19.412891387939453,75.96385192871094,190.6005859375,89.46969604492188,82.30000305175781,61.08940887451172,100.00360870361328,0.0,50.41957090359882,194061.0,16.40106201171875,17.4617919921875,14.442718505859377,17.70660400390625,34.15000009536743
2023-03-19 09:28:49,19.44858932495117,75.96385192871094,189.6158828735352,89.46969604492188,82.20000457763672,61.08940887451172,100.00360870361328,0.0,48.57736041461413,194061.0,12.538787841796877,20.34490966796875,14.741897583007812,18.087387084960938,34.15000009536743
2023-03-19 09:28:50,19.48407554626465,76.08434295654297,191.6015625,89.46969604492188,82.5999984741211,61.08940887451172,100.00360870361328,0.0,47.18220561440049,194061.0,17.162628173828125,16.401031494140625,15.965850830078123,20.2633056640625,34.15000009536743
2023-03-19 09:28:51,19.51502990722656,76.02409362792969,190.0716171264648,89.46969604492188,82.4000015258789,61.08578872680664,100.00360870361328,0.0,48.6260970047782,194061.0,12.21240234375,21.242477416992188,14.2523193359375,15.8570556640625,34.15000009536743
2023-03-19 09:28:52,19.487993240356445,75.96385192871094,190.185546875,89.54545593261719,81.5999984741211,61.08940887451172,100.00360870361328,0.0,49.87706258812853,194061.0,19.365753173828125,18.84896850585937,17.10821533203125,18.032989501953125,34.15000009536743
2023-03-19 09:28:53,19.39057159423828,75.96385192871094,190.07161712646484,89.54545593261719,81.4000015258789,61.08940887451172,100.00360870361328,0.0,50.22618432136785,194061.0,17.679412841796875,16.863433837890625,16.67303466796875,15.476272583007812,34.15000009536743
2023-03-19 09:28:54,19.319061279296875,75.96385192871094,190.7063827514648,89.46969604492188,81.80000305175781,61.08940887451172,100.00360870361328,0.0,49.5610485872297,194061.0,14.225128173828123,19.25694274902344,16.917816162109375,18.903350830078125,34.15000009536743
2023-03-19 09:28:55,19.23758316040039,75.96385192871094,190.1611328125,89.46969604492188,82.0,61.08940887451172,100.00360870361328,0.0,49.77868466435866,194061.0,16.23785400390625,19.01214599609375,17.97857666015625,12.674774169921877,34.15000009536743
2023-03-19 09:28:56,19.22921371459961,75.96385192871094,189.90071868896484,89.46969604492188,81.9000015258789,61.08940887451172,100.00360870361328,0.0,49.76929660097171,194061.0,18.30499267578125,17.84259033203125,16.428237915039062,15.965850830078123,34.15000009536743
2023-03-19 09:28:57,19.3039665222168,76.02409362792969,190.4052810668945,89.46969604492188,82.20000457763672,61.08940887451172,100.00360870361328,0.0,47.902753013139815,194061.0,15.06829833984375,15.557861328125,16.890625,14.8507080078125,34.15000009536743
2023-03-19 09:28:58,19.37023162841797,76.02409362792969,190.8040313720703,89.46969604492188,82.5999984741211,61.08940887451172,100.00360870361328,0.0,47.23615706833091,194061.0,14.143524169921877,14.932281494140623,15.476272583007812,17.951385498046875,34.15000009536743
2023-03-19 09:28:59,19.41095542907715,76.02409362792969,191.40624237060547,89.46969604492188,81.9000015258789,61.08940887451172,100.00360870361328,0.0,48.45860426881149,194061.0,15.449081420898438,19.447341918945312,18.25057983398437,17.84259033203125,34.15000009536743
2023-03-19 09:29:00,19.401411056518555,76.02409362792969,188.9404373168945,89.54545593261719,82.5999984741211,61.08578872680664,100.00360870361328,0.0,47.69863340545012,194061.0,13.925933837890623,16.265045166015625,17.380218505859375,12.674774169921877,34.15000009536743
2023-03-19 09:29:01,19.323347091674805,75.96385192871094,189.7949295043945,89.54545593261719,82.0,61.08940887451172,100.00360870361328,0.0,48.46295888490365,194061.0,18.631378173828125,17.10821533203125,16.67303466796875,18.468170166015625,34.15000009536743
2023-03-19 09:29:02,19.26751518249512,75.96385192871094,190.5436248779297,89.54545593261719,82.30000305175781,61.08940887451172,100.00360870361328,0.0,48.15552855467188,194061.0,13.409149169921877,17.352996826171875,20.39930725097656,15.095489501953123,34.15000009536743
2023-03-19 09:29:03,19.237213134765625,75.96385192871094,190.24251556396484,89.54545593261719,82.70000457763672,61.08940887451172,100.00360870361328,0.0,45.81762708906744,194061.0,16.265045166015625,18.57696533203125,14.796295166015623,20.31771850585937,34.15000009536743
2023-03-19 09:29:04,19.224327087402344,76.02409362792969,189.7705078125,89.46969604492188,81.0999984741211,61.08940887451172,100.00360870361328,0.0,53.0127835029453,194061.0,14.8507080078125,16.292236328125,16.319442749023438,16.101852416992188,34.15000009536743
2023-03-19 09:29:05,19.28264617919922,76.02409362792969,189.94140625,89.46969604492188,81.69999694824219,61.08940887451172,100.00360870361328,0.0,49.211788428097485,194061.0,16.15625,17.652191162109375,18.604156494140625,13.953125,34.15000009536743
2023-03-19 09:29:06,19.332294464111328,75.96385192871094,191.43880462646484,89.46969604492188,81.19999694824219,61.08940887451172,100.00360870361328,0.0,52.89337144289141,194061.0,16.945037841796875,20.426513671875,17.84259033203125,15.612274169921877,34.15000009536743
2023-03-19 09:29:07,19.4016342163086,75.96385192871094,190.53548431396484,89.46969604492188,83.0,61.08940887451172,100.00360870361328,0.0,47.307754075778654,194061.0,16.591445922851562,18.25057983398437,15.77545166015625,19.800933837890625,34.15000009536743
2023-03-19 09:29:08,19.44346046447754,76.02409362792969,190.0309219360352,89.46969604492188,81.80000305175781,61.08940887451172,100.00360870361328,0.0,50.2613922952317,194061.0,16.67303466796875,17.162628173828125,16.401031494140625,16.727432250976562,34.15000009536743
2023-03-19 09:29:09,19.450910568237305,75.96385192871094,189.45311737060547,89.46969604492188,82.0,61.08940887451172,100.00360870361328,0.0,48.47900342806578,194061.0,11.75,16.645843505859375,14.823486328125,12.674774169921877,34.15000009536743
2023-03-19 09:29:10,19.44159507751465,75.96385192871094,190.9830780029297,89.54545593261719,82.0999984741211,61.08940887451172,100.00360870361328,0.0,48.444712373546736,194061.0,15.748275756835938,20.2633056640625,15.068283081054688,21.21527099609375,34.15000009536743
2023-03-19 09:29:11,19.444896697998047,76.02409362792969,189.8762969970703,89.54545593261719,81.5999984741211,61.08940887451172,100.00360870361328,0.0,45.85963918991055,194061.0,13.626739501953123,15.2586669921875,16.020263671875,16.101852416992188,34.15000009536743
2023-03-19 09:29:12,19.45029258728028,76.08434295654297,188.9322891235352,89.54545593261719,81.5,61.08940887451172,100.00360870361328,0.0,49.22730056371354,194061.0,13.3819580078125,19.066558837890625,16.945022583007812,15.557861328125,34.15000009536743
2023-03-19 09:29:13,19.502010345458984,76.08434295654297,189.1764297485352,89.46969604492188,82.0999984741211,61.08940887451172,100.00360870361328,0.0,49.93905240951542,194061.0,15.775482177734377,17.7882080078125,17.081024169921875,14.660308837890623,34.15000009536743
2023-03-19 09:29:14,19.585411071777344,76.02409362792969,189.453125,89.46969604492188,82.0,61.08940887451172,100.00360870361328,0.0,48.62634845792858,194061.0,15.993072509765623,19.31134033203125,17.10821533203125,15.993057250976562,34.15000009536743
2023-03-19 09:29:15,19.66571998596192,75.96385192871094,189.8111953735352,89.46969604492188,81.9000015258789,61.08940887451172,100.00360870361328,0.0,49.00061888360224,194061.0,19.52894592285156,17.869781494140625,17.97857666015625,15.693878173828123,34.15000009536743
2023-03-19 09:29:16,19.726890563964844,75.90361022949219,187.82552337646484,89.46969604492188,82.0,61.08940887451172,100.00360870361328,0.0,49.187797387342336,194061.0,16.210662841796875,19.365753173828125,15.557861328125,14.497100830078123,34.15000009536743
2023-03-19 09:29:17,19.707080841064453,75.96385192871094,191.2516326904297,89.54545593261719,82.5,61.08940887451172,100.00360870361328,0.0,48.792274258322486,194061.0,15.639480590820312,16.80902099609375,17.434600830078125,19.31134033203125,34.15000009536743
2023-03-19 09:29:18,19.643770217895508,76.02409362792969,189.1927108764648,89.54545593261719,81.5999984741211,61.08940887451172,100.00360870361328,0.0,49.91286963686644,194061.0,14.442718505859377,19.25694274902344,14.60589599609375,15.367477416992188,34.15000009536743
2023-03-19 09:29:19,19.584442138671875,76.02409362792969,189.501953125,89.54545593261719,82.0999984741211,61.08940887451172,100.00360870361328,0.0,45.84638564425323,194061.0,17.13543701171875,18.767364501953125,15.013885498046877,19.556137084960938,34.15000009536743
2023-03-19 09:29:20,19.526750564575195,76.02409362792969,187.8824844360352,89.46969604492188,81.69999694824219,61.08940887451172,100.00360870361328,0.0,48.018623235567645,194061.0,15.911468505859377,18.767364501953125,14.741897583007812,13.572341918945312,34.15000009536743
2023-03-19 09:29:21,19.51212882995605,76.02409362792969,189.5263671875,89.46969604492188,81.9000015258789,61.08940887451172,100.00360870361328,0.0,48.37758909479252,194061.0,14.660308837890623,15.5850830078125,13.898727416992188,19.85531616210937,34.15000009536743
2023-03-19 09:29:22,19.535606384277344,75.96385192871094,188.77767181396484,89.46969604492188,82.4000015258789,61.08940887451172,100.00360870361328,0.0,47.97295603207253,194061.0,15.557891845703123,20.154510498046875,15.1226806640625,16.890625,34.15000009536743
2023-03-19 09:29:23,19.566303253173828,76.02409362792969,189.14388275146484,89.46969604492188,82.0999984741211,61.08940887451172,100.00360870361328,0.0,48.92587814564837,194061.0,15.013900756835938,18.38656616210937,18.168975830078125,14.089111328125,34.15000009536743
2023-03-19 09:29:24,19.575796127319336,76.02409362792969,190.0472030639648,89.46969604492188,81.4000015258789,61.08940887451172,100.00360870361328,0.0,51.11698357895639,194061.0,17.761016845703125,17.4617919921875,18.087371826171875,18.41377258300781,34.15000009536743
2023-03-19 09:29:25,19.54059219360352,75.96385192871094,190.1041717529297,89.46969604492188,81.30000305175781,61.08940887451172,100.00360870361328,0.0,51.12998313892436,194061.0,14.823516845703123,15.476287841796877,20.48089599609375,19.284149169921875,34.15000009536743
2023-03-19 09:29:26,19.419153213500977,76.02409362792969,189.6565704345703,89.46969604492188,82.5999984741211,61.08940887451172,100.00360870361328,0.0,47.17154677495222,194061.0,17.842605590820312,20.916091918945312,15.313079833984377,16.183441162109375,34.15000009536743
2023-03-19 09:29:27,19.31859970092773,76.02409362792969,190.58431243896484,89.54545593261719,81.4000015258789,61.08940887451172,100.00360870361328,0.0,49.25824499358742,194061.0,14.551513671875,18.25057983398437,18.38656616210937,16.890625,34.15000009536743
2023-03-19 09:29:28,19.23192596435547,76.02409362792969,191.6178359985352,89.54545593261719,81.69999694824219,61.08940887451172,100.00360870361328,0.0,50.35553474398864,194061.0,15.313079833984377,17.352996826171875,18.38656616210937,18.631378173828125,34.15000009536743
2023-03-19 09:29:29,19.17276191711425,75.96385192871094,191.2190856933593,89.54545593261719,82.5,61.08940887451172,100.00360870361328,0.0,48.18800037683861,194061.0,13.68115234375,18.413787841796875,18.98495483398437,15.149887084960938,34.15000009536743
2023-03-19 09:29:30,19.167308807373047,75.96385192871094,188.96484375,89.46969604492188,82.0,61.08940887451172,100.00360870361328,0.0,48.98520010070463,194061.0,15.06829833984375,19.964111328125,16.999420166015625,21.568878173828125,34.15000009536743
2023-03-19 09:29:31,19.17743873596192,76.02409362792969,189.9332656860352,89.46969604492188,82.30000305175781,61.08940887451172,100.00360870361328,0.0,48.00284509395343,194061.0,17.543411254882812,22.004058837890625,15.829864501953123,13.273147583007812,34.15000009536743
2023-03-19 09:29:32,19.22313499450684,75.96385192871094,188.06966400146484,89.46969604492188,81.9000015258789,61.08940887451172,100.00360870361328,0.0,48.39242517134811,194061.0,13.73553466796875,15.911468505859377,16.37384033203125,17.516204833984375,34.15000009536743
2023-03-19 09:29:33,19.2414665222168,75.96385192871094,189.95767211914065,89.46969604492188,81.80000305175781,61.08940887451172,100.00360870361328,0.0,48.338337759353365,194061.0,17.761016845703125,20.48089599609375,18.7945556640625,15.965850830078123,34.15000009536743
2023-03-19 09:29:34,19.200828552246094,76.02409362792969,189.6403045654297,89.46969604492188,81.80000305175781,61.08940887451172,100.00360870361328,0.0,50.06487029992955,194061.0,15.285888671875,18.6585693359375,16.781829833984375,17.897003173828125,34.15000009536743
2023-03-19 09:29:35,19.14472198486328,76.02409362792969,190.6575469970703,89.46969604492188,82.0999984741211,61.08940887451172,100.00360870361328,0.0,49.26212800432943,194061.0,18.685775756835938,19.936920166015625,18.495361328125,14.60589599609375,34.15000009536743
2023-03-19 09:29:36,19.1292667388916,76.02409362792969,188.8509140014648,89.46969604492188,81.9000015258789,61.08940887451172,100.00360870361328,0.0,51.14232766275029,194061.0,17.026641845703125,17.3258056640625,14.361114501953123,16.509841918945312,34.15000009536743
2023-03-19 09:29:37,19.13329315185547,75.96385192871094,189.3961639404297,89.46969604492188,82.0999984741211,61.08940887451172,100.00360870361328,0.0,48.885261075372064,194061.0,16.945037841796875,18.359375,14.9866943359375,17.978591918945312,34.15000009536743
2023-03-19 09:29:38,19.196514129638672,76.02409362792969,189.3473281860352,89.46969604492188,82.0,61.08940887451172,100.00360870361328,0.0,48.46710329035654,194061.0,12.022003173828123,17.869781494140625,16.319442749023438,16.890625,34.15000009536743
2023-03-19 09:29:39,19.30655097961425,76.02409362792969,190.07161712646484,89.46969604492188,83.0999984741211,61.08940887451172,100.00360870361328,0.0,46.79771913062714,194061.0,18.332183837890625,15.013885498046877,16.537033081054688,20.018524169921875,34.15000009536743
2023-03-19 09:29:40,19.396255493164062,76.02409362792969,190.33202362060547,89.46969604492188,82.0999984741211,61.08940887451172,100.00360870361328,0.0,49.95984010186028,194061.0,15.993072509765623,18.821746826171875,19.90972900390625,17.489013671875,34.15000009536743
2023-03-19 09:29:41,19.4808406829834,75.96385192871094,188.5416641235352,89.46969604492188,82.20000457763672,61.08940887451172,100.00360870361328,0.0,49.45891794358702,194061.0,17.0538330078125,18.468170166015625,14.932281494140623,17.652191162109375,34.15000009536743
2023-03-19 09:29:42,19.496768951416016,75.96385192871094,189.2985000610352,89.46969604492188,81.5999984741211,61.08940887451172,100.00360870361328,0.0,48.02285352989389,194061.0,10.52606201171875,19.637725830078125,19.25694274902344,16.618637084960938,34.15000009536743
2023-03-19 09:29:43,19.493064880371094,75.96385192871094,189.3310623168945,89.46969604492188,82.30000305175781,61.08940887451172,100.00360870361328,0.0,48.44009273990751,194061.0,15.775482177734377,18.685760498046875,16.727432250976562,18.27777099609375,34.15000009536743
2023-03-19 09:29:44,19.494644165039062,75.96385192871094,189.63216400146484,89.54545593261719,82.80000305175781,61.08940887451172,100.00360870361328,0.0,47.71133309617009,194061.0,18.767364501953125,18.27777099609375,16.781829833984375,15.449066162109377,34.15000009536743
2023-03-19 09:29:45,19.49056434631348,75.96385192871094,189.9983673095703,89.46969604492188,81.80000305175781,61.08940887451172,100.00360870361328,0.0,50.19997027010073,194061.0,14.605911254882812,18.74017333984375,14.60589599609375,18.549774169921875,34.15000009536743
2023-03-19 09:29:46,19.52174568176269,76.02409362792969,189.55078125,89.46969604492188,82.30000305175781,61.08940887451172,100.00360870361328,0.0,46.35605900801143,194061.0,17.70660400390625,20.535308837890625,16.999420166015625,19.828125,34.15000009536743
2023-03-19 09:29:47,19.55929183959961,75.96385192871094,188.8346405029297,89.46969604492188,82.20000457763672,61.08940887451172,100.00360870361328,0.0,49.5953502110544,194061.0,16.15625,16.292236328125,18.19618225097656,17.516204833984375,34.15000009536743
2023-03-19 09:29:48,19.609254837036133,75.96385192871094,189.0218048095703,89.54545593261719,81.19999694824219,61.08940887451172,100.00360870361328,0.0,51.33597564492671,194061.0,16.781829833984375,17.897003173828125,15.829864501953123,18.5225830078125,34.15000009536743
2023-03-19 09:29:49,19.628990173339844,75.96385192871094,188.232421875,89.54545593261719,81.30000305175781,61.08940887451172,100.00360870361328,0.0,49.21612887615919,194061.0,12.375579833984377,16.754638671875,17.516204833984375,16.047454833984375,34.15000009536743
2023-03-19 09:29:50,19.59853172302246,75.96385192871094,189.0869140625,89.54545593261719,82.30000305175781,61.08940887451172,100.00360870361328,0.0,47.48146633545088,194061.0,13.028366088867188,17.57061767578125,17.54339599609375,14.633102416992188,34.15000009536743
2023-03-19 09:29:51,19.494752883911133,76.02409362792969,190.07161712646484,89.54545593261719,81.19999694824219,61.08940887451172,100.00360870361328,0.0,51.89226332604921,194061.0,17.951400756835938,18.6585693359375,19.692138671875,17.10821533203125,34.15000009536743
2023-03-19 09:29:52,19.40948486328125,76.02409362792969,189.65657806396484,89.46969604492188,81.69999694824219,61.08940887451172,100.00360870361328,0.0,50.0218355450386,194061.0,19.284149169921875,14.30670166015625,16.700225830078125,12.86517333984375,34.15000009536743
2023-03-19 09:29:53,19.341812133789062,76.02409362792969,190.21810150146484,89.46969604492188,82.70000457763672,61.08940887451172,100.00360870361328,0.0,47.95939601683517,194061.0,18.25057983398437,19.85531616210937,19.71932983398437,16.836227416992188,34.15000009536743
2023-03-19 09:29:54,19.30794715881348,76.02409362792969,188.427734375,89.46969604492188,81.5,61.08940887451172,100.00360870361328,0.0,50.47755297999342,194061.0,18.6585693359375,18.11459350585937,16.183441162109375,12.973968505859377,34.15000009536743
2023-03-19 09:29:55,19.33431625366211,76.02409362792969,188.26497650146484,89.46969604492188,81.80000305175781,61.08940887451172,100.00360870361328,0.0,48.91158546871532,194061.0,17.679412841796875,17.733795166015625,14.578704833984377,18.0601806640625,34.15000009536743
2023-03-19 09:29:56,19.370454788208008,76.02409362792969,189.41243743896484,89.54545593261719,81.9000015258789,61.08940887451172,100.00360870361328,0.0,49.215326432050894,194061.0,16.727447509765625,18.6585693359375,18.304977416992188,16.80902099609375,34.15000009536743
2023-03-19 09:29:57,19.399206161499023,76.02409362792969,189.453125,89.46969604492188,82.5999984741211,61.08940887451172,100.00360870361328,0.0,47.85422747203727,194061.0,16.97222900390625,16.047454833984375,17.760986328125,20.154510498046875,34.15000009536743
2023-03-19 09:29:58,19.366065979003903,76.02409362792969,189.72167205810547,89.54545593261719,82.0999984741211,61.08940887451172,100.00360870361328,0.0,48.68871459361972,194061.0,14.8507080078125,19.61053466796875,15.34027099609375,16.754638671875,34.15000009536743
2023-03-19 09:29:59,19.287904739379883,75.96385192871094,188.72884368896484,89.54545593261719,81.19999694824219,61.08940887451172,100.00360870361328,0.0,48.417144882375794,194061.0,13.626739501953123,17.3258056640625,17.625,16.67303466796875,34.15000009536743
2023-03-19 09:30:00,19.228853225708008,76.02409362792969,189.5426406860352,89.54545593261719,81.9000015258789,61.08940887451172,100.00360870361328,0.0,50.1415483892854,194061.0,18.14178466796875,18.495361328125,14.6875,16.183441162109375,34.15000009536743
2023-03-19 09:30:01,19.200408935546875,76.02409362792969,188.28939056396484,89.46969604492188,81.19999694824219,61.08940887451172,100.00360870361328,0.0,53.324007126974266,194061.0,13.68115234375,17.40740966796875,16.101852416992188,18.332183837890625,34.15000009536743
2023-03-19 09:30:02,19.199857711791992,76.02409362792969,189.0543594360352,89.46969604492188,82.4000015258789,61.08940887451172,100.00360870361328,0.0,50.40308823887335,194061.0,18.6585693359375,17.7882080078125,17.869781494140625,17.3258056640625,34.15000009536743
2023-03-19 09:30:03,19.247562408447266,75.96385192871094,189.80306243896484,89.46969604492188,83.0999984741211,61.08940887451172,100.00360870361328,0.0,47.25059729869374,194061.0,16.129058837890625,20.426513671875,18.0601806640625,16.37384033203125,34.15000009536743
2023-03-19 09:30:04,19.311410903930664,76.02409362792969,188.8427734375,89.46969604492188,82.4000015258789,61.08940887451172,100.00360870361328,0.0,47.119394856619046,194061.0,17.978607177734375,17.24420166015625,17.434600830078125,18.6585693359375,34.15000009536743
2023-03-19 09:30:05,19.40439414978028,76.02409362792969,189.6402969360352,89.54545593261719,81.69999694824219,61.08940887451172,100.00360870361328,0.0,48.623710091255774,194061.0,14.170730590820312,20.290512084960938,16.401031494140625,17.081024169921875,34.15000009536743
2023-03-19 09:30:06,19.462047576904297,76.02409362792969,189.7379531860352,89.54545593261719,82.0,61.08940887451172,100.00360870361328,0.0,46.9274888819938,194061.0,17.162628173828125,18.44097900390625,19.039352416992188,21.05209350585937,34.15000009536743
2023-03-19 09:30:07,19.47609519958496,75.96385192871094,189.2252655029297,89.54545593261719,82.4000015258789,61.08940887451172,100.00360870361328,0.0,48.44234162037465,194061.0,16.61865234375,22.493637084960938,16.183441162109375,14.46990966796875,34.15000009536743
2023-03-19 09:30:08,19.462724685668945,76.02409362792969,189.3798828125,89.46969604492188,81.5999984741211,61.08940887451172,100.00360870361328,0.0,50.73040373192156,194061.0,17.0538330078125,15.693878173828123,19.58334350585937,21.160888671875,34.15000009536743
2023-03-19 09:30:09,19.423921585083008,76.02409362792969,188.9322891235352,89.46969604492188,80.80000305175781,61.08940887451172,100.00360870361328,0.0,52.36284606552276,194061.0,16.10186767578125,20.888885498046875,18.84896850585937,16.53704833984375,34.15000009536743
2023-03-19 09:30:10,19.41223907470703,75.96385192871094,188.818359375,89.46969604492188,81.19999694824219,61.08940887451172,100.00360870361328,0.0,49.4605887593976,194061.0,14.714706420898438,17.97857666015625,15.068283081054688,19.637725830078125,34.15000009536743
2023-03-19 09:30:11,19.44759559631348,75.96385192871094,188.38704681396484,89.46969604492188,81.5,61.08940887451172,100.00360870361328,0.0,46.642065561863056,194061.0,17.597808837890625,18.168975830078125,20.1273193359375,15.993057250976562,34.15000009536743
2023-03-19 09:30:12,19.485027313232425,76.02409362792969,190.673828125,89.54545593261719,82.0999984741211,61.08940887451172,100.00360870361328,0.0,48.49262492895784,194061.0,14.823516845703123,17.352996826171875,15.1226806640625,18.685760498046875,34.15000009536743
2023-03-19 09:30:13,19.55430793762207,76.02409362792969,189.453125,89.54545593261719,82.4000015258789,61.08940887451172,100.00360870361328,0.0,47.51311776555978,194061.0,16.020263671875,18.413787841796875,17.081024169921875,16.482635498046875,34.15000009536743
2023-03-19 09:30:14,19.57751846313477,76.02409362792969,190.65755462646484,89.54545593261719,81.5999984741211,61.08940887451172,100.00360870361328,0.0,49.84954031747837,194061.0,15.231491088867188,21.35127258300781,15.34027099609375,18.087387084960938,34.15000009536743
2023-03-19 09:30:15,19.53930854797364,75.96385192871094,191.5039138793945,89.46969604492188,82.0,61.08940887451172,100.00360870361328,0.0,49.65167321100423,194061.0,18.25057983398437,17.489013671875,17.597808837890625,18.468170166015625,34.15000009536743
2023-03-19 09:30:16,19.46088218688965,75.96385192871094,193.2535858154297,89.46969604492188,82.0999984741211,61.08940887451172,100.00360870361328,0.0,51.266479122486906,194061.0,13.762741088867188,19.501739501953125,20.39930725097656,16.700225830078125,34.15000009536743
2023-03-19 09:30:17,19.39878845214844,76.02409362792969,193.1884765625,89.46969604492188,82.0,61.08940887451172,100.00360870361328,0.0,48.489156832392176,194061.0,16.40106201171875,18.25057983398437,15.04107666015625,17.978591918945312,34.15000009536743
2023-03-19 09:30:18,19.348268508911133,76.02409362792969,193.9697265625,89.46969604492188,82.30000305175781,61.08940887451172,100.00360870361328,0.0,51.55247329349723,194061.0,16.700241088867188,18.821746826171875,18.19618225097656,18.549774169921875,34.15000009536743
2023-03-19 09:30:19,19.3579330444336,76.02409362792969,192.6269607543945,89.46969604492188,80.4000015258789,61.08940887451172,100.00360870361328,0.0,50.5736008754246,194061.0,13.327545166015623,17.897003173828125,15.77545166015625,11.9132080078125,34.15000009536743
2023-03-19 09:30:20,19.401525497436523,75.96385192871094,193.7662734985352,89.46969604492188,82.4000015258789,61.08940887451172,100.00360870361328,0.0,48.39260402122024,194061.0,19.01216125488281,15.04107666015625,19.474533081054688,15.693878173828123,34.15000009536743
2023-03-19 09:30:21,19.45404052734375,75.96385192871094,195.8170623779297,89.54545593261719,81.30000305175781,61.08940887451172,100.00360870361328,0.0,52.52905097494784,194061.0,13.762741088867188,17.217010498046875,15.449066162109377,20.20892333984375,34.15000009536743
2023-03-19 09:30:22,19.496627807617188,75.96385192871094,196.5576171875,89.54545593261719,81.9000015258789,61.08940887451172,100.00360870361328,0.0,50.825163708167054,194061.0,18.196197509765625,19.25694274902344,16.618621826171875,16.80902099609375,34.15000009536743
2023-03-19 09:30:23,19.47574806213379,76.02409362792969,195.1904373168945,89.54545593261719,80.9000015258789,61.08940887451172,100.00360870361328,0.0,53.47450562883726,194061.0,14.46990966796875,17.815399169921875,16.346649169921875,17.244216918945312,34.15000009536743
2023-03-19 09:30:24,19.41677665710449,76.02409362792969,195.0358123779297,89.54545593261719,81.5,61.08940887451172,100.00360870361328,0.0,52.24183753548509,194061.0,14.9866943359375,14.714691162109377,18.93055725097656,18.0601806640625,34.15000009536743
2023-03-19 09:30:25,19.36659049987793,75.96385192871094,195.21484375,89.54545593261719,81.30000305175781,61.08940887451172,100.00360870361328,0.0,51.47650312876988,194061.0,12.157989501953123,20.236114501953125,16.319442749023438,17.380218505859375,34.15000009536743
2023-03-19 09:30:26,19.334203720092773,75.96385192871094,195.0520782470703,89.46969604492188,81.30000305175781,61.08940887451172,100.00360870361328,0.0,51.31735454893515,194061.0,14.497116088867188,18.14178466796875,15.93865966796875,15.748260498046877,34.15000009536743
2023-03-19 09:30:27,19.336095809936523,75.96385192871094,192.5699844360352,89.46969604492188,82.0999984741211,61.08940887451172,100.00360870361328,0.0,48.65223069216112,194061.0,14.714706420898438,15.77545166015625,14.197906494140623,15.1226806640625,34.15000009536743
2023-03-19 09:30:28,19.38212203979492,75.96385192871094,194.2626953125,89.46969604492188,81.80000305175781,61.08940887451172,100.00360870361328,0.0,50.130419923057055,194061.0,16.10186767578125,18.767364501953125,17.869781494140625,16.645843505859375,34.15000009536743
2023-03-19 09:30:29,19.44097900390625,76.02409362792969,194.90560150146484,89.46969604492188,83.0,61.08940887451172,100.00360870361328,0.0,47.896410185670646,194061.0,18.38658142089844,17.352996826171875,14.30670166015625,17.217010498046875,34.15000009536743
2023-03-19 09:30:30,19.48540687561035,76.02409362792969,194.83235931396484,89.54545593261719,82.5,61.08940887451172,100.00360870361328,0.0,50.33895427402111,194061.0,12.185195922851562,18.30499267578125,14.524307250976562,19.066558837890625,34.15000009536743
2023-03-19 09:30:31,19.480323791503903,76.02409362792969,194.4417343139648,89.54545593261719,82.4000015258789,61.08940887451172,100.00360870361328,0.0,47.566541862081806,194061.0,18.223388671875,15.612274169921877,14.850692749023438,17.54339599609375,34.15000009536743
2023-03-19 09:30:32,19.40860366821289,76.02409362792969,195.84960174560547,89.54545593261719,82.4000015258789,61.08940887451172,100.00360870361328,0.0,50.61959955965674,194061.0,13.572357177734377,20.72569274902344,19.25694274902344,14.741897583007812,34.15000009536743
2023-03-19 09:30:33,19.354829788208008,75.96385192871094,194.4580078125,89.54545593261719,82.0999984741211,61.08578872680664,100.00360870361328,0.0,50.37076700134664,194061.0,12.86517333984375,15.8570556640625,17.9241943359375,18.957763671875,34.15000009536743
2023-03-19 09:30:34,19.31852149963379,75.96385192871094,193.34310150146484,89.46969604492188,82.0999984741211,61.08578872680664,100.00360870361328,0.0,49.01246091586004,194061.0,15.013900756835938,19.556137084960938,11.477996826171877,17.733795166015625,34.15000009536743
2023-03-19 09:30:35,19.304399490356445,75.96385192871094,193.85579681396484,89.46969604492188,82.20000457763672,61.08940887451172,100.00360870361328,0.0,46.99937901791956,194061.0,13.3819580078125,17.298614501953125,19.99131774902344,14.33392333984375,34.15000009536743
2023-03-19 09:30:36,19.351919174194336,76.02409362792969,194.75911712646484,89.46969604492188,82.70000457763672,61.08940887451172,100.00360870361328,0.0,47.4095584073257,194061.0,15.313079833984377,17.40740966796875,18.005783081054688,18.19618225097656,34.15000009536743
2023-03-19 09:30:37,19.42488479614257,76.02409362792969,195.6298828125,89.46969604492188,82.70000457763672,61.08940887451172,100.00360870361328,0.0,49.245645769726046,194061.0,12.21240234375,22.276031494140625,17.733795166015625,17.760986328125,34.15000009536743
2023-03-19 09:30:38,19.48348617553711,76.02409362792969,194.8567733764648,89.54545593261719,82.5999984741211,61.08940887451172,100.00360870361328,0.0,49.04424276634324,194061.0,15.421875,18.332183837890625,18.957763671875,16.97222900390625,34.15000009536743
2023-03-19 09:30:39,19.520782470703125,75.96385192871094,194.0592422485352,89.54545593261719,81.4000015258789,61.08940887451172,100.00360870361328,0.0,50.56016114886572,194061.0,13.73553466796875,21.704864501953125,14.415496826171877,15.965850830078123,34.15000009536743
2023-03-19 09:30:40,19.483871459960938,75.96385192871094,193.6360626220703,89.54545593261719,82.9000015258789,61.08940887451172,100.00360870361328,0.0,46.85423351176095,194061.0,17.380218505859375,15.50347900390625,17.84259033203125,16.509841918945312,34.15000009536743
2023-03-19 09:30:41,19.435630798339844,76.02409362792969,192.9850234985352,89.46969604492188,81.0999984741211,61.08940887451172,100.00360870361328,0.0,50.864150350132114,194061.0,12.756378173828123,21.242477416992188,14.3883056640625,17.244216918945312,34.15000009536743
2023-03-19 09:30:42,19.38902282714844,76.08434295654297,193.6930313110352,89.46969604492188,82.20000457763672,61.08940887451172,100.00360870361328,0.0,49.552257493828094,194061.0,16.183456420898438,16.97222900390625,13.028350830078123,16.047454833984375,34.15000009536743
2023-03-19 09:30:43,19.35462760925293,76.02409362792969,194.3196563720703,89.46969604492188,82.80000305175781,61.08940887451172,100.00360870361328,0.0,47.69996045292,194061.0,15.476287841796877,19.284149169921875,19.44732666015625,16.210647583007812,34.15000009536743
2023-03-19 09:30:44,19.36954689025879,76.02409362792969,194.6940078735352,89.46969604492188,81.5,61.08940887451172,100.00360870361328,0.0,50.17121163586691,194061.0,17.489013671875,19.58334350585937,16.047454833984375,17.026611328125,34.15000009536743
2023-03-19 09:30:45,19.400671005249023,75.96385192871094,194.0266876220703,89.46969604492188,81.9000015258789,61.08940887451172,100.00360870361328,0.0,52.20216114788529,194061.0,13.46356201171875,17.679412841796875,14.225112915039062,17.217010498046875,34.15000009536743
2023-03-19 09:30:46,19.44708251953125,76.02409362792969,193.65234375,89.46969604492188,82.20000457763672,61.08940887451172,100.00360870361328,0.0,48.8434801849219,194061.0,13.626739501953123,19.202545166015625,14.46990966796875,17.652191162109375,34.15000009536743
2023-03-19 09:30:47,19.4719181060791,75.96385192871094,194.6044921875,89.54545593261719,82.80000305175781,61.08940887451172,100.00360870361328,0.0,46.27342386681886,194061.0,14.143524169921877,17.162628173828125,17.951385498046875,17.733795166015625,34.15000009536743
2023-03-19 09:30:48,19.428157806396484,76.02409362792969,194.0592422485352,89.54545593261719,82.9000015258789,61.08940887451172,100.00360870361328,0.0,49.217771145548525,194061.0,16.645843505859375,20.236114501953125,16.67303466796875,17.760986328125,34.15000009536743
2023-03-19 09:30:49,19.356990814208984,76.02409362792969,193.56282806396484,89.54545593261719,82.5999984741211,61.08940887451172,100.00360870361328,0.0,47.98395558103461,194061.0,14.2523193359375,18.468170166015625,18.44097900390625,18.74017333984375,34.15000009536743
2023-03-19 09:30:50,19.308292388916016,76.02409362792969,194.3847732543945,89.46969604492188,82.0,61.08940887451172,100.00360870361328,0.0,48.2953905649116,194061.0,13.545150756835938,18.44097900390625,15.802658081054688,18.332183837890625,34.15000009536743
2023-03-19 09:30:51,19.261606216430664,76.02409362792969,193.3512420654297,89.46969604492188,82.0999984741211,61.08940887451172,100.00360870361328,0.0,49.13572485928536,194061.0,17.9241943359375,18.98495483398437,17.461807250976562,14.497100830078123,34.15000009536743
2023-03-19 09:30:52,19.24995231628418,75.96385192871094,193.1070938110352,89.46969604492188,82.4000015258789,61.08940887451172,100.00360870361328,0.0,51.0937305146515,194061.0,14.361114501953123,13.463531494140623,21.32406616210937,19.066558837890625,34.15000009536743
2023-03-19 09:30:53,19.26844787597656,76.02409362792969,194.2057266235352,89.54545593261719,81.0,61.08940887451172,100.00360870361328,0.0,54.08589689628494,194061.0,17.70660400390625,22.493637084960938,13.5179443359375,13.844329833984377,34.15000009536743
2023-03-19 09:30:54,19.31334686279297,76.02409362792969,192.8385391235352,89.46969604492188,81.5999984741211,61.08940887451172,100.00360870361328,0.0,52.13214282469378,194061.0,13.789947509765623,14.60589599609375,20.072906494140625,16.53704833984375,34.15000009536743
2023-03-19 09:30:55,19.372861862182617,75.96385192871094,194.0104141235352,89.46969604492188,81.80000305175781,61.08940887451172,100.00360870361328,0.0,50.11579026753972,194061.0,18.495391845703125,18.332183837890625,16.97222900390625,15.884262084960938,34.15000009536743
2023-03-19 09:30:56,19.37068557739257,75.96385192871094,194.4498748779297,89.54545593261719,82.80000305175781,61.08940887451172,100.00360870361328,0.0,49.40721820733694,194061.0,16.23785400390625,17.7882080078125,18.332183837890625,17.353012084960938,34.15000009536743
2023-03-19 09:30:57,19.310312271118164,76.02409362792969,193.83138275146484,89.54545593261719,81.69999694824219,61.08940887451172,100.00360870361328,0.0,50.60014450574442,194061.0,12.973968505859377,18.71295166015625,14.60589599609375,16.37384033203125,34.15000009536743
2023-03-19 09:30:58,19.264373779296875,76.08434295654297,193.6197967529297,89.46969604492188,83.0,61.08940887451172,100.00360870361328,0.0,46.73183440131167,194061.0,17.108230590820312,19.88252258300781,15.802658081054688,16.265045166015625,34.15000009536743
2023-03-19 09:30:59,19.229286193847656,75.96385192871094,192.8466796875,89.46969604492188,81.80000305175781,61.08940887451172,100.00360870361328,0.0,50.15656918030758,194061.0,16.591445922851562,19.66493225097656,16.346649169921875,17.70660400390625,34.15000009536743
2023-03-19 09:31:00,19.23266792297364,75.96385192871094,194.0673828125,89.46969604492188,82.30000305175781,61.08940887451172,100.00360870361328,0.0,48.27165316418762,194061.0,14.19793701171875,19.61053466796875,19.474533081054688,15.06829833984375,34.15000009536743
2023-03-19 09:31:01,19.296707153320312,75.96385192871094,194.2138671875,89.46969604492188,81.5,61.08940887451172,100.00360870361328,0.0,52.00086171517496,194061.0,12.72918701171875,16.3194580078125,17.380218505859375,17.461807250976562,34.15000009536743
2023-03-19 09:31:02,19.378263473510746,76.02409362792969,193.7255859375,89.54545593261719,81.4000015258789,61.08940887451172,100.00360870361328,0.0,50.64999654028316,194061.0,17.108230590820312,18.0601806640625,16.4554443359375,14.524307250976562,34.15000009536743
2023-03-19 09:31:03,19.456771850585938,76.08434295654297,191.87010955810547,89.54545593261719,82.0,61.08940887451172,100.00360870361328,0.0,50.274040305257785,194061.0,14.361114501953123,17.434600830078125,17.679397583007812,17.3258056640625,34.12500047683716
2023-03-19 09:31:04,19.48871803283692,76.08434295654297,192.14681243896484,89.54545593261719,81.5999984741211,61.08940887451172,100.00360870361328,0.0,48.21000722178108,194061.0,15.313079833984377,18.413787841796875,12.26678466796875,16.15625,34.15000009536743
2023-03-19 09:31:05,19.46023178100586,76.02409362792969,194.14876556396484,89.54545593261719,81.9000015258789,61.08940887451172,100.00360870361328,0.0,48.25511660269382,194061.0,16.645843505859375,16.292236328125,17.597808837890625,18.57696533203125,34.15000009536743
2023-03-19 09:31:06,19.43195152282715,75.96385192871094,191.9352264404297,89.46969604492188,81.80000305175781,61.08940887451172,100.00360870361328,0.0,46.04327852767866,194061.0,12.810775756835938,18.604156494140625,14.932281494140623,15.993057250976562,34.15000009536743
2023-03-19 09:31:07,19.39935111999512,75.96385192871094,192.90364837646484,89.46969604492188,82.80000305175781,61.08940887451172,100.00360870361328,0.0,47.77049138582066,194061.0,16.83624267578125,19.25694274902344,17.9241943359375,13.490753173828123,34.15000009536743
2023-03-19 09:31:08,19.38899803161621,75.96385192871094,192.67577362060547,89.46969604492188,82.5,61.08940887451172,100.00360870361328,0.0,48.53098313015922,194061.0,16.15625,13.626739501953123,14.714691162109377,18.685760498046875,34.15000009536743
2023-03-19 09:31:09,19.41913795471192,76.02409362792969,192.92806243896484,89.46969604492188,81.4000015258789,61.08940887451172,100.00360870361328,0.0,51.28548461918269,194061.0,15.88427734375,16.482635498046875,19.066558837890625,18.27777099609375,34.15000009536743
2023-03-19 09:31:10,19.45198631286621,76.08434295654297,193.2779922485352,89.54545593261719,81.30000305175781,61.08940887451172,100.00360870361328,0.0,50.635244419172615,194061.0,16.15625,15.20428466796875,14.741897583007812,14.442718505859377,34.15000009536743
2023-03-19 09:31:11,19.49022102355957,76.02409362792969,192.7897109985352,89.54545593261719,81.5,61.08940887451172,100.00360870361328,0.0,50.415052264576495,194061.0,18.00579833984375,17.081024169921875,17.597808837890625,13.245941162109377,34.15000009536743
2023-03-19 09:31:12,19.489744186401367,75.96385192871094,192.5781326293945,89.54545593261719,81.80000305175781,61.08940887451172,100.00360870361328,0.0,48.67964705072959,194061.0,14.007537841796877,17.162628173828125,17.516204833984375,20.8616943359375,34.15000009536743
2023-03-19 09:31:13,19.42544746398925,75.96385192871094,192.73274993896484,89.46969604492188,81.80000305175781,61.08578872680664,100.00360870361328,0.0,52.26022754709621,194061.0,16.4554443359375,22.98321533203125,17.271408081054688,17.217010498046875,34.15000009536743
2023-03-19 09:31:14,19.36072540283203,76.02409362792969,191.8375701904297,89.46969604492188,81.4000015258789,61.08940887451172,100.00360870361328,0.0,49.47762328438645,194061.0,16.210662841796875,17.951385498046875,18.93055725097656,18.98495483398437,34.15000009536743
2023-03-19 09:31:15,19.316219329833984,76.08434295654297,192.70833587646484,89.46969604492188,82.9000015258789,61.08940887451172,100.00360870361328,0.0,48.802104063270015,194061.0,13.789947509765623,18.957763671875,16.645843505859375,17.081024169921875,34.15000009536743
2023-03-19 09:31:16,19.280799865722656,76.08434295654297,193.46517181396484,89.46969604492188,83.30000305175781,61.08940887451172,100.00360870361328,0.0,47.24343149440106,194061.0,17.951400756835938,18.767364501953125,17.70660400390625,19.501739501953125,34.15000009536743
2023-03-19 09:31:17,19.309255599975582,75.96385192871094,192.626953125,89.46969604492188,82.0,61.08940887451172,100.00360870361328,0.0,51.53469389529093,194061.0,15.06829833984375,18.7945556640625,15.285888671875,16.15625,34.15000009536743
2023-03-19 09:31:18,19.356613159179688,75.90361022949219,193.22103118896484,89.46969604492188,81.9000015258789,61.08940887451172,100.00360870361328,0.0,49.597773845044166,194061.0,16.809036254882812,19.964111328125,14.17071533203125,15.557861328125,34.15000009536743
2023-03-19 09:31:19,19.42353057861328,75.96385192871094,193.4733123779297,89.54545593261719,81.4000015258789,61.08940887451172,100.00360870361328,0.0,51.330398985655656,194061.0,11.042831420898438,18.11459350585937,19.229736328125,15.449066162109377,34.15000009536743
2023-03-19 09:31:20,19.46238899230957,76.02409362792969,192.3502655029297,89.54545593261719,82.30000305175781,61.08940887451172,100.00360870361328,0.0,50.08543275182021,194061.0,18.84896850585937,19.420135498046875,12.26678466796875,13.43634033203125,34.15000009536743
2023-03-19 09:31:21,19.442045211791992,76.02409362792969,193.310546875,89.46969604492188,81.69999694824219,61.08578872680664,100.00360870361328,0.0,49.85017370841493,194061.0,14.551513671875,18.468170166015625,18.7945556640625,17.489013671875,34.12500047683716
2023-03-19 09:31:22,19.39972686767578,75.96385192871094,191.4225311279297,89.46969604492188,81.80000305175781,61.08940887451172,100.00360870361328,0.0,46.31400129622878,194061.0,13.191558837890623,18.087371826171875,16.67303466796875,16.101852416992188,34.15000009536743
2023-03-19 09:31:23,19.36540603637696,75.96385192871094,193.06640625,89.46969604492188,82.5,61.08940887451172,100.00360870361328,0.0,49.816719212453386,194061.0,16.890625,16.23785400390625,18.767364501953125,17.162628173828125,34.12500047683716
2023-03-19 09:31:24,19.34734535217285,75.96385192871094,193.6604919433593,89.46969604492188,81.69999694824219,61.08940887451172,100.00360870361328,0.0,52.29812824484765,194061.0,15.421875,16.183441162109375,16.183441162109375,17.9241943359375,34.15000009536743
2023-03-19 09:31:25,19.378002166748047,76.02409362792969,193.2047500610352,89.46969604492188,82.70000457763672,61.08940887451172,100.00360870361328,0.0,50.56940029650616,194061.0,15.88427734375,21.21527099609375,16.80902099609375,18.7945556640625,34.15000009536743
2023-03-19 09:31:26,19.417150497436523,76.02409362792969,191.6178436279297,89.46969604492188,82.4000015258789,61.08940887451172,100.00360870361328,0.0,48.46392524139311,194061.0,10.934036254882812,17.625,15.884246826171877,17.815399169921875,34.15000009536743
2023-03-19 09:31:27,19.47260856628418,75.96385192871094,191.9352188110352,89.46969604492188,81.4000015258789,61.08940887451172,100.00360870361328,0.0,47.39564708688342,194061.0,18.903366088867188,17.951385498046875,17.40740966796875,11.53240966796875,34.12500047683716
2023-03-19 09:31:28,19.51911354064941,76.02409362792969,193.05013275146484,89.54545593261719,81.80000305175781,61.08940887451172,100.00360870361328,0.0,49.972289812507526,194062.0,13.5179443359375,17.951385498046875,20.154510498046875,16.5914306640625,34.15000009536743
2023-03-19 09:31:29,19.502519607543945,75.96385192871094,190.75521087646484,89.54545593261719,82.0,61.08940887451172,100.00360870361328,0.0,49.68039001120496,194062.0,18.84896850585937,16.83624267578125,16.428237915039062,17.081024169921875,34.12500047683716
2023-03-19 09:31:30,19.460968017578125,76.02409362792969,192.9036483764648,89.54545593261719,81.4000015258789,61.08940887451172,100.00360870361328,0.0,51.38563720309175,194062.0,15.476287841796877,17.897003173828125,13.762725830078123,16.15625,34.12500047683716
2023-03-19 09:31:31,19.417179107666016,76.02409362792969,191.11328125,89.46969604492188,81.69999694824219,61.08940887451172,100.00360870361328,0.0,48.951321065197774,194062.0,15.095489501953123,13.7899169921875,15.231475830078123,16.292236328125,34.15000009536743
2023-03-19 09:31:32,19.376155853271484,76.02409362792969,191.6341094970703,89.46969604492188,81.5,61.08940887451172,100.00360870361328,0.0,52.48442849793763,194062.0,12.13079833984375,18.87615966796875,15.612274169921877,16.101852416992188,34.12500047683716
2023-03-19 09:31:33,19.37114715576172,76.02409362792969,191.9108123779297,89.46969604492188,81.69999694824219,61.08940887451172,100.00360870361328,0.0,50.13089259023676,194062.0,10.4444580078125,16.428253173828125,14.116317749023438,20.39930725097656,34.15000009536743
2023-03-19 09:31:34,19.399497985839844,76.02409362792969,193.85579681396484,89.46969604492188,82.20000457763672,61.08940887451172,100.00360870361328,0.0,50.90380313529036,194062.0,15.476287841796877,23.010406494140625,18.740158081054688,16.292236328125,34.12500047683716
2023-03-19 09:31:35,19.452024459838867,75.96385192871094,191.53646087646484,89.54545593261719,82.5,61.08940887451172,100.00360870361328,0.0,51.55301480232855,194062.0,14.578704833984377,16.618621826171875,17.10821533203125,18.032989501953125,34.15000009536743
2023-03-19 09:31:36,19.5028133392334,76.02409362792969,191.0563125610352,89.54545593261719,82.0999984741211,61.08940887451172,100.00360870361328,0.0,48.90308164494575,194062.0,14.46990966796875,20.290512084960938,16.346649169921875,14.33392333984375,34.12500047683716
2023-03-19 09:31:37,19.500215530395508,75.96385192871094,191.4550857543945,89.46969604492188,81.30000305175781,61.08940887451172,100.00360870361328,0.0,51.29865541232558,194062.0,10.118072509765623,12.348388671875,19.365737915039062,16.754638671875,34.12500047683716
2023-03-19 09:31:38,19.451942443847656,76.02409362792969,191.015625,89.46969604492188,80.80000305175781,61.08940887451172,100.00360870361328,0.0,51.29930538259848,194062.0,15.829864501953123,16.10186767578125,12.810760498046877,14.578704833984377,34.15000009536743
2023-03-19 09:31:39,19.399131774902344,76.02409362792969,191.9596328735352,89.46969604492188,82.0,61.08940887451172,100.00360870361328,0.0,49.07647109372265,194062.0,14.660308837890623,15.911468505859377,15.313079833984377,14.8507080078125,34.12500047683716
2023-03-19 09:31:40,19.3617000579834,75.96385192871094,191.0563201904297,89.54545593261719,81.19999694824219,61.08940887451172,100.00360870361328,0.0,50.98890850032415,194062.0,16.373855590820312,13.73553466796875,14.932281494140623,15.530670166015623,34.15000009536743
2023-03-19 09:31:41,19.341896057128903,75.96385192871094,190.4703826904297,89.54545593261719,81.5,61.08940887451172,100.00360870361328,0.0,52.238443527306345,194062.0,14.877899169921877,15.8570556640625,20.1273193359375,16.917816162109375,34.12500047683716
2023-03-19 09:31:42,19.364341735839844,76.02409362792969,191.60970306396484,89.54545593261719,81.5999984741211,61.08940887451172,100.00360870361328,0.0,49.18936375423886,194062.0,14.76910400390625,18.5225830078125,12.647567749023438,14.932296752929688,34.15000009536743
2023-03-19 09:31:43,19.40941429138184,76.02409362792969,192.6920547485352,89.46969604492188,82.70000457763672,61.08940887451172,100.00360870361328,0.0,48.05388761515559,194062.0,16.129058837890625,14.741912841796877,16.836227416992188,15.748260498046877,34.12500047683716
2023-03-19 09:31:44,19.450973510742188,75.96385192871094,193.14778900146484,89.46969604492188,82.0999984741211,61.08940887451172,100.00360870361328,0.0,49.66474333177223,194062.0,16.183456420898438,16.292236328125,15.911468505859377,15.449066162109377,34.12500047683716
2023-03-19 09:31:45,19.454492568969727,75.96385192871094,192.0247344970703,89.46969604492188,82.5,61.08940887451172,100.00360870361328,0.0,48.07382499406604,194062.0,17.0538330078125,15.530670166015623,18.604156494140625,16.020263671875,34.12500047683716
2023-03-19 09:31:46,19.4068660736084,76.02409362792969,191.5283203125,89.46969604492188,81.80000305175781,61.08940887451172,100.00360870361328,0.0,49.07074261112297,194062.0,14.578704833984377,18.7945556640625,16.645843505859375,15.993057250976562,34.12500047683716
2023-03-19 09:31:47,19.34540748596192,76.08434295654297,191.015625,89.46969604492188,82.0,61.08940887451172,100.00360870361328,0.0,46.10385292083412,194062.0,13.925933837890623,15.285888671875,16.101852416992188,15.476272583007812,34.12500047683716
2023-03-19 09:31:48,19.30711936950684,75.96385192871094,191.7154998779297,89.54545593261719,82.0999984741211,61.08940887451172,100.00360870361328,0.0,47.102364625466194,194062.0,14.388320922851562,20.5625,17.652191162109375,14.578704833984377,34.12500047683716
2023-03-19 09:31:49,19.28117752075196,75.96385192871094,191.2353515625,89.54545593261719,82.30000305175781,61.08940887451172,100.00360870361328,0.0,47.488483305288696,194062.0,11.614013671875,18.359375,15.34027099609375,16.401046752929688,34.12500047683716
2023-03-19 09:31:50,19.293930053710938,75.96385192871094,191.0400390625,89.54545593261719,82.20000457763672,61.08940887451172,100.00360870361328,0.0,49.26285700389182,194062.0,16.945037841796875,18.7945556640625,17.10821533203125,16.15625,34.12500047683716
2023-03-19 09:31:51,19.332744598388672,76.08434295654297,192.2281951904297,89.46969604492188,82.20000457763672,61.08940887451172,100.00360870361328,0.0,47.86641713840452,194062.0,11.47802734375,18.0601806640625,17.97857666015625,17.217010498046875,34.12500047683716
2023-03-19 09:31:52,19.380050659179688,76.02409362792969,192.61067962646484,89.46969604492188,82.80000305175781,61.08940887451172,100.00360870361328,0.0,47.06832453343894,194062.0,17.57061767578125,15.095489501953123,19.90972900390625,14.9866943359375,34.12500047683716
2023-03-19 09:31:53,19.41642951965332,76.02409362792969,191.7154922485352,89.46969604492188,81.80000305175781,61.08940887451172,100.00360870361328,0.0,50.46680391885853,194062.0,14.306732177734377,18.57696533203125,17.489013671875,13.898727416992188,34.12500047683716
2023-03-19 09:31:54,19.39236068725586,76.02409362792969,191.2760467529297,89.46969604492188,82.0999984741211,61.08578872680664,100.00360870361328,0.0,46.88672918415349,194062.0,19.501739501953125,16.945037841796875,16.428237915039062,16.5914306640625,34.12500047683716
2023-03-19 09:31:55,19.365047454833984,75.96385192871094,192.4397735595703,89.46969604492188,82.0999984741211,61.08940887451172,100.00360870361328,0.0,47.091768606723896,194062.0,13.30035400390625,16.83624267578125,19.284149169921875,12.56597900390625,34.12500047683716
2023-03-19 09:31:56,19.333425521850582,75.96385192871094,190.7552032470703,89.46969604492188,81.5,61.08940887451172,100.00360870361328,0.0,47.39787809791815,194062.0,18.223388671875,12.0491943359375,19.90972900390625,14.197921752929688,34.12500047683716
2023-03-19 09:31:57,19.31509017944336,75.96385192871094,191.0888671875,89.46969604492188,81.19999694824219,61.08940887451172,100.00360870361328,0.0,53.20247415981759,194062.0,12.6475830078125,16.863433837890625,19.800933837890625,16.727432250976562,34.12500047683716
2023-03-19 09:31:58,19.34234619140625,76.08434295654297,189.5751953125,89.54545593261719,82.20000457763672,61.08940887451172,100.00360870361328,0.0,48.733201195942,194062.0,15.177093505859377,17.9241943359375,16.781829833984375,17.380218505859375,34.12500047683716
2023-03-19 09:31:59,19.39162826538086,76.02409362792969,192.333984375,89.54545593261719,83.0999984741211,61.08940887451172,100.00360870361328,0.0,48.20638985843921,194062.0,17.35302734375,16.292236328125,17.217010498046875,17.679397583007812,34.12500047683716
2023-03-19 09:32:00,19.451749801635746,76.02409362792969,191.9677734375,89.54545593261719,82.20000457763672,61.08940887451172,100.00360870361328,0.0,49.58319689744946,194062.0,13.5179443359375,19.74652099609375,16.863433837890625,13.191558837890623,34.12500047683716
2023-03-19 09:32:01,19.49388694763184,75.96385192871094,191.552734375,89.46969604492188,83.4000015258789,61.08940887451172,100.00360870361328,0.0,46.72937487543308,194062.0,17.325820922851562,15.50347900390625,18.93055725097656,16.129058837890625,34.15000009536743
2023-03-19 09:32:02,19.48252487182617,75.96385192871094,192.3990859985352,89.46969604492188,81.0999984741211,61.08940887451172,100.00360870361328,0.0,50.14230814490917,194062.0,14.9866943359375,20.154510498046875,15.585067749023438,16.047454833984375,34.12500047683716
2023-03-19 09:32:03,19.429744720458984,75.96385192871094,190.9993438720703,89.46969604492188,82.5,61.08940887451172,100.00360870361328,0.0,48.64351097333781,194062.0,16.40106201171875,14.796295166015623,15.666656494140623,17.298614501953125,34.12500047683716
2023-03-19 09:32:04,19.40276336669922,75.96385192871094,190.9098281860352,89.46969604492188,81.9000015258789,61.08940887451172,100.00360870361328,0.0,50.07087976017229,194062.0,11.09722900390625,20.1273193359375,17.97857666015625,16.564239501953125,34.12500047683716
2023-03-19 09:32:05,19.362876892089844,76.08434295654297,191.0563125610352,89.54545593261719,81.19999694824219,61.08940887451172,100.00360870361328,0.0,50.71026487717752,194062.0,10.906829833984377,15.829864501953123,12.9195556640625,17.10821533203125,34.12500047683716
2023-03-19 09:32:06,19.37370681762696,76.02409362792969,192.431640625,89.54545593261719,81.0999984741211,61.08940887451172,100.00360870361328,0.0,51.53274843311309,194062.0,14.551513671875,20.31771850585937,13.762725830078123,15.884262084960938,34.12500047683716
2023-03-19 09:32:07,19.421104431152344,75.96385192871094,192.0654373168945,89.54545593261719,82.0,61.08940887451172,100.00360870361328,0.0,48.71092681658242,194062.0,17.625,18.00579833984375,15.258682250976562,15.93865966796875,34.12500047683716
2023-03-19 09:32:08,19.47780036926269,75.90361022949219,191.9108047485352,89.54545593261719,82.9000015258789,61.08940887451172,100.00360870361328,0.0,47.52682629426213,194062.0,16.53704833984375,19.12094116210937,16.945022583007812,16.97222900390625,34.12500047683716
2023-03-19 09:32:09,19.520263671875,75.96385192871094,192.3746795654297,89.46969604492188,82.5,61.08940887451172,100.00360870361328,0.0,50.146375304858985,194062.0,13.055572509765623,19.637725830078125,16.5914306640625,18.98495483398437,34.12500047683716
2023-03-19 09:32:10,19.521514892578125,76.02409362792969,189.94140625,89.46969604492188,81.9000015258789,61.08940887451172,100.00360870361328,0.0,49.11661632907652,194062.0,14.9866943359375,14.415496826171877,19.039352416992188,16.945022583007812,34.12500047683716
2023-03-19 09:32:11,19.47597885131836,76.02409362792969,190.5680389404297,89.46969604492188,81.80000305175781,61.08940887451172,100.00360870361328,0.0,47.96829171458058,194062.0,14.007537841796877,17.380218505859375,15.693862915039062,16.890625,34.12500047683716
2023-03-19 09:32:12,19.428911209106445,76.02409362792969,191.02376556396484,89.46969604492188,81.80000305175781,61.08940887451172,100.00360870361328,0.0,49.40714004876136,194062.0,16.346649169921875,18.98495483398437,19.25694274902344,15.041091918945312,34.12500047683716
2023-03-19 09:32:13,19.402149200439453,75.96385192871094,191.1376953125,89.46969604492188,82.4000015258789,61.08940887451172,100.00360870361328,0.0,48.90014671194774,194062.0,15.5850830078125,20.34490966796875,15.63946533203125,17.461807250976562,34.12500047683716
2023-03-19 09:32:14,19.39249992370605,75.96385192871094,189.6158828735352,89.46969604492188,82.0,61.08940887451172,100.00360870361328,0.0,48.24885536951715,194062.0,16.863433837890625,16.645843505859375,15.93865966796875,14.2523193359375,34.12500047683716
2023-03-19 09:32:15,19.4253044128418,76.02409362792969,191.1539688110352,89.46969604492188,82.4000015258789,61.08940887451172,100.00360870361328,0.0,46.34049630937505,194062.0,16.210662841796875,14.3883056640625,19.229736328125,15.63946533203125,34.12500047683716
2023-03-19 09:32:16,19.46537399291992,76.08434295654297,188.97298431396484,89.46969604492188,81.9000015258789,61.08940887451172,100.00360870361328,0.0,47.57443749239379,194062.0,16.564239501953125,16.7274169921875,16.700225830078125,15.476272583007812,34.12500047683716
2023-03-19 09:32:17,19.509796142578125,76.02409362792969,190.5843200683593,89.46969604492188,82.0999984741211,61.08940887451172,100.00360870361328,0.0,46.125065110582405,194062.0,15.013900756835938,12.538787841796877,18.7945556640625,14.60589599609375,34.12500047683716
2023-03-19 09:32:18,19.51192092895508,75.96385192871094,190.3238983154297,89.46969604492188,81.9000015258789,61.08940887451172,100.00360870361328,0.0,48.36611867643232,194062.0,16.53704833984375,19.71932983398437,14.46990966796875,16.836227416992188,34.12500047683716
2023-03-19 09:32:19,19.45993423461914,75.90361022949219,192.46419525146484,89.54545593261719,82.5999984741211,61.08940887451172,100.00360870361328,0.0,46.327693599970985,194062.0,16.863433837890625,18.71295166015625,17.352996826171875,14.061920166015623,34.12500047683716
2023-03-19 09:32:20,19.4030704498291,75.96385192871094,191.3981170654297,89.54545593261719,82.0,61.08578872680664,100.00360870361328,0.0,50.34801441530781,194062.0,17.380218505859375,21.269683837890625,15.829864501953123,15.367477416992188,34.12500047683716
2023-03-19 09:32:21,19.366310119628903,76.02409362792969,190.5761795043945,89.54545593261719,81.4000015258789,61.08940887451172,100.00360870361328,0.0,50.42177829096578,194062.0,13.16436767578125,17.026611328125,18.7945556640625,18.032989501953125,34.12500047683716
2023-03-19 09:32:22,19.334848403930664,76.02409362792969,189.0299453735352,89.46969604492188,80.9000015258789,61.08940887451172,100.00360870361328,0.0,50.966692607863706,194062.0,14.279525756835938,18.332183837890625,15.93865966796875,13.708343505859377,34.12500047683716
2023-03-19 09:32:23,19.35761070251465,76.02409362792969,189.58333587646484,89.46969604492188,82.80000305175781,61.08578872680664,100.00360870361328,0.0,48.147756376685976,194062.0,14.225128173828123,16.863433837890625,15.557861328125,15.911468505859377,34.12500047683716
2023-03-19 09:32:24,19.396488189697266,75.96385192871094,191.6666717529297,89.54545593261719,82.20000457763672,61.08940887451172,100.00360870361328,0.0,49.02836357421608,194062.0,16.10186767578125,18.468170166015625,17.24420166015625,16.863433837890625,34.12500047683716
2023-03-19 09:32:25,19.435115814208984,75.96385192871094,190.380859375,89.46969604492188,82.0,61.08940887451172,100.00360870361328,0.0,48.98241618560418,194062.0,13.871536254882812,19.556137084960938,15.585067749023438,14.551513671875,34.12500047683716
2023-03-19 09:32:26,19.448257446289062,75.96385192871094,190.43782806396484,89.46969604492188,81.80000305175781,61.08940887451172,100.00360870361328,0.0,49.64814022239814,194062.0,16.10186767578125,14.497100830078123,15.231475830078123,18.495361328125,34.12500047683716
2023-03-19 09:32:27,19.39748954772949,76.02409362792969,190.73079681396484,89.46969604492188,82.5,61.08940887451172,100.00360870361328,0.0,49.70537689219461,194062.0,17.1898193359375,18.685760498046875,15.068283081054688,14.089111328125,34.12500047683716
2023-03-19 09:32:28,19.344181060791016,76.02409362792969,190.82845306396484,89.46969604492188,82.5999984741211,61.08940887451172,100.00360870361328,0.0,48.05250385479202,194062.0,14.823516845703123,12.83795166015625,20.372100830078125,18.93055725097656,34.12500047683716
2023-03-19 09:32:29,19.30694007873535,76.02409362792969,190.4296875,89.54545593261719,81.80000305175781,61.08940887451172,100.00360870361328,0.0,49.80690532094325,194062.0,12.810775756835938,22.276031494140625,16.836227416992188,17.869796752929688,34.12500047683716
2023-03-19 09:32:30,19.27594375610352,75.96385192871094,190.1367263793945,89.46969604492188,82.0,61.08940887451172,100.00360870361328,0.0,48.26043043510354,194062.0,16.53704833984375,15.80267333984375,15.258682250976562,19.637725830078125,34.12500047683716
2023-03-19 09:32:31,19.29009246826172,75.96385192871094,190.3564453125,89.54545593261719,81.5999984741211,61.08940887451172,100.00360870361328,0.0,50.97158558545731,194062.0,14.9866943359375,19.229736328125,17.788192749023438,15.5850830078125,34.12500047683716
2023-03-19 09:32:32,19.322572708129883,76.08434295654297,189.48567962646484,89.46969604492188,81.5,61.08940887451172,100.00360870361328,0.0,47.29037155080656,194062.0,16.4554443359375,17.434600830078125,14.741897583007812,16.509841918945312,34.12500047683716
2023-03-19 09:32:33,19.382837295532227,76.02409362792969,190.8854141235352,89.46969604492188,82.0999984741211,61.08940887451172,100.00360870361328,0.0,50.6444386145544,194062.0,11.886016845703123,18.468170166015625,16.07464599609375,17.461807250976562,34.12500047683716
2023-03-19 09:32:34,19.42498588562012,76.02409362792969,189.65657806396484,89.46969604492188,82.4000015258789,61.08940887451172,100.00360870361328,0.0,46.10124420099315,194062.0,15.122695922851562,18.413787841796875,16.020263671875,16.047454833984375,34.12500047683716
2023-03-19 09:32:35,19.41455268859864,75.96385192871094,191.3411407470703,89.46969604492188,82.20000457763672,61.08940887451172,100.00360870361328,0.0,48.37893214899136,194062.0,18.495391845703125,18.00579833984375,17.162612915039062,17.7882080078125,34.12500047683716
2023-03-19 09:32:36,19.38385772705078,75.96385192871094,191.7643203735352,89.46969604492188,83.20000457763672,61.08940887451172,100.00360870361328,0.0,47.583746444358816,194062.0,14.279525756835938,16.3194580078125,16.97222900390625,16.3194580078125,34.12500047683716
2023-03-19 09:32:37,19.367694854736328,76.02409362792969,188.80208587646484,89.46969604492188,80.5999984741211,61.08940887451172,100.00360870361328,0.0,52.412644360735655,194062.0,15.80267333984375,17.951385498046875,16.210647583007812,16.97222900390625,34.12500047683716
2023-03-19 09:32:38,19.346960067749023,76.02409362792969,189.7867813110352,89.46969604492188,81.19999694824219,61.08940887451172,100.00360870361328,0.0,49.99327955703913,194062.0,13.925933837890623,20.018524169921875,11.505218505859377,16.618637084960938,34.12500047683716
2023-03-19 09:32:39,19.33832550048828,75.96385192871094,191.0074844360352,89.46969604492188,82.30000305175781,61.08940887451172,100.00360870361328,0.0,47.31214303157793,194062.0,17.679412841796875,18.84896850585937,18.468170166015625,18.0601806640625,34.12500047683716
2023-03-19 09:32:40,19.352094650268555,75.96385192871094,189.7867889404297,89.46969604492188,81.30000305175781,61.08940887451172,100.00360870361328,0.0,50.73497317335942,194062.0,13.21875,16.210662841796875,15.93865966796875,19.31134033203125,34.12500047683716
2023-03-19 09:32:41,19.403188705444336,75.96385192871094,190.8365936279297,89.46969604492188,82.20000457763672,61.08940887451172,100.00360870361328,0.0,49.38457468052983,194062.0,12.375579833984377,19.828125,14.633102416992188,18.25057983398437,34.12500047683716
2023-03-19 09:32:42,19.477752685546875,76.02409362792969,190.60872650146484,89.54545593261719,82.20000457763672,61.08940887451172,100.00360870361328,0.0,49.54422709781636,194062.0,15.177093505859377,18.84896850585937,17.298614501953125,18.332183837890625,34.12500047683716
2023-03-19 09:32:43,19.497926712036133,76.02409362792969,189.3310623168945,89.54545593261719,81.9000015258789,61.08940887451172,100.00360870361328,0.0,48.17918579639148,194062.0,18.11459350585937,18.957763671875,15.530670166015623,11.586807250976562,34.12500047683716
2023-03-19 09:32:44,19.47240257263184,75.96385192871094,190.36458587646484,89.54545593261719,81.5,61.08940887451172,100.00360870361328,0.0,47.26377600400895,194062.0,14.007537841796877,14.714691162109377,19.3929443359375,17.84259033203125,34.12500047683716
2023-03-19 09:32:45,19.44550514221192,76.02409362792969,189.7461013793945,89.46969604492188,81.30000305175781,61.08940887451172,100.00360870361328,0.0,48.4491434809753,194062.0,16.074661254882812,19.773727416992188,13.953125,14.877899169921877,34.12500047683716
2023-03-19 09:32:46,19.41531753540039,76.02409362792969,190.7877578735352,89.46969604492188,82.4000015258789,61.08940887451172,100.00360870361328,0.0,47.10142282049564,194062.0,16.97222900390625,19.066558837890625,15.530670166015623,18.00579833984375,34.12500047683716
2023-03-19 09:32:47,19.41460418701172,76.02409362792969,189.0543594360352,89.46969604492188,81.9000015258789,61.08578872680664,100.00360870361328,0.0,49.22490638426132,194062.0,17.652206420898438,15.748260498046877,13.57232666015625,15.693878173828123,34.12500047683716
2023-03-19 09:32:48,19.45236587524414,75.96385192871094,190.0309295654297,89.46969604492188,81.5999984741211,61.08940887451172,100.00360870361328,0.0,49.1562651184344,194062.0,15.340286254882812,17.4617919921875,17.461807250976562,17.597808837890625,34.12500047683716
2023-03-19 09:32:49,19.48468399047852,75.96385192871094,189.99022674560547,89.46969604492188,80.4000015258789,61.08940887451172,100.00360870361328,0.0,50.749103477764265,194062.0,11.206024169921877,17.0538330078125,16.428237915039062,19.447341918945312,34.12500047683716
2023-03-19 09:32:50,19.49694061279297,76.02409362792969,191.0156326293945,89.54545593261719,82.5999984741211,61.08940887451172,100.00360870361328,0.0,47.43972918443062,194062.0,17.597808837890625,18.631378173828125,17.135406494140625,14.197921752929688,34.12500047683716
2023-03-19 09:32:51,19.46728706359864,76.02409362792969,191.60970306396484,89.54545593261719,82.20000457763672,61.08940887451172,100.00360870361328,0.0,50.083764849044194,194062.0,15.829864501953123,15.2586669921875,16.836227416992188,17.026611328125,34.12500047683716
2023-03-19 09:32:52,19.37670516967773,75.96385192871094,191.43880462646484,89.54545593261719,81.80000305175781,61.08940887451172,100.00360870361328,0.0,50.445783501365405,194062.0,15.421875,20.34490966796875,14.361114501953123,15.965850830078123,34.12500047683716
2023-03-19 09:32:53,19.32548713684082,75.96385192871094,191.0563125610352,89.46969604492188,81.9000015258789,61.08940887451172,100.00360870361328,0.0,50.123127428107104,194062.0,11.668411254882812,18.57696533203125,21.296875,17.897003173828125,34.12500047683716
2023-03-19 09:32:54,19.33424186706543,75.96385192871094,188.72884368896484,89.46969604492188,81.9000015258789,61.08940887451172,100.00360870361328,0.0,48.90061746852604,194062.0,16.129058837890625,20.372100830078125,13.681121826171877,15.367477416992188,34.12500047683716
2023-03-19 09:32:55,19.35200309753418,76.02409362792969,191.4794921875,89.54545593261719,83.30000305175781,61.08940887451172,100.00360870361328,0.0,47.07737356794874,194062.0,18.08740234375,16.210662841796875,18.52256774902344,17.570602416992188,34.12500047683716
2023-03-19 09:32:56,19.364152908325195,76.02409362792969,190.2425079345703,89.46969604492188,82.30000305175781,61.08940887451172,100.00360870361328,0.0,48.30004453137305,194062.0,13.953125,17.625,13.545135498046877,15.313079833984377,34.12500047683716
2023-03-19 09:32:57,19.369579315185547,76.02409362792969,190.283203125,89.46969604492188,82.30000305175781,61.08940887451172,100.00360870361328,0.0,46.95133053504014,194062.0,14.823516845703123,18.84896850585937,14.30670166015625,17.298614501953125,34.12500047683716
2023-03-19 09:32:58,19.37993049621582,75.96385192871094,189.404296875,89.46969604492188,82.0,61.08940887451172,100.00360870361328,0.0,49.48737262767742,194062.0,14.306732177734377,19.01214599609375,16.564239501953125,18.5225830078125,34.12500047683716
2023-03-19 09:32:59,19.37115478515625,75.96385192871094,190.3727188110352,89.46969604492188,82.0999984741211,61.08940887451172,100.00360870361328,0.0,48.14521235785832,194062.0,16.265045166015625,21.269683837890625,15.884246826171877,15.421875,34.12500047683716
2023-03-19 09:33:00,19.31134796142578,76.02409362792969,191.259765625,89.54545593261719,81.69999694824219,61.08940887451172,100.00360870361328,0.0,48.51812447331815,194062.0,11.47802734375,17.897003173828125,18.549774169921875,19.936920166015625,34.12500047683716
2023-03-19 09:33:01,19.25920486450196,76.02409362792969,191.9108123779297,89.54545593261719,80.69999694824219,61.08940887451172,100.00360870361328,0.0,52.422568351956976,194062.0,12.185195922851562,21.35127258300781,18.11459350585937,14.061920166015623,34.12500047683716
2023-03-19 09:33:02,19.238609313964844,76.02409362792969,194.5231094360352,89.54545593261719,83.0999984741211,61.08940887451172,100.00360870361328,0.0,49.17622429106737,194062.0,17.244232177734375,16.3194580078125,20.698486328125,20.48089599609375,34.12500047683716
2023-03-19 09:33:03,19.22474479675293,75.96385192871094,193.212890625,89.46969604492188,82.30000305175781,61.08940887451172,100.00360870361328,0.0,49.71359289427057,194062.0,17.026641845703125,17.135406494140625,16.210647583007812,15.20428466796875,34.12500047683716
2023-03-19 09:33:04,19.245174407958984,75.96385192871094,194.78353118896484,89.46969604492188,82.9000015258789,61.08940887451172,100.00360870361328,0.0,48.38152216637162,194062.0,16.292266845703125,17.10821533203125,18.304977416992188,16.129058837890625,34.12500047683716
2023-03-19 09:33:05,19.28048515319824,75.96385192871094,193.2047500610352,89.46969604492188,81.5999984741211,61.08940887451172,100.00360870361328,0.0,49.706606016880606,194062.0,13.028366088867188,16.265045166015625,15.285888671875,12.538772583007812,34.12500047683716
2023-03-19 09:33:06,19.37221336364746,76.02409362792969,195.1741485595703,89.46969604492188,82.0,61.08940887451172,100.00360870361328,0.0,46.86997178884036,194062.0,17.325820922851562,18.032989501953125,17.788192749023438,15.911468505859377,34.12500047683716
2023-03-19 09:33:07,19.463668823242188,76.02409362792969,195.5159454345703,89.46969604492188,82.0,61.08940887451172,100.00360870361328,0.0,47.647006125100056,194062.0,15.122695922851562,16.97222900390625,17.10821533203125,11.39642333984375,34.12500047683716
2023-03-19 09:33:08,19.477947235107425,76.02409362792969,197.2412109375,89.54545593261719,81.30000305175781,61.08940887451172,100.00360870361328,0.0,51.41311571599601,194062.0,17.325820922851562,16.917816162109375,12.076385498046877,16.4554443359375,34.12500047683716
2023-03-19 09:33:09,19.470458984375,76.02409362792969,190.3889923095703,89.54545593261719,81.80000305175781,61.08940887451172,100.00360870361328,0.0,48.880865130217806,194062.0,12.6475830078125,19.556137084960938,14.007522583007812,20.372100830078125,34.12500047683716
2023-03-19 09:33:10,19.466352462768555,76.02409362792969,193.701171875,89.46969604492188,81.30000305175781,61.08940887451172,100.00360870361328,0.0,47.4315600420342,194062.0,15.993072509765623,16.97222900390625,14.225112915039062,11.994796752929688,34.12500047683716
2023-03-19 09:33:11,19.4808406829834,76.02409362792969,194.56380462646484,89.46969604492188,81.80000305175781,61.08940887451172,100.00360870361328,0.0,51.68167940478408,194062.0,17.1898193359375,15.231475830078123,17.54339599609375,17.0538330078125,34.12500047683716
2023-03-19 09:33:12,19.54790496826172,76.02409362792969,193.8313751220703,89.46969604492188,81.5,61.08940887451172,100.00360870361328,0.0,49.74097156604349,194062.0,14.33392333984375,15.693878173828123,15.258682250976562,17.489013671875,34.12500047683716
2023-03-19 09:33:13,19.615015029907227,76.02409362792969,193.9860000610352,89.46969604492188,82.5999984741211,61.08940887451172,100.00360870361328,0.0,46.94702981364008,194062.0,15.36749267578125,20.181716918945312,15.258682250976562,17.27142333984375,34.12500047683716
2023-03-19 09:33:14,19.680944442749023,75.96385192871094,194.287109375,89.46969604492188,81.80000305175781,61.08940887451172,100.00360870361328,0.0,50.41606745875338,194062.0,9.084503173828123,16.183441162109375,18.767364501953125,16.945022583007812,34.12500047683716
2023-03-19 09:33:15,19.713592529296875,75.96385192871094,194.38475799560547,89.46969604492188,81.69999694824219,61.08940887451172,100.00360870361328,0.0,49.048376485158094,194062.0,14.225128173828123,19.3929443359375,15.177093505859377,14.524307250976562,34.12500047683716
2023-03-19 09:33:16,19.67719841003418,76.02409362792969,193.48958587646484,89.54545593261719,81.69999694824219,61.08940887451172,100.00360870361328,0.0,47.91123236432754,194062.0,11.53240966796875,19.01214599609375,13.599533081054688,19.420135498046875,34.12500047683716
2023-03-19 09:33:17,19.608125686645508,76.08434295654297,193.05013275146484,89.46969604492188,82.0,61.08940887451172,100.00360870361328,0.0,48.35255928690832,194062.0,15.421875,18.38656616210937,11.124420166015623,18.7945556640625,34.12500047683716
2023-03-19 09:33:18,19.54583740234375,75.96385192871094,193.1477813720703,89.46969604492188,81.9000015258789,61.08940887451172,100.00360870361328,0.0,49.16808686246834,194062.0,16.020263671875,18.30499267578125,17.3258056640625,16.999420166015625,34.12500047683716
2023-03-19 09:33:19,19.4831600189209,75.96385192871094,192.9280548095703,89.46969604492188,81.80000305175781,61.08940887451172,100.00360870361328,0.0,49.70646064377064,194062.0,16.53704833984375,15.5850830078125,18.25057983398437,14.796295166015623,34.12500047683716
2023-03-19 09:33:20,19.468374252319336,75.96385192871094,195.25552368164065,89.46969604492188,82.20000457763672,61.08940887451172,100.00360870361328,0.0,49.34547799630353,194062.0,17.325820922851562,18.1961669921875,18.44097900390625,18.168975830078125,34.12500047683716
2023-03-19 09:33:21,19.478984832763672,76.02409362792969,193.9127655029297,89.54545593261719,82.0,61.08940887451172,100.00360870361328,0.0,50.91121093770655,194062.0,18.30499267578125,17.081024169921875,14.3883056640625,14.361114501953123,34.12500047683716
2023-03-19 09:33:22,19.491682052612305,76.02409362792969,194.4498748779297,89.54545593261719,81.80000305175781,61.08940887451172,100.00360870361328,0.0,49.5983302109596,194062.0,16.509857177734375,20.58969116210937,20.290496826171875,15.612274169921877,34.12500047683716
2023-03-19 09:33:23,19.48193550109864,75.96385192871094,192.78157806396484,89.54545593261719,81.4000015258789,61.08940887451172,100.00360870361328,0.0,49.39830313746278,194062.0,16.047454833984375,17.40740966796875,18.631362915039062,16.183441162109375,34.12500047683716
2023-03-19 09:33:24,19.41868019104004,75.96385192871094,193.4977264404297,89.46969604492188,82.0,61.08940887451172,100.00360870361328,0.0,49.766898985471045,194062.0,14.442718505859377,18.223388671875,16.265045166015625,15.911468505859377,34.12500047683716
2023-03-19 09:33:25,19.312162399291992,76.02409362792969,193.1070938110352,89.46969604492188,81.5,61.08940887451172,100.00360870361328,0.0,49.74042262152554,194062.0,14.8507080078125,15.1226806640625,13.953125,16.67303466796875,34.12500047683716
2023-03-19 09:33:26,19.21351432800293,76.02409362792969,193.9615859985352,89.46969604492188,81.0999984741211,61.08940887451172,100.00360870361328,0.0,50.35946905791134,194062.0,17.842605590820312,19.03936767578125,13.980316162109377,15.7210693359375,34.12500047683716
2023-03-19 09:33:27,19.13774681091309,76.02409362792969,193.73372650146484,89.46969604492188,82.30000305175781,61.08940887451172,100.00360870361328,0.0,49.81803266614448,194062.0,11.26043701171875,18.00579833984375,20.236114501953125,15.530670166015623,34.12500047683716
2023-03-19 09:33:28,19.091636657714844,76.02409362792969,191.9840469360352,89.46969604492188,81.69999694824219,61.08940887451172,100.00360870361328,0.0,49.88065656721064,194062.0,17.625,17.24420166015625,13.708343505859377,18.87615966796875,34.12500047683716
2023-03-19 09:33:29,19.09865379333496,76.02409362792969,194.9625701904297,89.54545593261719,81.5999984741211,61.08940887451172,100.00360870361328,0.0,51.39908320970479,194062.0,12.7835693359375,21.94964599609375,16.917816162109375,15.93865966796875,34.12500047683716
2023-03-19 09:33:30,19.130809783935547,75.96385192871094,192.61067962646484,89.54545593261719,82.5,61.08940887451172,100.00360870361328,0.0,48.52221912264879,194062.0,18.332183837890625,17.679412841796875,14.333908081054688,15.911468505859377,34.12500047683716
2023-03-19 09:33:31,19.18523597717285,76.02409362792969,192.8385391235352,89.54545593261719,82.30000305175781,61.08940887451172,100.00360870361328,0.0,49.03696721279695,194062.0,15.7210693359375,16.700225830078125,18.52256774902344,17.760986328125,34.12500047683716
2023-03-19 09:33:32,19.217714309692383,76.02409362792969,192.6025390625,89.46969604492188,81.4000015258789,61.08940887451172,100.00360870361328,0.0,50.44063038521611,194062.0,12.348388671875,16.346649169921875,16.482635498046875,15.93865966796875,34.12500047683716
2023-03-19 09:33:33,19.203893661499023,75.96385192871094,194.17317962646484,89.46969604492188,81.9000015258789,61.08940887451172,100.00360870361328,0.0,47.65724842678125,194062.0,18.549774169921875,20.45370483398437,14.741897583007812,13.21875,34.12500047683716
2023-03-19 09:33:34,19.19644546508789,76.02409362792969,193.4488906860352,89.46969604492188,82.0999984741211,61.08940887451172,100.00360870361328,0.0,49.49586813647142,194062.0,16.591445922851562,17.4617919921875,15.63946533203125,16.292236328125,34.12500047683716
2023-03-19 09:33:35,19.198579788208008,76.02409362792969,193.23729705810547,89.46969604492188,82.4000015258789,61.08940887451172,100.00360870361328,0.0,49.49027006378665,194062.0,15.993072509765623,19.66493225097656,15.394683837890623,14.497100830078123,34.12500047683716
2023-03-19 09:33:36,19.21718978881836,76.02409362792969,193.66048431396484,89.54545593261719,82.0,61.08940887451172,100.00360870361328,0.0,49.132244543162905,194062.0,13.653945922851562,17.7882080078125,18.57696533203125,18.41377258300781,34.12500047683716
2023-03-19 09:33:37,19.286785125732425,75.96385192871094,192.4967498779297,89.46969604492188,81.69999694824219,61.08940887451172,100.00360870361328,0.0,50.911071586448735,194062.0,14.76910400390625,18.631378173828125,15.476272583007812,16.80902099609375,34.12500047683716
2023-03-19 09:33:38,19.39679527282715,75.96385192871094,193.4977188110352,89.54545593261719,81.5,61.08940887451172,100.00360870361328,0.0,50.31515333044168,194062.0,14.170730590820312,17.733795166015625,20.18170166015625,19.09375,34.12500047683716
2023-03-19 09:33:39,19.48383140563965,76.02409362792969,193.05013275146484,89.54545593261719,81.5,61.08940887451172,100.00360870361328,0.0,50.41352046212979,194062.0,15.639480590820312,17.869781494140625,14.524307250976562,14.8507080078125,34.12500047683716
2023-03-19 09:33:40,19.57479476928711,76.02409362792969,194.2952423095703,89.54545593261719,81.5999984741211,61.08940887451172,100.00360870361328,0.0,51.14386041666869,194062.0,16.265045166015625,18.413787841796875,18.41377258300781,18.7945556640625,34.12500047683716
2023-03-19 09:33:41,19.584197998046875,76.02409362792969,193.6686172485352,89.46969604492188,81.0,61.08940887451172,100.00360870361328,0.0,50.44056951077937,194062.0,14.46990966796875,21.487274169921875,14.796295166015623,14.061920166015623,34.12500047683716
2023-03-19 09:33:42,19.56755256652832,75.96385192871094,186.1328125,89.46969604492188,82.0999984741211,61.08940887451172,100.00360870361328,0.0,49.44555563862598,194062.0,16.373855590820312,19.338531494140625,18.304977416992188,15.50347900390625,34.12500047683716
2023-03-19 09:33:43,19.53986358642578,75.96385192871094,181.9986953735352,89.46969604492188,82.70000457763672,61.08940887451172,100.00360870361328,0.0,48.423230048154544,194062.0,12.348388671875,14.660308837890623,17.869781494140625,13.409149169921877,34.12500047683716
2023-03-19 09:33:44,19.51865005493164,75.96385192871094,178.1087188720703,89.46969604492188,82.20000457763672,61.08940887451172,100.00360870361328,0.0,47.27121285469904,194062.0,15.93865966796875,18.44097900390625,19.420135498046875,17.026611328125,34.12500047683716
2023-03-19 09:33:45,19.52682876586914,76.02409362792969,176.11489868164062,89.46969604492188,82.20000457763672,61.08940887451172,100.00360870361328,0.0,47.40389455347412,194062.0,15.557891845703123,20.64410400390625,15.93865966796875,17.951385498046875,34.12500047683716
2023-03-19 09:33:46,19.54944229125977,76.02409362792969,169.8567657470703,89.46969604492188,82.0,61.08940887451172,100.00360870361328,0.0,45.99275460025612,194062.0,16.482650756835938,14.63311767578125,16.754638671875,18.25057983398437,34.12500047683716
2023-03-19 09:33:47,19.579057693481445,76.02409362792969,169.33592987060547,89.46969604492188,82.80000305175781,61.08940887451172,100.00360870361328,0.0,44.60187314936632,194062.0,19.365753173828125,19.25694274902344,19.365737915039062,19.556137084960938,34.12500047683716
2023-03-19 09:33:48,19.591259002685547,75.96385192871094,166.07259368896484,89.46969604492188,81.19999694824219,61.08940887451172,100.00360870361328,0.0,46.84570716417974,194062.0,15.88427734375,22.08564758300781,14.551513671875,18.14178466796875,34.12500047683716
2023-03-19 09:33:49,19.53605461120605,75.96385192871094,163.17544555664062,89.54545593261719,81.5,61.08940887451172,100.00360870361328,0.0,45.89756474945276,194062.0,16.428253173828125,18.87615966796875,16.754638671875,16.754638671875,34.12500047683716
2023-03-19 09:33:50,19.434844970703125,75.96385192871094,159.9609375,89.54545593261719,82.0,61.08940887451172,100.00360870361328,0.0,46.40341604105263,194062.0,17.081024169921875,20.20892333984375,18.6585693359375,16.4554443359375,34.12500047683716
2023-03-19 09:33:51,19.38079071044922,76.02409362792969,157.09635162353516,89.46969604492188,82.80000305175781,61.08940887451172,100.00360870361328,0.0,42.944654504485534,194062.0,18.60418701171875,14.877899169921877,21.32406616210937,19.01214599609375,34.12500047683716
2023-03-19 09:33:52,19.325483322143555,75.96385192871094,161.4013671875,89.46969604492188,82.70000457763672,61.08940887451172,100.00360870361328,0.0,44.227683863562994,194062.0,14.93231201171875,21.5960693359375,19.71932983398437,15.63946533203125,34.12500047683716
2023-03-19 09:33:53,19.31937026977539,75.96385192871094,158.26009368896484,89.46969604492188,82.5999984741211,61.08940887451172,100.00360870361328,0.0,42.7577231873032,194062.0,16.754638671875,18.6585693359375,18.304977416992188,18.549774169921875,34.12500047683716
2023-03-19 09:33:54,19.33474540710449,75.96385192871094,160.4166717529297,89.46969604492188,82.0999984741211,61.08578872680664,100.00360870361328,0.0,45.02714093701524,194062.0,17.543411254882812,22.575225830078125,19.420135498046875,15.530670166015623,34.12500047683716
2023-03-19 09:33:55,19.3598690032959,76.02409362792969,160.7096405029297,89.46969604492188,80.19999694824219,61.08940887451172,100.00360870361328,0.0,44.41433941794144,194062.0,16.40106201171875,17.3258056640625,19.09375,20.752899169921875,34.12500047683716
2023-03-19 09:33:56,19.381017684936523,76.08434295654297,160.7666015625,89.54545593261719,79.9000015258789,61.08940887451172,100.00360870361328,0.0,43.89056999469061,194062.0,11.287628173828123,22.901611328125,17.40740966796875,19.31134033203125,34.12500047683716
2023-03-19 09:33:57,19.350509643554688,76.02409362792969,160.8479766845703,89.46969604492188,79.9000015258789,61.08940887451172,100.00360870361328,0.0,43.57769323347698,194062.0,19.2569580078125,18.168975830078125,16.101852416992188,20.752899169921875,34.12500047683716
2023-03-19 09:33:58,19.30430793762207,75.96385192871094,158.0159454345703,89.46969604492188,79.4000015258789,61.08940887451172,100.00360870361328,0.0,45.23844846817271,194062.0,16.210662841796875,17.679412841796875,17.652191162109375,18.359375,34.12500047683716
2023-03-19 09:33:59,19.27190399169922,75.90361022949219,160.47364044189453,89.46969604492188,80.0999984741211,61.08940887451172,100.00360870361328,0.0,42.00837220561938,194062.0,17.434616088867188,18.413787841796875,21.024871826171875,20.752899169921875,34.12500047683716
2023-03-19 09:34:00,19.244932174682617,75.96385192871094,161.0677032470703,89.46969604492188,80.0,61.08940887451172,100.00360870361328,0.0,43.71350818894206,194062.0,18.576980590820312,21.541656494140625,20.18170166015625,19.828125,34.12500047683716
2023-03-19 09:34:01,19.25237846374512,76.08434295654297,161.1979217529297,89.46969604492188,80.19999694824219,61.08940887451172,100.00360870361328,0.0,45.07691966279071,194062.0,17.0538330078125,22.52084350585937,20.372100830078125,18.19618225097656,34.12500047683716
2023-03-19 09:34:02,19.308713912963867,76.02409362792969,161.9873046875,89.46969604492188,80.29999542236328,61.08940887451172,100.00360870361328,0.0,43.78973454082833,194062.0,18.767364501953125,20.181716918945312,17.679397583007812,20.970489501953125,34.12500047683716
2023-03-19 09:34:03,19.39436721801757,76.02409362792969,161.5234375,89.46969604492188,79.79999542236328,61.08940887451172,100.00360870361328,0.0,43.03676700398517,194062.0,17.761016845703125,22.05844116210937,20.236114501953125,15.50347900390625,34.12500047683716
2023-03-19 09:34:04,19.512666702270508,75.96385192871094,161.51529693603516,89.46969604492188,80.29999542236328,61.08940887451172,100.00360870361328,0.0,42.56556252692381,194062.0,17.35302734375,18.27777099609375,16.564239501953125,20.5625,34.12500047683716
2023-03-19 09:34:05,19.55610656738281,75.96385192871094,160.7177734375,89.46969604492188,80.29999542236328,61.08940887451172,100.00360870361328,0.0,40.9671016339362,194062.0,18.957763671875,20.72569274902344,17.298614501953125,19.202545166015625,34.12500047683716
2023-03-19 09:34:06,19.51460266113281,76.02409362792969,161.31998443603516,89.46969604492188,79.9000015258789,61.08940887451172,100.00360870361328,0.0,43.89080937345817,194062.0,17.461822509765625,18.27777099609375,21.5960693359375,21.7320556640625,34.12500047683716
2023-03-19 09:34:07,19.469432830810547,76.08434295654297,159.3017578125,89.46969604492188,80.29999542236328,61.08940887451172,100.00360870361328,0.0,43.39471569684911,194062.0,19.01216125488281,23.907989501953125,17.380218505859375,17.489013671875,34.12500047683716
2023-03-19 09:34:08,19.432979583740234,76.08434295654297,158.69139862060547,89.46969604492188,80.0,61.08940887451172,100.00360870361328,0.0,45.63981681071501,194062.0,20.26332092285156,18.495361328125,18.740158081054688,20.970489501953125,34.12500047683716
2023-03-19 09:34:09,19.411243438720703,75.96385192871094,160.04232788085938,89.46969604492188,79.79999542236328,61.08940887451172,100.00360870361328,0.0,44.97119488670721,194062.0,16.890625,24.80555725097656,21.35127258300781,16.3194580078125,34.12500047683716
2023-03-19 09:34:10,19.43814849853516,75.90361022949219,158.1787109375,89.54545593261719,79.29999542236328,61.08940887451172,100.00360870361328,0.0,45.27270746060223,194062.0,21.269683837890625,18.168975830078125,18.19618225097656,18.84896850585937,34.12500047683716
2023-03-19 09:34:11,19.472280502319336,75.96385192871094,160.7096405029297,89.54545593261719,80.0,61.08940887451172,100.00360870361328,0.0,45.18531321569234,194062.0,21.21528625488281,21.487274169921875,19.474533081054688,17.3258056640625,34.12500047683716
2023-03-19 09:34:12,19.5102596282959,76.02409362792969,160.3108673095703,89.54545593261719,80.29999542236328,61.08940887451172,100.00360870361328,0.0,44.33219783566225,194062.0,16.83624267578125,21.92245483398437,20.943283081054688,20.78009033203125,34.12500047683716
2023-03-19 09:34:13,19.52577781677246,76.08434295654297,160.41666412353516,89.54545593261719,80.80000305175781,61.08940887451172,100.00360870361328,0.0,43.258869892355584,194062.0,19.55615234375,22.384841918945312,21.5960693359375,19.039352416992188,34.12500047683716
2023-03-19 09:34:14,19.473203659057617,75.96385192871094,159.80631256103516,89.46969604492188,79.5999984741211,61.08940887451172,100.00360870361328,0.0,44.66138612930401,194062.0,15.829864501953123,21.704864501953125,18.685760498046875,18.14178466796875,34.12500047683716
2023-03-19 09:34:15,19.388551712036133,75.96385192871094,160.34342193603516,89.46969604492188,80.19999694824219,61.08940887451172,100.00360870361328,0.0,43.381391681508994,194062.0,19.09375,19.17535400390625,19.066558837890625,21.35127258300781,34.12500047683716
2023-03-19 09:34:16,19.326873779296875,75.96385192871094,160.66895294189453,89.46969604492188,79.79999542236328,61.08940887451172,100.00360870361328,0.0,47.740005771329045,194062.0,18.06019592285156,24.39756774902344,17.081024169921875,21.32406616210937,34.12500047683716
2023-03-19 09:34:17,19.30972480773925,76.02409362792969,160.791015625,89.46969604492188,80.19999694824219,61.08940887451172,100.00360870361328,0.0,45.107125871098354,194062.0,19.58334350585937,20.154510498046875,19.637725830078125,20.34490966796875,34.12500047683716
2023-03-19 09:34:18,19.32315826416016,76.02409362792969,160.85611724853516,89.46969604492188,80.0999984741211,61.08940887451172,100.00360870361328,0.0,46.316290754029744,194062.0,17.897003173828125,24.01678466796875,18.14178466796875,17.081024169921875,34.12500047683716
2023-03-19 09:34:19,19.35651397705078,76.02409362792969,161.5559844970703,89.54545593261719,80.5999984741211,61.08940887451172,100.00360870361328,0.0,43.79913203949238,194062.0,21.5960693359375,18.5225830078125,20.943283081054688,21.623260498046875,34.12500047683716
2023-03-19 09:34:20,19.40236473083496,75.96385192871094,159.83887481689453,89.54545593261719,80.0,61.08940887451172,100.00360870361328,0.0,44.60942801555617,194062.0,16.292266845703125,21.704864501953125,20.45370483398437,19.09375,34.12500047683716
2023-03-19 09:34:21,19.441930770874023,75.90361022949219,160.57942962646484,89.46969604492188,79.29999542236328,61.08940887451172,100.00360870361328,0.0,46.83411285850105,194062.0,19.311355590820312,20.535308837890625,18.93055725097656,21.18807983398437,34.12500047683716
2023-03-19 09:34:22,19.419376373291016,75.96385192871094,160.69336700439453,89.46969604492188,79.79999542236328,61.08940887451172,100.00360870361328,0.0,44.599963501878825,194062.0,17.325820922851562,22.439239501953125,18.44097900390625,17.40740966796875,34.12500047683716
2023-03-19 09:34:23,19.369178771972656,76.02409362792969,160.84798431396484,89.54545593261719,80.4000015258789,61.08940887451172,100.00360870361328,0.0,45.20002268826831,194062.0,19.90972900390625,16.97222900390625,21.677658081054688,20.64410400390625,34.12500047683716
2023-03-19 09:34:24,19.337690353393555,76.08434295654297,161.00260162353516,89.46969604492188,80.0,61.08940887451172,100.00360870361328,0.0,44.166338298522696,194062.0,18.38658142089844,23.41839599609375,18.005783081054688,18.57696533203125,34.12500047683716
2023-03-19 09:34:25,19.318811416625977,76.02409362792969,161.6780548095703,89.46969604492188,79.5999984741211,61.08940887451172,100.00360870361328,0.0,46.78046424088728,194062.0,18.60418701171875,22.60243225097656,17.1898193359375,18.74017333984375,34.12500047683716
2023-03-19 09:34:26,19.33730125427246,75.96385192871094,161.2467498779297,89.46969604492188,80.5,61.08940887451172,100.00360870361328,0.0,44.72315261461101,194062.0,21.05209350585937,17.57061767578125,21.35127258300781,20.752899169921875,34.12500047683716
2023-03-19 09:34:27,19.378124237060547,75.96385192871094,159.7981719970703,89.46969604492188,79.29999542236328,61.08940887451172,100.00360870361328,0.0,45.8462851035826,194062.0,16.645843505859375,19.71932983398437,21.5960693359375,17.570602416992188,34.12500047683716
2023-03-19 09:34:28,19.438098907470703,75.96385192871094,161.8815155029297,89.46969604492188,79.0999984741211,61.08940887451172,100.00360870361328,0.0,46.619466749719024,194062.0,20.91610717773437,19.936920166015625,17.652191162109375,22.738433837890625,34.12500047683716
2023-03-19 09:34:29,19.473262786865234,76.08434295654297,161.1572265625,89.54545593261719,79.0999984741211,61.08940887451172,100.00360870361328,0.0,47.53838123694978,194062.0,14.2523193359375,23.41839599609375,16.97222900390625,18.767364501953125,34.12500047683716
2023-03-19 09:34:30,19.4729232788086,76.08434295654297,161.27115631103516,89.54545593261719,80.5,61.08940887451172,100.00360870361328,0.0,43.199913609196194,194062.0,17.516204833984375,19.420135498046875,22.303237915039062,22.4664306640625,34.12500047683716
2023-03-19 09:34:31,19.42466735839844,76.02409362792969,161.2630157470703,89.54545593261719,79.9000015258789,61.08940887451172,100.00360870361328,0.0,46.99622583983692,194062.0,16.564239501953125,23.635986328125,20.61689758300781,17.760986328125,34.12500047683716
2023-03-19 09:34:32,19.38290023803711,75.90361022949219,161.8571014404297,89.46969604492188,80.69999694824219,61.08940887451172,100.00360870361328,0.0,42.59933359062615,194062.0,18.84896850585937,19.90972900390625,19.14814758300781,24.5335693359375,34.12500047683716
2023-03-19 09:34:33,19.358457565307617,75.96385192871094,161.89778900146484,89.46969604492188,79.5999984741211,61.08940887451172,100.00360870361328,0.0,46.88283817960991,194062.0,16.863433837890625,24.80555725097656,19.202545166015625,14.361114501953123,34.12500047683716
2023-03-19 09:34:34,19.37564277648925,76.02409362792969,161.328125,89.46969604492188,79.19999694824219,61.08940887451172,100.00360870361328,0.0,44.80559293834858,194062.0,20.50811767578125,17.57061767578125,17.625,17.625,34.12500047683716
2023-03-19 09:34:35,19.429363250732425,76.02409362792969,158.82161712646484,89.46969604492188,79.69999694824219,61.08940887451172,100.00360870361328,0.0,46.45823162273665,194062.0,15.66668701171875,18.087371826171875,21.840850830078125,16.5914306640625,34.12500047683716
2023-03-19 09:34:36,19.487037658691406,76.02409362792969,160.4573516845703,89.46969604492188,80.5999984741211,61.08940887451172,100.00360870361328,0.0,42.7815367208192,194062.0,17.7882080078125,21.92245483398437,22.54803466796875,19.12094116210937,34.12500047683716
2023-03-19 09:34:37,19.540849685668945,75.96385192871094,159.18782806396484,89.46969604492188,79.4000015258789,61.08940887451172,100.00360870361328,0.0,44.60551801053252,194062.0,16.890625,19.066558837890625,22.575225830078125,19.58334350585937,34.12500047683716
2023-03-19 09:34:38,19.55608558654785,75.96385192871094,159.8876953125,89.46969604492188,79.4000015258789,61.08940887451172,100.00360870361328,0.0,46.72076776200888,194062.0,18.25057983398437,20.20892333984375,19.773727416992188,19.202545166015625,34.12500047683716
2023-03-19 09:34:39,19.500450134277344,76.02409362792969,161.474609375,89.54545593261719,80.19999694824219,61.08940887451172,100.00360870361328,0.0,42.78576186353245,194062.0,18.25057983398437,21.21527099609375,19.202545166015625,19.3929443359375,34.12500047683716
2023-03-19 09:34:40,19.43311882019043,76.02409362792969,160.6201171875,89.54545593261719,80.0,61.08940887451172,100.00360870361328,0.0,47.03625942491724,194062.0,17.543411254882812,21.32406616210937,20.78009033203125,21.895263671875,34.12500047683716
2023-03-19 09:34:41,19.3806381225586,76.02409362792969,160.96190643310547,89.46969604492188,79.79999542236328,61.08940887451172,100.00360870361328,0.0,46.44990727323472,194062.0,20.5625,20.34490966796875,19.039352416992188,22.4664306640625,34.12500047683716
2023-03-19 09:34:42,19.351476669311523,75.96385192871094,155.10254669189453,89.46969604492188,79.69999694824219,61.08940887451172,100.00360870361328,0.0,46.07530101036424,194062.0,20.07293701171875,20.154510498046875,19.88252258300781,18.98495483398437,34.12500047683716
2023-03-19 09:34:43,19.4052963256836,75.96385192871094,156.89290618896484,89.46969604492188,80.0999984741211,61.08940887451172,100.00360870361328,0.0,45.45137146150702,194062.0,21.54168701171875,20.58969116210937,17.951385498046875,21.840850830078125,34.12500047683716
2023-03-19 09:34:44,19.439985275268555,75.96385192871094,156.89290618896484,89.46969604492188,80.0999984741211,61.08940887451172,100.00360870361328,0.0,45.376829385671385,194062.0,21.54168701171875,20.58969116210937,17.951385498046875,21.840850830078125,34.12500047683716
2023-03-19 09:34:45,19.452789306640625,76.02409362792969,158.9762420654297,89.46969604492188,79.9000015258789,61.08940887451172,100.00360870361328,0.0,43.24943866297266,194062.0,13.21875,25.893524169921875,20.018524169921875,20.04571533203125,34.12500047683716
2023-03-19 09:34:46,19.417282104492188,76.02409362792969,158.1217498779297,89.46969604492188,79.9000015258789,61.08940887451172,100.00360870361328,0.0,46.8672321145811,194062.0,20.45370483398437,21.759262084960938,21.7320556640625,16.4554443359375,34.12500047683716
2023-03-19 09:34:47,19.417282104492188,75.96385192871094,159.07389068603516,89.46969604492188,79.4000015258789,61.08940887451172,100.00360870361328,0.0,46.81841306812958,194062.0,20.50811767578125,20.807281494140625,20.9976806640625,20.7257080078125,34.12500047683716
2023-03-19 09:34:48,19.34891891479492,75.96385192871094,158.6262969970703,89.46969604492188,80.0,61.08940887451172,100.00360870361328,0.0,46.24692958858312,194062.0,19.229766845703125,21.35127258300781,20.290496826171875,19.936920166015625,34.12500047683716
2023-03-19 09:34:49,19.287839889526367,76.02409362792969,158.48795318603516,89.54545593261719,78.4000015258789,61.08940887451172,100.00360870361328,0.0,44.96943667976184,194062.0,18.00579833984375,24.343170166015625,18.93055725097656,21.432861328125,34.12500047683716
2023-03-19 09:34:50,19.251123428344727,75.96385192871094,158.33333587646484,89.54545593261719,77.9000015258789,61.08940887451172,100.00360870361328,0.0,45.40093576494038,194062.0,19.90972900390625,19.90972900390625,20.535308837890625,21.242477416992188,34.12500047683716
2023-03-19 09:34:51,19.27390480041504,76.02409362792969,159.1471405029297,89.54545593261719,77.60000610351562,61.08940887451172,100.00360870361328,0.0,45.10207057303967,194062.0,19.33856201171875,23.71759033203125,23.092010498046875,19.447341918945312,34.12500047683716
2023-03-19 09:34:52,19.32112503051757,76.02409362792969,159.716796875,89.46969604492188,78.5999984741211,61.08940887451172,100.00360870361328,0.0,43.486763257917175,194062.0,20.834503173828125,21.78646850585937,18.685760498046875,18.7945556640625,34.12500047683716
2023-03-19 09:34:53,19.37759017944336,76.02409362792969,159.8225860595703,89.46969604492188,78.0,61.08940887451172,100.00360870361328,0.0,45.15576127340902,194062.0,19.17535400390625,24.043975830078125,16.183441162109375,18.821762084960938,34.12500047683716
2023-03-19 09:34:54,19.412919998168945,76.02409362792969,159.00064086914062,89.46969604492188,77.9000015258789,61.08940887451172,100.00360870361328,0.0,43.88686417642984,194062.0,19.365753173828125,17.815399169921875,21.46006774902344,20.45370483398437,34.12500047683716
2023-03-19 09:34:55,19.394763946533203,75.96385192871094,158.93555450439453,89.54545593261719,77.80000305175781,61.08940887451172,100.00360870361328,0.0,44.85336150808551,194062.0,17.380218505859375,24.941558837890625,21.541656494140625,18.41377258300781,34.12500047683716
2023-03-19 09:34:56,19.338882446289062,75.96385192871094,160.00162506103516,89.54545593261719,78.69999694824219,61.08940887451172,100.00360870361328,0.0,44.48463124697706,194062.0,18.549774169921875,18.25057983398437,22.629638671875,19.284149169921875,34.12500047683716
2023-03-19 09:34:57,19.304962158203125,76.02409362792969,158.87857818603516,89.54545593261719,77.20000457763672,61.08940887451172,100.00360870361328,0.0,47.03229674668226,194062.0,21.07928466796875,22.60243225097656,18.903350830078125,16.53704833984375,34.12500047683716
2023-03-19 09:34:58,19.290815353393555,76.02409362792969,160.4573516845703,89.46969604492188,78.69999694824219,61.08940887451172,100.00360870361328,0.0,44.4573431944396,194062.0,20.99769592285156,21.160888671875,23.71759033203125,17.516204833984375,34.12500047683716
2023-03-19 09:34:59,19.33313751220703,76.02409362792969,159.0494842529297,89.46969604492188,78.79999542236328,61.08940887451172,100.00360870361328,0.0,44.16259752734081,194062.0,21.568878173828125,20.31771850585937,20.91607666015625,17.815399169921875,34.12500047683716
2023-03-19 09:35:00,19.39776039123535,76.02409362792969,160.65267181396484,89.46969604492188,78.4000015258789,61.08940887451172,100.00360870361328,0.0,45.03681647211267,194062.0,17.978607177734375,24.234375,22.167236328125,20.426513671875,34.12500047683716
2023-03-19 09:35:01,19.48178482055664,75.96385192871094,159.46451568603516,89.46969604492188,77.20000457763672,61.08940887451172,100.00360870361328,0.0,45.75419397133326,194062.0,20.34490966796875,22.68402099609375,14.17071533203125,20.426513671875,34.12500047683716
2023-03-19 09:35:02,19.53870391845703,75.96385192871094,160.9049530029297,89.46969604492188,78.30000305175781,61.08940887451172,100.00360870361328,0.0,44.29162737502133,194062.0,22.901641845703125,21.32406616210937,20.970489501953125,20.290512084960938,34.12500047683716
2023-03-19 09:35:03,19.548171997070312,75.96385192871094,159.79818725585938,89.46969604492188,78.19999694824219,61.08940887451172,100.00360870361328,0.0,44.04137216271215,194062.0,15.313079833984377,19.66493225097656,22.221649169921875,21.78646850585937,34.12500047683716
2023-03-19 09:35:04,19.514732360839844,76.02409362792969,159.814453125,89.54545593261719,77.70000457763672,61.08940887451172,100.00360870361328,0.0,45.16327108668073,194062.0,19.365753173828125,25.213531494140625,18.6585693359375,22.84722900390625,34.12500047683716
2023-03-19 09:35:05,19.46198844909668,75.72289276123047,159.7900390625,89.54545593261719,78.0,61.08940887451172,100.00360870361328,0.0,42.42596729985935,194062.0,15.88427734375,18.44097900390625,22.629638671875,23.853591918945312,34.12500047683716
2023-03-19 09:35:06,19.419294357299805,75.0,160.22948455810547,89.54545593261719,77.60000610351562,61.08940887451172,100.00360870361328,0.0,43.17265913802978,194062.0,20.8616943359375,21.37847900390625,22.221649169921875,18.98495483398437,34.12500047683716
2023-03-19 09:35:07,19.391990661621094,74.03614807128906,160.03418731689453,89.46969604492188,77.70000457763672,61.08940887451172,100.00360870361328,0.0,44.81583623881527,194063.0,16.591445922851562,21.840850830078125,22.167236328125,18.767364501953125,34.12500047683716
2023-03-19 09:35:08,19.404943466186523,73.37349700927734,160.1969451904297,89.46969604492188,78.19999694824219,61.08940887451172,100.00360870361328,0.0,44.41540778505214,194063.0,20.372116088867188,26.709503173828125,20.208908081054688,23.2008056640625,34.12500047683716
2023-03-19 09:35:09,19.430252075195312,73.43373107910156,160.498046875,89.46969604492188,77.9000015258789,61.08940887451172,100.00360870361328,0.0,44.75548254999878,194063.0,15.50347900390625,20.752899169921875,22.4664306640625,18.304977416992188,34.12500047683716
2023-03-19 09:35:10,19.45621681213379,73.97590637207031,160.27831268310547,89.46969604492188,77.60000610351562,61.08940887451172,100.00360870361328,0.0,46.46471047317424,194063.0,22.46644592285156,21.759262084960938,18.549774169921875,16.07464599609375,34.12500047683716
2023-03-19 09:35:11,19.464954376220703,74.45783233642578,161.27115631103516,89.54545593261719,77.4000015258789,61.08940887451172,100.00360870361328,0.0,46.612160985501376,194063.0,19.17535400390625,22.493637084960938,22.901611328125,20.39930725097656,34.12500047683716
2023-03-19 09:35:12,19.41028213500977,74.39759063720703,159.5703125,89.54545593261719,77.70000457763672,61.08940887451172,100.00360870361328,0.0,45.92676693481835,194063.0,21.269683837890625,22.60243225097656,17.788192749023438,24.01678466796875,34.12500047683716
2023-03-19 09:35:13,19.34854316711425,73.97590637207031,159.7412109375,89.54545593261719,77.5,61.08940887451172,100.00360870361328,0.0,43.678061345147775,194063.0,16.047454833984375,22.303253173828125,21.568862915039062,19.501739501953125,34.12500047683716
2023-03-19 09:35:14,19.295108795166016,73.67469787597656,159.92024993896484,89.46969604492188,78.4000015258789,61.08940887451172,100.00360870361328,0.0,44.65592919629656,194063.0,20.8616943359375,22.52084350585937,20.018524169921875,22.4664306640625,34.12500047683716
2023-03-19 09:35:15,19.263845443725582,73.73493957519531,160.95377349853516,89.46969604492188,77.9000015258789,61.08940887451172,100.00360870361328,0.0,45.259780908597925,194063.0,22.303253173828125,21.487274169921875,21.7320556640625,16.428253173828125,34.12500047683716
2023-03-19 09:35:16,19.28644752502441,74.09638977050781,159.99349212646484,89.46969604492188,77.9000015258789,61.08940887451172,100.00360870361328,0.0,46.63984286248748,194063.0,19.9913330078125,20.072906494140625,21.46006774902344,22.384841918945312,34.12500047683716
2023-03-19 09:35:17,19.330671310424805,74.27710723876953,160.43294525146484,89.46969604492188,78.0,61.08940887451172,100.00360870361328,0.0,45.68014356222136,194063.0,19.47454833984375,23.309600830078125,20.535308837890625,17.815399169921875,34.12500047683716
2023-03-19 09:35:18,19.382801055908203,74.15662384033203,159.46451568603516,89.46969604492188,78.0999984741211,61.08940887451172,100.00360870361328,0.0,46.74343526038238,194063.0,20.399322509765625,17.97857666015625,24.01678466796875,17.869796752929688,34.12500047683716
2023-03-19 09:35:19,19.40532112121582,73.85542297363281,160.80728912353516,89.54545593261719,78.5999984741211,61.08940887451172,100.00360870361328,0.0,41.97217676037601,194063.0,22.357650756835938,22.439239501953125,18.685760498046875,22.357635498046875,34.12500047683716
2023-03-19 09:35:20,19.377832412719727,73.79518127441406,161.59668731689453,89.54545593261719,78.19999694824219,61.08940887451172,100.00360870361328,0.0,45.59436486699972,194063.0,17.081024169921875,24.26156616210937,20.508102416992188,21.024887084960938,34.12500047683716
2023-03-19 09:35:21,19.334880828857425,73.91565704345703,160.95377349853516,89.46969604492188,77.80000305175781,61.08940887451172,100.00360870361328,0.0,43.77821684936617,194063.0,21.351287841796875,24.587966918945312,16.37384033203125,23.98959350585937,34.12500047683716
2023-03-19 09:35:22,19.29686164855957,74.09638977050781,160.1643829345703,89.46969604492188,78.0,61.08940887451172,100.00360870361328,0.0,45.03439587953599,194063.0,20.5625,22.303253173828125,22.493621826171875,18.495361328125,34.12500047683716
2023-03-19 09:35:23,19.26673889160156,74.15662384033203,161.91407012939453,89.46969604492188,78.5,61.08940887451172,100.00360870361328,0.0,45.087329923217965,194063.0,21.73207092285156,21.976852416992188,20.426513671875,23.092010498046875,34.12500047683716
2023-03-19 09:35:24,19.28665351867676,73.97590637207031,160.63639068603516,89.46969604492188,77.9000015258789,61.08940887451172,100.00360870361328,0.0,47.65212928786588,194063.0,19.936920166015625,25.62152099609375,21.51446533203125,21.242477416992188,34.12500047683716
2023-03-19 09:35:25,19.330671310424805,73.91565704345703,155.078125,89.46969604492188,77.60000610351562,61.08940887451172,100.00360870361328,0.0,45.69308155758567,194063.0,20.236114501953125,20.31771850585937,18.685760498046875,21.21527099609375,34.12500047683716
2023-03-19 09:35:26,19.388965606689453,73.91565704345703,159.08203125,89.46969604492188,78.0999984741211,61.08940887451172,100.00360870361328,0.0,46.30699976252784,194063.0,22.221649169921875,22.68402099609375,23.826385498046875,19.74652099609375,34.12500047683716
2023-03-19 09:35:27,19.43967628479004,74.03614807128906,159.35059356689453,89.54545593261719,77.80000305175781,61.08940887451172,100.00360870361328,0.0,45.661922613927466,194063.0,22.05845642089844,24.343170166015625,22.874420166015625,23.14642333984375,34.12500047683716
2023-03-19 09:35:28,19.43391799926757,74.09638977050781,159.94466400146484,89.46969604492188,77.5,61.08940887451172,100.00360870361328,0.0,47.5336071261374,194063.0,16.781829833984375,22.11285400390625,17.271408081054688,23.173614501953125,34.12500047683716
2023-03-19 09:35:29,19.393474578857425,74.03614807128906,159.3017578125,89.46969604492188,76.0,61.08940887451172,100.00360870361328,0.0,42.6148747423967,194063.0,18.495391845703125,21.81365966796875,21.269683837890625,22.276046752929688,34.12500047683716
2023-03-19 09:35:30,19.352453231811523,73.97590637207031,159.7981719970703,89.54545593261719,76.0999984741211,61.08940887451172,100.00360870361328,0.0,44.20419846368992,194063.0,22.167266845703125,22.84722900390625,22.98321533203125,22.303253173828125,34.12500047683716
2023-03-19 09:35:31,19.31786346435547,73.91565704345703,159.79817962646484,89.46969604492188,76.20000457763672,61.08940887451172,100.00360870361328,0.0,44.16037515930887,194063.0,18.08740234375,23.2008056640625,18.7945556640625,20.508102416992188,34.12500047683716
2023-03-19 09:35:32,19.327577590942383,73.97590637207031,159.9365234375,89.54545593261719,75.70000457763672,61.08940887451172,100.00360870361328,0.0,44.91313370669946,194063.0,17.217025756835938,21.895263671875,19.61053466796875,23.28240966796875,34.12500047683716
2023-03-19 09:35:33,19.37664604187012,74.09638977050781,159.5621795654297,89.46969604492188,76.70000457763672,61.08940887451172,100.00360870361328,0.0,43.3114904769128,194063.0,21.704864501953125,22.65682983398437,20.018524169921875,22.41204833984375,34.12500047683716
2023-03-19 09:35:34,19.453468322753903,74.09638977050781,159.52962493896484,89.46969604492188,76.20000457763672,61.08940887451172,100.00360870361328,0.0,43.74980326926962,194063.0,20.20892333984375,20.752899169921875,22.765625,18.903350830078125,34.12500047683716
2023-03-19 09:35:35,19.49996566772461,74.03614807128906,159.89583587646484,89.46969604492188,75.80000305175781,61.08940887451172,100.00360870361328,0.0,43.11420773782381,194063.0,20.80731201171875,21.92245483398437,19.338531494140625,19.74652099609375,34.12500047683716
2023-03-19 09:35:36,19.505374908447266,73.97590637207031,160.83984375,89.46969604492188,76.0999984741211,61.08940887451172,100.00360870361328,0.0,44.81051415380963,194063.0,18.495391845703125,24.343170166015625,22.493621826171875,22.629638671875,34.12500047683716
2023-03-19 09:35:37,19.46552085876465,73.91565704345703,158.8541717529297,89.46969604492188,76.30000305175781,61.08940887451172,100.00360870361328,0.0,43.21798402808514,194063.0,22.901641845703125,21.21527099609375,19.61053466796875,23.173614501953125,34.12500047683716
2023-03-19 09:35:38,19.417261123657227,73.97590637207031,160.8723907470703,89.46969604492188,76.0999984741211,61.08940887451172,100.00360870361328,0.0,45.36794654191253,194063.0,17.7882080078125,22.357635498046875,24.479156494140625,21.32406616210937,34.12500047683716
2023-03-19 09:35:39,19.37322235107422,74.03614807128906,159.55403900146484,89.46969604492188,75.70000457763672,61.08940887451172,100.00360870361328,0.0,43.95318006590039,194063.0,18.903366088867188,22.05844116210937,21.106475830078125,24.560760498046875,34.12500047683716
2023-03-19 09:35:40,19.3629093170166,74.03614807128906,159.9772186279297,89.46969604492188,75.70000457763672,61.08940887451172,100.00360870361328,0.0,46.05106971306695,194063.0,19.17535400390625,26.247100830078125,23.58160400390625,18.821762084960938,34.12500047683716
2023-03-19 09:35:41,19.39640045166016,73.97590637207031,160.400390625,89.54545593261719,76.0999984741211,61.08940887451172,100.00360870361328,0.0,42.68909212040159,194063.0,20.045730590820312,20.9976806640625,22.05844116210937,24.479171752929688,34.12500047683716
2023-03-19 09:35:42,19.444225311279297,73.97590637207031,161.0270233154297,89.54545593261719,76.4000015258789,61.08940887451172,100.00360870361328,0.0,45.13250480117759,194063.0,21.269683837890625,23.309600830078125,24.12557983398437,18.98495483398437,34.12500047683716
2023-03-19 09:35:43,19.47187805175781,74.03614807128906,160.5305938720703,89.46969604492188,74.9000015258789,61.08940887451172,100.00360870361328,0.0,45.35209296384557,194063.0,19.03936767578125,23.58160400390625,21.405670166015625,22.54803466796875,34.12500047683716
2023-03-19 09:35:44,19.473432540893555,74.03614807128906,160.64453125,89.46969604492188,76.4000015258789,61.08940887451172,100.00360870361328,0.0,43.9693528312866,194063.0,19.882537841796875,25.703125,21.51446533203125,25.703125,34.12500047683716
2023-03-19 09:35:45,19.43036460876465,73.97590637207031,160.400390625,89.46969604492188,76.0999984741211,61.08940887451172,100.00360870361328,0.0,45.172418283228005,194063.0,19.33856201171875,24.560760498046875,23.309600830078125,19.447341918945312,34.12500047683716
2023-03-19 09:35:46,19.38924789428711,73.97590637207031,161.53157806396484,89.46969604492188,76.5999984741211,61.08940887451172,100.00360870361328,0.0,43.431268057311215,194063.0,21.4600830078125,23.88079833984375,21.05209350585937,23.0648193359375,34.12500047683716
2023-03-19 09:35:47,19.33807373046875,73.97590637207031,161.01888275146484,89.54545593261719,76.20000457763672,61.08940887451172,100.00360870361328,0.0,44.463471523032496,194063.0,20.616912841796875,25.240753173828125,22.38482666015625,24.370361328125,34.12500047683716
2023-03-19 09:35:48,19.30921173095703,73.97590637207031,161.5234375,89.54545593261719,76.0,61.08940887451172,100.00360870361328,0.0,45.30537206768984,194063.0,18.08740234375,25.2679443359375,23.0648193359375,24.479171752929688,34.12500047683716
2023-03-19 09:35:49,19.33357048034668,74.03614807128906,160.05859375,89.46969604492188,75.5999984741211,61.08940887451172,100.00360870361328,0.0,46.34452218000566,194063.0,20.752899169921875,22.60243225097656,19.88252258300781,22.52084350585937,34.12500047683716
2023-03-19 09:35:50,19.38364601135254,73.97590637207031,160.5875701904297,89.46969604492188,75.70000457763672,61.08940887451172,100.00360870361328,0.0,46.58093661541574,194063.0,22.738433837890625,23.772003173828125,24.12557983398437,20.181716918945312,34.12500047683716
2023-03-19 09:35:51,19.441768646240234,73.97590637207031,160.04232788085938,89.46969604492188,75.70000457763672,61.08940887451172,100.00360870361328,0.0,45.00227266796336,194063.0,18.196197509765625,21.405670166015625,21.05209350585937,21.81365966796875,34.12500047683716
2023-03-19 09:35:52,19.46918678283692,74.03614807128906,161.7268829345703,89.46969604492188,76.0999984741211,61.08940887451172,100.00360870361328,0.0,45.51684748048509,194063.0,21.18807983398437,26.301513671875,20.100112915039062,22.004058837890625,34.12500047683716
2023-03-19 09:35:53,19.451574325561523,74.03614807128906,160.4248046875,89.46969604492188,75.80000305175781,61.08940887451172,100.00360870361328,0.0,45.49760527001409,194063.0,20.80731201171875,23.092010498046875,20.426513671875,23.98959350585937,34.12500047683716
2023-03-19 09:35:54,19.405405044555664,74.03614807128906,161.14095306396484,89.31817626953125,75.4000015258789,61.08940887451172,100.00360870361328,0.0,45.22469002177212,194063.0,21.840866088867188,23.826385498046875,20.91607666015625,21.269683837890625,34.12500047683716
2023-03-19 09:35:55,19.36222267150879,73.97590637207031,161.14908599853516,88.86363220214844,75.80000305175781,61.08940887451172,100.00360870361328,0.0,45.19272732448915,194063.0,21.487274169921875,23.228012084960938,17.97857666015625,24.45196533203125,34.12500047683716
2023-03-19 09:35:56,19.335832595825195,74.03614807128906,161.61295318603516,87.95454406738281,76.0999984741211,61.08940887451172,100.00360870361328,0.0,42.004412064262105,194063.0,19.365753173828125,23.037628173828125,23.771987915039062,24.01678466796875,34.12500047683716
