time,feed_rate,classifier_speed,tension_pressure,mill_fan_speed,main_drive_speed,recirculation_damper_position,stack_damper_position,hotgas_generator_load,total_specific_energy,tonnage,roller_height_1,roller_height_2,roller_height_3,roller_height_4,roller_temperature
2021-11-28 15:50:00.002,26.357925415039062,93.0722885131836,166.1051483154297,84.54545593261719,87.0999984741211,61.23046875,99.94213104248048,28.291433334350582,37.17833926616584,42006.0,31.442138671875,31.360519409179688,20.3992919921875,21.65045166015625,42.10000038146973
2021-11-28 15:50:00.990,26.28801727294922,92.89157104492188,165.2506561279297,84.54545593261719,86.29999542236328,61.23046875,99.94213104248048,28.27343368530273,38.749986577173416,42006.0,33.91725158691406,24.560760498046875,19.71932983398437,24.832748413085938,42.10000038146973
2021-11-28 15:50:02.002,26.308237075805664,92.9518051147461,165.68196868896484,84.6212158203125,87.0999984741211,61.23046875,99.94213104248048,28.24580192565918,39.11763576160909,42006.0,28.66783142089844,25.89350891113281,23.445587158203125,28.17822265625,42.10000038146973
2021-11-28 15:50:02.995,26.308237075805664,92.9518051147461,165.68196868896484,84.6212158203125,87.0999984741211,61.23046875,99.94213104248048,28.24580192565918,39.11763576160909,42006.0,28.66783142089844,25.89350891113281,23.445587158203125,28.17822265625,42.10000038146973
2021-11-28 15:50:04.003,26.39159774780273,93.01204681396484,164.44498443603516,84.6212158203125,86.19999694824219,61.23046875,99.94213104248048,28.23409843444824,38.99674693523748,42006.0,30.00057983398437,29.266189575195312,24.832748413085938,21.840850830078125,42.10000038146973
2021-11-28 15:50:05.003,26.35870933532715,93.01204681396484,164.7542266845703,84.6212158203125,86.4000015258789,61.23046875,99.94213104248048,28.2145938873291,38.57483254706827,42006.0,31.251739501953125,27.33505249023437,22.92880249023437,22.73841857910156,42.10000038146973
2021-11-28 15:50:05.992,26.35870933532715,93.01204681396484,164.7542266845703,84.6212158203125,86.4000015258789,61.23046875,99.94213104248048,28.2145938873291,38.57483254706827,42006.0,31.251739501953125,27.33505249023437,22.92880249023437,22.73841857910156,42.10000038146973
2021-11-28 15:50:06.990,26.3046932220459,92.89157104492188,164.8112030029297,84.6212158203125,87.0,61.23046875,99.94213104248048,28.188507080078125,35.994190077973435,42006.0,30.02778625488281,29.456588745117188,21.840850830078125,25.703125,42.10000038146973
2021-11-28 15:50:07.991,26.30924224853516,92.9518051147461,166.5771484375,84.6212158203125,86.9000015258789,61.23046875,99.94213104248048,28.179807662963867,38.36543633940909,42006.0,30.84375,23.9351806640625,18.9305419921875,24.01678466796875,42.10000038146973
2021-11-28 15:50:08.990,26.30924224853516,92.9518051147461,166.5771484375,84.6212158203125,86.9000015258789,61.23046875,99.94213104248048,28.179807662963867,38.36543633940909,42006.0,30.84375,23.9351806640625,18.9305419921875,24.01678466796875,42.10000038146973
2021-11-28 15:50:09.994,26.418746948242188,93.13253021240234,166.12955474853516,84.6212158203125,87.0999984741211,61.23046875,99.94213104248048,28.171890258789062,37.79520991648853,42006.0,30.435775756835938,23.581588745117188,26.845489501953125,24.85995483398437,42.10000038146973
2021-11-28 15:50:10.995,26.435108184814453,93.0722885131836,164.5751953125,84.6212158203125,87.5999984741211,61.23046875,99.94213104248048,28.143787384033203,37.17689054742522,42006.0,32.802093505859375,28.314224243164062,22.847213745117188,25.077545166015625,42.10000038146973
2021-11-28 15:50:11.991,26.435108184814453,93.0722885131836,164.5751953125,84.6212158203125,87.5999984741211,61.23046875,99.94213104248048,28.143787384033203,37.17689054742522,42006.0,32.802093505859375,28.314224243164062,22.847213745117188,25.077545166015625,42.10000038146973
2021-11-28 15:50:12.994,26.419919967651367,92.89157104492188,165.5110626220703,84.54545593261719,86.79999542236328,61.23046875,99.94213104248048,28.109643936157227,37.44574619898991,42006.0,35.25,26.4375,20.18170166015625,19.74652099609375,42.10000038146973
2021-11-28 15:50:13.993,26.455760955810547,92.9518051147461,166.259765625,84.6212158203125,87.0,61.23046875,99.94213104248048,28.101364135742188,37.66720964399249,42006.0,32.938079833984375,28.151031494140625,26.2742919921875,27.035873413085938,42.10000038146973
2021-11-28 15:50:15.004,26.455760955810547,92.9518051147461,166.259765625,84.6212158203125,87.0,61.23046875,99.94213104248048,28.101364135742188,37.66720964399249,42006.0,32.938079833984375,28.151031494140625,26.2742919921875,27.035873413085938,42.10000038146973
2021-11-28 15:50:15.993,26.539438247680664,93.01204681396484,165.673828125,84.6212158203125,86.69999694824219,61.23046875,99.94213104248048,28.06903076171875,38.586527581067806,42006.0,34.16204833984375,27.7430419921875,25.077545166015625,22.65682983398437,42.10000038146973
2021-11-28 15:50:16.994,26.53263092041016,92.9518051147461,166.6748046875,84.6212158203125,87.4000015258789,61.23046875,99.94213104248048,28.06143569946289,37.66843618671616,42006.0,33.42767333984375,29.483795166015625,28.287017822265625,24.96875,42.10000038146973
2021-11-28 15:50:17.994,26.53263092041016,92.9518051147461,166.6748046875,84.6212158203125,87.4000015258789,61.23046875,99.94213104248048,28.06143569946289,37.66843618671616,42006.0,33.42767333984375,29.483795166015625,28.287017822265625,24.96875,42.10000038146973
2021-11-28 15:50:19.004,26.44517135620117,92.9518051147461,166.09700775146484,84.6212158203125,86.69999694824219,61.23046875,99.94213104248048,28.0429801940918,40.81894679840859,42006.0,34.6788330078125,25.512725830078125,25.648712158203125,24.94154357910156,42.10000038146973
2021-11-28 15:50:19.993,26.40061378479004,93.01204681396484,166.1376953125,84.6212158203125,85.79999542236328,61.23046875,99.94213104248048,28.01619529724121,41.567025598696674,42006.0,32.067718505859375,27.634246826171875,26.4375,23.880767822265625,42.10000038146973
2021-11-28 15:50:20.995,26.40061378479004,93.01204681396484,166.1376953125,84.6212158203125,85.79999542236328,61.23046875,99.94213104248048,28.01619529724121,41.567025598696674,42006.0,32.067718505859375,27.634246826171875,26.4375,23.880767822265625,42.10000038146973
2021-11-28 15:50:21.993,26.47239875793457,93.01204681396484,165.5517578125,84.54545593261719,85.79999542236328,61.23046875,99.94213104248048,28.00681495666504,41.19656281817035,42006.0,34.570037841796875,23.9351806640625,23.880767822265625,23.41839599609375,42.10000038146973
2021-11-28 15:50:22.990,26.45018768310547,92.9518051147461,164.65657806396484,84.6212158203125,86.79999542236328,61.23046875,99.94213104248048,27.978195190429688,39.58281685054483,42006.0,34.515625,27.0086669921875,24.0711669921875,17.352996826171875,42.10000038146973
2021-11-28 15:50:23.995,26.45018768310547,92.9518051147461,164.65657806396484,84.6212158203125,86.79999542236328,61.23046875,99.94213104248048,27.978195190429688,39.58281685054483,42006.0,34.515625,27.0086669921875,24.0711669921875,17.352996826171875,42.10000038146973
2021-11-28 15:50:24.991,26.319381713867188,93.01204681396484,165.03092193603516,84.6212158203125,86.79999542236328,61.23046875,99.94213104248048,27.954978942871094,39.22972713258471,42006.0,30.517364501953125,25.376724243164062,24.50634765625,23.445587158203125,42.10000038146973
2021-11-28 15:50:26.005,26.24619102478028,93.01204681396484,163.56607818603516,84.6212158203125,86.29999542236328,61.23046875,99.94213104248048,27.94371223449707,40.02504039987316,42006.0,35.33160400390625,28.06942749023437,21.623260498046875,19.36572265625,42.10000038146973
2021-11-28 15:50:27.993,26.319374084472656,92.9518051147461,165.1285858154297,84.6212158203125,85.5999984741211,61.23046875,99.94213104248048,27.92270278930664,41.19569253620497,42006.0,27.82466125488281,30.571746826171875,23.635986328125,25.947906494140625,42.10000038146973
2021-11-28 15:50:27.000,26.24619102478028,93.01204681396484,163.56607818603516,84.6212158203125,86.29999542236328,61.23046875,99.94213104248048,27.94371223449707,40.02504039987316,42006.0,35.33160400390625,28.06942749023437,21.623260498046875,19.36572265625,42.10000038146973
2021-11-28 15:50:28.990,26.344867706298828,93.01204681396484,165.71451568603516,84.6212158203125,86.5,61.23046875,99.94213104248048,27.89995574951172,39.90707773608708,42006.0,32.01332092285156,27.44384765625,21.024871826171875,22.24884033203125,42.10000038146973
2021-11-28 15:50:29.990,26.344867706298828,93.01204681396484,165.71451568603516,84.6212158203125,86.5,61.23046875,99.94213104248048,27.89995574951172,39.90707773608708,42006.0,32.01332092285156,27.44384765625,21.024871826171875,22.24884033203125,42.10000038146973
2021-11-28 15:50:30.991,26.257997512817383,92.9518051147461,166.1051483154297,84.6212158203125,86.5999984741211,61.23046875,99.94213104248048,27.89179039001465,39.80072715766746,42006.0,31.49653625488281,29.701385498046875,21.32406616210937,26.70947265625,42.10000038146973
2021-11-28 15:50:31.990,26.2820987701416,92.9518051147461,165.28321075439453,84.6212158203125,86.5,61.23046875,99.94213104248048,27.875459671020508,40.06660498517024,42006.0,34.053253173828125,28.722213745117188,22.92880249023437,27.22625732421875,42.10000038146973
2021-11-28 15:50:33.003,26.2820987701416,92.9518051147461,165.28321075439453,84.6212158203125,86.5,61.23046875,99.94213104248048,27.875459671020508,40.06660498517024,42006.0,34.053253173828125,28.722213745117188,22.92880249023437,27.22625732421875,42.10000038146973
2021-11-28 15:50:34.004,26.42841148376465,93.01204681396484,165.3157501220703,84.54545593261719,86.79999542236328,61.23046875,99.94213104248048,27.859128952026367,37.97937254922904,42006.0,26.274322509765625,25.13192749023437,24.01678466796875,29.021392822265625,42.10000038146973
2021-11-28 15:50:34.993,26.50962448120117,93.01204681396484,165.1204376220703,84.6212158203125,86.9000015258789,61.23046875,99.94213104248048,27.84851837158203,38.622666558646806,42006.0,31.08856201171875,27.797439575195312,19.909713745117188,23.989578247070312,42.10000038146973
2021-11-28 15:50:35.994,26.50962448120117,93.01204681396484,165.1204376220703,84.6212158203125,86.9000015258789,61.23046875,99.94213104248048,27.84851837158203,38.622666558646806,42006.0,31.08856201171875,27.797439575195312,19.909713745117188,23.989578247070312,42.10000038146973
2021-11-28 15:50:37.001,26.45242500305176,93.01204681396484,164.90072631835938,84.6212158203125,86.79999542236328,61.23046875,99.94213104248048,27.83544158935547,37.82459019738635,42006.0,32.99249267578125,30.40855407714844,23.744781494140625,23.28240966796875,42.10000038146973
2021-11-28 15:50:37.992,26.47669219970703,93.01204681396484,163.51725006103516,84.6212158203125,86.4000015258789,61.23046875,99.94213104248048,27.81070137023925,39.72540949004323,42006.0,30.92535400390625,26.70947265625,21.07928466796875,25.703125,42.10000038146973
2021-11-28 15:50:38.991,26.47669219970703,93.01204681396484,163.51725006103516,84.6212158203125,86.4000015258789,61.23046875,99.94213104248048,27.81070137023925,39.72540949004323,42006.0,30.92535400390625,26.70947265625,21.07928466796875,25.703125,42.10000038146973
2021-11-28 15:50:39.993,26.571786880493164,92.89157104492188,164.9169921875,84.6212158203125,86.4000015258789,61.23046875,99.94213104248048,27.808155059814453,39.42276285096498,42006.0,30.245376586914062,28.69500732421875,22.112838745117188,23.309600830078125,42.10000038146973
2021-11-28 15:50:40.992,26.637380599975582,93.01204681396484,166.10514068603516,84.6212158203125,87.4000015258789,61.23046875,99.94213104248048,27.80159950256348,37.83185311914032,42006.0,30.35418701171875,31.11572265625,26.111114501953125,24.179962158203125,42.10000038146973
2021-11-28 15:50:42.001,26.637380599975582,93.01204681396484,166.10514068603516,84.6212158203125,87.4000015258789,61.23046875,99.94213104248048,27.80159950256348,37.83185311914032,42006.0,30.35418701171875,31.11572265625,26.111114501953125,24.179962158203125,42.10000038146973
2021-11-28 15:50:43.010,26.51619911193848,93.0722885131836,164.49381256103516,84.6212158203125,87.0,61.23046875,99.94213104248048,27.78773498535156,38.9029659854159,42006.0,34.352447509765625,26.981475830078125,20.18170166015625,22.493621826171875,42.10000038146973
2021-11-28 15:50:43.993,26.37108612060547,92.9518051147461,166.30859375,84.6212158203125,87.30000305175781,61.23046875,99.94213104248048,27.783729553222656,37.56766259386995,42006.0,31.387741088867188,28.09663391113281,22.847213745117188,22.629623413085938,42.10000038146973
2021-11-28 15:50:44.994,26.37108612060547,92.9518051147461,166.30859375,84.6212158203125,87.30000305175781,61.23046875,99.94213104248048,27.783729553222656,37.56766259386995,42006.0,31.387741088867188,28.09663391113281,22.847213745117188,22.629623413085938,42.10000038146973
2021-11-28 15:50:46.002,26.29181861877441,92.89157104492188,164.78678131103516,84.6212158203125,86.19999694824219,61.23046875,99.94213104248048,27.78306579589844,40.38591604981978,42006.0,32.69329833984375,28.85821533203125,27.498260498046875,26.845489501953125,42.10000038146973
2021-11-28 15:50:46.993,26.413238525390625,93.0722885131836,165.29134368896484,84.6212158203125,87.0999984741211,61.23046875,99.94213104248048,27.77452087402344,39.96757240537071,42006.0,29.184616088867188,32.421295166015625,25.73031616210937,22.765625,42.10000038146973
2021-11-28 15:50:47.994,26.413238525390625,93.0722885131836,165.29134368896484,84.6212158203125,87.0999984741211,61.23046875,99.94213104248048,27.77452087402344,39.96757240537071,42006.0,29.184616088867188,32.421295166015625,25.73031616210937,22.765625,42.10000038146973
2021-11-28 15:50:48.994,26.2828311920166,93.01204681396484,163.88346099853516,84.6212158203125,87.0999984741211,61.23046875,99.94213104248048,27.77350616455078,39.42990468710914,42006.0,35.848388671875,27.1446533203125,26.41029357910156,25.376739501953125,42.10000038146973
2021-11-28 15:50:49.994,26.168569564819336,92.89157104492188,164.51009368896484,84.6212158203125,86.29999542236328,61.23046875,99.94213104248048,27.78046607971192,40.43499080566889,42006.0,34.134857177734375,24.315963745117188,26.70947265625,25.295135498046875,42.10000038146973
2021-11-28 15:50:50.991,26.168569564819336,92.89157104492188,164.51009368896484,84.6212158203125,86.29999542236328,61.23046875,99.94213104248048,27.78046607971192,40.43499080566889,42006.0,34.134857177734375,24.315963745117188,26.70947265625,25.295135498046875,42.10000038146973
2021-11-28 15:50:52.002,26.14913749694824,92.89157104492188,165.15299224853516,84.6212158203125,86.69999694824219,61.23046875,99.94213104248048,27.78337478637696,40.54043570239683,42007.0,32.85649108886719,30.0821533203125,24.6695556640625,23.5,42.10000038146973
2021-11-28 15:50:52.992,26.29317092895508,93.01204681396484,164.55892181396484,84.6212158203125,86.19999694824219,61.23046875,99.94213104248048,27.79977798461914,40.99541682184523,42007.0,33.019683837890625,30.0821533203125,20.671295166015625,25.295135498046875,42.10000038146973
2021-11-28 15:50:54.001,26.318374633789062,93.1927719116211,164.892578125,84.54545593261719,86.29999542236328,61.23046875,99.94213104248048,27.79523658752441,40.33225890986844,42007.0,32.04052734375,28.423019409179688,24.94154357910156,24.343170166015625,42.10000038146973
2021-11-28 15:50:54.993,26.318374633789062,93.1927719116211,164.892578125,84.54545593261719,86.29999542236328,61.23046875,99.94213104248048,27.79523658752441,40.33225890986844,42007.0,32.04052734375,28.423019409179688,24.94154357910156,24.343170166015625,42.10000038146973
2021-11-28 15:50:55.995,26.350812911987305,92.9518051147461,165.36458587646484,84.6212158203125,86.79999542236328,61.23046875,99.94213104248048,27.804243087768555,39.61347639575069,42007.0,31.387741088867188,25.784713745117188,23.79917907714844,24.315963745117188,42.10000038146973
2021-11-28 15:50:56.994,26.44797134399414,92.83132934570312,164.7705078125,84.6212158203125,86.19999694824219,61.23046875,99.94213104248048,27.81947898864746,39.16482414915991,42007.0,29.375,27.36225891113281,21.024871826171875,23.608795166015625,42.10000038146973
2021-11-28 15:50:58.005,26.44797134399414,92.83132934570312,164.7705078125,84.6212158203125,86.19999694824219,61.23046875,99.94213104248048,27.81947898864746,39.16482414915991,42007.0,29.375,27.36225891113281,21.024871826171875,23.608795166015625,42.10000038146973
2021-11-28 15:50:58.993,26.60095977783203,93.0722885131836,163.30565643310547,84.6212158203125,86.5999984741211,61.23046875,99.94213104248048,27.81797981262207,36.54435787911632,42007.0,31.8773193359375,23.98956298828125,20.72567749023437,24.58795166015625,42.10000038146973
2021-11-28 15:51:00.001,26.60095977783203,93.0722885131836,163.30565643310547,84.6212158203125,86.5999984741211,61.23046875,99.94213104248048,27.81797981262207,36.54435787911632,42007.0,31.8773193359375,23.98956298828125,20.72567749023437,24.58795166015625,42.10000038146973
2021-11-28 15:51:00.991,26.77249336242676,93.13253021240234,164.68099212646484,84.54545593261719,87.30000305175781,61.23046875,99.94213104248048,27.82986259460449,35.28978761581326,42007.0,34.515625,20.72567749023437,20.426498413085938,25.4039306640625,42.10000038146973
2021-11-28 15:51:02.004,26.76054000854492,92.89157104492188,164.7135467529297,84.54545593261719,87.19999694824219,61.23046875,99.94213104248048,27.8382568359375,37.37259446210077,42007.0,31.768524169921875,24.642349243164062,23.255203247070312,26.111114501953125,42.10000038146973
2021-11-28 15:51:02.993,26.76054000854492,92.89157104492188,164.7135467529297,84.54545593261719,87.19999694824219,61.23046875,99.94213104248048,27.8382568359375,37.37259446210077,42007.0,31.768524169921875,24.642349243164062,23.255203247070312,26.111114501953125,42.10000038146973
2021-11-28 15:51:04.004,26.68836212158203,92.89157104492188,166.1539764404297,84.6212158203125,86.79999542236328,61.23046875,99.94213104248048,27.842185974121094,38.29779691643771,42007.0,30.979751586914062,29.483795166015625,23.907989501953125,24.723953247070312,42.10000038146973
2021-11-28 15:51:04.990,26.721622467041016,93.01204681396484,166.91893768310547,84.6212158203125,87.69999694824219,61.23046875,99.94213104248048,27.86908912658692,36.52846751986784,42007.0,35.03240966796875,30.40855407714844,23.06480407714844,21.48725891113281,42.10000038146973
2021-11-28 15:51:06.002,26.721622467041016,93.01204681396484,166.91893768310547,84.6212158203125,87.69999694824219,61.23046875,99.94213104248048,27.86908912658692,36.52846751986784,42007.0,35.03240966796875,30.40855407714844,23.06480407714844,21.48725891113281,42.10000038146973
2021-11-28 15:51:06.994,26.686756134033203,93.13253021240234,166.9677734375,84.6212158203125,86.79999542236328,61.23046875,99.94213104248048,27.87409019470215,38.03013148082421,42007.0,30.02778625488281,30.109375,25.213531494140625,23.744781494140625,42.10000038146973
2021-11-28 15:51:07.994,26.495115280151367,92.89157104492188,168.96158599853516,84.6212158203125,86.19999694824219,61.23046875,99.94213104248048,27.88685607910156,38.79313553289016,42007.0,30.78936767578125,28.151031494140625,26.899871826171875,24.723953247070312,42.10000038146973
2021-11-28 15:51:09.001,26.495115280151367,92.89157104492188,168.96158599853516,84.6212158203125,86.19999694824219,61.23046875,99.94213104248048,27.88685607910156,38.79313553289016,42007.0,30.78936767578125,28.151031494140625,26.899871826171875,24.723953247070312,42.10000038146973
2021-11-28 15:51:09.995,26.313854217529297,92.9518051147461,168.66048431396484,84.6212158203125,86.9000015258789,61.23046875,99.94213104248048,27.915468215942383,39.95628310098885,42007.0,33.971649169921875,29.3477783203125,20.426498413085938,23.06480407714844,42.10000038146973
2021-11-28 15:51:10.993,26.23521041870117,93.13253021240234,169.51497650146484,84.6212158203125,87.0999984741211,61.23046875,99.94213104248048,27.927675247192383,39.26116253475331,42007.0,33.72686767578125,28.368621826171875,21.432861328125,19.692123413085938,42.10000038146973
2021-11-28 15:51:11.992,26.23521041870117,93.13253021240234,169.51497650146484,84.6212158203125,87.0999984741211,61.23046875,99.94213104248048,27.927675247192383,39.26116253475331,42007.0,33.72686767578125,28.368621826171875,21.432861328125,19.692123413085938,42.10000038146973
2021-11-28 15:51:12.994,26.17979621887207,92.9518051147461,169.7509765625,84.54545593261719,85.9000015258789,61.23046875,99.94213104248048,27.945358276367188,41.07673247507805,42007.0,33.971649169921875,24.832733154296875,22.65682983398437,25.811920166015625,42.10000038146973
2021-11-28 15:51:13.994,26.05251693725586,92.83132934570312,171.3541717529297,84.6212158203125,86.5999984741211,61.23046875,99.94213104248048,27.97662353515625,40.609160304449325,42007.0,31.686920166015625,26.111099243164062,29.8101806640625,27.47105407714844,42.10000038146973
2021-11-28 15:51:14.993,26.05251693725586,92.83132934570312,171.3541717529297,84.6212158203125,86.5999984741211,61.23046875,99.94213104248048,27.97662353515625,40.609160304449325,42007.0,31.686920166015625,26.111099243164062,29.8101806640625,27.47105407714844,42.10000038146973
2021-11-28 15:51:15.992,25.984119415283203,93.01204681396484,171.59830474853516,84.6212158203125,87.4000015258789,61.23046875,99.94213104248048,28.008560180664062,38.4621646575149,42007.0,31.034149169921875,27.19906616210937,23.79917907714844,23.907989501953125,42.10000038146973
2021-11-28 15:51:16.990,26.07798957824707,93.13253021240234,172.9736328125,84.6212158203125,86.69999694824219,61.23046875,99.94213104248048,28.03223991394043,40.64527974908825,42007.0,30.76216125488281,27.19906616210937,25.18634033203125,18.821746826171875,42.10000038146973
2021-11-28 15:51:18.002,26.07798957824707,93.13253021240234,172.9736328125,84.6212158203125,86.69999694824219,61.23046875,99.94213104248048,28.03223991394043,40.64527974908825,42007.0,30.76216125488281,27.19906616210937,25.18634033203125,18.821746826171875,42.10000038146973
2021-11-28 15:51:18.995,26.25620651245117,93.01204681396484,171.54134368896484,84.6212158203125,86.4000015258789,61.23046875,99.94213104248048,28.068328857421875,38.85941753971106,42007.0,35.222808837890625,26.301483154296875,22.276031494140625,26.8726806640625,42.10000038146973
2021-11-28 15:51:19.990,26.337495803833008,92.9518051147461,171.6715545654297,84.6212158203125,86.5999984741211,61.23046875,99.94213104248048,28.10598373413086,38.33436625285432,42007.0,33.48207092285156,26.573486328125,24.85995483398437,24.234375,42.10000038146973
2021-11-28 15:51:20.994,26.337495803833008,92.9518051147461,171.6715545654297,84.6212158203125,86.5999984741211,61.23046875,99.94213104248048,28.10598373413086,38.33436625285432,42007.0,33.48207092285156,26.573486328125,24.85995483398437,24.234375,42.10000038146973
2021-11-28 15:51:21.992,26.43665313720703,93.01204681396484,171.44368743896484,84.54545593261719,86.79999542236328,61.23046875,99.94213104248048,28.130083084106445,39.69763311645679,42007.0,31.7413330078125,29.375,24.696746826171875,25.02313232421875,42.10000038146973
2021-11-28 15:51:22.994,26.584850311279297,93.0722885131836,170.9065704345703,84.6212158203125,86.5,61.23046875,99.94213104248048,28.14742088317871,40.10263896460053,42007.0,36.36517333984375,28.749420166015625,24.15277099609375,24.26156616210937,42.10000038146973
2021-11-28 15:51:23.991,26.584850311279297,93.0722885131836,170.9065704345703,84.6212158203125,86.5,61.23046875,99.94213104248048,28.14742088317871,40.10263896460053,42007.0,36.36517333984375,28.749420166015625,24.15277099609375,24.26156616210937,42.10000038146973
2021-11-28 15:51:25.001,26.700092315673828,92.9518051147461,171.9401092529297,84.6212158203125,87.5999984741211,61.23046875,99.94213104248048,28.203487396240234,39.56111959691791,42007.0,33.101287841796875,27.552642822265625,25.26792907714844,29.021392822265625,42.10000038146973
2021-11-28 15:51:26.994,26.62231063842773,92.89157104492188,171.76920318603516,84.6212158203125,87.30000305175781,61.23046875,99.94213104248048,28.22467803955078,39.205588748565496,42007.0,34.406829833984375,30.84375,24.42475891113281,20.807281494140625,42.10000038146973
2021-11-28 15:51:26.000,26.62231063842773,92.89157104492188,171.76920318603516,84.6212158203125,87.30000305175781,61.23046875,99.94213104248048,28.22467803955078,39.205588748565496,42007.0,34.406829833984375,30.84375,24.42475891113281,20.807281494140625,42.10000038146973
2021-11-28 15:51:27.992,26.513824462890625,92.9518051147461,170.58919525146484,84.6212158203125,87.80000305175781,61.23046875,99.94213104248048,28.24738883972168,39.37308904184484,42007.0,29.32061767578125,27.33505249023437,23.47279357910156,28.25982666015625,42.10000038146973
2021-11-28 15:51:29.001,26.412952423095703,93.01204681396484,171.07747650146484,84.6212158203125,85.9000015258789,61.23046875,99.94213104248048,28.30157470703125,40.61410800726806,42007.0,32.04052734375,24.2071533203125,21.59605407714844,22.412017822265625,42.10000038146973
2021-11-28 15:51:29.992,26.412952423095703,93.01204681396484,171.07747650146484,84.6212158203125,85.9000015258789,61.23046875,99.94213104248048,28.30157470703125,40.61410800726806,42007.0,32.04052734375,24.2071533203125,21.59605407714844,22.412017822265625,42.10000038146973
2021-11-28 15:51:31.004,26.448007583618164,93.0722885131836,171.32161712646484,84.6212158203125,86.79999542236328,61.23046875,99.94213104248048,28.33282852172852,39.59585567184728,42007.0,32.3125,27.715850830078125,19.09375,23.092010498046875,42.10000038146973
2021-11-28 15:51:31.992,26.35330390930176,93.01204681396484,170.8821563720703,84.6212158203125,86.19999694824219,61.23046875,99.94213104248048,28.356990814208984,41.07747055180458,42007.0,32.421295166015625,26.2742919921875,26.519088745117188,23.989578247070312,42.10000038146973
2021-11-28 15:51:33.002,26.35330390930176,93.01204681396484,170.8821563720703,84.6212158203125,86.19999694824219,61.23046875,99.94213104248048,28.356990814208984,41.07747055180458,42007.0,32.421295166015625,26.2742919921875,26.519088745117188,23.989578247070312,42.10000038146973
2021-11-28 15:51:34.005,26.201732635498047,92.89157104492188,169.9137420654297,84.6212158203125,86.0999984741211,61.23046875,99.94213104248048,28.4063663482666,41.307089611941365,42007.0,31.60533142089844,26.328689575195312,20.91607666015625,25.02313232421875,42.10000038146973
2021-11-28 15:51:34.994,26.146991729736328,93.01204681396484,169.98697662353516,84.54545593261719,86.29999542236328,61.23046875,99.94213104248048,28.42572593688965,41.12410484723626,42007.0,28.8038330078125,22.79281616210937,25.5399169921875,22.357635498046875,42.10000038146973
2021-11-28 15:51:36.003,26.146991729736328,93.01204681396484,169.98697662353516,84.54545593261719,86.29999542236328,61.23046875,99.94213104248048,28.42572593688965,41.12410484723626,42007.0,28.8038330078125,22.79281616210937,25.5399169921875,22.357635498046875,42.10000038146973
2021-11-28 15:51:36.991,26.282276153564453,93.01204681396484,170.2229766845703,84.6212158203125,86.69999694824219,61.23046875,99.94213104248048,28.449478149414062,38.754976711025854,42007.0,31.22454833984375,27.688644409179688,22.439239501953125,22.24884033203125,42.10000038146973
2021-11-28 15:51:38.001,26.334930419921875,93.01204681396484,170.10091400146484,84.6212158203125,86.9000015258789,61.23046875,99.94213104248048,28.49662971496582,38.94968931899326,42007.0,30.4085693359375,29.837371826171875,23.2008056640625,20.12730407714844,42.10000038146973
2021-11-28 15:51:38.990,26.334930419921875,93.01204681396484,170.10091400146484,84.6212158203125,86.9000015258789,61.23046875,99.94213104248048,28.49662971496582,38.94968931899326,42007.0,30.4085693359375,29.837371826171875,23.2008056640625,20.12730407714844,42.10000038146973
2021-11-28 15:51:39.995,26.37877655029297,93.01204681396484,170.95540618896484,84.6212158203125,87.0,61.23046875,99.94213104248048,28.50146102905273,38.94043821595774,42007.0,29.26620483398437,24.751144409179688,23.010406494140625,24.39755249023437,42.10000038146973
2021-11-28 15:51:40.994,26.45063781738281,93.01204681396484,170.15787506103516,84.6212158203125,87.30000305175781,61.23046875,99.94213104248048,28.53729248046875,36.00576964456821,42007.0,31.115753173828125,26.60067749023437,21.160873413085938,23.227996826171875,42.10000038146973
2021-11-28 15:51:42.004,26.45063781738281,93.01204681396484,170.15787506103516,84.6212158203125,87.30000305175781,61.23046875,99.94213104248048,28.53729248046875,36.00576964456821,42007.0,31.115753173828125,26.60067749023437,21.160873413085938,23.227996826171875,42.10000038146973
2021-11-28 15:51:42.994,26.58112144470215,92.9518051147461,170.2067108154297,84.6212158203125,86.79999542236328,61.23046875,99.94213104248048,28.570655822753903,37.13039062473652,42007.0,33.2100830078125,28.83100891113281,21.024871826171875,20.83447265625,42.10000038146973
2021-11-28 15:51:44.003,26.61736869812012,92.89157104492188,168.69303131103516,84.54545593261719,86.79999542236328,61.23046875,99.94213104248048,28.581026077270508,37.53962313743719,42007.0,27.52548217773437,23.826385498046875,18.87615966796875,24.42475891113281,42.10000038146973
2021-11-28 15:51:44.994,26.61736869812012,92.89157104492188,168.69303131103516,84.54545593261719,86.79999542236328,61.23046875,99.94213104248048,28.581026077270508,37.53962313743719,42007.0,27.52548217773437,23.826385498046875,18.87615966796875,24.42475891113281,42.10000038146973
2021-11-28 15:51:46.000,26.53049087524414,93.01204681396484,169.91373443603516,84.6212158203125,86.9000015258789,61.23046875,99.94213104248048,28.624059677124023,36.86723819446372,42007.0,31.7413330078125,28.20542907714844,25.050338745117188,24.75115966796875,42.10000038146973
2021-11-28 15:51:47.004,26.439516067504883,93.0722885131836,170.1253204345703,84.6212158203125,87.4000015258789,61.23046875,99.94213104248048,28.64999008178711,37.13858288472427,42007.0,33.400482177734375,26.899871826171875,24.39755249023437,23.363998413085938,42.10000038146973
2021-11-28 15:51:47.992,26.439516067504883,93.0722885131836,170.1253204345703,84.6212158203125,87.4000015258789,61.23046875,99.94213104248048,28.64999008178711,37.13858288472427,42007.0,33.400482177734375,26.899871826171875,24.39755249023437,23.363998413085938,42.10000038146973
2021-11-28 15:51:48.992,26.446552276611328,92.9518051147461,169.8486328125,84.6212158203125,85.79999542236328,61.23046875,99.94213104248048,28.661890029907227,40.14657616938599,42007.0,33.29168701171875,24.53355407714844,22.05844116210937,17.706588745117188,42.10000038146973
2021-11-28 15:51:49.990,26.49289894104004,93.01204681396484,170.24739837646484,84.6212158203125,85.79999542236328,61.23046875,99.94213104248048,28.688405990600582,39.65994694421684,42007.0,32.12211608886719,23.25518798828125,24.370361328125,25.86630249023437,42.10000038146973
2021-11-28 15:51:51.002,26.49289894104004,93.01204681396484,170.24739837646484,84.6212158203125,85.79999542236328,61.23046875,99.94213104248048,28.688405990600582,39.65994694421684,42007.0,32.12211608886719,23.25518798828125,24.370361328125,25.86630249023437,42.10000038146973
2021-11-28 15:51:52.004,26.37944221496582,93.01204681396484,171.15071868896484,84.54545593261719,86.5,61.23046875,99.94213104248048,28.71129035949707,37.323070259952246,42007.0,31.08856201171875,28.423019409179688,28.776611328125,24.0711669921875,42.10000038146973
2021-11-28 15:51:53.001,26.297195434570312,92.9518051147461,170.7763671875,84.6212158203125,86.9000015258789,61.23046875,99.94213104248048,28.72119140625,39.06273162613952,42007.0,33.99884033203125,28.80380249023437,23.47279357910156,23.907989501953125,42.10000038146973
2021-11-28 15:51:53.991,26.297195434570312,92.9518051147461,170.7763671875,84.6212158203125,86.9000015258789,61.23046875,99.94213104248048,28.72119140625,39.06273162613952,42007.0,33.99884033203125,28.80380249023437,23.47279357910156,23.907989501953125,42.10000038146973
2021-11-28 15:51:54.994,26.322893142700195,92.89157104492188,171.61458587646484,84.6212158203125,86.79999542236328,61.23046875,99.94213104248048,28.757543563842773,40.216576066695374,42007.0,33.618072509765625,27.0086669921875,24.778350830078125,25.92071533203125,42.10000038146973
2021-11-28 15:51:55.995,26.40487098693848,93.01204681396484,170.71126556396484,84.6212158203125,87.30000305175781,61.23046875,99.94213104248048,28.781368255615234,38.49011839777309,42007.0,33.9444580078125,23.25518798828125,28.06942749023437,24.914337158203125,42.10000038146973
2021-11-28 15:51:57.005,26.40487098693848,93.01204681396484,170.71126556396484,84.6212158203125,87.30000305175781,61.23046875,99.94213104248048,28.781368255615234,38.49011839777309,42007.0,33.9444580078125,23.25518798828125,28.06942749023437,24.914337158203125,42.10000038146973
2021-11-28 15:51:57.994,26.338600158691406,93.01204681396484,170.3857421875,84.54545593261719,87.30000305175781,61.23046875,99.94213104248048,28.79425621032715,35.2171090878913,42007.0,34.515625,24.751144409179688,25.48553466796875,21.7320556640625,42.10000038146973
2021-11-28 15:51:58.995,26.287229537963867,93.01204681396484,170.6868438720703,84.6212158203125,87.5999984741211,61.23046875,99.94213104248048,28.82681655883789,39.783854670982514,42007.0,31.850128173828125,27.579849243164062,20.58969116210937,19.039337158203125,42.10000038146973
2021-11-28 15:51:59.994,26.287229537963867,93.01204681396484,170.6868438720703,84.6212158203125,87.5999984741211,61.23046875,99.94213104248048,28.82681655883789,39.783854670982514,42007.0,31.850128173828125,27.579849243164062,20.58969116210937,19.039337158203125,42.10000038146973
2021-11-28 15:52:00.990,26.30095291137696,93.01204681396484,170.09278106689453,84.6212158203125,86.5999984741211,61.23046875,99.94213104248048,28.844356536865234,39.08748437372409,42007.0,34.352447509765625,25.24072265625,22.4664306640625,23.092010498046875,42.10000038146973
2021-11-28 15:52:01.994,26.42349433898925,93.01204681396484,170.556640625,84.6212158203125,87.19999694824219,61.23046875,99.94213104248048,28.86254501342773,36.865466620363165,42007.0,32.4757080078125,26.981475830078125,24.20716857910156,24.88714599609375,42.10000038146973
2021-11-28 15:52:02.991,26.42349433898925,93.01204681396484,170.556640625,84.6212158203125,87.19999694824219,61.23046875,99.94213104248048,28.86254501342773,36.865466620363165,42007.0,32.4757080078125,26.981475830078125,24.20716857910156,24.88714599609375,42.10000038146973
2021-11-28 15:52:03.990,26.436004638671875,93.0722885131836,170.4833984375,84.6212158203125,88.5,61.23046875,99.94213104248048,28.88219451904297,36.97639898182406,42007.0,30.00057983398437,30.38134765625,26.32870483398437,21.7320556640625,42.10000038146973
2021-11-28 15:52:04.991,26.43951988220215,92.89157104492188,170.54036712646484,84.6212158203125,86.5999984741211,61.23046875,99.94213104248048,28.90692138671875,40.59413805718009,42007.0,33.86285400390625,28.3414306640625,24.642364501953125,22.82000732421875,42.10000038146973
2021-11-28 15:52:06.005,26.43951988220215,92.89157104492188,170.54036712646484,84.6212158203125,86.5999984741211,61.23046875,99.94213104248048,28.90692138671875,40.59413805718009,42007.0,33.86285400390625,28.3414306640625,24.642364501953125,22.82000732421875,42.10000038146973
2021-11-28 15:52:06.992,26.44263458251953,92.89157104492188,170.76009368896484,84.6212158203125,87.9000015258789,61.23046875,99.94213104248048,28.92224502563477,38.57146694542151,42007.0,32.149322509765625,28.749420166015625,20.426498413085938,21.106475830078125,42.10000038146973
2021-11-28 15:52:07.992,26.515893936157227,93.01204681396484,169.54752349853516,84.6212158203125,88.20000457763672,61.23046875,99.94213104248048,28.944271087646484,37.63923560446311,42007.0,27.770263671875,26.65509033203125,23.11920166015625,25.811920166015625,42.10000038146973
2021-11-28 15:52:08.991,26.515893936157227,93.01204681396484,169.54752349853516,84.6212158203125,88.20000457763672,61.23046875,99.94213104248048,28.944271087646484,37.63923560446311,42007.0,27.770263671875,26.65509033203125,23.11920166015625,25.811920166015625,42.10000038146973
2021-11-28 15:52:09.992,26.46043586730957,93.13253021240234,168.62792205810547,84.6212158203125,87.4000015258789,61.23046875,99.94213104248048,28.96575736999512,38.59108582213842,42007.0,30.59896850585937,24.15277099609375,23.146392822265625,26.95428466796875,42.10000038146973
2021-11-28 15:52:11.002,26.362045288085938,92.9518051147461,168.42447662353516,84.6212158203125,87.30000305175781,61.23046875,99.94213104248048,28.976524353027344,35.695685443283786,42007.0,29.89178466796875,26.19268798828125,24.8055419921875,23.9351806640625,42.125
2021-11-28 15:52:11.992,26.362045288085938,92.9518051147461,168.42447662353516,84.6212158203125,87.30000305175781,61.23046875,99.94213104248048,28.976524353027344,35.695685443283786,42007.0,29.89178466796875,26.19268798828125,24.8055419921875,23.9351806640625,42.125
2021-11-28 15:52:12.995,26.281658172607425,92.9518051147461,168.0989532470703,84.6212158203125,87.0999984741211,61.23046875,99.94213104248048,29.002347946166992,36.267082212135165,42007.0,28.613433837890625,23.79917907714844,18.604156494140625,19.964111328125,42.125
2021-11-28 15:52:14.003,26.314571380615234,93.01204681396484,165.95052337646484,84.6212158203125,87.0999984741211,61.23046875,99.94213104248048,29.02524185180664,34.49941760228419,42007.0,25.62153625488281,19.338531494140625,17.053802490234375,19.474517822265625,42.125
2021-11-28 15:52:14.994,26.314571380615234,93.01204681396484,165.95052337646484,84.6212158203125,87.0999984741211,61.23046875,99.94213104248048,29.02524185180664,34.49941760228419,42007.0,25.62153625488281,19.338531494140625,17.053802490234375,19.474517822265625,42.125
2021-11-28 15:52:15.990,26.28903579711914,92.89157104492188,163.8671875,84.6212158203125,87.0999984741211,61.23046875,99.94213104248048,29.04610824584961,32.970750109591314,42007.0,19.09375,18.604156494140625,14.877883911132812,14.60589599609375,42.10000038146973
2021-11-28 15:52:16.991,26.2003231048584,92.89157104492188,161.4827423095703,84.6212158203125,86.9000015258789,61.23046875,99.94213104248048,29.066211700439453,32.08155693056062,42007.0,18.685775756835938,15.204269409179688,8.894088745117188,9.002883911132812,42.125
2021-11-28 15:52:18.003,26.2003231048584,92.89157104492188,161.4827423095703,84.6212158203125,86.9000015258789,61.23046875,99.94213104248048,29.066211700439453,32.08155693056062,42007.0,18.685775756835938,15.204269409179688,8.894088745117188,9.002883911132812,42.125
2021-11-28 15:52:18.993,26.15811920166016,92.9518051147461,160.693359375,84.6212158203125,86.69999694824219,61.23408508300781,99.94213104248048,29.09554672241211,31.399848976126385,42007.0,11.886001586914062,14.089111328125,7.017364501953125,7.316543579101562,42.14999961853027
2021-11-28 15:52:19.992,26.265926361083984,93.0722885131836,157.763671875,84.6212158203125,86.0999984741211,61.23046875,99.94213104248048,29.107898712158203,34.69727984570373,42007.0,11.940399169921877,6.201385498046875,2.964691162109375,1.142364501953125,42.125
2021-11-28 15:52:20.994,26.265926361083984,93.0722885131836,157.763671875,84.6212158203125,86.0999984741211,61.23046875,99.94213104248048,29.107898712158203,34.69727984570373,42007.0,11.940399169921877,6.201385498046875,2.964691162109375,1.142364501953125,42.125
2021-11-28 15:52:21.990,26.370037078857425,92.89157104492188,159.326171875,84.54545593261719,85.79999542236328,61.23408508300781,99.94213104248048,29.13115882873535,30.59694257579512,42007.0,8.2413330078125,7.588531494140625,3.3726806640625,1.7679290771484375,42.125
2021-11-28 15:52:22.994,26.41676902770996,92.77108001708984,163.27310943603516,84.6212158203125,86.4000015258789,61.23046875,99.94213104248048,29.14976119995117,32.4112011592784,42007.0,16.754638671875,10.55322265625,6.745361328125,6.22857666015625,42.14999961853027
2021-11-28 15:52:23.991,26.41676902770996,92.77108001708984,163.27310943603516,84.6212158203125,86.4000015258789,61.23046875,99.94213104248048,29.14976119995117,32.4112011592784,42007.0,16.754638671875,10.55322265625,6.745361328125,6.22857666015625,42.14999961853027
2021-11-28 15:52:24.995,26.46808433532715,93.3132553100586,167.15494537353516,84.6212158203125,86.4000015258789,61.23046875,99.94213104248048,29.15665054321289,34.79256612013967,42007.0,19.44735717773437,21.7320556640625,10.825225830078123,6.282989501953125,42.14999961853027
2021-11-28 15:52:25.994,26.568199157714844,93.4337387084961,167.8385467529297,84.54545593261719,85.79999542236328,61.23046875,99.94213104248048,29.17043113708496,35.74007932006776,42007.0,22.9288330078125,20.75288391113281,12.157989501953123,13.953125,42.125
2021-11-28 15:52:27.005,26.568199157714844,93.4337387084961,167.8385467529297,84.54545593261719,85.79999542236328,61.23046875,99.94213104248048,29.17043113708496,35.74007932006776,42007.0,22.9288330078125,20.75288391113281,12.157989501953123,13.953125,42.125
2021-11-28 15:52:27.991,26.628585815429688,93.0722885131836,169.62890625,84.54545593261719,86.69999694824219,61.23046875,99.94213104248048,29.1842098236084,35.23520727097278,42007.0,23.98959350585937,22.629608154296875,14.796295166015623,18.57696533203125,42.14999961853027
2021-11-28 15:52:29.001,26.490800857543945,92.77108001708984,173.4456329345703,84.54545593261719,86.79999542236328,61.23046875,99.94213104248048,29.19110107421875,36.27040014734165,42007.0,26.08392333984375,27.7430419921875,19.71932983398437,18.41375732421875,42.14999961853027
2021-11-28 15:52:29.993,26.490800857543945,92.77108001708984,173.4456329345703,84.54545593261719,86.79999542236328,61.23046875,99.94213104248048,29.19110107421875,36.27040014734165,42007.0,26.08392333984375,27.7430419921875,19.71932983398437,18.41375732421875,42.14999961853027
2021-11-28 15:52:30.991,26.379535675048828,92.89157104492188,167.4723358154297,84.6212158203125,87.19999694824219,61.23408508300781,99.94213104248048,29.19915199279785,37.818685028437926,42007.0,32.55731201171875,24.58795166015625,21.94964599609375,18.223373413085938,42.14999961853027
2021-11-28 15:52:31.991,26.35401153564453,93.1927719116211,169.93814849853516,84.6212158203125,87.4000015258789,61.23046875,99.94213104248048,29.20377922058105,36.28078281594998,42007.0,27.715866088867188,25.6759033203125,15.068267822265623,25.839111328125,42.14999961853027
2021-11-28 15:52:33.004,26.35401153564453,93.1927719116211,169.93814849853516,84.6212158203125,87.4000015258789,61.23046875,99.94213104248048,29.20377922058105,36.28078281594998,42007.0,27.715866088867188,25.6759033203125,15.068267822265623,25.839111328125,42.14999961853027
2021-11-28 15:52:33.994,26.38672637939453,92.9518051147461,169.3928985595703,84.54545593261719,86.29999542236328,61.23046875,99.94213104248048,29.19750595092773,38.89410971788556,42007.0,25.48553466796875,20.644088745117188,22.54803466796875,25.648712158203125,42.14999961853027
2021-11-28 15:52:34.993,26.321895599365234,92.83132934570312,170.4508514404297,84.54545593261719,86.29999542236328,61.23046875,99.94213104248048,29.18372917175293,39.56354991726964,42007.0,27.60707092285156,28.232635498046875,20.18170166015625,21.840850830078125,42.14999961853027
2021-11-28 15:52:36.003,26.321895599365234,92.83132934570312,170.4508514404297,84.54545593261719,86.29999542236328,61.23046875,99.94213104248048,29.18372917175293,39.56354991726964,42007.0,27.60707092285156,28.232635498046875,20.18170166015625,21.840850830078125,42.14999961853027
2021-11-28 15:52:36.993,26.27418708801269,93.01204681396484,169.27083587646484,84.6212158203125,86.29999542236328,61.23046875,99.94213104248048,29.170988082885746,39.45683679871736,42007.0,31.115753173828125,23.77197265625,15.177078247070312,21.8680419921875,42.14999961853027
2021-11-28 15:52:37.994,26.274219512939453,93.0722885131836,170.4508514404297,84.6212158203125,86.4000015258789,61.23046875,99.94213104248048,29.1477279663086,39.385970847152194,42007.0,33.2100830078125,19.773712158203125,19.12094116210937,22.95600891113281,42.14999961853027
2021-11-28 15:52:38.993,26.274219512939453,93.0722885131836,170.4508514404297,84.6212158203125,86.4000015258789,61.23046875,99.94213104248048,29.1477279663086,39.385970847152194,42007.0,33.2100830078125,19.773712158203125,19.12094116210937,22.95600891113281,42.14999961853027
2021-11-28 15:52:39.992,26.3779354095459,92.89157104492188,170.0764923095703,84.6212158203125,87.0,61.23046875,99.94213104248048,29.08711814880371,36.21591719521159,42007.0,29.6741943359375,22.82000732421875,22.65682983398437,25.73031616210937,42.14999961853027
2021-11-28 15:52:41.002,26.40949058532715,92.89157104492188,169.78353118896484,84.54545593261719,88.0999984741211,61.23046875,99.94213104248048,29.05289077758789,36.718840771883706,42007.0,27.280670166015625,20.86167907714844,22.79281616210937,21.92245483398437,42.14999961853027
2021-11-28 15:52:41.991,26.40949058532715,92.89157104492188,169.78353118896484,84.54545593261719,88.0999984741211,61.23046875,99.94213104248048,29.05289077758789,36.718840771883706,42007.0,27.280670166015625,20.86167907714844,22.79281616210937,21.92245483398437,42.14999961853027
2021-11-28 15:52:42.992,26.378639221191406,93.13253021240234,171.19139862060547,84.6212158203125,87.19999694824219,61.23046875,99.94213104248048,29.015838623046875,37.87144689184471,42007.0,29.239013671875,25.784713745117188,21.541656494140625,23.06480407714844,42.14999961853027
2021-11-28 15:52:43.994,26.415258407592773,92.9518051147461,169.8160858154297,84.6212158203125,87.30000305175781,61.23046875,99.94213104248048,28.96733283996582,37.03248699582207,42007.0,33.019683837890625,25.86630249023437,26.00230407714844,20.3992919921875,42.14999961853027
2021-11-28 15:52:44.992,26.415258407592773,92.9518051147461,169.8160858154297,84.6212158203125,87.30000305175781,61.23046875,99.94213104248048,28.96733283996582,37.03248699582207,42007.0,33.019683837890625,25.86630249023437,26.00230407714844,20.3992919921875,42.14999961853027
2021-11-28 15:52:45.993,26.50165367126465,92.9518051147461,170.8821563720703,84.6212158203125,87.30000305175781,61.23046875,99.94213104248048,28.91854476928711,37.52999701536558,42007.0,30.46298217773437,22.33042907714844,23.255203247070312,22.629623413085938,42.14999961853027
2021-11-28 15:52:46.990,26.44606208801269,93.0722885131836,169.12435150146484,84.6212158203125,87.5,61.23046875,99.94213104248048,28.87654495239257,38.41834391089791,42007.0,31.714126586914062,22.439224243164062,24.6695556640625,22.79281616210937,42.14999961853027
2021-11-28 15:52:47.993,26.44606208801269,93.0722885131836,169.12435150146484,84.6212158203125,87.5,61.23046875,99.94213104248048,28.87654495239257,38.41834391089791,42007.0,31.714126586914062,22.439224243164062,24.6695556640625,22.79281616210937,42.14999961853027
2021-11-28 15:52:48.993,26.404083251953125,93.01204681396484,170.08463287353516,84.54545593261719,87.4000015258789,61.23046875,99.94213104248048,28.82681655883789,37.76132009722507,42007.0,31.52374267578125,24.859939575195312,23.69038391113281,23.635986328125,42.14999961853027
2021-11-28 15:52:49.991,26.379758834838867,93.01204681396484,171.01236724853516,84.6212158203125,87.4000015258789,61.23046875,99.94213104248048,28.75575256347656,37.22917726364694,42007.0,30.62615966796875,22.140045166015625,23.79917907714844,19.692123413085938,42.14999961853027
2021-11-28 15:52:50.991,26.379758834838867,93.01204681396484,171.01236724853516,84.6212158203125,87.4000015258789,61.23046875,99.94213104248048,28.75575256347656,37.22917726364694,42007.0,30.62615966796875,22.140045166015625,23.79917907714844,19.692123413085938,42.14999961853027
2021-11-28 15:52:51.994,26.460073471069336,93.01204681396484,170.9065704345703,84.6212158203125,88.5999984741211,61.23046875,99.94213104248048,28.715076446533203,36.2952179673184,42007.0,31.79571533203125,26.383087158203125,22.95600891113281,20.970489501953125,42.14999961853027
2021-11-28 15:52:53.001,26.432472229003903,92.9518051147461,170.9635467529297,84.6212158203125,87.0999984741211,61.23046875,99.94213104248048,28.67961311340332,38.17662994143263,42007.0,31.60533142089844,28.99420166015625,23.255203247070312,15.721054077148438,42.14999961853027
2021-11-28 15:52:53.991,26.432472229003903,92.9518051147461,170.9635467529297,84.6212158203125,87.0999984741211,61.23046875,99.94213104248048,28.67961311340332,38.17662994143263,42007.0,31.60533142089844,28.99420166015625,23.255203247070312,15.721054077148438,42.14999961853027
2021-11-28 15:52:54.991,26.380096435546875,92.9518051147461,171.76107025146484,84.6212158203125,87.0999984741211,61.23046875,99.94213104248048,28.596900939941406,39.851543746522246,42007.0,31.27894592285156,25.02313232421875,22.03125,21.405670166015625,42.14999961853027
2021-11-28 15:52:55.994,26.34319877624512,93.13253021240234,171.57389068603516,84.6212158203125,87.0,61.23046875,99.94213104248048,28.54793167114257,38.15176307321845,42007.0,27.226287841796875,24.778350830078125,26.981475830078125,22.98321533203125,42.14999961853027
2021-11-28 15:52:57.002,26.34319877624512,93.13253021240234,171.57389068603516,84.6212158203125,87.0,61.23046875,99.94213104248048,28.54793167114257,38.15176307321845,42007.0,27.226287841796875,24.778350830078125,26.981475830078125,22.98321533203125,42.14999961853027
2021-11-28 15:52:57.995,26.397384643554688,93.0722885131836,169.58821868896484,84.54545593261719,86.9000015258789,61.23046875,99.94213104248048,28.508996963500977,37.8169395408846,42007.0,29.72860717773437,25.92071533203125,24.50634765625,20.58969116210937,42.14999961853027
2021-11-28 15:52:59.001,26.38377571105957,92.9518051147461,169.66959381103516,84.6212158203125,85.9000015258789,61.23046875,99.94213104248048,28.42177391052246,37.85561615352378,42007.0,31.170150756835938,23.4727783203125,21.541656494140625,20.5625,42.14999961853027
2021-11-28 15:53:00.003,26.38377571105957,92.9518051147461,169.66959381103516,84.6212158203125,85.9000015258789,61.23046875,99.94213104248048,28.42177391052246,37.85561615352378,42007.0,31.170150756835938,23.4727783203125,21.541656494140625,20.5625,42.14999961853027
2021-11-28 15:53:00.993,26.32051086425781,93.01204681396484,170.19043731689453,84.6212158203125,86.29999542236328,61.23046875,99.94213104248048,28.37991714477539,38.905981132108295,42007.0,30.653366088867188,24.914337158203125,23.826385498046875,20.888885498046875,42.14999961853027
2021-11-28 15:53:01.991,26.31360244750977,93.01204681396484,169.59635162353516,84.6212158203125,86.4000015258789,61.23046875,99.94213104248048,28.322067260742188,39.4696587523864,42007.0,31.46932983398437,22.656814575195312,21.405670166015625,24.85995483398437,42.14999961853027
2021-11-28 15:53:02.990,26.31360244750977,93.01204681396484,169.59635162353516,84.6212158203125,86.4000015258789,61.23046875,99.94213104248048,28.322067260742188,39.4696587523864,42007.0,31.46932983398437,22.656814575195312,21.405670166015625,24.85995483398437,42.14999961853027
2021-11-28 15:53:04.004,26.37987518310547,93.0722885131836,170.9309844970703,84.6212158203125,86.4000015258789,61.23046875,99.94213104248048,28.249000549316406,38.159471151468495,42007.0,26.4375,28.450225830078125,20.04571533203125,23.173614501953125,42.14999961853027
2021-11-28 15:53:04.994,26.42788314819336,93.01204681396484,170.83333587646484,84.54545593261719,87.0,61.23046875,99.94213104248048,28.232234954833984,37.86891820636841,42007.0,30.00057983398437,27.688644409179688,21.32406616210937,24.45196533203125,42.14999961853027
2021-11-28 15:53:06.005,26.42788314819336,93.01204681396484,170.83333587646484,84.54545593261719,87.0,61.23046875,99.94213104248048,28.232234954833984,37.86891820636841,42007.0,30.00057983398437,27.688644409179688,21.32406616210937,24.45196533203125,42.14999961853027
2021-11-28 15:53:06.994,26.38625144958496,92.9518051147461,170.32064056396484,84.54545593261719,86.4000015258789,61.23046875,99.94213104248048,28.166563034057617,38.11342305675259,42007.0,29.61981201171875,29.72857666015625,22.22163391113281,22.30322265625,42.14999961853027
2021-11-28 15:53:07.994,26.369415283203125,92.9518051147461,170.91471099853516,84.6212158203125,87.5999984741211,61.23046875,99.94213104248048,28.10203742980957,37.49860037867171,42007.0,23.93519592285156,23.2008056640625,20.83447265625,23.77197265625,42.17499923706055
2021-11-28 15:53:08.991,26.369415283203125,92.9518051147461,170.91471099853516,84.6212158203125,87.5999984741211,61.23046875,99.94213104248048,28.10203742980957,37.49860037867171,42007.0,23.93519592285156,23.2008056640625,20.83447265625,23.77197265625,42.17499923706055
2021-11-28 15:53:09.990,26.42420196533203,93.0722885131836,169.5556640625,84.6212158203125,87.19999694824219,61.23046875,99.94213104248048,28.092857360839844,37.63292134802264,42007.0,29.973388671875,26.8726806640625,23.880767822265625,19.909713745117188,42.17499923706055
2021-11-28 15:53:10.990,26.46302604675293,92.9518051147461,170.751953125,84.54545593261719,86.5999984741211,61.23046875,99.94213104248048,28.024417877197266,38.1359833077788,42007.0,31.904525756835938,29.483795166015625,20.5625,25.349517822265625,42.17499923706055
2021-11-28 15:53:11.990,26.46302604675293,92.9518051147461,170.751953125,84.54545593261719,86.5999984741211,61.23046875,99.94213104248048,28.024417877197266,38.1359833077788,42007.0,31.904525756835938,29.483795166015625,20.5625,25.349517822265625,42.17499923706055
2021-11-28 15:53:12.994,26.44574546813965,92.9518051147461,167.74088287353516,84.6212158203125,86.5999984741211,61.23046875,99.94213104248048,27.96619415283203,39.109933100794095,42007.0,31.387741088867188,23.907974243164062,23.55438232421875,17.135406494140625,42.17499923706055
2021-11-28 15:53:13.993,26.457496643066406,93.01204681396484,169.69400787353516,84.6212158203125,86.19999694824219,61.23046875,99.94213104248048,27.94770812988281,38.65682412408657,42007.0,26.35591125488281,25.4039306640625,20.072906494140625,24.343170166015625,42.17499923706055
2021-11-28 15:53:15.005,26.457496643066406,93.01204681396484,169.69400787353516,84.6212158203125,86.19999694824219,61.23046875,99.94213104248048,27.94770812988281,38.65682412408657,42007.0,26.35591125488281,25.4039306640625,20.072906494140625,24.343170166015625,42.17499923706055
2021-11-28 15:53:15.992,26.498010635375977,93.01204681396484,170.67057037353516,84.6212158203125,86.79999542236328,61.23046875,99.94213104248048,27.89653205871582,39.2540098897333,42007.0,30.218170166015625,25.784713745117188,19.583328247070312,25.62152099609375,42.17499923706055
2021-11-28 15:53:17.002,26.53285789489746,92.9518051147461,169.5231170654297,84.6212158203125,87.30000305175781,61.23046875,99.94213104248048,27.85420608520508,37.43457280387933,42007.0,31.714126586914062,29.456588745117188,22.54803466796875,22.140045166015625,42.17499923706055
2021-11-28 15:53:17.992,26.53285789489746,92.9518051147461,169.5231170654297,84.6212158203125,87.30000305175781,61.23046875,99.94213104248048,27.85420608520508,37.43457280387933,42007.0,31.714126586914062,29.456588745117188,22.54803466796875,22.140045166015625,42.17499923706055
2021-11-28 15:53:18.993,26.456802368164062,93.01204681396484,169.51497650146484,84.6212158203125,86.0999984741211,61.23046875,99.94213104248048,27.81699752807617,39.75601139760524,42007.0,30.979751586914062,23.608795166015625,22.520828247070312,20.86167907714844,42.17499923706055
2021-11-28 15:53:19.992,26.41368293762207,93.01204681396484,168.79068756103516,84.54545593261719,87.5999984741211,61.23046875,99.94213104248048,27.76864051818848,38.83870622528546,42007.0,27.035888671875,25.89350891113281,20.12730407714844,25.5399169921875,42.17499923706055
2021-11-28 15:53:20.992,26.41368293762207,93.01204681396484,168.79068756103516,84.54545593261719,87.5999984741211,61.23046875,99.94213104248048,27.76864051818848,38.83870622528546,42007.0,27.035888671875,25.89350891113281,20.12730407714844,25.5399169921875,42.17499923706055
2021-11-28 15:53:21.994,26.40066146850586,92.9518051147461,170.18228912353516,84.54545593261719,87.5,61.23046875,99.94213104248048,27.7342472076416,38.31137466540958,42007.0,29.647003173828125,29.266189575195312,23.744781494140625,28.504623413085938,42.17499923706055
2021-11-28 15:53:22.995,26.431381225585938,93.01204681396484,169.3278045654297,84.6212158203125,86.29999542236328,61.23046875,99.94213104248048,27.70758056640625,39.21044237207216,42007.0,32.69329833984375,29.56538391113281,23.255203247070312,23.880767822265625,42.17499923706055
2021-11-28 15:53:23.991,26.431381225585938,93.01204681396484,169.3278045654297,84.6212158203125,86.29999542236328,61.23046875,99.94213104248048,27.70758056640625,39.21044237207216,42007.0,32.69329833984375,29.56538391113281,23.255203247070312,23.880767822265625,42.17499923706055
2021-11-28 15:53:25.001,26.3338680267334,93.01204681396484,168.603515625,84.6212158203125,87.30000305175781,61.23046875,99.94213104248048,27.65611457824707,39.47707631989528,42007.0,33.29168701171875,26.19268798828125,18.7945556640625,23.3367919921875,42.17499923706055
2021-11-28 15:53:25.991,26.257719039916992,92.9518051147461,169.8079376220703,84.6212158203125,86.19999694824219,61.23046875,99.94213104248048,27.62520217895508,40.844344870163,42007.0,29.565399169921875,26.8726806640625,20.78009033203125,23.28240966796875,42.17499923706055
2021-11-28 15:53:27.000,26.257719039916992,92.9518051147461,169.8079376220703,84.6212158203125,86.19999694824219,61.23046875,99.94213104248048,27.62520217895508,40.844344870163,42007.0,29.565399169921875,26.8726806640625,20.78009033203125,23.28240966796875,42.17499923706055
2021-11-28 15:53:28.992,26.326709747314453,92.9518051147461,169.921875,84.6212158203125,86.4000015258789,61.23046875,99.94213104248048,27.554672241210938,38.61027193221538,42007.0,33.42767333984375,29.40219116210937,25.15913391113281,20.01850891113281,42.17499923706055
2021-11-28 15:53:28.000,26.254756927490234,93.01204681396484,170.5973358154297,84.54545593261719,86.9000015258789,61.23046875,99.94213104248048,27.59783172607422,39.79327098898413,42007.0,32.12211608886719,31.088531494140625,24.098373413085938,26.8726806640625,42.17499923706055
2021-11-28 15:53:29.991,26.326709747314453,92.9518051147461,169.921875,84.6212158203125,86.4000015258789,61.23046875,99.94213104248048,27.554672241210938,38.61027193221538,42007.0,33.42767333984375,29.40219116210937,25.15913391113281,20.01850891113281,42.17499923706055
2021-11-28 15:53:31.001,26.265321731567383,93.01204681396484,169.71842193603516,84.6212158203125,86.19999694824219,61.23046875,99.94213104248048,27.51524353027344,39.12493165690105,42007.0,30.517364501953125,27.579849243164062,19.556121826171875,19.71932983398437,42.17499923706055
2021-11-28 15:53:31.990,26.26456069946289,93.01204681396484,169.8160858154297,84.6212158203125,86.5,61.23046875,99.94213104248048,27.46625328063965,38.124925618331886,42007.0,33.400482177734375,29.8101806640625,19.12094116210937,21.432861328125,42.17499923706055
2021-11-28 15:53:33.000,26.26456069946289,93.01204681396484,169.8160858154297,84.6212158203125,86.5,61.23046875,99.94213104248048,27.46625328063965,38.124925618331886,42007.0,33.400482177734375,29.8101806640625,19.12094116210937,21.432861328125,42.17499923706055
2021-11-28 15:53:34.001,26.33317947387696,92.9518051147461,169.12435150146484,84.6212158203125,85.5999984741211,61.23046875,99.94213104248048,27.43060302734375,38.319712563295965,42007.0,31.30615234375,27.1446533203125,22.79281616210937,24.0711669921875,42.17499923706055
2021-11-28 15:53:34.990,26.477832794189453,93.01204681396484,169.66959381103516,84.6212158203125,86.0999984741211,61.23046875,99.94213104248048,27.410200119018555,37.64651804745854,42007.0,32.53009033203125,26.899871826171875,23.9351806640625,23.71759033203125,42.17499923706055
2021-11-28 15:53:36.002,26.477832794189453,93.01204681396484,169.66959381103516,84.6212158203125,86.0999984741211,61.23046875,99.94213104248048,27.410200119018555,37.64651804745854,42007.0,32.53009033203125,26.899871826171875,23.9351806640625,23.71759033203125,42.17499923706055
2021-11-28 15:53:36.993,26.42183303833008,93.01204681396484,169.49869537353516,84.6212158203125,87.0,61.23046875,99.94213104248048,27.37314414978028,38.32763853847458,42007.0,34.54283142089844,29.8101806640625,25.458328247070312,19.5289306640625,42.17499923706055
2021-11-28 15:53:38.005,26.4382438659668,92.9518051147461,168.8313751220703,84.6212158203125,87.0999984741211,61.23046875,99.94213104248048,27.362211227416992,38.29899026451719,42007.0,32.6116943359375,20.372100830078125,24.94154357910156,21.35125732421875,42.17499923706055
2021-11-28 15:53:38.994,26.4382438659668,92.9518051147461,168.8313751220703,84.6212158203125,87.0999984741211,61.23046875,99.94213104248048,27.362211227416992,38.29899026451719,42007.0,32.6116943359375,20.372100830078125,24.94154357910156,21.35125732421875,42.17499923706055
2021-11-28 15:53:39.995,26.50375747680664,93.01204681396484,170.3125,84.6212158203125,86.5999984741211,61.23046875,99.94213104248048,27.325672149658203,36.71363946664563,42007.0,32.09490966796875,23.635986328125,25.32232666015625,23.309600830078125,42.17499923706055
2021-11-28 15:53:41.001,26.61868095397949,92.9518051147461,170.2229766845703,84.6212158203125,87.19999694824219,61.23046875,99.94213104248048,27.30890655517578,39.119710114500336,42007.0,31.0069580078125,27.1446533203125,30.190963745117188,21.024871826171875,42.17499923706055
2021-11-28 15:53:42.002,26.61868095397949,92.9518051147461,170.2229766845703,84.6212158203125,87.19999694824219,61.23046875,99.94213104248048,27.30890655517578,39.119710114500336,42007.0,31.0069580078125,27.1446533203125,30.190963745117188,21.024871826171875,42.17499923706055
2021-11-28 15:53:42.992,26.58304023742676,93.01204681396484,170.39388275146484,84.6212158203125,87.5,61.23046875,99.94213104248048,27.27924156188965,39.06424353468053,42007.0,29.07582092285156,23.227996826171875,25.077545166015625,22.79281616210937,42.17499923706055
2021-11-28 15:53:43.991,26.50210189819336,93.01204681396484,169.53125,84.6212158203125,86.0,61.23046875,99.94213104248048,27.25511741638184,39.06271224767599,42007.0,29.565399169921875,25.703125,22.65682983398437,26.46469116210937,42.17499923706055
2021-11-28 15:53:45.995,26.388092041015625,93.01204681396484,169.6451873779297,84.6212158203125,87.0,61.23046875,99.94213104248048,27.24548721313477,37.90802907995397,42007.0,29.72860717773437,26.845474243164062,21.48725891113281,24.8055419921875,42.17499923706055
2021-11-28 15:53:45.000,26.50210189819336,93.01204681396484,169.53125,84.6212158203125,86.0,61.23046875,99.94213104248048,27.25511741638184,39.06271224767599,42007.0,29.565399169921875,25.703125,22.65682983398437,26.46469116210937,42.17499923706055
2021-11-28 15:53:46.994,26.391599655151367,92.9518051147461,169.53125,84.6212158203125,86.9000015258789,61.23046875,99.94213104248048,27.22136116027832,39.56208903518798,42007.0,27.55267333984375,26.954269409179688,23.445587158203125,27.36225891113281,42.17499923706055
2021-11-28 15:53:48.003,26.391599655151367,92.9518051147461,169.53125,84.6212158203125,86.9000015258789,61.23046875,99.94213104248048,27.22136116027832,39.56208903518798,42007.0,27.55267333984375,26.954269409179688,23.445587158203125,27.36225891113281,42.17499923706055
2021-11-28 15:53:48.990,26.401063919067383,92.9518051147461,168.61165618896484,84.54545593261719,87.0999984741211,61.23046875,99.94213104248048,27.204545974731445,37.70460174828911,42007.0,30.76216125488281,31.19732666015625,22.276031494140625,23.173614501953125,42.17499923706055
2021-11-28 15:53:49.994,26.25260734558105,93.0722885131836,170.1822967529297,84.6212158203125,86.9000015258789,61.23046875,99.94213104248048,27.19498062133789,38.79466332537219,42007.0,31.034149169921875,26.546295166015625,24.12557983398437,24.642364501953125,42.17499923706055
2021-11-28 15:53:50.993,26.25260734558105,93.0722885131836,170.1822967529297,84.6212158203125,86.9000015258789,61.23046875,99.94213104248048,27.19498062133789,38.79466332537219,42007.0,31.034149169921875,26.546295166015625,24.12557983398437,24.642364501953125,42.17499923706055
2021-11-28 15:53:51.991,26.17582321166992,93.01204681396484,168.62792205810547,84.6212158203125,86.69999694824219,61.23046875,99.94213104248048,27.17505645751953,38.390123487376194,42007.0,32.910888671875,29.3477783203125,24.01678466796875,20.75288391113281,42.17499923706055
2021-11-28 15:53:52.992,26.217742919921875,92.9518051147461,169.39290618896484,84.6212158203125,87.0999984741211,61.23046875,99.94213104248048,27.15768051147461,38.74094666180888,42007.0,32.203704833984375,25.45831298828125,19.583328247070312,18.65855407714844,42.17499923706055
2021-11-28 15:53:54.002,26.217742919921875,92.9518051147461,169.39290618896484,84.6212158203125,87.0999984741211,61.23046875,99.94213104248048,27.15768051147461,38.74094666180888,42007.0,32.203704833984375,25.45831298828125,19.583328247070312,18.65855407714844,42.17499923706055
2021-11-28 15:53:54.990,26.28461265563965,92.9518051147461,169.189453125,84.6212158203125,86.69999694824219,61.23046875,99.94213104248048,27.15146255493164,36.993748288821465,42007.0,31.27894592285156,27.6070556640625,18.903350830078125,25.15913391113281,42.17499923706055
2021-11-28 15:53:55.990,26.281238555908203,93.01204681396484,168.9697265625,84.6212158203125,85.29999542236328,61.23046875,99.94213104248048,27.14657020568848,37.719000114522615,42007.0,31.82293701171875,31.088531494140625,24.615142822265625,23.2008056640625,42.17499923706055
2021-11-28 15:53:57.002,26.281238555908203,93.01204681396484,168.9697265625,84.6212158203125,85.29999542236328,61.23046875,99.94213104248048,27.14657020568848,37.719000114522615,42007.0,31.82293701171875,31.088531494140625,24.615142822265625,23.2008056640625,42.17499923706055
2021-11-28 15:53:58.003,26.413158416748047,92.9518051147461,170.62989044189453,84.6212158203125,86.5,61.23046875,99.94213104248048,27.132219314575195,39.45874055520388,42007.0,33.454864501953125,28.531814575195312,20.970489501953125,26.519088745117188,42.17499923706055
2021-11-28 15:53:58.990,26.57088088989257,92.9518051147461,169.17317962646484,84.6212158203125,88.0,61.23046875,99.94213104248048,27.131193161010746,37.85465465931089,42007.0,31.36053466796875,31.088531494140625,24.99594116210937,20.2633056640625,42.17499923706055
2021-11-28 15:53:59.995,26.57088088989257,92.9518051147461,169.17317962646484,84.6212158203125,88.0,61.23046875,99.94213104248048,27.131193161010746,37.85465465931089,42007.0,31.36053466796875,31.088531494140625,24.99594116210937,20.2633056640625,42.17499923706055
2021-11-28 15:54:00.990,26.70418739318848,93.01204681396484,170.77635955810547,84.6212158203125,87.0,61.23046875,99.94213104248048,27.124588012695312,38.74214925912553,42007.0,32.25811767578125,30.109375,22.711212158203125,23.41839599609375,42.17499923706055
2021-11-28 15:54:01.992,26.73676490783692,93.01204681396484,169.921875,84.6212158203125,86.19999694824219,61.23046875,99.94213104248048,27.10934066772461,38.935674695645126,42007.0,31.686920166015625,26.62788391113281,25.5399169921875,24.914337158203125,42.17499923706055
2021-11-28 15:54:02.994,26.73676490783692,93.01204681396484,169.921875,84.6212158203125,86.19999694824219,61.23046875,99.94213104248048,27.10934066772461,38.935674695645126,42007.0,31.686920166015625,26.62788391113281,25.5399169921875,24.914337158203125,42.17499923706055
2021-11-28 15:54:03.991,26.75166130065918,92.9518051147461,170.01953125,84.54545593261719,87.0,61.23046875,99.94213104248048,27.10541534423828,38.37971748038851,42007.0,33.318878173828125,27.117462158203125,27.498260498046875,26.46469116210937,42.17499923706055
2021-11-28 15:54:04.995,26.75348663330078,92.9518051147461,169.2138671875,84.6212158203125,87.69999694824219,61.23046875,99.94213104248048,27.10758781433105,36.80383447597738,42007.0,32.720489501953125,29.42938232421875,25.811920166015625,24.832748413085938,42.17499923706055
2021-11-28 15:54:06.001,26.75348663330078,92.9518051147461,169.2138671875,84.6212158203125,87.69999694824219,61.23046875,99.94213104248048,27.10758781433105,36.80383447597738,42007.0,32.720489501953125,29.42938232421875,25.811920166015625,24.832748413085938,42.17499923706055
2021-11-28 15:54:06.992,26.73000907897949,93.01204681396484,170.13346099853516,84.6212158203125,87.4000015258789,61.23046875,99.94213104248048,27.10613441467285,37.35545324203847,42007.0,36.392364501953125,28.66781616210937,22.98321533203125,25.24072265625,42.17499923706055
2021-11-28 15:54:07.992,26.573701858520508,93.01204681396484,169.8974609375,84.6212158203125,87.0999984741211,61.23046875,99.94213104248048,27.11493492126465,39.82305600816177,42007.0,33.754058837890625,26.328689575195312,23.744781494140625,24.96875,42.17499923706055
2021-11-28 15:54:08.993,26.573701858520508,93.01204681396484,169.8974609375,84.6212158203125,87.0999984741211,61.23046875,99.94213104248048,27.11493492126465,39.82305600816177,42007.0,33.754058837890625,26.328689575195312,23.744781494140625,24.96875,42.17499923706055
2021-11-28 15:54:09.994,26.42875289916992,92.9518051147461,170.15787506103516,84.6212158203125,87.0999984741211,61.23046875,99.94213104248048,27.11528587341309,38.36808903516515,42007.0,35.739593505859375,29.86456298828125,27.52545166015625,26.165496826171875,42.17499923706055
2021-11-28 15:54:10.992,26.29176139831543,92.9518051147461,168.2698516845703,84.6212158203125,87.0,61.23046875,99.94213104248048,27.10274887084961,40.66942508789793,42007.0,33.237274169921875,28.12384033203125,22.19442749023437,25.839111328125,42.17499923706055
2021-11-28 15:54:11.990,26.29176139831543,92.9518051147461,168.2698516845703,84.6212158203125,87.0,61.23046875,99.94213104248048,27.10274887084961,40.66942508789793,42007.0,33.237274169921875,28.12384033203125,22.19442749023437,25.839111328125,42.17499923706055
2021-11-28 15:54:12.993,26.19881248474121,93.13253021240234,170.361328125,84.54545593261719,86.5999984741211,61.23046875,99.94213104248048,27.10553550720215,40.48616035719416,42007.0,35.821197509765625,27.797439575195312,21.759246826171875,21.704864501953125,42.17499923706055
2021-11-28 15:54:13.992,26.05962371826172,93.01204681396484,169.30338287353516,84.6212158203125,87.80000305175781,61.23046875,99.94213104248048,27.09848403930664,39.84587331918879,42007.0,33.72686767578125,26.19268798828125,24.343170166015625,22.629623413085938,42.17499923706055
2021-11-28 15:54:14.992,26.05962371826172,93.01204681396484,169.30338287353516,84.6212158203125,87.80000305175781,61.23046875,99.94213104248048,27.09848403930664,39.84587331918879,42007.0,33.72686767578125,26.19268798828125,24.343170166015625,22.629623413085938,42.17499923706055
2021-11-28 15:54:16.002,26.00034141540528,92.89157104492188,169.6370391845703,84.6212158203125,87.4000015258789,61.23046875,99.94213104248048,27.089963912963867,40.85131847777677,42007.0,32.63890075683594,29.0758056640625,26.546295166015625,29.29339599609375,42.17499923706055
2021-11-28 15:54:16.992,26.019838333129883,93.01204681396484,169.54751586914062,84.6212158203125,86.0999984741211,61.23046875,99.94213104248048,27.10207748413086,41.86255525169572,42007.0,32.77490234375,25.431121826171875,26.981475830078125,26.029510498046875,42.17499923706055
2021-11-28 15:54:18.004,26.019838333129883,93.01204681396484,169.54751586914062,84.6212158203125,86.0999984741211,61.23046875,99.94213104248048,27.10207748413086,41.86255525169572,42007.0,32.77490234375,25.431121826171875,26.981475830078125,26.029510498046875,42.17499923706055
2021-11-28 15:54:19.005,26.16640853881836,93.0722885131836,169.72657012939453,84.6212158203125,87.19999694824219,61.23046875,99.94213104248048,27.10941505432129,39.92794582940379,42007.0,33.536468505859375,28.042236328125,24.8055419921875,24.26156616210937,42.17499923706055
2021-11-28 15:54:19.994,26.264265060424805,92.9518051147461,169.20572662353516,84.6212158203125,87.5999984741211,61.23046875,99.94213104248048,27.11237525939941,40.679031628015,42007.0,34.59722900390625,27.117462158203125,28.395828247070312,24.914337158203125,42.17499923706055
2021-11-28 15:54:20.991,26.264265060424805,92.9518051147461,169.20572662353516,84.6212158203125,87.5999984741211,61.23046875,99.94213104248048,27.11237525939941,40.679031628015,42007.0,34.59722900390625,27.117462158203125,28.395828247070312,24.914337158203125,42.17499923706055
2021-11-28 15:54:21.991,26.396896362304688,92.9518051147461,170.0032501220703,84.54545593261719,86.5999984741211,61.23046875,99.94213104248048,27.12276077270508,39.38867592475376,42007.0,32.4757080078125,26.49188232421875,24.696746826171875,24.0711669921875,42.17499923706055
2021-11-28 15:54:23.002,26.551034927368164,92.89157104492188,169.384765625,84.6212158203125,87.5999984741211,61.23046875,99.94213104248048,27.13200759887696,38.188587258588825,42007.0,32.4757080078125,28.640625,24.39755249023437,26.35589599609375,42.17499923706055
2021-11-28 15:54:24.002,26.551034927368164,92.89157104492188,169.384765625,84.6212158203125,87.5999984741211,61.23046875,99.94213104248048,27.13200759887696,38.188587258588825,42007.0,32.4757080078125,28.640625,24.39755249023437,26.35589599609375,42.17499923706055
2021-11-28 15:54:25.003,26.695066452026367,93.13253021240234,170.46712493896484,84.6212158203125,86.4000015258789,61.23046875,99.94213104248048,27.13568115234375,41.40516992722799,42007.0,34.8148193359375,28.93980407714844,23.77197265625,28.749420166015625,42.17499923706055
2021-11-28 15:54:25.993,26.71284294128418,93.01204681396484,169.2464141845703,84.6212158203125,86.5999984741211,61.23046875,99.94213104248048,27.14838409423828,39.29192616211823,42007.0,28.232650756835938,26.219894409179688,22.6024169921875,25.5399169921875,42.17499923706055
2021-11-28 15:54:27.992,26.602020263671875,92.89157104492188,167.724609375,84.6212158203125,86.0,61.23046875,99.94213104248048,27.15481758117676,39.58885576377058,42007.0,31.115753173828125,27.280670166015625,23.47279357910156,24.28875732421875,42.17499923706055
2021-11-28 15:54:27.000,26.71284294128418,93.01204681396484,169.2464141845703,84.6212158203125,86.5999984741211,61.23046875,99.94213104248048,27.14838409423828,39.29192616211823,42007.0,28.232650756835938,26.219894409179688,22.6024169921875,25.5399169921875,42.17499923706055
2021-11-28 15:54:29.004,26.53103256225586,92.89157104492188,168.115234375,84.6212158203125,86.5999984741211,61.23046875,99.94213104248048,27.1821517944336,39.18622776781605,42007.0,33.26446533203125,26.70947265625,24.75115966796875,22.33042907714844,42.17499923706055
2021-11-28 15:54:30.005,26.53103256225586,92.89157104492188,168.115234375,84.6212158203125,86.5999984741211,61.23046875,99.94213104248048,27.1821517944336,39.18622776781605,42007.0,33.26446533203125,26.70947265625,24.75115966796875,22.33042907714844,42.17499923706055
2021-11-28 15:54:31.992,26.4114933013916,93.01204681396484,168.6767578125,84.6212158203125,86.29999542236328,61.23046875,99.94213104248048,27.19170188903809,39.95823135444644,42008.0,36.31077575683594,25.839111328125,23.28240966796875,24.94154357910156,42.17499923706055
2021-11-28 15:54:31.000,26.468048095703125,93.0722885131836,170.2880859375,84.6212158203125,86.29999542236328,61.23046875,99.94213104248048,27.187667846679688,39.71243723372977,42008.0,31.686920166015625,27.38946533203125,22.30322265625,25.62152099609375,42.17499923706055
2021-11-28 15:54:32.991,26.4114933013916,93.01204681396484,168.6767578125,84.6212158203125,86.29999542236328,61.23046875,99.94213104248048,27.19170188903809,39.95823135444644,42008.0,36.31077575683594,25.839111328125,23.28240966796875,24.94154357910156,42.17499923706055
2021-11-28 15:54:33.992,26.257009506225582,92.89157104492188,170.76009368896484,84.6212158203125,86.19999694824219,61.23046875,99.94213104248048,27.220684051513672,40.49993712877922,42008.0,36.50115966796875,28.12384033203125,22.98321533203125,28.586212158203125,42.17499923706055
2021-11-28 15:54:34.993,26.16234588623047,92.9518051147461,170.79264068603516,84.6212158203125,87.0999984741211,61.23046875,99.94213104248048,27.222103118896484,38.13977249762405,42008.0,32.203704833984375,28.20542907714844,23.2008056640625,26.682281494140625,42.17499923706055
2021-11-28 15:54:36.990,26.17891311645508,93.0722885131836,169.14876556396484,84.6212158203125,88.0,61.23046875,99.94213104248048,27.238256454467773,37.17039931396713,42008.0,32.04052734375,31.714111328125,22.24884033203125,25.784713745117188,42.17499923706055
2021-11-28 15:54:36.000,26.16234588623047,92.9518051147461,170.79264068603516,84.6212158203125,87.0999984741211,61.23046875,99.94213104248048,27.222103118896484,38.13977249762405,42008.0,32.203704833984375,28.20542907714844,23.2008056640625,26.682281494140625,42.17499923706055
2021-11-28 15:54:37.990,26.241744995117188,93.01204681396484,169.3115234375,84.54545593261719,86.69999694824219,61.23046875,99.94213104248048,27.273033142089844,38.39718577212537,42008.0,30.163787841796875,30.5445556640625,23.907989501953125,26.818267822265625,42.17499923706055
2021-11-28 15:54:38.994,26.241744995117188,93.01204681396484,169.3115234375,84.54545593261719,86.69999694824219,61.23046875,99.94213104248048,27.273033142089844,38.39718577212537,42008.0,30.163787841796875,30.5445556640625,23.907989501953125,26.818267822265625,42.17499923706055
2021-11-28 15:54:40.994,26.35039520263672,93.01204681396484,167.3258514404297,84.6212158203125,87.80000305175781,61.23046875,99.94213104248048,27.3022403717041,39.09592191091607,42008.0,32.01332092285156,29.42938232421875,25.02313232421875,24.8055419921875,42.17499923706055
2021-11-28 15:54:40.000,26.22250938415528,92.9518051147461,168.3756561279297,84.6212158203125,87.4000015258789,61.23046875,99.94213104248048,27.272924423217773,37.0299725483005,42008.0,30.979751586914062,30.925338745117188,24.45196533203125,24.94154357910156,42.17499923706055
2021-11-28 15:54:42.004,26.35039520263672,93.01204681396484,167.3258514404297,84.6212158203125,87.80000305175781,61.23046875,99.94213104248048,27.3022403717041,39.09592191091607,42008.0,32.01332092285156,29.42938232421875,25.02313232421875,24.8055419921875,42.17499923706055
2021-11-28 15:54:42.994,26.46462059020996,93.0722885131836,168.1884765625,84.6212158203125,87.5999984741211,61.23046875,99.94213104248048,27.31535530090332,37.24779203122605,42008.0,33.155670166015625,24.315963745117188,22.412017822265625,24.99594116210937,42.17499923706055
2021-11-28 15:54:43.990,26.547590255737305,92.9518051147461,168.48958587646484,84.6212158203125,87.9000015258789,61.23046875,99.94213104248048,27.32814598083496,38.640462179231896,42008.0,34.54283142089844,31.170135498046875,23.826385498046875,25.947906494140625,42.17499923706055
2021-11-28 15:54:44.991,26.547590255737305,92.9518051147461,168.48958587646484,84.6212158203125,87.9000015258789,61.23046875,99.94213104248048,27.32814598083496,38.640462179231896,42008.0,34.54283142089844,31.170135498046875,23.826385498046875,25.947906494140625,42.17499923706055
2021-11-28 15:54:45.990,26.48641014099121,92.9518051147461,169.9137420654297,84.6212158203125,87.19999694824219,61.23046875,99.94213104248048,27.359174728393555,39.74548271930443,42008.0,33.237274169921875,28.99420166015625,22.03125,24.6695556640625,42.17499923706055
2021-11-28 15:54:46.992,26.45981788635254,92.9518051147461,169.88932037353516,84.6212158203125,86.5,61.23046875,99.94213104248048,27.37241744995117,41.15400922612365,42008.0,33.890045166015625,26.00230407714844,28.69500732421875,20.943267822265625,42.19999980926514
2021-11-28 15:54:47.996,26.45981788635254,92.9518051147461,169.88932037353516,84.6212158203125,86.5,61.23046875,99.94213104248048,27.37241744995117,41.15400922612365,42008.0,33.890045166015625,26.00230407714844,28.69500732421875,20.943267822265625,42.19999980926514
2021-11-28 15:54:48.994,26.445554733276367,93.0722885131836,167.3828125,84.6212158203125,87.5999984741211,61.23046875,99.94213104248048,27.39501571655273,38.1733111375356,42008.0,31.387741088867188,26.35589599609375,22.520828247070312,26.70947265625,42.17499923706055
2021-11-28 15:54:49.993,26.47762107849121,93.01204681396484,168.19661712646484,84.6212158203125,87.5,61.23046875,99.94213104248048,27.430570602416992,39.28608485049488,42008.0,26.410308837890625,28.722213745117188,25.67591857910156,24.39755249023437,42.19999980926514
2021-11-28 15:54:50.992,26.47762107849121,93.01204681396484,168.19661712646484,84.6212158203125,87.5,61.23046875,99.94213104248048,27.430570602416992,39.28608485049488,42008.0,26.410308837890625,28.722213745117188,25.67591857910156,24.39755249023437,42.19999980926514
2021-11-28 15:54:51.992,26.41951560974121,92.83132934570312,169.50684356689453,84.6212158203125,86.19999694824219,61.23046875,99.94213104248048,27.4594783782959,37.566248695532266,42008.0,29.973388671875,29.891769409179688,28.151031494140625,22.711212158203125,42.17499923706055
2021-11-28 15:54:52.993,26.37343978881836,92.9518051147461,169.06737518310547,84.6212158203125,85.79999542236328,61.23046875,99.94213104248048,27.475893020629883,36.92100628916263,42008.0,31.22454833984375,29.184600830078125,24.58795166015625,25.784713745117188,42.19999980926514
2021-11-28 15:54:54.002,26.37343978881836,92.9518051147461,169.06737518310547,84.6212158203125,85.79999542236328,61.23046875,99.94213104248048,27.475893020629883,36.92100628916263,42008.0,31.22454833984375,29.184600830078125,24.58795166015625,25.784713745117188,42.19999980926514
2021-11-28 15:54:54.993,26.38988494873047,93.1927719116211,167.8059844970703,84.6212158203125,87.0999984741211,61.23046875,99.94213104248048,27.51677703857422,38.011003982393625,42008.0,30.816558837890625,28.423019409179688,21.35125732421875,26.95428466796875,42.19999980926514
2021-11-28 15:54:55.990,26.449174880981445,92.9518051147461,167.63509368896484,84.54545593261719,86.5,61.23046875,99.94213104248048,27.535587310791016,39.21033029169643,42008.0,31.686920166015625,24.859939575195312,24.15277099609375,24.85995483398437,42.19999980926514
2021-11-28 15:54:57.001,26.449174880981445,92.9518051147461,167.63509368896484,84.54545593261719,86.5,61.23046875,99.94213104248048,27.535587310791016,39.21033029169643,42008.0,31.686920166015625,24.859939575195312,24.15277099609375,24.85995483398437,42.19999980926514
2021-11-28 15:54:57.994,26.411989212036133,92.89157104492188,168.3837890625,84.6212158203125,86.5999984741211,61.23046875,99.94213104248048,27.560266494750977,39.35659020924299,42008.0,30.78936767578125,31.442108154296875,25.26792907714844,24.370361328125,42.19999980926514
2021-11-28 15:54:58.995,26.337018966674805,93.01204681396484,168.19661712646484,84.6212158203125,87.0999984741211,61.23046875,99.94213104248048,27.59091567993164,38.82595168386746,42008.0,33.18287658691406,26.79107666015625,22.439239501953125,22.95600891113281,42.19999980926514
2021-11-28 15:55:00.003,26.337018966674805,93.01204681396484,168.19661712646484,84.6212158203125,87.0999984741211,61.23046875,99.94213104248048,27.59091567993164,38.82595168386746,42008.0,33.18287658691406,26.79107666015625,22.439239501953125,22.95600891113281,42.19999980926514
2021-11-28 15:55:00.991,26.320600509643555,93.01204681396484,167.9524688720703,84.54545593261719,87.19999694824219,61.23046875,99.94213104248048,27.62553596496582,39.22282983352749,42008.0,35.92999267578125,30.02777099609375,22.629623413085938,27.79745483398437,42.19999980926514
2021-11-28 15:55:01.992,26.37968635559082,92.9518051147461,168.7744140625,84.6212158203125,86.79999542236328,61.23046875,99.94213104248048,27.646364212036133,39.18570761414963,42008.0,31.08856201171875,27.1446533203125,24.696746826171875,26.70947265625,42.19999980926514
2021-11-28 15:55:02.994,26.37968635559082,92.9518051147461,168.7744140625,84.6212158203125,86.79999542236328,61.23046875,99.94213104248048,27.646364212036133,39.18570761414963,42008.0,31.08856201171875,27.1446533203125,24.696746826171875,26.70947265625,42.19999980926514
2021-11-28 15:55:03.994,26.36893844604492,92.9518051147461,168.05013275146484,84.6212158203125,87.80000305175781,61.23046875,99.94213104248048,27.668493270874023,38.276532562435456,42008.0,33.29168701171875,30.89813232421875,24.179962158203125,21.81365966796875,42.19999980926514
2021-11-28 15:55:05.003,26.34945678710937,93.0722885131836,169.2626953125,84.6212158203125,86.79999542236328,61.23046875,99.94213104248048,27.718721389770508,40.33805849187938,42008.0,36.990753173828125,27.498260498046875,24.560760498046875,26.4375,42.19999980926514
2021-11-28 15:55:05.992,26.34945678710937,93.0722885131836,169.2626953125,84.6212158203125,86.79999542236328,61.23046875,99.94213104248048,27.718721389770508,40.33805849187938,42008.0,36.990753173828125,27.498260498046875,24.560760498046875,26.4375,42.19999980926514
2021-11-28 15:55:07.002,26.39872360229492,93.01204681396484,168.83951568603516,84.6212158203125,87.0999984741211,61.23046875,99.94213104248048,27.738983154296875,39.4336413609475,42008.0,35.46759033203125,28.640625,26.763885498046875,27.7430419921875,42.19999980926514
2021-11-28 15:55:07.994,26.47125244140625,92.9518051147461,168.3186798095703,84.6212158203125,87.30000305175781,61.23046875,99.94213104248048,27.76626777648925,38.94607178266333,42008.0,32.067718505859375,29.9461669921875,24.560760498046875,25.811920166015625,42.19999980926514
2021-11-28 15:55:09.005,26.47125244140625,92.9518051147461,168.3186798095703,84.6212158203125,87.30000305175781,61.23046875,99.94213104248048,27.76626777648925,38.94607178266333,42008.0,32.067718505859375,29.9461669921875,24.560760498046875,25.811920166015625,42.19999980926514
2021-11-28 15:55:09.995,26.45542526245117,93.01204681396484,168.92903900146484,84.6212158203125,88.0,61.23046875,99.94213104248048,27.8038330078125,39.41249646185487,42008.0,34.32524108886719,30.32696533203125,26.49188232421875,23.39120483398437,42.19999980926514
2021-11-28 15:55:11.004,26.36766242980957,93.0722885131836,167.46419525146484,84.6212158203125,87.19999694824219,61.23046875,99.94213104248048,27.831478118896484,38.73212497836229,42008.0,35.440399169921875,29.64697265625,23.41839599609375,21.541656494140625,42.19999980926514
2021-11-28 15:55:12.004,26.36766242980957,93.0722885131836,167.46419525146484,84.6212158203125,87.19999694824219,61.23046875,99.94213104248048,27.831478118896484,38.73212497836229,42008.0,35.440399169921875,29.64697265625,23.41839599609375,21.541656494140625,42.19999980926514
2021-11-28 15:55:12.995,26.3354721069336,93.01204681396484,167.82225799560547,84.6212158203125,86.79999542236328,61.23046875,99.94213104248048,27.861337661743164,40.00496242152379,42008.0,32.067718505859375,24.778350830078125,21.895248413085938,26.111114501953125,42.19999980926514
2021-11-28 15:55:13.991,26.34949493408203,92.89157104492188,168.41634368896484,84.6212158203125,87.69999694824219,61.23046875,99.94213104248048,27.916423797607425,37.79601373143611,42008.0,34.95082092285156,23.69038391113281,26.1383056640625,27.14466857910156,42.19999980926514
2021-11-28 15:55:14.992,26.34949493408203,92.89157104492188,168.41634368896484,84.6212158203125,87.69999694824219,61.23046875,99.94213104248048,27.916423797607425,37.79601373143611,42008.0,34.95082092285156,23.69038391113281,26.1383056640625,27.14466857910156,42.19999980926514
2021-11-28 15:55:15.992,26.31865119934082,93.01204681396484,168.017578125,84.54545593261719,87.5999984741211,61.23046875,99.94213104248048,27.93788719177246,37.90651874874126,42008.0,33.400482177734375,30.27255249023437,27.498260498046875,22.357635498046875,42.19999980926514
2021-11-28 15:55:17.001,26.19407844543457,93.01204681396484,167.431640625,84.54545593261719,86.5,61.23046875,99.94213104248048,27.978145599365234,41.05994630109528,42008.0,35.46759033203125,28.151031494140625,22.276031494140625,24.96875,42.19999980926514
2021-11-28 15:55:17.992,26.19407844543457,93.01204681396484,167.431640625,84.54545593261719,86.5,61.23046875,99.94213104248048,27.978145599365234,41.05994630109528,42008.0,35.46759033203125,28.151031494140625,22.276031494140625,24.96875,42.19999980926514
2021-11-28 15:55:18.995,26.16835021972656,93.0722885131836,166.71549224853516,84.6212158203125,86.9000015258789,61.23046875,99.94213104248048,28.03163719177246,41.046415124704886,42008.0,33.890045166015625,29.238983154296875,24.20716857910156,20.372100830078125,42.19999980926514
2021-11-28 15:55:19.994,26.231666564941406,92.9518051147461,167.2200469970703,84.6212158203125,87.5,61.23046875,99.94213104248048,28.03714370727539,38.13010185161756,42008.0,33.72686767578125,27.253463745117188,23.962371826171875,20.698486328125,42.19999980926514
2021-11-28 15:55:20.992,26.231666564941406,92.9518051147461,167.2200469970703,84.6212158203125,87.5,61.23046875,99.94213104248048,28.03714370727539,38.13010185161756,42008.0,33.72686767578125,27.253463745117188,23.962371826171875,20.698486328125,42.19999980926514
2021-11-28 15:55:21.991,26.32658767700196,92.89157104492188,166.50389862060547,84.6212158203125,87.0999984741211,61.23046875,99.94213104248048,28.08990478515625,38.90004675892001,42008.0,31.52374267578125,28.12384033203125,21.432861328125,24.53355407714844,42.19999980926514
2021-11-28 15:55:22.992,26.31769371032715,92.9518051147461,166.91080474853516,84.6212158203125,86.19999694824219,61.23046875,99.94213104248048,28.133007049560547,39.98564029079179,42008.0,33.754058837890625,24.58795166015625,20.290496826171875,25.376739501953125,42.19999980926514
2021-11-28 15:55:23.991,26.31769371032715,92.9518051147461,166.91080474853516,84.6212158203125,86.19999694824219,61.23046875,99.94213104248048,28.133007049560547,39.98564029079179,42008.0,33.754058837890625,24.58795166015625,20.290496826171875,25.376739501953125,42.19999980926514
2021-11-28 15:55:25.994,26.574522018432617,93.01204681396484,168.12337493896484,84.6212158203125,88.4000015258789,61.23046875,99.94213104248048,28.20147705078125,37.292320233912974,42008.0,28.232650756835938,28.151031494140625,25.4039306640625,25.213531494140625,42.19999980926514
2021-11-28 15:55:25.000,26.391807556152344,93.0722885131836,167.63509368896484,84.6212158203125,87.30000305175781,61.23046875,99.94213104248048,28.15078926086425,38.14195093296855,42008.0,32.99249267578125,25.92071533203125,21.92245483398437,28.015045166015625,42.19999980926514
2021-11-28 15:55:26.994,26.574522018432617,93.01204681396484,168.12337493896484,84.6212158203125,88.4000015258789,61.23046875,99.94213104248048,28.20147705078125,37.292320233912974,42008.0,28.232650756835938,28.151031494140625,25.4039306640625,25.213531494140625,42.19999980926514
2021-11-28 15:55:27.993,26.669578552246094,92.9518051147461,167.90364837646484,84.6212158203125,87.9000015258789,61.23046875,99.94213104248048,28.239307403564453,37.369051831784496,42008.0,29.211822509765625,30.0821533203125,22.95600891113281,24.42475891113281,42.19999980926514
2021-11-28 15:55:29.001,26.56967544555664,93.01204681396484,167.63509368896484,84.54545593261719,88.5,61.23046875,99.94213104248048,28.26206588745117,36.82598063109389,42008.0,28.88543701171875,30.000564575195312,24.0711669921875,28.06942749023437,42.19999980926514
2021-11-28 15:55:29.991,26.56967544555664,93.01204681396484,167.63509368896484,84.54545593261719,88.5,61.23046875,99.94213104248048,28.26206588745117,36.82598063109389,42008.0,28.88543701171875,30.000564575195312,24.0711669921875,28.06942749023437,42.19999980926514
2021-11-28 15:55:30.993,26.506332397460938,93.01204681396484,168.3349609375,84.6212158203125,87.0999984741211,61.23046875,99.94213104248048,28.30810737609864,39.74500365259951,42008.0,32.53009033203125,28.423019409179688,25.92071533203125,24.75115966796875,42.19999980926514
2021-11-28 15:55:31.993,26.48565673828125,93.0722885131836,166.21092987060547,84.6212158203125,86.5,61.23046875,99.94213104248048,28.34269905090332,39.464393344947815,42008.0,30.00057983398437,25.62152099609375,22.79281616210937,22.68402099609375,42.19999980926514
2021-11-28 15:55:33.991,26.50238990783692,92.9518051147461,167.86295318603516,84.6212158203125,86.0999984741211,61.23046875,99.94213104248048,28.35893440246582,39.8460647929076,42008.0,30.13658142089844,28.3414306640625,22.575225830078125,23.989578247070312,42.19999980926514
2021-11-28 15:55:33.000,26.50238990783692,92.9518051147461,167.86295318603516,84.6212158203125,86.0999984741211,61.23046875,99.94213104248048,28.35893440246582,39.8460647929076,42008.0,30.13658142089844,28.3414306640625,22.575225830078125,23.989578247070312,42.19999980926514
2021-11-28 15:55:34.994,26.444360733032227,92.89157104492188,167.99315643310547,84.6212158203125,87.19999694824219,61.23046875,99.94213104248048,28.41872215270996,38.35829925159009,42008.0,34.406829833984375,25.92071533203125,20.86167907714844,27.87904357910156,42.19999980926514
2021-11-28 15:55:36.003,26.340579986572266,93.01204681396484,167.87109375,84.6212158203125,87.30000305175781,61.23046875,99.94213104248048,28.447599411010746,39.10941365165224,42008.0,29.239013671875,23.880767822265625,23.092010498046875,28.06942749023437,42.19999980926514
2021-11-28 15:55:37.002,26.340579986572266,93.01204681396484,167.87109375,84.6212158203125,87.30000305175781,61.23046875,99.94213104248048,28.447599411010746,39.10941365165224,42008.0,29.239013671875,23.880767822265625,23.092010498046875,28.06942749023437,42.19999980926514
2021-11-28 15:55:37.990,26.317676544189453,93.0722885131836,166.43880462646484,84.54545593261719,86.4000015258789,61.23046875,99.94213104248048,28.471132278442383,39.42777475238878,42008.0,33.42767333984375,27.253463745117188,23.581588745117188,22.6024169921875,42.19999980926514
2021-11-28 15:55:38.990,26.377742767333984,92.9518051147461,167.75716400146484,84.6212158203125,87.30000305175781,61.23046875,99.94213104248048,28.51631164550781,37.693552074856605,42008.0,29.946197509765625,31.00692749023437,26.573486328125,23.79917907714844,42.19999980926514
2021-11-28 15:55:39.992,26.377742767333984,92.9518051147461,167.75716400146484,84.6212158203125,87.30000305175781,61.23046875,99.94213104248048,28.51631164550781,37.693552074856605,42008.0,29.946197509765625,31.00692749023437,26.573486328125,23.79917907714844,42.19999980926514
2021-11-28 15:55:40.992,26.39656448364257,92.83132934570312,167.34212493896484,84.6212158203125,86.69999694824219,61.23046875,99.94213104248048,28.546537399291992,39.70191486597472,42008.0,34.95082092285156,30.02777099609375,24.88714599609375,21.18807983398437,42.19999980926514
2021-11-28 15:55:42.004,26.33916282653809,93.0722885131836,166.748046875,84.6212158203125,87.5999984741211,61.23046875,99.94213104248048,28.576419830322266,37.90944672314114,42008.0,32.74769592285156,26.00230407714844,23.03759765625,22.439239501953125,42.19999980926514
2021-11-28 15:55:42.993,26.33916282653809,93.0722885131836,166.748046875,84.6212158203125,87.5999984741211,61.23046875,99.94213104248048,28.576419830322266,37.90944672314114,42008.0,32.74769592285156,26.00230407714844,23.03759765625,22.439239501953125,42.19999980926514
2021-11-28 15:55:44.992,26.47435569763184,92.9518051147461,167.13052368164062,84.6212158203125,87.19999694824219,61.23046875,99.94213104248048,28.64712715148925,38.83237783467902,42008.0,35.603607177734375,28.66781616210937,25.077545166015625,19.01214599609375,42.19999980926514
2021-11-28 15:55:44.000,26.36677360534668,93.13253021240234,167.236328125,84.6212158203125,87.9000015258789,61.23046875,99.94213104248048,28.60755920410156,37.4605311729792,42008.0,32.44850158691406,28.17822265625,23.11920166015625,23.010406494140625,42.19999980926514
2021-11-28 15:55:45.993,26.47435569763184,92.9518051147461,167.13052368164062,84.6212158203125,87.19999694824219,61.23046875,99.94213104248048,28.64712715148925,38.83237783467902,42008.0,35.603607177734375,28.66781616210937,25.077545166015625,19.01214599609375,42.19999980926514
2021-11-28 15:55:46.994,26.49611473083496,92.89157104492188,168.5139923095703,84.54545593261719,87.9000015258789,61.23046875,99.94213104248048,28.66791725158692,37.73300214986112,42008.0,33.971649169921875,30.27255249023437,26.60067749023437,20.75288391113281,42.19999980926514
2021-11-28 15:55:47.993,26.393524169921875,93.01204681396484,168.4000701904297,84.54545593261719,87.4000015258789,61.23046875,99.94213104248048,28.70184898376465,38.90132555676448,42008.0,35.46759033203125,28.09663391113281,26.247100830078125,26.62788391113281,42.19999980926514
2021-11-28 15:55:48.990,26.393524169921875,93.01204681396484,168.4000701904297,84.54545593261719,87.4000015258789,61.23046875,99.94213104248048,28.70184898376465,38.90132555676448,42008.0,35.46759033203125,28.09663391113281,26.247100830078125,26.62788391113281,42.19999980926514
2021-11-28 15:55:49.994,26.38255882263184,93.01204681396484,168.2373046875,84.6212158203125,87.5999984741211,61.23046875,99.94213104248048,28.744159698486328,37.75045522868287,42008.0,32.502899169921875,30.517349243164062,27.44384765625,27.22625732421875,42.19999980926514
2021-11-28 15:55:50.993,26.42498207092285,93.01204681396484,167.626953125,84.6212158203125,87.69999694824219,61.23046875,99.94213104248048,28.767173767089844,38.65731529869316,42008.0,30.898162841796875,29.9461669921875,27.579864501953125,23.79917907714844,42.19999980926514
2021-11-28 15:55:51.992,26.42498207092285,93.01204681396484,167.626953125,84.6212158203125,87.69999694824219,61.23046875,99.94213104248048,28.767173767089844,38.65731529869316,42008.0,30.898162841796875,29.9461669921875,27.579864501953125,23.79917907714844,42.19999980926514
2021-11-28 15:55:52.994,26.462371826171875,92.9518051147461,167.431640625,84.6212158203125,87.0999984741211,61.23046875,99.94213104248048,28.799755096435547,38.39180103884242,42008.0,31.414947509765625,26.8726806640625,28.17822265625,22.79281616210937,42.19999980926514
2021-11-28 15:55:53.991,26.355411529541016,93.0722885131836,167.1630859375,84.54545593261719,86.0,61.23046875,99.94213104248048,28.84000015258789,40.69963494981048,42008.0,34.02606201171875,24.343170166015625,20.34490966796875,24.42475891113281,42.19999980926514
2021-11-28 15:55:55.002,26.355411529541016,93.0722885131836,167.1630859375,84.54545593261719,86.0,61.23046875,99.94213104248048,28.84000015258789,40.69963494981048,42008.0,34.02606201171875,24.343170166015625,20.34490966796875,24.42475891113281,42.19999980926514
2021-11-28 15:55:56.003,26.32388496398925,93.01204681396484,166.98404693603516,84.54545593261719,87.0999984741211,61.23046875,99.94213104248048,28.878995895385746,38.565625390135445,42008.0,29.15740966796875,27.96063232421875,25.077545166015625,25.349517822265625,42.19999980926514
2021-11-28 15:55:56.993,26.337682723999023,92.9518051147461,166.95149993896484,84.6212158203125,86.4000015258789,61.23046875,99.94213104248048,28.90645217895508,40.05679590392345,42008.0,29.782989501953125,25.784713745117188,22.54803466796875,24.39755249023437,42.19999980926514
2021-11-28 15:55:57.996,26.337682723999023,92.9518051147461,166.95149993896484,84.6212158203125,86.4000015258789,61.23046875,99.94213104248048,28.90645217895508,40.05679590392345,42008.0,29.782989501953125,25.784713745117188,22.54803466796875,24.39755249023437,42.19999980926514
2021-11-28 15:55:59.994,26.309988021850582,93.01204681396484,166.30045318603516,84.6212158203125,86.9000015258789,61.23046875,99.94213104248048,28.97395706176757,40.67567671216154,42008.0,34.76043701171875,25.02313232421875,19.71932983398437,27.035873413085938,42.19999980926514
2021-11-28 15:55:59.000,26.396697998046875,92.9518051147461,166.6341094970703,84.6212158203125,86.5,61.23046875,99.94213104248048,28.955371856689453,40.12102788314468,42008.0,31.986114501953125,25.18634033203125,21.704864501953125,24.42475891113281,42.19999980926514
2021-11-28 15:56:01.002,26.309988021850582,93.01204681396484,166.30045318603516,84.6212158203125,86.9000015258789,61.23046875,99.94213104248048,28.97395706176757,40.67567671216154,42008.0,34.76043701171875,25.02313232421875,19.71932983398437,27.035873413085938,42.19999980926514
2021-11-28 15:56:02.002,26.293062210083008,93.01204681396484,167.39095306396484,84.6212158203125,87.5,61.23046875,99.94213104248048,29.02206039428711,38.04423503371784,42008.0,32.55731201171875,25.376724243164062,24.479156494140625,28.12384033203125,42.19999980926514
2021-11-28 15:56:02.993,26.36821937561035,93.0722885131836,167.32584381103516,84.6212158203125,86.69999694824219,61.23046875,99.94213104248048,29.07567024230957,40.58684639150045,42008.0,31.115753173828125,31.822906494140625,23.77197265625,27.661453247070312,42.19999980926514
2021-11-28 15:56:03.992,26.36821937561035,93.0722885131836,167.32584381103516,84.6212158203125,86.69999694824219,61.23046875,99.94213104248048,29.07567024230957,40.58684639150045,42008.0,31.115753173828125,31.822906494140625,23.77197265625,27.661453247070312,42.19999980926514
2021-11-28 15:56:04.992,26.442852020263672,92.89157104492188,166.56900787353516,84.6212158203125,86.69999694824219,61.23046875,99.94213104248048,29.089319229125977,38.858382809169576,42008.0,30.78936767578125,31.14292907714844,23.39120483398437,25.15913391113281,42.19999980926514
2021-11-28 15:56:05.993,26.401615142822266,92.89157104492188,166.82942962646484,84.6212158203125,86.5999984741211,61.23046875,99.94213104248048,29.13545227050781,40.86224554888907,42008.0,33.971649169921875,29.72857666015625,21.106475830078125,23.744781494140625,42.19999980926514
2021-11-28 15:56:07.002,26.401615142822266,92.89157104492188,166.82942962646484,84.6212158203125,86.5999984741211,61.23046875,99.94213104248048,29.13545227050781,40.86224554888907,42008.0,33.971649169921875,29.72857666015625,21.106475830078125,23.744781494140625,42.19999980926514
2021-11-28 15:56:07.991,26.39281272888184,93.0722885131836,166.34928131103516,84.6212158203125,86.69999694824219,61.23046875,99.94213104248048,29.17641258239746,37.81956179017281,42008.0,33.101287841796875,25.349517822265625,24.315963745117188,24.58795166015625,42.19999980926514
2021-11-28 15:56:09.994,26.42977905273437,93.0722885131836,166.748046875,84.6212158203125,87.19999694824219,61.23046875,99.94213104248048,29.188928604125977,38.9976597798513,42008.0,33.101287841796875,28.55902099609375,24.832748413085938,23.146392822265625,42.19999980926514
2021-11-28 15:56:09.000,26.42977905273437,93.0722885131836,166.748046875,84.6212158203125,87.19999694824219,61.23046875,99.94213104248048,29.188928604125977,38.9976597798513,42008.0,33.101287841796875,28.55902099609375,24.832748413085938,23.146392822265625,42.19999980926514
2021-11-28 15:56:10.995,26.48569297790528,92.9518051147461,165.95052337646484,84.6212158203125,87.0999984741211,61.23046875,99.94213104248048,29.23761749267578,38.2851633763213,42008.0,31.27894592285156,28.504608154296875,23.146392822265625,21.7320556640625,42.19999980926514
2021-11-28 15:56:11.993,26.42371368408203,92.9518051147461,166.2678985595703,84.6212158203125,86.69999694824219,61.23046875,99.94213104248048,29.273923873901367,38.899186033182914,42008.0,32.666107177734375,29.86456298828125,22.765625,24.315963745117188,42.19999980926514
2021-11-28 15:56:12.990,26.42371368408203,92.9518051147461,166.2678985595703,84.6212158203125,86.69999694824219,61.23046875,99.94213104248048,29.273923873901367,38.899186033182914,42008.0,32.666107177734375,29.86456298828125,22.765625,24.315963745117188,42.19999980926514
2021-11-28 15:56:13.993,26.40551948547364,92.9518051147461,165.9016876220703,84.6212158203125,86.79999542236328,61.23046875,99.94213104248048,29.298229217529297,39.38862462463242,42008.0,32.4757080078125,28.09663391113281,24.8055419921875,18.005767822265625,42.19999980926514
2021-11-28 15:56:15.002,26.46866035461425,93.01204681396484,166.05631256103516,84.6212158203125,86.69999694824219,61.23046875,99.94213104248048,29.34561920166016,37.52180025352376,42008.0,33.78125,28.06942749023437,25.050338745117188,24.832748413085938,42.19999980926514
2021-11-28 15:56:15.994,26.46866035461425,93.01204681396484,166.05631256103516,84.6212158203125,86.69999694824219,61.23046875,99.94213104248048,29.34561920166016,37.52180025352376,42008.0,33.78125,28.06942749023437,25.050338745117188,24.832748413085938,42.19999980926514
2021-11-28 15:56:16.990,26.536605834960938,93.01204681396484,166.9189453125,84.54545593261719,87.80000305175781,61.23046875,99.94213104248048,29.391923904418945,36.78824974713976,42008.0,33.50927734375,28.640625,24.85995483398437,24.696746826171875,42.19999980926514
2021-11-28 15:56:17.994,26.507064819335938,93.01204681396484,167.5130157470703,84.6212158203125,87.4000015258789,61.23046875,99.94213104248048,29.414424896240234,37.26223342372956,42008.0,35.739593505859375,27.52545166015625,24.778350830078125,26.05670166015625,42.19999980926514
2021-11-28 15:56:18.993,26.507064819335938,93.01204681396484,167.5130157470703,84.6212158203125,87.4000015258789,61.23046875,99.94213104248048,29.414424896240234,37.26223342372956,42008.0,35.739593505859375,27.52545166015625,24.778350830078125,26.05670166015625,42.19999980926514
2021-11-28 15:56:20.003,26.43329620361328,92.89157104492188,167.43978118896484,84.6212158203125,87.0999984741211,61.23046875,99.94213104248048,29.46626853942871,37.86674526974469,42008.0,32.6116943359375,26.73667907714844,27.0086669921875,25.349517822265625,42.19999980926514
2021-11-28 15:56:20.991,26.4334659576416,93.01204681396484,167.6513671875,84.6212158203125,87.4000015258789,61.23046875,99.94213104248048,29.503942489624023,39.2199017386057,42008.0,34.270843505859375,30.40855407714844,24.179962158203125,26.46469116210937,42.19999980926514
2021-11-28 15:56:22.004,26.4334659576416,93.01204681396484,167.6513671875,84.6212158203125,87.4000015258789,61.23046875,99.94213104248048,29.503942489624023,39.2199017386057,42008.0,34.270843505859375,30.40855407714844,24.179962158203125,26.46469116210937,42.19999980926514
2021-11-28 15:56:22.994,26.468589782714844,93.0722885131836,167.49674224853516,84.54545593261719,88.30000305175781,61.23046875,99.94213104248048,29.53183555603028,36.10819444088144,42008.0,36.96356201171875,30.87094116210937,26.65509033203125,27.19906616210937,42.19999980926514
2021-11-28 15:56:23.994,26.4338321685791,93.0722885131836,167.95247650146484,84.6212158203125,87.80000305175781,61.23046875,99.94213104248048,29.578304290771484,38.66952532664653,42008.0,32.421295166015625,29.40219116210937,26.192703247070312,25.077545166015625,42.19999980926514
2021-11-28 15:56:24.993,26.4338321685791,93.0722885131836,167.95247650146484,84.6212158203125,87.80000305175781,61.23046875,99.94213104248048,29.578304290771484,38.66952532664653,42008.0,32.421295166015625,29.40219116210937,26.192703247070312,25.077545166015625,42.19999980926514
2021-11-28 15:56:25.994,26.321983337402344,92.89157104492188,167.333984375,84.6212158203125,88.4000015258789,61.23046875,99.94213104248048,29.612916946411133,38.484838155692266,42008.0,35.984375,28.06942749023437,24.28875732421875,26.73667907714844,42.19999980926514
2021-11-28 15:56:26.994,26.27486991882324,92.9518051147461,167.431640625,84.6212158203125,87.80000305175781,61.23046875,99.94213104248048,29.63640213012696,39.49941821041684,42008.0,33.890045166015625,27.688644409179688,26.763885498046875,27.47105407714844,42.19999980926514
2021-11-28 15:56:27.992,26.27486991882324,92.9518051147461,167.431640625,84.6212158203125,87.80000305175781,61.23046875,99.94213104248048,29.63640213012696,39.49941821041684,42008.0,33.890045166015625,27.688644409179688,26.763885498046875,27.47105407714844,42.19999980926514
2021-11-28 15:56:28.992,26.31319808959961,93.0722885131836,166.34928131103516,84.6212158203125,87.19999694824219,61.23046875,99.94213104248048,29.68378257751465,41.87216590915977,42008.0,36.22918701171875,27.1446533203125,25.18634033203125,26.21990966796875,42.19999980926514
2021-11-28 15:56:29.990,26.31315803527832,92.9518051147461,166.7643280029297,84.54545593261719,86.69999694824219,61.23046875,99.94213104248048,29.727378845214844,40.313263441370346,42008.0,33.78125,30.16375732421875,29.837371826171875,23.255203247070312,42.19999980926514
2021-11-28 15:56:31.002,26.31315803527832,92.9518051147461,166.7643280029297,84.54545593261719,86.69999694824219,61.23046875,99.94213104248048,29.727378845214844,40.313263441370346,42008.0,33.78125,30.16375732421875,29.837371826171875,23.255203247070312,42.19999980926514
2021-11-28 15:56:32.001,26.21410751342773,92.89157104492188,167.48046112060547,84.6212158203125,86.79999542236328,61.23046875,99.94213104248048,29.749740600585938,40.9607162299758,42008.0,34.570037841796875,31.06134033203125,24.12557983398437,27.416656494140625,42.19999980926514
2021-11-28 15:56:32.990,26.22323608398437,93.0722885131836,167.17935943603516,84.6212158203125,86.5,61.23046875,99.94213104248048,29.79144096374512,41.95691640588724,42008.0,34.189239501953125,29.29339599609375,21.895248413085938,24.85995483398437,42.19999980926514
2021-11-28 15:56:34.005,26.22323608398437,93.0722885131836,167.17935943603516,84.6212158203125,86.5,61.23046875,99.94213104248048,29.79144096374512,41.95691640588724,42008.0,34.189239501953125,29.29339599609375,21.895248413085938,24.85995483398437,42.19999980926514
2021-11-28 15:56:34.994,26.350107192993164,93.01204681396484,167.98502349853516,84.6212158203125,87.5,61.23046875,99.94213104248048,29.84157943725586,40.30225627205702,42008.0,32.6116943359375,31.49652099609375,25.62152099609375,28.776611328125,42.19999980926514
2021-11-28 15:56:35.994,26.456756591796875,92.89157104492188,167.04915618896484,84.6212158203125,86.29999542236328,61.23046875,99.94213104248048,29.8554630279541,41.84462286676625,42008.0,30.653366088867188,28.80380249023437,27.68865966796875,24.370361328125,42.19999980926514
2021-11-28 15:56:37.003,26.456756591796875,92.89157104492188,167.04915618896484,84.6212158203125,86.29999542236328,61.23046875,99.94213104248048,29.8554630279541,41.84462286676625,42008.0,30.653366088867188,28.80380249023437,27.68865966796875,24.370361328125,42.19999980926514
2021-11-28 15:56:37.992,26.35731506347656,92.9518051147461,166.2841796875,84.54545593261719,87.0,61.23046875,99.94213104248048,29.890527725219727,39.08338669050276,42008.0,31.578125,27.8790283203125,24.560760498046875,25.4039306640625,42.19999980926514
2021-11-28 15:56:38.995,26.39911651611328,93.13253021240234,165.7145233154297,84.6212158203125,86.5999984741211,61.23046875,99.94213104248048,29.924936294555664,38.75467872382546,42008.0,29.483795166015625,24.8055419921875,22.493621826171875,21.8680419921875,42.19999980926514
2021-11-28 15:56:39.993,26.39911651611328,93.13253021240234,165.7145233154297,84.6212158203125,86.5999984741211,61.23046875,99.94213104248048,29.924936294555664,38.75467872382546,42008.0,29.483795166015625,24.8055419921875,22.493621826171875,21.8680419921875,42.19999980926514
2021-11-28 15:56:41.004,26.53232765197754,93.0722885131836,166.52017974853516,84.6212158203125,86.5,61.23046875,99.94213104248048,29.945432662963867,39.50334540304247,42008.0,31.06134033203125,27.96063232421875,21.92245483398437,22.82000732421875,42.19999980926514
2021-11-28 15:56:41.994,26.63365364074707,92.77108001708984,166.40625,84.6212158203125,86.79999542236328,61.23046875,99.94213104248048,29.95541381835937,38.32270260650737,42008.0,32.96528625488281,27.715850830078125,22.22163391113281,25.703125,42.19999980926514
2021-11-28 15:56:42.991,26.63365364074707,92.77108001708984,166.40625,84.6212158203125,86.79999542236328,61.23046875,99.94213104248048,29.95541381835937,38.32270260650737,42008.0,32.96528625488281,27.715850830078125,22.22163391113281,25.703125,42.19999980926514
2021-11-28 15:56:44.002,26.551834106445312,93.01204681396484,167.2200469970703,84.6212158203125,86.9000015258789,61.23046875,99.94213104248048,29.996461868286133,37.84876007197283,42008.0,29.511001586914062,29.184600830078125,21.677642822265625,25.431121826171875,42.19999980926514
2021-11-28 15:56:44.992,26.465675354003903,93.13253021240234,166.66666412353516,84.6212158203125,87.5,61.23046875,99.94213104248048,30.034557342529297,37.85060764061554,42008.0,33.890045166015625,26.546295166015625,22.98321533203125,24.50634765625,42.19999980926514
2021-11-28 15:56:45.990,26.465675354003903,93.13253021240234,166.66666412353516,84.6212158203125,87.5,61.23046875,99.94213104248048,30.034557342529297,37.85060764061554,42008.0,33.890045166015625,26.546295166015625,22.98321533203125,24.50634765625,42.19999980926514
2021-11-28 15:56:46.990,26.40535926818848,93.01204681396484,167.48860931396484,84.54545593261719,87.19999694824219,61.23046875,99.94213104248048,30.05525588989257,38.01327736401287,42008.0,32.584503173828125,29.9461669921875,24.696746826171875,26.818267822265625,42.19999980926514
2021-11-28 15:56:47.990,26.402868270874023,92.89157104492188,164.73795318603516,84.6212158203125,87.0,61.23046875,99.94213104248048,30.094459533691406,39.30021505186811,42008.0,31.06134033203125,24.42475891113281,22.412017822265625,26.763885498046875,42.19999980926514
2021-11-28 15:56:48.994,26.402868270874023,92.89157104492188,164.73795318603516,84.6212158203125,87.0,61.23046875,99.94213104248048,30.094459533691406,39.30021505186811,42008.0,31.06134033203125,24.42475891113281,22.412017822265625,26.763885498046875,42.19999980926514
2021-11-28 15:56:50.005,26.324819564819336,93.01204681396484,166.69921875,84.6212158203125,86.9000015258789,61.23046875,99.94213104248048,30.133848190307617,38.56727451307574,42008.0,34.923614501953125,23.66317749023437,25.26792907714844,26.32870483398437,42.19999980926514
2021-11-28 15:56:50.992,26.21323585510254,93.01204681396484,166.93521881103516,84.6212158203125,86.19999694824219,61.23046875,99.94213104248048,30.18327522277832,39.87671099013082,42008.0,29.81019592285156,29.3477783203125,26.192703247070312,28.09663391113281,42.19999980926514
2021-11-28 15:56:51.990,26.21323585510254,93.01204681396484,166.93521881103516,84.6212158203125,86.19999694824219,61.23046875,99.94213104248048,30.18327522277832,39.87671099013082,42008.0,29.81019592285156,29.3477783203125,26.192703247070312,28.09663391113281,42.19999980926514
2021-11-28 15:56:52.993,26.1855525970459,92.9518051147461,167.70833587646484,84.6212158203125,88.0999984741211,61.23046875,99.94213104248048,30.22328758239746,37.53484576296014,42008.0,35.38600158691406,25.050338745117188,23.146392822265625,27.498260498046875,42.19999980926514
2021-11-28 15:56:54.005,26.237882614135746,92.89157104492188,166.8375701904297,84.6212158203125,87.80000305175781,61.23046875,99.94213104248048,30.245397567749023,39.61199159041442,42008.0,36.392364501953125,32.23089599609375,25.458328247070312,23.39120483398437,42.19999980926514
2021-11-28 15:56:54.993,26.237882614135746,92.89157104492188,166.8375701904297,84.6212158203125,87.80000305175781,61.23046875,99.94213104248048,30.245397567749023,39.61199159041442,42008.0,36.392364501953125,32.23089599609375,25.458328247070312,23.39120483398437,42.19999980926514
2021-11-28 15:56:55.992,26.2316951751709,93.01204681396484,165.95052337646484,84.6212158203125,88.70000457763672,61.23046875,99.94213104248048,30.29223823547364,37.35015894393084,42008.0,36.01158142089844,25.97509765625,24.01678466796875,26.192703247070312,42.19999980926514
2021-11-28 15:56:57.005,26.250778198242188,93.01204681396484,167.3095703125,84.6212158203125,88.0,61.23046875,99.94213104248048,30.33292961120605,37.31178202259861,42008.0,35.005218505859375,29.837371826171875,22.38482666015625,25.24072265625,42.19999980926514
2021-11-28 15:56:57.993,26.250778198242188,93.01204681396484,167.3095703125,84.6212158203125,88.0,61.23046875,99.94213104248048,30.33292961120605,37.31178202259861,42008.0,35.005218505859375,29.837371826171875,22.38482666015625,25.24072265625,42.19999980926514
2021-11-28 15:56:59.003,26.433313369750977,93.01204681396484,166.66666412353516,84.54545593261719,87.5,61.23046875,99.94213104248048,30.363523483276367,38.19831832335414,42008.0,36.69155883789063,27.715850830078125,24.39755249023437,25.947906494140625,42.19999980926514
2021-11-28 15:56:59.991,26.613624572753903,92.9518051147461,167.0491485595703,84.6212158203125,87.5,61.23046875,99.94213104248048,30.41373443603516,39.266065055739176,42008.0,31.22454833984375,31.958892822265625,25.077545166015625,24.45196533203125,42.19999980926514
2021-11-28 15:57:00.991,26.613624572753903,92.9518051147461,167.0491485595703,84.6212158203125,87.5,61.23046875,99.94213104248048,30.41373443603516,39.266065055739176,42008.0,31.22454833984375,31.958892822265625,25.077545166015625,24.45196533203125,42.19999980926514
2021-11-28 15:57:02.002,26.67131423950196,93.0722885131836,166.14583587646484,84.6212158203125,87.80000305175781,61.23046875,99.94213104248048,30.45530891418457,37.49243155301445,42008.0,32.09490966796875,32.638885498046875,26.49188232421875,25.213531494140625,42.19999980926514
2021-11-28 15:57:02.994,26.7049503326416,93.01204681396484,166.92708587646484,84.6212158203125,87.0,61.23046875,99.94213104248048,30.48228073120117,39.23476716268775,42008.0,34.10765075683594,31.2789306640625,26.62788391113281,27.035873413085938,42.19999980926514
2021-11-28 15:57:04.001,26.7049503326416,93.01204681396484,166.92708587646484,84.6212158203125,87.0,61.23046875,99.94213104248048,30.48228073120117,39.23476716268775,42008.0,34.10765075683594,31.2789306640625,26.62788391113281,27.035873413085938,42.19999980926514
2021-11-28 15:57:05.002,26.745454788208008,92.9518051147461,166.21094512939453,84.6212158203125,87.0999984741211,61.23046875,99.94213104248048,30.527559280395508,41.02222092904592,42008.0,35.63079833984375,32.39408874511719,26.2742919921875,24.94154357910156,42.19999980926514
2021-11-28 15:57:05.991,26.76762580871582,92.9518051147461,167.0572967529297,84.54545593261719,86.5,61.23046875,99.94213104248048,30.590177536010746,38.37593121534964,42008.0,31.714126586914062,29.53817749023437,24.88714599609375,24.778350830078125,42.19999980926514
2021-11-28 15:57:07.005,26.76762580871582,92.9518051147461,167.0572967529297,84.54545593261719,86.5,61.23046875,99.94213104248048,30.590177536010746,38.37593121534964,42008.0,31.714126586914062,29.53817749023437,24.88714599609375,24.778350830078125,42.19999980926514
2021-11-28 15:57:07.991,26.686731338500977,93.0722885131836,165.6494140625,84.6212158203125,86.4000015258789,61.23046875,99.94213104248048,30.60796165466309,38.6430553392541,42008.0,34.02606201171875,24.39755249023437,25.567123413085938,21.976837158203125,42.19999980926514
2021-11-28 15:57:08.990,26.536523818969727,93.0722885131836,165.09603118896484,84.6212158203125,86.5999984741211,61.23046875,99.94213104248048,30.64848899841309,39.17192256530165,42008.0,28.36865234375,26.845474243164062,27.79745483398437,25.5399169921875,42.19999980926514
2021-11-28 15:57:10.005,26.536523818969727,93.0722885131836,165.09603118896484,84.6212158203125,86.5999984741211,61.23046875,99.94213104248048,30.64848899841309,39.17192256530165,42008.0,28.36865234375,26.845474243164062,27.79745483398437,25.5399169921875,42.19999980926514
2021-11-28 15:57:10.991,26.41370010375977,92.9518051147461,165.6982421875,84.6212158203125,87.69999694824219,61.23046875,99.94213104248048,30.693204879760746,37.96196394294612,42008.0,32.69329833984375,29.9461669921875,24.75115966796875,25.02313232421875,42.19999980926514
2021-11-28 15:57:12.005,26.343469619750977,92.9518051147461,164.46127319335938,84.6212158203125,86.79999542236328,61.23046875,99.94213104248048,30.720129013061523,39.586640760840645,42008.0,32.01332092285156,29.13018798828125,22.874420166015625,23.826385498046875,42.19999980926514
2021-11-28 15:57:13.000,26.343469619750977,92.9518051147461,164.46127319335938,84.6212158203125,86.79999542236328,61.23046875,99.94213104248048,30.720129013061523,39.586640760840645,42008.0,32.01332092285156,29.13018798828125,22.874420166015625,23.826385498046875,42.19999980926514
2021-11-28 15:57:14.004,26.23196220397949,93.01204681396484,165.8854217529297,84.6212158203125,86.79999542236328,61.23046875,99.94213104248048,30.756351470947266,39.63462616400096,42008.0,32.55731201171875,28.450225830078125,21.92245483398437,25.839111328125,42.19999980926514
2021-11-28 15:57:14.994,26.049938201904297,92.9518051147461,165.43782806396484,84.6212158203125,87.0,61.23046875,99.94213104248048,30.797531127929688,38.14471297080688,42008.0,34.624420166015625,27.6070556640625,20.943267822265625,25.59432983398437,42.19999980926514
2021-11-28 15:57:16.000,26.049938201904297,92.9518051147461,165.43782806396484,84.6212158203125,87.0,61.23046875,99.94213104248048,30.797531127929688,38.14471297080688,42008.0,34.624420166015625,27.6070556640625,20.943267822265625,25.59432983398437,42.19999980926514
2021-11-28 15:57:17.004,26.021120071411133,93.0722885131836,166.40625,84.6212158203125,87.0999984741211,61.23046875,99.94213104248048,30.81734848022461,40.24620289401675,42008.0,33.536468505859375,27.634246826171875,24.01678466796875,24.043975830078125,42.22499942779541
2021-11-28 15:57:18.001,26.10294914245605,93.01204681396484,166.3167266845703,84.54545593261719,87.0999984741211,61.23046875,99.94213104248048,30.85790252685547,38.65678406349863,42008.0,34.89642333984375,28.91259765625,23.85357666015625,26.49188232421875,42.19999980926514
2021-11-28 15:57:18.994,26.10294914245605,93.01204681396484,166.3167266845703,84.54545593261719,87.0999984741211,61.23046875,99.94213104248048,30.85790252685547,38.65678406349863,42008.0,34.89642333984375,28.91259765625,23.85357666015625,26.49188232421875,42.19999980926514
2021-11-28 15:57:19.994,26.229721069335938,92.89157104492188,165.69823455810547,84.6212158203125,87.19999694824219,61.23046875,99.94213104248048,30.89936065673828,38.7434252128138,42008.0,31.93173217773437,28.749420166015625,24.723953247070312,28.368621826171875,42.19999980926514
2021-11-28 15:57:20.995,26.242326736450195,92.89157104492188,166.30045318603516,84.6212158203125,87.9000015258789,61.23046875,99.94213104248048,30.917713165283203,37.08584190310351,42008.0,34.02606201171875,30.354156494140625,22.73841857910156,20.86167907714844,42.19999980926514
2021-11-28 15:57:22.004,26.242326736450195,92.89157104492188,166.30045318603516,84.6212158203125,87.9000015258789,61.23046875,99.94213104248048,30.917713165283203,37.08584190310351,42008.0,34.02606201171875,30.354156494140625,22.73841857910156,20.86167907714844,42.19999980926514
2021-11-28 15:57:22.992,26.36254501342773,93.13253021240234,165.869140625,84.6212158203125,87.19999694824219,61.23046875,99.94213104248048,30.95281410217285,38.968980504814006,42008.0,34.97802734375,30.245361328125,25.92071533203125,26.60067749023437,42.19999980926514
2021-11-28 15:57:23.991,26.582273483276367,93.13253021240234,166.2760467529297,84.6212158203125,87.0,61.23046875,99.94213104248048,31.004255294799805,39.22359999273864,42008.0,36.990753173828125,28.09663391113281,26.79107666015625,26.35589599609375,42.22499942779541
2021-11-28 15:57:24.991,26.582273483276367,93.13253021240234,166.2760467529297,84.6212158203125,87.0,61.23046875,99.94213104248048,31.004255294799805,39.22359999273864,42008.0,36.990753173828125,28.09663391113281,26.79107666015625,26.35589599609375,42.22499942779541
2021-11-28 15:57:26.002,26.718053817749023,92.89157104492188,165.93424224853516,84.6212158203125,87.0999984741211,61.23046875,99.94213104248048,31.02767372131348,39.03876247460818,42008.0,34.352447509765625,28.66781616210937,25.15913391113281,28.06942749023437,42.22499942779541
2021-11-28 15:57:27.001,26.64321517944336,93.01204681396484,166.3411407470703,84.6212158203125,87.19999694824219,61.23046875,99.94213104248048,31.070602416992188,38.88106682374145,42008.0,31.08856201171875,27.253463745117188,27.47105407714844,27.33505249023437,42.22499942779541
2021-11-28 15:57:27.990,26.64321517944336,93.01204681396484,166.3411407470703,84.6212158203125,87.19999694824219,61.23046875,99.94213104248048,31.070602416992188,38.88106682374145,42008.0,31.08856201171875,27.253463745117188,27.47105407714844,27.33505249023437,42.22499942779541
2021-11-28 15:57:28.990,26.571208953857425,93.01204681396484,165.33202362060547,84.54545593261719,87.0999984741211,61.23046875,99.94213104248048,31.12680625915528,38.79894201163077,42008.0,36.63716125488281,24.96875,24.53355407714844,27.715850830078125,42.19999980926514
2021-11-28 15:57:29.991,26.532161712646484,92.9518051147461,165.21810150146484,84.6212158203125,86.9000015258789,61.23046875,99.94213104248048,31.14653778076172,39.264580970309176,42008.0,32.6116943359375,28.09663391113281,26.73667907714844,27.14466857910156,42.22499942779541
2021-11-28 15:57:31.004,26.532161712646484,92.9518051147461,165.21810150146484,84.6212158203125,86.9000015258789,61.23046875,99.94213104248048,31.14653778076172,39.264580970309176,42008.0,32.6116943359375,28.09663391113281,26.73667907714844,27.14466857910156,42.22499942779541
2021-11-28 15:57:31.993,26.49766540527344,93.01204681396484,165.59244537353516,84.6212158203125,87.69999694824219,61.23046875,99.94213104248048,31.19015312194824,38.22946792233571,42008.0,34.923614501953125,30.190963745117188,27.96063232421875,25.431121826171875,42.22499942779541
2021-11-28 15:57:32.991,26.49766540527344,93.01204681396484,165.59244537353516,84.6212158203125,87.69999694824219,61.23046875,99.94213104248048,31.19015312194824,38.22946792233571,42008.0,34.923614501953125,30.190963745117188,27.96063232421875,25.431121826171875,42.22499942779541
2021-11-28 15:57:33.993,26.3560848236084,93.0722885131836,164.54264068603516,84.6212158203125,87.0999984741211,61.23046875,99.94213104248048,31.2412223815918,38.92538401767701,42008.0,33.754058837890625,28.06942749023437,26.46469116210937,22.711212158203125,42.25
2021-11-28 15:57:34.992,26.210613250732425,92.89157104492188,164.31478118896484,84.6212158203125,87.0999984741211,61.23046875,99.94213104248048,31.262834548950195,39.45291768029335,42008.0,35.68519592285156,27.715850830078125,26.927078247070312,24.01678466796875,42.22499942779541
2021-11-28 15:57:36.002,26.148174285888672,93.0722885131836,165.41341400146484,84.6212158203125,87.19999694824219,61.23046875,99.94213104248048,31.316829681396484,40.891964752945725,42008.0,36.22918701171875,31.306121826171875,25.48553466796875,24.179962158203125,42.22499942779541
2021-11-28 15:57:36.991,26.148174285888672,93.0722885131836,165.41341400146484,84.6212158203125,87.19999694824219,61.23046875,99.94213104248048,31.316829681396484,40.891964752945725,42008.0,36.22918701171875,31.306121826171875,25.48553466796875,24.179962158203125,42.22499942779541
2021-11-28 15:57:37.990,26.22154426574707,93.0722885131836,165.37271881103516,84.6212158203125,87.0999984741211,61.23046875,99.94213104248048,31.35566520690918,39.36147503415313,42008.0,34.02606201171875,28.015045166015625,27.280670166015625,23.227996826171875,42.25
2021-11-28 15:57:39.992,26.184608459472656,92.83132934570312,164.39615631103516,84.6212158203125,86.0999984741211,61.23046875,99.94213104248048,31.38240432739257,41.02298846555824,42008.0,30.381378173828125,32.856475830078125,25.02313232421875,23.608795166015625,42.25
2021-11-28 15:57:39.000,26.184608459472656,92.83132934570312,164.39615631103516,84.6212158203125,86.0999984741211,61.23046875,99.94213104248048,31.38240432739257,41.02298846555824,42008.0,30.381378173828125,32.856475830078125,25.02313232421875,23.608795166015625,42.25
2021-11-28 15:57:41.002,26.16272735595703,93.0722885131836,164.111328125,84.6212158203125,86.79999542236328,61.23046875,99.94213104248048,31.43373107910156,39.08016984131289,42008.0,33.07408142089844,28.09663391113281,27.47105407714844,23.010406494140625,42.25
2021-11-28 15:57:41.992,26.30172538757324,93.0722885131836,165.9261016845703,84.6212158203125,88.20000457763672,61.23046875,99.94213104248048,31.47965812683105,37.21802052099981,42008.0,34.29803466796875,31.00692749023437,26.301498413085938,25.811920166015625,42.25
2021-11-28 15:57:43.003,26.30172538757324,93.0722885131836,165.9261016845703,84.6212158203125,88.20000457763672,61.23046875,99.94213104248048,31.47965812683105,37.21802052099981,42008.0,34.29803466796875,31.00692749023437,26.301498413085938,25.811920166015625,42.25
2021-11-28 15:57:43.991,26.46378517150879,92.9518051147461,165.65755462646484,84.6212158203125,86.69999694824219,61.23046875,99.94213104248048,31.50346946716309,39.771466296975525,42008.0,31.79571533203125,28.66781616210937,26.301498413085938,27.715850830078125,42.25
2021-11-28 15:57:44.991,26.46378517150879,92.9518051147461,165.65755462646484,84.6212158203125,86.69999694824219,61.23046875,99.94213104248048,31.50346946716309,39.771466296975525,42008.0,31.79571533203125,28.66781616210937,26.301498413085938,27.715850830078125,42.25
2021-11-28 15:57:45.990,26.486757278442383,92.9518051147461,165.96678924560547,84.6212158203125,86.9000015258789,61.23046875,99.94213104248048,31.55535697937012,37.0914450521647,42008.0,31.986114501953125,27.7430419921875,26.95428466796875,24.234375,42.25
2021-11-28 15:57:46.995,26.429094314575195,93.01204681396484,164.990234375,84.6212158203125,87.5,61.23046875,99.94213104248048,31.599395751953125,39.03914384463504,42008.0,31.52374267578125,29.184600830078125,26.35589599609375,27.715850830078125,42.25
2021-11-28 15:57:47.993,26.429094314575195,93.01204681396484,164.990234375,84.6212158203125,87.5,61.23046875,99.94213104248048,31.599395751953125,39.03914384463504,42008.0,31.52374267578125,29.184600830078125,26.35589599609375,27.715850830078125,42.25
2021-11-28 15:57:49.004,26.461400985717773,93.01204681396484,164.51009368896484,84.6212158203125,86.79999542236328,61.23046875,99.94213104248048,31.62998390197754,39.74035223533966,42008.0,33.91725158691406,26.62788391113281,26.2742919921875,29.64697265625,42.25
2021-11-28 15:57:50.000,26.53155517578125,93.01204681396484,164.5751953125,84.6212158203125,87.0999984741211,61.23046875,99.94213104248048,31.68663024902344,39.52092439376756,42008.0,29.81019592285156,27.035858154296875,24.6695556640625,26.00230407714844,42.25
2021-11-28 15:57:51.005,26.53155517578125,93.01204681396484,164.5751953125,84.6212158203125,87.0999984741211,61.23046875,99.94213104248048,31.68663024902344,39.52092439376756,42008.0,29.81019592285156,27.035858154296875,24.6695556640625,26.00230407714844,42.25
2021-11-28 15:57:51.993,26.464046478271484,92.9518051147461,165.09603881835938,84.6212158203125,86.4000015258789,61.23046875,99.94213104248048,31.729785919189453,40.13425335259321,42008.0,30.898162841796875,26.1383056640625,20.508087158203125,25.75750732421875,42.25
2021-11-28 15:57:52.992,26.36115074157715,92.9518051147461,165.1041717529297,84.54545593261719,86.9000015258789,61.23046875,99.94213104248048,31.75423240661621,38.82862345147743,42008.0,32.23091125488281,30.32696533203125,21.1336669921875,27.851837158203125,42.25
2021-11-28 15:57:54.004,26.36115074157715,92.9518051147461,165.1041717529297,84.54545593261719,86.9000015258789,61.23046875,99.94213104248048,31.75423240661621,38.82862345147743,42008.0,32.23091125488281,30.32696533203125,21.1336669921875,27.851837158203125,42.25
2021-11-28 15:57:54.995,26.374143600463867,92.9518051147461,164.4856719970703,84.6212158203125,86.19999694824219,61.23046875,99.93851470947266,31.795976638793945,40.13985806840455,42008.0,34.29803466796875,27.38946533203125,21.405670166015625,23.39120483398437,42.25
2021-11-28 15:57:55.994,26.44879150390625,92.9518051147461,163.6962890625,84.6212158203125,86.4000015258789,61.23046875,99.94213104248048,31.84512519836425,38.68411724016181,42008.0,33.645263671875,27.416656494140625,23.47279357910156,27.715850830078125,42.25
2021-11-28 15:57:56.994,26.44879150390625,92.9518051147461,163.6962890625,84.6212158203125,86.4000015258789,61.23046875,99.94213104248048,31.84512519836425,38.68411724016181,42008.0,33.645263671875,27.416656494140625,23.47279357910156,27.715850830078125,42.25
2021-11-28 15:57:58.001,26.416513442993164,93.01204681396484,164.86815643310547,84.6212158203125,87.9000015258789,61.23046875,99.94213104248048,31.869768142700195,38.7840576883768,42008.0,32.82928466796875,27.035858154296875,27.552642822265625,28.749420166015625,42.25
2021-11-28 15:57:58.992,26.33448982238769,93.01204681396484,165.31575775146484,84.6212158203125,87.5,61.23046875,99.94213104248048,31.909427642822266,38.96369014323825,42008.0,34.21644592285156,28.20542907714844,24.642364501953125,24.45196533203125,42.25
2021-11-28 15:57:59.993,26.33448982238769,93.01204681396484,165.31575775146484,84.6212158203125,87.5,61.23046875,99.94213104248048,31.909427642822266,38.96369014323825,42008.0,34.21644592285156,28.20542907714844,24.642364501953125,24.45196533203125,42.25
2021-11-28 15:58:00.992,26.314191818237305,93.01204681396484,165.0309295654297,84.6212158203125,87.5999984741211,61.23046875,99.94213104248048,31.95649719238281,38.51306767834511,42008.0,35.522003173828125,26.92706298828125,25.050338745117188,24.696746826171875,42.25
2021-11-28 15:58:01.993,26.40871810913086,92.9518051147461,165.09603881835938,84.6212158203125,87.0999984741211,61.23046875,99.94213104248048,31.97803497314453,39.912931411418384,42008.0,33.237274169921875,31.85009765625,24.832748413085938,24.50634765625,42.25
2021-11-28 15:58:02.992,26.40871810913086,92.9518051147461,165.09603881835938,84.6212158203125,87.0999984741211,61.23046875,99.94213104248048,31.97803497314453,39.912931411418384,42008.0,33.237274169921875,31.85009765625,24.832748413085938,24.50634765625,42.25
2021-11-28 15:58:03.990,26.400440216064453,93.01204681396484,165.6005859375,84.6212158203125,87.4000015258789,61.23046875,99.94213104248048,32.02117919921875,39.80186763885881,42008.0,34.624420166015625,31.85009765625,25.458328247070312,23.445587158203125,42.25
2021-11-28 15:58:05.001,26.324581146240234,93.01204681396484,165.4866485595703,84.6212158203125,87.19999694824219,61.23046875,99.94213104248048,32.06352996826172,38.3019010319192,42008.0,37.53472900390625,26.73667907714844,22.05844116210937,25.13192749023437,42.25
2021-11-28 15:58:05.990,26.324581146240234,93.01204681396484,165.4866485595703,84.6212158203125,87.19999694824219,61.23046875,99.94213104248048,32.06352996826172,38.3019010319192,42008.0,37.53472900390625,26.73667907714844,22.05844116210937,25.13192749023437,42.25
2021-11-28 15:58:06.993,26.383771896362305,92.9518051147461,166.7724609375,84.6212158203125,87.4000015258789,61.23046875,99.94213104248048,32.08352279663086,37.23682304858164,42008.0,36.1475830078125,26.46469116210937,30.571746826171875,24.0711669921875,42.25
2021-11-28 15:58:07.992,26.490568161010746,93.01204681396484,167.2119140625,84.6212158203125,87.4000015258789,61.23046875,99.94213104248048,32.123504638671875,38.305054898278,42008.0,34.46124267578125,29.755767822265625,26.62788391113281,24.560760498046875,42.25
2021-11-28 15:58:08.992,26.490568161010746,93.01204681396484,167.2119140625,84.6212158203125,87.4000015258789,61.23046875,99.94213104248048,32.123504638671875,38.305054898278,42008.0,34.46124267578125,29.755767822265625,26.62788391113281,24.560760498046875,42.25
2021-11-28 15:58:10.003,26.52612495422364,92.9518051147461,168.115234375,84.6212158203125,87.9000015258789,61.23046875,99.94213104248048,32.16349029541016,37.23744178339348,42009.0,31.8773193359375,26.763885498046875,28.151031494140625,24.94154357910156,42.25
2021-11-28 15:58:10.993,26.40595436096192,93.0722885131836,167.4072265625,84.6212158203125,87.0,61.23046875,99.94213104248048,32.1834831237793,36.89829962818699,42009.0,32.99249267578125,27.22625732421875,27.851837158203125,24.8055419921875,42.25
2021-11-28 15:58:12.003,26.40595436096192,93.0722885131836,167.4072265625,84.6212158203125,87.0,61.23046875,99.94213104248048,32.1834831237793,36.89829962818699,42009.0,32.99249267578125,27.22625732421875,27.851837158203125,24.8055419921875,42.25
2021-11-28 15:58:12.993,26.335962295532227,93.01204681396484,169.74283599853516,84.6212158203125,87.5,61.23046875,99.94213104248048,32.22346496582031,38.43718946967651,42009.0,35.005218505859375,30.29975891113281,29.837371826171875,24.0711669921875,42.25
2021-11-28 15:58:13.993,26.379196166992188,92.9518051147461,170.49153900146484,84.6212158203125,86.79999542236328,61.23046875,99.94213104248048,32.263450622558594,40.515207772848825,42009.0,32.203704833984375,31.00692749023437,25.811920166015625,27.851837158203125,42.25
2021-11-28 15:58:15.002,26.379196166992188,92.9518051147461,170.49153900146484,84.6212158203125,86.79999542236328,61.23046875,99.94213104248048,32.263450622558594,40.515207772848825,42009.0,32.203704833984375,31.00692749023437,25.811920166015625,27.851837158203125,42.25
2021-11-28 15:58:15.992,26.389509201049805,93.01204681396484,170.6298828125,84.6212158203125,86.5,61.23046875,99.94213104248048,32.283447265625,38.8894197858974,42009.0,31.251739501953125,30.653350830078125,21.21527099609375,25.4039306640625,42.25
2021-11-28 15:58:16.992,26.229536056518555,93.01204681396484,170.9147186279297,84.6212158203125,87.19999694824219,61.23046875,99.94213104248048,32.323429107666016,40.07195070969095,42009.0,30.082183837890625,28.20542907714844,25.512725830078125,27.09027099609375,42.25
2021-11-28 15:58:18.004,26.229536056518555,93.01204681396484,170.9147186279297,84.6212158203125,87.19999694824219,61.23046875,99.94213104248048,32.323429107666016,40.07195070969095,42009.0,30.082183837890625,28.20542907714844,25.512725830078125,27.09027099609375,42.25
2021-11-28 15:58:18.991,26.1994857788086,93.01204681396484,172.18423461914062,84.6212158203125,87.19999694824219,61.23046875,99.94213104248048,32.36341094970703,38.85715716773844,42009.0,30.816558837890625,31.387725830078125,26.35589599609375,25.48553466796875,42.25
2021-11-28 15:58:20.001,26.28107452392578,93.01204681396484,172.7376251220703,84.6212158203125,86.79999542236328,61.23046875,99.94213104248048,32.38340759277344,40.22500060237239,42009.0,32.4757080078125,29.56538391113281,22.167236328125,26.62788391113281,42.25
2021-11-28 15:58:21.001,26.28107452392578,93.01204681396484,172.7376251220703,84.6212158203125,86.79999542236328,61.23046875,99.94213104248048,32.38340759277344,40.22500060237239,42009.0,32.4757080078125,29.56538391113281,22.167236328125,26.62788391113281,42.25
2021-11-28 15:58:21.990,26.387245178222656,93.0722885131836,171.39485931396484,84.6212158203125,86.5,61.23046875,99.94213104248048,32.42338943481445,40.38831282568902,42009.0,30.653366088867188,28.3414306640625,26.00230407714844,28.749420166015625,42.25
2021-11-28 15:58:22.994,26.347963333129883,93.01204681396484,172.65625762939453,84.54545593261719,87.69999694824219,61.23046875,99.94213104248048,32.463375091552734,38.61252398938723,42009.0,29.32061767578125,29.048599243164062,21.46005249023437,26.682281494140625,42.25
2021-11-28 15:58:23.992,26.347963333129883,93.01204681396484,172.65625762939453,84.54545593261719,87.69999694824219,61.23046875,99.94213104248048,32.463375091552734,38.61252398938723,42009.0,29.32061767578125,29.048599243164062,21.46005249023437,26.682281494140625,42.25
2021-11-28 15:58:25.005,26.38144302368164,93.01204681396484,169.2545623779297,84.6212158203125,87.0999984741211,61.23046875,99.94213104248048,32.483367919921875,37.28181074555033,42009.0,32.584503173828125,26.818267822265625,21.840850830078125,21.65045166015625,42.25
2021-11-28 15:58:25.991,26.54361915588379,93.0722885131836,168.42447662353516,84.6212158203125,86.9000015258789,61.23046875,99.93851470947266,32.53807067871094,40.0323683374147,42009.0,33.56365966796875,28.93980407714844,23.826385498046875,26.029510498046875,42.25
2021-11-28 15:58:26.994,26.54361915588379,93.0722885131836,168.42447662353516,84.6212158203125,86.9000015258789,61.23046875,99.93851470947266,32.53807067871094,40.0323683374147,42009.0,33.56365966796875,28.93980407714844,23.826385498046875,26.029510498046875,42.25
2021-11-28 15:58:27.993,26.66820907592773,93.01204681396484,167.74088287353516,84.6212158203125,86.9000015258789,61.23046875,99.93851470947266,32.579200744628906,38.428178101537846,42009.0,31.0069580078125,24.370361328125,24.50634765625,24.6695556640625,42.25
2021-11-28 15:58:28.991,26.56760597229004,92.9518051147461,169.05924224853516,84.6212158203125,87.30000305175781,61.23046875,99.94213104248048,32.60587310791016,38.980455058149225,42009.0,30.49017333984375,29.456588745117188,25.784713745117188,25.050338745117188,42.25
2021-11-28 15:58:29.993,26.56760597229004,92.9518051147461,169.05924224853516,84.6212158203125,87.30000305175781,61.23046875,99.94213104248048,32.60587310791016,38.980455058149225,42009.0,30.49017333984375,29.456588745117188,25.784713745117188,25.050338745117188,42.25
2021-11-28 15:58:31.001,26.44379615783692,92.9518051147461,166.748046875,84.6212158203125,87.5,61.23046875,99.94213104248048,32.64634704589844,40.33194729000988,42009.0,30.73495483398437,31.686920166015625,26.4375,22.520828247070312,42.25
2021-11-28 15:58:31.990,26.41983413696289,92.9518051147461,168.3024139404297,84.6212158203125,86.79999542236328,61.23046875,99.93851470947266,32.68682098388672,40.96973461986563,42009.0,30.49017333984375,31.469314575195312,27.38946533203125,24.479156494140625,42.25
2021-11-28 15:58:32.995,26.41983413696289,92.9518051147461,168.3024139404297,84.6212158203125,86.79999542236328,61.23046875,99.93851470947266,32.68682098388672,40.96973461986563,42009.0,30.49017333984375,31.469314575195312,27.38946533203125,24.479156494140625,42.25
2021-11-28 15:58:33.994,26.47112846374512,93.01204681396484,167.5455780029297,84.6212158203125,86.69999694824219,61.23046875,99.94213104248048,32.71111297607422,40.01198386424464,42009.0,33.019683837890625,29.102996826171875,20.154510498046875,25.48553466796875,42.25
2021-11-28 15:58:34.992,26.36268424987793,92.9518051147461,168.27799224853516,84.6212158203125,86.19999694824219,61.23046875,99.94213104248048,32.75492858886719,38.68069221023643,42009.0,29.211822509765625,24.9415283203125,20.10009765625,25.839111328125,42.25
2021-11-28 15:58:35.994,26.36268424987793,92.9518051147461,168.27799224853516,84.6212158203125,86.19999694824219,61.23046875,99.94213104248048,32.75492858886719,38.68069221023643,42009.0,29.211822509765625,24.9415283203125,20.10009765625,25.839111328125,42.25
2021-11-28 15:58:36.993,26.251930236816406,93.01204681396484,167.51302337646484,84.6212158203125,86.0,61.23046875,99.93851470947266,32.795562744140625,40.45354912227727,42009.0,32.938079833984375,28.776611328125,20.807281494140625,24.370361328125,42.25
2021-11-28 15:58:38.004,26.2769832611084,93.01204681396484,167.91178131103516,84.6212158203125,86.69999694824219,61.23046875,99.94213104248048,32.815879821777344,40.60282881823646,42009.0,31.08856201171875,25.703125,19.964111328125,24.179962158203125,42.25
2021-11-28 15:58:38.990,26.2769832611084,93.01204681396484,167.91178131103516,84.6212158203125,86.69999694824219,61.23046875,99.94213104248048,32.815879821777344,40.60282881823646,42009.0,31.08856201171875,25.703125,19.964111328125,24.179962158203125,42.25
2021-11-28 15:58:40.002,26.401161193847656,93.01204681396484,168.408203125,84.6212158203125,86.69999694824219,61.23046875,99.94213104248048,32.863914489746094,38.33090739854002,42009.0,31.632537841796875,29.755767822265625,25.077545166015625,21.7320556640625,42.25
2021-11-28 15:58:41.002,26.35882568359375,93.01204681396484,167.98502349853516,84.6212158203125,87.5,61.23046875,99.93851470947266,32.90714645385742,38.43860437221989,42009.0,31.170150756835938,27.688644409179688,26.301498413085938,23.2008056640625,42.25
2021-11-28 15:58:41.994,26.35882568359375,93.01204681396484,167.98502349853516,84.6212158203125,87.5,61.23046875,99.93851470947266,32.90714645385742,38.43860437221989,42009.0,31.170150756835938,27.688644409179688,26.301498413085938,23.2008056640625,42.25
2021-11-28 15:58:42.990,26.288724899291992,92.9518051147461,169.873046875,84.6212158203125,87.19999694824219,61.23046875,99.94213104248048,32.93408203125,39.40691132168984,42009.0,35.76678466796875,29.048599243164062,28.749420166015625,27.09027099609375,42.25
2021-11-28 15:58:44.002,26.318029403686523,92.9518051147461,169.58821868896484,84.6212158203125,88.0999984741211,61.23046875,99.94213104248048,32.980796813964844,36.73408590828373,42009.0,33.99884033203125,26.4102783203125,28.09663391113281,27.87904357910156,42.25
2021-11-28 15:58:44.992,26.318029403686523,92.9518051147461,169.58821868896484,84.6212158203125,88.0999984741211,61.23046875,99.94213104248048,32.980796813964844,36.73408590828373,42009.0,33.99884033203125,26.4102783203125,28.09663391113281,27.87904357910156,42.25
2021-11-28 15:58:45.993,26.485538482666016,92.9518051147461,169.4091796875,84.6212158203125,88.20000457763672,61.23046875,99.94213104248048,33.02191925048828,36.70771313656511,42009.0,34.053253173828125,30.89813232421875,28.85821533203125,22.24884033203125,42.25
2021-11-28 15:58:46.994,26.51744079589844,93.01204681396484,169.0185546875,84.6212158203125,87.9000015258789,61.23046875,99.94213104248048,33.04248046875,38.49704591370816,42009.0,35.957183837890625,28.287017822265625,24.179962158203125,30.5445556640625,42.25
2021-11-28 15:58:47.992,26.51744079589844,93.01204681396484,169.0185546875,84.6212158203125,87.9000015258789,61.23046875,99.94213104248048,33.04248046875,38.49704591370816,42009.0,35.957183837890625,28.287017822265625,24.179962158203125,30.5445556640625,42.25
2021-11-28 15:58:48.992,26.400388717651367,93.01204681396484,167.97689056396484,84.6212158203125,87.19999694824219,61.23046875,99.94213104248048,33.08360290527344,37.52003246490765,42009.0,35.90278625488281,22.24884033203125,25.73031616210937,27.68865966796875,42.25
2021-11-28 15:58:49.991,26.42976760864257,92.9518051147461,169.93814849853516,84.6212158203125,87.9000015258789,61.23046875,99.94213104248048,33.117393493652344,39.270538168597255,42009.0,31.52374267578125,30.0821533203125,22.711212158203125,25.97509765625,42.25
2021-11-28 15:58:50.995,26.42976760864257,92.9518051147461,169.93814849853516,84.6212158203125,87.9000015258789,61.23046875,99.94213104248048,33.117393493652344,39.270538168597255,42009.0,31.52374267578125,30.0821533203125,22.711212158203125,25.97509765625,42.25
2021-11-28 15:58:51.994,26.52696418762207,93.01204681396484,168.0908203125,84.6212158203125,87.19999694824219,61.23046875,99.94213104248048,33.13787841796875,37.18241940889297,42009.0,34.624420166015625,29.0758056640625,24.12557983398437,26.899871826171875,42.25
2021-11-28 15:58:52.992,26.61427879333496,92.9518051147461,167.28515625,84.54545593261719,87.19999694824219,61.23046875,99.94213104248048,33.178836822509766,37.55060329821514,42009.0,30.57177734375,28.749420166015625,24.914337158203125,22.847213745117188,42.25
2021-11-28 15:58:53.992,26.49956703186035,92.9518051147461,167.8466796875,84.6212158203125,87.19999694824219,61.23046875,99.94213104248048,33.20916748046875,37.93518781033159,42009.0,31.82293701171875,30.84375,27.87904357910156,24.75115966796875,42.25
2021-11-28 15:58:55.006,26.49956703186035,92.9518051147461,167.8466796875,84.6212158203125,87.19999694824219,61.23046875,99.94213104248048,33.20916748046875,37.93518781033159,42009.0,31.82293701171875,30.84375,27.87904357910156,24.75115966796875,42.25
2021-11-28 15:58:55.990,26.42143440246582,92.9518051147461,166.39810943603516,84.6212158203125,86.79999542236328,61.23046875,99.94213104248048,33.2254638671875,37.999631111946265,42009.0,30.2725830078125,28.314224243164062,25.15913391113281,26.35589599609375,42.25
2021-11-28 15:58:56.992,26.449115753173828,93.13253021240234,167.8629608154297,84.6212158203125,87.0999984741211,61.23046875,99.94213104248048,33.26203155517578,37.845815887180414,42009.0,32.149322509765625,29.8101806640625,20.86167907714844,26.111114501953125,42.25
2021-11-28 15:58:57.992,26.449115753173828,93.13253021240234,167.8629608154297,84.6212158203125,87.0999984741211,61.23046875,99.94213104248048,33.26203155517578,37.845815887180414,42009.0,32.149322509765625,29.8101806640625,20.86167907714844,26.111114501953125,42.25
2021-11-28 15:58:58.993,26.49980926513672,92.9518051147461,167.50489044189453,84.6212158203125,86.4000015258789,61.23046875,99.94213104248048,33.304222106933594,37.61362812566308,42009.0,33.2100830078125,29.755767822265625,23.173614501953125,24.043975830078125,42.25
2021-11-28 15:59:00.994,26.37260055541992,92.89157104492188,167.5537109375,84.6212158203125,87.5,61.23046875,99.94213104248048,33.32127380371094,37.76501684622327,42009.0,26.65509033203125,29.837371826171875,23.85357666015625,23.309600830078125,42.25
2021-11-28 15:59:00.000,26.37260055541992,92.89157104492188,167.5537109375,84.6212158203125,87.5,61.23046875,99.94213104248048,33.32127380371094,37.76501684622327,42009.0,26.65509033203125,29.837371826171875,23.85357666015625,23.309600830078125,42.25
2021-11-28 15:59:01.994,26.267484664916992,93.01204681396484,166.40625,84.6212158203125,86.79999542236328,61.23046875,99.93851470947266,33.361793518066406,38.41636128860237,42009.0,34.270843505859375,27.552642822265625,22.95600891113281,24.098373413085938,42.25
2021-11-28 15:59:02.994,26.30097007751465,93.01204681396484,166.015625,84.6212158203125,86.29999542236328,61.23046875,99.94213104248048,33.393287658691406,40.58194280297243,42009.0,30.73495483398437,28.368621826171875,19.828125,25.349517822265625,42.25
2021-11-28 15:59:03.995,26.30097007751465,93.01204681396484,166.015625,84.6212158203125,86.29999542236328,61.23046875,99.94213104248048,33.393287658691406,40.58194280297243,42009.0,30.73495483398437,28.368621826171875,19.828125,25.349517822265625,42.25
2021-11-28 15:59:04.993,26.4367904663086,93.0722885131836,167.2119140625,84.6212158203125,86.9000015258789,61.23046875,99.93851470947266,33.41344451904297,38.41374288878056,42009.0,33.618072509765625,28.99420166015625,21.51446533203125,21.024871826171875,42.25
2021-11-28 15:59:06.005,26.39633750915528,93.01204681396484,168.18033599853516,84.6212158203125,87.5,61.23046875,99.94213104248048,33.45375442504883,36.72573991008059,42009.0,32.53009033203125,30.38134765625,21.786453247070312,24.615142822265625,42.25
2021-11-28 15:59:07.005,26.39633750915528,93.01204681396484,168.18033599853516,84.6212158203125,87.5,61.23046875,99.94213104248048,33.45375442504883,36.72573991008059,42009.0,32.53009033203125,30.38134765625,21.786453247070312,24.615142822265625,42.25
2021-11-28 15:59:07.991,26.33806037902832,92.9518051147461,166.89453125,84.6212158203125,87.0,61.23046875,99.94213104248048,33.49406433105469,37.72297899393927,42009.0,33.672454833984375,25.92071533203125,24.179962158203125,27.06307983398437,42.25
2021-11-28 15:59:08.992,26.39667701721192,92.9518051147461,167.1468048095703,84.6212158203125,87.5,61.23046875,99.94213104248048,33.51422119140625,38.49731662237423,42009.0,33.72686767578125,25.73031616210937,25.92071533203125,21.786453247070312,42.25
2021-11-28 15:59:09.993,26.39667701721192,92.9518051147461,167.1468048095703,84.6212158203125,87.5,61.23046875,99.94213104248048,33.51422119140625,38.49731662237423,42009.0,33.72686767578125,25.73031616210937,25.92071533203125,21.786453247070312,42.25
2021-11-28 15:59:11.006,26.492345809936523,92.9518051147461,166.796875,84.6212158203125,86.9000015258789,61.23046875,99.94213104248048,33.554527282714844,37.32910499560859,42009.0,34.706024169921875,25.24072265625,23.608795166015625,21.895248413085938,42.25
2021-11-28 15:59:11.990,26.46372032165528,93.0722885131836,168.42446899414062,84.6212158203125,87.5,61.23046875,99.94213104248048,33.59484100341797,37.72133734055678,42009.0,33.890045166015625,27.1446533203125,20.10009765625,24.99594116210937,42.27500057220459
2021-11-28 15:59:12.992,26.46372032165528,93.0722885131836,168.42446899414062,84.6212158203125,87.5,61.23046875,99.94213104248048,33.59484100341797,37.72133734055678,42009.0,33.890045166015625,27.1446533203125,20.10009765625,24.99594116210937,42.27500057220459
2021-11-28 15:59:13.990,26.36153793334961,92.9518051147461,168.22103118896484,84.6212158203125,88.5999984741211,61.23046875,99.94213104248048,33.614994049072266,35.91363166789643,42009.0,34.406829833984375,25.6759033203125,21.024871826171875,24.75115966796875,42.27500057220459
2021-11-28 15:59:14.990,26.37174224853516,92.9518051147461,167.24446868896484,84.6212158203125,88.30000305175781,61.23046875,99.93851470947266,33.65286636352539,37.44388700794451,42009.0,32.33970642089844,27.987838745117188,27.22625732421875,22.73841857910156,42.25
2021-11-28 15:59:15.993,26.37174224853516,92.9518051147461,167.24446868896484,84.6212158203125,88.30000305175781,61.23046875,99.93851470947266,33.65286636352539,37.44388700794451,42009.0,32.33970642089844,27.987838745117188,27.22625732421875,22.73841857910156,42.25
2021-11-28 15:59:16.993,26.489896774291992,93.01204681396484,167.22005462646484,84.6212158203125,87.4000015258789,61.23046875,99.93851470947266,33.67543029785156,37.97440643532864,42009.0,34.95082092285156,26.845474243164062,25.5399169921875,24.50634765625,42.27500057220459
2021-11-28 15:59:17.994,26.51303482055664,93.01204681396484,168.70931243896484,84.6212158203125,87.5999984741211,61.23046875,99.94213104248048,33.701011657714844,36.925275598674176,42009.0,34.84202575683594,29.59259033203125,23.880767822265625,25.48553466796875,42.27500057220459
2021-11-28 15:59:18.993,26.51303482055664,93.01204681396484,168.70931243896484,84.6212158203125,87.5999984741211,61.23046875,99.94213104248048,33.701011657714844,36.925275598674176,42009.0,34.84202575683594,29.59259033203125,23.880767822265625,25.48553466796875,42.27500057220459
2021-11-28 15:59:19.991,26.400909423828125,93.01204681396484,167.2119140625,84.6212158203125,87.0,61.23046875,99.94213104248048,33.740997314453125,39.96414987198086,42009.0,30.218170166015625,27.66143798828125,27.253463745117188,25.648712158203125,42.27500057220459
2021-11-28 15:59:20.994,26.37841415405273,93.01204681396484,168.03385162353516,84.6212158203125,87.30000305175781,61.23046875,99.93851470947266,33.78017044067383,38.91587204695686,42009.0,33.26446533203125,29.102996826171875,27.22625732421875,27.770248413085938,42.27500057220459
2021-11-28 15:59:21.990,26.37841415405273,93.01204681396484,168.03385162353516,84.6212158203125,87.30000305175781,61.23046875,99.93851470947266,33.78017044067383,38.91587204695686,42009.0,33.26446533203125,29.102996826171875,27.22625732421875,27.770248413085938,42.27500057220459
2021-11-28 15:59:22.991,26.46806907653809,93.01204681396484,166.30859375,84.6212158203125,86.5999984741211,61.23046875,99.94213104248048,33.79365921020508,39.43830559741371,42009.0,32.720489501953125,28.09663391113281,24.99594116210937,23.826385498046875,42.25
2021-11-28 15:59:23.993,26.485027313232425,92.9518051147461,167.626953125,84.6212158203125,85.9000015258789,61.23046875,99.93851470947266,33.826114654541016,40.41929377834104,42009.0,32.067718505859375,25.4039306640625,22.05844116210937,21.623260498046875,42.27500057220459
2021-11-28 15:59:25.002,26.485027313232425,92.9518051147461,167.626953125,84.6212158203125,85.9000015258789,61.23046875,99.93851470947266,33.826114654541016,40.41929377834104,42009.0,32.067718505859375,25.4039306640625,22.05844116210937,21.623260498046875,42.27500057220459
2021-11-28 15:59:25.994,26.3587703704834,93.01204681396484,165.9505157470703,84.6212158203125,86.5999984741211,61.23046875,99.93851470947266,33.84189224243164,39.16340799475411,42009.0,33.80845642089844,28.06942749023437,18.1961669921875,22.901611328125,42.27500057220459
2021-11-28 15:59:27.005,26.269092559814453,93.01204681396484,166.2109375,84.6212158203125,86.9000015258789,61.23046875,99.94213104248048,33.86839294433594,37.48630618686273,42009.0,28.88543701171875,29.918975830078125,23.635986328125,21.59605407714844,42.27500057220459
2021-11-28 15:59:27.994,26.269092559814453,93.01204681396484,166.2109375,84.6212158203125,86.9000015258789,61.23046875,99.94213104248048,33.86839294433594,37.48630618686273,42009.0,28.88543701171875,29.918975830078125,23.635986328125,21.59605407714844,42.27500057220459
2021-11-28 15:59:28.998,26.29868507385254,93.01204681396484,165.27506256103516,84.6212158203125,87.19999694824219,61.23046875,99.94213104248048,33.88316345214844,37.329302945260345,42009.0,30.952545166015625,28.4774169921875,20.5625,25.13192749023437,42.27500057220459
2021-11-28 15:59:29.994,26.362247467041016,92.9518051147461,168.10709381103516,84.6212158203125,87.0999984741211,61.23046875,99.93851470947266,33.922332763671875,39.23573832192229,42009.0,32.85649108886719,31.03413391113281,25.648712158203125,24.88714599609375,42.27500057220459
2021-11-28 15:59:30.990,26.362247467041016,92.9518051147461,168.10709381103516,84.6212158203125,87.0999984741211,61.23046875,99.93851470947266,33.922332763671875,39.23573832192229,42009.0,32.85649108886719,31.03413391113281,25.648712158203125,24.88714599609375,42.27500057220459
2021-11-28 15:59:32.003,26.240619659423828,93.01204681396484,168.0012969970703,84.6212158203125,87.19999694824219,61.23046875,99.94213104248048,33.9385986328125,38.08972744021105,42009.0,34.8148193359375,28.368621826171875,25.15913391113281,25.4039306640625,42.27500057220459
2021-11-28 15:59:32.990,26.1889591217041,93.01204681396484,166.7724609375,84.6212158203125,87.5,61.23046875,99.94213104248048,33.9514274597168,39.05975686201223,42009.0,33.318878173828125,28.09663391113281,25.104736328125,27.307861328125,42.27500057220459
2021-11-28 15:59:33.992,26.1889591217041,93.01204681396484,166.7724609375,84.6212158203125,87.5,61.23046875,99.94213104248048,33.9514274597168,39.05975686201223,42009.0,33.318878173828125,28.09663391113281,25.104736328125,27.307861328125,42.27500057220459
2021-11-28 15:59:34.993,26.2277889251709,92.9518051147461,167.2119140625,84.54545593261719,87.5,61.23046875,99.94213104248048,33.97769546508789,38.82424784096185,42009.0,34.488433837890625,30.59893798828125,26.00230407714844,23.5,42.27500057220459
2021-11-28 15:59:35.992,26.411460876464844,93.01204681396484,167.7083282470703,84.6212158203125,87.4000015258789,61.23046875,99.94213104248048,33.9954948425293,38.438909579776784,42009.0,36.392364501953125,28.314224243164062,20.2633056640625,26.165496826171875,42.27500057220459
2021-11-28 15:59:36.991,26.46483993530273,93.0722885131836,167.63509368896484,84.6212158203125,88.0999984741211,61.23046875,99.94213104248048,34.01276779174805,37.424417583086026,42009.0,33.046875,24.28875732421875,23.744781494140625,24.234375,42.27500057220459
2021-11-28 15:59:38.993,26.35030746459961,93.0722885131836,167.34212493896484,84.6212158203125,87.30000305175781,61.23046875,99.93851470947266,34.02764892578125,38.829427114435966,42009.0,33.019683837890625,28.885406494140625,26.70947265625,27.0086669921875,42.27500057220459
2021-11-28 15:59:38.000,26.46483993530273,93.0722885131836,167.63509368896484,84.6212158203125,88.0999984741211,61.23046875,99.94213104248048,34.01276779174805,37.424417583086026,42009.0,33.046875,24.28875732421875,23.744781494140625,24.234375,42.27500057220459
2021-11-28 15:59:39.993,26.40168571472168,92.89157104492188,167.3258514404297,84.6212158203125,87.69999694824219,61.23046875,99.94213104248048,34.04855728149414,36.79942338174872,42009.0,34.0804443359375,28.232635498046875,29.0758056640625,27.579864501953125,42.27500057220459
2021-11-28 15:59:40.992,26.40168571472168,92.89157104492188,167.3258514404297,84.6212158203125,87.69999694824219,61.23046875,99.94213104248048,34.04855728149414,36.79942338174872,42009.0,34.0804443359375,28.232635498046875,29.0758056640625,27.579864501953125,42.27500057220459
2021-11-28 15:59:42.004,26.57005500793457,93.01204681396484,168.08267974853516,84.6212158203125,87.0999984741211,61.23046875,99.94213104248048,34.069091796875,39.59596395240583,42009.0,35.46759033203125,28.423019409179688,21.94964599609375,24.12557983398437,42.27500057220459
2021-11-28 15:59:42.991,26.6238021850586,93.0722885131836,166.650390625,84.6212158203125,87.4000015258789,61.23046875,99.94213104248048,34.08084487915039,37.18384874062759,42009.0,31.52374267578125,26.4102783203125,26.4375,25.48553466796875,42.27500057220459
2021-11-28 15:59:44.005,26.6238021850586,93.0722885131836,166.650390625,84.6212158203125,87.4000015258789,61.23046875,99.94213104248048,34.08084487915039,37.18384874062759,42009.0,31.52374267578125,26.4102783203125,26.4375,25.48553466796875,42.27500057220459
2021-11-28 15:59:45.005,26.500164031982425,92.89157104492188,167.7490234375,84.6212158203125,88.0,61.23046875,99.93851470947266,34.107391357421875,38.89145900327039,42009.0,34.24365234375,29.238983154296875,28.722213745117188,24.45196533203125,42.27500057220459
2021-11-28 15:59:45.990,26.41363906860352,93.01204681396484,167.24446868896484,84.54545593261719,86.9000015258789,61.23046875,99.94213104248048,34.11409378051758,40.92222007034193,42009.0,34.46124267578125,28.66781616210937,27.280670166015625,21.35125732421875,42.27500057220459
2021-11-28 15:59:47.994,26.38705062866211,93.0722885131836,166.796875,84.6212158203125,85.9000015258789,61.23046875,99.94213104248048,34.1393928527832,38.41483809867191,42009.0,31.82293701171875,26.845474243164062,27.661453247070312,23.173614501953125,42.27500057220459
2021-11-28 15:59:47.000,26.41363906860352,93.01204681396484,167.24446868896484,84.54545593261719,86.9000015258789,61.23046875,99.94213104248048,34.11409378051758,40.92222007034193,42009.0,34.46124267578125,28.66781616210937,27.280670166015625,21.35125732421875,42.27500057220459
2021-11-28 15:59:49.002,26.39183235168457,93.01204681396484,166.6748046875,84.6212158203125,87.0,61.23046875,99.94213104248048,34.17097091674805,40.22055108936446,42009.0,33.971649169921875,27.66143798828125,23.2008056640625,23.880767822265625,42.27500057220459
2021-11-28 15:59:49.992,26.39183235168457,93.01204681396484,166.6748046875,84.6212158203125,87.0,61.23046875,99.94213104248048,34.17097091674805,40.22055108936446,42009.0,33.971649169921875,27.66143798828125,23.2008056640625,23.880767822265625,42.27500057220459
2021-11-28 15:59:50.993,26.283397674560547,92.9518051147461,166.12142181396484,84.6212158203125,86.0,61.23046875,99.94213104248048,34.19188690185547,39.3454182743629,42009.0,30.4085693359375,25.4039306640625,24.45196533203125,22.82000732421875,42.27500057220459
2021-11-28 15:59:51.994,26.18416786193848,92.9518051147461,166.89453887939453,84.6212158203125,87.30000305175781,61.23046875,99.94213104248048,34.20952224731445,38.70226576326053,42009.0,33.672454833984375,26.546295166015625,22.65682983398437,23.744781494140625,42.27500057220459
2021-11-28 15:59:52.994,26.18416786193848,92.9518051147461,166.89453887939453,84.6212158203125,87.30000305175781,61.23046875,99.94213104248048,34.20952224731445,38.70226576326053,42009.0,33.672454833984375,26.546295166015625,22.65682983398437,23.744781494140625,42.27500057220459
2021-11-28 15:59:53.994,26.213638305664062,92.9518051147461,166.5771484375,84.54545593261719,86.5,61.23046875,99.93851470947266,34.23748779296875,37.35796175878394,42009.0,31.33334350585937,25.18634033203125,25.02313232421875,24.696746826171875,42.27500057220459
2021-11-28 15:59:54.994,26.284273147583008,93.01204681396484,166.85384368896484,84.6212158203125,85.9000015258789,61.23046875,99.94213104248048,34.269325256347656,39.39659645867005,42009.0,30.62615966796875,24.179962158203125,21.94964599609375,25.48553466796875,42.27500057220459
2021-11-28 15:59:56.003,26.284273147583008,93.01204681396484,166.85384368896484,84.6212158203125,85.9000015258789,61.23046875,99.94213104248048,34.269325256347656,39.39659645867005,42009.0,30.62615966796875,24.179962158203125,21.94964599609375,25.48553466796875,42.27500057220459
2021-11-28 15:59:56.993,26.22638893127441,92.89157104492188,167.1630859375,84.6212158203125,86.69999694824219,61.23046875,99.94213104248048,34.282772064208984,36.99259449748335,42009.0,31.06134033203125,27.253463745117188,24.01678466796875,21.92245483398437,42.27500057220459
2021-11-28 15:59:58.004,26.22638893127441,92.89157104492188,167.1630859375,84.6212158203125,86.69999694824219,61.23046875,99.94213104248048,34.282772064208984,36.99259449748335,42009.0,31.06134033203125,27.253463745117188,24.01678466796875,21.92245483398437,42.27500057220459
2021-11-28 15:59:58.994,26.251022338867188,93.01204681396484,165.66568756103516,84.6212158203125,86.69999694824219,61.23046875,99.94213104248048,34.317710876464844,37.82354711468989,42009.0,33.59086608886719,27.117462158203125,20.75288391113281,26.301498413085938,42.27500057220459
2021-11-28 15:59:59.992,26.46226119995117,93.0722885131836,165.90982818603516,84.54545593261719,86.9000015258789,61.23046875,99.94213104248048,34.34535217285156,38.189220782759165,42009.0,30.59896850585937,26.2742919921875,23.3367919921875,25.947906494140625,42.27500057220459
2021-11-28 16:00:01.991,26.643835067749023,92.9518051147461,165.64940643310547,84.54545593261719,86.79999542236328,61.23046875,99.94213104248048,34.36273956298828,35.57266693215849,42009.0,32.285308837890625,27.307861328125,21.92245483398437,22.874420166015625,42.27500057220459
2021-11-28 16:00:01.000,26.46226119995117,93.0722885131836,165.90982818603516,84.54545593261719,86.9000015258789,61.23046875,99.94213104248048,34.34535217285156,38.189220782759165,42009.0,30.59896850585937,26.2742919921875,23.3367919921875,25.947906494140625,42.27500057220459
2021-11-28 16:00:03.004,26.66043281555176,92.9518051147461,167.27701568603516,84.6212158203125,87.30000305175781,61.23046875,99.94213104248048,34.397518157958984,36.80857634761544,42009.0,28.504638671875,29.837371826171875,21.51446533203125,25.15913391113281,42.27500057220459
2021-11-28 16:00:04.003,26.66043281555176,92.9518051147461,167.27701568603516,84.6212158203125,87.30000305175781,61.23046875,99.94213104248048,34.397518157958984,36.80857634761544,42009.0,28.504638671875,29.837371826171875,21.51446533203125,25.15913391113281,42.27500057220459
2021-11-28 16:00:05.003,26.71579933166504,93.01204681396484,166.8212890625,84.6212158203125,87.4000015258789,61.23046875,99.93851470947266,34.41164779663086,35.84804065861566,42009.0,34.8148193359375,31.360519409179688,20.644088745117188,23.52719116210937,42.27500057220459
2021-11-28 16:00:05.991,26.780431747436523,92.9518051147461,166.65853118896484,84.6212158203125,87.9000015258789,61.23046875,99.93851470947266,34.44223403930664,35.21664873422252,42009.0,34.189239501953125,27.33505249023437,22.54803466796875,27.22625732421875,42.27500057220459
2021-11-28 16:00:06.995,26.780431747436523,92.9518051147461,166.65853118896484,84.6212158203125,87.9000015258789,61.23046875,99.93851470947266,34.44223403930664,35.21664873422252,42009.0,34.189239501953125,27.33505249023437,22.54803466796875,27.22625732421875,42.27500057220459
2021-11-28 16:00:07.990,26.83118438720703,92.9518051147461,165.75521087646484,84.54545593261719,86.79999542236328,61.23046875,99.93851470947266,34.46790313720703,37.950705566994245,42009.0,35.141204833984375,30.16375732421875,24.778350830078125,28.4774169921875,42.27500057220459
2021-11-28 16:00:08.991,26.6883487701416,93.01204681396484,166.2841796875,84.54545593261719,87.5999984741211,61.23046875,99.93851470947266,34.47940826416016,37.76081211625098,42009.0,35.114013671875,27.36225891113281,22.79281616210937,22.847213745117188,42.27500057220459
2021-11-28 16:00:10.004,26.54990005493164,93.13253021240234,166.12142181396484,84.6212158203125,87.5,61.23046875,99.93851470947266,34.508018493652344,38.92448681352612,42009.0,34.16204833984375,28.55902099609375,23.71759033203125,25.567123413085938,42.27500057220459
2021-11-28 16:00:11.003,26.54990005493164,93.13253021240234,166.12142181396484,84.6212158203125,87.5,61.23046875,99.93851470947266,34.508018493652344,38.92448681352612,42009.0,34.16204833984375,28.55902099609375,23.71759033203125,25.567123413085938,42.27500057220459
2021-11-28 16:00:11.990,26.44943618774414,92.89157104492188,166.650390625,84.6212158203125,87.19999694824219,61.23046875,99.93851470947266,34.53400421142578,38.665728332093714,42009.0,35.38600158691406,29.048599243164062,26.70947265625,23.309600830078125,42.27500057220459
2021-11-28 16:00:12.995,26.39423942565918,92.89157104492188,167.87109375,84.6212158203125,87.30000305175781,61.23046875,99.93851470947266,34.55263137817383,39.33542344395937,42009.0,32.85649108886719,30.29975891113281,28.69500732421875,24.50634765625,42.27500057220459
2021-11-28 16:00:13.992,26.39423942565918,92.89157104492188,167.87109375,84.6212158203125,87.30000305175781,61.23046875,99.93851470947266,34.55263137817383,39.33542344395937,42009.0,32.85649108886719,30.29975891113281,28.69500732421875,24.50634765625,42.27500057220459
2021-11-28 16:00:14.993,26.207094192504883,93.0722885131836,167.333984375,84.6212158203125,87.0,61.23046875,99.93851470947266,34.587440490722656,39.10375198370605,42009.0,30.62615966796875,28.232635498046875,27.117462158203125,25.13192749023437,42.27500057220459
2021-11-28 16:00:15.994,26.028976440429688,93.13253021240234,167.48860931396484,84.6212158203125,86.79999542236328,61.23046875,99.93851470947266,34.60606384277344,39.125667634911935,42009.0,36.20196533203125,27.307861328125,26.73667907714844,26.573486328125,42.27500057220459
2021-11-28 16:00:16.993,26.028976440429688,93.13253021240234,167.48860931396484,84.6212158203125,86.79999542236328,61.23046875,99.93851470947266,34.60606384277344,39.125667634911935,42009.0,36.20196533203125,27.307861328125,26.73667907714844,26.573486328125,42.27500057220459
2021-11-28 16:00:17.991,25.98511505126953,92.9518051147461,166.11328125,84.6212158203125,87.0,61.23046875,99.93851470947266,34.620479583740234,38.793932536896776,42009.0,36.50115966796875,28.4774169921875,27.52545166015625,23.962371826171875,42.27500057220459
2021-11-28 16:00:19.003,26.097814559936523,92.89157104492188,166.41439056396484,84.6212158203125,87.0,61.23046875,99.94213104248048,34.63694381713867,38.97489916333468,42009.0,32.067718505859375,23.9351806640625,29.64697265625,20.644088745117188,42.27500057220459
2021-11-28 16:00:19.991,26.097814559936523,92.89157104492188,166.41439056396484,84.6212158203125,87.0,61.23046875,99.94213104248048,34.63694381713867,38.97489916333468,42009.0,32.067718505859375,23.9351806640625,29.64697265625,20.644088745117188,42.27500057220459
2021-11-28 16:00:21.002,26.16277503967285,93.0722885131836,166.67481231689453,84.6212158203125,87.0,61.23046875,99.93851470947266,34.657928466796875,38.37253420597428,42009.0,33.019683837890625,30.27255249023437,26.818267822265625,22.30322265625,42.27500057220459
2021-11-28 16:00:21.991,26.172327041625977,93.01204681396484,165.34017181396484,84.6212158203125,87.0,61.23046875,99.93851470947266,34.672794342041016,40.54238044075294,42009.0,35.522003173828125,27.770233154296875,25.75750732421875,22.276031494140625,42.27500057220459
2021-11-28 16:00:23.995,26.32798194885254,92.9518051147461,165.869140625,84.6212158203125,87.30000305175781,61.23046875,99.93851470947266,34.68610382080078,39.94680675729863,42009.0,34.515625,26.899871826171875,26.247100830078125,19.175338745117188,42.27500057220459
2021-11-28 16:00:23.000,26.172327041625977,93.01204681396484,165.34017181396484,84.6212158203125,87.0,61.23046875,99.93851470947266,34.672794342041016,40.54238044075294,42009.0,35.522003173828125,27.770233154296875,25.75750732421875,22.276031494140625,42.27500057220459
2021-11-28 16:00:25.000,26.59646415710449,92.9518051147461,165.3076171875,84.6212158203125,87.5,61.23046875,99.93851470947266,34.710418701171875,37.77841421889392,42009.0,29.81019592285156,29.56538391113281,27.14466857910156,22.629623413085938,42.27500057220459
2021-11-28 16:00:26.000,26.59646415710449,92.9518051147461,165.3076171875,84.6212158203125,87.5,61.23046875,99.93851470947266,34.710418701171875,37.77841421889392,42009.0,29.81019592285156,29.56538391113281,27.14466857910156,22.629623413085938,42.27500057220459
2021-11-28 16:00:27.001,26.696754455566406,93.0722885131836,166.552734375,84.6212158203125,87.5999984741211,61.23046875,99.93851470947266,34.737876892089844,38.10443610348317,42009.0,32.4757080078125,32.258087158203125,27.498260498046875,23.69038391113281,42.27500057220459
2021-11-28 16:00:27.995,26.60751914978028,93.01204681396484,166.6341094970703,84.6212158203125,87.19999694824219,61.23046875,99.93851470947266,34.74424362182617,38.75628141441976,42009.0,31.115753173828125,24.642349243164062,25.050338745117188,25.24072265625,42.27500057220459
2021-11-28 16:00:29.002,26.60751914978028,93.01204681396484,166.6341094970703,84.6212158203125,87.19999694824219,61.23046875,99.93851470947266,34.74424362182617,38.75628141441976,42009.0,31.115753173828125,24.642349243164062,25.050338745117188,25.24072265625,42.27500057220459
2021-11-28 16:00:29.993,26.563739776611328,93.01204681396484,166.89452362060547,84.6212158203125,87.0999984741211,61.23046875,99.93851470947266,34.77625274658203,38.53021723911381,42009.0,31.1429443359375,28.504608154296875,27.280670166015625,26.573486328125,42.27500057220459
2021-11-28 16:00:30.994,26.5764217376709,92.9518051147461,165.29134368896484,84.54545593261719,87.19999694824219,61.23046875,99.93851470947266,34.79679489135742,37.11641883465403,42009.0,31.686920166015625,26.70947265625,22.412017822265625,25.89350891113281,42.27500057220459
2021-11-28 16:00:31.993,26.5764217376709,92.9518051147461,165.29134368896484,84.54545593261719,87.19999694824219,61.23046875,99.93851470947266,34.79679489135742,37.11641883465403,42009.0,31.686920166015625,26.70947265625,22.412017822265625,25.89350891113281,42.27500057220459
2021-11-28 16:00:32.993,26.516122817993164,93.0722885131836,165.8365936279297,84.6212158203125,87.0999984741211,61.23046875,99.93851470947266,34.809425354003906,37.60190230458237,42009.0,30.653366088867188,28.55902099609375,25.376739501953125,24.15277099609375,42.27500057220459
2021-11-28 16:00:34.001,26.33674049377441,93.01204681396484,166.3899688720703,84.6212158203125,87.0999984741211,61.23046875,99.94213104248048,34.837032318115234,36.32542844431834,42009.0,29.5382080078125,27.38946533203125,26.00230407714844,25.104736328125,42.27500057220459
2021-11-28 16:00:34.995,26.33674049377441,93.01204681396484,166.3899688720703,84.6212158203125,87.0999984741211,61.23046875,99.94213104248048,34.837032318115234,36.32542844431834,42009.0,29.5382080078125,27.38946533203125,26.00230407714844,25.104736328125,42.27500057220459
2021-11-28 16:00:36.991,26.19938087463379,93.01204681396484,166.46321868896484,84.6212158203125,87.4000015258789,61.23046875,99.93851470947266,34.87369918823242,38.48500420900638,42009.0,29.81019592285156,27.851837158203125,24.479156494140625,25.349517822265625,42.27500057220459
2021-11-28 16:00:36.000,26.21379280090332,92.9518051147461,166.357421875,84.6212158203125,87.30000305175781,61.23046875,99.94213104248048,34.85801696777344,37.72876697238281,42009.0,32.3125,29.13018798828125,26.46469116210937,27.715850830078125,42.27500057220459
2021-11-28 16:00:37.990,26.19938087463379,93.01204681396484,166.46321868896484,84.6212158203125,87.4000015258789,61.23046875,99.93851470947266,34.87369918823242,38.48500420900638,42009.0,29.81019592285156,27.851837158203125,24.479156494140625,25.349517822265625,42.27500057220459
2021-11-28 16:00:39.006,26.275672912597656,93.0722885131836,166.27603912353516,84.6212158203125,86.5999984741211,61.23046875,99.94213104248048,34.897735595703125,39.35772015429711,42009.0,30.952545166015625,26.682281494140625,22.73841857910156,27.579864501953125,42.27500057220459
2021-11-28 16:00:40.004,26.212352752685547,92.9518051147461,165.5598907470703,84.6212158203125,87.9000015258789,61.23046875,99.93851470947266,34.9256706237793,36.721347915297166,42009.0,30.816558837890625,29.9461669921875,23.309600830078125,26.00230407714844,42.27500057220459
2021-11-28 16:00:40.990,26.212352752685547,92.9518051147461,165.5598907470703,84.6212158203125,87.9000015258789,61.23046875,99.93851470947266,34.9256706237793,36.721347915297166,42009.0,30.816558837890625,29.9461669921875,23.309600830078125,26.00230407714844,42.27500057220459
2021-11-28 16:00:41.993,26.20817947387696,92.9518051147461,164.58333587646484,84.6212158203125,86.9000015258789,61.23046875,99.94213104248048,34.93716812133789,39.6664845304809,42009.0,33.78125,31.469314575195312,21.65045166015625,21.35125732421875,42.27500057220459
2021-11-28 16:00:42.991,26.39170837402344,93.01204681396484,165.55989837646484,84.6212158203125,87.4000015258789,61.23046875,99.93851470947266,34.96167755126953,39.38920344332556,42009.0,35.38600158691406,27.22625732421875,22.00404357910156,25.567123413085938,42.27500057220459
2021-11-28 16:00:44.005,26.39170837402344,93.01204681396484,165.55989837646484,84.6212158203125,87.4000015258789,61.23046875,99.93851470947266,34.96167755126953,39.38920344332556,42009.0,35.38600158691406,27.22625732421875,22.00404357910156,25.567123413085938,42.27500057220459
2021-11-28 16:00:44.990,26.535438537597656,93.01204681396484,166.05631256103516,84.6212158203125,88.0,61.23046875,99.94213104248048,34.969703674316406,37.01765758026114,42009.0,36.20196533203125,29.184600830078125,23.227996826171875,24.12557983398437,42.27500057220459
2021-11-28 16:00:45.994,26.49234962463379,93.01204681396484,165.98307037353516,84.6212158203125,87.80000305175781,61.23046875,99.94213104248048,34.98489761352539,38.295848821216936,42009.0,35.848388671875,31.63250732421875,26.165496826171875,23.227996826171875,42.27500057220459
2021-11-28 16:00:46.994,26.49234962463379,93.01204681396484,165.98307037353516,84.6212158203125,87.80000305175781,61.23046875,99.94213104248048,34.98489761352539,38.295848821216936,42009.0,35.848388671875,31.63250732421875,26.165496826171875,23.227996826171875,42.27500057220459
2021-11-28 16:00:47.993,26.42711067199707,93.01204681396484,164.22525787353516,84.6212158203125,87.30000305175781,61.23046875,99.93851470947266,34.99650573730469,37.3408920135713,42009.0,35.114013671875,29.102996826171875,19.773712158203125,21.46005249023437,42.27500057220459
2021-11-28 16:00:49.002,26.447349548339844,93.01204681396484,165.478515625,84.6212158203125,87.9000015258789,61.23046875,99.94213104248048,35.01584243774414,38.07438366632463,42009.0,35.38600158691406,31.686920166015625,25.567123413085938,21.378463745117188,42.27500057220459
2021-11-28 16:00:49.994,26.447349548339844,93.01204681396484,165.478515625,84.6212158203125,87.9000015258789,61.23046875,99.94213104248048,35.01584243774414,38.07438366632463,42009.0,35.38600158691406,31.686920166015625,25.567123413085938,21.378463745117188,42.27500057220459
2021-11-28 16:00:50.993,26.53648567199707,92.9518051147461,164.9251251220703,84.6212158203125,87.0,61.23046875,99.93851470947266,35.02501678466797,36.96803531664204,42009.0,32.39410400390625,30.59893798828125,22.19442749023437,25.32232666015625,42.27500057220459
2021-11-28 16:00:52.002,26.45591163635254,92.9518051147461,166.7236328125,84.6212158203125,87.69999694824219,61.23046875,99.93851470947266,35.03341293334961,36.78007056261854,42009.0,33.59086608886719,26.65509033203125,27.987838745117188,24.15277099609375,42.27500057220459
2021-11-28 16:00:53.003,26.45591163635254,92.9518051147461,166.7236328125,84.6212158203125,87.69999694824219,61.23046875,99.93851470947266,35.03341293334961,36.78007056261854,42009.0,33.59086608886719,26.65509033203125,27.987838745117188,24.15277099609375,42.27500057220459
2021-11-28 16:00:53.990,26.34393119812012,93.0722885131836,166.10514068603516,84.6212158203125,87.5999984741211,61.23046875,99.93851470947266,35.038211822509766,37.866229668572686,42009.0,30.816558837890625,28.287017822265625,26.301498413085938,22.901611328125,42.27500057220459
2021-11-28 16:00:54.991,26.3303279876709,93.01204681396484,165.46224212646484,84.6212158203125,87.4000015258789,61.23046875,99.94213104248048,35.06145095825195,36.41444670012152,42009.0,35.68519592285156,23.52719116210937,26.763885498046875,22.65682983398437,42.27500057220459
2021-11-28 16:00:55.991,26.3303279876709,93.01204681396484,165.46224212646484,84.6212158203125,87.4000015258789,61.23046875,99.94213104248048,35.06145095825195,36.41444670012152,42009.0,35.68519592285156,23.52719116210937,26.763885498046875,22.65682983398437,42.27500057220459
2021-11-28 16:00:56.993,26.44473648071289,92.9518051147461,166.17024993896484,84.54545593261719,87.19999694824219,61.23046875,99.94213104248048,35.07877349853516,36.97314336927748,42009.0,32.96528625488281,26.05670166015625,28.4774169921875,18.54975891113281,42.27500057220459
2021-11-28 16:00:57.994,26.39564323425293,92.9518051147461,166.015625,84.6212158203125,86.79999542236328,61.23046875,99.93851470947266,35.088165283203125,37.30172204924388,42009.0,34.54283142089844,26.4375,26.73667907714844,25.431121826171875,42.27500057220459
2021-11-28 16:00:58.992,26.39564323425293,92.9518051147461,166.015625,84.6212158203125,86.79999542236328,61.23046875,99.93851470947266,35.088165283203125,37.30172204924388,42009.0,34.54283142089844,26.4375,26.73667907714844,25.431121826171875,42.27500057220459
2021-11-28 16:00:59.992,26.306041717529297,93.13253021240234,165.185546875,84.6212158203125,86.9000015258789,61.23046875,99.93851470947266,35.10023880004883,38.65911457574285,42009.0,33.26446533203125,28.17822265625,27.19906616210937,24.479156494140625,42.27500057220459
2021-11-28 16:01:00.991,26.279146194458008,92.89157104492188,165.4052734375,84.6212158203125,87.9000015258789,61.23046875,99.93851470947266,35.10865783691406,36.332549780477216,42009.0,34.89642333984375,23.66317749023437,25.811920166015625,24.99594116210937,42.27500057220459
2021-11-28 16:01:02.003,26.279146194458008,92.89157104492188,165.4052734375,84.6212158203125,87.9000015258789,61.23046875,99.93851470947266,35.10865783691406,36.332549780477216,42009.0,34.89642333984375,23.66317749023437,25.811920166015625,24.99594116210937,42.27500057220459
2021-11-28 16:01:02.995,26.387041091918945,92.89157104492188,165.48665618896484,84.6212158203125,87.0,61.23046875,99.93851470947266,35.12166213989258,39.57969075513092,42009.0,30.46298217773437,25.32232666015625,23.989578247070312,26.32870483398437,42.27500057220459
2021-11-28 16:01:03.992,26.38750267028809,93.13253021240234,165.46224212646484,84.54545593261719,86.19999694824219,61.23046875,99.93851470947266,35.13210678100586,40.59054818224182,42009.0,32.3125,28.722213745117188,26.00230407714844,27.715850830078125,42.27500057220459
2021-11-28 16:01:05.001,26.38750267028809,93.13253021240234,165.46224212646484,84.54545593261719,86.19999694824219,61.23046875,99.93851470947266,35.13210678100586,40.59054818224182,42009.0,32.3125,28.722213745117188,26.00230407714844,27.715850830078125,42.27500057220459
2021-11-28 16:01:06.002,26.315093994140625,93.01204681396484,165.2913360595703,84.6212158203125,88.30000305175781,61.23046875,99.93851470947266,35.13597106933594,37.05743160967328,42009.0,32.23091125488281,30.13656616210937,23.41839599609375,25.349517822265625,42.27500057220459
2021-11-28 16:01:06.992,26.343236923217773,92.89157104492188,164.5670623779297,84.6212158203125,87.30000305175781,61.23046875,99.93851470947266,35.143402099609375,38.80348823797774,42009.0,33.26446533203125,24.098358154296875,19.773712158203125,27.117462158203125,42.30000019073486
2021-11-28 16:01:08.002,26.343236923217773,92.89157104492188,164.5670623779297,84.6212158203125,87.30000305175781,61.23046875,99.93851470947266,35.143402099609375,38.80348823797774,42009.0,33.26446533203125,24.098358154296875,19.773712158203125,27.117462158203125,42.30000019073486
2021-11-28 16:01:08.992,26.518028259277344,92.9518051147461,165.3889923095703,84.6212158203125,87.0,61.23046875,99.93851470947266,35.14548873901367,38.40367230752544,42009.0,36.50115966796875,31.088531494140625,24.723953247070312,23.41839599609375,42.30000019073486
2021-11-28 16:01:09.995,26.570920944213867,93.0722885131836,163.59049224853516,84.6212158203125,87.69999694824219,61.23046875,99.94213104248048,35.143062591552734,37.75531969952942,42009.0,35.222808837890625,27.1446533203125,20.372100830078125,18.740142822265625,42.30000019073486
2021-11-28 16:01:11.002,26.570920944213867,93.0722885131836,163.59049224853516,84.6212158203125,87.69999694824219,61.23046875,99.94213104248048,35.143062591552734,37.75531969952942,42009.0,35.222808837890625,27.1446533203125,20.372100830078125,18.740142822265625,42.30000019073486
2021-11-28 16:01:11.994,26.44359397888184,93.0722885131836,164.6728515625,84.54545593261719,88.0,61.23046875,99.93851470947266,35.1524772644043,35.490188984337124,42009.0,33.26446533203125,27.93344116210937,21.81365966796875,22.357635498046875,42.30000019073486
2021-11-28 16:01:12.993,26.377784729003903,92.9518051147461,164.5751953125,84.6212158203125,86.79999542236328,61.23046875,99.93851470947266,35.1630859375,36.72906143913804,42009.0,31.1429443359375,30.46295166015625,24.234375,24.615142822265625,42.27500057220459
2021-11-28 16:01:13.992,26.377784729003903,92.9518051147461,164.5751953125,84.6212158203125,86.79999542236328,61.23046875,99.93851470947266,35.1630859375,36.72906143913804,42009.0,31.1429443359375,30.46295166015625,24.234375,24.615142822265625,42.27500057220459
2021-11-28 16:01:14.994,26.440933227539062,92.89157104492188,165.09603118896484,84.6212158203125,87.4000015258789,61.23046875,99.93851470947266,35.169891357421875,36.510578630485455,42009.0,35.33160400390625,30.76214599609375,26.2742919921875,18.087371826171875,42.30000019073486
2021-11-28 16:01:15.993,26.474803924560547,93.13253021240234,164.90071868896484,84.6212158203125,87.19999694824219,61.23046875,99.93851470947266,35.184173583984375,37.73434741393309,42009.0,33.56365966796875,30.707733154296875,23.55438232421875,20.508087158203125,42.30000019073486
2021-11-28 16:01:17.003,26.474803924560547,93.13253021240234,164.90071868896484,84.6212158203125,87.19999694824219,61.23046875,99.93851470947266,35.184173583984375,37.73434741393309,42009.0,33.56365966796875,30.707733154296875,23.55438232421875,20.508087158203125,42.30000019073486
2021-11-28 16:01:17.991,26.356019973754883,93.0722885131836,165.16927337646484,84.54545593261719,87.4000015258789,61.23046875,99.93851470947266,35.18354034423828,38.15045015087047,42009.0,32.720489501953125,26.92706298828125,25.213531494140625,23.907989501953125,42.30000019073486
2021-11-28 16:01:18.995,26.210119247436523,92.83132934570312,165.73079681396484,84.54545593261719,87.0,61.23046875,99.93851470947266,35.193145751953125,37.73864872568806,42009.0,32.6116943359375,31.088531494140625,24.94154357910156,25.86630249023437,42.30000019073486
2021-11-28 16:01:19.995,26.210119247436523,92.83132934570312,165.73079681396484,84.54545593261719,87.0,61.23046875,99.93851470947266,35.193145751953125,37.73864872568806,42009.0,32.6116943359375,31.088531494140625,24.94154357910156,25.86630249023437,42.30000019073486
2021-11-28 16:01:20.995,26.197237014770508,92.9518051147461,165.2099609375,84.6212158203125,86.5,61.23046875,99.93851470947266,35.18689727783203,40.97903566368208,42009.0,32.77490234375,30.0821533203125,26.73667907714844,23.2008056640625,42.30000019073486
2021-11-28 16:01:21.992,26.32547187805176,93.01204681396484,164.48567962646484,84.6212158203125,86.29999542236328,61.23046875,99.93851470947266,35.181636810302734,38.768547953725104,42009.0,31.8773193359375,26.19268798828125,24.96875,23.47279357910156,42.30000019073486
2021-11-28 16:01:23.002,26.32547187805176,93.01204681396484,164.48567962646484,84.6212158203125,86.29999542236328,61.23046875,99.93851470947266,35.181636810302734,38.768547953725104,42009.0,31.8773193359375,26.19268798828125,24.96875,23.47279357910156,42.30000019073486
2021-11-28 16:01:24.002,26.258708953857425,93.0722885131836,165.55989837646484,84.6212158203125,86.69999694824219,61.23046875,99.93851470947266,35.189754486083984,40.27231827470744,42009.0,32.77490234375,25.89350891113281,26.32870483398437,26.111114501953125,42.30000019073486
2021-11-28 16:01:25.001,26.255374908447266,92.9518051147461,164.63217163085938,84.6212158203125,86.79999542236328,61.23046875,99.93851470947266,35.17975997924805,39.31155657331023,42009.0,30.381378173828125,26.083892822265625,24.50634765625,24.234375,42.30000019073486
2021-11-28 16:01:25.991,26.346593856811523,92.89157104492188,164.9576873779297,84.6212158203125,87.9000015258789,61.23046875,99.94213104248048,35.18611526489258,38.115652249518085,42009.0,33.454864501953125,23.227996826171875,23.28240966796875,28.53182983398437,42.30000019073486
2021-11-28 16:01:26.994,26.346593856811523,92.89157104492188,164.9576873779297,84.6212158203125,87.9000015258789,61.23046875,99.94213104248048,35.18611526489258,38.115652249518085,42009.0,33.454864501953125,23.227996826171875,23.28240966796875,28.53182983398437,42.30000019073486
2021-11-28 16:01:28.004,26.541393280029297,93.1927719116211,164.48567962646484,84.54545593261719,87.19999694824219,61.23046875,99.93851470947266,35.178218841552734,36.51667074609923,42009.0,33.18287658691406,26.763885498046875,25.811920166015625,27.06307983398437,42.30000019073486
2021-11-28 16:01:28.991,26.592918395996094,93.01204681396484,164.86817169189453,84.54545593261719,87.19999694824219,61.23046875,99.93851470947266,35.16847610473633,37.6624818143974,42009.0,33.101287841796875,23.52719116210937,24.234375,24.234375,42.30000019073486
2021-11-28 16:01:30.005,26.592918395996094,93.01204681396484,164.86817169189453,84.54545593261719,87.19999694824219,61.23046875,99.93851470947266,35.16847610473633,37.6624818143974,42009.0,33.101287841796875,23.52719116210937,24.234375,24.234375,42.30000019073486
2021-11-28 16:01:30.992,26.494096755981445,92.89157104492188,164.2008514404297,84.6212158203125,87.80000305175781,61.23046875,99.93851470947266,35.15900039672852,37.706902476124576,42009.0,29.429412841796875,29.755767822265625,24.26156616210937,24.8055419921875,42.30000019073486
2021-11-28 16:01:31.992,26.432138442993164,93.01204681396484,164.8193359375,84.6212158203125,86.4000015258789,61.23046875,99.93851470947266,35.14981842041016,40.35980494518242,42009.0,33.50927734375,28.287017822265625,26.35589599609375,22.68402099609375,42.30000019073486
2021-11-28 16:01:33.003,26.432138442993164,93.01204681396484,164.8193359375,84.6212158203125,86.4000015258789,61.23046875,99.93851470947266,35.14981842041016,40.35980494518242,42009.0,33.50927734375,28.287017822265625,26.35589599609375,22.68402099609375,42.30000019073486
2021-11-28 16:01:34.004,26.496543884277344,93.01204681396484,164.35546875,84.6212158203125,88.0,61.23046875,99.93851470947266,35.13837814331055,36.36427005244813,42009.0,31.93173217773437,27.688644409179688,23.39120483398437,26.8726806640625,42.30000019073486
2021-11-28 16:01:34.992,26.4675350189209,92.9518051147461,164.15201568603516,84.54545593261719,87.0999984741211,61.23046875,99.93851470947266,35.13599395751953,38.43727002219779,42009.0,30.2725830078125,30.59893798828125,23.85357666015625,23.744781494140625,42.30000019073486
2021-11-28 16:01:36.004,26.4675350189209,92.9518051147461,164.15201568603516,84.54545593261719,87.0999984741211,61.23046875,99.93851470947266,35.13599395751953,38.43727002219779,42009.0,30.2725830078125,30.59893798828125,23.85357666015625,23.744781494140625,42.30000019073486
2021-11-28 16:01:37.005,26.29304313659668,92.9518051147461,163.87532806396484,84.6212158203125,86.69999694824219,61.23046875,99.93851470947266,35.12833023071289,38.4721632234509,42009.0,32.149322509765625,27.66143798828125,21.786453247070312,22.65682983398437,42.30000019073486
2021-11-28 16:01:38.003,26.2376651763916,93.13253021240234,164.5751953125,84.6212158203125,87.0999984741211,61.23046875,99.94213104248048,35.11515808105469,38.15958048553466,42009.0,32.44850158691406,27.117462158203125,25.839111328125,20.58969116210937,42.30000019073486
2021-11-28 16:01:39.002,26.2376651763916,93.13253021240234,164.5751953125,84.6212158203125,87.0999984741211,61.23046875,99.94213104248048,35.11515808105469,38.15958048553466,42009.0,32.44850158691406,27.117462158203125,25.839111328125,20.58969116210937,42.30000019073486
2021-11-28 16:01:39.991,26.34297180175781,92.9518051147461,164.78678131103516,84.6212158203125,86.29999542236328,61.23046875,99.93851470947266,35.12376022338867,40.29323009615892,42009.0,28.66783142089844,26.4375,24.01678466796875,20.53529357910156,42.30000019073486
2021-11-28 16:01:40.993,26.39010429382324,92.83132934570312,165.9749298095703,84.6212158203125,86.79999542236328,61.23046875,99.93851470947266,35.10742950439453,38.89803877778392,42009.0,32.938079833984375,26.845474243164062,21.976837158203125,22.901611328125,42.30000019073486
2021-11-28 16:01:42.003,26.39010429382324,92.83132934570312,165.9749298095703,84.6212158203125,86.79999542236328,61.23046875,99.93851470947266,35.10742950439453,38.89803877778392,42009.0,32.938079833984375,26.845474243164062,21.976837158203125,22.901611328125,42.30000019073486
2021-11-28 16:01:42.991,26.291025161743164,93.0722885131836,165.65755462646484,84.6212158203125,87.0999984741211,61.23046875,99.93851470947266,35.10509490966797,37.10453176054183,42009.0,35.68519592285156,28.450225830078125,18.468170166015625,24.01678466796875,42.30000019073486
2021-11-28 16:01:44.001,26.279512405395508,93.01204681396484,164.87630462646484,84.6212158203125,87.0999984741211,61.23046875,99.93851470947266,35.099273681640625,38.61565014396467,42009.0,33.3460693359375,28.6134033203125,21.92245483398437,22.22163391113281,42.30000019073486
2021-11-28 16:01:44.994,26.279512405395508,93.01204681396484,164.87630462646484,84.6212158203125,87.0999984741211,61.23046875,99.93851470947266,35.099273681640625,38.61565014396467,42009.0,33.3460693359375,28.6134033203125,21.92245483398437,22.22163391113281,42.30000019073486
2021-11-28 16:01:45.991,26.408559799194336,92.9518051147461,165.2669219970703,84.6212158203125,86.69999694824219,61.23046875,99.93851470947266,35.08556365966797,37.87674793551293,42009.0,33.99884033203125,24.99594116210937,23.445587158203125,25.050338745117188,42.30000019073486
2021-11-28 16:01:47.002,26.506622314453125,92.9518051147461,165.1123046875,84.6212158203125,87.19999694824219,61.23046875,99.93851470947266,35.07114791870117,37.29364290574497,42009.0,36.093170166015625,29.619781494140625,24.53355407714844,25.648712158203125,42.30000019073486
2021-11-28 16:01:47.992,26.506622314453125,92.9518051147461,165.1123046875,84.6212158203125,87.19999694824219,61.23046875,99.93851470947266,35.07114791870117,37.29364290574497,42009.0,36.093170166015625,29.619781494140625,24.53355407714844,25.648712158203125,42.30000019073486
2021-11-28 16:01:49.004,26.40540313720703,93.01204681396484,165.0146484375,84.6212158203125,87.69999694824219,61.23046875,99.94213104248048,35.07598876953125,37.1330694314866,42010.0,33.3460693359375,29.8101806640625,22.140045166015625,28.25982666015625,42.30000019073486
2021-11-28 16:01:49.993,26.354467391967773,93.01204681396484,164.75423431396484,84.54545593261719,87.30000305175781,61.23046875,99.93851470947266,35.06581497192383,38.10843440024705,42010.0,36.12037658691406,26.328689575195312,22.6024169921875,26.4375,42.30000019073486
2021-11-28 16:01:50.992,26.354467391967773,93.01204681396484,164.75423431396484,84.54545593261719,87.30000305175781,61.23046875,99.93851470947266,35.06581497192383,38.10843440024705,42010.0,36.12037658691406,26.328689575195312,22.6024169921875,26.4375,42.30000019073486
2021-11-28 16:01:51.993,26.43967628479004,93.01204681396484,166.22721099853516,84.6212158203125,87.5999984741211,61.23046875,99.93851470947266,35.06005859375,38.457526021668585,42010.0,33.3460693359375,28.09663391113281,24.42475891113281,25.784713745117188,42.30000019073486
2021-11-28 16:01:53.001,26.526508331298828,92.89157104492188,164.76236724853516,84.6212158203125,87.0999984741211,61.23046875,99.93851470947266,35.055362701416016,38.25677370460463,42010.0,35.33160400390625,30.32696533203125,23.77197265625,22.276031494140625,42.30000019073486
2021-11-28 16:01:54.003,26.526508331298828,92.89157104492188,164.76236724853516,84.6212158203125,87.0999984741211,61.23046875,99.93851470947266,35.055362701416016,38.25677370460463,42010.0,35.33160400390625,30.32696533203125,23.77197265625,22.276031494140625,42.30000019073486
2021-11-28 16:01:54.991,26.438949584960938,92.9518051147461,164.5589141845703,84.6212158203125,88.20000457763672,61.23046875,99.93851470947266,35.040809631347656,38.11376834344952,42010.0,33.99884033203125,29.40219116210937,26.763885498046875,26.301498413085938,42.30000019073486
2021-11-28 16:01:55.990,26.369462966918945,93.13253021240234,162.49185943603516,84.6212158203125,87.5999984741211,61.23046875,99.93851470947266,35.04462814331055,39.75378991092565,42010.0,34.923614501953125,32.3125,28.3414306640625,27.38946533203125,42.30000019073486
2021-11-28 16:01:57.001,26.369462966918945,93.13253021240234,162.49185943603516,84.6212158203125,87.5999984741211,61.23046875,99.93851470947266,35.04462814331055,39.75378991092565,42010.0,34.923614501953125,32.3125,28.3414306640625,27.38946533203125,42.30000019073486
2021-11-28 16:01:58.990,26.517650604248047,92.89157104492188,164.6077423095703,84.6212158203125,87.69999694824219,61.23046875,99.93851470947266,35.02574157714844,38.70321859792276,42010.0,32.149322509765625,30.40855407714844,28.17822265625,26.79107666015625,42.30000019073486
2021-11-28 16:01:58.000,26.41303253173828,93.01204681396484,163.72884368896484,84.6212158203125,87.9000015258789,61.23046875,99.93851470947266,35.03261947631836,36.44649970580666,42010.0,35.46759033203125,27.90625,27.0086669921875,28.586212158203125,42.30000019073486
2021-11-28 16:01:59.993,26.517650604248047,92.89157104492188,164.6077423095703,84.6212158203125,87.69999694824219,61.23046875,99.93851470947266,35.02574157714844,38.70321859792276,42010.0,32.149322509765625,30.40855407714844,28.17822265625,26.79107666015625,42.30000019073486
2021-11-28 16:02:00.992,26.424785614013672,93.0722885131836,164.599609375,84.6212158203125,87.0999984741211,61.23046875,99.94213104248048,35.03067779541016,39.84367265431027,42010.0,33.754058837890625,28.25982666015625,28.85821533203125,20.970489501953125,42.30000019073486
2021-11-28 16:02:02.992,26.324079513549805,93.13253021240234,164.8030548095703,84.6212158203125,86.9000015258789,61.23046875,99.94213104248048,35.02178192138672,38.76318060219837,42010.0,34.0804443359375,24.50634765625,25.13192749023437,25.811920166015625,42.30000019073486
2021-11-28 16:02:02.000,26.324079513549805,93.13253021240234,164.8030548095703,84.6212158203125,86.9000015258789,61.23046875,99.94213104248048,35.02178192138672,38.76318060219837,42010.0,34.0804443359375,24.50634765625,25.13192749023437,25.811920166015625,42.30000019073486
2021-11-28 16:02:03.994,26.339954376220703,92.89157104492188,166.29232025146484,84.6212158203125,86.9000015258789,61.23046875,99.94213104248048,35.0090446472168,39.908774412692736,42010.0,30.2725830078125,28.6134033203125,27.035873413085938,25.349517822265625,42.30000019073486
2021-11-28 16:02:04.994,26.4807186126709,92.9518051147461,166.50390625,84.6212158203125,86.5999984741211,61.23046875,99.93851470947266,35.00941467285156,38.80936863071427,42010.0,32.09490966796875,27.987838745117188,26.2742919921875,25.295135498046875,42.30000019073486
2021-11-28 16:02:05.993,26.4807186126709,92.9518051147461,166.50390625,84.6212158203125,86.5999984741211,61.23046875,99.93851470947266,35.00941467285156,38.80936863071427,42010.0,32.09490966796875,27.987838745117188,26.2742919921875,25.295135498046875,42.30000019073486
2021-11-28 16:02:07.001,26.410860061645508,93.0722885131836,166.5771484375,84.6212158203125,87.0999984741211,61.23046875,99.93851470947266,35.00998306274414,37.69928295126338,42010.0,35.16841125488281,27.90625,21.81365966796875,25.295135498046875,42.30000019073486
2021-11-28 16:02:07.994,26.29697608947754,93.0722885131836,167.61067962646484,84.6212158203125,87.0,61.23046875,99.94213104248048,35.02181625366211,38.35954493697011,42010.0,32.584503173828125,28.17822265625,24.370361328125,26.1383056640625,42.30000019073486
2021-11-28 16:02:08.994,26.29697608947754,93.0722885131836,167.61067962646484,84.6212158203125,87.0,61.23046875,99.94213104248048,35.02181625366211,38.35954493697011,42010.0,32.584503173828125,28.17822265625,24.370361328125,26.1383056640625,42.30000019073486
2021-11-28 16:02:09.994,26.286033630371094,92.89157104492188,167.6432342529297,84.54545593261719,86.79999542236328,61.23046875,99.94213104248048,35.02530670166016,38.268776903914045,42010.0,35.086822509765625,26.546295166015625,21.59605407714844,24.28875732421875,42.30000019073486
2021-11-28 16:02:10.994,26.406219482421875,92.9518051147461,169.82421112060547,84.6212158203125,88.0,61.23046875,99.94213104248048,35.028133392333984,37.439527019608704,42010.0,29.375,28.66781616210937,23.581588745117188,25.24072265625,42.30000019073486
2021-11-28 16:02:12.001,26.406219482421875,92.9518051147461,169.82421112060547,84.6212158203125,88.0,61.23046875,99.94213104248048,35.028133392333984,37.439527019608704,42010.0,29.375,28.66781616210937,23.581588745117188,25.24072265625,42.30000019073486
2021-11-28 16:02:12.991,26.43144416809082,93.01204681396484,169.62890625,84.6212158203125,87.0999984741211,61.23046875,99.93851470947266,35.03817367553711,38.45445023336864,42010.0,35.38600158691406,27.93344116210937,23.880767822265625,25.02313232421875,42.30000019073486
2021-11-28 16:02:13.992,26.31661796569824,93.01204681396484,170.12532806396484,84.6212158203125,87.0,61.23046875,99.94213104248048,35.043190002441406,38.77201333837097,42010.0,36.03878784179688,28.69500732421875,19.88250732421875,24.94154357910156,42.30000019073486
2021-11-28 16:02:14.994,26.31661796569824,93.01204681396484,170.12532806396484,84.6212158203125,87.0,61.23046875,99.94213104248048,35.043190002441406,38.77201333837097,42010.0,36.03878784179688,28.69500732421875,19.88250732421875,24.94154357910156,42.30000019073486
2021-11-28 16:02:16.001,26.312673568725582,92.9518051147461,171.64713287353516,84.6212158203125,87.0,61.23046875,99.94213104248048,35.053226470947266,39.91138855586772,42010.0,34.053253173828125,27.36225891113281,21.704864501953125,24.615142822265625,42.30000019073486
2021-11-28 16:02:17.003,26.51953125,92.9518051147461,172.66439056396484,84.54545593261719,87.69999694824219,61.23046875,99.93851470947266,35.063262939453125,37.56914591848947,42010.0,30.54457092285156,31.4149169921875,25.839111328125,22.6024169921875,42.30000019073486
2021-11-28 16:02:17.995,26.51953125,92.9518051147461,172.66439056396484,84.54545593261719,87.69999694824219,61.23046875,99.93851470947266,35.063262939453125,37.56914591848947,42010.0,30.54457092285156,31.4149169921875,25.839111328125,22.6024169921875,42.30000019073486
2021-11-28 16:02:19.002,26.53661155700684,93.13253021240234,173.3154296875,84.6212158203125,88.4000015258789,61.23046875,99.93851470947266,35.06828308105469,39.30065255609086,42010.0,34.16204833984375,29.2117919921875,26.981475830078125,25.295135498046875,42.30000019073486
2021-11-28 16:02:19.992,26.440393447875977,92.9518051147461,171.8505859375,84.6212158203125,87.0,61.23046875,99.93851470947266,35.07831954956055,40.22603014590351,42010.0,30.517364501953125,26.79107666015625,22.357635498046875,27.0086669921875,42.30000019073486
2021-11-28 16:02:20.991,26.440393447875977,92.9518051147461,171.8505859375,84.6212158203125,87.0,61.23046875,99.93851470947266,35.07831954956055,40.22603014590351,42010.0,30.517364501953125,26.79107666015625,22.357635498046875,27.0086669921875,42.30000019073486
2021-11-28 16:02:22.994,26.514707565307617,92.89157104492188,170.7763671875,84.6212158203125,87.30000305175781,61.23046875,99.94213104248048,35.10071563720703,39.72749697637128,42010.0,30.84375,32.58447265625,26.35589599609375,22.92880249023437,42.30000019073486
2021-11-28 16:02:22.000,26.413692474365234,93.01204681396484,173.6490936279297,84.6212158203125,87.5,61.23046875,99.93851470947266,35.0923957824707,40.38666091100029,42010.0,32.39410400390625,30.8165283203125,29.15740966796875,26.79107666015625,42.30000019073486
2021-11-28 16:02:24.001,26.514707565307617,92.89157104492188,170.7763671875,84.6212158203125,87.30000305175781,61.23046875,99.94213104248048,35.10071563720703,39.72749697637128,42010.0,30.84375,32.58447265625,26.35589599609375,22.92880249023437,42.30000019073486
2021-11-28 16:02:25.001,26.531482696533203,92.9518051147461,169.8893280029297,84.54545593261719,86.9000015258789,61.23046875,99.93851470947266,35.11091613769531,41.45816137841336,42010.0,33.536468505859375,29.238983154296875,25.213531494140625,20.61688232421875,42.30000019073486
2021-11-28 16:02:26.003,26.376680374145508,93.01204681396484,169.9462890625,84.6212158203125,87.9000015258789,61.23046875,99.93851470947266,35.12111282348633,37.65829099289123,42010.0,33.2100830078125,29.102996826171875,26.32870483398437,26.763885498046875,42.30000019073486
2021-11-28 16:02:26.991,26.376680374145508,93.01204681396484,169.9462890625,84.6212158203125,87.9000015258789,61.23046875,99.93851470947266,35.12111282348633,37.65829099289123,42010.0,33.2100830078125,29.102996826171875,26.32870483398437,26.763885498046875,42.30000019073486
2021-11-28 16:02:27.995,26.26149559020996,93.01204681396484,169.66146087646484,84.6212158203125,87.0,61.23046875,99.93851470947266,35.129478454589844,39.567796608322986,42010.0,35.33160400390625,30.190963745117188,25.32232666015625,21.26966857910156,42.30000019073486
2021-11-28 16:02:28.993,26.31716537475586,93.0722885131836,169.44173431396484,84.6212158203125,87.4000015258789,61.23046875,99.93851470947266,35.1416015625,39.08646771573444,42010.0,34.624420166015625,25.18634033203125,25.24072265625,23.608795166015625,42.30000019073486
2021-11-28 16:02:29.992,26.31716537475586,93.0722885131836,169.44173431396484,84.6212158203125,87.4000015258789,61.23046875,99.93851470947266,35.1416015625,39.08646771573444,42010.0,34.624420166015625,25.18634033203125,25.24072265625,23.608795166015625,42.30000019073486
2021-11-28 16:02:30.994,26.355762481689453,92.9518051147461,170.0520782470703,84.6212158203125,87.19999694824219,61.23046875,99.93851470947266,35.14670181274414,40.30462316932756,42010.0,31.46932983398437,29.72857666015625,28.042236328125,25.62152099609375,42.30000019073486
2021-11-28 16:02:31.991,26.23252296447754,93.01204681396484,170.5810546875,84.6212158203125,87.0999984741211,61.23046875,99.93851470947266,35.157737731933594,39.872835489297664,42010.0,32.77490234375,31.11572265625,24.723953247070312,25.59432983398437,42.30000019073486
2021-11-28 16:02:32.990,26.23252296447754,93.01204681396484,170.5810546875,84.6212158203125,87.0999984741211,61.23046875,99.93851470947266,35.157737731933594,39.872835489297664,42010.0,32.77490234375,31.11572265625,24.723953247070312,25.59432983398437,42.30000019073486
2021-11-28 16:02:33.994,26.16650390625,93.01204681396484,169.45801544189453,84.6212158203125,87.0,61.23046875,99.93851470947266,35.174503326416016,40.79665063609136,42010.0,32.883697509765625,29.184600830078125,26.60067749023437,25.13192749023437,42.30000019073486
2021-11-28 16:02:34.990,26.29717445373535,92.9518051147461,169.75096893310547,84.6212158203125,86.9000015258789,61.23046875,99.93851470947266,35.18212890625,39.80251235684917,42010.0,30.299774169921875,26.845474243164062,26.519088745117188,24.58795166015625,42.30000019073486
2021-11-28 16:02:35.993,26.29717445373535,92.9518051147461,169.75096893310547,84.6212158203125,86.9000015258789,61.23046875,99.93851470947266,35.18212890625,39.80251235684917,42010.0,30.299774169921875,26.845474243164062,26.519088745117188,24.58795166015625,42.30000019073486
2021-11-28 16:02:36.992,26.476192474365234,92.9518051147461,168.96158599853516,84.6212158203125,87.0999984741211,61.23046875,99.93851470947266,35.19747543334961,40.06838669706761,42010.0,30.78936767578125,26.029510498046875,26.763885498046875,22.03125,42.30000019073486
2021-11-28 16:02:37.993,26.42790031433105,93.0722885131836,169.2708282470703,84.6212158203125,87.0999984741211,61.23046875,99.93851470947266,35.20800018310547,39.54478803905735,42010.0,31.65972900390625,29.701385498046875,26.49188232421875,21.378463745117188,42.30000019073486
2021-11-28 16:02:39.004,26.42790031433105,93.0722885131836,169.2708282470703,84.6212158203125,87.0999984741211,61.23046875,99.93851470947266,35.20800018310547,39.54478803905735,42010.0,31.65972900390625,29.701385498046875,26.49188232421875,21.378463745117188,42.30000019073486
2021-11-28 16:02:40.001,26.36306571960449,93.01204681396484,168.0582733154297,84.6212158203125,87.0,61.23046875,99.93851470947266,35.213260650634766,39.28686320250149,42010.0,31.0069580078125,28.39581298828125,23.907989501953125,18.33216857910156,42.30000019073486
2021-11-28 16:02:40.992,26.50819969177246,92.9518051147461,167.51302337646484,84.6212158203125,85.9000015258789,61.23046875,99.93851470947266,35.22378921508789,40.94315866153027,42010.0,30.57177734375,23.55438232421875,20.072906494140625,18.604156494140625,42.30000019073486
2021-11-28 16:02:41.992,26.50819969177246,92.9518051147461,167.51302337646484,84.6212158203125,85.9000015258789,61.23046875,99.93851470947266,35.22378921508789,40.94315866153027,42010.0,30.57177734375,23.55438232421875,20.072906494140625,18.604156494140625,42.30000019073486
2021-11-28 16:02:43.005,26.677955627441406,92.9518051147461,167.56185150146484,84.6212158203125,86.5999984741211,61.23046875,99.93851470947266,35.23431396484375,37.83300440725672,42010.0,31.36053466796875,25.73031616210937,24.15277099609375,19.039337158203125,42.32499980926514
2021-11-28 16:02:43.994,26.619844436645508,93.0722885131836,168.22916412353516,84.6212158203125,85.5,61.23046875,99.93851470947266,35.23957443237305,40.651302174297,42010.0,31.115753173828125,21.94964599609375,24.99594116210937,21.052078247070312,42.32499980926514
2021-11-28 16:02:45.004,26.619844436645508,93.0722885131836,168.22916412353516,84.6212158203125,85.5,61.23046875,99.93851470947266,35.23957443237305,40.651302174297,42010.0,31.115753173828125,21.94964599609375,24.99594116210937,21.052078247070312,42.32499980926514
2021-11-28 16:02:46.003,26.517763137817383,93.0722885131836,168.6197967529297,84.6212158203125,87.30000305175781,61.23046875,99.93851470947266,35.250099182128906,39.37317669026239,42010.0,30.680572509765625,25.24072265625,24.53355407714844,20.9976806640625,42.30000019073486
2021-11-28 16:02:47.005,26.44906997680664,92.89157104492188,167.43978118896484,84.6212158203125,86.5999984741211,61.23046875,99.93851470947266,35.260623931884766,36.32372990993681,42010.0,29.918991088867188,22.95600891113281,23.608795166015625,22.00404357910156,42.32499980926514
2021-11-28 16:02:48.005,26.44906997680664,92.89157104492188,167.43978118896484,84.6212158203125,86.5999984741211,61.23046875,99.93851470947266,35.260623931884766,36.32372990993681,42010.0,29.918991088867188,22.95600891113281,23.608795166015625,22.00404357910156,42.32499980926514
2021-11-28 16:02:48.991,26.4450626373291,92.83132934570312,168.21289825439453,84.6212158203125,87.19999694824219,61.23046875,99.93851470947266,35.26588821411133,38.34865514749587,42010.0,29.13021850585937,23.69038391113281,24.12557983398437,26.8726806640625,42.32499980926514
2021-11-28 16:02:49.993,26.39002799987793,93.1927719116211,168.06641387939453,84.6212158203125,87.30000305175781,61.23046875,99.93851470947266,35.27641296386719,39.0452205934168,42010.0,31.034149169921875,26.899871826171875,21.786453247070312,22.65682983398437,42.32499980926514
2021-11-28 16:02:51.005,26.39002799987793,93.1927719116211,168.06641387939453,84.6212158203125,87.30000305175781,61.23046875,99.93851470947266,35.27641296386719,39.0452205934168,42010.0,31.034149169921875,26.899871826171875,21.786453247070312,22.65682983398437,42.32499980926514
2021-11-28 16:02:51.991,26.26178359985352,93.13253021240234,167.35025787353516,84.6212158203125,86.9000015258789,61.23046875,99.93851470947266,35.27955627441406,38.16314770460444,42010.0,30.76216125488281,24.343170166015625,24.26156616210937,25.839111328125,42.32499980926514
2021-11-28 16:02:52.990,26.18006896972656,92.77108001708984,168.61165618896484,84.6212158203125,87.30000305175781,61.23046875,99.93851470947266,35.28473663330078,39.2003286342837,42010.0,36.20196533203125,24.778350830078125,22.98321533203125,25.077545166015625,42.32499980926514
2021-11-28 16:02:54.005,26.18006896972656,92.77108001708984,168.61165618896484,84.6212158203125,87.30000305175781,61.23046875,99.93851470947266,35.28473663330078,39.2003286342837,42010.0,36.20196533203125,24.778350830078125,22.98321533203125,25.077545166015625,42.32499980926514
2021-11-28 16:02:54.993,26.25835418701172,92.9518051147461,167.74088287353516,84.6212158203125,87.30000305175781,61.23046875,99.93851470947266,35.28859329223633,38.479358666486526,42010.0,26.46470642089844,25.512725830078125,23.39120483398437,27.851837158203125,42.32499980926514
2021-11-28 16:02:56.004,26.249950408935547,93.1927719116211,168.0908203125,84.6212158203125,87.30000305175781,61.23046875,99.93851470947266,35.2979850769043,36.47046059977036,42010.0,34.053253173828125,24.642349243164062,21.106475830078125,27.416656494140625,42.32499980926514
2021-11-28 16:02:56.991,26.249950408935547,93.1927719116211,168.0908203125,84.6212158203125,87.30000305175781,61.23046875,99.93851470947266,35.2979850769043,36.47046059977036,42010.0,34.053253173828125,24.642349243164062,21.106475830078125,27.416656494140625,42.32499980926514
2021-11-28 16:02:58.004,26.1970157623291,93.0722885131836,167.74088287353516,84.6212158203125,88.0,61.23046875,99.93851470947266,35.29659652709961,37.69129977390976,42010.0,33.59086608886719,29.8101806640625,20.48089599609375,27.552642822265625,42.32499980926514
2021-11-28 16:02:58.991,26.29471969604492,92.83132934570312,167.85482025146484,84.6212158203125,87.0999984741211,61.23046875,99.93851470947266,35.290252685546875,36.57933167880531,42010.0,33.91725158691406,24.96875,22.38482666015625,26.70947265625,42.32499980926514
2021-11-28 16:03:00.001,26.29471969604492,92.83132934570312,167.85482025146484,84.6212158203125,87.0999984741211,61.23046875,99.93851470947266,35.290252685546875,36.57933167880531,42010.0,33.91725158691406,24.96875,22.38482666015625,26.70947265625,42.32499980926514
2021-11-28 16:03:00.993,26.53980827331543,93.01204681396484,168.48145294189453,84.6212158203125,87.0999984741211,61.23046875,99.93851470947266,35.29011917114258,39.12458015927698,42010.0,29.347808837890625,28.151031494140625,18.9305419921875,27.22625732421875,42.32499980926514
2021-11-28 16:03:02.001,26.645374298095703,93.1927719116211,169.05924224853516,84.6212158203125,87.0,61.23046875,99.94213104248048,35.28186798095703,38.65359398991399,42010.0,33.155670166015625,27.09027099609375,24.6695556640625,25.48553466796875,42.32499980926514
2021-11-28 16:03:02.994,26.645374298095703,93.1927719116211,169.05924224853516,84.6212158203125,87.0,61.23046875,99.94213104248048,35.28186798095703,38.65359398991399,42010.0,33.155670166015625,27.09027099609375,24.6695556640625,25.48553466796875,42.32499980926514
2021-11-28 16:03:03.995,26.681209564208984,92.9518051147461,168.24544525146484,84.6212158203125,86.9000015258789,61.23046875,99.93851470947266,35.26408386230469,38.731334244263095,42010.0,34.97802734375,29.102996826171875,21.18807983398437,24.26156616210937,42.32499980926514
2021-11-28 16:03:05.990,26.74367332458496,92.77108001708984,167.69205474853516,84.6212158203125,87.0999984741211,61.23046875,99.94213104248048,35.26210021972656,37.43186162681338,42010.0,35.33160400390625,25.73031616210937,22.33042907714844,22.629623413085938,42.32499980926514
2021-11-28 16:03:05.000,26.74367332458496,92.77108001708984,167.69205474853516,84.6212158203125,87.0999984741211,61.23046875,99.94213104248048,35.26210021972656,37.43186162681338,42010.0,35.33160400390625,25.73031616210937,22.33042907714844,22.629623413085938,42.32499980926514
2021-11-28 16:03:06.995,26.834550857543945,92.89157104492188,169.07552337646484,84.6212158203125,87.80000305175781,61.23046875,99.93851470947266,35.25489807128906,36.16472503831642,42010.0,33.645263671875,27.253463745117188,25.75750732421875,21.59605407714844,42.32499980926514
2021-11-28 16:03:07.994,26.80945587158203,93.1927719116211,168.7174530029297,84.6212158203125,88.30000305175781,61.23046875,99.93851470947266,35.2401123046875,37.48474275100321,42010.0,33.536468505859375,28.93980407714844,24.723953247070312,21.94964599609375,42.32499980926514
2021-11-28 16:03:08.992,26.80945587158203,93.1927719116211,168.7174530029297,84.6212158203125,88.30000305175781,61.23046875,99.93851470947266,35.2401123046875,37.48474275100321,42010.0,33.536468505859375,28.93980407714844,24.723953247070312,21.94964599609375,42.32499980926514
2021-11-28 16:03:10.001,26.65592384338379,92.9518051147461,167.91178131103516,84.6212158203125,87.5999984741211,61.23046875,99.93851470947266,35.24607849121094,36.9189704380868,42010.0,34.6788330078125,30.435760498046875,22.22163391113281,19.338531494140625,42.32499980926514
2021-11-28 16:03:10.994,26.52241325378418,92.83132934570312,167.92807006835938,84.6212158203125,86.9000015258789,61.23046875,99.93851470947266,35.22466278076172,37.91013048687692,42010.0,31.1429443359375,27.8790283203125,26.519088745117188,17.434600830078125,42.32499980926514
2021-11-28 16:03:11.993,26.52241325378418,92.83132934570312,167.92807006835938,84.6212158203125,86.9000015258789,61.23046875,99.93851470947266,35.22466278076172,37.91013048687692,42010.0,31.1429443359375,27.8790283203125,26.519088745117188,17.434600830078125,42.32499980926514
2021-11-28 16:03:13.002,26.444026947021484,93.13253021240234,167.5374298095703,84.6212158203125,87.30000305175781,61.23046875,99.93851470947266,35.207027435302734,39.30508372374892,42010.0,30.73495483398437,29.701385498046875,23.989578247070312,22.92880249023437,42.35000038146973
2021-11-28 16:03:13.993,26.444026947021484,93.13253021240234,167.5374298095703,84.6212158203125,87.30000305175781,61.23046875,99.93851470947266,35.207027435302734,39.30508372374892,42010.0,30.73495483398437,29.701385498046875,23.989578247070312,22.92880249023437,42.35000038146973
2021-11-28 16:03:14.992,26.36201286315918,93.0722885131836,166.796875,84.6212158203125,86.4000015258789,61.23046875,99.93851470947266,35.18981170654297,40.12369528250155,42010.0,29.45660400390625,26.899871826171875,21.976837158203125,21.677642822265625,42.32499980926514
2021-11-28 16:03:16.004,26.154315948486328,92.89157104492188,168.63607025146484,84.6212158203125,87.19999694824219,61.23046875,99.93851470947266,35.184654235839844,39.89768628293498,42010.0,31.65972900390625,26.519088745117188,27.552642822265625,22.68402099609375,42.35000038146973
2021-11-28 16:03:17.003,26.154315948486328,92.89157104492188,168.63607025146484,84.6212158203125,87.19999694824219,61.23046875,99.93851470947266,35.184654235839844,39.89768628293498,42010.0,31.65972900390625,26.519088745117188,27.552642822265625,22.68402099609375,42.35000038146973
2021-11-28 16:03:17.993,25.99880790710449,93.01204681396484,168.92090606689453,84.6212158203125,87.0,61.23046875,99.93851470947266,35.16170120239258,39.28069939518871,42010.0,31.19735717773437,26.219894409179688,23.79917907714844,24.01678466796875,42.35000038146973
2021-11-28 16:03:19.004,26.016281127929688,93.01204681396484,167.7571563720703,84.6212158203125,86.69999694824219,61.23046875,99.93851470947266,35.136619567871094,39.32626482182143,42010.0,30.245376586914062,27.8790283203125,26.2742919921875,22.765625,42.35000038146973
2021-11-28 16:03:19.993,26.016281127929688,93.01204681396484,167.7571563720703,84.6212158203125,86.69999694824219,61.23046875,99.93851470947266,35.136619567871094,39.32626482182143,42010.0,30.245376586914062,27.8790283203125,26.2742919921875,22.765625,42.35000038146973
2021-11-28 16:03:20.992,26.141677856445312,92.9518051147461,168.16405487060547,84.6212158203125,87.19999694824219,61.23046875,99.93851470947266,35.117706298828125,40.08564715235221,42010.0,31.986114501953125,30.40855407714844,26.083892822265625,24.39755249023437,42.32499980926514
2021-11-28 16:03:22.001,26.148595809936523,92.9518051147461,167.63509368896484,84.6212158203125,87.0,61.23046875,99.93851470947266,35.107757568359375,39.3478623965536,42010.0,29.239013671875,28.39581298828125,25.077545166015625,27.79745483398437,42.35000038146973
2021-11-28 16:03:22.995,26.148595809936523,92.9518051147461,167.63509368896484,84.6212158203125,87.0,61.23046875,99.93851470947266,35.107757568359375,39.3478623965536,42010.0,29.239013671875,28.39581298828125,25.077545166015625,27.79745483398437,42.35000038146973
2021-11-28 16:03:24.004,26.235944747924805,93.0722885131836,167.79784393310547,84.6212158203125,87.0,61.23046875,99.93851470947266,35.08284378051758,39.698336867877735,42010.0,30.49017333984375,27.498260498046875,26.05670166015625,24.39755249023437,42.35000038146973
2021-11-28 16:03:25.994,26.50976753234864,92.9518051147461,167.93619537353516,84.6212158203125,86.4000015258789,61.23046875,99.93851470947266,35.06239700317383,39.166409245491295,42010.0,32.910888671875,27.797439575195312,22.276031494140625,24.28875732421875,42.35000038146973
2021-11-28 16:03:25.000,26.50976753234864,92.9518051147461,167.93619537353516,84.6212158203125,86.4000015258789,61.23046875,99.93851470947266,35.06239700317383,39.166409245491295,42010.0,32.910888671875,27.797439575195312,22.276031494140625,24.28875732421875,42.35000038146973
2021-11-28 16:03:26.993,26.669736862182617,92.9518051147461,167.91178131103516,84.6212158203125,87.0,61.23046875,99.93851470947266,35.05030822753906,38.66485637208413,42010.0,33.3460693359375,28.232635498046875,20.91607666015625,22.79281616210937,42.35000038146973
2021-11-28 16:03:28.003,26.6199893951416,93.1927719116211,167.7815704345703,84.6212158203125,87.69999694824219,61.23046875,99.93851470947266,35.02876663208008,38.33581959885333,42010.0,33.536468505859375,24.53355407714844,23.66317749023437,27.171875,42.35000038146973
2021-11-28 16:03:29.004,26.6199893951416,93.1927719116211,167.7815704345703,84.6212158203125,87.69999694824219,61.23046875,99.93851470947266,35.02876663208008,38.33581959885333,42010.0,33.536468505859375,24.53355407714844,23.66317749023437,27.171875,42.35000038146973
2021-11-28 16:03:29.993,26.548412322998047,93.0722885131836,168.06640625,84.6212158203125,87.30000305175781,61.23046875,99.93851470947266,35.023921966552734,37.06172491815872,42010.0,29.81019592285156,28.042236328125,23.9351806640625,25.648712158203125,42.35000038146973
2021-11-28 16:03:30.993,26.55545234680176,92.83132934570312,167.67578125,84.6212158203125,86.0999984741211,61.23046875,99.93851470947266,34.99127197265625,38.21558985843627,42010.0,30.00057983398437,26.573486328125,19.637725830078125,24.343170166015625,42.35000038146973
2021-11-28 16:03:32.000,26.55545234680176,92.83132934570312,167.67578125,84.6212158203125,86.0999984741211,61.23046875,99.93851470947266,34.99127197265625,38.21558985843627,42010.0,30.00057983398437,26.573486328125,19.637725830078125,24.343170166015625,42.35000038146973
2021-11-28 16:03:33.001,26.547351837158203,93.01204681396484,167.9931640625,84.6212158203125,88.0999984741211,61.23046875,99.93851470947266,34.96269607543945,36.12757002248381,42010.0,32.720489501953125,24.696746826171875,23.39120483398437,23.77197265625,42.35000038146973
2021-11-28 16:03:34.002,26.386621475219727,93.0722885131836,167.7001953125,84.54545593261719,86.79999542236328,61.23046875,99.93851470947266,34.96197509765625,39.98353297038229,42010.0,31.36053466796875,26.4375,21.18807983398437,20.58969116210937,42.35000038146973
2021-11-28 16:03:34.994,26.386621475219727,93.0722885131836,167.7001953125,84.54545593261719,86.79999542236328,61.23046875,99.93851470947266,34.96197509765625,39.98353297038229,42010.0,31.36053466796875,26.4375,21.18807983398437,20.58969116210937,42.35000038146973
2021-11-28 16:03:35.994,26.260969161987305,92.9518051147461,165.771484375,84.6212158203125,86.29999542236328,61.23046875,99.93851470947266,34.94334030151367,38.249426527335125,42010.0,31.60533142089844,23.962371826171875,23.77197265625,23.2008056640625,42.35000038146973
2021-11-28 16:03:37.002,26.19688034057617,92.9518051147461,167.8873748779297,84.6212158203125,87.80000305175781,61.23046875,99.93851470947266,34.92341995239258,38.08648045717748,42010.0,34.02606201171875,30.13656616210937,25.213531494140625,22.112838745117188,42.35000038146973
2021-11-28 16:03:38.993,26.253644943237305,92.9518051147461,166.14583587646484,84.6212158203125,86.69999694824219,61.23046875,99.93851470947266,34.91819381713867,37.94637222164223,42010.0,31.36053466796875,24.42475891113281,20.508087158203125,20.236114501953125,42.35000038146973
2021-11-28 16:03:38.000,26.19688034057617,92.9518051147461,167.8873748779297,84.6212158203125,87.80000305175781,61.23046875,99.93851470947266,34.92341995239258,38.08648045717748,42010.0,34.02606201171875,30.13656616210937,25.213531494140625,22.112838745117188,42.35000038146973
2021-11-28 16:03:40.001,26.234539031982425,93.01204681396484,166.27603912353516,84.6212158203125,86.69999694824219,61.23046875,99.93851470947266,34.892852783203125,39.007948697927226,42010.0,32.77490234375,25.45831298828125,18.9305419921875,20.970489501953125,42.35000038146973
2021-11-28 16:03:40.994,26.234539031982425,93.01204681396484,166.27603912353516,84.6212158203125,86.69999694824219,61.23046875,99.93851470947266,34.892852783203125,39.007948697927226,42010.0,32.77490234375,25.45831298828125,18.9305419921875,20.970489501953125,42.35000038146973
2021-11-28 16:03:41.991,26.167953491210938,93.01204681396484,166.30859375,84.6212158203125,87.80000305175781,61.23046875,99.93851470947266,34.86931610107422,37.64964783086085,42010.0,33.91725158691406,27.7430419921875,21.840850830078125,25.02313232421875,42.35000038146973
2021-11-28 16:03:42.994,26.202272415161133,93.01204681396484,166.9921875,84.6212158203125,87.80000305175781,61.23046875,99.93851470947266,34.8537712097168,37.271051135294485,42010.0,33.9444580078125,28.232635498046875,25.62152099609375,26.65509033203125,42.35000038146973
2021-11-28 16:03:43.991,26.202272415161133,93.01204681396484,166.9921875,84.6212158203125,87.80000305175781,61.23046875,99.93851470947266,34.8537712097168,37.271051135294485,42010.0,33.9444580078125,28.232635498046875,25.62152099609375,26.65509033203125,42.35000038146973
2021-11-28 16:03:44.992,26.4317569732666,92.9518051147461,167.7978515625,84.6212158203125,87.4000015258789,61.23046875,99.93851470947266,34.83280563354492,38.701948418705264,42010.0,34.0804443359375,29.86456298828125,23.47279357910156,20.48089599609375,42.35000038146973
2021-11-28 16:03:46.004,26.51154327392578,92.9518051147461,166.9921875,84.6212158203125,87.4000015258789,61.23046875,99.93851470947266,34.816314697265625,38.46920505530917,42010.0,31.49653625488281,28.287017822265625,25.26792907714844,25.512725830078125,42.35000038146973
2021-11-28 16:03:47.001,26.44894027709961,93.0722885131836,168.40006256103516,84.54545593261719,87.19999694824219,61.23046875,99.93851470947266,34.80024719238281,38.397989826393314,42010.0,32.666107177734375,28.640625,27.280670166015625,23.173614501953125,42.35000038146973
2021-11-28 16:03:47.992,26.44894027709961,93.0722885131836,168.40006256103516,84.54545593261719,87.19999694824219,61.23046875,99.93851470947266,34.80024719238281,38.397989826393314,42010.0,32.666107177734375,28.640625,27.280670166015625,23.173614501953125,42.35000038146973
2021-11-28 16:03:49.002,26.42035484313965,93.0722885131836,167.95247650146484,84.54545593261719,87.30000305175781,61.23046875,99.93851470947266,34.77340316772461,38.26555899472093,42010.0,32.44850158691406,27.0086669921875,24.20716857910156,26.899871826171875,42.35000038146973
2021-11-28 16:03:49.995,26.516876220703125,92.89157104492188,168.68489837646484,84.6212158203125,87.69999694824219,61.23046875,99.93851470947266,34.75580596923828,37.891765929532,42010.0,33.18287658691406,28.287017822265625,22.4664306640625,21.48725891113281,42.35000038146973
2021-11-28 16:03:50.991,26.516876220703125,92.89157104492188,168.68489837646484,84.6212158203125,87.69999694824219,61.23046875,99.93851470947266,34.75580596923828,37.891765929532,42010.0,33.18287658691406,28.287017822265625,22.4664306640625,21.48725891113281,42.35000038146973
2021-11-28 16:03:51.994,26.523956298828125,93.01204681396484,168.40006256103516,84.6212158203125,87.0999984741211,61.23046875,99.93851470947266,34.74483871459961,38.46732707271696,42010.0,30.46298217773437,31.2789306640625,26.35589599609375,27.68865966796875,42.35000038146973
2021-11-28 16:03:53.005,26.427125930786133,93.01204681396484,166.7724609375,84.54545593261719,88.20000457763672,61.23046875,99.93851470947266,34.71689987182617,36.71039437621004,42010.0,27.226287841796875,25.92071533203125,27.0086669921875,23.06480407714844,42.35000038146973
2021-11-28 16:03:53.992,26.427125930786133,93.01204681396484,166.7724609375,84.54545593261719,88.20000457763672,61.23046875,99.93851470947266,34.71689987182617,36.71039437621004,42010.0,27.226287841796875,25.92071533203125,27.0086669921875,23.06480407714844,42.35000038146973
2021-11-28 16:03:55.002,26.3498649597168,92.9518051147461,166.9108123779297,84.6212158203125,87.5,61.23046875,99.93851470947266,34.69252395629883,38.06538858934957,42010.0,32.421295166015625,29.42938232421875,26.927078247070312,23.227996826171875,42.35000038146973
2021-11-28 16:03:55.990,26.398759841918945,92.89157104492188,167.5618438720703,84.6212158203125,86.9000015258789,61.23046875,99.93851470947266,34.67284393310547,39.492732407440656,42010.0,29.86459350585937,29.891769409179688,27.47105407714844,26.79107666015625,42.35000038146973
2021-11-28 16:03:57.004,26.398759841918945,92.89157104492188,167.5618438720703,84.6212158203125,86.9000015258789,61.23046875,99.93851470947266,34.67284393310547,39.492732407440656,42010.0,29.86459350585937,29.891769409179688,27.47105407714844,26.79107666015625,42.35000038146973
2021-11-28 16:03:57.995,26.4449405670166,93.01204681396484,167.6188201904297,84.6212158203125,87.5,61.23046875,99.93851470947266,34.65250015258789,39.05671895628956,42010.0,30.082183837890625,27.0086669921875,23.445587158203125,26.111114501953125,42.35000038146973
2021-11-28 16:03:58.993,26.357425689697266,93.01204681396484,168.2861328125,84.6212158203125,87.0999984741211,61.23046875,99.93851470947266,34.622039794921875,40.40713090972193,42010.0,35.46759033203125,27.82464599609375,26.682281494140625,23.03759765625,42.35000038146973
2021-11-28 16:03:59.994,26.357425689697266,93.01204681396484,168.2861328125,84.6212158203125,87.0999984741211,61.23046875,99.93851470947266,34.622039794921875,40.40713090972193,42010.0,35.46759033203125,27.82464599609375,26.682281494140625,23.03759765625,42.35000038146973
2021-11-28 16:04:00.994,26.29404258728028,93.01204681396484,169.0511016845703,84.6212158203125,87.0,61.23046875,99.93851470947266,34.59526443481445,40.57835135968551,42010.0,29.83740234375,31.714111328125,21.786453247070312,25.97509765625,42.35000038146973
2021-11-28 16:04:01.993,26.345064163208008,92.9518051147461,167.4072265625,84.6212158203125,87.0,61.23046875,99.93851470947266,34.57432556152344,40.42393657699338,42010.0,33.07408142089844,28.99420166015625,26.165496826171875,26.165496826171875,42.35000038146973
2021-11-28 16:04:02.994,26.345064163208008,92.9518051147461,167.4072265625,84.6212158203125,87.0,61.23046875,99.93851470947266,34.57432556152344,40.42393657699338,42010.0,33.07408142089844,28.99420166015625,26.165496826171875,26.165496826171875,42.35000038146973
2021-11-28 16:04:03.994,26.424989700317383,93.01204681396484,167.41536712646484,84.6212158203125,86.79999542236328,61.23046875,99.93851470947266,34.54096984863281,37.51072522223237,42010.0,32.33970642089844,30.87094116210937,25.48553466796875,24.50634765625,42.35000038146973
2021-11-28 16:04:04.992,26.37084007263184,93.01204681396484,167.09798431396484,84.6212158203125,86.5999984741211,61.23046875,99.93851470947266,34.53214645385742,38.590441645272655,42010.0,35.05961608886719,26.49188232421875,23.445587158203125,25.24072265625,42.35000038146973
2021-11-28 16:04:05.991,26.37084007263184,93.01204681396484,167.09798431396484,84.6212158203125,86.5999984741211,61.23046875,99.93851470947266,34.53214645385742,38.590441645272655,42010.0,35.05961608886719,26.49188232421875,23.445587158203125,25.24072265625,42.35000038146973
2021-11-28 16:04:07.003,26.341094970703125,92.9518051147461,167.71646881103516,84.6212158203125,86.0,61.23046875,99.93851470947266,34.51276779174805,40.865505506027375,42010.0,33.155670166015625,27.416656494140625,23.962371826171875,25.104736328125,42.35000038146973
2021-11-28 16:04:07.992,26.42701911926269,93.01204681396484,167.02474212646484,84.6212158203125,86.29999542236328,61.23046875,99.93851470947266,34.48573684692383,40.46565804201968,42010.0,36.990753173828125,28.749420166015625,23.635986328125,22.575225830078125,42.35000038146973
2021-11-28 16:04:09.002,26.42701911926269,93.01204681396484,167.02474212646484,84.6212158203125,86.29999542236328,61.23046875,99.93851470947266,34.48573684692383,40.46565804201968,42010.0,36.990753173828125,28.749420166015625,23.635986328125,22.575225830078125,42.35000038146973
2021-11-28 16:04:09.993,26.568029403686523,93.01204681396484,166.6015625,84.6212158203125,86.9000015258789,61.23046875,99.93851470947266,34.47248077392578,39.73770352693269,42010.0,36.63716125488281,29.701385498046875,20.671295166015625,23.092010498046875,42.35000038146973
2021-11-28 16:04:10.993,26.493560791015625,92.9518051147461,165.9342498779297,84.6212158203125,87.0,61.23046875,99.93851470947266,34.4636344909668,38.13005217470434,42010.0,34.29803466796875,23.2008056640625,24.315963745117188,25.59432983398437,42.35000038146973
2021-11-28 16:04:11.994,26.493560791015625,92.9518051147461,165.9342498779297,84.6212158203125,87.0,61.23046875,99.93851470947266,34.4636344909668,38.13005217470434,42010.0,34.29803466796875,23.2008056640625,24.315963745117188,25.59432983398437,42.35000038146973
2021-11-28 16:04:12.992,26.38068389892578,93.01204681396484,166.81314849853516,84.6212158203125,86.29999542236328,61.23046875,99.93851470947266,34.44252014160156,38.68833140675389,42010.0,33.536468505859375,29.0758056640625,24.12557983398437,23.635986328125,42.35000038146973
2021-11-28 16:04:14.004,26.35153579711914,93.01204681396484,167.5699920654297,84.54545593261719,87.0,61.23046875,99.93851470947266,34.435523986816406,39.69047627664396,42010.0,35.875579833984375,30.054962158203125,25.567123413085938,21.32406616210937,42.35000038146973
2021-11-28 16:04:14.994,26.35153579711914,93.01204681396484,167.5699920654297,84.54545593261719,87.0,61.23046875,99.93851470947266,34.435523986816406,39.69047627664396,42010.0,35.875579833984375,30.054962158203125,25.567123413085938,21.32406616210937,42.35000038146973
2021-11-28 16:04:15.992,26.426589965820312,92.9518051147461,166.14583587646484,84.6212158203125,87.30000305175781,61.23046875,99.93851470947266,34.41896438598633,37.02610568320329,42010.0,34.95082092285156,23.880767822265625,21.81365966796875,24.479156494140625,42.35000038146973
2021-11-28 16:04:16.994,26.340023040771484,92.89157104492188,165.966796875,84.6212158203125,87.5999984741211,61.23046875,99.93851470947266,34.409629821777344,37.42959550775618,42010.0,33.2100830078125,27.90625,21.48725891113281,26.165496826171875,42.35000038146973
2021-11-28 16:04:17.994,26.340023040771484,92.89157104492188,165.966796875,84.6212158203125,87.5999984741211,61.23046875,99.93851470947266,34.409629821777344,37.42959550775618,42010.0,33.2100830078125,27.90625,21.48725891113281,26.165496826171875,42.35000038146973
2021-11-28 16:04:18.992,26.21445846557617,93.01204681396484,166.69921875,84.6212158203125,88.5999984741211,61.23046875,99.93851470947266,34.404964447021484,36.47567543655285,42010.0,32.69329833984375,29.72857666015625,27.498260498046875,27.171875,42.35000038146973
2021-11-28 16:04:20.001,26.17885971069336,93.13253021240234,166.00748443603516,84.6212158203125,88.0,61.23046875,99.93851470947266,34.403045654296875,37.74927138002903,42010.0,35.603607177734375,24.45196533203125,26.981475830078125,24.914337158203125,42.35000038146973
2021-11-28 16:04:20.992,26.17885971069336,93.13253021240234,166.00748443603516,84.6212158203125,88.0,61.23046875,99.93851470947266,34.403045654296875,37.74927138002903,42010.0,35.603607177734375,24.45196533203125,26.981475830078125,24.914337158203125,42.35000038146973
2021-11-28 16:04:22.005,26.29844093322754,93.01204681396484,166.71549224853516,84.6212158203125,88.0,61.23046875,99.93851470947266,34.40121841430664,36.44966212180673,42010.0,32.44850158691406,26.4375,22.68402099609375,24.99594116210937,42.35000038146973
2021-11-28 16:04:22.994,26.326465606689453,92.9518051147461,166.68294525146484,84.6212158203125,87.30000305175781,61.23046875,99.93851470947266,34.401607513427734,37.445310139719545,42010.0,34.10765075683594,25.6759033203125,27.79745483398437,23.85357666015625,42.35000038146973
2021-11-28 16:04:24.005,26.326465606689453,92.9518051147461,166.68294525146484,84.6212158203125,87.30000305175781,61.23046875,99.93851470947266,34.401607513427734,37.445310139719545,42010.0,34.10765075683594,25.6759033203125,27.79745483398437,23.85357666015625,42.35000038146973
2021-11-28 16:04:24.993,26.32446479797364,93.01204681396484,167.5130157470703,84.6212158203125,86.9000015258789,61.23046875,99.93851470947266,34.40202713012695,38.083011383969136,42010.0,31.0069580078125,29.9461669921875,26.301498413085938,23.41839599609375,42.35000038146973
2021-11-28 16:04:25.993,26.387250900268555,92.9518051147461,167.08984375,84.54545593261719,87.30000305175781,61.23046875,99.93851470947266,34.39808654785156,39.51970068493166,42010.0,35.304412841796875,25.104736328125,27.33505249023437,24.315963745117188,42.35000038146973
2021-11-28 16:04:26.994,26.387250900268555,92.9518051147461,167.08984375,84.54545593261719,87.30000305175781,61.23046875,99.93851470947266,34.39808654785156,39.51970068493166,42010.0,35.304412841796875,25.104736328125,27.33505249023437,24.315963745117188,42.35000038146973
2021-11-28 16:04:27.992,26.57477760314941,92.9518051147461,166.97591400146484,84.54545593261719,87.5999984741211,61.23046875,99.93851470947266,34.39673614501953,38.92739734197709,42010.0,31.33334350585937,27.253463745117188,25.26792907714844,28.042236328125,42.35000038146973
2021-11-28 16:04:29.003,26.63129425048828,93.0722885131836,166.6829376220703,84.6212158203125,87.0,61.23046875,99.93851470947266,34.407012939453125,38.25506393282334,42010.0,31.768524169921875,23.52719116210937,26.73667907714844,21.106475830078125,42.35000038146973
2021-11-28 16:04:29.994,26.63129425048828,93.0722885131836,166.6829376220703,84.6212158203125,87.0,61.23046875,99.93851470947266,34.407012939453125,38.25506393282334,42010.0,31.768524169921875,23.52719116210937,26.73667907714844,21.106475830078125,42.35000038146973
2021-11-28 16:04:30.993,26.5346622467041,93.01204681396484,166.3818359375,84.6212158203125,86.5,61.23046875,99.93851470947266,34.40707015991211,39.92754843817895,42010.0,30.898162841796875,28.015045166015625,24.370361328125,27.987838745117188,42.35000038146973
2021-11-28 16:04:31.993,26.437747955322266,92.9518051147461,166.4387969970703,84.6212158203125,87.0999984741211,61.23046875,99.93851470947266,34.4136848449707,39.25004887816848,42010.0,31.95892333984375,30.490142822265625,21.976837158203125,24.39755249023437,42.35000038146973
2021-11-28 16:04:32.991,26.437747955322266,92.9518051147461,166.4387969970703,84.6212158203125,87.0999984741211,61.23046875,99.93851470947266,34.4136848449707,39.25004887816848,42010.0,31.95892333984375,30.490142822265625,21.976837158203125,24.39755249023437,42.35000038146973
2021-11-28 16:04:33.993,26.462230682373047,93.01204681396484,167.73274993896484,84.54545593261719,86.79999542236328,61.23046875,99.93851470947266,34.419891357421875,38.42782807631346,42010.0,32.09490966796875,29.56538391113281,19.31134033203125,26.79107666015625,42.35000038146973
2021-11-28 16:04:35.001,26.4468002319336,93.01204681396484,166.32486724853516,84.54545593261719,87.69999694824219,61.23046875,99.93851470947266,34.421470642089844,38.11429335902735,42010.0,29.782989501953125,26.818267822265625,26.546295166015625,24.94154357910156,42.35000038146973
2021-11-28 16:04:36.991,26.325870513916016,93.0722885131836,165.77962493896484,84.6212158203125,86.69999694824219,61.23046875,99.93851470947266,34.42763137817383,38.85626985804869,42010.0,30.653366088867188,29.973358154296875,24.15277099609375,22.03125,42.35000038146973
2021-11-28 16:04:36.000,26.4468002319336,93.01204681396484,166.32486724853516,84.54545593261719,87.69999694824219,61.23046875,99.93851470947266,34.421470642089844,38.11429335902735,42010.0,29.782989501953125,26.818267822265625,26.546295166015625,24.94154357910156,42.35000038146973
2021-11-28 16:04:37.992,26.252561569213867,93.01204681396484,166.10514068603516,84.6212158203125,86.5999984741211,61.23046875,99.93851470947266,34.44606399536133,38.15519318902494,42010.0,32.23091125488281,31.19732666015625,24.96875,20.290496826171875,42.35000038146973
2021-11-28 16:04:38.991,26.252561569213867,93.01204681396484,166.10514068603516,84.6212158203125,86.5999984741211,61.23046875,99.93851470947266,34.44606399536133,38.15519318902494,42010.0,32.23091125488281,31.19732666015625,24.96875,20.290496826171875,42.35000038146973
2021-11-28 16:04:39.992,26.3261833190918,92.89157104492188,167.36653900146484,84.54545593261719,86.5,61.23046875,99.93851470947266,34.44529342651367,40.6853642911988,42010.0,32.77490234375,31.74130249023437,20.3992919921875,20.18170166015625,42.35000038146973
2021-11-28 16:04:40.992,26.41041374206543,92.9518051147461,164.55078125,84.6212158203125,86.4000015258789,61.23046875,99.93851470947266,34.45201873779297,39.21235852999384,42010.0,32.99249267578125,29.048599243164062,24.85995483398437,25.13192749023437,42.35000038146973
2021-11-28 16:04:41.992,26.41041374206543,92.9518051147461,164.55078125,84.6212158203125,86.4000015258789,61.23046875,99.93851470947266,34.45201873779297,39.21235852999384,42010.0,32.99249267578125,29.048599243164062,24.85995483398437,25.13192749023437,42.35000038146973
2021-11-28 16:04:42.992,26.362171173095703,93.0722885131836,165.97493743896484,84.6212158203125,86.29999542236328,61.23046875,99.93851470947266,34.461185455322266,39.29848835535117,42010.0,32.203704833984375,27.253463745117188,25.349517822265625,23.608795166015625,42.35000038146973
2021-11-28 16:04:43.990,26.339508056640625,93.0722885131836,164.76236724853516,84.6212158203125,87.4000015258789,61.23046875,99.93851470947266,34.47004318237305,37.51711359610146,42010.0,33.12847900390625,22.79281616210937,22.847213745117188,26.083892822265625,42.35000038146973
2021-11-28 16:04:44.994,26.339508056640625,93.0722885131836,164.76236724853516,84.6212158203125,87.4000015258789,61.23046875,99.93851470947266,34.47004318237305,37.51711359610146,42010.0,33.12847900390625,22.79281616210937,22.847213745117188,26.083892822265625,42.35000038146973
2021-11-28 16:04:45.993,26.43675994873047,92.9518051147461,166.34928131103516,84.6212158203125,86.69999694824219,61.23046875,99.93851470947266,34.484169006347656,39.4181562018505,42010.0,29.75579833984375,28.39581298828125,25.48553466796875,25.295135498046875,42.35000038146973
2021-11-28 16:04:46.990,26.54987335205078,92.89157104492188,166.4876251220703,84.6212158203125,86.4000015258789,61.23046875,99.93851470947266,34.485713958740234,38.59190188350678,42010.0,33.2100830078125,30.16375732421875,28.287017822265625,28.967010498046875,42.35000038146973
2021-11-28 16:04:47.991,26.54987335205078,92.89157104492188,166.4876251220703,84.6212158203125,86.4000015258789,61.23046875,99.93851470947266,34.485713958740234,38.59190188350678,42010.0,33.2100830078125,30.16375732421875,28.287017822265625,28.967010498046875,42.35000038146973
2021-11-28 16:04:48.994,26.49054718017578,93.0722885131836,165.9342498779297,84.6212158203125,87.5,61.23046875,99.93851470947266,34.49380874633789,37.30091061235787,42010.0,33.29168701171875,29.0758056640625,22.95600891113281,26.00230407714844,42.35000038146973
2021-11-28 16:04:50.001,26.415416717529297,93.0722885131836,166.6259765625,84.54545593261719,87.0,61.23046875,99.93851470947266,34.50555419921875,36.381505876909465,42010.0,32.12211608886719,25.02313232421875,24.343170166015625,23.28240966796875,42.35000038146973
2021-11-28 16:04:50.991,26.415416717529297,93.0722885131836,166.6259765625,84.54545593261719,87.0,61.23046875,99.93851470947266,34.50555419921875,36.381505876909465,42010.0,32.12211608886719,25.02313232421875,24.343170166015625,23.28240966796875,42.35000038146973
2021-11-28 16:04:51.994,26.4590072631836,92.83132934570312,165.52734375,84.54545593261719,88.0,61.23046875,99.93851470947266,34.50341033935547,36.2785986877295,42010.0,34.65162658691406,28.80380249023437,22.00404357910156,23.962371826171875,42.35000038146973
2021-11-28 16:04:52.990,26.54092788696289,93.01204681396484,166.0888671875,84.6212158203125,86.9000015258789,61.23046875,99.93851470947266,34.51097106933594,38.05008016477076,42010.0,34.32524108886719,23.79917907714844,22.73841857910156,26.763885498046875,42.35000038146973
2021-11-28 16:04:54.004,26.54092788696289,93.01204681396484,166.0888671875,84.6212158203125,86.9000015258789,61.23046875,99.93851470947266,34.51097106933594,38.05008016477076,42010.0,34.32524108886719,23.79917907714844,22.73841857910156,26.763885498046875,42.35000038146973
2021-11-28 16:04:54.990,26.485912322998047,93.1927719116211,165.4459686279297,84.6212158203125,86.79999542236328,61.23046875,99.93851470947266,34.50979995727539,37.317827582775074,42010.0,31.06134033203125,27.1446533203125,21.677642822265625,22.98321533203125,42.35000038146973
2021-11-28 16:04:55.995,26.40283393859864,93.01204681396484,165.72265625,84.6212158203125,87.69999694824219,61.23046875,99.93851470947266,34.50944900512695,37.57413649905736,42010.0,35.38600158691406,29.72857666015625,23.39120483398437,21.1336669921875,42.35000038146973
2021-11-28 16:04:56.994,26.40283393859864,93.01204681396484,165.72265625,84.6212158203125,87.69999694824219,61.23046875,99.93851470947266,34.50944900512695,37.57413649905736,42010.0,35.38600158691406,29.72857666015625,23.39120483398437,21.1336669921875,42.35000038146973
2021-11-28 16:04:57.992,26.387758255004883,92.83132934570312,165.29134368896484,84.6212158203125,87.30000305175781,61.23046875,99.93851470947266,34.52165985107422,37.14517515089682,42010.0,34.10765075683594,30.16375732421875,22.901611328125,27.09027099609375,42.35000038146973
2021-11-28 16:04:58.994,26.47150993347168,92.89157104492188,167.0166015625,84.6212158203125,87.9000015258789,61.23046875,99.93851470947266,34.5223274230957,38.859876811184336,42010.0,33.318878173828125,26.2742919921875,24.315963745117188,27.68865966796875,42.35000038146973
2021-11-28 16:04:59.994,26.47150993347168,92.89157104492188,167.0166015625,84.6212158203125,87.9000015258789,61.23046875,99.93851470947266,34.5223274230957,38.859876811184336,42010.0,33.318878173828125,26.2742919921875,24.315963745117188,27.68865966796875,42.35000038146973
2021-11-28 16:05:00.992,26.42095947265625,93.0722885131836,165.6005859375,84.6212158203125,87.4000015258789,61.23046875,99.93851470947266,34.52457809448242,36.83686365305939,42010.0,30.218170166015625,28.967010498046875,26.927078247070312,27.171875,42.35000038146973
2021-11-28 16:05:02.002,26.33007049560547,93.01204681396484,165.07161712646484,84.6212158203125,87.0,61.23046875,99.93851470947266,34.526161193847656,40.41969062351951,42010.0,30.898162841796875,30.354156494140625,29.40219116210937,22.439239501953125,42.35000038146973
2021-11-28 16:05:03.005,26.33007049560547,93.01204681396484,165.07161712646484,84.6212158203125,87.0,61.23046875,99.93851470947266,34.526161193847656,40.41969062351951,42010.0,30.898162841796875,30.354156494140625,29.40219116210937,22.439239501953125,42.35000038146973
2021-11-28 16:05:04.003,26.29778480529785,93.01204681396484,164.99837493896484,84.54545593261719,87.0,61.23046875,99.93851470947266,34.52702331542969,39.30949802551029,42010.0,30.299774169921875,28.042236328125,20.83447265625,20.888885498046875,42.35000038146973
2021-11-28 16:05:04.990,26.41318702697754,93.01204681396484,165.29134368896484,84.54545593261719,87.4000015258789,61.23046875,99.93851470947266,34.5311164855957,38.3235222521589,42010.0,28.66783142089844,28.423019409179688,23.47279357910156,19.5289306640625,42.35000038146973
2021-11-28 16:05:05.993,26.41318702697754,93.01204681396484,165.29134368896484,84.54545593261719,87.4000015258789,61.23046875,99.93851470947266,34.5311164855957,38.3235222521589,42010.0,28.66783142089844,28.423019409179688,23.47279357910156,19.5289306640625,42.35000038146973
2021-11-28 16:05:06.991,26.40497779846192,92.9518051147461,164.83560943603516,84.6212158203125,87.0,61.23046875,99.93851470947266,34.52559280395508,37.74933047708748,42010.0,32.285308837890625,27.253463745117188,23.85357666015625,23.11920166015625,42.35000038146973
2021-11-28 16:05:08.001,26.322065353393555,93.01204681396484,165.4866485595703,84.6212158203125,86.79999542236328,61.23046875,99.93851470947266,34.52491760253906,38.074211343877465,42010.0,32.04052734375,27.09027099609375,23.28240966796875,19.229736328125,42.35000038146973
2021-11-28 16:05:09.001,26.322065353393555,93.01204681396484,165.4866485595703,84.6212158203125,86.79999542236328,61.23046875,99.93851470947266,34.52491760253906,38.074211343877465,42010.0,32.04052734375,27.09027099609375,23.28240966796875,19.229736328125,42.35000038146973
2021-11-28 16:05:09.991,26.30443572998047,92.9518051147461,164.36360931396484,84.6212158203125,87.0,61.23046875,99.93851470947266,34.52503204345703,38.962966840933646,42010.0,32.01332092285156,27.66143798828125,25.567123413085938,23.826385498046875,42.35000038146973
2021-11-28 16:05:10.993,26.415019989013672,92.9518051147461,165.32389068603516,84.54545593261719,87.0,61.23046875,99.93851470947266,34.53107070922852,39.16418898066716,42010.0,32.910888671875,32.50288391113281,23.880767822265625,26.65509033203125,42.35000038146973
2021-11-28 16:05:11.994,26.415019989013672,92.9518051147461,165.32389068603516,84.54545593261719,87.0,61.23046875,99.93851470947266,34.53107070922852,39.16418898066716,42010.0,32.910888671875,32.50288391113281,23.880767822265625,26.65509033203125,42.35000038146973
2021-11-28 16:05:12.994,26.424013137817383,92.9518051147461,165.2018280029297,84.54545593261719,87.5,61.23046875,99.93851470947266,34.5356330871582,35.14822922502162,42010.0,34.16204833984375,28.423019409179688,23.146392822265625,25.295135498046875,42.35000038146973
2021-11-28 16:05:13.994,26.349668502807617,93.0722885131836,164.97396087646484,84.6212158203125,87.19999694824219,61.23046875,99.93851470947266,34.5343017578125,37.69821962871019,42010.0,31.251739501953125,24.914337158203125,19.31134033203125,27.579864501953125,42.35000038146973
2021-11-28 16:05:14.995,26.349668502807617,93.0722885131836,164.97396087646484,84.6212158203125,87.19999694824219,61.23046875,99.93851470947266,34.5343017578125,37.69821962871019,42010.0,31.251739501953125,24.914337158203125,19.31134033203125,27.579864501953125,42.35000038146973
2021-11-28 16:05:15.993,26.34070205688477,93.0722885131836,164.73795318603516,84.6212158203125,86.69999694824219,61.23046875,99.93851470947266,34.53164291381836,38.05495783742263,42010.0,34.46124267578125,25.26792907714844,22.03125,26.00230407714844,42.35000038146973
2021-11-28 16:05:17.004,26.45686149597168,92.9518051147461,165.91796875,84.54545593261719,87.0999984741211,61.23046875,99.93851470947266,34.52898406982422,36.13300165849435,42010.0,33.237274169921875,27.171875,20.807281494140625,27.82464599609375,42.35000038146973
2021-11-28 16:05:17.991,26.45686149597168,92.9518051147461,165.91796875,84.54545593261719,87.0999984741211,61.23046875,99.93851470947266,34.52898406982422,36.13300165849435,42010.0,33.237274169921875,27.171875,20.807281494140625,27.82464599609375,42.35000038146973
2021-11-28 16:05:19.004,26.52047538757324,93.01204681396484,164.65657806396484,84.54545593261719,86.4000015258789,61.23046875,99.93851470947266,34.52684020996094,38.59018695349455,42010.0,33.91725158691406,25.45831298828125,19.964111328125,26.00230407714844,42.35000038146973
2021-11-28 16:05:19.992,26.457460403442383,93.01204681396484,165.07975006103516,84.6212158203125,88.0999984741211,61.23046875,99.93851470947266,34.51757049560547,36.90077655861237,42010.0,34.16204833984375,27.552642822265625,21.48725891113281,27.552642822265625,42.35000038146973
2021-11-28 16:05:20.992,26.457460403442383,93.01204681396484,165.07975006103516,84.6212158203125,88.0999984741211,61.23046875,99.93851470947266,34.51757049560547,36.90077655861237,42010.0,34.16204833984375,27.552642822265625,21.48725891113281,27.552642822265625,42.35000038146973
2021-11-28 16:05:22.991,26.450288772583008,93.01204681396484,166.357421875,84.6212158203125,87.80000305175781,61.23046875,99.93851470947266,34.50764465332031,38.60704150814033,42010.0,33.754058837890625,30.02777099609375,25.62152099609375,22.439239501953125,42.35000038146973
2021-11-28 16:05:22.000,26.400867462158203,92.89157104492188,165.5354766845703,84.6212158203125,86.69999694824219,61.23046875,99.93851470947266,34.514747619628906,38.89814847325371,42010.0,32.74769592285156,26.46469116210937,24.45196533203125,26.818267822265625,42.35000038146973
2021-11-28 16:05:23.993,26.450288772583008,93.01204681396484,166.357421875,84.6212158203125,87.80000305175781,61.23046875,99.93851470947266,34.50764465332031,38.60704150814033,42010.0,33.754058837890625,30.02777099609375,25.62152099609375,22.439239501953125,42.35000038146973
2021-11-28 16:05:24.994,26.487098693847656,93.01204681396484,165.25878143310547,84.6212158203125,87.19999694824219,61.23046875,99.93851470947266,34.49813461303711,36.40786432189029,42010.0,32.3125,28.06942749023437,26.247100830078125,23.03759765625,42.35000038146973
2021-11-28 16:05:25.990,26.40309715270996,92.9518051147461,163.93228912353516,84.6212158203125,87.0999984741211,61.23046875,99.93851470947266,34.48523712158203,38.49060773496628,42010.0,32.23091125488281,26.383087158203125,24.8055419921875,23.28240966796875,42.35000038146973
2021-11-28 16:05:27.001,26.40309715270996,92.9518051147461,163.93228912353516,84.6212158203125,87.0999984741211,61.23046875,99.93851470947266,34.48523712158203,38.49060773496628,42010.0,32.23091125488281,26.383087158203125,24.8055419921875,23.28240966796875,42.35000038146973
2021-11-28 16:05:27.993,26.30379867553711,92.9518051147461,165.02278900146484,84.54545593261719,87.5,61.23046875,99.93851470947266,34.48358154296875,38.85365207414875,42011.0,32.720489501953125,28.232635498046875,27.987838745117188,22.4664306640625,42.35000038146973
2021-11-28 16:05:28.992,26.30716323852539,93.0722885131836,165.3076171875,84.54545593261719,86.29999542236328,61.23046875,99.93851470947266,34.477840423583984,39.967667570779255,42011.0,31.686920166015625,26.46469116210937,25.431121826171875,24.642364501953125,42.35000038146973
2021-11-28 16:05:29.990,26.30716323852539,93.0722885131836,165.3076171875,84.54545593261719,86.29999542236328,61.23046875,99.93851470947266,34.477840423583984,39.967667570779255,42011.0,31.686920166015625,26.46469116210937,25.431121826171875,24.642364501953125,42.35000038146973
2021-11-28 16:05:30.990,26.35049629211425,93.01204681396484,164.9821014404297,84.6212158203125,86.4000015258789,61.23046875,99.93851470947266,34.466285705566406,40.46853791777478,42011.0,31.33334350585937,27.171875,26.41029357910156,20.48089599609375,42.35000038146973
2021-11-28 16:05:31.991,26.288917541503903,92.9518051147461,165.17740631103516,84.6212158203125,86.9000015258789,61.23046875,99.93851470947266,34.460445404052734,38.81645457392184,42011.0,31.387741088867188,31.06134033203125,22.54803466796875,23.581588745117188,42.35000038146973
2021-11-28 16:05:32.990,26.288917541503903,92.9518051147461,165.17740631103516,84.6212158203125,86.9000015258789,61.23046875,99.93851470947266,34.460445404052734,38.81645457392184,42011.0,31.387741088867188,31.06134033203125,22.54803466796875,23.581588745117188,42.35000038146973
2021-11-28 16:05:34.002,26.207916259765625,93.01204681396484,164.4124298095703,84.6212158203125,86.69999694824219,61.23046875,99.93851470947266,34.441307067871094,39.10583053188182,42011.0,33.101287841796875,28.20542907714844,28.20542907714844,22.73841857910156,42.35000038146973
2021-11-28 16:05:35.001,26.228988647460938,93.01204681396484,164.17642974853516,84.6212158203125,87.0,61.23046875,99.93851470947266,34.43077850341797,39.27323782696692,42011.0,29.10302734375,25.86630249023437,27.253463745117188,23.309600830078125,42.35000038146973
2021-11-28 16:05:35.992,26.228988647460938,93.01204681396484,164.17642974853516,84.6212158203125,87.0,61.23046875,99.93851470947266,34.43077850341797,39.27323782696692,42011.0,29.10302734375,25.86630249023437,27.253463745117188,23.309600830078125,42.35000038146973
2021-11-28 16:05:37.001,26.371335983276367,93.01204681396484,164.2415313720703,84.6212158203125,86.69999694824219,61.23046875,99.93851470947266,34.42789840698242,38.960340079595404,42011.0,29.6741943359375,28.20542907714844,24.28875732421875,18.87615966796875,42.35000038146973
2021-11-28 16:05:38.004,26.426267623901367,93.0722885131836,164.33919525146484,84.6212158203125,87.0,61.23046875,99.93851470947266,34.41473388671875,39.202814584652806,42011.0,31.33334350585937,26.79107666015625,20.236114501953125,20.34490966796875,42.35000038146973
2021-11-28 16:05:39.004,26.426267623901367,93.0722885131836,164.33919525146484,84.6212158203125,87.0,61.23046875,99.93851470947266,34.41473388671875,39.202814584652806,42011.0,31.33334350585937,26.79107666015625,20.236114501953125,20.34490966796875,42.35000038146973
2021-11-28 16:05:39.991,26.354162216186523,92.9518051147461,166.61783599853516,84.6212158203125,87.5,61.23046875,99.93851470947266,34.39406967163086,38.55365675071981,42011.0,33.835662841796875,31.822906494140625,23.989578247070312,27.498260498046875,42.35000038146973
2021-11-28 16:05:40.994,26.398069381713867,92.9518051147461,166.10514068603516,84.6212158203125,87.30000305175781,61.23046875,99.93851470947266,34.386085510253906,40.15440697314076,42011.0,32.77490234375,28.314224243164062,27.171875,24.723953247070312,42.35000038146973
2021-11-28 16:05:41.994,26.398069381713867,92.9518051147461,166.10514068603516,84.6212158203125,87.30000305175781,61.23046875,99.93851470947266,34.386085510253906,40.15440697314076,42011.0,32.77490234375,28.314224243164062,27.171875,24.723953247070312,42.35000038146973
2021-11-28 16:05:43.004,26.57090950012207,93.01204681396484,165.9098358154297,84.6212158203125,87.5,61.23046875,99.93851470947266,34.376365661621094,37.28379148691221,42011.0,30.218170166015625,27.117462158203125,28.66781616210937,23.826385498046875,42.35000038146973
2021-11-28 16:05:43.990,26.59733009338379,93.01204681396484,164.3798828125,84.6212158203125,87.9000015258789,61.23046875,99.93851470947266,34.36648178100586,38.158763701749365,42011.0,33.237274169921875,27.171875,28.93980407714844,21.106475830078125,42.35000038146973
2021-11-28 16:05:45.005,26.59733009338379,93.01204681396484,164.3798828125,84.6212158203125,87.9000015258789,61.23046875,99.93851470947266,34.36648178100586,38.158763701749365,42011.0,33.237274169921875,27.171875,28.93980407714844,21.106475830078125,42.35000038146973
2021-11-28 16:05:45.993,26.53614044189453,92.9518051147461,165.99120330810547,84.6212158203125,86.5,61.23046875,99.93851470947266,34.34851837158203,40.24087509290153,42011.0,30.245376586914062,29.42938232421875,24.6695556640625,25.947906494140625,42.35000038146973
2021-11-28 16:05:47.990,26.47551155090332,93.0722885131836,164.93326568603516,84.6212158203125,86.69999694824219,61.23046875,99.93851470947266,34.33903884887695,38.57181243175372,42011.0,33.48207092285156,25.703125,23.363998413085938,21.160873413085938,42.35000038146973
2021-11-28 16:05:47.000,26.47551155090332,93.0722885131836,164.93326568603516,84.6212158203125,86.69999694824219,61.23046875,99.93851470947266,34.33903884887695,38.57181243175372,42011.0,33.48207092285156,25.703125,23.363998413085938,21.160873413085938,42.35000038146973
2021-11-28 16:05:48.995,26.458194732666016,93.0722885131836,164.453125,84.54545593261719,86.4000015258789,61.23046875,99.93851470947266,34.32619857788086,37.948232208363,42011.0,27.743072509765625,26.546295166015625,24.642364501953125,22.30322265625,42.35000038146973
2021-11-28 16:05:49.995,26.372859954833984,92.89157104492188,164.65657806396484,84.6212158203125,86.4000015258789,61.23046875,99.93851470947266,34.31850814819336,40.23265191646415,42011.0,31.714126586914062,26.763885498046875,27.851837158203125,18.848953247070312,42.35000038146973
2021-11-28 16:05:50.992,26.372859954833984,92.89157104492188,164.65657806396484,84.6212158203125,86.4000015258789,61.23046875,99.93851470947266,34.31850814819336,40.23265191646415,42011.0,31.714126586914062,26.763885498046875,27.851837158203125,18.848953247070312,42.35000038146973
2021-11-28 16:05:51.990,26.32620429992676,92.9518051147461,163.90787506103516,84.6212158203125,86.9000015258789,61.23046875,99.93851470947266,34.30534362792969,38.38594522606137,42011.0,35.46759033203125,29.56538391113281,22.30322265625,23.28240966796875,42.35000038146973
2021-11-28 16:05:52.994,26.218032836914062,93.0722885131836,164.64029693603516,84.6212158203125,87.0999984741211,61.23046875,99.93851470947266,34.29943084716797,38.39907462643134,42011.0,33.618072509765625,28.640625,23.47279357910156,24.01678466796875,42.35000038146973
2021-11-28 16:05:54.000,26.218032836914062,93.0722885131836,164.64029693603516,84.6212158203125,87.0999984741211,61.23046875,99.93851470947266,34.29943084716797,38.39907462643134,42011.0,33.618072509765625,28.640625,23.47279357910156,24.01678466796875,42.35000038146973
2021-11-28 16:05:55.006,26.24357986450196,93.0722885131836,165.57616424560547,84.54545593261719,87.5,61.23046875,99.93851470947266,34.29647445678711,37.691861747134304,42011.0,31.170150756835938,28.91259765625,22.357635498046875,24.179962158203125,42.35000038146973
2021-11-28 16:05:56.992,26.239538192749023,92.9518051147461,165.283203125,84.6212158203125,87.80000305175781,61.23046875,99.93851470947266,34.29056167602539,36.03279519810716,42011.0,34.65162658691406,28.12384033203125,22.08563232421875,23.635986328125,42.35000038146973
2021-11-28 16:05:56.000,26.239538192749023,92.9518051147461,165.283203125,84.6212158203125,87.80000305175781,61.23046875,99.93851470947266,34.29056167602539,36.03279519810716,42011.0,34.65162658691406,28.12384033203125,22.08563232421875,23.635986328125,42.35000038146973
2021-11-28 16:05:57.991,26.222936630249023,92.89157104492188,165.37271881103516,84.6212158203125,86.5999984741211,61.23046875,99.93851470947266,34.284645080566406,40.95573708332427,42011.0,36.71875,25.077545166015625,25.92071533203125,24.96875,42.35000038146973
2021-11-28 16:05:58.991,26.25537872314453,92.9518051147461,163.9811248779297,84.6212158203125,87.0,61.23046875,99.93851470947266,34.28168869018555,38.58867826387648,42011.0,34.706024169921875,29.64697265625,22.24884033203125,21.296875,42.35000038146973
2021-11-28 16:05:59.994,26.25537872314453,92.9518051147461,163.9811248779297,84.6212158203125,87.0,61.23046875,99.93851470947266,34.28168869018555,38.58867826387648,42011.0,34.706024169921875,29.64697265625,22.24884033203125,21.296875,42.35000038146973
2021-11-28 16:06:01.003,26.47200965881348,93.01204681396484,163.89160919189453,84.6212158203125,87.5999984741211,61.23046875,99.93851470947266,34.27577590942383,37.05238498829559,42011.0,30.898162841796875,28.66781616210937,24.479156494140625,19.88250732421875,42.35000038146973
2021-11-28 16:06:02.003,26.606908798217773,93.0722885131836,164.27408599853516,84.6212158203125,87.5,61.23046875,99.93851470947266,34.2698860168457,37.69981396709875,42011.0,34.73321533203125,29.918975830078125,21.56884765625,22.493621826171875,42.35000038146973
2021-11-28 16:06:03.007,26.606908798217773,93.0722885131836,164.27408599853516,84.6212158203125,87.5,61.23046875,99.93851470947266,34.2698860168457,37.69981396709875,42011.0,34.73321533203125,29.918975830078125,21.56884765625,22.493621826171875,42.35000038146973
2021-11-28 16:06:03.990,26.66063117980957,92.9518051147461,164.35546875,84.6212158203125,86.69999694824219,61.23046875,99.93851470947266,34.266929626464844,38.37935722441986,42011.0,32.720489501953125,32.20368957519531,22.140045166015625,26.8726806640625,42.35000038146973
2021-11-28 16:06:05.005,26.71829032897949,92.9518051147461,163.6962890625,84.6212158203125,87.80000305175781,61.23046875,99.93851470947266,34.26020812988281,36.38187691545715,42011.0,30.73495483398437,24.914337158203125,22.73841857910156,22.38482666015625,42.35000038146973
2021-11-28 16:06:06.002,26.71829032897949,92.9518051147461,163.6962890625,84.6212158203125,87.80000305175781,61.23046875,99.93851470947266,34.26020812988281,36.38187691545715,42011.0,30.73495483398437,24.914337158203125,22.73841857910156,22.38482666015625,42.35000038146973
2021-11-28 16:06:07.001,26.811023712158203,93.0722885131836,164.7867889404297,84.6212158203125,86.9000015258789,61.23046875,99.93851470947266,34.24770736694336,36.310192194496885,42011.0,30.49017333984375,26.845474243164062,26.73667907714844,17.4617919921875,42.35000038146973
2021-11-28 16:06:07.993,26.814844131469727,93.01204681396484,164.4775390625,84.6212158203125,87.19999694824219,61.23046875,99.93851470947266,34.244667053222656,36.389746819425206,42011.0,33.59086608886719,21.759246826171875,25.92071533203125,25.48553466796875,42.35000038146973
2021-11-28 16:06:09.003,26.814844131469727,93.01204681396484,164.4775390625,84.6212158203125,87.19999694824219,61.23046875,99.93851470947266,34.244667053222656,36.389746819425206,42011.0,33.59086608886719,21.759246826171875,25.92071533203125,25.48553466796875,42.35000038146973
2021-11-28 16:06:10.002,26.712770462036133,92.9518051147461,165.14485931396484,84.54545593261719,87.5,61.23046875,99.93851470947266,34.23859024047852,36.52158996828675,42011.0,32.77490234375,26.083892822265625,27.33505249023437,23.581588745117188,42.35000038146973
2021-11-28 16:06:10.991,26.57245826721192,93.01204681396484,164.4449920654297,84.6212158203125,86.9000015258789,61.23046875,99.93851470947266,34.232513427734375,39.23812182372747,42011.0,29.89178466796875,28.749420166015625,25.32232666015625,20.508087158203125,42.35000038146973
2021-11-28 16:06:12.005,26.57245826721192,93.01204681396484,164.4449920654297,84.6212158203125,86.9000015258789,61.23046875,99.93851470947266,34.232513427734375,39.23812182372747,42011.0,29.89178466796875,28.749420166015625,25.32232666015625,20.508087158203125,42.35000038146973
2021-11-28 16:06:12.993,26.475828170776367,93.01204681396484,164.43685150146484,84.6212158203125,87.0,61.23046875,99.93851470947266,34.22947692871094,36.465151723306725,42011.0,32.149322509765625,28.55902099609375,25.648712158203125,22.03125,42.35000038146973
2021-11-28 16:06:14.002,26.37559700012207,93.01204681396484,164.07877349853516,84.6212158203125,87.0,61.23046875,99.93851470947266,34.2234001159668,37.79492029777251,42011.0,32.85649108886719,26.845474243164062,27.93344116210937,22.711212158203125,42.35000038146973
2021-11-28 16:06:14.993,26.37559700012207,93.01204681396484,164.07877349853516,84.6212158203125,87.0,61.23046875,99.93851470947266,34.2234001159668,37.79492029777251,42011.0,32.85649108886719,26.845474243164062,27.93344116210937,22.711212158203125,42.35000038146973
2021-11-28 16:06:15.994,26.202194213867188,93.01204681396484,164.0380859375,84.6212158203125,87.19999694824219,61.23046875,99.93851470947266,34.217323303222656,37.365085311034846,42011.0,32.176513671875,29.510986328125,20.58969116210937,22.92880249023437,42.35000038146973
2021-11-28 16:06:16.995,26.0433292388916,93.01204681396484,163.78580474853516,84.6212158203125,86.9000015258789,61.23046875,99.93851470947266,34.21428298950195,37.4872300511088,42011.0,29.347808837890625,28.885406494140625,24.234375,21.405670166015625,42.35000038146973
2021-11-28 16:06:17.995,26.0433292388916,93.01204681396484,163.78580474853516,84.6212158203125,86.9000015258789,61.23046875,99.93851470947266,34.21428298950195,37.4872300511088,42011.0,29.347808837890625,28.885406494140625,24.234375,21.405670166015625,42.35000038146973
2021-11-28 16:06:18.994,25.99080467224121,92.9518051147461,164.4775390625,84.6212158203125,86.5,61.23046875,99.93851470947266,34.20820617675781,40.20756403601849,42011.0,32.53009033203125,27.416656494140625,24.043975830078125,24.58795166015625,42.35000038146973
2021-11-28 16:06:19.990,26.07603645324707,92.9518051147461,164.53450775146484,84.6212158203125,86.19999694824219,61.23046875,99.93851470947266,34.20944595336914,40.11213418306147,42011.0,29.59259033203125,27.280670166015625,19.773712158203125,27.14466857910156,42.35000038146973
2021-11-28 16:06:20.994,26.07603645324707,92.9518051147461,164.53450775146484,84.6212158203125,86.19999694824219,61.23046875,99.93851470947266,34.20944595336914,40.11213418306147,42011.0,29.59259033203125,27.280670166015625,19.773712158203125,27.14466857910156,42.35000038146973
2021-11-28 16:06:22.002,26.100387573242188,93.01204681396484,163.93228912353516,84.6212158203125,87.69999694824219,61.23046875,99.93851470947266,34.20648956298828,37.7862005010187,42011.0,32.883697509765625,24.58795166015625,22.276031494140625,25.703125,42.35000038146973
2021-11-28 16:06:23.006,26.14159393310547,92.9518051147461,163.46842193603516,84.6212158203125,86.79999542236328,61.23046875,99.93851470947266,34.206275939941406,39.37497311342327,42011.0,30.87095642089844,28.287017822265625,18.821746826171875,27.579864501953125,42.35000038146973
2021-11-28 16:06:23.992,26.14159393310547,92.9518051147461,163.46842193603516,84.6212158203125,86.79999542236328,61.23046875,99.93851470947266,34.206275939941406,39.37497311342327,42011.0,30.87095642089844,28.287017822265625,18.821746826171875,27.579864501953125,42.35000038146973
2021-11-28 16:06:24.990,26.27359390258789,93.01204681396484,164.5182342529297,84.54545593261719,87.69999694824219,61.23046875,99.93851470947266,34.2021369934082,37.57900562834076,42011.0,33.12847900390625,27.117462158203125,23.880767822265625,26.21990966796875,42.35000038146973
2021-11-28 16:06:25.994,26.509307861328125,93.01204681396484,164.5833282470703,84.6212158203125,87.0999984741211,61.23046875,99.93851470947266,34.19926071166992,38.30895940515071,42011.0,30.979751586914062,27.52545166015625,20.91607666015625,26.60067749023437,42.35000038146973
2021-11-28 16:06:27.002,26.509307861328125,93.01204681396484,164.5833282470703,84.6212158203125,87.0999984741211,61.23046875,99.93851470947266,34.19926071166992,38.30895940515071,42011.0,30.979751586914062,27.52545166015625,20.91607666015625,26.60067749023437,42.35000038146973
2021-11-28 16:06:27.991,26.622520446777344,93.01204681396484,164.00553131103516,84.6212158203125,87.69999694824219,61.23046875,99.93851470947266,34.186161041259766,36.8363526578701,42011.0,33.536468505859375,29.13018798828125,22.874420166015625,23.3367919921875,42.35000038146973
2021-11-28 16:06:29.994,26.620014190673828,92.9518051147461,164.0055389404297,84.6212158203125,86.69999694824219,61.23046875,99.93851470947266,34.18267822265625,37.55164175913338,42011.0,33.42767333984375,28.368621826171875,22.98321533203125,20.75288391113281,42.35000038146973
2021-11-28 16:06:29.000,26.620014190673828,92.9518051147461,164.0055389404297,84.6212158203125,86.69999694824219,61.23046875,99.93851470947266,34.18267822265625,37.55164175913338,42011.0,33.42767333984375,28.368621826171875,22.98321533203125,20.75288391113281,42.35000038146973
2021-11-28 16:06:30.995,26.585281372070312,92.9518051147461,163.9811248779297,84.54545593261719,87.30000305175781,61.23046875,99.93851470947266,34.17163848876953,38.14496141004986,42011.0,36.93634033203125,26.546295166015625,23.227996826171875,24.778350830078125,42.35000038146973
2021-11-28 16:06:31.994,26.60908508300781,93.01204681396484,164.39615631103516,84.6212158203125,86.5999984741211,61.23046875,99.93851470947266,34.16150665283203,39.59539823597517,42011.0,32.3125,28.6134033203125,23.66317749023437,24.560760498046875,42.35000038146973
2021-11-28 16:06:32.994,26.60908508300781,93.01204681396484,164.39615631103516,84.6212158203125,86.5999984741211,61.23046875,99.93851470947266,34.16150665283203,39.59539823597517,42011.0,32.3125,28.6134033203125,23.66317749023437,24.560760498046875,42.35000038146973
2021-11-28 16:06:33.993,26.493989944458008,92.9518051147461,163.60677337646484,84.6212158203125,86.5999984741211,61.23046875,99.93851470947266,34.15043640136719,38.161842487671954,42011.0,35.38600158691406,28.09663391113281,21.704864501953125,18.168975830078125,42.35000038146973
2021-11-28 16:06:35.003,26.402484893798828,92.9518051147461,162.939453125,84.6212158203125,87.9000015258789,61.23046875,99.93851470947266,34.147315979003906,37.21608428416069,42011.0,34.97802734375,24.58795166015625,17.652191162109375,21.976837158203125,42.35000038146973
2021-11-28 16:06:36.002,26.402484893798828,92.9518051147461,162.939453125,84.6212158203125,87.9000015258789,61.23046875,99.93851470947266,34.147315979003906,37.21608428416069,42011.0,34.97802734375,24.58795166015625,17.652191162109375,21.976837158203125,42.35000038146973
2021-11-28 16:06:36.994,26.307662963867188,92.9518051147461,163.68001556396484,84.6212158203125,86.5999984741211,61.23046875,99.93851470947266,34.1043586730957,40.0840024267748,42011.0,34.97802734375,26.165496826171875,26.546295166015625,22.33042907714844,42.35000038146973
2021-11-28 16:06:37.994,26.29419136047364,93.13253021240234,164.8681640625,84.6212158203125,86.69999694824219,61.23046875,99.93851470947266,34.08589553833008,37.42419932961107,42011.0,31.7413330078125,29.755767822265625,21.976837158203125,19.556121826171875,42.35000038146973
2021-11-28 16:06:39.001,26.29419136047364,93.13253021240234,164.8681640625,84.6212158203125,86.69999694824219,61.23046875,99.93851470947266,34.08589553833008,37.42419932961107,42011.0,31.7413330078125,29.755767822265625,21.976837158203125,19.556121826171875,42.35000038146973
2021-11-28 16:06:39.991,26.28730010986328,93.01204681396484,164.24154663085938,84.54545593261719,86.79999542236328,61.23046875,99.93851470947266,34.07413482666016,38.80379529529428,42011.0,30.73495483398437,28.99420166015625,23.744781494140625,19.80091857910156,42.35000038146973
2021-11-28 16:06:40.992,26.2470703125,92.83132934570312,166.04817962646484,84.54545593261719,86.9000015258789,61.23046875,99.93851470947266,34.04376220703125,38.88988159602077,42011.0,30.299774169921875,29.483795166015625,26.05670166015625,23.255203247070312,42.35000038146973
2021-11-28 16:06:41.992,26.2470703125,92.83132934570312,166.04817962646484,84.54545593261719,86.9000015258789,61.23046875,99.93851470947266,34.04376220703125,38.88988159602077,42011.0,30.299774169921875,29.483795166015625,26.05670166015625,23.255203247070312,42.35000038146973
2021-11-28 16:06:43.002,26.229772567749023,92.9518051147461,167.236328125,84.6212158203125,86.29999542236328,61.23046875,99.93851470947266,34.026798248291016,37.95961185155129,42011.0,29.483795166015625,26.165496826171875,28.232635498046875,21.18807983398437,42.35000038146973
2021-11-28 16:06:43.995,26.40970039367676,93.13253021240234,168.2047576904297,84.6212158203125,86.9000015258789,61.23046875,99.93851470947266,34.00807189941406,38.58278590025096,42011.0,30.163787841796875,24.615142822265625,27.52545166015625,25.784713745117188,42.35000038146973
2021-11-28 16:06:44.993,26.40970039367676,93.13253021240234,168.2047576904297,84.6212158203125,86.9000015258789,61.23046875,99.93851470947266,34.00807189941406,38.58278590025096,42011.0,30.163787841796875,24.615142822265625,27.52545166015625,25.784713745117188,42.35000038146973
2021-11-28 16:06:45.991,26.504552841186523,93.01204681396484,169.3440704345703,84.6212158203125,87.30000305175781,61.23046875,99.93851470947266,33.99215316772461,37.8679918327688,42011.0,32.910888671875,21.704849243164062,28.80380249023437,25.62152099609375,42.35000038146973
2021-11-28 16:06:47.002,26.486820220947266,92.83132934570312,169.70215606689453,84.54545593261719,88.4000015258789,61.23046875,99.93851470947266,33.966365814208984,36.43024235669152,42011.0,28.912628173828125,28.722213745117188,25.839111328125,28.83100891113281,42.35000038146973
2021-11-28 16:06:48.002,26.486820220947266,92.83132934570312,169.70215606689453,84.54545593261719,88.4000015258789,61.23046875,99.93851470947266,33.966365814208984,36.43024235669152,42011.0,28.912628173828125,28.722213745117188,25.839111328125,28.83100891113281,42.35000038146973
2021-11-28 16:06:48.993,26.452077865600582,92.9518051147461,169.17317962646484,84.6212158203125,86.9000015258789,61.23046875,99.93851470947266,33.952083587646484,39.08116425221547,42011.0,30.54457092285156,24.9415283203125,23.173614501953125,19.71932983398437,42.35000038146973
2021-11-28 16:06:49.994,26.47420310974121,93.1927719116211,170.2067108154297,84.6212158203125,87.9000015258789,61.23046875,99.93851470947266,33.92887878417969,38.236055528966745,42011.0,34.32524108886719,28.55902099609375,20.53529357910156,28.25982666015625,42.35000038146973
2021-11-28 16:06:50.994,26.47420310974121,93.1927719116211,170.2067108154297,84.6212158203125,87.9000015258789,61.23046875,99.93851470947266,33.92887878417969,38.236055528966745,42011.0,34.32524108886719,28.55902099609375,20.53529357910156,28.25982666015625,42.35000038146973
2021-11-28 16:06:51.994,26.509918212890625,92.9518051147461,171.1588592529297,84.6212158203125,86.79999542236328,61.23046875,99.93851470947266,33.89472198486328,39.86654864236074,42011.0,34.02606201171875,24.9415283203125,26.519088745117188,26.383087158203125,42.35000038146973
2021-11-28 16:06:53.003,26.409832000732425,92.9518051147461,172.49349212646484,84.6212158203125,86.69999694824219,61.23046875,99.93851470947266,33.882320404052734,40.158897957137896,42011.0,29.701400756835938,24.72393798828125,26.192703247070312,27.38946533203125,42.35000038146973
2021-11-28 16:06:53.992,26.409832000732425,92.9518051147461,172.49349212646484,84.6212158203125,86.69999694824219,61.23046875,99.93851470947266,33.882320404052734,40.158897957137896,42011.0,29.701400756835938,24.72393798828125,26.192703247070312,27.38946533203125,42.35000038146973
2021-11-28 16:06:54.993,26.343975067138672,93.01204681396484,172.72135162353516,84.54545593261719,87.30000305175781,61.23046875,99.93851470947266,33.86635208129883,40.74981736670666,42011.0,33.91725158691406,29.048599243164062,25.75750732421875,23.608795166015625,42.35000038146973
2021-11-28 16:06:55.991,26.316835403442383,93.13253021240234,172.6481170654297,84.54545593261719,86.0999984741211,61.23046875,99.93851470947266,33.84446716308594,40.58171634329765,42011.0,31.30615234375,27.987838745117188,24.179962158203125,24.778350830078125,42.35000038146973
2021-11-28 16:06:56.993,26.316835403442383,93.13253021240234,172.6481170654297,84.54545593261719,86.0999984741211,61.23046875,99.93851470947266,33.84446716308594,40.58171634329765,42011.0,31.30615234375,27.987838745117188,24.179962158203125,24.778350830078125,42.35000038146973
2021-11-28 16:06:58.004,26.38663482666016,93.01204681396484,171.06934356689453,84.6212158203125,87.30000305175781,61.23046875,99.93851470947266,33.83345413208008,38.55132094413003,42011.0,31.387741088867188,26.79107666015625,21.59605407714844,21.704864501953125,42.35000038146973
2021-11-28 16:06:58.992,26.36646270751953,92.9518051147461,171.79361724853516,84.6212158203125,87.30000305175781,61.23046875,99.93851470947266,33.82265853881836,39.15858725861967,42011.0,29.973388671875,29.973358154296875,25.75750732421875,21.623260498046875,42.35000038146973
2021-11-28 16:06:59.992,26.36646270751953,92.9518051147461,171.79361724853516,84.6212158203125,87.30000305175781,61.23046875,99.93851470947266,33.82265853881836,39.15858725861967,42011.0,29.973388671875,29.973358154296875,25.75750732421875,21.623260498046875,42.35000038146973
2021-11-28 16:07:00.994,26.350584030151367,92.89157104492188,172.1761016845703,84.54545593261719,86.4000015258789,61.23046875,99.93851470947266,33.80202102661133,39.948673987779486,42011.0,31.33334350585937,29.238983154296875,24.043975830078125,19.74652099609375,42.35000038146973
2021-11-28 16:07:01.993,26.34727668762207,93.01204681396484,170.8251953125,84.54545593261719,87.5,61.23046875,99.93851470947266,33.793251037597656,38.3609929401984,42011.0,32.09490966796875,26.328689575195312,20.970489501953125,23.445587158203125,42.35000038146973
2021-11-28 16:07:02.992,26.34727668762207,93.01204681396484,170.8251953125,84.54545593261719,87.5,61.23046875,99.93851470947266,33.793251037597656,38.3609929401984,42011.0,32.09490966796875,26.328689575195312,20.970489501953125,23.445587158203125,42.35000038146973
2021-11-28 16:07:04.001,26.41679573059082,93.13253021240234,172.06217193603516,84.6212158203125,87.5,61.23046875,99.93851470947266,33.78053665161133,38.16880292279954,42011.0,30.62615966796875,21.8680419921875,25.077545166015625,20.75288391113281,42.35000038146973
2021-11-28 16:07:04.990,26.411022186279297,92.9518051147461,171.13443756103516,84.6212158203125,86.0,61.23046875,99.93851470947266,33.76210403442383,40.368000767243,42011.0,31.60533142089844,26.92706298828125,19.773712158203125,22.54803466796875,42.35000038146973
2021-11-28 16:07:05.995,26.411022186279297,92.9518051147461,171.13443756103516,84.6212158203125,86.0,61.23046875,99.93851470947266,33.76210403442383,40.368000767243,42011.0,31.60533142089844,26.92706298828125,19.773712158203125,22.54803466796875,42.35000038146973
2021-11-28 16:07:06.992,26.38692092895508,92.89157104492188,170.27181243896484,84.6212158203125,86.5,61.23046875,99.93851470947266,33.75484085083008,38.99057562966836,42011.0,32.74769592285156,27.579849243164062,19.06654357910156,17.815383911132812,42.35000038146973
2021-11-28 16:07:07.994,26.40654945373535,93.0722885131836,171.13443756103516,84.54545593261719,86.9000015258789,61.23046875,99.93851470947266,33.74104690551758,37.98830796358185,42011.0,33.9444580078125,24.6695556640625,21.541656494140625,24.179962158203125,42.35000038146973
2021-11-28 16:07:09.003,26.40654945373535,93.0722885131836,171.13443756103516,84.54545593261719,86.9000015258789,61.23046875,99.93851470947266,33.74104690551758,37.98830796358185,42011.0,33.9444580078125,24.6695556640625,21.541656494140625,24.179962158203125,42.35000038146973
2021-11-28 16:07:10.004,26.487957000732425,93.0722885131836,171.19954681396484,84.54545593261719,87.0,61.23046875,99.93851470947266,33.72639465332031,38.34102121086303,42011.0,31.60533142089844,26.954269409179688,22.73841857910156,24.39755249023437,42.35000038146973
2021-11-28 16:07:10.991,26.49604225158692,92.9518051147461,170.6868438720703,84.6212158203125,87.5,61.23046875,99.93851470947266,33.72066879272461,36.58303442875409,42011.0,31.414947509765625,28.25982666015625,22.33042907714844,23.826385498046875,42.35000038146973
2021-11-28 16:07:12.002,26.49604225158692,92.9518051147461,170.6868438720703,84.6212158203125,87.5,61.23046875,99.93851470947266,33.72066879272461,36.58303442875409,42011.0,31.414947509765625,28.25982666015625,22.33042907714844,23.826385498046875,42.35000038146973
2021-11-28 16:07:12.991,26.45326042175293,92.89157104492188,171.15071868896484,84.6212158203125,86.5999984741211,61.23046875,99.93851470947266,33.70922088623047,38.85610493003633,42011.0,33.318878173828125,29.320587158203125,19.44732666015625,23.146392822265625,42.35000038146973
2021-11-28 16:07:14.003,26.374929428100582,92.89157104492188,170.5240936279297,84.6212158203125,87.4000015258789,61.23046875,99.93851470947266,33.70026779174805,37.26737787277304,42011.0,34.406829833984375,27.987838745117188,18.957748413085938,25.26792907714844,42.35000038146973
2021-11-28 16:07:14.993,26.3960189819336,93.01204681396484,171.09375762939453,84.6212158203125,87.30000305175781,61.23046875,99.93851470947266,33.69538116455078,39.021495737155455,42011.0,28.28704833984375,25.567108154296875,25.213531494140625,22.19442749023437,42.35000038146973
2021-11-28 16:07:15.992,26.3960189819336,93.01204681396484,171.09375762939453,84.6212158203125,87.30000305175781,61.23046875,99.93851470947266,33.69538116455078,39.021495737155455,42011.0,28.28704833984375,25.567108154296875,25.213531494140625,22.19442749023437,42.35000038146973
2021-11-28 16:07:17.003,26.423568725585938,92.9518051147461,171.4599609375,84.54545593261719,86.79999542236328,61.23046875,99.93851470947266,33.68155670166016,38.05838484837111,42011.0,31.034149169921875,27.715850830078125,22.493621826171875,23.06480407714844,42.35000038146973
2021-11-28 16:07:17.995,26.3383846282959,92.9518051147461,170.71939849853516,84.54545593261719,87.30000305175781,61.23046875,99.93851470947266,33.6725959777832,38.18017323466556,42011.0,31.52374267578125,31.06134033203125,24.75115966796875,20.943267822265625,42.35000038146973
2021-11-28 16:07:18.995,26.3383846282959,92.9518051147461,170.71939849853516,84.54545593261719,87.30000305175781,61.23046875,99.93851470947266,33.6725959777832,38.18017323466556,42011.0,31.52374267578125,31.06134033203125,24.75115966796875,20.943267822265625,42.35000038146973
2021-11-28 16:07:20.991,26.235929489135746,93.13253021240234,169.82421875,84.6212158203125,86.69999694824219,61.23046875,99.93851470947266,33.65229034423828,40.6284883305442,42011.0,30.19097900390625,28.20542907714844,21.21527099609375,23.3367919921875,42.375
2021-11-28 16:07:20.000,26.24480056762696,93.01204681396484,170.81705474853516,84.6212158203125,87.19999694824219,61.23046875,99.93851470947266,33.66853332519531,39.4759372823829,42011.0,32.53009033203125,24.8055419921875,24.28875732421875,22.765625,42.375
2021-11-28 16:07:22.002,26.235929489135746,93.13253021240234,169.82421875,84.6212158203125,86.69999694824219,61.23046875,99.93851470947266,33.65229034423828,40.6284883305442,42011.0,30.19097900390625,28.20542907714844,21.21527099609375,23.3367919921875,42.375
2021-11-28 16:07:23.995,26.272686004638672,92.9518051147461,170.1822967529297,84.6212158203125,87.0999984741211,61.23046875,99.93851470947266,33.630226135253906,39.950858596645645,42011.0,28.34144592285156,28.722213745117188,24.560760498046875,21.35125732421875,42.35000038146973
2021-11-28 16:07:23.000,26.305816650390625,92.89157104492188,171.39485931396484,84.6212158203125,87.69999694824219,61.23046875,99.93851470947266,33.64084243774414,36.94851993470915,42011.0,28.99423217773437,27.987838745117188,24.39755249023437,26.49188232421875,42.35000038146973
2021-11-28 16:07:25.003,26.272686004638672,92.9518051147461,170.1822967529297,84.6212158203125,87.0999984741211,61.23046875,99.93851470947266,33.630226135253906,39.950858596645645,42011.0,28.34144592285156,28.722213745117188,24.560760498046875,21.35125732421875,42.35000038146973
2021-11-28 16:07:25.992,26.28143310546875,93.13253021240234,169.53125,84.6212158203125,86.5999984741211,61.23046875,99.93851470947266,33.61374282836914,39.95415210348472,42011.0,29.973388671875,25.594314575195312,22.493621826171875,20.83447265625,42.35000038146973
2021-11-28 16:07:26.990,26.355127334594727,93.01204681396484,171.0042266845703,84.54545593261719,86.79999542236328,61.23046875,99.93851470947266,33.589839935302734,38.45381506602014,42011.0,28.28704833984375,23.309600830078125,26.35589599609375,27.770248413085938,42.35000038146973
2021-11-28 16:07:27.994,26.355127334594727,93.01204681396484,171.0042266845703,84.54545593261719,86.79999542236328,61.23046875,99.93851470947266,33.589839935302734,38.45381506602014,42011.0,28.28704833984375,23.309600830078125,26.35589599609375,27.770248413085938,42.35000038146973
2021-11-28 16:07:28.993,26.510231018066406,92.9518051147461,170.6461639404297,84.6212158203125,86.19999694824219,61.23046875,99.93851470947266,33.576541900634766,41.849497474493845,42011.0,28.967025756835938,25.839111328125,26.49188232421875,25.567123413085938,42.35000038146973
2021-11-28 16:07:29.995,26.524871826171875,92.9518051147461,170.1253204345703,84.6212158203125,88.20000457763672,61.23046875,99.93851470947266,33.566436767578125,37.29003876700335,42011.0,31.1429443359375,26.05670166015625,25.15913391113281,24.343170166015625,42.375
2021-11-28 16:07:30.994,26.524871826171875,92.9518051147461,170.1253204345703,84.6212158203125,88.20000457763672,61.23046875,99.93851470947266,33.566436767578125,37.29003876700335,42011.0,31.1429443359375,26.05670166015625,25.15913391113281,24.343170166015625,42.375
2021-11-28 16:07:31.995,26.494626998901367,93.01204681396484,170.3369140625,84.6212158203125,87.0999984741211,61.23046875,99.93851470947266,33.54526138305664,39.55010415155626,42011.0,33.56365966796875,24.45196533203125,22.412017822265625,20.236114501953125,42.375
2021-11-28 16:07:32.991,26.4336051940918,92.89157104492188,169.2301483154297,84.6212158203125,86.4000015258789,61.23046875,99.93851470947266,33.50999450683594,38.96343556472548,42011.0,30.979751586914062,23.826385498046875,22.112838745117188,18.1961669921875,42.375
2021-11-28 16:07:33.991,26.4336051940918,92.89157104492188,169.2301483154297,84.6212158203125,86.4000015258789,61.23046875,99.93851470947266,33.50999450683594,38.96343556472548,42011.0,30.979751586914062,23.826385498046875,22.112838745117188,18.1961669921875,42.375
2021-11-28 16:07:35.002,26.46288681030273,92.9518051147461,169.76725006103516,84.6212158203125,87.80000305175781,61.23046875,99.93851470947266,33.49947738647461,36.96186872097756,42011.0,30.84375,24.53355407714844,23.52719116210937,22.33042907714844,42.375
2021-11-28 16:07:36.003,26.393983840942383,93.0722885131836,170.1822967529297,84.6212158203125,86.4000015258789,61.23046875,99.93851470947266,33.47343063354492,38.33303856634704,42011.0,35.304412841796875,26.60067749023437,18.0601806640625,23.55438232421875,42.35000038146973
2021-11-28 16:07:36.994,26.393983840942383,93.0722885131836,170.1822967529297,84.6212158203125,86.4000015258789,61.23046875,99.93851470947266,33.47343063354492,38.33303856634704,42011.0,35.304412841796875,26.60067749023437,18.0601806640625,23.55438232421875,42.35000038146973
2021-11-28 16:07:37.994,26.327423095703125,93.0722885131836,170.26367950439453,84.6212158203125,87.4000015258789,61.23046875,99.93851470947266,33.44049835205078,38.29543585407159,42011.0,31.1429443359375,26.546295166015625,22.54803466796875,24.28875732421875,42.375
2021-11-28 16:07:38.991,26.290752410888672,93.01204681396484,169.43359375,84.6212158203125,87.0999984741211,61.23046875,99.93851470947266,33.43283462524414,39.6195143531676,42011.0,31.60533142089844,28.09663391113281,22.19442749023437,24.39755249023437,42.375
2021-11-28 16:07:39.994,26.290752410888672,93.01204681396484,169.43359375,84.6212158203125,87.0999984741211,61.23046875,99.93851470947266,33.43283462524414,39.6195143531676,42011.0,31.60533142089844,28.09663391113281,22.19442749023437,24.39755249023437,42.375
2021-11-28 16:07:40.990,26.34555053710937,92.9518051147461,171.1669921875,84.6212158203125,86.4000015258789,61.23046875,99.93851470947266,33.40032196044922,37.874722718063786,42011.0,33.48207092285156,30.789337158203125,26.165496826171875,22.03125,42.375
2021-11-28 16:07:41.993,26.37422180175781,93.01204681396484,171.2158203125,84.6212158203125,87.5999984741211,61.23046875,99.93851470947266,33.375545501708984,36.85415841028522,42011.0,32.96528625488281,27.634246826171875,24.370361328125,26.95428466796875,42.375
2021-11-28 16:07:42.994,26.37422180175781,93.01204681396484,171.2158203125,84.6212158203125,87.5999984741211,61.23046875,99.93851470947266,33.375545501708984,36.85415841028522,42011.0,32.96528625488281,27.634246826171875,24.370361328125,26.95428466796875,42.375
2021-11-28 16:07:43.994,26.35559844970703,93.0722885131836,171.2646484375,84.6212158203125,87.0999984741211,61.23046875,99.93851470947266,33.366737365722656,37.8548226202431,42011.0,30.73495483398437,27.8790283203125,25.32232666015625,25.26792907714844,42.375
2021-11-28 16:07:45.001,26.336997985839844,93.01204681396484,170.74381256103516,84.6212158203125,86.9000015258789,61.23046875,99.93851470947266,33.33925247192383,39.23687885695514,42011.0,29.239013671875,30.32696533203125,26.301498413085938,24.615142822265625,42.375
2021-11-28 16:07:46.004,26.336997985839844,93.01204681396484,170.74381256103516,84.6212158203125,86.9000015258789,61.23046875,99.93851470947266,33.33925247192383,39.23687885695514,42011.0,29.239013671875,30.32696533203125,26.301498413085938,24.615142822265625,42.375
2021-11-28 16:07:47.003,26.39090156555176,92.9518051147461,169.75098419189453,84.6212158203125,86.79999542236328,61.23046875,99.93851470947266,33.313087463378906,39.94429734889042,42011.0,31.686920166015625,32.53009033203125,26.4375,20.18170166015625,42.375
2021-11-28 16:07:47.990,26.47010040283203,93.01204681396484,170.21484375,84.6212158203125,86.0,61.23046875,99.93851470947266,33.29910659790039,41.25217690559042,42011.0,32.285308837890625,26.65509033203125,23.47279357910156,21.405670166015625,42.375
2021-11-28 16:07:48.993,26.47010040283203,93.01204681396484,170.21484375,84.6212158203125,86.0,61.23046875,99.93851470947266,33.29910659790039,41.25217690559042,42011.0,32.285308837890625,26.65509033203125,23.47279357910156,21.405670166015625,42.375
2021-11-28 16:07:50.993,26.415998458862305,93.01204681396484,171.19954681396484,84.6212158203125,87.5,61.23046875,99.93851470947266,33.24812316894531,37.42199924893089,42011.0,27.93345642089844,26.546295166015625,26.21990966796875,23.173614501953125,42.375
2021-11-28 16:07:50.000,26.44798851013184,93.01204681396484,169.97884368896484,84.6212158203125,87.19999694824219,61.23046875,99.93851470947266,33.270896911621094,38.72130853634799,42011.0,30.653366088867188,26.4375,24.15277099609375,23.2008056640625,42.375
2021-11-28 16:07:51.991,26.415998458862305,93.01204681396484,171.19954681396484,84.6212158203125,87.5,61.23046875,99.93851470947266,33.24812316894531,37.42199924893089,42011.0,27.93345642089844,26.546295166015625,26.21990966796875,23.173614501953125,42.375
2021-11-28 16:07:52.991,26.44363784790039,93.01204681396484,170.55664825439453,84.6212158203125,86.29999542236328,61.23046875,99.93851470947266,33.22114944458008,40.731708597799695,42011.0,30.02778625488281,27.579849243164062,23.41839599609375,19.420135498046875,42.375
2021-11-28 16:07:54.000,26.50284767150879,93.0722885131836,169.95442962646484,84.6212158203125,86.9000015258789,61.23046875,99.93851470947266,33.20021438598633,40.287388418600045,42011.0,31.8773193359375,23.826385498046875,25.811920166015625,23.2008056640625,42.375
2021-11-28 16:07:55.992,26.455028533935547,92.9518051147461,169.74283599853516,84.6212158203125,86.5,61.23046875,99.93851470947266,33.17678451538086,39.33911922765405,42011.0,28.314239501953125,21.922439575195312,25.24072265625,23.826385498046875,42.375
2021-11-28 16:07:55.000,26.50284767150879,93.0722885131836,169.95442962646484,84.6212158203125,86.9000015258789,61.23046875,99.93851470947266,33.20021438598633,40.287388418600045,42011.0,31.8773193359375,23.826385498046875,25.811920166015625,23.2008056640625,42.375
2021-11-28 16:07:57.001,26.437408447265625,93.01204681396484,169.27896881103516,84.54545593261719,86.4000015258789,61.23046875,99.93851470947266,33.15724182128906,39.727617190791655,42011.0,28.042251586914062,28.450225830078125,26.95428466796875,21.18807983398437,42.375
2021-11-28 16:07:57.991,26.423583984375,93.01204681396484,168.4814453125,84.6212158203125,86.5999984741211,61.23046875,99.93851470947266,33.141746520996094,38.802211242619954,42011.0,32.53009033203125,26.682281494140625,22.08563232421875,20.58969116210937,42.375
2021-11-28 16:07:59.003,26.423583984375,93.01204681396484,168.4814453125,84.6212158203125,86.5999984741211,61.23046875,99.93851470947266,33.141746520996094,38.802211242619954,42011.0,32.53009033203125,26.682281494140625,22.08563232421875,20.58969116210937,42.375
2021-11-28 16:08:00.002,26.46854782104492,93.01204681396484,168.19661712646484,84.6212158203125,86.79999542236328,61.23046875,99.93851470947266,33.12525177001953,37.83049795123521,42011.0,30.57177734375,27.552642822265625,22.24884033203125,23.826385498046875,42.375
2021-11-28 16:08:01.002,26.41020774841309,92.9518051147461,169.6044921875,84.6212158203125,87.19999694824219,61.23046875,99.93851470947266,33.090755462646484,38.632185117525616,42011.0,29.211822509765625,21.78643798828125,25.648712158203125,20.671295166015625,42.375
2021-11-28 16:08:01.994,26.41020774841309,92.9518051147461,169.6044921875,84.6212158203125,87.19999694824219,61.23046875,99.93851470947266,33.090755462646484,38.632185117525616,42011.0,29.211822509765625,21.78643798828125,25.648712158203125,20.671295166015625,42.375
2021-11-28 16:08:03.003,26.357175827026367,93.01204681396484,170.0113983154297,84.6212158203125,86.5999984741211,61.23046875,99.93851470947266,33.078250885009766,39.3138158434145,42011.0,32.55731201171875,25.947906494140625,24.914337158203125,18.168975830078125,42.375
2021-11-28 16:08:04.005,26.31987953186035,93.0722885131836,168.75814056396484,84.6212158203125,86.69999694824219,61.23046875,99.93851470947266,33.05882263183594,40.30402493710322,42011.0,32.53009033203125,26.954269409179688,24.8055419921875,20.34490966796875,42.375
2021-11-28 16:08:04.992,26.31987953186035,93.0722885131836,168.75814056396484,84.6212158203125,86.69999694824219,61.23046875,99.93851470947266,33.05882263183594,40.30402493710322,42011.0,32.53009033203125,26.954269409179688,24.8055419921875,20.34490966796875,42.375
2021-11-28 16:08:05.994,26.38727378845215,92.9518051147461,169.23828125,84.6212158203125,86.79999542236328,61.23046875,99.93851470947266,33.03522872924805,38.35283436785822,42011.0,30.109375,22.439224243164062,21.18807983398437,21.976837158203125,42.375
2021-11-28 16:08:06.995,26.36978530883789,92.9518051147461,170.13346099853516,84.6212158203125,87.5999984741211,61.23046875,99.93851470947266,33.02339172363281,38.12010593285007,42011.0,33.29168701171875,28.423019409179688,20.18170166015625,21.052078247070312,42.375
2021-11-28 16:08:08.004,26.36978530883789,92.9518051147461,170.13346099853516,84.6212158203125,87.5999984741211,61.23046875,99.93851470947266,33.02339172363281,38.12010593285007,42011.0,33.29168701171875,28.423019409179688,20.18170166015625,21.052078247070312,42.375
2021-11-28 16:08:08.994,26.346290588378903,93.01204681396484,168.75,84.6212158203125,86.5,61.23046875,99.93851470947266,32.991416931152344,40.11590725404191,42011.0,32.77490234375,25.349517822265625,22.24884033203125,21.56884765625,42.375
2021-11-28 16:08:10.004,26.334333419799805,93.0722885131836,169.189453125,84.6212158203125,86.79999542236328,61.23046875,99.93851470947266,32.96398162841797,38.56642641022252,42011.0,31.686920166015625,29.918975830078125,20.53529357910156,22.95600891113281,42.375
2021-11-28 16:08:10.991,26.334333419799805,93.0722885131836,169.189453125,84.6212158203125,86.79999542236328,61.23046875,99.93851470947266,32.96398162841797,38.56642641022252,42011.0,31.686920166015625,29.918975830078125,20.53529357910156,22.95600891113281,42.375
2021-11-28 16:08:11.994,26.407379150390625,93.01204681396484,169.2626953125,84.6212158203125,86.5,61.23046875,99.93851470947266,32.95184326171875,37.83975872425943,42011.0,34.053253173828125,27.22625732421875,20.9976806640625,24.479156494140625,42.375
2021-11-28 16:08:13.001,26.383975982666016,92.89157104492188,168.6686248779297,84.6212158203125,86.9000015258789,61.23046875,99.93851470947266,32.922515869140625,38.78024871605912,42011.0,33.12847900390625,24.39755249023437,20.04571533203125,25.104736328125,42.375
2021-11-28 16:08:13.991,26.383975982666016,92.89157104492188,168.6686248779297,84.6212158203125,86.9000015258789,61.23046875,99.93851470947266,32.922515869140625,38.78024871605912,42011.0,33.12847900390625,24.39755249023437,20.04571533203125,25.104736328125,42.375
2021-11-28 16:08:14.994,26.355749130249023,93.0722885131836,170.1334686279297,84.6212158203125,86.79999542236328,61.23046875,99.93851470947266,32.90697479248047,38.431639506808615,42011.0,29.701400756835938,28.4774169921875,22.73841857910156,23.309600830078125,42.375
2021-11-28 16:08:15.990,26.34855079650879,93.0722885131836,169.8649139404297,84.6212158203125,86.79999542236328,61.23046875,99.93851470947266,32.887882232666016,38.44941140037566,42011.0,30.59896850585937,28.3414306640625,19.583328247070312,21.405670166015625,42.375
2021-11-28 16:08:16.990,26.34855079650879,93.0722885131836,169.8649139404297,84.6212158203125,86.79999542236328,61.23046875,99.93851470947266,32.887882232666016,38.44941140037566,42011.0,30.59896850585937,28.3414306640625,19.583328247070312,21.405670166015625,42.375
2021-11-28 16:08:18.003,26.439760208129883,92.9518051147461,169.6533203125,84.6212158203125,87.19999694824219,61.23046875,99.93851470947266,32.868980407714844,37.234616036922105,42011.0,31.414947509765625,23.79917907714844,25.48553466796875,21.46005249023437,42.375
2021-11-28 16:08:18.990,26.47383499145508,92.9518051147461,170.32877349853516,84.54545593261719,87.19999694824219,61.23046875,99.93851470947266,32.83818054199219,38.767155617822986,42011.0,32.53009033203125,22.548019409179688,25.213531494140625,23.989578247070312,42.375
2021-11-28 16:08:19.995,26.47383499145508,92.9518051147461,170.32877349853516,84.54545593261719,87.19999694824219,61.23046875,99.93851470947266,32.83818054199219,38.767155617822986,42011.0,32.53009033203125,22.548019409179688,25.213531494140625,23.989578247070312,42.375
2021-11-28 16:08:21.002,26.46114921569824,93.01204681396484,168.65234375,84.6212158203125,86.69999694824219,61.23046875,99.93851470947266,32.811256408691406,38.14895097137566,42011.0,29.32061767578125,24.615142822265625,21.07928466796875,20.807281494140625,42.375
2021-11-28 16:08:21.995,26.45075035095215,93.01204681396484,168.56282806396484,84.6212158203125,87.19999694824219,61.23046875,99.93851470947266,32.800968170166016,38.37045731298184,42011.0,28.912628173828125,23.52719116210937,23.69038391113281,24.53355407714844,42.375
2021-11-28 16:08:22.994,26.45075035095215,93.01204681396484,168.56282806396484,84.6212158203125,87.19999694824219,61.23046875,99.93851470947266,32.800968170166016,38.37045731298184,42011.0,28.912628173828125,23.52719116210937,23.69038391113281,24.53355407714844,42.375
2021-11-28 16:08:23.991,26.4971981048584,92.9518051147461,167.8955078125,84.6212158203125,86.0,61.23046875,99.93851470947266,32.7614631652832,38.60343562050056,42011.0,30.76216125488281,22.874420166015625,24.99594116210937,19.5289306640625,42.375
2021-11-28 16:08:24.992,26.50366401672364,92.9518051147461,168.61165618896484,84.6212158203125,86.29999542236328,61.23046875,99.93851470947266,32.72001647949219,38.958353366720985,42011.0,31.93173217773437,23.52719116210937,21.623260498046875,20.12730407714844,42.39999961853027
2021-11-28 16:08:26.003,26.50366401672364,92.9518051147461,168.61165618896484,84.6212158203125,86.29999542236328,61.23046875,99.93851470947266,32.72001647949219,38.958353366720985,42011.0,31.93173217773437,23.52719116210937,21.623260498046875,20.12730407714844,42.39999961853027
2021-11-28 16:08:27.003,26.432842254638672,93.01204681396484,167.1142578125,84.6212158203125,86.69999694824219,61.23046875,99.93851470947266,32.69950485229492,39.6271920424995,42011.0,32.09490966796875,25.62152099609375,23.092010498046875,20.58969116210937,42.375
2021-11-28 16:08:27.992,26.37489891052246,93.01204681396484,168.8069610595703,84.54545593261719,86.4000015258789,61.23046875,99.93851470947266,32.67036437988281,40.818684176784814,42011.0,29.75579833984375,28.450225830078125,25.839111328125,23.744781494140625,42.39999961853027
2021-11-28 16:08:28.992,26.37489891052246,93.01204681396484,168.8069610595703,84.54545593261719,86.4000015258789,61.23046875,99.93851470947266,32.67036437988281,40.818684176784814,42011.0,29.75579833984375,28.450225830078125,25.839111328125,23.744781494140625,42.39999961853027
2021-11-28 16:08:29.992,26.35531616210937,92.89157104492188,168.9697265625,84.54545593261719,87.4000015258789,61.23046875,99.93851470947266,32.6328239440918,38.82856083352343,42011.0,31.33334350585937,27.19906616210937,20.34490966796875,24.370361328125,42.375
2021-11-28 16:08:31.004,26.346969604492188,93.01204681396484,169.91373443603516,84.6212158203125,87.69999694824219,61.23046875,99.93851470947266,32.61595153808594,38.092617313623,42011.0,29.565399169921875,28.967010498046875,26.111114501953125,21.759246826171875,42.39999961853027
2021-11-28 16:08:31.990,26.346969604492188,93.01204681396484,169.91373443603516,84.6212158203125,87.69999694824219,61.23046875,99.93851470947266,32.61595153808594,38.092617313623,42011.0,29.565399169921875,28.967010498046875,26.111114501953125,21.759246826171875,42.39999961853027
2021-11-28 16:08:32.995,26.285964965820312,93.01204681396484,168.2861328125,84.6212158203125,86.29999542236328,61.23046875,99.93851470947266,32.587764739990234,40.76808072552196,42011.0,28.504638671875,29.837371826171875,28.17822265625,19.936920166015625,42.39999961853027
2021-11-28 16:08:34.004,26.24116325378418,93.01204681396484,169.287109375,84.6212158203125,86.69999694824219,61.23046875,99.93851470947266,32.54790496826172,40.00988099442598,42011.0,30.898162841796875,28.287017822265625,26.1383056640625,18.359375,42.39999961853027
2021-11-28 16:08:35.005,26.24116325378418,93.01204681396484,169.287109375,84.6212158203125,86.69999694824219,61.23046875,99.93851470947266,32.54790496826172,40.00988099442598,42011.0,30.898162841796875,28.287017822265625,26.1383056640625,18.359375,42.39999961853027
2021-11-28 16:08:36.003,26.261320114135746,93.01204681396484,167.52115631103516,84.6212158203125,86.5999984741211,61.23046875,99.93851470947266,32.51666641235352,39.24752676309211,42011.0,31.414947509765625,27.44384765625,20.372100830078125,23.255203247070312,42.39999961853027
2021-11-28 16:08:37.004,26.355749130249023,92.9518051147461,168.3024139404297,84.6212158203125,86.5,61.23046875,99.93851470947266,32.477806091308594,39.53168297908171,42011.0,32.12211608886719,26.8726806640625,26.00230407714844,23.826385498046875,42.39999961853027
2021-11-28 16:08:38.004,26.355749130249023,92.9518051147461,168.3024139404297,84.6212158203125,86.5,61.23046875,99.93851470947266,32.477806091308594,39.53168297908171,42011.0,32.12211608886719,26.8726806640625,26.00230407714844,23.826385498046875,42.39999961853027
2021-11-28 16:08:39.003,26.385618209838867,92.9518051147461,168.6360626220703,84.6212158203125,86.5,61.23046875,99.93851470947266,32.45540237426758,38.18216303230749,42011.0,30.218170166015625,29.619781494140625,24.723953247070312,19.31134033203125,42.42499923706055
2021-11-28 16:08:39.991,26.38645362854004,92.9518051147461,168.9290313720703,84.6212158203125,86.79999542236328,61.23046875,99.93851470947266,32.42412185668945,37.10131175130209,42011.0,31.82293701171875,29.021392822265625,21.56884765625,20.18170166015625,42.39999961853027
2021-11-28 16:08:40.992,26.38645362854004,92.9518051147461,168.9290313720703,84.6212158203125,86.79999542236328,61.23046875,99.93851470947266,32.42412185668945,37.10131175130209,42011.0,31.82293701171875,29.021392822265625,21.56884765625,20.18170166015625,42.39999961853027
2021-11-28 16:08:41.993,26.393590927124023,93.01204681396484,167.97689056396484,84.54545593261719,87.5999984741211,61.23046875,99.93851470947266,32.39020538330078,37.23151274371302,42011.0,33.50927734375,23.3367919921875,22.765625,26.62788391113281,42.39999961853027
2021-11-28 16:08:42.990,26.516138076782227,93.01204681396484,167.80599212646484,84.6212158203125,87.69999694824219,61.23046875,99.93851470947266,32.37476348876953,37.39841231100957,42011.0,28.99423217773437,22.629608154296875,21.541656494140625,25.73031616210937,42.39999961853027
2021-11-28 16:08:43.990,26.516138076782227,93.01204681396484,167.80599212646484,84.6212158203125,87.69999694824219,61.23046875,99.93851470947266,32.37476348876953,37.39841231100957,42011.0,28.99423217773437,22.629608154296875,21.541656494140625,25.73031616210937,42.39999961853027
2021-11-28 16:08:44.994,26.52984619140625,92.9518051147461,168.8232421875,84.6212158203125,86.5999984741211,61.23046875,99.93851470947266,32.361724853515625,37.41053685021799,42011.0,30.109375,24.9415283203125,22.73841857910156,22.03125,42.39999961853027
2021-11-28 16:08:46.003,26.533679962158203,93.01204681396484,168.35936737060547,84.6212158203125,87.0,61.23046875,99.93851470947266,32.325801849365234,37.97145110194669,42011.0,34.352447509765625,29.048599243164062,23.55438232421875,25.050338745117188,42.42499923706055
2021-11-28 16:08:46.992,26.533679962158203,93.01204681396484,168.35936737060547,84.6212158203125,87.0,61.23046875,99.93851470947266,32.325801849365234,37.97145110194669,42011.0,34.352447509765625,29.048599243164062,23.55438232421875,25.050338745117188,42.42499923706055
2021-11-28 16:08:47.991,26.51395034790039,93.13253021240234,169.4091796875,84.6212158203125,87.5999984741211,61.23046875,99.93851470947266,32.287899017333984,36.58425419392321,42011.0,33.971649169921875,19.773712158203125,22.19442749023437,24.914337158203125,42.39999961853027
2021-11-28 16:08:48.994,26.48092460632324,93.01204681396484,167.67578125,84.6212158203125,88.30000305175781,61.23046875,99.93851470947266,32.2537727355957,36.9752167858682,42011.0,32.938079833984375,24.370361328125,24.26156616210937,27.82464599609375,42.42499923706055
2021-11-28 16:08:50.004,26.48092460632324,93.01204681396484,167.67578125,84.6212158203125,88.30000305175781,61.23046875,99.93851470947266,32.2537727355957,36.9752167858682,42011.0,32.938079833984375,24.370361328125,24.26156616210937,27.82464599609375,42.42499923706055
2021-11-28 16:08:51.003,26.3216495513916,92.9518051147461,166.9270782470703,84.6212158203125,86.9000015258789,61.23046875,99.93851470947266,32.23784255981445,39.24229976177752,42011.0,32.25811767578125,25.5399169921875,22.901611328125,25.62152099609375,42.39999961853027
2021-11-28 16:08:51.990,26.33136940002441,93.01204681396484,168.64420318603516,84.6212158203125,86.4000015258789,61.23046875,99.93851470947266,32.212398529052734,38.305734765129806,42011.0,32.4757080078125,29.782974243164062,19.31134033203125,24.343170166015625,42.42499923706055
2021-11-28 16:08:52.994,26.33136940002441,93.01204681396484,168.64420318603516,84.6212158203125,86.4000015258789,61.23046875,99.93851470947266,32.212398529052734,38.305734765129806,42011.0,32.4757080078125,29.782974243164062,19.31134033203125,24.343170166015625,42.42499923706055
2021-11-28 16:08:54.002,26.267316818237305,93.01204681396484,168.0826873779297,84.6212158203125,86.79999542236328,61.23046875,99.93851470947266,32.17786407470703,38.04587544009831,42011.0,32.09490966796875,28.722213745117188,16.890625,27.93344116210937,42.42499923706055
2021-11-28 16:08:54.995,26.24611473083496,92.89157104492188,168.0419921875,84.6212158203125,87.0999984741211,61.23046875,99.93851470947266,32.16419982910156,39.62410687442621,42011.0,34.352447509765625,26.981475830078125,25.4039306640625,25.295135498046875,42.42499923706055
2021-11-28 16:08:55.991,26.24611473083496,92.89157104492188,168.0419921875,84.6212158203125,87.0999984741211,61.23046875,99.93851470947266,32.16419982910156,39.62410687442621,42011.0,34.352447509765625,26.981475830078125,25.4039306640625,25.295135498046875,42.42499923706055
2021-11-28 16:08:57.003,26.183300018310547,92.9518051147461,168.7255859375,84.6212158203125,86.79999542236328,61.23046875,99.93851470947266,32.14088439941406,37.27226017094042,42011.0,29.83740234375,29.755767822265625,22.73841857910156,21.7320556640625,42.42499923706055
2021-11-28 16:08:57.993,26.1953125,93.01204681396484,169.60449981689453,84.6212158203125,87.0,61.23046875,99.93851470947266,32.10777282714844,37.17522889366799,42011.0,34.270843505859375,27.96063232421875,20.317703247070312,18.114578247070312,42.42499923706055
2021-11-28 16:08:59.004,26.1953125,93.01204681396484,169.60449981689453,84.6212158203125,87.0,61.23046875,99.93851470947266,32.10777282714844,37.17522889366799,42011.0,34.270843505859375,27.96063232421875,20.317703247070312,18.114578247070312,42.42499923706055
2021-11-28 16:08:59.992,26.24358558654785,93.0722885131836,168.5139923095703,84.6212158203125,86.29999542236328,61.23046875,99.93851470947266,32.09561920166016,38.071372333719765,42011.0,32.01332092285156,26.111099243164062,23.71759033203125,20.698486328125,42.42499923706055
2021-11-28 16:09:00.993,26.423282623291016,93.01204681396484,168.24544525146484,84.6212158203125,86.79999542236328,61.23046875,99.93851470947266,32.07131576538086,38.06890404600745,42011.0,32.04052734375,25.648712158203125,26.083892822265625,25.349517822265625,42.42499923706055
2021-11-28 16:09:01.995,26.423282623291016,93.01204681396484,168.24544525146484,84.6212158203125,86.79999542236328,61.23046875,99.93851470947266,32.07131576538086,38.06890404600745,42011.0,32.04052734375,25.648712158203125,26.083892822265625,25.349517822265625,42.42499923706055
2021-11-28 16:09:02.994,26.53069877624512,93.01204681396484,167.81412506103516,84.6212158203125,86.5999984741211,61.23046875,99.93851470947266,32.05267333984375,37.40704084271388,42011.0,27.307876586914062,27.66143798828125,23.608795166015625,21.160873413085938,42.42499923706055
2021-11-28 16:09:03.995,26.581796646118164,92.9518051147461,167.96060943603516,84.54545593261719,86.5999984741211,61.23046875,99.93851470947266,32.027400970458984,38.15826967383601,42011.0,29.32061767578125,26.247100830078125,28.66781616210937,22.847213745117188,42.42499923706055
2021-11-28 16:09:04.990,26.581796646118164,92.9518051147461,167.96060943603516,84.54545593261719,86.5999984741211,61.23046875,99.93851470947266,32.027400970458984,38.15826967383601,42011.0,29.32061767578125,26.247100830078125,28.66781616210937,22.847213745117188,42.42499923706055
2021-11-28 16:09:06.003,26.69981002807617,92.9518051147461,166.5283203125,84.6212158203125,86.5999984741211,61.23046875,99.93851470947266,31.99316024780273,37.81326995461622,42011.0,29.5382080078125,27.688644409179688,21.704864501953125,20.01850891113281,42.42499923706055
2021-11-28 16:09:07.002,26.809728622436523,93.01204681396484,168.35123443603516,84.6212158203125,87.0999984741211,61.23046875,99.93851470947266,31.975929260253903,37.00738196213309,42012.0,32.25811767578125,22.548019409179688,22.439239501953125,22.65682983398437,42.42499923706055
2021-11-28 16:09:08.003,26.809728622436523,93.01204681396484,168.35123443603516,84.6212158203125,87.0999984741211,61.23046875,99.93851470947266,31.975929260253903,37.00738196213309,42012.0,32.25811767578125,22.548019409179688,22.439239501953125,22.65682983398437,42.42499923706055
2021-11-28 16:09:09.990,26.6726016998291,92.9518051147461,168.3675079345703,84.54545593261719,85.9000015258789,61.23046875,99.93851470947266,31.91474151611328,40.0549796286861,42012.0,33.890045166015625,23.25518798828125,21.48725891113281,25.89350891113281,42.42499923706055
2021-11-28 16:09:09.000,26.7788143157959,93.0722885131836,169.04296875,84.6212158203125,85.9000015258789,61.23046875,99.93851470947266,31.943748474121094,39.398469110446,42012.0,35.005218505859375,24.50634765625,22.493621826171875,17.24420166015625,42.42499923706055
2021-11-28 16:09:10.994,26.6726016998291,92.9518051147461,168.3675079345703,84.54545593261719,85.9000015258789,61.23046875,99.93851470947266,31.91474151611328,40.0549796286861,42012.0,33.890045166015625,23.25518798828125,21.48725891113281,25.89350891113281,42.42499923706055
2021-11-28 16:09:11.992,26.606313705444336,92.89157104492188,168.505859375,84.6212158203125,86.0,61.23046875,99.93851470947266,31.894886016845703,39.97226125823164,42012.0,33.400482177734375,27.797439575195312,23.907989501953125,28.586212158203125,42.42499923706055
2021-11-28 16:09:13.004,26.55020523071289,93.01204681396484,167.00032806396484,84.6212158203125,86.69999694824219,61.23046875,99.93851470947266,31.861515045166016,38.41023353956486,42012.0,31.8773193359375,22.08563232421875,24.12557983398437,24.53355407714844,42.42499923706055
2021-11-28 16:09:14.001,26.55020523071289,93.01204681396484,167.00032806396484,84.6212158203125,86.69999694824219,61.23046875,99.93851470947266,31.861515045166016,38.41023353956486,42012.0,31.8773193359375,22.08563232421875,24.12557983398437,24.53355407714844,42.42499923706055
2021-11-28 16:09:15.003,26.43230438232422,93.0722885131836,167.88736724853516,84.6212158203125,86.4000015258789,61.23046875,99.93851470947266,31.818931579589844,40.25455032204899,42012.0,32.33970642089844,30.29975891113281,27.14466857910156,24.94154357910156,42.42499923706055
2021-11-28 16:09:15.993,26.23615074157715,93.01204681396484,167.74088287353516,84.6212158203125,87.0,61.23046875,99.93851470947266,31.80604553222656,38.94880438440487,42012.0,33.07408142089844,25.75750732421875,20.18170166015625,24.45196533203125,42.42499923706055
2021-11-28 16:09:16.990,26.23615074157715,93.01204681396484,167.74088287353516,84.6212158203125,87.0,61.23046875,99.93851470947266,31.80604553222656,38.94880438440487,42012.0,33.07408142089844,25.75750732421875,20.18170166015625,24.45196533203125,42.42499923706055
2021-11-28 16:09:18.001,26.10276222229004,93.01204681396484,168.212890625,84.54545593261719,85.9000015258789,61.23046875,99.93851470947266,31.77376174926757,40.812805942698645,42012.0,34.0804443359375,27.552642822265625,23.47279357910156,22.711212158203125,42.42499923706055
2021-11-28 16:09:18.994,26.064929962158203,93.01204681396484,168.00130462646484,84.54545593261719,86.9000015258789,61.23046875,99.93851470947266,31.733169555664062,38.35814125028448,42012.0,33.645263671875,29.56538391113281,25.077545166015625,23.363998413085938,42.42499923706055
2021-11-28 16:09:19.992,26.064929962158203,93.01204681396484,168.00130462646484,84.54545593261719,86.9000015258789,61.23046875,99.93851470947266,31.733169555664062,38.35814125028448,42012.0,33.645263671875,29.56538391113281,25.077545166015625,23.363998413085938,42.42499923706055
2021-11-28 16:09:20.992,26.090557098388672,93.01204681396484,168.12337493896484,84.6212158203125,85.79999542236328,61.23046875,99.93851470947266,31.7119255065918,41.031579141288894,42012.0,36.20196533203125,25.45831298828125,20.072906494140625,26.519088745117188,42.42499923706055
2021-11-28 16:09:21.990,26.07963180541992,92.9518051147461,167.46419525146484,84.6212158203125,85.9000015258789,61.23046875,99.93851470947266,31.683876037597656,39.76485233417279,42012.0,34.488433837890625,24.96875,21.541656494140625,20.04571533203125,42.42499923706055
2021-11-28 16:09:22.990,26.07963180541992,92.9518051147461,167.46419525146484,84.6212158203125,85.9000015258789,61.23046875,99.93851470947266,31.683876037597656,39.76485233417279,42012.0,34.488433837890625,24.96875,21.541656494140625,20.04571533203125,42.42499923706055
2021-11-28 16:09:24.002,26.12306785583496,93.01204681396484,168.6279296875,84.6212158203125,86.4000015258789,61.23046875,99.93851470947266,31.647602081298828,39.3377167994389,42012.0,32.01332092285156,24.28875732421875,19.909713745117188,23.2008056640625,42.42499923706055
2021-11-28 16:09:24.992,26.32062721252441,93.01204681396484,167.54557037353516,84.6212158203125,86.79999542236328,61.23046875,99.93851470947266,31.63344955444336,37.837006160111,42012.0,29.40220642089844,26.60067749023437,26.70947265625,20.10009765625,42.42499923706055
2021-11-28 16:09:26.994,26.469951629638672,93.0722885131836,166.75618743896484,84.6212158203125,86.0999984741211,61.23046875,99.93851470947266,31.596885681152344,40.27631789240401,42012.0,32.421295166015625,25.295135498046875,23.744781494140625,23.79917907714844,42.42499923706055
2021-11-28 16:09:26.000,26.32062721252441,93.01204681396484,167.54557037353516,84.6212158203125,86.79999542236328,61.23046875,99.93851470947266,31.63344955444336,37.837006160111,42012.0,29.40220642089844,26.60067749023437,26.70947265625,20.10009765625,42.42499923706055
2021-11-28 16:09:27.990,26.586544036865234,92.9518051147461,166.796875,84.6212158203125,86.19999694824219,61.23046875,99.93851470947266,31.569976806640625,39.43323519625431,42012.0,28.72222900390625,23.880767822265625,23.173614501953125,20.91607666015625,42.42499923706055
2021-11-28 16:09:29.002,26.62239456176757,92.9518051147461,167.65950775146484,84.6212158203125,86.0999984741211,61.23046875,99.93851470947266,31.5565185546875,38.06841506993724,42012.0,32.285308837890625,27.66143798828125,30.789337158203125,23.744781494140625,42.42499923706055
2021-11-28 16:09:29.993,26.62239456176757,92.9518051147461,167.65950775146484,84.6212158203125,86.0999984741211,61.23046875,99.93851470947266,31.5565185546875,38.06841506993724,42012.0,32.285308837890625,27.66143798828125,30.789337158203125,23.744781494140625,42.42499923706055
2021-11-28 16:09:30.993,26.626609802246094,92.9518051147461,168.54654693603516,84.6212158203125,87.4000015258789,61.23046875,99.93851470947266,31.52960968017578,38.43553615856491,42012.0,32.12211608886719,28.776611328125,28.06942749023437,16.836212158203125,42.42499923706055
2021-11-28 16:09:31.990,26.641599655151367,93.01204681396484,166.69107818603516,84.6212158203125,86.5999984741211,61.23046875,99.93851470947266,31.502700805664062,39.64016964360568,42012.0,32.4757080078125,25.26792907714844,24.642364501953125,26.546295166015625,42.42499923706055
2021-11-28 16:09:32.990,26.641599655151367,93.01204681396484,166.69107818603516,84.6212158203125,86.5999984741211,61.23046875,99.93851470947266,31.502700805664062,39.64016964360568,42012.0,32.4757080078125,25.26792907714844,24.642364501953125,26.546295166015625,42.42499923706055
2021-11-28 16:09:33.993,26.55416488647461,92.9518051147461,167.71646881103516,84.6212158203125,86.29999542236328,61.23046875,99.93851470947266,31.489242553710938,40.53298448573951,42012.0,31.93173217773437,28.4774169921875,21.65045166015625,24.914337158203125,42.42499923706055
2021-11-28 16:09:35.003,26.404170989990234,93.0722885131836,168.61166381835938,84.6212158203125,86.19999694824219,61.23046875,99.93851470947266,31.46969985961914,38.50366926020288,42012.0,30.2725830078125,30.29975891113281,21.18807983398437,21.7320556640625,42.42499923706055
2021-11-28 16:09:35.990,26.404170989990234,93.0722885131836,168.61166381835938,84.6212158203125,86.19999694824219,61.23046875,99.93851470947266,31.46969985961914,38.50366926020288,42012.0,30.2725830078125,30.29975891113281,21.18807983398437,21.7320556640625,42.42499923706055
2021-11-28 16:09:36.991,26.32301139831543,93.01204681396484,167.26888275146484,84.54545593261719,86.79999542236328,61.23046875,99.93851470947266,31.44297790527344,39.46918980795298,42012.0,28.232650756835938,26.4102783203125,22.140045166015625,25.811920166015625,42.42499923706055
2021-11-28 16:09:37.994,26.264049530029297,92.89157104492188,167.08984375,84.6212158203125,86.19999694824219,61.23046875,99.93851470947266,31.434467315673828,40.669441796564485,42012.0,31.79571533203125,30.5445556640625,27.171875,20.888885498046875,42.42499923706055
2021-11-28 16:09:38.990,26.264049530029297,92.89157104492188,167.08984375,84.6212158203125,86.19999694824219,61.23046875,99.93851470947266,31.434467315673828,40.669441796564485,42012.0,31.79571533203125,30.5445556640625,27.171875,20.888885498046875,42.42499923706055
2021-11-28 16:09:39.991,26.219850540161133,93.0722885131836,168.25357818603516,84.6212158203125,87.0999984741211,61.23046875,99.93851470947266,31.404541015625,38.41657720917805,42012.0,31.46932983398437,25.92071533203125,23.55438232421875,29.483795166015625,42.42499923706055
2021-11-28 16:09:41.001,26.169797897338867,93.0722885131836,168.77442169189453,84.6212158203125,86.5,61.23046875,99.93851470947266,31.383525848388672,41.62014257340707,42012.0,31.8773193359375,29.13018798828125,25.18634033203125,27.36225891113281,42.42499923706055
2021-11-28 16:09:41.991,26.169797897338867,93.0722885131836,168.77442169189453,84.6212158203125,86.5,61.23046875,99.93851470947266,31.383525848388672,41.62014257340707,42012.0,31.8773193359375,29.13018798828125,25.18634033203125,27.36225891113281,42.42499923706055
2021-11-28 16:09:43.001,26.177961349487305,92.89157104492188,167.07357025146484,84.6212158203125,86.69999694824219,61.23046875,99.93851470947266,31.373497009277344,40.65512371008054,42012.0,27.68865966796875,31.19732666015625,25.4039306640625,25.431121826171875,42.42499923706055
2021-11-28 16:09:43.995,26.28916549682617,92.9518051147461,167.22818756103516,84.6212158203125,86.19999694824219,61.23046875,99.93851470947266,31.3584213256836,39.787766230136725,42012.0,36.31077575683594,27.715850830078125,22.30322265625,26.49188232421875,42.42499923706055
2021-11-28 16:09:45.003,26.28916549682617,92.9518051147461,167.22818756103516,84.6212158203125,86.19999694824219,61.23046875,99.93851470947266,31.3584213256836,39.787766230136725,42012.0,36.31077575683594,27.715850830078125,22.30322265625,26.49188232421875,42.42499923706055
2021-11-28 16:09:45.992,26.47360038757324,93.01204681396484,168.05013275146484,84.6212158203125,86.5,61.23046875,99.93851470947266,31.351795196533203,38.94525919014199,42012.0,32.09490966796875,27.6070556640625,23.66317749023437,24.315963745117188,42.42499923706055
2021-11-28 16:09:47.001,26.461124420166016,93.13253021240234,166.748046875,84.6212158203125,86.5999984741211,61.23046875,99.93851470947266,31.341232299804688,39.222987980466,42012.0,30.435775756835938,24.96875,25.59432983398437,24.88714599609375,42.42499923706055
2021-11-28 16:09:47.990,26.461124420166016,93.13253021240234,166.748046875,84.6212158203125,86.5999984741211,61.23046875,99.93851470947266,31.341232299804688,39.222987980466,42012.0,30.435775756835938,24.96875,25.59432983398437,24.88714599609375,42.42499923706055
2021-11-28 16:09:49.000,26.480712890625,93.0722885131836,166.64225006103516,84.6212158203125,87.30000305175781,61.23046875,99.93851470947266,31.3323974609375,36.68874737818651,42012.0,29.347808837890625,27.1446533203125,24.96875,23.77197265625,42.42499923706055
2021-11-28 16:09:50.002,26.525957107543945,92.9518051147461,167.0084686279297,84.54545593261719,87.0,61.23046875,99.93851470947266,31.314388275146484,38.87409659471638,42012.0,31.60533142089844,27.90625,22.901611328125,22.05844116210937,42.42499923706055
2021-11-28 16:09:51.001,26.525957107543945,92.9518051147461,167.0084686279297,84.54545593261719,87.0,61.23046875,99.93851470947266,31.314388275146484,38.87409659471638,42012.0,31.60533142089844,27.90625,22.901611328125,22.05844116210937,42.42499923706055
2021-11-28 16:09:51.993,26.57813262939453,92.9518051147461,167.6350860595703,84.54545593261719,86.5999984741211,61.23046875,99.93851470947266,31.30746841430664,38.893813498432245,42012.0,35.63079833984375,27.770233154296875,21.623260498046875,23.55438232421875,42.42499923706055
2021-11-28 16:09:52.990,26.46536445617676,93.0722885131836,166.93521881103516,84.6212158203125,88.0,61.23046875,99.93851470947266,31.29219055175781,37.48198537087709,42012.0,34.0804443359375,26.8726806640625,24.39755249023437,20.236114501953125,42.42499923706055
2021-11-28 16:09:53.994,26.46536445617676,93.0722885131836,166.93521881103516,84.6212158203125,88.0,61.23046875,99.93851470947266,31.29219055175781,37.48198537087709,42012.0,34.0804443359375,26.8726806640625,24.39755249023437,20.236114501953125,42.42499923706055
2021-11-28 16:09:55.004,26.423452377319336,93.0722885131836,166.6096954345703,84.6212158203125,87.30000305175781,61.23046875,99.93851470947266,31.290992736816406,38.28614027402031,42012.0,31.578125,25.4039306640625,23.445587158203125,23.608795166015625,42.42499923706055
2021-11-28 16:09:56.002,26.403467178344727,92.89157104492188,166.04817962646484,84.6212158203125,87.80000305175781,61.23046875,99.93851470947266,31.28695297241211,36.78568962656345,42012.0,34.10765075683594,29.755767822265625,21.052078247070312,23.445587158203125,42.42499923706055
2021-11-28 16:09:56.994,26.403467178344727,92.89157104492188,166.04817962646484,84.6212158203125,87.80000305175781,61.23046875,99.93851470947266,31.28695297241211,36.78568962656345,42012.0,34.10765075683594,29.755767822265625,21.052078247070312,23.445587158203125,42.42499923706055
2021-11-28 16:09:57.993,26.44131851196289,93.01204681396484,167.41536712646484,84.6212158203125,87.4000015258789,61.23046875,99.93851470947266,31.27892303466797,36.40661375504892,42012.0,26.709503173828125,26.165496826171875,22.33042907714844,21.378463745117188,42.42499923706055
2021-11-28 16:09:58.994,26.36798858642578,93.13253021240234,166.39810943603516,84.6212158203125,86.4000015258789,61.23046875,99.93851470947266,31.27199935913086,38.59900682994296,42012.0,30.680572509765625,23.06480407714844,19.583328247070312,21.35125732421875,42.42499923706055
2021-11-28 16:09:59.994,26.36798858642578,93.13253021240234,166.39810943603516,84.6212158203125,86.4000015258789,61.23046875,99.93851470947266,31.27199935913086,38.59900682994296,42012.0,30.680572509765625,23.06480407714844,19.583328247070312,21.35125732421875,42.42499923706055
