time,feed_rate,classifier_speed,tension_pressure,mill_fan_speed,main_drive_speed,recirculation_damper_position,stack_damper_position,hotgas_generator_load,total_specific_energy,tonnage,roller_height_1,roller_height_2,roller_height_3,roller_height_4,roller_temperature
2021-11-27 13:40:00.004,15.619755744934082,85.0,161.1083984375,90.0,73.79999542236328,61.23046875,99.93128204345705,11.401530265808104,57.27772217982586,41576.0,32.09490966796875,26.029510498046875,19.31134033203125,26.763885498046875,42.02499961853027
2021-11-27 13:40:00.994,15.58117389678955,85.0,160.986328125,90.0,74.4000015258789,61.23046875,99.93128204345705,11.38652515411377,58.07593956314847,41576.0,27.55267333984375,27.851837158203125,21.976837158203125,25.13192749023437,42.02499961853027
2021-11-27 13:40:01.990,15.538041114807127,85.0,160.88053131103516,90.0,73.69999694824219,61.23046875,99.93128204345705,11.389886856079102,60.15200305754371,41576.0,29.6741943359375,29.483795166015625,25.13192749023437,24.778350830078125,42.02499961853027
2021-11-27 13:40:02.993,15.538041114807127,85.0,160.88053131103516,90.0,73.69999694824219,61.23046875,99.93128204345705,11.389886856079102,60.15200305754371,41576.0,29.6741943359375,29.483795166015625,25.13192749023437,24.778350830078125,42.02499961853027
2021-11-27 13:40:03.993,15.494128227233888,85.06024169921875,161.9384765625,90.0,74.0999984741211,61.23046875,99.93128204345705,11.389474868774414,58.600055727996654,41576.0,32.176513671875,25.13192749023437,26.4375,25.295135498046875,42.02499961853027
2021-11-27 13:40:04.994,15.468984603881836,85.0,161.00260162353516,90.0,73.69999694824219,61.23046875,99.93128204345705,11.376855850219728,57.3161084870502,41576.0,32.69329833984375,26.029510498046875,20.671295166015625,24.94154357910156,42.0
2021-11-27 13:40:05.990,15.468984603881836,85.0,161.00260162353516,90.0,73.69999694824219,61.23046875,99.93128204345705,11.376855850219728,57.3161084870502,41576.0,32.69329833984375,26.029510498046875,20.671295166015625,24.94154357910156,42.0
2021-11-27 13:40:06.991,15.44517421722412,84.93975830078125,160.9375,90.0,73.79999542236328,61.23046875,99.93128204345705,11.377073287963867,59.33913035639232,41576.0,29.40220642089844,27.36225891113281,21.92245483398437,27.87904357910156,42.02499961853027
2021-11-27 13:40:07.992,15.40723991394043,85.0,160.48990631103516,90.0,73.5999984741211,61.23046875,99.93128204345705,11.375021934509276,59.43492504361629,41576.0,26.029525756835938,25.811920166015625,23.28240966796875,25.458328247070312,42.0
2021-11-27 13:40:08.994,15.40723991394043,85.0,160.48990631103516,90.0,73.5999984741211,61.23046875,99.93128204345705,11.375021934509276,59.43492504361629,41576.0,26.029525756835938,25.811920166015625,23.28240966796875,25.458328247070312,42.0
2021-11-27 13:40:09.994,15.36048984527588,85.0,161.3932342529297,90.0,74.5,61.23046875,99.93128204345705,11.358262062072754,57.2764554695172,41576.0,30.653366088867188,29.456588745117188,24.15277099609375,20.644088745117188,42.0
2021-11-27 13:40:10.990,15.378119468688965,84.93975830078125,160.84798431396484,90.0,73.5999984741211,61.23046875,99.93128204345705,11.35336208343506,59.48376381779815,41576.0,32.25811767578125,25.077545166015625,24.723953247070312,27.33505249023437,42.0
2021-11-27 13:40:11.992,15.378119468688965,84.93975830078125,160.84798431396484,90.0,73.5999984741211,61.23046875,99.93128204345705,11.35336208343506,59.48376381779815,41576.0,32.25811767578125,25.077545166015625,24.723953247070312,27.33505249023437,42.0
2021-11-27 13:40:12.990,15.399300575256348,85.0,160.63639068603516,90.0,74.0,61.23046875,99.93128204345705,11.34465503692627,58.72814557595472,41576.0,30.898162841796875,26.546295166015625,24.696746826171875,27.416656494140625,41.97500038146973
2021-11-27 13:40:14.004,15.425178527832031,85.06024169921875,160.2620391845703,90.0,73.69999694824219,61.23046875,99.93128204345705,11.34223175048828,58.43689438517684,41576.0,31.33334350585937,24.479156494140625,22.95600891113281,24.94154357910156,41.97500038146973
2021-11-27 13:40:14.990,15.425178527832031,85.06024169921875,160.2620391845703,90.0,73.69999694824219,61.23046875,99.93128204345705,11.34223175048828,58.43689438517684,41576.0,31.33334350585937,24.479156494140625,22.95600891113281,24.94154357910156,41.97500038146973
2021-11-27 13:40:15.994,15.47233772277832,84.93975830078125,160.27831268310547,90.0,73.5999984741211,61.23046875,99.93128204345705,11.34780979156494,57.58161694810909,41576.0,30.299774169921875,26.00230407714844,24.179962158203125,24.58795166015625,42.0
2021-11-27 13:40:17.005,15.527575492858888,84.93975830078125,160.693359375,90.0,74.0999984741211,61.23046875,99.93128204345705,11.335033416748049,57.32677105411224,41576.0,29.048614501953125,26.65509033203125,26.546295166015625,24.0711669921875,42.0
2021-11-27 13:40:17.995,15.527575492858888,84.93975830078125,160.693359375,90.0,74.0999984741211,61.23046875,99.93128204345705,11.335033416748049,57.32677105411224,41576.0,29.048614501953125,26.65509033203125,26.546295166015625,24.0711669921875,42.0
2021-11-27 13:40:18.990,15.5587797164917,85.0,160.73404693603516,90.0,73.5,61.23046875,99.93128204345705,11.332439422607422,59.55825099329967,41576.0,34.84202575683594,28.151031494140625,20.970489501953125,26.2742919921875,41.97500038146973
2021-11-27 13:40:19.994,15.579068183898926,85.06024169921875,160.84798431396484,90.0,74.5,61.23046875,99.93128204345705,11.323965072631836,58.32319066356992,41576.0,33.618072509765625,22.95600891113281,25.4039306640625,28.69500732421875,42.0
2021-11-27 13:40:21.992,15.624841690063477,84.93975830078125,159.6272735595703,90.0,73.29999542236328,61.23046875,99.93128204345705,11.319071769714355,58.59645867994024,41576.0,30.54457092285156,28.586212158203125,23.255203247070312,25.567123413085938,42.0
2021-11-27 13:40:21.000,15.579068183898926,85.06024169921875,160.84798431396484,90.0,74.5,61.23046875,99.93128204345705,11.323965072631836,58.32319066356992,41576.0,33.618072509765625,22.95600891113281,25.4039306640625,28.69500732421875,42.0
2021-11-27 13:40:22.993,15.68521785736084,85.0,160.1399688720703,90.0,74.19999694824219,61.23046875,99.93128204345705,11.311245918273926,57.64342791936569,41576.0,30.299774169921875,27.307861328125,20.04571533203125,27.171875,41.97500038146973
2021-11-27 13:40:24.000,15.68521785736084,85.0,160.1399688720703,90.0,74.19999694824219,61.23046875,99.93128204345705,11.311245918273926,57.64342791936569,41576.0,30.299774169921875,27.307861328125,20.04571533203125,27.171875,41.97500038146973
2021-11-27 13:40:25.994,15.77322483062744,85.0,161.14908599853516,90.0,73.5,61.23046875,99.93128204345705,11.29611873626709,59.32528972440095,41576.0,32.04052734375,27.171875,25.02313232421875,24.45196533203125,41.97500038146973
2021-11-27 13:40:25.000,15.735363006591797,85.0,160.9049530029297,90.0,74.4000015258789,61.23046875,99.93128204345705,11.288399696350098,57.584302379845866,41576.0,25.376739501953125,24.615142822265625,25.648712158203125,24.58795166015625,41.97500038146973
2021-11-27 13:40:26.990,15.77322483062744,85.0,161.14908599853516,90.0,73.5,61.23046875,99.93128204345705,11.29611873626709,59.32528972440095,41576.0,32.04052734375,27.171875,25.02313232421875,24.45196533203125,41.97500038146973
2021-11-27 13:40:27.992,15.78817081451416,85.06024169921875,160.3108673095703,90.0,74.29999542236328,61.23046875,99.93128204345705,11.295058250427246,58.41810132553135,41576.0,31.115753173828125,23.826385498046875,22.847213745117188,30.707748413085938,41.97500038146973
2021-11-27 13:40:28.991,15.764290809631348,85.0,160.68521881103516,90.0,73.69999694824219,61.23046875,99.93128204345705,11.292170524597168,58.9811007911225,41576.0,26.92709350585937,29.238983154296875,22.412017822265625,23.907989501953125,41.97500038146973
2021-11-27 13:40:30.005,15.764290809631348,85.0,160.68521881103516,90.0,73.69999694824219,61.23046875,99.93128204345705,11.292170524597168,58.9811007911225,41576.0,26.92709350585937,29.238983154296875,22.412017822265625,23.907989501953125,41.97500038146973
2021-11-27 13:40:30.994,15.710211753845217,84.93975830078125,159.91211700439453,90.0,73.69999694824219,61.23046875,99.93128204345705,11.289308547973633,56.37143772387293,41576.0,31.550933837890625,25.92071533203125,22.82000732421875,25.02313232421875,41.97500038146973
2021-11-27 13:40:31.990,15.675146102905272,85.0,160.46549224853516,90.0,74.19999694824219,61.23046875,99.93128204345705,11.288846969604492,55.58482256225778,41576.0,29.10302734375,25.86630249023437,26.165496826171875,24.20716857910156,41.97500038146973
2021-11-27 13:40:32.992,15.675146102905272,85.0,160.46549224853516,90.0,74.19999694824219,61.23046875,99.93128204345705,11.288846969604492,55.58482256225778,41576.0,29.10302734375,25.86630249023437,26.165496826171875,24.20716857910156,41.97500038146973
2021-11-27 13:40:33.994,15.659082412719728,85.06024169921875,161.8408203125,90.0,74.4000015258789,61.23046875,99.93128204345705,11.27743911743164,56.73829095202371,41576.0,34.29803466796875,29.510986328125,25.15913391113281,26.899871826171875,41.97500038146973
2021-11-27 13:40:34.991,15.625961303710938,85.0,160.54686737060547,90.0,73.79999542236328,61.23046875,99.93128204345705,11.27839469909668,59.75910991315964,41576.0,29.81019592285156,27.498260498046875,21.052078247070312,27.0086669921875,41.97500038146973
2021-11-27 13:40:35.990,15.625961303710938,85.0,160.54686737060547,90.0,73.79999542236328,61.23046875,99.93128204345705,11.27839469909668,59.75910991315964,41576.0,29.81019592285156,27.498260498046875,21.052078247070312,27.0086669921875,41.97500038146973
2021-11-27 13:40:37.992,15.58798599243164,85.0,159.34244537353516,90.0,73.19999694824219,61.23046875,99.93128204345705,11.273724555969238,57.90098957564759,41576.0,29.26620483398437,28.368621826171875,20.45370483398437,22.629623413085938,41.97500038146973
2021-11-27 13:40:37.000,15.591632843017578,85.0,160.5224609375,90.0,73.79999542236328,61.23046875,99.93128204345705,11.26933765411377,59.22930865791768,41576.0,32.176513671875,22.4664306640625,25.050338745117188,24.615142822265625,41.97500038146973
2021-11-27 13:40:38.993,15.58798599243164,85.0,159.34244537353516,90.0,73.19999694824219,61.23046875,99.93128204345705,11.273724555969238,57.90098957564759,41576.0,29.26620483398437,28.368621826171875,20.45370483398437,22.629623413085938,41.97500038146973
2021-11-27 13:40:40.003,15.584324836730955,85.0,160.31900787353516,90.0,74.19999694824219,61.23046875,99.93128204345705,11.277785301208496,58.1327238038916,41576.0,28.831024169921875,26.79107666015625,24.696746826171875,28.749420166015625,41.97500038146973
2021-11-27 13:40:41.004,15.542642593383787,85.06024169921875,161.50716400146484,90.0,74.29999542236328,61.23046875,99.93128204345705,11.273467063903809,57.67018185820992,41576.0,32.74769592285156,25.97509765625,26.79107666015625,26.73667907714844,41.97500038146973
2021-11-27 13:40:41.994,15.542642593383787,85.06024169921875,161.50716400146484,90.0,74.29999542236328,61.23046875,99.93128204345705,11.273467063903809,57.67018185820992,41576.0,32.74769592285156,25.97509765625,26.79107666015625,26.73667907714844,41.97500038146973
2021-11-27 13:40:43.003,15.514030456542969,85.0,160.83170318603516,90.0,74.29999542236328,61.23046875,99.93128204345705,11.281704902648926,59.20078671522114,41576.0,33.91725158691406,24.58795166015625,21.35125732421875,26.165496826171875,41.97500038146973
2021-11-27 13:40:44.004,15.502691268920898,85.0,160.0178985595703,90.0,73.9000015258789,61.23046875,99.93128204345705,11.28082275390625,59.13454759085247,41576.0,27.443878173828125,25.811920166015625,22.357635498046875,26.60067749023437,41.97500038146973
2021-11-27 13:40:45.001,15.502691268920898,85.0,160.0178985595703,90.0,73.9000015258789,61.23046875,99.93128204345705,11.28082275390625,59.13454759085247,41576.0,27.443878173828125,25.811920166015625,22.357635498046875,26.60067749023437,41.97500038146973
2021-11-27 13:40:46.003,15.491848945617676,85.0,160.3515625,90.0,74.0999984741211,61.23046875,99.93128204345705,11.275334358215332,56.91553516258945,41576.0,30.109375,28.93980407714844,21.242462158203125,24.043975830078125,41.97500038146973
2021-11-27 13:40:46.993,15.503317832946776,85.0,161.14095306396484,90.0,74.9000015258789,61.23046875,99.93128204345705,11.281620979309082,55.55352114400188,41576.0,34.02606201171875,25.62152099609375,23.635986328125,25.89350891113281,41.97500038146973
2021-11-27 13:40:47.995,15.503317832946776,85.0,161.14095306396484,90.0,74.9000015258789,61.23046875,99.93128204345705,11.281620979309082,55.55352114400188,41576.0,34.02606201171875,25.62152099609375,23.635986328125,25.89350891113281,41.97500038146973
2021-11-27 13:40:49.002,15.540390968322754,85.0,161.5803985595703,90.0,73.5999984741211,61.23046875,99.93128204345705,11.285429000854492,58.48023866541485,41576.0,30.245376586914062,26.763885498046875,24.96875,25.349517822265625,41.97500038146973
2021-11-27 13:40:50.003,15.560834884643556,85.0,159.8958282470703,90.0,73.9000015258789,61.23046875,99.93128204345705,11.281171798706056,59.95956613333637,41576.0,30.76216125488281,26.083892822265625,23.79917907714844,25.02313232421875,41.97500038146973
2021-11-27 13:40:50.994,15.560834884643556,85.0,159.8958282470703,90.0,73.9000015258789,61.23046875,99.93128204345705,11.281171798706056,59.95956613333637,41576.0,30.76216125488281,26.083892822265625,23.79917907714844,25.02313232421875,41.97500038146973
2021-11-27 13:40:51.993,15.547006607055664,85.0,160.12369537353516,90.0,73.79999542236328,61.23046875,99.93128204345705,11.292181968688965,57.89637336465504,41576.0,29.13021850585937,27.307861328125,25.104736328125,24.0711669921875,41.97500038146973
2021-11-27 13:40:53.001,15.548210144042969,85.0,159.7574920654297,90.0,74.0999984741211,61.23046875,99.93128204345705,11.291826248168944,54.96139118764828,41576.0,32.285308837890625,23.69038391113281,23.146392822265625,23.06480407714844,41.97500038146973
2021-11-27 13:40:53.994,15.548210144042969,85.0,159.7574920654297,90.0,74.0999984741211,61.23046875,99.93128204345705,11.291826248168944,54.96139118764828,41576.0,32.285308837890625,23.69038391113281,23.146392822265625,23.06480407714844,41.97500038146973
2021-11-27 13:40:55.002,15.591020584106444,85.06024169921875,161.35254669189453,90.0,74.19999694824219,61.23046875,99.93128204345705,11.288142204284668,54.29478314963511,41576.0,32.12211608886719,28.91259765625,24.85995483398437,25.32232666015625,41.97500038146973
2021-11-27 13:40:55.992,15.66858959197998,85.0,160.78287506103516,90.0,74.0999984741211,61.23046875,99.93128204345705,11.293023109436035,59.13800398266384,41576.0,31.578125,26.899871826171875,23.39120483398437,28.722213745117188,41.97500038146973
2021-11-27 13:40:56.991,15.66858959197998,85.0,160.78287506103516,90.0,74.0999984741211,61.23046875,99.93128204345705,11.293023109436035,59.13800398266384,41576.0,31.578125,26.899871826171875,23.39120483398437,28.722213745117188,41.97500038146973
2021-11-27 13:40:57.993,15.689770698547363,84.93975830078125,159.66796875,90.0,73.5999984741211,61.23046875,99.93128204345705,11.285898208618164,60.91014110999952,41576.0,32.85649108886719,22.7384033203125,24.615142822265625,24.8055419921875,41.97500038146973
2021-11-27 13:40:59.004,15.700956344604492,85.0,159.47265625,90.0,73.29999542236328,61.23046875,99.93128204345705,11.283187866210938,59.01423682214742,41576.0,29.29341125488281,25.512725830078125,22.65682983398437,23.010406494140625,41.97500038146973
2021-11-27 13:40:59.990,15.700956344604492,85.0,159.47265625,90.0,73.29999542236328,61.23046875,99.93128204345705,11.283187866210938,59.01423682214742,41576.0,29.29341125488281,25.512725830078125,22.65682983398437,23.010406494140625,41.97500038146973
2021-11-27 13:41:01.002,15.705659866333008,85.06024169921875,160.2294921875,90.0,74.0999984741211,61.23046875,99.93128204345705,11.293079376220703,56.67731033001149,41576.0,32.04052734375,28.722213745117188,20.970489501953125,25.59432983398437,41.97500038146973
2021-11-27 13:41:01.991,15.66385555267334,84.93975830078125,160.79915618896484,90.0,73.9000015258789,61.23046875,99.93128204345705,11.288932800292969,56.457325268346665,41576.0,31.0069580078125,23.66317749023437,22.79281616210937,25.703125,41.97500038146973
2021-11-27 13:41:02.993,15.66385555267334,84.93975830078125,160.79915618896484,90.0,73.9000015258789,61.23046875,99.93128204345705,11.288932800292969,56.457325268346665,41576.0,31.0069580078125,23.66317749023437,22.79281616210937,25.703125,41.97500038146973
2021-11-27 13:41:03.993,15.628097534179688,84.93975830078125,162.17447662353516,89.92424011230469,74.5999984741211,61.23046875,99.93128204345705,11.295543670654297,60.27056049923696,41576.0,32.4757080078125,31.714111328125,25.431121826171875,23.445587158203125,41.97500038146973
2021-11-27 13:41:04.991,15.626869201660156,85.06024169921875,159.0901641845703,90.0,72.89999389648438,61.23046875,99.93128204345705,11.292906761169434,59.83314715768866,41576.0,30.32696533203125,22.140045166015625,21.51446533203125,26.1383056640625,41.97500038146973
2021-11-27 13:41:06.002,15.626869201660156,85.06024169921875,159.0901641845703,90.0,72.89999389648438,61.23046875,99.93128204345705,11.292906761169434,59.83314715768866,41576.0,30.32696533203125,22.140045166015625,21.51446533203125,26.1383056640625,41.97500038146973
2021-11-27 13:41:06.990,15.629061698913574,85.0,159.2041015625,90.0,73.5999984741211,61.23046875,99.93128204345705,11.301446914672852,57.72460149671787,41576.0,29.347808837890625,27.47105407714844,25.376739501953125,25.104736328125,41.97500038146973
2021-11-27 13:41:07.994,15.624510765075684,84.93975830078125,159.67610931396484,90.0,73.9000015258789,61.23046875,99.93128204345705,11.306011199951172,56.344684376409,41576.0,32.067718505859375,27.1446533203125,21.48725891113281,26.111114501953125,41.97500038146973
2021-11-27 13:41:08.994,15.624510765075684,84.93975830078125,159.67610931396484,90.0,73.9000015258789,61.23046875,99.93128204345705,11.306011199951172,56.344684376409,41576.0,32.067718505859375,27.1446533203125,21.48725891113281,26.111114501953125,41.97500038146973
2021-11-27 13:41:10.002,15.616235733032228,85.06024169921875,160.47364044189453,90.0,75.19999694824219,61.23046875,99.93128204345705,11.295527458190918,55.60718774752195,41576.0,33.318878173828125,26.05670166015625,27.307861328125,27.52545166015625,41.97500038146973
2021-11-27 13:41:10.992,15.62598991394043,85.0,160.93749237060547,90.0,73.0,61.23046875,99.93128204345705,11.302102088928224,61.65335265014338,41576.0,29.81019592285156,30.40855407714844,23.5,22.112838745117188,41.97500038146973
2021-11-27 13:41:12.005,15.605856895446776,85.0,159.0657501220703,90.0,73.79999542236328,61.23046875,99.93128204345705,11.30760383605957,59.24922984562325,41576.0,28.776626586914062,24.72393798828125,22.765625,24.58795166015625,41.97500038146973
2021-11-27 13:41:13.002,15.605856895446776,85.0,159.0657501220703,90.0,73.79999542236328,61.23046875,99.93128204345705,11.30760383605957,59.24922984562325,41576.0,28.776626586914062,24.72393798828125,22.765625,24.58795166015625,41.97500038146973
2021-11-27 13:41:13.993,15.56171417236328,85.0,160.0178985595703,90.0,74.0999984741211,61.23046875,99.93128204345705,11.300758361816406,57.38894925981944,41576.0,31.49653625488281,26.62788391113281,23.907989501953125,25.077545166015625,41.97500038146973
2021-11-27 13:41:15.002,15.558947563171388,85.0,161.0432891845703,90.0,74.19999694824219,61.23046875,99.93128204345705,11.303449630737305,56.24276992724186,41576.0,34.488433837890625,29.456588745117188,24.8055419921875,24.723953247070312,41.97500038146973
2021-11-27 13:41:16.003,15.558947563171388,85.0,161.0432891845703,90.0,74.19999694824219,61.23046875,99.93128204345705,11.303449630737305,56.24276992724186,41576.0,34.488433837890625,29.456588745117188,24.8055419921875,24.723953247070312,41.97500038146973
2021-11-27 13:41:16.993,15.559420585632324,85.0,160.25390625,90.0,74.9000015258789,61.23046875,99.93128204345705,11.317178726196287,55.28600562602991,41576.0,29.45660400390625,24.26156616210937,26.192703247070312,22.30322265625,41.97500038146973
2021-11-27 13:41:17.990,15.559972763061523,85.0,159.36685943603516,90.0,73.0,61.23046875,99.93128204345705,11.31003189086914,60.98225304603252,41576.0,27.226287841796875,28.17822265625,27.87904357910156,24.15277099609375,41.97500038146973
2021-11-27 13:41:18.993,15.559972763061523,85.0,159.36685943603516,90.0,73.0,61.23046875,99.93128204345705,11.31003189086914,60.98225304603252,41576.0,27.226287841796875,28.17822265625,27.87904357910156,24.15277099609375,41.97500038146973
2021-11-27 13:41:19.990,15.59469985961914,84.93975830078125,159.716796875,90.0,74.0999984741211,61.23046875,99.93128204345705,11.30810260772705,58.46369791321403,41576.0,30.19097900390625,25.947906494140625,24.696746826171875,21.840850830078125,41.97500038146973
2021-11-27 13:41:20.993,15.623353958129885,85.0,160.31087493896484,90.0,73.5,61.23046875,99.93128204345705,11.30884838104248,59.54421992941883,41577.0,30.245376586914062,26.301483154296875,19.202545166015625,26.573486328125,41.97500038146973
2021-11-27 13:41:21.994,15.623353958129885,85.0,160.31087493896484,90.0,73.5,61.23046875,99.93128204345705,11.30884838104248,59.54421992941883,41577.0,30.245376586914062,26.301483154296875,19.202545166015625,26.573486328125,41.97500038146973
2021-11-27 13:41:22.992,15.606331825256348,85.0,160.07486724853516,90.0,74.0999984741211,61.23046875,99.93128204345705,11.30201530456543,57.2766388064353,41577.0,33.07408142089844,29.184600830078125,27.09027099609375,21.7320556640625,41.97500038146973
2021-11-27 13:41:23.993,15.569906234741213,85.06024169921875,160.4329376220703,90.0,73.69999694824219,61.23046875,99.93128204345705,11.303059577941896,59.70733427129226,41577.0,31.442138671875,29.320587158203125,24.0711669921875,26.05670166015625,41.97500038146973
2021-11-27 13:41:25.005,15.569906234741213,85.06024169921875,160.4329376220703,90.0,73.69999694824219,61.23046875,99.93128204345705,11.303059577941896,59.70733427129226,41577.0,31.442138671875,29.320587158203125,24.0711669921875,26.05670166015625,41.97500038146973
2021-11-27 13:41:26.005,15.575050354003906,84.93975830078125,159.4563751220703,90.0,74.19999694824219,61.23046875,99.93128204345705,11.297121047973633,59.26657569388078,41577.0,27.579864501953125,22.629608154296875,24.370361328125,27.14466857910156,41.97500038146973
2021-11-27 13:41:26.993,15.575861930847168,85.0,160.7014923095703,90.0,73.9000015258789,61.23046875,99.93128204345705,11.303532600402832,58.90507397072397,41577.0,29.511001586914062,27.1446533203125,22.874420166015625,26.383087158203125,41.97500038146973
2021-11-27 13:41:28.001,15.575861930847168,85.0,160.7014923095703,90.0,73.9000015258789,61.23046875,99.93128204345705,11.303532600402832,58.90507397072397,41577.0,29.511001586914062,27.1446533203125,22.874420166015625,26.383087158203125,41.97500038146973
2021-11-27 13:41:28.991,15.585220336914062,85.0,159.66796875,90.0,73.79999542236328,61.23046875,99.93128204345705,11.30369758605957,58.85181866823054,41577.0,31.768524169921875,24.96875,24.26156616210937,26.1383056640625,41.97500038146973
2021-11-27 13:41:29.991,15.619840621948242,85.06024169921875,160.8072967529297,90.0,74.5999984741211,61.23046875,99.93128204345705,11.302508354187012,57.05534676672412,41577.0,29.86459350585937,28.287017822265625,25.5399169921875,24.58795166015625,41.97500038146973
2021-11-27 13:41:30.995,15.619840621948242,85.06024169921875,160.8072967529297,90.0,74.5999984741211,61.23046875,99.93128204345705,11.302508354187012,57.05534676672412,41577.0,29.86459350585937,28.287017822265625,25.5399169921875,24.58795166015625,41.97500038146973
2021-11-27 13:41:31.994,15.641307830810549,85.0,159.50521087646484,90.0,73.0,61.23046875,99.93128204345705,11.303648948669434,60.427394016255,41577.0,31.115753173828125,27.253463745117188,24.370361328125,21.677642822265625,41.94999980926514
2021-11-27 13:41:32.994,15.634912490844728,84.93975830078125,159.48079681396484,90.0,74.0999984741211,61.23046875,99.93128204345705,11.303729057312012,57.90890276273706,41577.0,32.01332092285156,22.38482666015625,23.608795166015625,28.06942749023437,41.94999980926514
2021-11-27 13:41:34.002,15.634912490844728,84.93975830078125,159.48079681396484,90.0,74.0999984741211,61.23046875,99.93128204345705,11.303729057312012,57.90890276273706,41577.0,32.01332092285156,22.38482666015625,23.608795166015625,28.06942749023437,41.94999980926514
2021-11-27 13:41:34.992,15.614956855773926,85.0,160.97818756103516,90.0,74.29999542236328,61.23046875,99.93489074707033,11.299960136413574,57.35864696723706,41577.0,28.53182983398437,30.27255249023437,21.8680419921875,27.661453247070312,41.94999980926514
2021-11-27 13:41:36.003,15.621505737304688,85.06024169921875,159.79004669189453,90.0,73.9000015258789,61.23046875,99.93128204345705,11.307905197143556,58.3464526002397,41577.0,33.37327575683594,27.44384765625,22.276031494140625,24.39755249023437,41.94999980926514
2021-11-27 13:41:36.993,15.621505737304688,85.06024169921875,159.79004669189453,90.0,73.9000015258789,61.23046875,99.93128204345705,11.307905197143556,58.3464526002397,41577.0,33.37327575683594,27.44384765625,22.276031494140625,24.39755249023437,41.94999980926514
2021-11-27 13:41:37.995,15.642358779907228,85.0,161.49088287353516,90.0,74.5,61.23046875,99.93128204345705,11.3054838180542,58.202189071930704,41577.0,30.84375,27.8790283203125,25.73031616210937,22.575225830078125,41.94999980926514
2021-11-27 13:41:38.995,15.659440994262695,84.93975830078125,161.9221954345703,90.0,73.19999694824219,61.23046875,99.93128204345705,11.303128242492676,59.70710032829248,41577.0,32.149322509765625,25.703125,24.6695556640625,24.39755249023437,41.94999980926514
2021-11-27 13:41:40.001,15.659440994262695,84.93975830078125,161.9221954345703,90.0,73.19999694824219,61.23046875,99.93128204345705,11.303128242492676,59.70710032829248,41577.0,32.149322509765625,25.703125,24.6695556640625,24.39755249023437,41.94999980926514
2021-11-27 13:41:40.995,15.663673400878906,85.06024169921875,162.90689849853516,90.0,74.29999542236328,61.23046875,99.93128204345705,11.310752868652344,58.71312885733504,41577.0,30.816558837890625,27.96063232421875,24.45196533203125,24.343170166015625,41.94999980926514
2021-11-27 13:41:41.994,15.669178009033203,85.0,163.56607818603516,90.0,74.29999542236328,61.23046875,99.93489074707033,11.311494827270508,56.50633621102055,41577.0,29.59259033203125,26.73667907714844,23.52719116210937,26.301498413085938,41.94999980926514
2021-11-27 13:41:42.992,15.669178009033203,85.0,163.56607818603516,90.0,74.29999542236328,61.23046875,99.93489074707033,11.311494827270508,56.50633621102055,41577.0,29.59259033203125,26.73667907714844,23.52719116210937,26.301498413085938,41.94999980926514
2021-11-27 13:41:43.994,15.64488124847412,85.0,163.6474609375,90.0,74.80000305175781,61.23046875,99.93489074707033,11.315998077392578,57.386131306192624,41577.0,34.59722900390625,26.70947265625,24.96875,23.744781494140625,41.94999980926514
2021-11-27 13:41:45.995,15.588830947875977,85.0,164.34732818603516,90.0,74.69999694824219,61.23046875,99.93128204345705,11.325362205505373,55.4937453482714,41577.0,31.7413330078125,27.416656494140625,22.65682983398437,27.06307983398437,41.94999980926514
2021-11-27 13:41:45.000,15.588830947875977,85.0,164.34732818603516,90.0,74.69999694824219,61.23046875,99.93128204345705,11.325362205505373,55.4937453482714,41577.0,31.7413330078125,27.416656494140625,22.65682983398437,27.06307983398437,41.94999980926514
2021-11-27 13:41:47.004,15.541897773742676,85.0,165.3645782470703,90.0,73.5,61.23046875,99.93489074707033,11.332695960998535,60.02993742169121,41577.0,26.546295166015625,28.06942749023437,24.098373413085938,25.13192749023437,41.94999980926514
2021-11-27 13:41:47.991,15.5336275100708,85.0,165.9423828125,90.0,74.0999984741211,61.23046875,99.93128204345705,11.33609390258789,58.64716795710069,41577.0,30.299774169921875,23.880767822265625,24.15277099609375,25.75750732421875,41.94999980926514
2021-11-27 13:41:48.991,15.5336275100708,85.0,165.9423828125,90.0,74.0999984741211,61.23046875,99.93128204345705,11.33609390258789,58.64716795710069,41577.0,30.299774169921875,23.880767822265625,24.15277099609375,25.75750732421875,41.94999980926514
2021-11-27 13:41:49.991,15.523658752441406,84.93975830078125,166.6178436279297,90.0,74.0,61.23046875,99.93128204345705,11.34403133392334,60.10732647341129,41577.0,32.44850158691406,28.531814575195312,22.19442749023437,26.4375,41.94999980926514
2021-11-27 13:41:50.990,15.526559829711914,85.0,167.14681243896484,90.0,74.0,61.23046875,99.93128204345705,11.350632667541504,59.51270547390303,41577.0,32.502899169921875,26.65509033203125,23.71759033203125,24.234375,41.94999980926514
2021-11-27 13:41:52.003,15.526559829711914,85.0,167.14681243896484,90.0,74.0,61.23046875,99.93128204345705,11.350632667541504,59.51270547390303,41577.0,32.502899169921875,26.65509033203125,23.71759033203125,24.234375,41.94999980926514
2021-11-27 13:41:53.004,15.55367374420166,85.0,167.53743743896484,90.0,74.0999984741211,61.23046875,99.93128204345705,11.3528470993042,56.52117536785506,41577.0,30.816558837890625,26.8726806640625,23.989578247070312,22.92880249023437,41.94999980926514
2021-11-27 13:41:54.003,15.549452781677246,84.93975830078125,169.7021484375,90.0,74.29999542236328,61.23046875,99.93128204345705,11.364038467407228,59.80408595440982,41577.0,29.86459350585937,28.287017822265625,26.46469116210937,26.981475830078125,41.94999980926514
2021-11-27 13:41:55.002,15.549452781677246,84.93975830078125,169.7021484375,90.0,74.29999542236328,61.23046875,99.93128204345705,11.364038467407228,59.80408595440982,41577.0,29.86459350585937,28.287017822265625,26.46469116210937,26.981475830078125,41.94999980926514
2021-11-27 13:41:55.994,15.502473831176758,85.0,166.552734375,90.0,73.69999694824219,61.23046875,99.93489074707033,11.369132041931152,60.44010742934001,41577.0,30.59896850585937,25.86630249023437,23.010406494140625,24.723953247070312,41.94999980926514
2021-11-27 13:41:56.991,15.468570709228516,85.06024169921875,166.38997650146484,90.0,74.19999694824219,61.23046875,99.93128204345705,11.381547927856444,60.27823747167997,41577.0,31.850128173828125,27.715850830078125,22.520828247070312,26.32870483398437,41.94999980926514
2021-11-27 13:41:57.990,15.468570709228516,85.06024169921875,166.38997650146484,90.0,74.19999694824219,61.23046875,99.93128204345705,11.381547927856444,60.27823747167997,41577.0,31.850128173828125,27.715850830078125,22.520828247070312,26.32870483398437,41.94999980926514
2021-11-27 13:41:58.991,15.482222557067873,85.0,165.2913360595703,90.0,73.19999694824219,61.23046875,99.93128204345705,11.383278846740724,59.12423354348731,41577.0,32.910888671875,24.043975830078125,23.581588745117188,23.2008056640625,41.94999980926514
2021-11-27 13:41:59.991,15.499051094055176,84.93975830078125,166.68294525146484,90.0,74.4000015258789,61.23046875,99.93128204345705,11.397418975830078,58.9471857901457,41577.0,27.879058837890625,25.512725830078125,24.88714599609375,20.9976806640625,41.94999980926514
2021-11-27 13:42:01.005,15.499051094055176,84.93975830078125,166.68294525146484,90.0,74.4000015258789,61.23046875,99.93128204345705,11.397418975830078,58.9471857901457,41577.0,27.879058837890625,25.512725830078125,24.88714599609375,20.9976806640625,41.94999980926514
2021-11-27 13:42:01.992,15.531623840332031,84.93975830078125,167.08170318603516,90.0,73.79999542236328,61.23046875,99.93128204345705,11.404651641845703,61.20077774355634,41577.0,30.381378173828125,28.015045166015625,24.42475891113281,27.770248413085938,41.94999980926514
2021-11-27 13:42:02.994,15.595312118530272,85.0,165.83658599853516,90.0,73.9000015258789,61.23046875,99.93128204345705,11.406364440917969,57.0574143865878,41577.0,30.245376586914062,25.02313232421875,24.50634765625,25.73031616210937,41.94999980926514
2021-11-27 13:42:04.004,15.595312118530272,85.0,165.83658599853516,90.0,73.9000015258789,61.23046875,99.93128204345705,11.406364440917969,57.0574143865878,41577.0,30.245376586914062,25.02313232421875,24.50634765625,25.73031616210937,41.94999980926514
2021-11-27 13:42:04.990,15.631909370422363,85.0,165.8528594970703,90.0,73.79999542236328,61.23046875,99.93128204345705,11.424628257751465,60.469646570471006,41577.0,32.502899169921875,28.12384033203125,21.35125732421875,21.8680419921875,41.94999980926514
2021-11-27 13:42:06.001,15.634955406188965,84.93975830078125,165.2587890625,90.0,73.5,61.23046875,99.93128204345705,11.433692932128906,57.97827055869372,41577.0,32.802093505859375,23.66317749023437,23.69038391113281,25.62152099609375,41.94999980926514
2021-11-27 13:42:07.002,15.634955406188965,84.93975830078125,165.2587890625,90.0,73.5,61.23046875,99.93128204345705,11.433692932128906,57.97827055869372,41577.0,32.802093505859375,23.66317749023437,23.69038391113281,25.62152099609375,41.94999980926514
2021-11-27 13:42:07.991,15.634851455688477,85.0,166.8863983154297,90.0,74.69999694824219,61.23046875,99.93128204345705,11.443193435668944,57.43834020664461,41577.0,25.159149169921875,29.184600830078125,26.165496826171875,25.92071533203125,41.94999980926514
2021-11-27 13:42:09.005,15.661531448364258,85.06024169921875,166.34114837646484,90.0,74.0999984741211,61.23046875,99.93128204345705,11.47577667236328,58.93670779243792,41577.0,32.910888671875,29.0758056640625,21.160873413085938,27.307861328125,41.94999980926514
2021-11-27 13:42:09.994,15.661531448364258,85.06024169921875,166.34114837646484,90.0,74.0999984741211,61.23046875,99.93128204345705,11.47577667236328,58.93670779243792,41577.0,32.910888671875,29.0758056640625,21.160873413085938,27.307861328125,41.94999980926514
2021-11-27 13:42:10.990,15.683797836303713,84.93975830078125,165.83658599853516,90.0,74.9000015258789,61.23046875,99.93128204345705,11.468222618103027,58.66133800455731,41577.0,31.93173217773437,22.68402099609375,23.5,26.05670166015625,41.94999980926514
2021-11-27 13:42:11.994,15.71792221069336,84.93975830078125,165.55989837646484,90.0,73.4000015258789,61.23046875,99.93128204345705,11.47092342376709,59.74381904586469,41577.0,28.99423217773437,27.66143798828125,22.30322265625,22.874420166015625,41.94999980926514
2021-11-27 13:42:12.992,15.71792221069336,84.93975830078125,165.55989837646484,90.0,73.4000015258789,61.23046875,99.93128204345705,11.47092342376709,59.74381904586469,41577.0,28.99423217773437,27.66143798828125,22.30322265625,22.874420166015625,41.94999980926514
2021-11-27 13:42:13.993,15.754593849182127,85.06024169921875,164.7053985595703,90.0,73.4000015258789,61.23046875,99.93128204345705,11.48717212677002,59.33418354082162,41577.0,30.979751586914062,22.167236328125,20.9976806640625,26.029510498046875,41.94999980926514
2021-11-27 13:42:14.993,15.761663436889648,85.0,165.85286712646484,90.0,73.9000015258789,61.23046875,99.93128204345705,11.494797706604004,58.06491525356044,41577.0,30.163787841796875,24.28875732421875,25.15913391113281,26.35589599609375,41.94999980926514
2021-11-27 13:42:15.993,15.761663436889648,85.0,165.85286712646484,90.0,73.9000015258789,61.23046875,99.93128204345705,11.494797706604004,58.06491525356044,41577.0,30.163787841796875,24.28875732421875,25.15913391113281,26.35589599609375,41.94999980926514
2021-11-27 13:42:16.992,15.713763236999512,84.93975830078125,166.30045318603516,90.0,74.19999694824219,61.23046875,99.93128204345705,11.504417419433594,60.4491371193006,41577.0,29.918991088867188,27.6070556640625,25.13192749023437,24.832748413085938,41.94999980926514
2021-11-27 13:42:17.995,15.636502265930176,85.0,165.3157501220703,90.0,74.0999984741211,61.23046875,99.93128204345705,11.516680717468262,58.86632624750542,41577.0,32.6116943359375,23.581588745117188,23.66317749023437,25.24072265625,41.94999980926514
2021-11-27 13:42:18.992,15.636502265930176,85.0,165.3157501220703,90.0,74.0999984741211,61.23046875,99.93128204345705,11.516680717468262,58.86632624750542,41577.0,32.6116943359375,23.581588745117188,23.66317749023437,25.24072265625,41.94999980926514
2021-11-27 13:42:19.992,15.602378845214844,85.0,165.83658599853516,90.0,73.79999542236328,61.23046875,99.93489074707033,11.528448104858398,57.82187419775212,41577.0,31.19735717773437,24.370361328125,21.92245483398437,22.05844116210937,41.94999980926514
2021-11-27 13:42:20.993,15.56899642944336,85.0,165.32389068603516,90.0,74.19999694824219,61.23046875,99.93128204345705,11.533668518066406,57.27932734490982,41577.0,31.686920166015625,24.043975830078125,23.744781494140625,26.60067749023437,41.94999980926514
2021-11-27 13:42:21.991,15.56899642944336,85.0,165.32389068603516,90.0,74.19999694824219,61.23046875,99.93128204345705,11.533668518066406,57.27932734490982,41577.0,31.686920166015625,24.043975830078125,23.744781494140625,26.60067749023437,41.94999980926514
2021-11-27 13:42:23.002,15.574049949645996,85.0,166.3248748779297,90.0,74.0,61.23046875,99.93489074707033,11.546771049499512,57.80371407620368,41577.0,29.347808837890625,27.38946533203125,24.098373413085938,28.232635498046875,41.94999980926514
2021-11-27 13:42:23.994,15.595993995666504,85.06024169921875,166.47948455810547,90.0,74.0999984741211,61.23046875,99.93128204345705,11.562625885009766,59.98205641148409,41577.0,29.40220642089844,27.770233154296875,24.85995483398437,27.82464599609375,41.94999980926514
2021-11-27 13:42:24.992,15.595993995666504,85.06024169921875,166.47948455810547,90.0,74.0999984741211,61.23046875,99.93128204345705,11.562625885009766,59.98205641148409,41577.0,29.40220642089844,27.770233154296875,24.85995483398437,27.82464599609375,41.94999980926514
2021-11-27 13:42:26.003,15.601218223571776,85.0,165.95865631103516,90.0,73.69999694824219,61.23046875,99.93128204345705,11.566646575927734,60.63297512822098,41577.0,31.30615234375,26.05670166015625,24.75115966796875,23.173614501953125,41.94999980926514
2021-11-27 13:42:26.992,15.551416397094728,85.0,165.18553924560547,90.0,74.5,61.23046875,99.93128204345705,11.571612358093262,56.2655329584968,41577.0,34.270843505859375,25.213531494140625,22.520828247070312,23.11920166015625,41.94999980926514
2021-11-27 13:42:27.991,15.551416397094728,85.0,165.18553924560547,90.0,74.5,61.23046875,99.93128204345705,11.571612358093262,56.2655329584968,41577.0,34.270843505859375,25.213531494140625,22.520828247070312,23.11920166015625,41.94999980926514
2021-11-27 13:42:28.992,15.50476360321045,85.0,165.26692962646484,90.0,73.9000015258789,61.23046875,99.93489074707033,11.579816818237305,59.58812451012346,41577.0,29.782989501953125,27.035858154296875,22.38482666015625,29.021392822265625,41.94999980926514
2021-11-27 13:42:30.002,15.508688926696776,84.93975830078125,165.3727264404297,90.0,74.5,61.23046875,99.93489074707033,11.590008735656738,56.64129166090427,41577.0,29.72860717773437,25.295135498046875,22.493621826171875,27.634246826171875,41.94999980926514
2021-11-27 13:42:31.003,15.508688926696776,84.93975830078125,165.3727264404297,90.0,74.5,61.23046875,99.93489074707033,11.590008735656738,56.64129166090427,41577.0,29.72860717773437,25.295135498046875,22.493621826171875,27.634246826171875,41.94999980926514
2021-11-27 13:42:32.004,15.5132417678833,84.93975830078125,165.98307037353516,90.0,73.5,61.23046875,99.93489074707033,11.598798751831056,61.95756058669882,41577.0,30.299774169921875,26.083892822265625,23.79917907714844,26.301498413085938,41.94999980926514
2021-11-27 13:42:32.990,15.534953117370604,85.0,165.087890625,90.0,73.79999542236328,61.23046875,99.93128204345705,11.605717658996582,59.48169685662227,41577.0,35.25,24.914337158203125,25.104736328125,21.786453247070312,41.94999980926514
2021-11-27 13:42:34.002,15.534953117370604,85.0,165.087890625,90.0,73.79999542236328,61.23046875,99.93128204345705,11.605717658996582,59.48169685662227,41577.0,35.25,24.914337158203125,25.104736328125,21.786453247070312,41.94999980926514
2021-11-27 13:42:34.992,15.57815647125244,85.06024169921875,164.86002349853516,90.0,74.0,61.23046875,99.93489074707033,11.614908218383787,58.23352052579998,41577.0,30.59896850585937,24.6695556640625,19.44732666015625,26.32870483398437,41.94999980926514
2021-11-27 13:42:35.991,15.615209579467772,85.06024169921875,165.4215545654297,90.0,73.9000015258789,61.23046875,99.93489074707033,11.616935729980469,58.67412210311955,41577.0,27.52548217773437,25.18634033203125,24.28875732421875,26.70947265625,41.94999980926514
2021-11-27 13:42:36.990,15.615209579467772,85.06024169921875,165.4215545654297,90.0,73.9000015258789,61.23046875,99.93489074707033,11.616935729980469,58.67412210311955,41577.0,27.52548217773437,25.18634033203125,24.28875732421875,26.70947265625,41.94999980926514
2021-11-27 13:42:37.992,15.599157333374023,84.93975830078125,166.30045318603516,90.0,75.0,61.23046875,99.93128204345705,11.624056816101074,57.33266262767852,41577.0,29.973388671875,28.69500732421875,25.648712158203125,26.845489501953125,41.94999980926514
2021-11-27 13:42:38.993,15.563443183898926,85.0,165.380859375,90.0,74.0999984741211,61.23046875,99.93128204345705,11.640228271484377,60.53432195307036,41577.0,29.26620483398437,27.7430419921875,24.75115966796875,24.75115966796875,41.94999980926514
2021-11-27 13:42:39.995,15.563443183898926,85.0,165.380859375,90.0,74.0999984741211,61.23046875,99.93128204345705,11.640228271484377,60.53432195307036,41577.0,29.26620483398437,27.7430419921875,24.75115966796875,24.75115966796875,41.94999980926514
2021-11-27 13:42:41.002,15.569025039672852,85.0,164.83560943603516,90.0,74.29999542236328,61.23046875,99.93489074707033,11.6477632522583,58.483231983523005,41577.0,29.81019592285156,26.301483154296875,25.839111328125,23.9351806640625,41.94999980926514
2021-11-27 13:42:41.995,15.571688652038574,85.06024169921875,164.53450775146484,90.0,73.9000015258789,61.23046875,99.93489074707033,11.647929191589355,59.80567499008917,41577.0,34.02606201171875,24.6695556640625,22.765625,26.818267822265625,41.94999980926514
2021-11-27 13:42:42.990,15.571688652038574,85.06024169921875,164.53450775146484,90.0,73.9000015258789,61.23046875,99.93489074707033,11.647929191589355,59.80567499008917,41577.0,34.02606201171875,24.6695556640625,22.765625,26.818267822265625,41.94999980926514
2021-11-27 13:42:44.005,15.599491119384766,85.0,165.1041717529297,90.0,73.4000015258789,61.23046875,99.93489074707033,11.655641555786133,60.4374666355938,41577.0,26.573501586914062,24.098358154296875,24.45196533203125,27.171875,41.94999980926514
2021-11-27 13:42:44.993,15.628829956054688,84.93975830078125,165.88541412353516,90.0,74.69999694824219,61.23046875,99.93489074707033,11.670032501220703,57.20304385839018,41577.0,29.6741943359375,31.251724243164062,24.642364501953125,24.370361328125,41.94999980926514
2021-11-27 13:42:46.993,15.664880752563477,85.0,165.08789825439453,90.0,74.19999694824219,61.23046875,99.93489074707033,11.678558349609377,56.23207757446235,41577.0,31.442138671875,28.6134033203125,23.71759033203125,24.8055419921875,41.94999980926514
2021-11-27 13:42:46.000,15.628829956054688,84.93975830078125,165.88541412353516,90.0,74.69999694824219,61.23046875,99.93489074707033,11.670032501220703,57.20304385839018,41577.0,29.6741943359375,31.251724243164062,24.642364501953125,24.370361328125,41.94999980926514
2021-11-27 13:42:48.002,15.606778144836426,85.0,165.34017181396484,90.0,74.0,61.23046875,99.93489074707033,11.681971549987791,59.2597944881155,41577.0,32.04052734375,25.295135498046875,26.05670166015625,23.581588745117188,41.94999980926514
2021-11-27 13:42:48.992,15.606778144836426,85.0,165.34017181396484,90.0,74.0,61.23046875,99.93489074707033,11.681971549987791,59.2597944881155,41577.0,32.04052734375,25.295135498046875,26.05670166015625,23.581588745117188,41.94999980926514
2021-11-27 13:42:50.002,15.56377410888672,84.93975830078125,164.8112030029297,90.0,74.0,61.23046875,99.93489074707033,11.695297241210938,58.95228936629125,41577.0,31.95892333984375,27.416656494140625,23.309600830078125,24.85995483398437,41.94999980926514
2021-11-27 13:42:51.002,15.57214641571045,84.93975830078125,164.8030548095703,90.0,74.0,61.23046875,99.93489074707033,11.696605682373049,58.401552394730736,41577.0,28.28704833984375,28.504608154296875,22.112838745117188,26.981475830078125,41.94999980926514
2021-11-27 13:42:52.005,15.57214641571045,84.93975830078125,164.8030548095703,90.0,74.0,61.23046875,99.93489074707033,11.696605682373049,58.401552394730736,41577.0,28.28704833984375,28.504608154296875,22.112838745117188,26.981475830078125,41.94999980926514
2021-11-27 13:42:53.002,15.579298973083496,85.06024169921875,164.7053985595703,90.0,74.0999984741211,61.23046875,99.93489074707033,11.702128410339355,59.32197952764552,41577.0,28.58624267578125,28.99420166015625,24.75115966796875,22.98321533203125,41.92500019073486
2021-11-27 13:42:53.990,15.593717575073242,85.0,166.2516326904297,90.0,75.0,61.23046875,99.93489074707033,11.722329139709473,57.89285616870397,41577.0,33.971649169921875,27.19906616210937,26.62788391113281,23.962371826171875,41.94999980926514
2021-11-27 13:42:54.990,15.593717575073242,85.0,166.2516326904297,90.0,75.0,61.23046875,99.93489074707033,11.722329139709473,57.89285616870397,41577.0,33.971649169921875,27.19906616210937,26.62788391113281,23.962371826171875,41.94999980926514
2021-11-27 13:42:55.991,15.62808609008789,85.0,164.4694061279297,90.0,73.5,61.23046875,99.93489074707033,11.734803199768066,60.004004214011445,41577.0,32.720489501953125,28.12384033203125,21.840850830078125,29.42938232421875,41.94999980926514
2021-11-27 13:42:57.004,15.65443229675293,85.0,165.38899993896484,90.0,73.5999984741211,61.23046875,99.93489074707033,11.74558925628662,60.32569984444584,41577.0,25.59432983398437,29.619781494140625,24.914337158203125,26.383087158203125,41.92500019073486
2021-11-27 13:42:57.992,15.65443229675293,85.0,165.38899993896484,90.0,73.5999984741211,61.23046875,99.93489074707033,11.74558925628662,60.32569984444584,41577.0,25.59432983398437,29.619781494140625,24.914337158203125,26.383087158203125,41.92500019073486
2021-11-27 13:42:58.990,15.615059852600098,84.93975830078125,164.31478118896484,90.0,73.5999984741211,61.23046875,99.93489074707033,11.76672077178955,58.45275922298469,41577.0,32.44850158691406,25.6759033203125,23.826385498046875,23.9351806640625,41.92500019073486
2021-11-27 13:42:59.995,15.591143608093262,85.0,164.9576873779297,90.0,73.9000015258789,61.23046875,99.93489074707033,11.77757453918457,57.59412249405894,41577.0,30.680572509765625,23.25518798828125,24.28875732421875,24.234375,41.92500019073486
2021-11-27 13:43:00.994,15.591143608093262,85.0,164.9576873779297,90.0,73.9000015258789,61.23046875,99.93489074707033,11.77757453918457,57.59412249405894,41577.0,30.680572509765625,23.25518798828125,24.28875732421875,24.234375,41.92500019073486
2021-11-27 13:43:01.990,15.60405158996582,85.06024169921875,165.38899993896484,90.0,73.9000015258789,61.23046875,99.93128204345705,11.784717559814451,60.40404389820972,41577.0,32.3125,29.2117919921875,23.581588745117188,23.962371826171875,41.92500019073486
2021-11-27 13:43:02.994,15.6044282913208,84.93975830078125,165.37271881103516,90.0,73.9000015258789,61.23046875,99.93489074707033,11.793465614318848,58.30439661495246,41577.0,31.49653625488281,25.6759033203125,22.6024169921875,23.880767822265625,41.92500019073486
2021-11-27 13:43:03.993,15.6044282913208,84.93975830078125,165.37271881103516,90.0,73.9000015258789,61.23046875,99.93489074707033,11.793465614318848,58.30439661495246,41577.0,31.49653625488281,25.6759033203125,22.6024169921875,23.880767822265625,41.92500019073486
2021-11-27 13:43:04.994,15.615056037902832,85.0,165.3238983154297,90.0,74.0,61.23046875,99.93489074707033,11.802279472351074,58.03003828180936,41577.0,29.565399169921875,23.4727783203125,25.376739501953125,25.5399169921875,41.92500019073486
2021-11-27 13:43:05.991,15.63772201538086,85.06024169921875,163.68814849853516,90.0,73.5999984741211,61.23046875,99.93128204345705,11.81041431427002,58.86588397874289,41577.0,32.12211608886719,27.52545166015625,22.276031494140625,22.167236328125,41.92500019073486
2021-11-27 13:43:06.991,15.63772201538086,85.06024169921875,163.68814849853516,90.0,73.5999984741211,61.23046875,99.93128204345705,11.81041431427002,58.86588397874289,41577.0,32.12211608886719,27.52545166015625,22.276031494140625,22.167236328125,41.92500019073486
2021-11-27 13:43:07.992,15.655243873596191,85.0,163.53353118896484,90.0,73.9000015258789,61.23046875,99.93128204345705,11.814647674560549,57.73717876281097,41577.0,27.55267333984375,27.579849243164062,21.26966857910156,24.53355407714844,41.92500019073486
2021-11-27 13:43:08.992,15.615903854370115,85.0,164.86817169189453,90.0,73.9000015258789,61.23046875,99.93128204345705,11.83928394317627,58.218925055369766,41577.0,30.57177734375,24.88714599609375,23.11920166015625,26.00230407714844,41.92500019073486
2021-11-27 13:43:09.992,15.615903854370115,85.0,164.86817169189453,90.0,73.9000015258789,61.23046875,99.93128204345705,11.83928394317627,58.218925055369766,41577.0,30.57177734375,24.88714599609375,23.11920166015625,26.00230407714844,41.92500019073486
2021-11-27 13:43:10.990,15.561522483825684,85.0,164.68099975585938,90.0,74.29999542236328,61.23046875,99.93489074707033,11.85179328918457,58.815960274158215,41577.0,31.30615234375,25.050338745117188,23.9351806640625,24.96875,41.89999961853027
2021-11-27 13:43:11.993,15.549348831176758,85.0,163.70442962646484,90.0,73.0999984741211,61.23046875,99.93489074707033,11.877257347106934,60.77240379047137,41577.0,27.443878173828125,23.71759033203125,23.9351806640625,24.99594116210937,41.89999961853027
2021-11-27 13:43:12.992,15.549348831176758,85.0,163.70442962646484,90.0,73.0999984741211,61.23046875,99.93489074707033,11.877257347106934,60.77240379047137,41577.0,27.443878173828125,23.71759033203125,23.9351806640625,24.99594116210937,41.89999961853027
2021-11-27 13:43:13.991,15.545605659484863,85.0,164.49381256103516,90.0,74.69999694824219,61.23046875,99.93489074707033,11.900622367858888,57.10795313761349,41577.0,29.81019592285156,25.02313232421875,23.826385498046875,28.17822265625,41.89999961853027
2021-11-27 13:43:14.994,15.556082725524902,84.93975830078125,164.60774993896484,90.0,73.5,61.23046875,99.93489074707033,11.92204761505127,61.32953189835416,41577.0,29.40220642089844,28.531814575195312,22.167236328125,26.165496826171875,41.92500019073486
2021-11-27 13:43:16.005,15.556082725524902,84.93975830078125,164.60774993896484,90.0,73.5,61.23046875,99.93489074707033,11.92204761505127,61.32953189835416,41577.0,29.40220642089844,28.531814575195312,22.167236328125,26.165496826171875,41.92500019073486
2021-11-27 13:43:16.994,15.591872215270996,85.0,164.4205780029297,90.0,74.0,61.23046875,99.93489074707033,11.927985191345217,57.67498106795395,41577.0,30.92535400390625,29.184600830078125,23.47279357910156,26.73667907714844,41.89999961853027
2021-11-27 13:43:17.992,15.591872215270996,85.0,164.4205780029297,90.0,74.0,61.23046875,99.93489074707033,11.927985191345217,57.67498106795395,41577.0,30.92535400390625,29.184600830078125,23.47279357910156,26.73667907714844,41.89999961853027
2021-11-27 13:43:18.991,15.61599826812744,85.0,165.26692962646484,90.0,74.4000015258789,61.23046875,99.93489074707033,11.95223903656006,58.36279677971215,41577.0,32.69329833984375,27.66143798828125,27.117462158203125,26.1383056640625,41.89999961853027
2021-11-27 13:43:19.994,15.57993984222412,85.06024169921875,164.6158905029297,90.0,74.19999694824219,61.23046875,99.93489074707033,11.966318130493164,58.43500154957373,41577.0,32.421295166015625,30.87094116210937,24.85995483398437,25.104736328125,41.89999961853027
2021-11-27 13:43:20.994,15.57993984222412,85.06024169921875,164.6158905029297,90.0,74.19999694824219,61.23046875,99.93489074707033,11.966318130493164,58.43500154957373,41577.0,32.421295166015625,30.87094116210937,24.85995483398437,25.104736328125,41.89999961853027
2021-11-27 13:43:21.994,15.536857604980469,85.0,164.54264068603516,90.0,73.5999984741211,61.23046875,99.93489074707033,11.978282928466797,60.53656306793155,41577.0,29.211822509765625,26.00230407714844,22.629623413085938,27.634246826171875,41.89999961853027
2021-11-27 13:43:23.002,15.542591094970703,84.93975830078125,163.57422637939453,90.07575225830078,73.19999694824219,61.23046875,99.93489074707033,12.001720428466797,59.41997846552509,41577.0,29.239013671875,23.5,22.439239501953125,25.295135498046875,41.89999961853027
2021-11-27 13:43:23.992,15.542591094970703,84.93975830078125,163.57422637939453,90.07575225830078,73.19999694824219,61.23046875,99.93489074707033,12.001720428466797,59.41997846552509,41577.0,29.239013671875,23.5,22.439239501953125,25.295135498046875,41.89999961853027
2021-11-27 13:43:25.001,15.55211353302002,85.0,163.66373443603516,90.0,73.69999694824219,61.23046875,99.93489074707033,12.01405143737793,57.65955240549896,41577.0,32.33970642089844,28.66781616210937,22.30322265625,19.14813232421875,41.89999961853027
2021-11-27 13:43:25.991,15.561019897460938,85.0,164.8193359375,90.0,74.5999984741211,61.23046875,99.93489074707033,12.02150058746338,57.03890503301115,41577.0,31.7413330078125,29.102996826171875,25.213531494140625,27.253463745117188,41.89999961853027
2021-11-27 13:43:26.993,15.561019897460938,85.0,164.8193359375,90.0,74.5999984741211,61.23046875,99.93489074707033,12.02150058746338,57.03890503301115,41577.0,31.7413330078125,29.102996826171875,25.213531494140625,27.253463745117188,41.89999961853027
2021-11-27 13:43:27.992,15.59657096862793,84.93975830078125,164.3391876220703,90.0,73.29999542236328,61.23046875,99.93489074707033,12.035656929016112,62.01877109168965,41577.0,29.13021850585937,29.021392822265625,24.01678466796875,25.97509765625,41.89999961853027
2021-11-27 13:43:28.994,15.639022827148438,85.0,163.916015625,90.0,73.79999542236328,61.23046875,99.93489074707033,12.05000114440918,58.91268810023036,41577.0,29.647003173828125,25.213531494140625,23.69038391113281,25.48553466796875,41.89999961853027
2021-11-27 13:43:29.993,15.639022827148438,85.0,163.916015625,90.0,73.79999542236328,61.23046875,99.93489074707033,12.05000114440918,58.91268810023036,41577.0,29.647003173828125,25.213531494140625,23.69038391113281,25.48553466796875,41.89999961853027
2021-11-27 13:43:31.002,15.62523365020752,85.0,164.111328125,90.0,74.5,61.23046875,99.93489074707033,12.06171703338623,59.66418238985074,41577.0,31.52374267578125,25.784713745117188,25.18634033203125,24.26156616210937,41.89999961853027
2021-11-27 13:43:32.005,15.590911865234377,85.0,163.6393280029297,90.0,73.79999542236328,61.23046875,99.93489074707033,12.075634956359863,57.20979693491464,41577.0,31.95892333984375,26.65509033203125,24.75115966796875,23.11920166015625,41.89999961853027
2021-11-27 13:43:32.990,15.590911865234377,85.0,163.6393280029297,90.0,73.79999542236328,61.23046875,99.93489074707033,12.075634956359863,57.20979693491464,41577.0,31.95892333984375,26.65509033203125,24.75115966796875,23.11920166015625,41.89999961853027
2021-11-27 13:43:34.002,15.60887336730957,85.0,164.70540618896484,90.0,74.0999984741211,61.23046875,99.93489074707033,12.092907905578612,57.22597407358303,41577.0,33.400482177734375,28.722213745117188,22.6024169921875,28.4774169921875,41.87499904632568
2021-11-27 13:43:34.994,15.627700805664062,85.0,165.234375,90.0,74.5999984741211,61.23046875,99.93489074707033,12.094317436218262,58.90795658367645,41577.0,33.07408142089844,25.947906494140625,26.192703247070312,28.151031494140625,41.89999961853027
2021-11-27 13:43:35.994,15.627700805664062,85.0,165.234375,90.0,74.5999984741211,61.23046875,99.93489074707033,12.094317436218262,58.90795658367645,41577.0,33.07408142089844,25.947906494140625,26.192703247070312,28.151031494140625,41.89999961853027
2021-11-27 13:43:37.000,15.647833824157717,85.0,164.1031951904297,90.0,74.80000305175781,61.23046875,99.93489074707033,12.116719245910645,59.0299965083984,41577.0,30.32696533203125,24.370361328125,23.06480407714844,26.083892822265625,41.89999961853027
2021-11-27 13:43:38.003,15.687639236450195,85.0,163.63931274414062,90.0,73.5,61.23046875,99.93489074707033,12.124701499938965,59.84087899085223,41577.0,28.178253173828125,26.1383056640625,22.22163391113281,25.050338745117188,41.89999961853027
2021-11-27 13:43:38.991,15.687639236450195,85.0,163.63931274414062,90.0,73.5,61.23046875,99.93489074707033,12.124701499938965,59.84087899085223,41577.0,28.178253173828125,26.1383056640625,22.22163391113281,25.050338745117188,41.89999961853027
2021-11-27 13:43:39.994,15.712565422058104,85.0,163.9729766845703,90.0,73.5,61.23046875,99.93489074707033,12.132765769958496,55.66411017261115,41577.0,30.4085693359375,23.98956298828125,24.343170166015625,24.75115966796875,41.89999961853027
2021-11-27 13:43:41.000,15.68846321105957,85.0,164.47754669189453,90.0,74.0,61.23046875,99.93489074707033,12.14413070678711,59.14440092140407,41577.0,30.32696533203125,28.91259765625,24.94154357910156,23.227996826171875,41.87499904632568
2021-11-27 13:43:42.002,15.68846321105957,85.0,164.47754669189453,90.0,74.0,61.23046875,99.93489074707033,12.14413070678711,59.14440092140407,41577.0,30.32696533203125,28.91259765625,24.94154357910156,23.227996826171875,41.87499904632568
2021-11-27 13:43:43.002,15.630128860473633,84.93975830078125,164.11946868896484,90.0,73.19999694824219,61.23046875,99.93489074707033,12.159619331359863,62.22742254159981,41577.0,30.653366088867188,27.8790283203125,24.75115966796875,28.17822265625,41.87499904632568
2021-11-27 13:43:43.992,15.612229347229004,85.06024169921875,163.60677337646484,90.0,73.5,61.23046875,99.93489074707033,12.163772583007812,59.70142564641304,41577.0,27.498275756835938,27.44384765625,23.173614501953125,24.615142822265625,41.87499904632568
2021-11-27 13:43:44.991,15.612229347229004,85.06024169921875,163.60677337646484,90.0,73.5,61.23046875,99.93489074707033,12.163772583007812,59.70142564641304,41577.0,27.498275756835938,27.44384765625,23.173614501953125,24.615142822265625,41.87499904632568
2021-11-27 13:43:45.994,15.606193542480469,85.06024169921875,162.6627655029297,90.0,74.0,61.23046875,99.93489074707033,12.17859935760498,58.61947302294999,41577.0,30.245376586914062,25.376724243164062,22.575225830078125,21.8680419921875,41.89999961853027
2021-11-27 13:43:46.995,15.587332725524902,85.0,163.73697662353516,90.0,74.19999694824219,61.23046875,99.93489074707033,12.205829620361328,54.72802593018582,41577.0,32.802093505859375,23.2008056640625,22.711212158203125,25.213531494140625,41.87499904632568
2021-11-27 13:43:47.990,15.587332725524902,85.0,163.73697662353516,90.0,74.19999694824219,61.23046875,99.93489074707033,12.205829620361328,54.72802593018582,41577.0,32.802093505859375,23.2008056640625,22.711212158203125,25.213531494140625,41.87499904632568
2021-11-27 13:43:49.004,15.593985557556152,84.93975830078125,164.56705474853516,90.0,74.4000015258789,61.23046875,99.93489074707033,12.214322090148926,58.82651813942947,41577.0,31.387741088867188,28.66781616210937,24.20716857910156,27.117462158203125,41.87499904632568
2021-11-27 13:43:50.004,15.627638816833496,85.06024169921875,163.51725006103516,90.0,73.9000015258789,61.23046875,99.93489074707033,12.23062801361084,58.1721133888094,41577.0,31.93173217773437,27.171875,22.520828247070312,25.59432983398437,41.87499904632568
2021-11-27 13:43:50.993,15.627638816833496,85.06024169921875,163.51725006103516,90.0,73.9000015258789,61.23046875,99.93489074707033,12.23062801361084,58.1721133888094,41577.0,31.93173217773437,27.171875,22.520828247070312,25.59432983398437,41.87499904632568
2021-11-27 13:43:52.001,15.617114067077637,85.0,163.5335235595703,90.0,74.19999694824219,61.23046875,99.93489074707033,12.24460220336914,58.41100149971931,41577.0,28.8038330078125,26.19268798828125,25.5399169921875,23.66317749023437,41.87499904632568
2021-11-27 13:43:53.002,15.559894561767578,84.93975830078125,163.29752349853516,90.0,74.0,61.23046875,99.93489074707033,12.251662254333496,57.14124392334956,41577.0,32.33970642089844,27.96063232421875,22.33042907714844,27.035873413085938,41.87499904632568
2021-11-27 13:43:54.003,15.559894561767578,84.93975830078125,163.29752349853516,90.0,74.0,61.23046875,99.93489074707033,12.251662254333496,57.14124392334956,41577.0,32.33970642089844,27.96063232421875,22.33042907714844,27.035873413085938,41.87499904632568
2021-11-27 13:43:54.990,15.529062271118164,85.0,163.51725006103516,90.0,73.69999694824219,61.23046875,99.93489074707033,12.263391494750977,59.405333111594246,41577.0,31.30615234375,24.2071533203125,22.520828247070312,25.92071533203125,41.87499904632568
2021-11-27 13:43:55.991,15.518898010253906,85.06024169921875,164.61588287353516,90.0,74.19999694824219,61.23046875,99.93489074707033,12.270256996154783,60.6775341638755,41577.0,31.7413330078125,29.918975830078125,28.314239501953125,25.48553466796875,41.87499904632568
2021-11-27 13:43:56.994,15.518898010253906,85.06024169921875,164.61588287353516,90.0,74.19999694824219,61.23046875,99.93489074707033,12.270256996154783,60.6775341638755,41577.0,31.7413330078125,29.918975830078125,28.314239501953125,25.48553466796875,41.87499904632568
2021-11-27 13:43:57.992,15.505889892578123,84.93975830078125,163.82649993896484,90.0,74.0,61.23046875,99.93489074707033,12.278146743774414,62.04584102543413,41577.0,30.57177734375,27.579849243164062,24.39755249023437,25.947906494140625,41.87499904632568
2021-11-27 13:43:58.991,15.535826683044434,84.93975830078125,162.67903900146484,90.0,73.79999542236328,61.23046875,99.93489074707033,12.299009323120115,59.67765338008452,41577.0,28.88543701171875,27.66143798828125,21.296875,25.512725830078125,41.87499904632568
2021-11-27 13:44:00.002,15.535826683044434,84.93975830078125,162.67903900146484,90.0,73.79999542236328,61.23046875,99.93489074707033,12.299009323120115,59.67765338008452,41577.0,28.88543701171875,27.66143798828125,21.296875,25.512725830078125,41.87499904632568
2021-11-27 13:44:00.994,15.594579696655272,85.0,163.4765625,90.0,74.29999542236328,61.23046875,99.93489074707033,12.31600284576416,58.28348967001308,41577.0,28.749420166015625,26.899871826171875,22.4664306640625,27.552642822265625,41.89999961853027
2021-11-27 13:44:02.005,15.573798179626465,85.06024169921875,163.41146087646484,90.0,73.9000015258789,61.23046875,99.93489074707033,12.324136734008787,56.79605171022156,41577.0,31.36053466796875,25.86630249023437,22.22163391113281,25.32232666015625,41.87499904632568
2021-11-27 13:44:02.994,15.573798179626465,85.06024169921875,163.41146087646484,90.0,73.9000015258789,61.23046875,99.93489074707033,12.324136734008787,56.79605171022156,41577.0,31.36053466796875,25.86630249023437,22.22163391113281,25.32232666015625,41.87499904632568
2021-11-27 13:44:03.993,15.528992652893066,85.0,164.08692169189453,90.0,74.0,61.23046875,99.93489074707033,12.338875770568848,61.27957016651816,41577.0,31.82293701171875,27.552642822265625,26.4375,26.4375,41.87499904632568
2021-11-27 13:44:04.990,15.527222633361816,84.93975830078125,164.46126556396484,90.0,74.0,61.23046875,99.93489074707033,12.348037719726562,59.89276375669449,41577.0,29.347808837890625,29.29339599609375,25.077545166015625,25.4039306640625,41.87499904632568
2021-11-27 13:44:06.002,15.527222633361816,84.93975830078125,164.46126556396484,90.0,74.0,61.23046875,99.93489074707033,12.348037719726562,59.89276375669449,41577.0,29.347808837890625,29.29339599609375,25.077545166015625,25.4039306640625,41.87499904632568
2021-11-27 13:44:07.001,15.540602684020996,84.93975830078125,162.30467987060547,90.0,73.19999694824219,61.23046875,99.93489074707033,12.353005409240724,61.0948448783692,41577.0,29.701400756835938,26.49188232421875,21.432861328125,25.376739501953125,41.87499904632568
2021-11-27 13:44:07.994,15.57766056060791,85.06024169921875,163.89974212646484,90.0,74.5,61.23046875,99.93489074707033,12.36783218383789,55.54555296041272,41577.0,30.84375,26.1383056640625,24.560760498046875,27.19906616210937,41.87499904632568
2021-11-27 13:44:08.993,15.57766056060791,85.06024169921875,163.89974212646484,90.0,74.5,61.23046875,99.93489074707033,12.36783218383789,55.54555296041272,41577.0,30.84375,26.1383056640625,24.560760498046875,27.19906616210937,41.87499904632568
2021-11-27 13:44:10.003,15.655287742614746,85.0,163.96484375,90.0,74.0,61.23046875,99.93489074707033,12.383581161499023,58.34541016348985,41577.0,34.053253173828125,29.184600830078125,22.711212158203125,23.989578247070312,41.87499904632568
2021-11-27 13:44:10.993,15.703269004821776,84.93975830078125,163.0289764404297,90.0,74.5,61.23046875,99.93489074707033,12.39272403717041,56.28626233908503,41577.0,33.019683837890625,26.981475830078125,23.5,26.62788391113281,41.87499904632568
2021-11-27 13:44:12.002,15.703269004821776,84.93975830078125,163.0289764404297,90.0,74.5,61.23046875,99.93489074707033,12.39272403717041,56.28626233908503,41577.0,33.019683837890625,26.981475830078125,23.5,26.62788391113281,41.87499904632568
2021-11-27 13:44:13.005,15.711432456970217,85.0,163.0615234375,90.0,73.9000015258789,61.23046875,99.93489074707033,12.410305976867676,59.52496465626452,41577.0,29.29341125488281,28.314224243164062,27.38946533203125,21.786453247070312,41.87499904632568
2021-11-27 13:44:14.005,15.644851684570312,85.0,162.43489837646484,90.0,73.19999694824219,61.23046875,99.93489074707033,12.420729637145996,59.550269750053886,41577.0,31.19735717773437,27.171875,21.81365966796875,24.560760498046875,41.87499904632568
2021-11-27 13:44:14.994,15.644851684570312,85.0,162.43489837646484,90.0,73.19999694824219,61.23046875,99.93489074707033,12.420729637145996,59.550269750053886,41577.0,31.19735717773437,27.171875,21.81365966796875,24.560760498046875,41.87499904632568
2021-11-27 13:44:15.993,15.59848690032959,85.0,162.9150390625,90.0,74.0999984741211,61.23046875,99.93489074707033,12.425941467285156,57.27195798975056,41577.0,32.09490966796875,25.295135498046875,20.83447265625,28.61341857910156,41.87499904632568
2021-11-27 13:44:16.994,15.606431007385254,84.93975830078125,163.037109375,90.0,73.69999694824219,61.23046875,99.93489074707033,12.441259384155272,59.31926070099543,41577.0,32.39410400390625,27.22625732421875,22.95600891113281,20.86167907714844,41.87499904632568
2021-11-27 13:44:17.994,15.606431007385254,84.93975830078125,163.037109375,90.0,73.69999694824219,61.23046875,99.93489074707033,12.441259384155272,59.31926070099543,41577.0,32.39410400390625,27.22625732421875,22.95600891113281,20.86167907714844,41.87499904632568
2021-11-27 13:44:18.994,15.654420852661133,84.93975830078125,163.80208587646484,90.0,74.0999984741211,61.23046875,99.93489074707033,12.454256057739258,57.87448462824821,41577.0,32.44850158691406,25.050338745117188,25.73031616210937,27.19906616210937,41.87499904632568
2021-11-27 13:44:19.991,15.70495319366455,85.06024169921875,163.59864044189453,90.0,73.69999694824219,61.23046875,99.93489074707033,12.459548950195312,59.08988278181282,41577.0,28.695037841796875,27.38946533203125,24.96875,25.92071533203125,41.87499904632568
2021-11-27 13:44:21.005,15.70495319366455,85.06024169921875,163.59864044189453,90.0,73.69999694824219,61.23046875,99.93489074707033,12.459548950195312,59.08988278181282,41577.0,28.695037841796875,27.38946533203125,24.96875,25.92071533203125,41.87499904632568
2021-11-27 13:44:21.991,15.746785163879396,84.93975830078125,162.5813751220703,90.0,74.0,61.23046875,99.93489074707033,12.478363990783691,56.72387127165153,41577.0,27.770263671875,27.280670166015625,23.363998413085938,25.24072265625,41.87499904632568
2021-11-27 13:44:22.992,15.722515106201172,85.0,162.5732421875,90.0,74.0999984741211,61.23046875,99.93489074707033,12.495699882507324,58.0418639724784,41577.0,33.9444580078125,26.111099243164062,21.94964599609375,26.927078247070312,41.87499904632568
2021-11-27 13:44:24.003,15.722515106201172,85.0,162.5732421875,90.0,74.0999984741211,61.23046875,99.93489074707033,12.495699882507324,58.0418639724784,41577.0,33.9444580078125,26.111099243164062,21.94964599609375,26.927078247070312,41.87499904632568
2021-11-27 13:44:24.991,15.643277168273926,85.0,163.1591796875,90.0,74.69999694824219,61.23046875,99.93489074707033,12.501154899597168,56.40646631305605,41577.0,32.366912841796875,26.92706298828125,27.634246826171875,27.0086669921875,41.87499904632568
2021-11-27 13:44:26.005,15.62006664276123,85.0,163.18359375,90.0,74.0,61.23046875,99.93489074707033,12.514504432678224,59.938998195658336,41577.0,31.49653625488281,26.573486328125,26.35589599609375,24.370361328125,41.87499904632568
2021-11-27 13:44:26.994,15.62006664276123,85.0,163.18359375,90.0,74.0,61.23046875,99.93489074707033,12.514504432678224,59.938998195658336,41577.0,31.49653625488281,26.573486328125,26.35589599609375,24.370361328125,41.87499904632568
2021-11-27 13:44:28.002,15.577920913696287,85.0,163.36263275146484,90.0,74.29999542236328,61.23046875,99.93489074707033,12.537714958190918,59.02045837084566,41577.0,30.381378173828125,29.619781494140625,23.47279357910156,25.24072265625,41.87499904632568
2021-11-27 13:44:29.992,15.55238914489746,85.0,163.18359375,90.0,74.0,61.23046875,99.93489074707033,12.549837112426758,56.82692814054964,41577.0,30.59896850585937,26.65509033203125,24.6695556640625,28.4774169921875,41.87499904632568
2021-11-27 13:44:29.000,15.55238914489746,85.0,163.18359375,90.0,74.0,61.23046875,99.93489074707033,12.549837112426758,56.82692814054964,41577.0,30.59896850585937,26.65509033203125,24.6695556640625,28.4774169921875,41.87499904632568
2021-11-27 13:44:30.993,15.530794143676758,85.0,162.744140625,90.0,73.79999542236328,61.23046875,99.93489074707033,12.56855010986328,58.86836062004205,41577.0,31.714126586914062,24.9415283203125,22.38482666015625,26.029510498046875,41.87499904632568
2021-11-27 13:44:31.993,15.5384521484375,85.0,162.59765625,90.0,73.69999694824219,61.23046875,99.93489074707033,12.582542419433594,59.98913144880628,41577.0,32.53009033203125,26.519088745117188,22.167236328125,25.59432983398437,41.87499904632568
2021-11-27 13:44:32.990,15.5384521484375,85.0,162.59765625,90.0,73.69999694824219,61.23046875,99.93489074707033,12.582542419433594,59.98913144880628,41577.0,32.53009033203125,26.519088745117188,22.167236328125,25.59432983398437,41.87499904632568
2021-11-27 13:44:34.002,15.592096328735352,85.0,163.41959381103516,90.0,73.9000015258789,61.23046875,99.93489074707033,12.589151382446287,58.88906888761967,41577.0,30.05499267578125,27.797439575195312,26.111114501953125,22.65682983398437,41.87499904632568
2021-11-27 13:44:35.003,15.572772026062012,84.93975830078125,163.07779693603516,90.0,73.69999694824219,61.23046875,99.93489074707033,12.603198051452637,58.99573825718106,41577.0,32.69329833984375,29.13018798828125,25.458328247070312,21.976837158203125,41.87499904632568
2021-11-27 13:44:35.990,15.572772026062012,84.93975830078125,163.07779693603516,90.0,73.69999694824219,61.23046875,99.93489074707033,12.603198051452637,58.99573825718106,41577.0,32.69329833984375,29.13018798828125,25.458328247070312,21.976837158203125,41.87499904632568
2021-11-27 13:44:36.992,15.51806354522705,85.0,162.9638671875,90.0,73.5,61.23046875,99.93489074707033,12.627175331115724,59.2655684482219,41577.0,32.33970642089844,25.4039306640625,23.173614501953125,28.967010498046875,41.87499904632568
2021-11-27 13:44:38.004,15.479979515075684,85.06024169921875,162.1419219970703,90.0,73.9000015258789,61.23046875,99.93489074707033,12.630708694458008,59.37445449356469,41577.0,33.645263671875,26.328689575195312,22.05844116210937,25.86630249023437,41.87499904632568
2021-11-27 13:44:38.993,15.479979515075684,85.06024169921875,162.1419219970703,90.0,73.9000015258789,61.23046875,99.93489074707033,12.630708694458008,59.37445449356469,41577.0,33.645263671875,26.328689575195312,22.05844116210937,25.86630249023437,41.87499904632568
2021-11-27 13:44:39.993,15.45741367340088,85.0,161.9466094970703,90.0,73.5999984741211,61.23046875,99.93489074707033,12.648275375366213,60.21531744930505,41577.0,35.92999267578125,24.370361328125,22.493621826171875,25.15913391113281,41.87499904632568
2021-11-27 13:44:40.994,15.46683406829834,85.0,163.1103515625,90.0,74.0999984741211,61.23046875,99.93489074707033,12.669266700744627,57.907782952569626,41577.0,27.90625,23.907974243164062,29.34779357910156,24.315963745117188,41.87499904632568
2021-11-27 13:44:41.993,15.46683406829834,85.0,163.1103515625,90.0,74.0999984741211,61.23046875,99.93489074707033,12.669266700744627,57.907782952569626,41577.0,27.90625,23.907974243164062,29.34779357910156,24.315963745117188,41.87499904632568
2021-11-27 13:44:42.994,15.520294189453123,85.0,163.4928436279297,90.0,73.9000015258789,61.23046875,99.93489074707033,12.675374031066896,60.98439321901257,41577.0,28.58624267578125,29.021392822265625,25.5399169921875,24.642364501953125,41.87499904632568
2021-11-27 13:44:43.991,15.562743186950684,85.0,162.8173828125,90.0,73.0,61.23046875,99.93489074707033,12.69491195678711,60.199174579818425,41577.0,32.938079833984375,26.845474243164062,22.112838745117188,30.02777099609375,41.87499904632568
2021-11-27 13:44:45.002,15.562743186950684,85.0,162.8173828125,90.0,73.0,61.23046875,99.93489074707033,12.69491195678711,60.199174579818425,41577.0,32.938079833984375,26.845474243164062,22.112838745117188,30.02777099609375,41.87499904632568
2021-11-27 13:44:45.994,15.551185607910156,84.93975830078125,163.0778045654297,90.0,74.29999542236328,61.23046875,99.93489074707033,12.72202491760254,59.02481486024064,41577.0,34.624420166015625,26.19268798828125,24.01678466796875,24.94154357910156,41.87499904632568
2021-11-27 13:44:46.994,15.537755012512209,85.0,162.20702362060547,90.0,73.5,61.23046875,99.93489074707033,12.73407745361328,59.73058478318604,41577.0,32.63890075683594,27.19906616210937,24.778350830078125,24.642364501953125,41.87499904632568
2021-11-27 13:44:47.993,15.537755012512209,85.0,162.20702362060547,90.0,73.5,61.23046875,99.93489074707033,12.73407745361328,59.73058478318604,41577.0,32.63890075683594,27.19906616210937,24.778350830078125,24.642364501953125,41.87499904632568
2021-11-27 13:44:48.994,15.58485984802246,85.06024169921875,162.77669525146484,90.0,74.69999694824219,61.23046875,99.93489074707033,12.749387741088867,57.31405778149556,41577.0,26.92709350585937,27.7430419921875,26.165496826171875,24.85995483398437,41.87499904632568
2021-11-27 13:44:50.003,15.651504516601562,85.0,163.037109375,90.0,73.4000015258789,61.23046875,99.93489074707033,12.76306438446045,60.62167312381244,41577.0,29.13021850585937,27.035858154296875,23.962371826171875,27.280670166015625,41.87499904632568
2021-11-27 13:44:50.994,15.651504516601562,85.0,163.037109375,90.0,73.4000015258789,61.23046875,99.93489074707033,12.76306438446045,60.62167312381244,41577.0,29.13021850585937,27.035858154296875,23.962371826171875,27.280670166015625,41.87499904632568
2021-11-27 13:44:52.994,15.761736869812012,85.0,162.0035858154297,90.0,74.0,61.23046875,99.93489074707033,12.800484657287598,58.38234943362768,41577.0,33.237274169921875,24.50634765625,23.146392822265625,26.383087158203125,41.87499904632568
2021-11-27 13:44:52.000,15.716449737548828,85.0,162.71158599853516,90.0,74.69999694824219,61.23046875,99.93489074707033,12.775193214416504,57.44485109489795,41577.0,33.18287658691406,25.839111328125,23.227996826171875,27.44384765625,41.87499904632568
2021-11-27 13:44:53.993,15.761736869812012,85.0,162.0035858154297,90.0,74.0,61.23046875,99.93489074707033,12.800484657287598,58.38234943362768,41577.0,33.237274169921875,24.50634765625,23.146392822265625,26.383087158203125,41.87499904632568
2021-11-27 13:44:54.994,15.790811538696287,85.0,162.6057891845703,90.0,73.5999984741211,61.23046875,99.93489074707033,12.816256523132324,59.98804229965384,41577.0,28.967025756835938,28.4774169921875,23.445587158203125,22.30322265625,41.87499904632568
2021-11-27 13:44:55.992,15.78325366973877,84.93975830078125,162.58951568603516,90.0,73.5,61.23046875,99.93489074707033,12.824560165405272,58.79050783323034,41577.0,32.01332092285156,25.5399169921875,23.581588745117188,26.46469116210937,41.87499904632568
2021-11-27 13:44:57.001,15.78325366973877,84.93975830078125,162.58951568603516,90.0,73.5,61.23046875,99.93489074707033,12.824560165405272,58.79050783323034,41577.0,32.01332092285156,25.5399169921875,23.581588745117188,26.46469116210937,41.87499904632568
2021-11-27 13:44:57.991,15.7734956741333,85.0,163.54979705810547,90.0,74.4000015258789,61.23046875,99.93489074707033,12.843668937683104,58.289294811656,41577.0,30.54457092285156,27.797439575195312,25.567123413085938,28.885406494140625,41.87499904632568
2021-11-27 13:44:58.992,15.76996612548828,85.0,162.36978912353516,90.0,74.4000015258789,61.23046875,99.93489074707033,12.864492416381836,58.99394364105292,41577.0,31.632537841796875,28.06942749023437,23.880767822265625,24.179962158203125,41.87499904632568
2021-11-27 13:44:59.992,15.76996612548828,85.0,162.36978912353516,90.0,74.4000015258789,61.23046875,99.93489074707033,12.864492416381836,58.99394364105292,41577.0,31.632537841796875,28.06942749023437,23.880767822265625,24.179962158203125,41.87499904632568
2021-11-27 13:45:00.991,15.75400733947754,85.0,161.1979217529297,90.0,73.5,61.23046875,99.93489074707033,12.871332168579102,59.98456566553711,41578.0,31.82293701171875,24.479156494140625,20.01850891113281,22.24884033203125,41.87499904632568
2021-11-27 13:45:02.005,15.732276916503906,85.06024169921875,162.48372650146484,90.0,73.79999542236328,61.23046875,99.93489074707033,12.892394065856934,57.91825896518096,41578.0,28.9398193359375,23.227996826171875,26.192703247070312,24.94154357910156,41.87499904632568
2021-11-27 13:45:03.005,15.732276916503906,85.06024169921875,162.48372650146484,90.0,73.79999542236328,61.23046875,99.93489074707033,12.892394065856934,57.91825896518096,41578.0,28.9398193359375,23.227996826171875,26.192703247070312,24.94154357910156,41.87499904632568
2021-11-27 13:45:03.995,15.741815567016602,85.0,163.38704681396484,90.0,73.69999694824219,61.23046875,99.93489074707033,12.916043281555176,57.32240797407565,41578.0,30.54457092285156,28.80380249023437,25.13192749023437,24.28875732421875,41.87499904632568
2021-11-27 13:45:04.994,15.74278736114502,85.0,162.9475860595703,90.0,74.0,61.23046875,99.93489074707033,12.930386543273926,57.86226486382652,41578.0,30.245376586914062,28.287017822265625,22.520828247070312,28.232635498046875,41.87499904632568
2021-11-27 13:45:06.003,15.74278736114502,85.0,162.9475860595703,90.0,74.0,61.23046875,99.93489074707033,12.930386543273926,57.86226486382652,41578.0,30.245376586914062,28.287017822265625,22.520828247070312,28.232635498046875,41.87499904632568
2021-11-27 13:45:07.995,15.63395881652832,85.0,161.68619537353516,90.0,73.4000015258789,61.23046875,99.93489074707033,12.98427963256836,58.32151731362036,41578.0,30.653366088867188,25.62152099609375,22.167236328125,20.5625,41.87499904632568
2021-11-27 13:45:07.000,15.694072723388672,85.0,162.56510162353516,90.0,73.9000015258789,61.23046875,99.93489074707033,12.950355529785156,59.406753762116544,41578.0,32.69329833984375,27.93344116210937,26.981475830078125,27.253463745117188,41.87499904632568
2021-11-27 13:45:09.003,15.63395881652832,85.0,161.68619537353516,90.0,73.4000015258789,61.23046875,99.93489074707033,12.98427963256836,58.32151731362036,41578.0,30.653366088867188,25.62152099609375,22.167236328125,20.5625,41.87499904632568
2021-11-27 13:45:09.992,15.593110084533691,85.0,162.05240631103516,90.0,74.29999542236328,61.23046875,99.93489074707033,12.995728492736816,58.5352198007151,41578.0,29.45660400390625,28.749420166015625,24.098373413085938,27.171875,41.87499904632568
2021-11-27 13:45:10.994,15.554899215698242,85.0,163.08594512939453,90.0,73.79999542236328,61.23046875,99.93489074707033,13.013038635253906,59.48867312050757,41578.0,26.111114501953125,27.063064575195312,26.845489501953125,27.7430419921875,41.87499904632568
2021-11-27 13:45:11.992,15.554899215698242,85.0,163.08594512939453,90.0,73.79999542236328,61.23046875,99.93489074707033,13.013038635253906,59.48867312050757,41578.0,26.111114501953125,27.063064575195312,26.845489501953125,27.7430419921875,41.87499904632568
2021-11-27 13:45:12.992,15.51181411743164,85.0,162.0849609375,90.0,74.19999694824219,61.23046875,99.93489074707033,13.03124713897705,60.29460958520572,41578.0,33.56365966796875,27.1446533203125,24.20716857910156,26.927078247070312,41.87499904632568
2021-11-27 13:45:14.002,15.497143745422363,85.0,162.59765625,90.0,73.19999694824219,61.23046875,99.93489074707033,13.045258522033691,62.641727445891625,41578.0,31.550933837890625,25.02313232421875,21.35125732421875,24.94154357910156,41.87499904632568
2021-11-27 13:45:14.994,15.497143745422363,85.0,162.59765625,90.0,73.19999694824219,61.23046875,99.93489074707033,13.045258522033691,62.641727445891625,41578.0,31.550933837890625,25.02313232421875,21.35125732421875,24.94154357910156,41.87499904632568
2021-11-27 13:45:16.003,15.498876571655272,85.0,161.4095001220703,90.0,73.5999984741211,61.23046875,99.93489074707033,13.060401916503906,58.67053997261834,41578.0,30.59896850585937,27.22625732421875,22.6024169921875,21.895248413085938,41.87499904632568
2021-11-27 13:45:16.991,15.458773612976074,85.0,161.34439849853516,90.0,73.29999542236328,61.23046875,99.93489074707033,13.091055870056152,59.448377048827375,41578.0,28.66783142089844,27.22625732421875,23.11920166015625,25.839111328125,41.87499904632568
2021-11-27 13:45:18.001,15.458773612976074,85.0,161.34439849853516,90.0,73.29999542236328,61.23046875,99.93489074707033,13.091055870056152,59.448377048827375,41578.0,28.66783142089844,27.22625732421875,23.11920166015625,25.839111328125,41.87499904632568
2021-11-27 13:45:18.993,15.403703689575195,85.0,162.93944549560547,90.0,74.5,61.23046875,99.93489074707033,13.105303764343262,58.92433163194992,41578.0,30.299774169921875,26.4102783203125,27.987838745117188,27.416656494140625,41.87499904632568
2021-11-27 13:45:19.994,15.396400451660156,85.0,162.80924224853516,90.0,74.19999694824219,61.23046875,99.93489074707033,13.126648902893066,59.76364692520504,41578.0,33.42767333984375,29.9461669921875,23.363998413085938,27.171875,41.87499904632568
2021-11-27 13:45:20.991,15.396400451660156,85.0,162.80924224853516,90.0,74.19999694824219,61.23046875,99.93489074707033,13.126648902893066,59.76364692520504,41578.0,33.42767333984375,29.9461669921875,23.363998413085938,27.171875,41.87499904632568
2021-11-27 13:45:21.991,15.401792526245115,85.0,161.4501953125,90.0,73.5999984741211,61.23046875,99.93489074707033,13.144052505493164,61.43012678057828,41578.0,34.352447509765625,28.4774169921875,22.00404357910156,26.083892822265625,41.87499904632568
2021-11-27 13:45:22.991,15.416574478149414,85.0,161.55599212646484,90.0,73.79999542236328,61.23046875,99.93489074707033,13.151949882507324,60.27520656709216,41578.0,30.87095642089844,23.282394409179688,24.315963745117188,26.301498413085938,41.87499904632568
2021-11-27 13:45:23.991,15.416574478149414,85.0,161.55599212646484,90.0,73.79999542236328,61.23046875,99.93489074707033,13.151949882507324,60.27520656709216,41578.0,30.87095642089844,23.282394409179688,24.315963745117188,26.301498413085938,41.87499904632568
2021-11-27 13:45:24.995,15.472603797912598,85.0,161.46646881103516,90.0,73.69999694824219,61.23046875,99.93489074707033,13.167744636535645,58.90679423905066,41578.0,30.92535400390625,27.96063232421875,24.179962158203125,23.635986328125,41.87499904632568
2021-11-27 13:45:25.994,15.543224334716797,85.0,162.50814056396484,90.0,74.0,61.23046875,99.93489074707033,13.19090461730957,56.233426014028986,41578.0,29.59259033203125,24.99594116210937,25.376739501953125,29.021392822265625,41.87499904632568
2021-11-27 13:45:26.992,15.543224334716797,85.0,162.50814056396484,90.0,74.0,61.23046875,99.93489074707033,13.19090461730957,56.233426014028986,41578.0,29.59259033203125,24.99594116210937,25.376739501953125,29.021392822265625,41.87499904632568
2021-11-27 13:45:27.991,15.577343940734863,85.0,162.28841400146484,90.0,73.79999542236328,61.23046875,99.93489074707033,13.2005033493042,59.65552320251176,41578.0,32.44850158691406,30.435760498046875,24.179962158203125,24.098373413085938,41.87499904632568
2021-11-27 13:45:28.990,15.579519271850586,85.0,162.2721405029297,90.0,74.19999694824219,61.23046875,99.93489074707033,13.229586601257324,57.76182124359785,41578.0,32.883697509765625,28.4774169921875,24.370361328125,24.39755249023437,41.87499904632568
2021-11-27 13:45:30.001,15.579519271850586,85.0,162.2721405029297,90.0,74.19999694824219,61.23046875,99.93489074707033,13.229586601257324,57.76182124359785,41578.0,32.883697509765625,28.4774169921875,24.370361328125,24.39755249023437,41.87499904632568
2021-11-27 13:45:30.994,15.609466552734377,85.0,161.44205474853516,90.0,73.5,61.23046875,99.93489074707033,13.245923042297363,59.64288631178261,41578.0,32.203704833984375,22.68402099609375,24.179962158203125,26.029510498046875,41.87499904632568
2021-11-27 13:45:31.990,15.652284622192385,84.93975830078125,162.93946075439453,90.0,74.0,61.23046875,99.93489074707033,13.259743690490724,59.91590770754925,41578.0,27.90625,28.93980407714844,25.648712158203125,27.06307983398437,41.87499904632568
2021-11-27 13:45:33.004,15.652284622192385,84.93975830078125,162.93946075439453,90.0,74.0,61.23046875,99.93489074707033,13.259743690490724,59.91590770754925,41578.0,27.90625,28.93980407714844,25.648712158203125,27.06307983398437,41.87499904632568
2021-11-27 13:45:34.003,15.693535804748535,85.0,162.40234375,90.0,73.9000015258789,61.23046875,99.93489074707033,13.281054496765137,59.8026956346567,41578.0,31.550933837890625,27.33505249023437,27.307861328125,24.58795166015625,41.87499904632568
2021-11-27 13:45:35.005,15.749016761779783,85.0,161.767578125,90.0,73.79999542236328,61.23046875,99.93489074707033,13.301665306091309,58.008264240109376,41578.0,29.782989501953125,24.016769409179688,24.479156494140625,24.20716857910156,41.87499904632568
2021-11-27 13:45:35.994,15.749016761779783,85.0,161.767578125,90.0,73.79999542236328,61.23046875,99.93489074707033,13.301665306091309,58.008264240109376,41578.0,29.782989501953125,24.016769409179688,24.479156494140625,24.20716857910156,41.87499904632568
2021-11-27 13:45:36.994,15.80161476135254,85.0,162.05240631103516,90.0,73.5999984741211,61.23046875,99.93489074707033,13.309969902038574,59.35814017266017,41578.0,33.3460693359375,28.015045166015625,22.901611328125,21.18807983398437,41.87499904632568
2021-11-27 13:45:37.994,15.777959823608398,85.0,161.05142974853516,90.0,72.79999542236328,61.23046875,99.93489074707033,13.326578140258787,60.09768265859304,41578.0,32.421295166015625,25.839111328125,22.520828247070312,26.2742919921875,41.87499904632568
2021-11-27 13:45:38.990,15.777959823608398,85.0,161.05142974853516,90.0,72.79999542236328,61.23046875,99.93489074707033,13.326578140258787,60.09768265859304,41578.0,32.421295166015625,25.839111328125,22.520828247070312,26.2742919921875,41.87499904632568
2021-11-27 13:45:39.993,15.72811794281006,85.0,162.61392974853516,90.0,74.5999984741211,61.23046875,99.93489074707033,13.354574203491213,56.7391785183318,41578.0,30.435775756835938,29.266189575195312,23.5,28.69500732421875,41.87499904632568
2021-11-27 13:45:40.992,15.689987182617188,85.0,162.0849609375,90.0,74.5999984741211,61.23046875,99.93489074707033,13.366253852844238,57.46048174633045,41578.0,29.45660400390625,26.682281494140625,24.88714599609375,24.234375,41.87499904632568
2021-11-27 13:45:42.003,15.689987182617188,85.0,162.0849609375,90.0,74.5999984741211,61.23046875,99.93489074707033,13.366253852844238,57.46048174633045,41578.0,29.45660400390625,26.682281494140625,24.88714599609375,24.234375,41.87499904632568
2021-11-27 13:45:42.990,15.640457153320312,85.0,161.89778900146484,90.0,74.29999542236328,61.23046875,99.93489074707033,13.38320541381836,59.19070526422592,41578.0,32.720489501953125,27.33505249023437,23.85357666015625,26.165496826171875,41.84999942779541
2021-11-27 13:45:43.992,15.605539321899414,85.0,161.14095306396484,90.0,73.4000015258789,61.23046875,99.93489074707033,13.400139808654783,59.76524961447956,41578.0,30.05499267578125,26.029510498046875,24.99594116210937,23.3367919921875,41.84999942779541
2021-11-27 13:45:45.000,15.605539321899414,85.0,161.14095306396484,90.0,73.4000015258789,61.23046875,99.93489074707033,13.400139808654783,59.76524961447956,41578.0,30.05499267578125,26.029510498046875,24.99594116210937,23.3367919921875,41.84999942779541
2021-11-27 13:45:46.001,15.600382804870604,85.0,161.7268829345703,90.0,74.5,61.23046875,99.93489074707033,13.414277076721191,58.40591894444049,41578.0,30.816558837890625,26.383087158203125,23.52719116210937,23.635986328125,41.84999942779541
2021-11-27 13:45:47.001,15.61091423034668,85.0,161.64551544189453,90.0,73.5,61.23046875,99.93489074707033,13.4329833984375,59.73073247794795,41578.0,29.40220642089844,26.4375,19.5289306640625,28.640625,41.84999942779541
2021-11-27 13:45:47.994,15.61091423034668,85.0,161.64551544189453,90.0,73.5,61.23046875,99.93489074707033,13.4329833984375,59.73073247794795,41578.0,29.40220642089844,26.4375,19.5289306640625,28.640625,41.84999942779541
2021-11-27 13:45:49.002,15.60976219177246,85.0,162.4430389404297,90.0,74.0999984741211,61.23046875,99.93489074707033,13.455001831054688,55.877076655933145,41578.0,31.52374267578125,27.688644409179688,25.02313232421875,25.15913391113281,41.84999942779541
2021-11-27 13:45:50.004,15.55575942993164,85.0,161.4990234375,90.0,74.29999542236328,61.23046875,99.93489074707033,13.473356246948242,59.74717038320939,41578.0,32.96528625488281,27.171875,25.75750732421875,22.82000732421875,41.84999942779541
2021-11-27 13:45:51.004,15.55575942993164,85.0,161.4990234375,90.0,74.29999542236328,61.23046875,99.93489074707033,13.473356246948242,59.74717038320939,41578.0,32.96528625488281,27.171875,25.75750732421875,22.82000732421875,41.84999942779541
2021-11-27 13:45:51.992,15.523611068725586,85.0,161.4908905029297,90.0,74.0999984741211,61.23046875,99.93489074707033,13.498998641967772,58.22076811163454,41578.0,30.898162841796875,26.301483154296875,24.234375,26.573486328125,41.84999942779541
2021-11-27 13:45:53.005,15.491904258728027,85.0,161.46646881103516,90.0,74.0,61.23046875,99.93489074707033,13.523162841796877,56.87148211150905,41578.0,29.565399169921875,25.703125,23.3367919921875,28.66781616210937,41.84999942779541
2021-11-27 13:45:53.994,15.491904258728027,85.0,161.46646881103516,90.0,74.0,61.23046875,99.93489074707033,13.523162841796877,56.87148211150905,41578.0,29.565399169921875,25.703125,23.3367919921875,28.66781616210937,41.84999942779541
2021-11-27 13:45:54.993,15.47077465057373,85.0,161.8001251220703,90.0,74.5999984741211,61.23046875,99.93489074707033,13.532036781311035,58.74633884762089,41578.0,31.768524169921875,27.36225891113281,22.68402099609375,27.96063232421875,41.84999942779541
2021-11-27 13:45:55.990,15.483555793762209,84.93975830078125,161.68619537353516,90.0,74.69999694824219,61.23046875,99.93489074707033,13.55953598022461,55.372085994523786,41578.0,34.46124267578125,25.26792907714844,27.33505249023437,25.48553466796875,41.84999942779541
2021-11-27 13:45:56.994,15.54948616027832,85.06024169921875,162.0361328125,90.0,74.19999694824219,61.23046875,99.93489074707033,13.573394775390623,56.08254921950064,41578.0,31.251739501953125,30.6805419921875,24.12557983398437,21.1336669921875,41.84999942779541
2021-11-27 13:45:58.002,15.54948616027832,85.06024169921875,162.0361328125,90.0,74.19999694824219,61.23046875,99.93489074707033,13.573394775390623,56.08254921950064,41578.0,31.251739501953125,30.6805419921875,24.12557983398437,21.1336669921875,41.84999942779541
2021-11-27 13:45:58.994,15.58293914794922,85.0,161.8815155029297,90.0,74.0999984741211,61.23046875,99.93489074707033,13.600417137145996,58.98972159920724,41578.0,31.65972900390625,30.02777099609375,21.51446533203125,25.18634033203125,41.84999942779541
2021-11-27 13:45:59.993,15.557950973510742,84.93975830078125,161.5234375,90.0,73.5,61.23046875,99.93489074707033,13.609553337097168,60.51921361280897,41578.0,27.85186767578125,23.98956298828125,23.309600830078125,25.784713745117188,41.84999942779541
2021-11-27 13:46:00.991,15.557950973510742,84.93975830078125,161.5234375,90.0,73.5,61.23046875,99.93489074707033,13.609553337097168,60.51921361280897,41578.0,27.85186767578125,23.98956298828125,23.309600830078125,25.784713745117188,41.84999942779541
2021-11-27 13:46:01.990,15.54289722442627,85.0,161.42578125,90.0,74.4000015258789,61.23046875,99.93851470947266,13.64008617401123,56.20670001286668,41578.0,32.23091125488281,28.722213745117188,24.832748413085938,23.363998413085938,41.84999942779541
2021-11-27 13:46:02.995,15.547804832458496,85.0,162.43489837646484,90.0,74.0999984741211,61.23046875,99.93851470947266,13.659448623657228,59.96153040028387,41578.0,31.414947509765625,25.947906494140625,25.376739501953125,27.38946533203125,41.84999942779541
2021-11-27 13:46:04.005,15.547804832458496,85.0,162.43489837646484,90.0,74.0999984741211,61.23046875,99.93851470947266,13.659448623657228,59.96153040028387,41578.0,31.414947509765625,25.947906494140625,25.376739501953125,27.38946533203125,41.84999942779541
2021-11-27 13:46:04.993,15.59683895111084,85.0,162.2802734375,90.0,74.19999694824219,61.23046875,99.93489074707033,13.668728828430176,58.28790451247246,41578.0,30.435775756835938,29.456588745117188,25.32232666015625,20.508087158203125,41.84999942779541
2021-11-27 13:46:05.995,15.656503677368164,84.93975830078125,160.58756256103516,90.0,73.79999542236328,61.23046875,99.93851470947266,13.689746856689451,61.0487402292034,41578.0,32.366912841796875,28.722213745117188,25.32232666015625,28.53182983398437,41.84999942779541
2021-11-27 13:46:07.002,15.656503677368164,84.93975830078125,160.58756256103516,90.0,73.79999542236328,61.23046875,99.93851470947266,13.689746856689451,61.0487402292034,41578.0,32.366912841796875,28.722213745117188,25.32232666015625,28.53182983398437,41.84999942779541
2021-11-27 13:46:08.002,15.688459396362305,85.0,161.6129608154297,90.0,73.0999984741211,61.23046875,99.93489074707033,13.713275909423828,59.59090563703008,41578.0,30.46298217773437,22.874420166015625,22.765625,27.96063232421875,41.84999942779541
2021-11-27 13:46:08.994,15.70076847076416,85.06024169921875,162.38607025146484,90.0,74.5,61.23046875,99.93489074707033,13.739402770996094,56.91426128267534,41578.0,33.86285400390625,29.755767822265625,27.36225891113281,20.236114501953125,41.84999942779541
2021-11-27 13:46:09.990,15.70076847076416,85.06024169921875,162.38607025146484,90.0,74.5,61.23046875,99.93489074707033,13.739402770996094,56.91426128267534,41578.0,33.86285400390625,29.755767822265625,27.36225891113281,20.236114501953125,41.84999942779541
2021-11-27 13:46:10.990,15.650691986083984,85.0,161.6292266845703,90.0,74.0999984741211,61.23046875,99.93489074707033,13.748847007751465,57.36269366654195,41578.0,34.515625,27.09027099609375,24.26156616210937,23.9351806640625,41.84999942779541
2021-11-27 13:46:11.995,15.622909545898438,84.93975830078125,161.42578125,89.92424011230469,74.80000305175781,61.23046875,99.93489074707033,13.766105651855469,58.93435413233997,41578.0,27.770263671875,29.29339599609375,26.301498413085938,27.498260498046875,41.84999942779541
2021-11-27 13:46:13.993,15.626179695129396,85.0,160.63639068603516,90.0,73.5999984741211,61.23046875,99.93851470947266,13.794744491577148,60.42129192272287,41578.0,32.802093505859375,23.69038391113281,23.5,25.62152099609375,41.84999942779541
2021-11-27 13:46:13.000,15.622909545898438,84.93975830078125,161.42578125,89.92424011230469,74.80000305175781,61.23046875,99.93489074707033,13.766105651855469,58.93435413233997,41578.0,27.770263671875,29.29339599609375,26.301498413085938,27.498260498046875,41.84999942779541
2021-11-27 13:46:14.992,15.622673034667969,85.0,161.21419525146484,90.0,74.4000015258789,61.23046875,99.93489074707033,13.80835247039795,57.14234224335167,41578.0,31.30615234375,26.70947265625,25.5399169921875,23.06480407714844,41.84999942779541
2021-11-27 13:46:15.993,15.622673034667969,85.0,161.21419525146484,90.0,74.4000015258789,61.23046875,99.93489074707033,13.80835247039795,57.14234224335167,41578.0,31.30615234375,26.70947265625,25.5399169921875,23.06480407714844,41.84999942779541
2021-11-27 13:46:17.002,15.616878509521484,85.0,161.77571868896484,90.0,74.0999984741211,61.23046875,99.93489074707033,13.829967498779297,59.61832969333914,41578.0,30.163787841796875,29.13018798828125,26.927078247070312,23.445587158203125,41.82499885559082
2021-11-27 13:46:17.992,15.634405136108398,84.93975830078125,161.44205474853516,90.0,73.9000015258789,61.23046875,99.93489074707033,13.856549263000488,60.19712255721074,41578.0,32.4757080078125,29.266189575195312,22.412017822265625,27.416656494140625,41.82499885559082
2021-11-27 13:46:18.992,15.634405136108398,84.93975830078125,161.44205474853516,90.0,73.9000015258789,61.23046875,99.93489074707033,13.856549263000488,60.19712255721074,41578.0,32.4757080078125,29.266189575195312,22.412017822265625,27.416656494140625,41.82499885559082
2021-11-27 13:46:19.994,15.638681411743164,85.0,161.54785919189453,90.0,74.29999542236328,61.23046875,99.93851470947266,13.866236686706545,59.230744612901816,41578.0,28.42303466796875,27.851837158203125,25.24072265625,27.44384765625,41.82499885559082
2021-11-27 13:46:20.992,15.606420516967772,85.06024169921875,161.05142974853516,90.0,73.29999542236328,61.23046875,99.93489074707033,13.885612487792969,57.635758535631794,41578.0,28.66783142089844,28.640625,22.08563232421875,22.68402099609375,41.82499885559082
2021-11-27 13:46:22.002,15.606420516967772,85.06024169921875,161.05142974853516,90.0,73.29999542236328,61.23046875,99.93489074707033,13.885612487792969,57.635758535631794,41578.0,28.66783142089844,28.640625,22.08563232421875,22.68402099609375,41.82499885559082
2021-11-27 13:46:22.993,15.57172393798828,85.0,161.73502349853516,90.0,74.5,61.23046875,99.93489074707033,13.904987335205078,57.79913506354921,41578.0,32.3125,28.12384033203125,22.520828247070312,25.104736328125,41.82499885559082
2021-11-27 13:46:23.992,15.556527137756348,84.93975830078125,161.6943359375,90.0,74.9000015258789,61.23046875,99.93851470947266,13.914674758911133,57.42499298531204,41578.0,31.904525756835938,24.832733154296875,26.79107666015625,26.383087158203125,41.82499885559082
2021-11-27 13:46:24.990,15.556527137756348,84.93975830078125,161.6943359375,90.0,74.9000015258789,61.23046875,99.93851470947266,13.914674758911133,57.42499298531204,41578.0,31.904525756835938,24.832733154296875,26.79107666015625,26.383087158203125,41.82499885559082
2021-11-27 13:46:25.992,15.556180953979492,85.0,161.181640625,90.0,74.0999984741211,61.23046875,99.93489074707033,13.926679611206056,59.44455676913908,41578.0,31.8773193359375,28.722213745117188,23.581588745117188,27.09027099609375,41.82499885559082
2021-11-27 13:46:26.992,15.56975269317627,85.0,160.94564056396484,90.0,73.5999984741211,61.23046875,99.93489074707033,13.945892333984377,60.778963754226446,41578.0,30.435775756835938,26.79107666015625,22.82000732421875,28.015045166015625,41.82499885559082
2021-11-27 13:46:27.991,15.56975269317627,85.0,160.94564056396484,90.0,73.5999984741211,61.23046875,99.93489074707033,13.945892333984377,60.778963754226446,41578.0,30.435775756835938,26.79107666015625,22.82000732421875,28.015045166015625,41.82499885559082
2021-11-27 13:46:28.994,15.611076354980469,85.06024169921875,160.3434295654297,90.0,73.9000015258789,61.23046875,99.93851470947266,13.958746910095217,60.12523378987623,41578.0,29.511001586914062,27.117462158203125,22.24884033203125,22.357635498046875,41.82499885559082
2021-11-27 13:46:29.991,15.643303871154783,85.0,160.71776580810547,90.0,73.5,61.23046875,99.93489074707033,13.982134819030762,57.54749736834774,41578.0,33.318878173828125,28.722213745117188,24.696746826171875,22.711212158203125,41.82499885559082
2021-11-27 13:46:31.990,15.611126899719238,84.93975830078125,161.3362579345703,90.0,73.69999694824219,61.23046875,99.93851470947266,14.001509666442873,58.43703280738825,41578.0,32.04052734375,24.72393798828125,27.851837158203125,25.75750732421875,41.82499885559082
2021-11-27 13:46:31.000,15.643303871154783,85.0,160.71776580810547,90.0,73.5,61.23046875,99.93489074707033,13.982134819030762,57.54749736834774,41578.0,33.318878173828125,28.722213745117188,24.696746826171875,22.711212158203125,41.82499885559082
2021-11-27 13:46:32.994,15.572956085205078,85.06024169921875,161.78385162353516,90.0,74.69999694824219,61.23046875,99.93851470947266,14.012825012207031,56.384631108940255,41578.0,34.270843505859375,27.66143798828125,28.20542907714844,26.546295166015625,41.82499885559082
2021-11-27 13:46:34.003,15.572956085205078,85.06024169921875,161.78385162353516,90.0,74.69999694824219,61.23046875,99.93851470947266,14.012825012207031,56.384631108940255,41578.0,34.270843505859375,27.66143798828125,28.20542907714844,26.546295166015625,41.82499885559082
2021-11-27 13:46:34.993,15.569515228271484,85.0,160.3596954345703,90.0,73.69999694824219,61.23046875,99.93489074707033,14.03549098968506,60.06078016295659,41578.0,31.387741088867188,30.490142822265625,24.234375,28.151031494140625,41.82499885559082
2021-11-27 13:46:35.991,15.55741024017334,84.93975830078125,160.9700469970703,90.0,73.5999984741211,61.23046875,99.93489074707033,14.0476713180542,58.61578911265755,41578.0,32.77490234375,23.744781494140625,24.832748413085938,24.20716857910156,41.82499885559082
2021-11-27 13:46:37.005,15.55741024017334,84.93975830078125,160.9700469970703,90.0,73.5999984741211,61.23046875,99.93489074707033,14.0476713180542,58.61578911265755,41578.0,32.77490234375,23.744781494140625,24.832748413085938,24.20716857910156,41.82499885559082
2021-11-27 13:46:37.995,15.561220169067385,84.93975830078125,160.88053131103516,90.0,73.5999984741211,61.23046875,99.93489074707033,14.074559211730955,58.33102050717032,41578.0,31.8773193359375,26.383087158203125,23.826385498046875,24.179962158203125,41.79999923706055
2021-11-27 13:46:39.005,15.57936191558838,85.0,161.34439849853516,90.0,74.5,61.23046875,99.93489074707033,14.094260215759276,57.98910648748526,41578.0,32.55731201171875,26.65509033203125,24.914337158203125,26.49188232421875,41.82499885559082
2021-11-27 13:46:40.001,15.57936191558838,85.0,161.34439849853516,90.0,74.5,61.23046875,99.93489074707033,14.094260215759276,57.98910648748526,41578.0,32.55731201171875,26.65509033203125,24.914337158203125,26.49188232421875,41.82499885559082
2021-11-27 13:46:40.992,15.62327766418457,85.0,161.767578125,90.0,74.5,61.23046875,99.93489074707033,14.104110717773438,58.03261455700012,41578.0,30.299774169921875,29.619781494140625,25.15913391113281,25.839111328125,41.79999923706055
2021-11-27 13:46:42.005,15.618041038513184,85.0,160.63639068603516,90.0,74.0999984741211,61.23046875,99.93489074707033,14.136056900024414,58.7535458144414,41578.0,32.33970642089844,27.82464599609375,23.363998413085938,21.94964599609375,41.79999923706055
2021-11-27 13:46:42.994,15.618041038513184,85.0,160.63639068603516,90.0,74.0999984741211,61.23046875,99.93489074707033,14.136056900024414,58.7535458144414,41578.0,32.33970642089844,27.82464599609375,23.363998413085938,21.94964599609375,41.79999923706055
2021-11-27 13:46:43.994,15.582319259643556,85.0,160.27017974853516,90.0,73.5,61.23046875,99.93851470947266,14.158501625061035,59.6974583772103,41578.0,31.46932983398437,25.73031616210937,22.412017822265625,25.295135498046875,41.79999923706055
2021-11-27 13:46:44.990,15.586722373962402,84.93975830078125,161.083984375,90.0,74.5,61.23046875,99.93489074707033,14.1685152053833,56.68273797938713,41578.0,30.78936767578125,27.47105407714844,25.295135498046875,25.567123413085938,41.79999923706055
2021-11-27 13:46:46.993,15.597784996032717,85.0,161.8245391845703,90.0,74.29999542236328,61.23046875,99.93851470947266,14.187697410583496,58.18909302659301,41578.0,31.986114501953125,28.85821533203125,26.818267822265625,25.97509765625,41.79999923706055
2021-11-27 13:46:46.000,15.586722373962402,84.93975830078125,161.083984375,90.0,74.5,61.23046875,99.93489074707033,14.1685152053833,56.68273797938713,41578.0,30.78936767578125,27.47105407714844,25.295135498046875,25.567123413085938,41.79999923706055
2021-11-27 13:46:47.992,15.616864204406738,85.0,161.30371856689453,90.0,74.0999984741211,61.23046875,99.93851470947266,14.208539962768556,58.94348711478126,41578.0,30.13658142089844,25.703125,23.5,29.2117919921875,41.79999923706055
2021-11-27 13:46:49.990,15.639704704284668,84.93975830078125,160.80728912353516,90.0,74.0,61.23046875,99.93851470947266,14.21855354309082,58.29591865419135,41578.0,28.178253173828125,29.973358154296875,24.914337158203125,23.880767822265625,41.79999923706055
2021-11-27 13:46:49.000,15.616864204406738,85.0,161.30371856689453,90.0,74.0999984741211,61.23046875,99.93851470947266,14.208539962768556,58.94348711478126,41578.0,30.13658142089844,25.703125,23.5,29.2117919921875,41.79999923706055
2021-11-27 13:46:50.994,15.677156448364258,84.93975830078125,159.9609375,90.0,74.29999542236328,61.23046875,99.93851470947266,14.24594783782959,57.44320526757303,41578.0,34.488433837890625,26.35589599609375,21.677642822265625,27.22625732421875,41.79999923706055
2021-11-27 13:46:51.994,15.677156448364258,84.93975830078125,159.9609375,90.0,74.29999542236328,61.23046875,99.93851470947266,14.24594783782959,57.44320526757303,41578.0,34.488433837890625,26.35589599609375,21.677642822265625,27.22625732421875,41.79999923706055
2021-11-27 13:46:52.994,15.662446975708008,85.0,161.0107421875,90.0,74.5999984741211,61.23046875,99.93489074707033,14.26613712310791,55.83569784475268,41578.0,30.76216125488281,26.029510498046875,25.5399169921875,28.06942749023437,41.79999923706055
2021-11-27 13:46:53.995,15.606107711791992,85.06024169921875,161.44205474853516,90.0,73.5999984741211,61.23046875,99.93489074707033,14.292837142944336,60.36244103741157,41578.0,32.01332092285156,29.891769409179688,26.35589599609375,25.02313232421875,41.79999923706055
2021-11-27 13:46:55.005,15.606107711791992,85.06024169921875,161.44205474853516,90.0,73.5999984741211,61.23046875,99.93489074707033,14.292837142944336,60.36244103741157,41578.0,32.01332092285156,29.891769409179688,26.35589599609375,25.02313232421875,41.79999923706055
2021-11-27 13:46:55.991,15.561796188354492,84.93975830078125,160.79915618896484,90.0,74.29999542236328,61.23046875,99.93489074707033,14.30382251739502,59.76787697011213,41578.0,30.76216125488281,27.552642822265625,21.81365966796875,27.14466857910156,41.79999923706055
2021-11-27 13:46:56.992,15.550169944763184,84.93975830078125,160.79915618896484,90.0,74.0999984741211,61.23046875,99.93851470947266,14.327414512634276,58.74775933448366,41578.0,29.13021850585937,25.97509765625,25.86630249023437,24.179962158203125,41.79999923706055
2021-11-27 13:46:58.005,15.543944358825684,85.06024169921875,159.77376556396484,90.0,74.4000015258789,61.23046875,99.93489074707033,14.353577613830566,56.23108745213742,41578.0,34.488433837890625,25.485519409179688,21.541656494140625,25.104736328125,41.79999923706055
2021-11-27 13:46:59.002,15.543944358825684,85.06024169921875,159.77376556396484,90.0,74.4000015258789,61.23046875,99.93489074707033,14.353577613830566,56.23108745213742,41578.0,34.488433837890625,25.485519409179688,21.541656494140625,25.104736328125,41.79999923706055
2021-11-27 13:46:59.993,15.555017471313477,85.0,160.46549224853516,90.0,74.29999542236328,61.23046875,99.93851470947266,14.369546890258787,58.80845177049699,41578.0,32.74769592285156,28.450225830078125,25.648712158203125,28.80380249023437,41.79999923706055
2021-11-27 13:47:00.994,15.555017471313477,85.0,160.46549224853516,90.0,74.29999542236328,61.23046875,99.93851470947266,14.369546890258787,58.80845177049699,41578.0,32.74769592285156,28.450225830078125,25.648712158203125,28.80380249023437,41.79999923706055
2021-11-27 13:47:01.991,15.59861660003662,84.93975830078125,161.75943756103516,90.0,74.69999694824219,61.23046875,99.93489074707033,14.39022445678711,58.572428603351554,41578.0,29.184616088867188,29.320587158203125,25.97509765625,26.73667907714844,41.79999923706055
2021-11-27 13:47:03.003,15.592638969421388,85.0,159.9772186279297,90.0,73.9000015258789,61.23046875,99.93489074707033,14.41090202331543,58.325222398171206,41578.0,32.6116943359375,26.573486328125,25.458328247070312,24.234375,41.77499961853027
2021-11-27 13:47:03.991,15.592638969421388,85.0,159.9772186279297,90.0,73.9000015258789,61.23046875,99.93489074707033,14.41090202331543,58.325222398171206,41578.0,32.6116943359375,26.573486328125,25.458328247070312,24.234375,41.77499961853027
2021-11-27 13:47:05.003,15.533367156982422,85.06024169921875,160.93750762939453,90.0,73.19999694824219,61.23046875,99.93489074707033,14.42124080657959,62.250500555135474,41578.0,29.184616088867188,28.6134033203125,25.89350891113281,25.213531494140625,41.79999923706055
2021-11-27 13:47:06.990,15.490645408630373,85.0,161.05142974853516,90.0,73.79999542236328,61.23046875,99.93851470947266,14.443538665771484,57.9042203655591,41578.0,31.578125,27.8790283203125,21.895248413085938,26.79107666015625,41.77499961853027
2021-11-27 13:47:06.000,15.490645408630373,85.0,161.05142974853516,90.0,73.79999542236328,61.23046875,99.93851470947266,14.443538665771484,57.9042203655591,41578.0,31.578125,27.8790283203125,21.895248413085938,26.79107666015625,41.77499961853027
2021-11-27 13:47:07.992,15.473670959472656,84.93975830078125,160.85611724853516,90.0,74.5,61.23046875,99.93489074707033,14.47000217437744,57.64040290114463,41578.0,34.46124267578125,24.615142822265625,23.581588745117188,28.885406494140625,41.79999923706055
2021-11-27 13:47:08.994,15.477514266967772,85.0,160.8479766845703,90.0,73.79999542236328,61.23046875,99.93851470947266,14.480422019958496,59.36789889921655,41578.0,30.653366088867188,24.53355407714844,27.579864501953125,26.46469116210937,41.79999923706055
2021-11-27 13:47:10.004,15.477514266967772,85.0,160.8479766845703,90.0,73.79999542236328,61.23046875,99.93851470947266,14.480422019958496,59.36789889921655,41578.0,30.653366088867188,24.53355407714844,27.579864501953125,26.46469116210937,41.79999923706055
2021-11-27 13:47:10.993,15.498778343200684,85.0,160.22948455810547,90.0,74.19999694824219,61.23046875,99.93851470947266,14.516053199768066,57.61290741793739,41578.0,28.88543701171875,29.375,21.677642822265625,24.88714599609375,41.79999923706055
2021-11-27 13:47:11.992,15.555733680725098,85.0,160.546875,90.0,73.5999984741211,61.23046875,99.93489074707033,14.53721809387207,56.86038161481112,41578.0,29.5382080078125,28.531814575195312,23.227996826171875,21.160873413085938,41.79999923706055
2021-11-27 13:47:12.991,15.599892616271973,84.93975830078125,160.595703125,90.0,73.9000015258789,61.23046875,99.93851470947266,14.54780101776123,57.30634693577748,41578.0,29.6741943359375,29.755767822265625,25.431121826171875,25.077545166015625,41.79999923706055
2021-11-27 13:47:13.992,15.599892616271973,84.93975830078125,160.595703125,90.0,73.9000015258789,61.23046875,99.93851470947266,14.54780101776123,57.30634693577748,41578.0,29.6741943359375,29.755767822265625,25.431121826171875,25.077545166015625,41.79999923706055
2021-11-27 13:47:15.001,15.603705406188965,85.0,159.94466400146484,90.0,73.79999542236328,61.23046875,99.93851470947266,14.55838394165039,59.14679668109694,41578.0,29.02142333984375,25.5399169921875,27.416656494140625,23.962371826171875,41.77499961853027
2021-11-27 13:47:16.001,15.612982749938965,85.0,161.54784393310547,90.0,73.79999542236328,61.23046875,99.93851470947266,14.579549789428713,57.77671193524756,41578.0,31.7413330078125,28.25982666015625,25.784713745117188,24.914337158203125,41.77499961853027
2021-11-27 13:47:16.991,15.612982749938965,85.0,161.54784393310547,90.0,73.79999542236328,61.23046875,99.93851470947266,14.579549789428713,57.77671193524756,41578.0,31.7413330078125,28.25982666015625,25.784713745117188,24.914337158203125,41.77499961853027
2021-11-27 13:47:18.005,15.630475044250488,84.93975830078125,162.17447662353516,90.0,74.29999542236328,61.23046875,99.93851470947266,14.606416702270508,57.32388376362994,41578.0,32.067718505859375,28.722213745117188,22.711212158203125,27.47105407714844,41.77499961853027
2021-11-27 13:47:18.991,15.654041290283203,85.0,163.06966400146484,90.0,74.29999542236328,61.23046875,99.93851470947266,14.618691444396973,58.33956430589337,41578.0,31.82293701171875,27.6070556640625,20.58969116210937,28.586212158203125,41.77499961853027
2021-11-27 13:47:19.993,15.654041290283203,85.0,163.06966400146484,90.0,74.29999542236328,61.23046875,99.93851470947266,14.618691444396973,58.33956430589337,41578.0,31.82293701171875,27.6070556640625,20.58969116210937,28.586212158203125,41.77499961853027
2021-11-27 13:47:21.001,15.689445495605469,85.0,163.61490631103516,90.0,74.5,61.23046875,99.93851470947266,14.640019416809082,57.31457047033062,41578.0,32.203704833984375,24.15277099609375,26.00230407714844,26.41029357910156,41.77499961853027
2021-11-27 13:47:21.993,15.741188049316406,84.93975830078125,164.37174224853516,90.0,74.0999984741211,61.23046875,99.93851470947266,14.661348342895508,57.883995668924776,41578.0,31.06134033203125,24.560760498046875,25.26792907714844,21.81365966796875,41.79999923706055
2021-11-27 13:47:22.994,15.741188049316406,84.93975830078125,164.37174224853516,90.0,74.0999984741211,61.23046875,99.93851470947266,14.661348342895508,57.883995668924776,41578.0,31.06134033203125,24.560760498046875,25.26792907714844,21.81365966796875,41.79999923706055
2021-11-27 13:47:24.004,15.75759220123291,85.0,165.48665618896484,90.0,75.0,61.23046875,99.93851470947266,14.672012329101562,56.25585447901726,41578.0,29.61981201171875,29.56538391113281,24.20716857910156,26.35589599609375,41.79999923706055
2021-11-27 13:47:25.003,15.72514533996582,85.06024169921875,165.34017181396484,90.0,74.0,61.23046875,99.93851470947266,14.69986629486084,58.46104320392795,41578.0,32.067718505859375,28.93980407714844,21.35125732421875,25.5399169921875,41.77499961853027
2021-11-27 13:47:25.992,15.72514533996582,85.06024169921875,165.34017181396484,90.0,74.0,61.23046875,99.93851470947266,14.69986629486084,58.46104320392795,41578.0,32.067718505859375,28.93980407714844,21.35125732421875,25.5399169921875,41.77499961853027
2021-11-27 13:47:26.992,15.66990566253662,84.93975830078125,166.30045318603516,90.0,74.4000015258789,61.23046875,99.93851470947266,14.727049827575684,57.65328258562565,41578.0,33.29168701171875,25.431121826171875,23.2008056640625,25.59432983398437,41.77499961853027
2021-11-27 13:47:28.005,15.624943733215332,84.93975830078125,167.431640625,90.0,74.29999542236328,61.23046875,99.93851470947266,14.747593879699709,58.25035514959435,41578.0,26.92709350585937,26.083892822265625,26.927078247070312,25.349517822265625,41.77499961853027
2021-11-27 13:47:28.991,15.624943733215332,84.93975830078125,167.431640625,90.0,74.29999542236328,61.23046875,99.93851470947266,14.747593879699709,58.25035514959435,41578.0,26.92709350585937,26.083892822265625,26.927078247070312,25.349517822265625,41.77499961853027
2021-11-27 13:47:29.990,15.5782470703125,85.06024169921875,168.06640625,90.0,74.5,61.23046875,99.93851470947266,14.786705017089844,57.39189454578936,41578.0,32.12211608886719,23.445587158203125,25.59432983398437,24.315963745117188,41.77499961853027
2021-11-27 13:47:31.003,15.564125061035156,85.0,168.7418670654297,90.0,73.5999984741211,61.23046875,99.93851470947266,14.80644416809082,60.35053511704047,41578.0,31.52374267578125,27.33505249023437,25.89350891113281,22.95600891113281,41.77499961853027
2021-11-27 13:47:31.990,15.564125061035156,85.0,168.7418670654297,90.0,73.5999984741211,61.23046875,99.93851470947266,14.80644416809082,60.35053511704047,41578.0,31.52374267578125,27.33505249023437,25.89350891113281,22.95600891113281,41.77499961853027
2021-11-27 13:47:32.991,15.595227241516112,84.93975830078125,164.0625,89.92424011230469,73.79999542236328,61.23046875,99.93489074707033,14.81751537322998,58.98875438984966,41578.0,28.36865234375,28.531814575195312,22.357635498046875,26.192703247070312,41.77499961853027
2021-11-27 13:47:33.992,15.610577583312988,84.93975830078125,164.98209381103516,90.0,74.4000015258789,61.23046875,99.93851470947266,14.839656829833984,60.17130973615355,41578.0,31.251739501953125,29.40219116210937,25.050338745117188,26.62788391113281,41.79999923706055
2021-11-27 13:47:35.003,15.610577583312988,84.93975830078125,164.98209381103516,90.0,74.4000015258789,61.23046875,99.93851470947266,14.839656829833984,60.17130973615355,41578.0,31.251739501953125,29.40219116210937,25.050338745117188,26.62788391113281,41.79999923706055
2021-11-27 13:47:35.992,15.56871509552002,85.0,165.07161712646484,90.07575225830078,74.0,61.23046875,99.93851470947266,14.86510944366455,57.47821893330228,41578.0,32.04052734375,23.77197265625,23.71759033203125,27.44384765625,41.77499961853027
2021-11-27 13:47:36.990,15.521891593933104,85.06024169921875,165.2018280029297,90.0,73.69999694824219,61.23046875,99.93489074707033,14.873779296875,60.0960133468642,41578.0,26.13832092285156,25.02313232421875,24.179962158203125,27.06307983398437,41.77499961853027
2021-11-27 13:47:37.992,15.521891593933104,85.06024169921875,165.2018280029297,90.0,73.69999694824219,61.23046875,99.93489074707033,14.873779296875,60.0960133468642,41578.0,26.13832092285156,25.02313232421875,24.179962158203125,27.06307983398437,41.77499961853027
2021-11-27 13:47:39.002,15.512510299682615,85.0,165.53548431396484,90.0,73.5999984741211,61.23046875,99.93851470947266,14.898377418518066,57.97910789137078,41578.0,30.4085693359375,27.36225891113281,27.38946533203125,25.18634033203125,41.77499961853027
2021-11-27 13:47:39.990,15.517035484313965,85.0,166.07259368896484,90.0,74.19999694824219,61.23046875,99.93489074707033,14.921409606933594,58.05858694884594,41578.0,33.18287658691406,26.763885498046875,25.703125,24.12557983398437,41.77499961853027
2021-11-27 13:47:40.990,15.517035484313965,85.0,166.07259368896484,90.0,74.19999694824219,61.23046875,99.93489074707033,14.921409606933594,58.05858694884594,41578.0,33.18287658691406,26.763885498046875,25.703125,24.12557983398437,41.77499961853027
2021-11-27 13:47:42.000,15.539670944213867,85.0,166.3981170654297,90.0,74.5,61.23046875,99.93851470947266,14.941232681274414,57.7799664746308,41578.0,31.06134033203125,28.17822265625,23.907989501953125,26.65509033203125,41.77499961853027
2021-11-27 13:47:43.004,15.591814994812012,85.0,164.83560943603516,90.0,74.0,61.23046875,99.93851470947266,14.95069408416748,60.62936070950982,41578.0,32.666107177734375,26.029510498046875,21.92245483398437,28.25982666015625,41.77499961853027
2021-11-27 13:47:43.992,15.591814994812012,85.0,164.83560943603516,90.0,74.0,61.23046875,99.93851470947266,14.95069408416748,60.62936070950982,41578.0,32.666107177734375,26.029510498046875,21.92245483398437,28.25982666015625,41.77499961853027
2021-11-27 13:47:45.001,15.641407012939451,85.0,164.37174224853516,90.0,73.9000015258789,61.23046875,99.93851470947266,14.972835540771484,59.73045978819604,41578.0,32.25811767578125,26.981475830078125,22.520828247070312,23.744781494140625,41.77499961853027
2021-11-27 13:47:45.993,15.641407012939451,85.0,164.37174224853516,90.0,73.9000015258789,61.23046875,99.93851470947266,14.972835540771484,59.73045978819604,41578.0,32.25811767578125,26.981475830078125,22.520828247070312,23.744781494140625,41.77499961853027
2021-11-27 13:47:47.001,15.627875328063965,85.0,165.60872650146484,90.0,74.5999984741211,61.23046875,99.93851470947266,14.994977951049805,57.5587957904475,41578.0,28.042251586914062,26.546295166015625,26.8726806640625,22.711212158203125,41.77499961853027
2021-11-27 13:47:47.992,15.59425163269043,85.0,166.5283203125,90.0,73.79999542236328,61.23046875,99.93851470947266,15.017119407653809,57.22265104461551,41578.0,28.640625,30.952545166015625,25.213531494140625,26.981475830078125,41.77499961853027
2021-11-27 13:47:48.993,15.581354141235352,85.0,164.51009368896484,90.0,74.5,61.23046875,99.93851470947266,15.028190612792969,59.1664419789801,41578.0,33.454864501953125,25.45831298828125,20.9976806640625,26.70947265625,41.77499961853027
2021-11-27 13:47:49.991,15.581354141235352,85.0,164.51009368896484,90.0,74.5,61.23046875,99.93851470947266,15.028190612792969,59.1664419789801,41578.0,33.454864501953125,25.45831298828125,20.9976806640625,26.70947265625,41.77499961853027
2021-11-27 13:47:51.004,15.580615043640137,85.0,165.1611328125,90.0,73.4000015258789,61.23046875,99.93851470947266,15.039261817932127,60.34908439555992,41578.0,28.72222900390625,28.6134033203125,23.55438232421875,22.95600891113281,41.77499961853027
2021-11-27 13:47:51.991,15.605802536010742,85.06024169921875,165.06346893310547,90.0,73.29999542236328,61.23046875,99.93851470947266,15.06140422821045,56.99214904542752,41578.0,28.504638671875,24.343170166015625,24.45196533203125,27.96063232421875,41.77499961853027
2021-11-27 13:47:52.993,15.605802536010742,85.06024169921875,165.06346893310547,90.0,73.29999542236328,61.23046875,99.93851470947266,15.06140422821045,56.99214904542752,41578.0,28.504638671875,24.343170166015625,24.45196533203125,27.96063232421875,41.77499961853027
2021-11-27 13:47:54.002,15.65877628326416,85.06024169921875,165.95865631103516,90.0,74.5,61.23046875,99.93851470947266,15.083545684814451,56.22877438340228,41578.0,32.203704833984375,24.99594116210937,23.2008056640625,27.36225891113281,41.77499961853027
2021-11-27 13:47:54.993,15.692404747009276,84.93975830078125,165.1774139404297,90.0,73.79999542236328,61.23046875,99.93851470947266,15.094616889953612,61.23383032874723,41578.0,33.237274169921875,29.619781494140625,21.59605407714844,25.295135498046875,41.77499961853027
2021-11-27 13:47:55.995,15.692404747009276,84.93975830078125,165.1774139404297,90.0,73.79999542236328,61.23046875,99.93851470947266,15.094616889953612,61.23383032874723,41578.0,33.237274169921875,29.619781494140625,21.59605407714844,25.295135498046875,41.77499961853027
2021-11-27 13:47:57.004,15.66760540008545,85.0,163.5986328125,90.0,73.69999694824219,61.23046875,99.93851470947266,15.116759300231934,58.32237450676941,41578.0,32.69329833984375,25.648712158203125,21.840850830078125,24.96875,41.77499961853027
2021-11-27 13:47:57.990,15.61620807647705,85.0,165.30760955810547,90.0,74.19999694824219,61.23046875,99.93851470947266,15.138900756835938,58.02018628523948,41578.0,31.251739501953125,28.06942749023437,26.60067749023437,24.58795166015625,41.77499961853027
2021-11-27 13:47:59.003,15.61620807647705,85.0,165.30760955810547,90.0,74.19999694824219,61.23046875,99.93851470947266,15.138900756835938,58.02018628523948,41578.0,31.251739501953125,28.06942749023437,26.60067749023437,24.58795166015625,41.77499961853027
2021-11-27 13:48:00.005,15.585481643676758,85.0,165.86100006103516,90.0,73.5,61.23046875,99.93851470947266,15.149971961975098,59.3459108798241,41578.0,27.579864501953125,28.450225830078125,25.32232666015625,26.546295166015625,41.77499961853027
2021-11-27 13:48:00.992,15.57283878326416,85.0,165.33202362060547,90.0,74.80000305175781,61.23046875,99.93851470947266,15.172114372253418,56.33569744701321,41578.0,32.33970642089844,27.715850830078125,22.711212158203125,29.40219116210937,41.77499961853027
2021-11-27 13:48:01.993,15.57283878326416,85.0,165.33202362060547,90.0,74.80000305175781,61.23046875,99.93851470947266,15.172114372253418,56.33569744701321,41578.0,32.33970642089844,27.715850830078125,22.711212158203125,29.40219116210937,41.77499961853027
2021-11-27 13:48:02.993,15.582951545715332,85.0,165.0390625,90.0,73.9000015258789,61.23046875,99.93851470947266,15.199966430664062,58.89185723127344,41578.0,30.299774169921875,26.219894409179688,24.8055419921875,26.73667907714844,41.77499961853027
2021-11-27 13:48:03.992,15.613786697387695,85.0,163.9729766845703,90.0,74.5999984741211,61.23046875,99.93851470947266,15.189976692199709,59.82311720044206,41578.0,30.35418701171875,31.170135498046875,23.173614501953125,27.87904357910156,41.77499961853027
2021-11-27 13:48:04.991,15.613786697387695,85.0,163.9729766845703,90.0,74.5999984741211,61.23046875,99.93851470947266,15.189976692199709,59.82311720044206,41578.0,30.35418701171875,31.170135498046875,23.173614501953125,27.87904357910156,41.77499961853027
2021-11-27 13:48:05.990,15.659692764282228,85.0,163.5986328125,90.0,73.5,61.23046875,99.93851470947266,15.205199241638184,59.53076500431354,41578.0,30.57177734375,24.88714599609375,20.58969116210937,24.39755249023437,41.77499961853027
2021-11-27 13:48:07.003,15.64427089691162,85.0,165.51107025146484,90.0,73.9000015258789,61.23046875,99.93851470947266,15.226853370666504,59.41914973396764,41578.0,26.6007080078125,23.445587158203125,26.4375,24.01678466796875,41.77499961853027
2021-11-27 13:48:08.003,15.64427089691162,85.0,165.51107025146484,90.0,73.9000015258789,61.23046875,99.93851470947266,15.226853370666504,59.41914973396764,41578.0,26.6007080078125,23.445587158203125,26.4375,24.01678466796875,41.77499961853027
2021-11-27 13:48:08.994,15.596847534179688,84.93975830078125,165.0390625,90.0,74.0999984741211,61.23046875,99.93851470947266,15.237680435180664,58.24766498231677,41578.0,36.06597900390625,26.573486328125,22.439239501953125,23.363998413085938,41.77499961853027
2021-11-27 13:48:10.000,15.581138610839844,85.0,164.7705078125,90.0,73.79999542236328,61.23046875,99.93851470947266,15.259334564208984,59.97881675660828,41578.0,31.714126586914062,23.79917907714844,25.18634033203125,23.880767822265625,41.77499961853027
2021-11-27 13:48:11.005,15.581138610839844,85.0,164.7705078125,90.0,73.79999542236328,61.23046875,99.93851470947266,15.259334564208984,59.97881675660828,41578.0,31.714126586914062,23.79917907714844,25.18634033203125,23.880767822265625,41.77499961853027
2021-11-27 13:48:11.990,15.56107234954834,85.06024169921875,163.9322967529297,90.0,73.0999984741211,61.23046875,99.93851470947266,15.280988693237305,61.55129173209703,41578.0,28.2054443359375,29.021392822265625,23.66317749023437,20.10009765625,41.77499961853027
2021-11-27 13:48:13.002,15.566219329833984,84.93975830078125,164.501953125,90.0,74.69999694824219,61.23046875,99.93851470947266,15.287734985351562,56.911321791377766,41578.0,31.08856201171875,25.02313232421875,23.880767822265625,28.09663391113281,41.77499961853027
2021-11-27 13:48:13.992,15.566219329833984,84.93975830078125,164.501953125,90.0,74.69999694824219,61.23046875,99.93851470947266,15.287734985351562,56.911321791377766,41578.0,31.08856201171875,25.02313232421875,23.880767822265625,28.09663391113281,41.77499961853027
2021-11-27 13:48:14.992,15.595207214355469,84.93975830078125,165.6656951904297,90.0,74.29999542236328,61.23046875,99.93851470947266,15.30601406097412,58.1289389681008,41578.0,31.08856201171875,26.4102783203125,28.12384033203125,24.315963745117188,41.77499961853027
2021-11-27 13:48:16.004,15.642486572265623,85.0,165.03092193603516,90.0,74.0999984741211,61.23046875,99.93851470947266,15.327505111694336,59.934535300337714,41578.0,35.657989501953125,27.47105407714844,22.38482666015625,22.73841857910156,41.77499961853027
2021-11-27 13:48:17.004,15.642486572265623,85.0,165.03092193603516,90.0,74.0999984741211,61.23046875,99.93851470947266,15.327505111694336,59.934535300337714,41578.0,35.657989501953125,27.47105407714844,22.38482666015625,22.73841857910156,41.77499961853027
2021-11-27 13:48:18.002,15.634237289428713,85.0,163.82649993896484,90.0,73.69999694824219,61.23046875,99.93851470947266,15.338250160217283,61.84670463982291,41578.0,30.952545166015625,27.36225891113281,22.79281616210937,27.82464599609375,41.77499961853027
2021-11-27 13:48:18.992,15.576972007751465,84.93975830078125,163.8346405029297,90.0,73.0999984741211,61.23046875,99.93851470947266,15.358113288879396,60.43002836048967,41578.0,27.52548217773437,27.09027099609375,23.69038391113281,23.39120483398437,41.77499961853027
2021-11-27 13:48:20.000,15.576972007751465,84.93975830078125,163.8346405029297,90.0,73.0999984741211,61.23046875,99.93851470947266,15.358113288879396,60.43002836048967,41578.0,27.52548217773437,27.09027099609375,23.69038391113281,23.39120483398437,41.77499961853027
2021-11-27 13:48:21.005,15.547632217407228,85.0,164.5182342529297,90.0,74.5999984741211,61.23046875,99.93851470947266,15.373870849609377,58.59298599743824,41578.0,29.59259033203125,25.376724243164062,23.445587158203125,27.851837158203125,41.77499961853027
2021-11-27 13:48:21.993,15.52718734741211,85.0,165.3483123779297,90.0,73.69999694824219,61.23046875,99.93851470947266,15.38453483581543,59.70674429454503,41578.0,31.8773193359375,24.859939575195312,25.26792907714844,30.109375,41.77499961853027
2021-11-27 13:48:22.991,15.52718734741211,85.0,165.3483123779297,90.0,73.69999694824219,61.23046875,99.93851470947266,15.38453483581543,59.70674429454503,41578.0,31.8773193359375,24.859939575195312,25.26792907714844,30.109375,41.77499961853027
2021-11-27 13:48:23.990,15.543412208557127,85.06024169921875,164.68912506103516,90.0,74.5999984741211,61.23046875,99.93851470947266,15.405863761901855,58.09277913499623,41578.0,34.32524108886719,30.27255249023437,23.010406494140625,27.79745483398437,41.77499961853027
2021-11-27 13:48:24.995,15.588993072509766,84.93975830078125,164.013671875,90.0,73.9000015258789,61.23046875,99.93851470947266,15.42719268798828,59.04878197095308,41578.0,30.54457092285156,27.36225891113281,23.907989501953125,22.92880249023437,41.77499961853027
2021-11-27 13:48:26.994,15.640329360961914,85.0,163.45215606689453,90.0,73.9000015258789,61.23046875,99.93851470947266,15.437856674194336,59.66897210341856,41578.0,28.640625,27.307861328125,23.227996826171875,23.907989501953125,41.77499961853027
2021-11-27 13:48:26.000,15.588993072509766,84.93975830078125,164.013671875,90.0,73.9000015258789,61.23046875,99.93851470947266,15.42719268798828,59.04878197095308,41578.0,30.54457092285156,27.36225891113281,23.907989501953125,22.92880249023437,41.77499961853027
2021-11-27 13:48:28.002,15.627944946289062,85.0,164.46127319335938,90.0,73.5,61.23046875,99.93851470947266,15.459185600280762,61.15112984076244,41578.0,29.32061767578125,27.063064575195312,24.94154357910156,25.15913391113281,41.77499961853027
2021-11-27 13:48:28.991,15.627944946289062,85.0,164.46127319335938,90.0,73.5,61.23046875,99.93851470947266,15.459185600280762,61.15112984076244,41578.0,29.32061767578125,27.063064575195312,24.94154357910156,25.15913391113281,41.77499961853027
2021-11-27 13:48:29.990,15.58211898803711,85.0,164.47754669189453,90.0,75.0,61.23046875,99.93851470947266,15.480514526367188,55.93504720841548,41578.0,32.938079833984375,25.213531494140625,22.4664306640625,25.839111328125,41.77499961853027
2021-11-27 13:48:30.991,15.56871509552002,84.93975830078125,163.8427734375,90.0,74.0999984741211,61.23046875,99.93851470947266,15.491178512573242,57.870218654465816,41578.0,32.53009033203125,28.83100891113281,26.00230407714844,22.439239501953125,41.77499961853027
2021-11-27 13:48:31.990,15.56871509552002,84.93975830078125,163.8427734375,90.0,74.0999984741211,61.23046875,99.93851470947266,15.491178512573242,57.870218654465816,41578.0,32.53009033203125,28.83100891113281,26.00230407714844,22.439239501953125,41.77499961853027
2021-11-27 13:48:32.995,15.562447547912598,85.0,163.89974212646484,90.0,73.4000015258789,61.23046875,99.93851470947266,15.516575813293455,58.46800910554454,41578.0,30.76216125488281,28.423019409179688,24.832748413085938,21.432861328125,41.77499961853027
2021-11-27 13:48:33.991,15.57388973236084,85.0,163.82649993896484,90.0,74.0,61.23046875,99.93851470947266,15.537165641784668,59.53281911467363,41578.0,29.239013671875,23.79917907714844,21.81365966796875,22.19442749023437,41.77499961853027
2021-11-27 13:48:35.001,15.57388973236084,85.0,163.82649993896484,90.0,74.0,61.23046875,99.93851470947266,15.537165641784668,59.53281911467363,41578.0,29.239013671875,23.79917907714844,21.81365966796875,22.19442749023437,41.77499961853027
2021-11-27 13:48:35.993,15.605379104614258,85.06024169921875,164.501953125,90.0,73.4000015258789,61.23046875,99.93851470947266,15.5470552444458,58.41040280928945,41578.0,28.096649169921875,25.73031616210937,21.677642822265625,27.498260498046875,41.77499961853027
2021-11-27 13:48:36.993,15.65816879272461,84.93975830078125,164.40430450439453,90.0,74.4000015258789,61.23046875,99.93851470947266,15.565973281860352,58.627636523541945,41578.0,30.435775756835938,25.4039306640625,22.167236328125,25.73031616210937,41.77499961853027
2021-11-27 13:48:38.005,15.65816879272461,84.93975830078125,164.40430450439453,90.0,74.4000015258789,61.23046875,99.93851470947266,15.565973281860352,58.627636523541945,41578.0,30.435775756835938,25.4039306640625,22.167236328125,25.73031616210937,41.77499961853027
2021-11-27 13:48:38.991,15.655678749084473,84.93975830078125,164.4694061279297,90.0,73.9000015258789,61.23046875,99.93851470947266,15.587302207946776,59.07717458318076,41579.0,33.18287658691406,24.99594116210937,23.092010498046875,26.21990966796875,41.77499961853027
2021-11-27 13:48:40.001,15.61502742767334,85.0,163.8427734375,90.0,74.4000015258789,61.23046875,99.93851470947266,15.597966194152832,57.56466050139545,41579.0,31.65972900390625,27.22625732421875,27.14466857910156,22.357635498046875,41.77499961853027
2021-11-27 13:48:41.002,15.61502742767334,85.0,163.8427734375,90.0,74.4000015258789,61.23046875,99.93851470947266,15.597966194152832,57.56466050139545,41579.0,31.65972900390625,27.22625732421875,27.14466857910156,22.357635498046875,41.77499961853027
2021-11-27 13:48:41.992,15.60278606414795,85.1204833984375,163.09407806396484,90.07575225830078,73.69999694824219,61.23046875,99.93851470947266,15.624200820922852,59.509857978631366,41579.0,32.53009033203125,24.778350830078125,21.786453247070312,23.635986328125,41.77499961853027
2021-11-27 13:48:42.991,15.60021686553955,84.93975830078125,163.8346405029297,90.0,73.9000015258789,61.23046875,99.93851470947266,15.64810276031494,58.884196265157634,41579.0,27.171875,28.39581298828125,22.412017822265625,28.06942749023437,41.77499961853027
2021-11-27 13:48:43.990,15.60021686553955,84.93975830078125,163.8346405029297,90.0,73.9000015258789,61.23046875,99.93851470947266,15.64810276031494,58.884196265157634,41579.0,27.171875,28.39581298828125,22.412017822265625,28.06942749023437,41.77499961853027
2021-11-27 13:48:44.993,15.604491233825684,84.93975830078125,163.30567169189453,90.0,74.0,61.23046875,99.93851470947266,15.65884780883789,60.447451443071486,41579.0,30.816558837890625,29.72857666015625,24.26156616210937,21.35125732421875,41.77499961853027
2021-11-27 13:48:46.003,15.636810302734377,85.06024169921875,162.85807037353516,90.0,73.5999984741211,61.23046875,99.93851470947266,15.680338859558104,59.995914099108674,41579.0,35.086822509765625,24.88714599609375,21.21527099609375,26.41029357910156,41.77499961853027
2021-11-27 13:48:46.990,15.636810302734377,85.06024169921875,162.85807037353516,90.0,73.5999984741211,61.23046875,99.93851470947266,15.680338859558104,59.995914099108674,41579.0,35.086822509765625,24.88714599609375,21.21527099609375,26.41029357910156,41.77499961853027
2021-11-27 13:48:48.005,15.68650245666504,85.06024169921875,164.39615631103516,90.0,75.0,61.23046875,99.93851470947266,15.701830863952637,57.52684495658871,41579.0,29.375,27.96063232421875,26.70947265625,24.42475891113281,41.77499961853027
2021-11-27 13:48:48.990,15.68476104736328,84.93975830078125,163.5498046875,90.0,73.69999694824219,61.23046875,99.93851470947266,15.712575912475586,58.8144428560102,41579.0,31.986114501953125,23.391189575195312,20.91607666015625,25.67591857910156,41.77499961853027
2021-11-27 13:48:49.991,15.68476104736328,84.93975830078125,163.5498046875,90.0,73.69999694824219,61.23046875,99.93851470947266,15.712575912475586,58.8144428560102,41579.0,31.986114501953125,23.391189575195312,20.91607666015625,25.67591857910156,41.77499961853027
2021-11-27 13:48:50.994,15.634343147277832,85.0,164.3473358154297,90.0,74.9000015258789,61.23046875,99.93851470947266,15.7340669631958,55.95473568447871,41579.0,30.245376586914062,24.832733154296875,24.58795166015625,26.70947265625,41.77499961853027
2021-11-27 13:48:51.993,15.614374160766602,85.0,163.5498046875,90.0,73.5999984741211,61.23046875,99.93851470947266,15.755558013916016,59.508533696438334,41579.0,33.50927734375,27.38946533203125,24.85995483398437,21.895248413085938,41.77499961853027
2021-11-27 13:48:52.993,15.614374160766602,85.0,163.5498046875,90.0,73.5999984741211,61.23046875,99.93851470947266,15.755558013916016,59.508533696438334,41579.0,33.50927734375,27.38946533203125,24.85995483398437,21.895248413085938,41.77499961853027
2021-11-27 13:48:53.992,15.601491928100586,85.0,163.84278106689453,90.0,74.5,61.23046875,99.93851470947266,15.76630401611328,57.71818672502269,41579.0,32.203704833984375,28.151031494140625,25.431121826171875,24.560760498046875,41.77499961853027
2021-11-27 13:48:54.991,15.587066650390623,85.0,163.720703125,90.0,73.9000015258789,61.23046875,99.93851470947266,15.78285312652588,59.65994188528009,41579.0,29.375,29.891769409179688,22.95600891113281,27.14466857910156,41.77499961853027
2021-11-27 13:48:55.992,15.587066650390623,85.0,163.720703125,90.0,73.9000015258789,61.23046875,99.93851470947266,15.78285312652588,59.65994188528009,41579.0,29.375,29.891769409179688,22.95600891113281,27.14466857910156,41.77499961853027
2021-11-27 13:48:56.991,15.58713436126709,85.0,163.2568359375,90.0,74.4000015258789,61.23046875,99.93851470947266,15.80177116394043,57.65623613621756,41579.0,31.19735717773437,26.35589599609375,23.2008056640625,26.2742919921875,41.77499961853027
2021-11-27 13:48:57.993,15.618821144104004,85.0,163.5660858154297,90.0,73.9000015258789,61.23046875,99.93851470947266,15.81487274169922,59.91132894899051,41579.0,29.02142333984375,29.238983154296875,22.112838745117188,25.5399169921875,41.77499961853027
2021-11-27 13:48:59.002,15.618821144104004,85.0,163.5660858154297,90.0,73.9000015258789,61.23046875,99.93851470947266,15.81487274169922,59.91132894899051,41579.0,29.02142333984375,29.238983154296875,22.112838745117188,25.5399169921875,41.77499961853027
2021-11-27 13:48:59.992,15.634614944458008,85.0,163.5660858154297,90.0,74.0999984741211,61.23046875,99.93851470947266,15.83379077911377,57.841824995141536,41579.0,30.78936767578125,26.19268798828125,25.62152099609375,26.899871826171875,41.77499961853027
2021-11-27 13:49:00.993,15.589776039123535,85.0,164.208984375,90.0,74.0,61.23046875,99.93851470947266,15.855146408081056,59.98489673834416,41579.0,29.6741943359375,26.00230407714844,28.042236328125,23.47279357910156,41.77499961853027
2021-11-27 13:49:01.992,15.589776039123535,85.0,164.208984375,90.0,74.0,61.23046875,99.93851470947266,15.855146408081056,59.98489673834416,41579.0,29.6741943359375,26.00230407714844,28.042236328125,23.47279357910156,41.77499961853027
2021-11-27 13:49:02.990,15.562673568725586,85.0,163.94857025146484,90.0,73.19999694824219,61.23046875,99.93851470947266,15.876493453979492,60.34426949392738,41579.0,29.347808837890625,27.93344116210937,24.560760498046875,23.227996826171875,41.77499961853027
2021-11-27 13:49:03.990,15.562673568725586,85.0,163.94857025146484,90.0,73.19999694824219,61.23046875,99.93851470947266,15.876493453979492,60.34426949392738,41579.0,29.347808837890625,27.93344116210937,24.560760498046875,23.227996826171875,41.77499961853027
2021-11-27 13:49:04.993,15.542254447937012,85.0,163.8671875,90.0,74.0,61.23046875,99.93851470947266,15.89292335510254,59.596019324750486,41579.0,28.53182983398437,28.17822265625,25.5399169921875,28.17822265625,41.77499961853027
2021-11-27 13:49:06.005,15.516109466552734,85.0,163.8671875,90.0,73.69999694824219,61.23046875,99.93851470947266,15.90110206604004,60.45948080556515,41579.0,29.429412841796875,26.4375,22.901611328125,27.035873413085938,41.77499961853027
2021-11-27 13:49:06.992,15.516109466552734,85.0,163.8671875,90.0,73.69999694824219,61.23046875,99.93851470947266,15.90110206604004,60.45948080556515,41579.0,29.429412841796875,26.4375,22.901611328125,27.035873413085938,41.77499961853027
2021-11-27 13:49:07.991,15.52054500579834,84.93975830078125,163.24869537353516,90.0,74.29999542236328,61.23046875,99.93851470947266,15.912480354309082,58.14913099172317,41579.0,30.46298217773437,24.642349243164062,24.12557983398437,27.552642822265625,41.77499961853027
2021-11-27 13:49:09.001,15.557600021362305,85.0,163.6555938720703,90.0,74.5,61.23046875,99.93851470947266,15.921164512634276,55.99961822622805,41579.0,33.42767333984375,26.763885498046875,26.029510498046875,25.104736328125,41.77499961853027
2021-11-27 13:49:09.992,15.557600021362305,85.0,163.6555938720703,90.0,74.5,61.23046875,99.93851470947266,15.921164512634276,55.99961822622805,41579.0,33.42767333984375,26.763885498046875,26.029510498046875,25.104736328125,41.77499961853027
2021-11-27 13:49:10.994,15.600340843200684,84.93975830078125,163.2568359375,90.0,74.0999984741211,61.23046875,99.93851470947266,15.918503761291504,59.06478858877808,41579.0,30.57177734375,25.02313232421875,25.458328247070312,26.00230407714844,41.77499961853027
2021-11-27 13:49:12.003,15.581750869750977,85.06024169921875,163.63932037353516,90.0,74.19999694824219,61.23046875,99.93851470947266,15.922602653503418,60.52247315414676,41579.0,29.211822509765625,29.973358154296875,24.53355407714844,24.696746826171875,41.77499961853027
2021-11-27 13:49:12.991,15.581750869750977,85.06024169921875,163.63932037353516,90.0,74.19999694824219,61.23046875,99.93851470947266,15.922602653503418,60.52247315414676,41579.0,29.211822509765625,29.973358154296875,24.53355407714844,24.696746826171875,41.77499961853027
2021-11-27 13:49:13.991,15.545994758605955,85.0,163.32193756103516,90.0,74.0,61.23046875,99.93851470947266,15.925454139709473,58.40255351199919,41579.0,32.720489501953125,27.715850830078125,21.786453247070312,27.52545166015625,41.77499961853027
2021-11-27 13:49:15.990,15.525992393493652,84.93975830078125,162.1907501220703,90.0,73.29999542236328,61.23046875,99.93851470947266,15.92307186126709,59.83483158635256,41579.0,31.7413330078125,28.749420166015625,22.874420166015625,19.80091857910156,41.77499961853027
2021-11-27 13:49:15.000,15.525992393493652,84.93975830078125,162.1907501220703,90.0,73.29999542236328,61.23046875,99.93851470947266,15.92307186126709,59.83483158635256,41579.0,31.7413330078125,28.749420166015625,22.874420166015625,19.80091857910156,41.77499961853027
2021-11-27 13:49:17.990,15.548027992248535,85.06024169921875,163.54981231689453,90.0,73.4000015258789,61.23046875,99.93851470947266,15.918988227844238,60.5136648194116,41579.0,29.347808837890625,25.92071533203125,27.770248413085938,24.914337158203125,41.77499961853027
2021-11-27 13:49:17.000,15.513456344604492,85.0,163.5660858154297,90.0,74.5,61.23046875,99.93851470947266,15.926127433776855,57.11650061922767,41579.0,32.421295166015625,28.423019409179688,26.4375,22.520828247070312,41.77499961853027
2021-11-27 13:49:18.994,15.548027992248535,85.06024169921875,163.54981231689453,90.0,73.4000015258789,61.23046875,99.93851470947266,15.918988227844238,60.5136648194116,41579.0,29.347808837890625,25.92071533203125,27.770248413085938,24.914337158203125,41.77499961853027
2021-11-27 13:49:19.993,15.62544059753418,85.06024169921875,162.9964141845703,90.0,74.29999542236328,61.23046875,99.93851470947266,15.9265775680542,59.227221620093474,41579.0,28.42303466796875,28.80380249023437,23.173614501953125,23.962371826171875,41.77499961853027
2021-11-27 13:49:20.995,15.689906120300291,84.93975830078125,163.1022186279297,90.0,73.69999694824219,61.23046875,99.93851470947266,15.918742179870604,60.134998786474085,41579.0,30.218170166015625,28.55902099609375,21.51446533203125,29.755767822265625,41.77499961853027
2021-11-27 13:49:21.992,15.689906120300291,84.93975830078125,163.1022186279297,90.0,73.69999694824219,61.23046875,99.93851470947266,15.918742179870604,60.134998786474085,41579.0,30.218170166015625,28.55902099609375,21.51446533203125,29.755767822265625,41.77499961853027
2021-11-27 13:49:23.004,15.679126739501951,85.0,163.4765625,90.0,73.4000015258789,61.23046875,99.93851470947266,15.904748916625977,59.1740978334573,41579.0,31.82293701171875,24.8055419921875,25.26792907714844,26.165496826171875,41.77499961853027
2021-11-27 13:49:23.994,15.631000518798828,85.06024169921875,163.5091094970703,90.0,74.19999694824219,61.23046875,99.93851470947266,15.910042762756348,56.18765095826237,41579.0,32.910888671875,25.75750732421875,24.96875,27.498260498046875,41.77499961853027
2021-11-27 13:49:24.994,15.591876983642578,85.0,163.2649688720703,90.0,73.29999542236328,61.23046875,99.93851470947266,15.90013027191162,59.31150434380304,41579.0,29.973388671875,25.512725830078125,25.349517822265625,26.111114501953125,41.77499961853027
2021-11-27 13:49:25.992,15.591876983642578,85.0,163.2649688720703,90.0,73.29999542236328,61.23046875,99.93851470947266,15.90013027191162,59.31150434380304,41579.0,29.973388671875,25.512725830078125,25.349517822265625,26.111114501953125,41.77499961853027
2021-11-27 13:49:27.002,15.58469581604004,85.0,163.16732025146484,90.0,74.0,61.23046875,99.93851470947266,15.90182113647461,56.33047035755927,41579.0,29.59259033203125,27.715850830078125,23.9351806640625,28.69500732421875,41.77499961853027
2021-11-27 13:49:28.003,15.58469581604004,85.0,163.16732025146484,90.0,74.0,61.23046875,99.93851470947266,15.90182113647461,56.33047035755927,41579.0,29.59259033203125,27.715850830078125,23.9351806640625,28.69500732421875,41.77499961853027
2021-11-27 13:49:28.990,15.627959251403809,85.06024169921875,162.939453125,90.0,73.19999694824219,61.23046875,99.93851470947266,15.898492813110352,63.5761857358192,41579.0,28.28704833984375,29.67417907714844,22.19442749023437,25.811920166015625,41.77499961853027
2021-11-27 13:49:29.994,15.69050407409668,85.0,162.4837188720703,90.0,73.9000015258789,61.23046875,99.93851470947266,15.886590003967283,58.11198937364999,41579.0,33.2100830078125,24.96875,23.363998413085938,25.4039306640625,41.77499961853027
2021-11-27 13:49:30.992,15.69050407409668,85.0,162.4837188720703,90.0,73.9000015258789,61.23046875,99.93851470947266,15.886590003967283,58.11198937364999,41579.0,33.2100830078125,24.96875,23.363998413085938,25.4039306640625,41.77499961853027
2021-11-27 13:49:31.993,15.731940269470217,84.93975830078125,163.2568359375,90.0,74.5999984741211,61.23046875,99.93851470947266,15.882025718688965,57.53550271018029,41579.0,29.40220642089844,26.4375,25.458328247070312,26.2742919921875,41.77499961853027
2021-11-27 13:49:32.994,15.709217071533203,85.0,163.1428985595703,90.0,73.79999542236328,61.23046875,99.93851470947266,15.87338924407959,60.317157498512046,41579.0,32.85649108886719,27.063064575195312,23.255203247070312,28.885406494140625,41.77499961853027
2021-11-27 13:49:34.003,15.709217071533203,85.0,163.1428985595703,90.0,73.79999542236328,61.23046875,99.93851470947266,15.87338924407959,60.317157498512046,41579.0,32.85649108886719,27.063064575195312,23.255203247070312,28.885406494140625,41.77499961853027
2021-11-27 13:49:35.001,15.656493186950684,85.0,163.29752349853516,90.0,74.4000015258789,61.23046875,99.93851470947266,15.857619285583496,58.36206783653772,41579.0,28.25985717773437,25.73031616210937,25.73031616210937,25.784713745117188,41.77499961853027
2021-11-27 13:49:35.990,15.617280960083008,84.93975830078125,163.2161407470703,90.0,73.79999542236328,61.23046875,99.93851470947266,15.862899780273438,60.475627791219615,41579.0,33.26446533203125,28.368621826171875,22.00404357910156,23.52719116210937,41.77499961853027
2021-11-27 13:49:37.000,15.617280960083008,84.93975830078125,163.2161407470703,90.0,73.79999542236328,61.23046875,99.93851470947266,15.862899780273438,60.475627791219615,41579.0,33.26446533203125,28.368621826171875,22.00404357910156,23.52719116210937,41.77499961853027
2021-11-27 13:49:38.001,15.567604064941406,85.0,161.7919921875,90.0,73.4000015258789,61.23046875,99.93851470947266,15.85375690460205,58.4822546394789,41579.0,33.12847900390625,24.832733154296875,22.6024169921875,26.165496826171875,41.77499961853027
2021-11-27 13:49:38.993,15.536916732788086,85.06024169921875,162.7360076904297,90.0,74.29999542236328,61.23046875,99.93851470947266,15.84245777130127,57.04694003144435,41579.0,31.06134033203125,25.4039306640625,25.02313232421875,24.88714599609375,41.77499961853027
2021-11-27 13:49:40.003,15.536916732788086,85.06024169921875,162.7360076904297,90.0,74.29999542236328,61.23046875,99.93851470947266,15.84245777130127,57.04694003144435,41579.0,31.06134033203125,25.4039306640625,25.02313232421875,24.88714599609375,41.77499961853027
2021-11-27 13:49:41.004,15.522024154663086,85.0,163.3544921875,90.0,74.19999694824219,61.23046875,99.93851470947266,15.84718132019043,59.38413907280293,41579.0,31.115753173828125,26.19268798828125,24.12557983398437,28.368621826171875,41.77499961853027
2021-11-27 13:49:41.994,15.538500785827637,84.93975830078125,163.5172576904297,90.0,73.9000015258789,61.23046875,99.93851470947266,15.82468605041504,61.15077492900609,41579.0,32.067718505859375,26.845474243164062,25.077545166015625,27.52545166015625,41.77499961853027
2021-11-27 13:49:42.994,15.538500785827637,84.93975830078125,163.5172576904297,90.0,73.9000015258789,61.23046875,99.93851470947266,15.82468605041504,61.15077492900609,41579.0,32.067718505859375,26.845474243164062,25.077545166015625,27.52545166015625,41.77499961853027
2021-11-27 13:49:43.991,15.571200370788574,85.06024169921875,163.13477325439453,90.0,73.9000015258789,61.23046875,99.93851470947266,15.814481735229492,58.26934880212245,41579.0,31.0069580078125,27.307861328125,24.20716857910156,24.96875,41.77499961853027
2021-11-27 13:49:44.993,15.559762001037598,85.0,162.353515625,90.0,73.5999984741211,61.23046875,99.93851470947266,15.807188987731934,59.18394985704779,41579.0,34.46124267578125,26.845474243164062,21.976837158203125,25.431121826171875,41.77499961853027
2021-11-27 13:49:45.990,15.559762001037598,85.0,162.353515625,90.0,73.5999984741211,61.23046875,99.93851470947266,15.807188987731934,59.18394985704779,41579.0,34.46124267578125,26.845474243164062,21.976837158203125,25.431121826171875,41.77499961853027
2021-11-27 13:49:46.995,15.517559051513672,84.93975830078125,162.7766876220703,90.0,73.69999694824219,61.23046875,99.93851470947266,15.787246704101562,59.18976937363487,41579.0,28.39584350585937,25.4039306640625,23.71759033203125,28.314239501953125,41.77499961853027
2021-11-27 13:49:48.000,15.474573135375977,84.93975830078125,164.43685150146484,90.0,73.5999984741211,61.23046875,99.93851470947266,15.773847579956056,62.29110073753259,41579.0,29.483795166015625,29.619781494140625,26.818267822265625,25.02313232421875,41.77499961853027
2021-11-27 13:49:49.004,15.474573135375977,84.93975830078125,164.43685150146484,90.0,73.5999984741211,61.23046875,99.93851470947266,15.773847579956056,62.29110073753259,41579.0,29.483795166015625,29.619781494140625,26.818267822265625,25.02313232421875,41.77499961853027
2021-11-27 13:49:49.991,15.46200942993164,85.0,162.2395782470703,90.0,73.19999694824219,61.23046875,99.93851470947266,15.745332717895508,60.45648874378804,41579.0,28.613433837890625,25.213531494140625,23.55438232421875,27.851837158203125,41.77499961853027
2021-11-27 13:49:51.002,15.48770236968994,85.0,162.6302032470703,90.0,73.69999694824219,61.23046875,99.93851470947266,15.72954273223877,58.38879428385399,41579.0,30.54457092285156,26.70947265625,26.029510498046875,22.19442749023437,41.77499961853027
2021-11-27 13:49:51.993,15.48770236968994,85.0,162.6302032470703,90.0,73.69999694824219,61.23046875,99.93851470947266,15.72954273223877,58.38879428385399,41579.0,30.54457092285156,26.70947265625,26.029510498046875,22.19442749023437,41.77499961853027
2021-11-27 13:49:52.992,15.54885482788086,84.93975830078125,162.3616485595703,90.0,73.9000015258789,61.23046875,99.93851470947266,15.720118522644045,58.2461574827915,41579.0,31.27894592285156,25.050338745117188,21.895248413085938,27.14466857910156,41.77499961853027
2021-11-27 13:49:53.994,15.568419456481934,85.0,163.12662506103516,90.0,74.69999694824219,61.23046875,99.93851470947266,15.690773963928224,57.92867421340375,41579.0,28.776626586914062,27.09027099609375,26.192703247070312,28.55902099609375,41.77499961853027
2021-11-27 13:49:54.991,15.558231353759766,85.06024169921875,162.04427337646484,90.0,73.5999984741211,61.23046875,99.93851470947266,15.672492980957031,59.01415742122649,41579.0,29.45660400390625,24.99594116210937,25.02313232421875,26.05670166015625,41.77499961853027
2021-11-27 13:49:55.992,15.558231353759766,85.06024169921875,162.04427337646484,90.0,73.5999984741211,61.23046875,99.93851470947266,15.672492980957031,59.01415742122649,41579.0,29.45660400390625,24.99594116210937,25.02313232421875,26.05670166015625,41.77499961853027
2021-11-27 13:49:56.991,15.55948257446289,85.0,161.45833587646484,90.0,73.79999542236328,61.23046875,99.93851470947266,15.67431926727295,57.68708672227909,41579.0,30.653366088867188,28.749420166015625,19.202545166015625,24.28875732421875,41.77499961853027
2021-11-27 13:49:57.991,15.578811645507812,84.93975830078125,162.84993743896484,90.0,74.9000015258789,61.23046875,99.93851470947266,15.651779174804688,56.37826110484802,41579.0,34.134857177734375,27.117462158203125,23.227996826171875,27.38946533203125,41.77499961853027
2021-11-27 13:49:58.990,15.578811645507812,84.93975830078125,162.84993743896484,90.0,74.9000015258789,61.23046875,99.93851470947266,15.651779174804688,56.37826110484802,41579.0,34.134857177734375,27.117462158203125,23.227996826171875,27.38946533203125,41.77499961853027
2021-11-27 13:49:59.994,15.630148887634276,84.93975830078125,162.67089080810547,90.0,73.69999694824219,61.23046875,99.93851470947266,15.628499984741213,58.59457897144368,41579.0,26.08392333984375,28.93980407714844,26.029510498046875,26.899871826171875,41.77499961853027
2021-11-27 13:50:00.993,15.703924179077148,85.06024169921875,162.73600006103516,90.0,74.0,61.23046875,99.93851470947266,15.623964309692385,58.09788472023455,41579.0,31.79571533203125,26.954269409179688,24.615142822265625,22.65682983398437,41.75
2021-11-27 13:50:02.002,15.703924179077148,85.06024169921875,162.73600006103516,90.0,74.0,61.23046875,99.93851470947266,15.623964309692385,58.09788472023455,41579.0,31.79571533203125,26.954269409179688,24.615142822265625,22.65682983398437,41.75
2021-11-27 13:50:02.992,15.767755508422852,85.0,162.08496856689453,90.0,74.0,61.23046875,99.93851470947266,15.5925931930542,58.90216267511971,41579.0,30.653366088867188,23.79917907714844,23.66317749023437,28.232635498046875,41.77499961853027
2021-11-27 13:50:03.991,15.776205062866213,84.93975830078125,162.48372650146484,90.0,74.19999694824219,61.23046875,99.93851470947266,15.575013160705566,55.39147894369368,41579.0,28.967025756835938,27.09027099609375,23.47279357910156,23.608795166015625,41.77499961853027
2021-11-27 13:50:05.001,15.776205062866213,84.93975830078125,162.48372650146484,90.0,74.19999694824219,61.23046875,99.93851470947266,15.575013160705566,55.39147894369368,41579.0,28.967025756835938,27.09027099609375,23.47279357910156,23.608795166015625,41.77499961853027
2021-11-27 13:50:05.995,15.768896102905272,85.0,162.19075775146484,90.0,74.0999984741211,61.23046875,99.93851470947266,15.567299842834473,58.24920655636816,41579.0,31.170150756835938,28.06942749023437,22.4664306640625,30.979736328125,41.77499961853027
2021-11-27 13:50:06.991,15.766897201538086,85.06024169921875,162.9150390625,90.0,73.79999542236328,61.23046875,99.93851470947266,15.546600341796877,58.347816188314255,41579.0,29.07582092285156,23.608795166015625,26.682281494140625,25.811920166015625,41.75
2021-11-27 13:50:07.994,15.766897201538086,85.06024169921875,162.9150390625,90.0,73.79999542236328,61.23046875,99.93851470947266,15.546600341796877,58.347816188314255,41579.0,29.07582092285156,23.608795166015625,26.682281494140625,25.811920166015625,41.75
2021-11-27 13:50:08.993,15.755306243896484,85.0,162.7197265625,90.0,74.0,61.23046875,99.93851470947266,15.535179138183594,56.595468963785656,41579.0,32.720489501953125,28.55902099609375,23.962371826171875,19.99130249023437,41.77499961853027
2021-11-27 13:50:09.991,15.731958389282228,84.93975830078125,161.76758575439453,90.0,73.9000015258789,61.23046875,99.93851470947266,15.519600868225098,57.89602849245951,41579.0,34.46124267578125,24.50634765625,23.363998413085938,26.818267822265625,41.75
2021-11-27 13:50:11.005,15.731958389282228,84.93975830078125,161.76758575439453,90.0,73.9000015258789,61.23046875,99.93851470947266,15.519600868225098,57.89602849245951,41579.0,34.46124267578125,24.50634765625,23.363998413085938,26.818267822265625,41.75
2021-11-27 13:50:11.990,15.730125427246094,85.0,163.13475799560547,90.0,74.29999542236328,61.23046875,99.93851470947266,15.490365028381348,57.909361769617405,41579.0,31.46932983398437,25.648712158203125,27.93344116210937,26.21990966796875,41.75
2021-11-27 13:50:12.992,15.745298385620115,85.06024169921875,162.353515625,90.0,73.9000015258789,61.23046875,99.93851470947266,15.477580070495604,58.36186193916443,41579.0,33.56365966796875,29.0758056640625,22.412017822265625,27.90625,41.75
2021-11-27 13:50:14.001,15.745298385620115,85.06024169921875,162.353515625,90.0,73.9000015258789,61.23046875,99.93851470947266,15.477580070495604,58.36186193916443,41579.0,33.56365966796875,29.0758056640625,22.412017822265625,27.90625,41.75
2021-11-27 13:50:14.991,15.721012115478516,84.93975830078125,162.06055450439453,90.0,73.9000015258789,61.23046875,99.93851470947266,15.461311340332031,59.042802782414405,41579.0,31.442138671875,25.4039306640625,21.242462158203125,25.92071533203125,41.75
2021-11-27 13:50:16.001,15.670018196105955,85.0,161.9384765625,90.0,74.0,61.23046875,99.93851470947266,15.423322677612305,58.75015313849472,41579.0,27.770263671875,27.253463745117188,24.6695556640625,26.62788391113281,41.75
2021-11-27 13:50:16.994,15.670018196105955,85.0,161.9384765625,90.0,74.0,61.23046875,99.93851470947266,15.423322677612305,58.75015313849472,41579.0,27.770263671875,27.253463745117188,24.6695556640625,26.62788391113281,41.75
2021-11-27 13:50:17.993,15.625664710998535,85.06024169921875,162.2233123779297,90.0,74.69999694824219,61.23046875,99.93851470947266,15.411438941955566,55.30192813452699,41579.0,33.12847900390625,28.69500732421875,23.69038391113281,24.20716857910156,41.75
2021-11-27 13:50:18.994,15.572978973388672,85.0,161.8896484375,90.0,73.5,61.23046875,99.93851470947266,15.389512062072754,59.66596882736788,41579.0,31.46932983398437,26.73667907714844,23.11920166015625,27.253463745117188,41.75
2021-11-27 13:50:20.003,15.572978973388672,85.0,161.8896484375,90.0,73.5,61.23046875,99.93851470947266,15.389512062072754,59.66596882736788,41579.0,31.46932983398437,26.73667907714844,23.11920166015625,27.253463745117188,41.75
2021-11-27 13:50:20.994,15.52922534942627,85.0,162.0524139404297,90.0,73.9000015258789,61.23046875,99.93851470947266,15.371871948242188,57.87118294000954,41579.0,31.850128173828125,27.498260498046875,27.171875,24.75115966796875,41.75
2021-11-27 13:50:21.994,15.507902145385742,85.0,162.28026580810547,90.0,74.0,61.23046875,99.93851470947266,15.34244441986084,59.47538996780929,41579.0,31.686920166015625,25.6759033203125,25.48553466796875,23.79917907714844,41.75
2021-11-27 13:50:22.994,15.507902145385742,85.0,162.28026580810547,90.0,74.0,61.23046875,99.93851470947266,15.34244441986084,59.47538996780929,41579.0,31.686920166015625,25.6759033203125,25.48553466796875,23.79917907714844,41.75
2021-11-27 13:50:23.992,15.514405250549316,85.0,161.474609375,90.0,73.5,61.23046875,99.93851470947266,15.332775115966797,59.598736245494464,41579.0,28.776626586914062,26.519088745117188,25.784713745117188,23.5,41.75
2021-11-27 13:50:24.992,15.4939546585083,84.93975830078125,162.43489837646484,90.0,74.5999984741211,61.23046875,99.93851470947266,15.322113990783691,57.30137372220101,41579.0,33.86285400390625,30.02777099609375,23.52719116210937,25.89350891113281,41.72500038146973
2021-11-27 13:50:25.991,15.4939546585083,84.93975830078125,162.43489837646484,90.0,74.5999984741211,61.23046875,99.93851470947266,15.322113990783691,57.30137372220101,41579.0,33.86285400390625,30.02777099609375,23.52719116210937,25.89350891113281,41.72500038146973
2021-11-27 13:50:26.995,15.44326400756836,85.0,162.01985931396484,90.0,73.79999542236328,61.23046875,99.93851470947266,15.293232917785645,59.579315223773385,41579.0,32.09490966796875,26.954269409179688,23.41839599609375,28.395828247070312,41.75
2021-11-27 13:50:28.004,15.423090934753418,85.06024169921875,162.01171875,90.0,74.69999694824219,61.23046875,99.93851470947266,15.27251148223877,56.82163823128744,41579.0,32.33970642089844,26.70947265625,24.8055419921875,26.301498413085938,41.72500038146973
2021-11-27 13:50:28.994,15.423090934753418,85.06024169921875,162.01171875,90.0,74.69999694824219,61.23046875,99.93851470947266,15.27251148223877,56.82163823128744,41579.0,32.33970642089844,26.70947265625,24.8055419921875,26.301498413085938,41.72500038146973
2021-11-27 13:50:29.990,15.408641815185549,84.93975830078125,161.4420623779297,90.0,73.4000015258789,61.23046875,99.93851470947266,15.250083923339844,59.33267995829952,41579.0,33.890045166015625,24.125564575195312,25.050338745117188,25.86630249023437,41.72500038146973
2021-11-27 13:50:31.004,15.401485443115234,84.93975830078125,162.38607025146484,90.0,74.29999542236328,61.23046875,99.93851470947266,15.227168083190918,58.56380320339267,41579.0,31.27894592285156,25.485519409179688,26.8726806640625,24.560760498046875,41.72500038146973
2021-11-27 13:50:32.005,15.401485443115234,84.93975830078125,162.38607025146484,90.0,74.29999542236328,61.23046875,99.93851470947266,15.227168083190918,58.56380320339267,41579.0,31.27894592285156,25.485519409179688,26.8726806640625,24.560760498046875,41.72500038146973
2021-11-27 13:50:32.994,15.431511878967283,85.06024169921875,162.1012420654297,90.0,73.69999694824219,61.23046875,99.93851470947266,15.21796989440918,58.93604574666775,41579.0,32.39410400390625,30.490142822265625,24.0711669921875,27.68865966796875,41.72500038146973
2021-11-27 13:50:33.995,15.492497444152832,85.06024169921875,161.4583282470703,90.0,73.5999984741211,61.23046875,99.93851470947266,15.192116737365724,59.28379302484613,41579.0,31.387741088867188,28.09663391113281,20.48089599609375,26.818267822265625,41.72500038146973
2021-11-27 13:50:34.992,15.492497444152832,85.06024169921875,161.4583282470703,90.0,73.5999984741211,61.23046875,99.93851470947266,15.192116737365724,59.28379302484613,41579.0,31.387741088867188,28.09663391113281,20.48089599609375,26.818267822265625,41.72500038146973
2021-11-27 13:50:35.993,15.553329467773438,84.93975830078125,161.73502349853516,90.0,73.79999542236328,61.23046875,99.93851470947266,15.175522804260254,60.64618310257107,41579.0,30.62615966796875,27.253463745117188,25.213531494140625,27.47105407714844,41.72500038146973
2021-11-27 13:50:36.991,15.575047492980955,85.0,161.3199920654297,90.0,73.9000015258789,61.23046875,99.93851470947266,15.163440704345703,58.660389804539314,41579.0,29.701400756835938,25.784713745117188,24.370361328125,23.55438232421875,41.72500038146973
2021-11-27 13:50:37.992,15.575047492980955,85.0,161.3199920654297,90.0,73.9000015258789,61.23046875,99.93851470947266,15.163440704345703,58.660389804539314,41579.0,29.701400756835938,25.784713745117188,24.370361328125,23.55438232421875,41.72500038146973
2021-11-27 13:50:38.994,15.617894172668455,85.0,162.65462493896484,90.0,73.9000015258789,61.23046875,99.93851470947266,15.1414155960083,59.09190697014372,41579.0,34.29803466796875,26.763885498046875,26.32870483398437,25.077545166015625,41.72500038146973
2021-11-27 13:50:40.001,15.64163303375244,85.0,161.40135955810547,90.0,74.5999984741211,61.23046875,99.93851470947266,15.116565704345703,57.18011240597702,41579.0,31.1429443359375,26.328689575195312,25.648712158203125,24.58795166015625,41.72500038146973
2021-11-27 13:50:40.993,15.64163303375244,85.0,161.40135955810547,90.0,74.5999984741211,61.23046875,99.93851470947266,15.116565704345703,57.18011240597702,41579.0,31.1429443359375,26.328689575195312,25.648712158203125,24.58795166015625,41.72500038146973
2021-11-27 13:50:42.003,15.662471771240234,85.0,162.1826171875,90.0,74.0999984741211,61.23046875,99.93851470947266,15.112902641296388,58.70283923588523,41579.0,31.36053466796875,26.954269409179688,24.343170166015625,27.14466857910156,41.72500038146973
2021-11-27 13:50:42.994,15.715201377868652,84.93975830078125,161.43392181396484,90.0,73.0999984741211,61.23046875,99.93851470947266,15.086799621582031,60.119728377130485,41579.0,29.211822509765625,23.41839599609375,25.48553466796875,24.01678466796875,41.72500038146973
2021-11-27 13:50:43.995,15.715201377868652,84.93975830078125,161.43392181396484,90.0,73.0999984741211,61.23046875,99.93851470947266,15.086799621582031,60.119728377130485,41579.0,29.211822509765625,23.41839599609375,25.48553466796875,24.01678466796875,41.72500038146973
2021-11-27 13:50:44.993,15.770328521728516,85.0,161.27115631103516,90.0,74.5999984741211,61.23046875,99.93851470947266,15.065057754516602,56.45206643675753,41579.0,30.299774169921875,28.25982666015625,26.60067749023437,24.26156616210937,41.70000076293945
2021-11-27 13:50:45.991,15.792722702026367,85.0,162.5406951904297,90.0,73.69999694824219,61.23046875,99.93851470947266,15.047163009643556,59.9581117484618,41579.0,34.352447509765625,27.634246826171875,24.28875732421875,29.184600830078125,41.70000076293945
2021-11-27 13:50:46.993,15.792722702026367,85.0,162.5406951904297,90.0,73.69999694824219,61.23046875,99.93851470947266,15.047163009643556,59.9581117484618,41579.0,34.352447509765625,27.634246826171875,24.28875732421875,29.184600830078125,41.70000076293945
2021-11-27 13:50:47.990,15.771990776062012,85.0,161.6455078125,90.0,74.5999984741211,61.23046875,99.93851470947266,15.018255233764648,56.82981795222205,41579.0,33.42767333984375,23.092010498046875,23.71759033203125,28.09663391113281,41.72500038146973
2021-11-27 13:50:48.995,15.735921859741213,85.06024169921875,160.8642578125,90.0,73.19999694824219,61.23046875,99.93851470947266,14.996164321899414,59.543213672955225,41579.0,31.387741088867188,27.1446533203125,22.493621826171875,26.111114501953125,41.70000076293945
2021-11-27 13:50:50.005,15.735921859741213,85.06024169921875,160.8642578125,90.0,73.19999694824219,61.23046875,99.93851470947266,14.996164321899414,59.543213672955225,41579.0,31.387741088867188,27.1446533203125,22.493621826171875,26.111114501953125,41.70000076293945
2021-11-27 13:50:51.002,15.699174880981444,85.0,161.67806243896484,90.0,74.29999542236328,61.23046875,99.93851470947266,14.977706909179688,57.01779321771926,41579.0,27.93345642089844,25.648712158203125,26.00230407714844,24.96875,41.70000076293945
2021-11-27 13:50:52.001,15.65116024017334,84.93975830078125,161.73502349853516,90.0,73.69999694824219,61.23046875,99.93851470947266,14.943520545959473,59.32436080680594,41579.0,32.6116943359375,28.17822265625,25.050338745117188,25.703125,41.70000076293945
2021-11-27 13:50:52.994,15.65116024017334,84.93975830078125,161.73502349853516,90.0,73.69999694824219,61.23046875,99.93851470947266,14.943520545959473,59.32436080680594,41579.0,32.6116943359375,28.17822265625,25.050338745117188,25.703125,41.70000076293945
2021-11-27 13:50:53.995,15.609508514404297,85.0,162.39420318603516,90.0,74.29999542236328,61.23046875,99.93851470947266,14.914548873901367,58.685100022263285,41579.0,31.442138671875,27.33505249023437,25.077545166015625,26.62788391113281,41.70000076293945
2021-11-27 13:50:55.001,15.591678619384766,85.06024169921875,161.7106170654297,90.0,73.69999694824219,61.23046875,99.93851470947266,14.901925086975098,59.4799303446192,41579.0,31.850128173828125,27.1446533203125,24.615142822265625,25.213531494140625,41.70000076293945
2021-11-27 13:50:55.994,15.591678619384766,85.06024169921875,161.7106170654297,90.0,73.69999694824219,61.23046875,99.93851470947266,14.901925086975098,59.4799303446192,41579.0,31.850128173828125,27.1446533203125,24.615142822265625,25.213531494140625,41.70000076293945
2021-11-27 13:50:57.005,15.597079277038574,84.93975830078125,161.5234375,90.0,73.79999542236328,61.23046875,99.93851470947266,14.86415672302246,59.62010937146413,41579.0,28.831024169921875,29.048599243164062,23.9351806640625,23.962371826171875,41.70000076293945
2021-11-27 13:50:58.004,15.580357551574709,85.0,160.79100799560547,90.0,73.4000015258789,61.23046875,99.93851470947266,14.837215423583984,59.58171604674463,41579.0,32.149322509765625,25.648712158203125,23.146392822265625,23.363998413085938,41.70000076293945
2021-11-27 13:50:58.992,15.580357551574709,85.0,160.79100799560547,90.0,73.4000015258789,61.23046875,99.93851470947266,14.837215423583984,59.58171604674463,41579.0,32.149322509765625,25.648712158203125,23.146392822265625,23.363998413085938,41.70000076293945
2021-11-27 13:50:59.992,15.545303344726562,85.06024169921875,162.1907501220703,90.0,74.69999694824219,61.23046875,99.93851470947266,14.8183012008667,54.3766381160941,41579.0,28.096649169921875,25.567108154296875,26.2742919921875,26.4375,41.70000076293945
2021-11-27 13:51:00.990,15.518106460571287,85.0,161.51529693603516,90.0,73.9000015258789,61.23046875,99.93851470947266,14.789814949035645,57.7578359865963,41579.0,29.10302734375,25.26792907714844,25.295135498046875,26.00230407714844,41.70000076293945
2021-11-27 13:51:02.005,15.518106460571287,85.0,161.51529693603516,90.0,73.9000015258789,61.23046875,99.93851470947266,14.789814949035645,57.7578359865963,41579.0,29.10302734375,25.26792907714844,25.295135498046875,26.00230407714844,41.70000076293945
2021-11-27 13:51:02.990,15.482751846313477,85.0,161.328125,90.0,74.29999542236328,61.23046875,99.93851470947266,14.755229949951172,59.40725915287626,41579.0,32.4757080078125,27.6070556640625,25.349517822265625,25.784713745117188,41.70000076293945
2021-11-27 13:51:03.993,15.45061206817627,85.0,160.7177734375,90.0,74.19999694824219,61.23046875,99.93851470947266,14.741387367248535,59.202249150229605,41579.0,29.701400756835938,27.7430419921875,21.32406616210937,24.914337158203125,41.70000076293945
2021-11-27 13:51:05.002,15.45061206817627,85.0,160.7177734375,90.0,74.19999694824219,61.23046875,99.93851470947266,14.741387367248535,59.202249150229605,41579.0,29.701400756835938,27.7430419921875,21.32406616210937,24.914337158203125,41.70000076293945
2021-11-27 13:51:05.992,15.462822914123535,85.06024169921875,160.90494537353516,90.0,73.69999694824219,61.23046875,99.93851470947266,14.717482566833496,57.94259805371241,41579.0,27.60707092285156,27.6070556640625,23.52719116210937,24.96875,41.70000076293945
2021-11-27 13:51:06.994,15.524025917053224,85.0,161.23860931396484,90.0,74.0999984741211,61.23046875,99.93851470947266,14.679482460021973,57.63956810494282,41579.0,32.53009033203125,25.349517822265625,24.479156494140625,25.839111328125,41.70000076293945
2021-11-27 13:51:07.994,15.524025917053224,85.0,161.23860931396484,90.0,74.0999984741211,61.23046875,99.93851470947266,14.679482460021973,57.63956810494282,41579.0,32.53009033203125,25.349517822265625,24.479156494140625,25.839111328125,41.70000076293945
2021-11-27 13:51:09.004,15.554616928100586,85.0,161.3932342529297,90.0,74.19999694824219,61.23046875,99.93851470947266,14.66675090789795,59.06645976952579,41579.0,32.502899169921875,22.167236328125,25.86630249023437,28.015045166015625,41.70000076293945
2021-11-27 13:51:09.994,15.543952941894531,84.93975830078125,161.3037109375,90.0,74.0999984741211,61.23046875,99.93851470947266,14.64188003540039,57.90136005756421,41579.0,31.768524169921875,29.048599243164062,23.9351806640625,22.19442749023437,41.70000076293945
2021-11-27 13:51:11.003,15.543952941894531,84.93975830078125,161.3037109375,90.0,74.0999984741211,61.23046875,99.93851470947266,14.64188003540039,57.90136005756421,41579.0,31.768524169921875,29.048599243164062,23.9351806640625,22.19442749023437,41.70000076293945
2021-11-27 13:51:11.993,15.546317100524902,85.0,160.1887969970703,90.0,73.5999984741211,61.23046875,99.93851470947266,14.600419998168944,60.3974691891756,41579.0,28.314239501953125,27.90625,21.56884765625,25.703125,41.70000076293945
2021-11-27 13:51:13.004,15.552130699157717,85.0,161.36067962646484,90.0,74.29999542236328,61.23046875,99.93851470947266,14.58228874206543,58.02684406298882,41579.0,30.163787841796875,25.431121826171875,25.67591857910156,24.914337158203125,41.70000076293945
2021-11-27 13:51:14.001,15.552130699157717,85.0,161.36067962646484,90.0,74.29999542236328,61.23046875,99.93851470947266,14.58228874206543,58.02684406298882,41579.0,30.163787841796875,25.431121826171875,25.67591857910156,24.914337158203125,41.70000076293945
2021-11-27 13:51:14.993,15.600170135498049,84.93975830078125,161.6617889404297,90.0,74.19999694824219,61.23046875,99.93851470947266,14.55141544342041,56.82490779414846,41579.0,30.435775756835938,25.26792907714844,24.99594116210937,26.21990966796875,41.70000076293945
2021-11-27 13:51:16.005,15.65737247467041,85.0,161.669921875,90.0,73.9000015258789,61.23046875,99.93851470947266,14.50704288482666,59.81026785020902,41579.0,33.454864501953125,28.69500732421875,23.962371826171875,27.22625732421875,41.70000076293945
2021-11-27 13:51:16.994,15.65737247467041,85.0,161.669921875,90.0,73.9000015258789,61.23046875,99.93851470947266,14.50704288482666,59.81026785020902,41579.0,33.454864501953125,28.69500732421875,23.962371826171875,27.22625732421875,41.70000076293945
2021-11-27 13:51:17.993,15.688143730163574,85.06024169921875,161.0270233154297,90.0,73.4000015258789,61.23046875,99.93851470947266,14.48501205444336,59.23285433846411,41579.0,29.347808837890625,26.899871826171875,24.12557983398437,24.28875732421875,41.70000076293945
2021-11-27 13:51:18.993,15.693750381469728,84.93975830078125,160.1806640625,90.0,73.5,61.23046875,99.93851470947266,14.452788352966309,59.38170501012087,41579.0,30.653366088867188,27.0086669921875,24.88714599609375,22.30322265625,41.70000076293945
2021-11-27 13:51:20.001,15.693750381469728,84.93975830078125,160.1806640625,90.0,73.5,61.23046875,99.93851470947266,14.452788352966309,59.38170501012087,41579.0,30.653366088867188,27.0086669921875,24.88714599609375,22.30322265625,41.70000076293945
2021-11-27 13:51:20.995,15.67585277557373,84.93975830078125,161.181640625,90.0,73.5,61.23046875,99.93851470947266,14.410297393798828,58.43297768134142,41579.0,30.707763671875,25.512725830078125,23.255203247070312,28.91259765625,41.70000076293945
2021-11-27 13:51:21.994,15.666038513183594,85.0,162.40235137939453,90.0,74.9000015258789,61.23046875,99.93851470947266,14.394922256469728,56.05912133123013,41579.0,29.973388671875,28.4774169921875,25.703125,29.53817749023437,41.70000076293945
2021-11-27 13:51:22.992,15.666038513183594,85.0,162.40235137939453,90.0,74.9000015258789,61.23046875,99.93851470947266,14.394922256469728,56.05912133123013,41579.0,29.973388671875,28.4774169921875,25.703125,29.53817749023437,41.70000076293945
2021-11-27 13:51:24.005,15.636842727661133,85.06024169921875,160.791015625,90.0,73.9000015258789,61.23046875,99.93851470947266,14.367226600646973,59.38212053388734,41579.0,31.93173217773437,27.253463745117188,23.03759765625,25.62152099609375,41.70000076293945
2021-11-27 13:51:25.003,15.606504440307615,84.93975830078125,161.4339141845703,90.0,73.9000015258789,61.23046875,99.93851470947266,14.32540798187256,59.2598145045472,41579.0,30.49017333984375,27.035858154296875,23.608795166015625,22.847213745117188,41.70000076293945
2021-11-27 13:51:26.001,15.606504440307615,84.93975830078125,161.4339141845703,90.0,73.9000015258789,61.23046875,99.93851470947266,14.32540798187256,59.2598145045472,41579.0,30.49017333984375,27.035858154296875,23.608795166015625,22.847213745117188,41.70000076293945
2021-11-27 13:51:26.994,15.603023529052734,85.0,161.06771087646484,90.0,73.69999694824219,61.23046875,99.93851470947266,14.315237998962402,57.894171220801525,41579.0,27.307876586914062,29.483795166015625,22.412017822265625,24.778350830078125,41.70000076293945
2021-11-27 13:51:27.990,15.625890731811523,85.06024169921875,161.23860931396484,90.0,73.9000015258789,61.23046875,99.93851470947266,14.270368576049805,57.57720427802761,41579.0,31.60533142089844,28.20542907714844,21.895248413085938,27.253463745117188,41.70000076293945
2021-11-27 13:51:29.004,15.625890731811523,85.06024169921875,161.23860931396484,90.0,73.9000015258789,61.23046875,99.93851470947266,14.270368576049805,57.57720427802761,41579.0,31.60533142089844,28.20542907714844,21.895248413085938,27.253463745117188,41.70000076293945
2021-11-27 13:51:29.993,15.614584922790527,85.0,161.4501953125,90.0,74.19999694824219,61.23046875,99.93851470947266,14.226430892944336,57.3675460797569,41579.0,31.904525756835938,25.213531494140625,26.981475830078125,27.307861328125,41.70000076293945
2021-11-27 13:51:30.990,15.598688125610352,85.0,161.328125,90.0,73.69999694824219,61.23046875,99.93851470947266,14.211587905883787,59.265390632785554,41579.0,32.39410400390625,27.797439575195312,25.15913391113281,20.317703247070312,41.70000076293945
2021-11-27 13:51:31.992,15.598688125610352,85.0,161.328125,90.0,73.69999694824219,61.23046875,99.93851470947266,14.211587905883787,59.265390632785554,41579.0,32.39410400390625,27.797439575195312,25.15913391113281,20.317703247070312,41.70000076293945
2021-11-27 13:51:32.990,15.59402847290039,85.0,160.40853118896484,90.0,73.0999984741211,61.23046875,99.93851470947266,14.16614055633545,59.68907069457256,41579.0,30.84375,25.077545166015625,21.56884765625,25.376739501953125,41.70000076293945
2021-11-27 13:51:33.994,15.56664752960205,85.0,161.02701568603516,90.0,74.5999984741211,61.23046875,99.93851470947266,14.132323265075684,56.89419905747864,41579.0,25.78472900390625,30.38134765625,24.53355407714844,26.083892822265625,41.70000076293945
2021-11-27 13:51:34.992,15.56664752960205,85.0,161.02701568603516,90.0,74.5999984741211,61.23046875,99.93851470947266,14.132323265075684,56.89419905747864,41579.0,25.78472900390625,30.38134765625,24.53355407714844,26.083892822265625,41.70000076293945
2021-11-27 13:51:35.990,15.552497863769531,85.0,161.4420623779297,90.0,73.79999542236328,61.23046875,99.93851470947266,14.112882614135742,57.20584921145334,41579.0,33.835662841796875,31.224517822265625,20.48089599609375,26.73667907714844,41.70000076293945
2021-11-27 13:51:36.991,15.572912216186523,85.0,161.328125,90.0,74.69999694824219,61.23046875,99.93851470947266,14.07287311553955,57.53207096263655,41579.0,30.02778625488281,23.69038391113281,24.15277099609375,27.38946533203125,41.70000076293945
2021-11-27 13:51:38.002,15.572912216186523,85.0,161.328125,90.0,74.69999694824219,61.23046875,99.93851470947266,14.07287311553955,57.53207096263655,41579.0,30.02778625488281,23.69038391113281,24.15277099609375,27.38946533203125,41.70000076293945
2021-11-27 13:51:38.992,15.616032600402832,85.0,160.70149993896484,90.0,74.29999542236328,61.23046875,99.93851470947266,14.041379928588867,56.93444327210007,41579.0,31.36053466796875,27.52545166015625,23.5,21.7320556640625,41.70000076293945
2021-11-27 13:51:39.994,15.633100509643556,84.93975830078125,159.97721099853516,90.0,73.5,61.23046875,99.93851470947266,14.016616821289062,59.3421595274032,41579.0,30.00057983398437,25.947906494140625,22.140045166015625,26.79107666015625,41.70000076293945
2021-11-27 13:51:40.993,15.633100509643556,84.93975830078125,159.97721099853516,90.0,73.5,61.23046875,99.93851470947266,14.016616821289062,59.3421595274032,41579.0,30.00057983398437,25.947906494140625,22.140045166015625,26.79107666015625,41.70000076293945
2021-11-27 13:51:42.002,15.610218048095703,85.0,160.48177337646484,90.0,74.0,61.23046875,99.93851470947266,13.965750694274902,56.155419983504906,41579.0,29.15740966796875,26.4102783203125,23.39120483398437,26.029510498046875,41.70000076293945
2021-11-27 13:51:42.991,15.590462684631348,85.0,161.75943756103516,90.0,74.19999694824219,61.23046875,99.93851470947266,13.928197860717772,57.829255033633,41579.0,34.21644592285156,31.088531494140625,24.12557983398437,25.13192749023437,41.70000076293945
2021-11-27 13:51:44.000,15.590462684631348,85.0,161.75943756103516,90.0,74.19999694824219,61.23046875,99.93851470947266,13.928197860717772,57.829255033633,41579.0,34.21644592285156,31.088531494140625,24.12557983398437,25.13192749023437,41.70000076293945
2021-11-27 13:51:45.003,15.57147979736328,84.93975830078125,162.5,90.0,74.0,61.23046875,99.93851470947266,13.907625198364258,59.084782347738965,41579.0,31.986114501953125,25.376724243164062,21.759246826171875,24.8055419921875,41.70000076293945
2021-11-27 13:51:45.994,15.556044578552246,85.0,163.72884368896484,90.0,74.29999542236328,61.23046875,99.93851470947266,13.858771324157717,58.95796715178895,41579.0,31.08856201171875,29.29339599609375,27.498260498046875,22.68402099609375,41.70000076293945
2021-11-27 13:51:46.993,15.556044578552246,85.0,163.72884368896484,90.0,74.29999542236328,61.23046875,99.93851470947266,13.858771324157717,58.95796715178895,41579.0,31.08856201171875,29.29339599609375,27.498260498046875,22.68402099609375,41.70000076293945
2021-11-27 13:51:48.003,15.576047897338867,85.0,163.34635162353516,90.0,73.9000015258789,61.23046875,99.93851470947266,13.816783905029297,59.282112844991055,41579.0,31.251739501953125,26.111099243164062,24.560760498046875,23.880767822265625,41.70000076293945
2021-11-27 13:51:48.993,15.61138153076172,84.93975830078125,164.17642974853516,90.0,73.29999542236328,61.23046875,99.93851470947266,13.788273811340332,59.03675591274621,41579.0,25.8663330078125,24.28875732421875,25.24072265625,23.744781494140625,41.70000076293945
2021-11-27 13:51:50.001,15.61138153076172,84.93975830078125,164.17642974853516,90.0,73.29999542236328,61.23046875,99.93851470947266,13.788273811340332,59.03675591274621,41579.0,25.8663330078125,24.28875732421875,25.24072265625,23.744781494140625,41.70000076293945
2021-11-27 13:51:50.990,15.60646152496338,85.0,165.07161712646484,90.0,74.0,61.23046875,99.93851470947266,13.750250816345217,57.032711234966825,41579.0,30.218170166015625,26.247100830078125,22.98321533203125,25.4039306640625,41.70000076293945
2021-11-27 13:51:52.004,15.588674545288086,85.0,166.455078125,90.0,74.9000015258789,61.23046875,99.93851470947266,13.694748878479004,56.42241514849892,41579.0,30.84375,30.789337158203125,22.520828247070312,27.851837158203125,41.70000076293945
2021-11-27 13:51:53.004,15.588674545288086,85.0,166.455078125,90.0,74.9000015258789,61.23046875,99.93851470947266,13.694748878479004,56.42241514849892,41579.0,30.84375,30.789337158203125,22.520828247070312,27.851837158203125,41.70000076293945
2021-11-27 13:51:53.994,15.599320411682127,85.0,166.43067169189453,90.0,74.0,61.23046875,99.93851470947266,13.649173736572266,58.5066834390236,41579.0,32.421295166015625,26.35589599609375,24.343170166015625,26.301498413085938,41.70000076293945
2021-11-27 13:51:54.994,15.598435401916504,84.93975830078125,167.19564056396484,90.0,74.0,61.23046875,99.93851470947266,13.633532524108888,59.49296915624067,41579.0,30.2725830078125,27.117462158203125,26.111114501953125,25.73031616210937,41.70000076293945
2021-11-27 13:51:55.994,15.598435401916504,84.93975830078125,167.19564056396484,90.0,74.0,61.23046875,99.93851470947266,13.633532524108888,59.49296915624067,41579.0,30.2725830078125,27.117462158203125,26.111114501953125,25.73031616210937,41.70000076293945
2021-11-27 13:51:56.994,15.6072359085083,85.06024169921875,167.82227325439453,90.0,73.29999542236328,61.23046875,99.93851470947266,13.576780319213867,60.41722092127078,41579.0,31.0069580078125,27.498260498046875,23.11920166015625,25.59432983398437,41.67500114440918
2021-11-27 13:51:57.994,15.64928913116455,85.0,168.18846893310547,90.0,73.79999542236328,61.23046875,99.93851470947266,13.546956062316896,58.5271044419536,41579.0,31.33334350585937,26.73667907714844,24.20716857910156,28.967010498046875,41.67500114440918
2021-11-27 13:51:58.991,15.64928913116455,85.0,168.18846893310547,90.0,73.79999542236328,61.23046875,99.93851470947266,13.546956062316896,58.5271044419536,41579.0,31.33334350585937,26.73667907714844,24.20716857910156,28.967010498046875,41.67500114440918
2021-11-27 13:51:59.992,15.684880256652832,84.93975830078125,167.87109375,90.0,73.29999542236328,61.23046875,99.93851470947266,13.499017715454102,60.60944771651172,41579.0,28.967025756835938,27.33505249023437,22.82000732421875,22.68402099609375,41.67500114440918
2021-11-27 13:52:00.993,15.676825523376465,85.0,167.7653045654297,90.0,74.29999542236328,61.23046875,99.93851470947266,13.448095321655272,58.46922503077104,41579.0,31.115753173828125,26.111099243164062,25.213531494140625,24.99594116210937,41.70000076293945
2021-11-27 13:52:02.001,15.676825523376465,85.0,167.7653045654297,90.0,74.29999542236328,61.23046875,99.93851470947266,13.448095321655272,58.46922503077104,41579.0,31.115753173828125,26.111099243164062,25.213531494140625,24.99594116210937,41.70000076293945
2021-11-27 13:52:03.001,15.64189338684082,85.06024169921875,167.96060943603516,90.0,73.5999984741211,61.23046875,99.93851470947266,13.424864768981934,60.25381652185863,41579.0,27.743072509765625,27.66143798828125,24.50634765625,25.24072265625,41.70000076293945
2021-11-27 13:52:03.992,15.625121116638184,85.06024169921875,166.34114837646484,90.0,74.29999542236328,61.23046875,99.93851470947266,13.38136100769043,59.31227693730646,41579.0,26.79110717773437,26.981475830078125,21.704864501953125,27.47105407714844,41.67500114440918
2021-11-27 13:52:05.002,15.625121116638184,85.06024169921875,166.34114837646484,90.0,74.29999542236328,61.23046875,99.93851470947266,13.38136100769043,59.31227693730646,41579.0,26.79110717773437,26.981475830078125,21.704864501953125,27.47105407714844,41.67500114440918
2021-11-27 13:52:05.994,15.588224411010742,84.93975830078125,168.6116485595703,90.0,73.5999984741211,61.23046875,99.93851470947266,13.32929229736328,61.12441514262267,41579.0,33.56365966796875,30.054962158203125,22.6024169921875,24.88714599609375,41.70000076293945
2021-11-27 13:52:06.991,15.56294059753418,85.0,168.56282806396484,90.0,74.4000015258789,61.23046875,99.93851470947266,13.312004089355469,59.74403781229231,41579.0,31.251739501953125,26.05670166015625,28.20542907714844,23.309600830078125,41.70000076293945
2021-11-27 13:52:07.995,15.56294059753418,85.0,168.56282806396484,90.0,74.4000015258789,61.23046875,99.93851470947266,13.312004089355469,59.74403781229231,41579.0,31.251739501953125,26.05670166015625,28.20542907714844,23.309600830078125,41.70000076293945
2021-11-27 13:52:08.994,15.564141273498535,85.0,168.12337493896484,90.0,74.5,61.23046875,99.93851470947266,13.271599769592283,58.728200691352455,41579.0,28.314239501953125,26.79107666015625,24.0711669921875,24.0711669921875,41.67500114440918
2021-11-27 13:52:09.991,15.58925437927246,85.0,168.0908203125,90.0,73.29999542236328,61.23046875,99.93851470947266,13.230878829956056,60.14947342302502,41579.0,30.78936767578125,26.165496826171875,25.48553466796875,24.479156494140625,41.67500114440918
2021-11-27 13:52:10.993,15.58925437927246,85.0,168.0908203125,90.0,73.29999542236328,61.23046875,99.93851470947266,13.230878829956056,60.14947342302502,41579.0,30.78936767578125,26.165496826171875,25.48553466796875,24.479156494140625,41.67500114440918
2021-11-27 13:52:12.005,15.58544921875,85.0,168.0908203125,90.0,74.29999542236328,61.23046875,99.93851470947266,13.210829734802246,57.858881930629096,41579.0,26.301513671875,27.797439575195312,25.92071533203125,25.431121826171875,41.67500114440918
2021-11-27 13:52:12.994,15.58544921875,85.0,168.0908203125,90.0,74.29999542236328,61.23046875,99.93851470947266,13.210829734802246,57.858881930629096,41579.0,26.301513671875,27.797439575195312,25.92071533203125,25.431121826171875,41.67500114440918
2021-11-27 13:52:14.994,15.511032104492188,85.06024169921875,166.95963287353516,90.0,74.0,61.23046875,99.93851470947266,13.12421703338623,59.51281330820211,41579.0,33.237274169921875,28.12384033203125,22.73841857910156,25.02313232421875,41.67500114440918
2021-11-27 13:52:14.000,15.537166595458984,84.93975830078125,167.7327423095703,90.0,73.79999542236328,61.23046875,99.93851470947266,13.143765449523926,60.05033691589072,41579.0,30.54457092285156,26.65509033203125,20.83447265625,27.47105407714844,41.70000076293945
2021-11-27 13:52:16.001,15.475530624389648,85.06024169921875,167.47232818603516,90.0,74.0,61.23046875,99.93851470947266,13.075933456420898,60.57067910991806,41579.0,30.54457092285156,27.987838745117188,26.70947265625,22.874420166015625,41.67500114440918
2021-11-27 13:52:17.002,15.475530624389648,85.06024169921875,167.47232818603516,90.0,74.0,61.23046875,99.93851470947266,13.075933456420898,60.57067910991806,41579.0,30.54457092285156,27.987838745117188,26.70947265625,22.874420166015625,41.67500114440918
2021-11-27 13:52:18.001,15.464278221130373,84.93975830078125,166.75618743896484,90.0,74.29999542236328,61.23046875,99.93851470947266,13.050429344177246,57.94705796704887,41580.0,31.33334350585937,25.213531494140625,25.458328247070312,26.111114501953125,41.70000076293945
2021-11-27 13:52:18.991,15.487436294555664,84.93975830078125,168.2373046875,90.0,74.0,61.23046875,99.93851470947266,13.008891105651855,61.1522686858434,41580.0,27.82466125488281,26.92706298828125,23.03759765625,27.82464599609375,41.70000076293945
2021-11-27 13:52:19.994,15.487436294555664,84.93975830078125,168.2373046875,90.0,74.0,61.23046875,99.93851470947266,13.008891105651855,61.1522686858434,41580.0,27.82466125488281,26.92706298828125,23.03759765625,27.82464599609375,41.70000076293945
2021-11-27 13:52:20.991,15.532829284667969,85.06024169921875,167.08170318603516,90.0,74.19999694824219,61.23046875,99.93851470947266,12.983150482177734,59.29496679386557,41580.0,30.00057983398437,27.307861328125,21.35125732421875,26.73667907714844,41.67500114440918
2021-11-27 13:52:21.993,15.560751914978027,85.06024169921875,167.1875,90.0,74.4000015258789,61.23046875,99.93851470947266,12.940230369567873,58.321691040264376,41580.0,29.184616088867188,25.703125,23.962371826171875,27.117462158203125,41.67500114440918
2021-11-27 13:52:22.991,15.560751914978027,85.06024169921875,167.1875,90.0,74.4000015258789,61.23046875,99.93851470947266,12.940230369567873,58.321691040264376,41580.0,29.184616088867188,25.703125,23.962371826171875,27.117462158203125,41.67500114440918
2021-11-27 13:52:23.994,15.56153392791748,84.93975830078125,167.5130157470703,90.0,73.9000015258789,61.23046875,99.93851470947266,12.894755363464355,59.32685748527757,41580.0,27.85186767578125,26.19268798828125,24.53355407714844,25.86630249023437,41.67500114440918
2021-11-27 13:52:24.994,15.592473030090332,85.0,167.74088287353516,90.0,74.29999542236328,61.23046875,99.93851470947266,12.86616039276123,57.481549634606175,41580.0,29.72860717773437,26.19268798828125,24.50634765625,26.05670166015625,41.70000076293945
2021-11-27 13:52:26.005,15.592473030090332,85.0,167.74088287353516,90.0,74.29999542236328,61.23046875,99.93851470947266,12.86616039276123,57.481549634606175,41580.0,29.72860717773437,26.19268798828125,24.50634765625,26.05670166015625,41.70000076293945
2021-11-27 13:52:26.995,15.610799789428713,85.0,167.22005462646484,90.0,73.69999694824219,61.23046875,99.93851470947266,12.81582736968994,59.32327634184143,41580.0,30.517364501953125,27.715850830078125,22.575225830078125,25.75750732421875,41.67500114440918
2021-11-27 13:52:27.993,15.64010524749756,85.0,167.69205474853516,90.0,74.80000305175781,61.23046875,99.93851470947266,12.774162292480469,58.11895494827723,41580.0,32.4757080078125,29.375,24.179962158203125,23.962371826171875,41.67500114440918
2021-11-27 13:52:29.001,15.64010524749756,85.0,167.69205474853516,90.0,74.80000305175781,61.23046875,99.93851470947266,12.774162292480469,58.11895494827723,41580.0,32.4757080078125,29.375,24.179962158203125,23.962371826171875,41.67500114440918
2021-11-27 13:52:30.002,15.682576179504396,85.0,166.87825775146484,90.0,73.69999694824219,61.23046875,99.93851470947266,12.741032600402832,57.90791087018033,41580.0,30.707763671875,25.077545166015625,26.1383056640625,22.874420166015625,41.67500114440918
2021-11-27 13:52:30.991,15.722289085388184,85.0,166.44693756103516,90.0,74.0,61.23046875,99.93851470947266,12.698725700378418,59.02119924068976,41580.0,28.042251586914062,23.11920166015625,25.431121826171875,27.79745483398437,41.67500114440918
2021-11-27 13:52:32.002,15.722289085388184,85.0,166.44693756103516,90.0,74.0,61.23046875,99.93851470947266,12.698725700378418,59.02119924068976,41580.0,28.042251586914062,23.11920166015625,25.431121826171875,27.79745483398437,41.67500114440918
2021-11-27 13:52:32.995,15.756536483764648,85.0,166.9026641845703,90.0,73.5,61.23046875,99.93851470947266,12.652963638305664,59.762945675946014,41580.0,28.72222900390625,27.063064575195312,24.15277099609375,27.82464599609375,41.67500114440918
2021-11-27 13:52:33.992,15.747148513793944,84.93975830078125,166.162109375,90.0,74.0999984741211,61.23046875,99.93851470947266,12.625894546508787,58.30219629481008,41580.0,33.42767333984375,28.722213745117188,20.72567749023437,24.615142822265625,41.67500114440918
2021-11-27 13:52:34.991,15.747148513793944,84.93975830078125,166.162109375,90.0,74.0999984741211,61.23046875,99.93851470947266,12.625894546508787,58.30219629481008,41580.0,33.42767333984375,28.722213745117188,20.72567749023437,24.615142822265625,41.67500114440918
2021-11-27 13:52:35.992,15.71379852294922,85.0,165.90169525146484,90.0,74.0,61.23046875,99.93851470947266,12.58690357208252,57.99803582084044,41580.0,33.12847900390625,22.92880249023437,23.03759765625,21.94964599609375,41.67500114440918
2021-11-27 13:52:36.991,15.649822235107422,85.0,166.31673431396484,90.0,74.0,61.23046875,99.93851470947266,12.52169418334961,59.36547091814834,41580.0,28.178253173828125,27.09027099609375,24.778350830078125,23.989578247070312,41.67500114440918
2021-11-27 13:52:38.004,15.649822235107422,85.0,166.31673431396484,90.0,74.0,61.23046875,99.93851470947266,12.52169418334961,59.36547091814834,41580.0,28.178253173828125,27.09027099609375,24.778350830078125,23.989578247070312,41.67500114440918
2021-11-27 13:52:39.002,15.597493171691896,85.0,167.1875,90.0,74.4000015258789,61.23046875,99.93851470947266,12.490026473999023,58.0374471489329,41580.0,28.831024169921875,26.35589599609375,24.0711669921875,26.546295166015625,41.70000076293945
2021-11-27 13:52:39.991,15.571258544921877,84.93975830078125,166.89453887939453,90.0,73.79999542236328,61.23046875,99.93851470947266,12.44168186187744,62.25975241504471,41580.0,30.32696533203125,25.947906494140625,25.811920166015625,23.989578247070312,41.67500114440918
2021-11-27 13:52:40.994,15.571258544921877,84.93975830078125,166.89453887939453,90.0,73.79999542236328,61.23046875,99.93851470947266,12.44168186187744,62.25975241504471,41580.0,30.32696533203125,25.947906494140625,25.811920166015625,23.989578247070312,41.67500114440918
2021-11-27 13:52:41.994,15.58509922027588,85.06024169921875,165.9830780029297,90.0,73.5999984741211,61.23046875,99.93851470947266,12.384931564331056,60.77298675493405,41580.0,32.938079833984375,28.12384033203125,23.06480407714844,23.255203247070312,41.67500114440918
2021-11-27 13:52:42.994,15.58803653717041,85.0,167.1468048095703,90.0,73.5,61.23046875,99.93851470947266,12.35433864593506,59.89843404572621,41580.0,29.61981201171875,29.375,20.83447265625,27.14466857910156,41.67500114440918
2021-11-27 13:52:44.003,15.58803653717041,85.0,167.1468048095703,90.0,73.5,61.23046875,99.93851470947266,12.35433864593506,59.89843404572621,41580.0,29.61981201171875,29.375,20.83447265625,27.14466857910156,41.67500114440918
2021-11-27 13:52:45.003,15.551207542419434,84.93975830078125,166.064453125,90.0,75.0,61.23046875,99.93851470947266,12.31234359741211,55.96614774254608,41580.0,28.66783142089844,26.546295166015625,24.560760498046875,27.715850830078125,41.67500114440918
2021-11-27 13:52:45.993,15.538005828857422,84.93975830078125,166.58528900146484,90.0,73.5,61.23046875,99.93851470947266,12.256291389465332,59.12513088619622,41580.0,30.707763671875,23.11920166015625,23.06480407714844,28.42303466796875,41.67500114440918
2021-11-27 13:52:47.004,15.538005828857422,84.93975830078125,166.58528900146484,90.0,73.5,61.23046875,99.93851470947266,12.256291389465332,59.12513088619622,41580.0,30.707763671875,23.11920166015625,23.06480407714844,28.42303466796875,41.67500114440918
2021-11-27 13:52:47.993,15.51928424835205,85.06024169921875,165.5110626220703,90.0,74.80000305175781,61.23046875,99.93851470947266,12.228503227233888,56.50852136854397,41580.0,32.77490234375,24.370361328125,22.493621826171875,24.42475891113281,41.67500114440918
2021-11-27 13:52:48.994,15.507537841796877,85.06024169921875,165.95865631103516,90.0,74.19999694824219,61.23046875,99.93851470947266,12.182459831237791,58.00917050246875,41580.0,30.299774169921875,27.33505249023437,20.236114501953125,23.11920166015625,41.67500114440918
2021-11-27 13:52:49.991,15.507537841796877,85.06024169921875,165.95865631103516,90.0,74.19999694824219,61.23046875,99.93851470947266,12.182459831237791,58.00917050246875,41580.0,30.299774169921875,27.33505249023437,20.236114501953125,23.11920166015625,41.67500114440918
2021-11-27 13:52:50.994,15.515318870544434,85.0,167.61067962646484,90.0,73.79999542236328,61.23046875,99.93851470947266,12.1132173538208,60.81949507501725,41580.0,32.176513671875,30.32696533203125,18.33216857910156,23.3367919921875,41.67500114440918
2021-11-27 13:52:51.990,15.550314903259276,84.93975830078125,167.431640625,90.0,74.80000305175781,61.23046875,99.93851470947266,12.092974662780762,58.22107219401428,41580.0,28.66783142089844,24.96875,24.479156494140625,29.375,41.67500114440918
2021-11-27 13:52:52.994,15.550314903259276,84.93975830078125,167.431640625,90.0,74.80000305175781,61.23046875,99.93851470947266,12.092974662780762,58.22107219401428,41580.0,28.66783142089844,24.96875,24.479156494140625,29.375,41.67500114440918
2021-11-27 13:52:53.993,15.584019660949709,85.0,167.0817108154297,90.0,74.4000015258789,61.23046875,99.93851470947266,12.036861419677734,61.03286347512142,41580.0,30.49017333984375,27.851837158203125,26.247100830078125,25.648712158203125,41.67500114440918
2021-11-27 13:52:54.991,15.583402633666992,85.0,166.2109375,90.0,74.80000305175781,61.23046875,99.93851470947266,11.988554000854492,57.47296446313189,41580.0,31.27894592285156,23.9351806640625,21.623260498046875,22.19442749023437,41.67500114440918
2021-11-27 13:52:55.991,15.583402633666992,85.0,166.2109375,90.0,74.80000305175781,61.23046875,99.93851470947266,11.988554000854492,57.47296446313189,41580.0,31.27894592285156,23.9351806640625,21.623260498046875,22.19442749023437,41.67500114440918
2021-11-27 13:52:56.994,15.599129676818848,85.0,166.9026641845703,90.0,74.19999694824219,61.23046875,99.93851470947266,11.968777656555176,59.09474372026976,41580.0,30.59896850585937,24.72393798828125,25.5399169921875,26.029510498046875,41.67500114440918
2021-11-27 13:52:57.993,15.601375579833984,85.0,166.1539764404297,90.0,73.5,61.23046875,99.93851470947266,11.916951179504396,58.27696698157151,41580.0,31.578125,30.32696533203125,20.3992919921875,25.18634033203125,41.67500114440918
2021-11-27 13:52:59.002,15.601375579833984,85.0,166.1539764404297,90.0,73.5,61.23046875,99.93851470947266,11.916951179504396,58.27696698157151,41580.0,31.578125,30.32696533203125,20.3992919921875,25.18634033203125,41.67500114440918
2021-11-27 13:53:00.005,15.592363357543944,85.0,166.1051483154297,90.0,73.79999542236328,61.23046875,99.93851470947266,11.878707885742188,59.19355406538242,41580.0,35.657989501953125,26.328689575195312,20.10009765625,25.4039306640625,41.67500114440918
2021-11-27 13:53:00.994,15.59577465057373,85.0,166.48763275146484,90.0,74.29999542236328,61.23046875,99.93851470947266,11.857149124145508,58.422292673277134,41580.0,27.85186767578125,28.80380249023437,26.247100830078125,25.97509765625,41.67500114440918
2021-11-27 13:53:01.992,15.59577465057373,85.0,166.48763275146484,90.0,74.29999542236328,61.23046875,99.93851470947266,11.857149124145508,58.422292673277134,41580.0,27.85186767578125,28.80380249023437,26.247100830078125,25.97509765625,41.67500114440918
2021-11-27 13:53:02.994,15.63503360748291,85.0,166.3818359375,90.0,73.9000015258789,61.23046875,99.93851470947266,11.79633903503418,58.62434882970963,41580.0,29.75579833984375,25.104736328125,25.15913391113281,26.111114501953125,41.67500114440918
2021-11-27 13:53:03.993,15.664941787719728,84.93975830078125,165.4215545654297,90.0,74.5999984741211,61.23046875,99.93851470947266,11.77552604675293,57.55367376923808,41580.0,30.435775756835938,27.416656494140625,21.052078247070312,23.744781494140625,41.67500114440918
2021-11-27 13:53:05.003,15.664941787719728,84.93975830078125,165.4215545654297,90.0,74.5999984741211,61.23046875,99.93851470947266,11.77552604675293,57.55367376923808,41580.0,30.435775756835938,27.416656494140625,21.052078247070312,23.744781494140625,41.67500114440918
2021-11-27 13:53:06.001,15.645435333251951,85.0,166.0970001220703,90.0,74.19999694824219,61.23046875,99.93851470947266,11.75632381439209,55.84904142702038,41580.0,33.48207092285156,24.859939575195312,23.3367919921875,25.213531494140625,41.67500114440918
2021-11-27 13:53:06.991,15.627859115600586,85.0,166.0563201904297,90.0,73.9000015258789,61.23046875,99.93851470947266,11.722808837890623,56.386439663933565,41580.0,29.782989501953125,28.531814575195312,21.26966857910156,24.50634765625,41.67500114440918
2021-11-27 13:53:08.005,15.627859115600586,85.0,166.0563201904297,90.0,73.9000015258789,61.23046875,99.93851470947266,11.722808837890623,56.386439663933565,41580.0,29.782989501953125,28.531814575195312,21.26966857910156,24.50634765625,41.67500114440918
2021-11-27 13:53:09.004,15.607558250427246,85.0,166.4387969970703,90.0,73.79999542236328,61.23046875,99.93851470947266,11.691838264465332,60.4244300782288,41580.0,29.29341125488281,29.67417907714844,23.635986328125,27.36225891113281,41.67500114440918
2021-11-27 13:53:09.993,15.58888339996338,85.06024169921875,164.78678131103516,90.0,73.29999542236328,61.23046875,99.93851470947266,11.678472518920898,57.48205058212864,41580.0,29.02142333984375,21.78643798828125,24.8055419921875,23.635986328125,41.67500114440918
2021-11-27 13:53:10.992,15.58888339996338,85.06024169921875,164.78678131103516,90.0,73.29999542236328,61.23046875,99.93851470947266,11.678472518920898,57.48205058212864,41580.0,29.02142333984375,21.78643798828125,24.8055419921875,23.635986328125,41.67500114440918
2021-11-27 13:53:12.005,15.59670639038086,84.93975830078125,165.18555450439453,90.0,74.4000015258789,61.23046875,99.93851470947266,11.65189266204834,55.67431418171039,41580.0,33.046875,26.981475830078125,20.154510498046875,26.73667907714844,41.67500114440918
2021-11-27 13:53:12.990,15.623235702514648,85.0,165.4215545654297,90.0,74.29999542236328,61.23046875,99.93851470947266,11.621467590332031,58.85841077025909,41580.0,27.82466125488281,28.531814575195312,22.38482666015625,25.104736328125,41.67500114440918
2021-11-27 13:53:13.993,15.623235702514648,85.0,165.4215545654297,90.0,74.29999542236328,61.23046875,99.93851470947266,11.621467590332031,58.85841077025909,41580.0,27.82466125488281,28.531814575195312,22.38482666015625,25.104736328125,41.67500114440918
2021-11-27 13:53:15.003,15.641891479492188,85.06024169921875,164.5751953125,90.0,73.9000015258789,61.23046875,99.93851470947266,11.617300033569336,57.29828422789036,41580.0,27.960662841796875,27.770233154296875,24.12557983398437,22.92880249023437,41.67500114440918
2021-11-27 13:53:15.991,15.632928848266602,85.0,165.966796875,90.0,74.19999694824219,61.23046875,99.93851470947266,11.59150505065918,58.77364586842346,41580.0,32.3125,28.06942749023437,23.9351806640625,25.75750732421875,41.67500114440918
2021-11-27 13:53:16.992,15.632928848266602,85.0,165.966796875,90.0,74.19999694824219,61.23046875,99.93851470947266,11.59150505065918,58.77364586842346,41580.0,32.3125,28.06942749023437,23.9351806640625,25.75750732421875,41.67500114440918
2021-11-27 13:53:18.005,15.627382278442385,84.93975830078125,166.27603912353516,90.0,74.5,61.23046875,99.93851470947266,11.566779136657717,57.16628751304884,41580.0,29.701400756835938,27.416656494140625,25.73031616210937,26.1383056640625,41.67500114440918
2021-11-27 13:53:19.002,15.625615119934082,84.93975830078125,165.36458587646484,90.0,74.5999984741211,61.23046875,99.93851470947266,11.5557222366333,57.1210884337134,41580.0,29.511001586914062,27.770233154296875,23.608795166015625,23.445587158203125,41.67500114440918
2021-11-27 13:53:19.991,15.625615119934082,84.93975830078125,165.36458587646484,90.0,74.5999984741211,61.23046875,99.93851470947266,11.5557222366333,57.1210884337134,41580.0,29.511001586914062,27.770233154296875,23.608795166015625,23.445587158203125,41.67500114440918
2021-11-27 13:53:20.991,15.60385036468506,85.0,165.478515625,90.0,73.69999694824219,61.23046875,99.93851470947266,11.524900436401367,59.2661277413892,41580.0,29.918991088867188,27.307861328125,21.07928466796875,27.7430419921875,41.67500114440918
2021-11-27 13:53:21.992,15.586562156677246,85.0,166.0400390625,90.0,73.69999694824219,61.23046875,99.93851470947266,11.508917808532717,58.503000453691776,41580.0,27.715866088867188,24.778350830078125,25.376739501953125,23.9351806640625,41.67500114440918
2021-11-27 13:53:22.993,15.586562156677246,85.0,166.0400390625,90.0,73.69999694824219,61.23046875,99.93851470947266,11.508917808532717,58.503000453691776,41580.0,27.715866088867188,24.778350830078125,25.376739501953125,23.9351806640625,41.67500114440918
2021-11-27 13:53:23.992,15.59858226776123,85.0,166.3167266845703,90.0,73.69999694824219,61.23046875,99.93851470947266,11.49580192565918,59.21130079610308,41580.0,32.421295166015625,26.546295166015625,23.85357666015625,21.895248413085938,41.67500114440918
2021-11-27 13:53:24.994,15.62818717956543,84.93975830078125,165.54361724853516,90.0,74.19999694824219,61.23046875,99.93851470947266,11.468079566955566,57.75425410661473,41580.0,32.149322509765625,26.301483154296875,23.71759033203125,27.52545166015625,41.67500114440918
2021-11-27 13:53:25.993,15.62818717956543,84.93975830078125,165.54361724853516,90.0,74.19999694824219,61.23046875,99.93851470947266,11.468079566955566,57.75425410661473,41580.0,32.149322509765625,26.301483154296875,23.71759033203125,27.52545166015625,41.67500114440918
2021-11-27 13:53:27.005,15.628028869628906,85.0,165.3401641845703,90.0,74.4000015258789,61.23046875,99.93851470947266,11.443000793457031,59.09114529556526,41580.0,29.483795166015625,25.811920166015625,22.575225830078125,26.083892822265625,41.67500114440918
2021-11-27 13:53:27.994,15.609829902648926,85.0,164.58333587646484,90.0,73.5999984741211,61.23046875,99.93851470947266,11.425262451171877,59.97371202619633,41580.0,31.8773193359375,30.27255249023437,19.6649169921875,23.608795166015625,41.67500114440918
2021-11-27 13:53:29.990,15.597686767578123,85.0,165.56803131103516,90.0,74.69999694824219,61.23046875,99.93851470947266,11.402787208557127,58.20444196887137,41580.0,31.170150756835938,24.6695556640625,22.65682983398437,25.62152099609375,41.67500114440918
2021-11-27 13:53:29.000,15.609829902648926,85.0,164.58333587646484,90.0,73.5999984741211,61.23046875,99.93851470947266,11.425262451171877,59.97371202619633,41580.0,31.8773193359375,30.27255249023437,19.6649169921875,23.608795166015625,41.67500114440918
2021-11-27 13:53:30.993,15.56614589691162,85.0,165.77962493896484,90.0,74.0,61.23046875,99.93851470947266,11.381521224975586,58.94987105667239,41580.0,32.802093505859375,27.33505249023437,26.029510498046875,22.276031494140625,41.67500114440918
2021-11-27 13:53:31.992,15.56614589691162,85.0,165.77962493896484,90.0,74.0,61.23046875,99.93851470947266,11.381521224975586,58.94987105667239,41580.0,32.802093505859375,27.33505249023437,26.029510498046875,22.276031494140625,41.67500114440918
2021-11-27 13:53:32.993,15.548497200012209,85.0,165.8935546875,90.0,74.80000305175781,61.23046875,99.93851470947266,11.373833656311035,58.88299554563447,41580.0,32.3125,27.82464599609375,22.03125,28.395828247070312,41.67500114440918
2021-11-27 13:53:33.990,15.564412117004396,85.0,165.4378204345703,90.0,73.9000015258789,61.23046875,99.93851470947266,11.353836059570312,59.81391086248807,41580.0,28.314239501953125,23.06480407714844,24.53355407714844,27.634246826171875,41.67500114440918
2021-11-27 13:53:34.994,15.564412117004396,85.0,165.4378204345703,90.0,73.9000015258789,61.23046875,99.93851470947266,11.353836059570312,59.81391086248807,41580.0,28.314239501953125,23.06480407714844,24.53355407714844,27.634246826171875,41.67500114440918
2021-11-27 13:53:35.993,15.612197875976562,85.0,165.05533599853516,90.0,74.0,61.23046875,99.93851470947266,11.330085754394531,57.66762122481212,41580.0,31.251739501953125,29.3477783203125,21.405670166015625,23.227996826171875,41.67500114440918
2021-11-27 13:53:36.992,15.62647819519043,85.0,165.25064849853516,90.0,73.5,61.23046875,99.93851470947266,11.31141471862793,61.06024918296914,41580.0,29.40220642089844,26.4102783203125,23.71759033203125,25.97509765625,41.67500114440918
2021-11-27 13:53:37.995,15.62647819519043,85.0,165.25064849853516,90.0,73.5,61.23046875,99.93851470947266,11.31141471862793,61.06024918296914,41580.0,29.40220642089844,26.4102783203125,23.71759033203125,25.97509765625,41.67500114440918
2021-11-27 13:53:39.994,15.59556007385254,85.0,164.94954681396484,90.0,74.80000305175781,61.23046875,99.93851470947266,11.271246910095217,57.35806784389288,41580.0,34.43403625488281,28.776611328125,23.635986328125,23.989578247070312,41.67500114440918
2021-11-27 13:53:39.000,15.59853172302246,84.93975830078125,166.21907806396484,90.0,73.9000015258789,61.23046875,99.93851470947266,11.29276180267334,57.09306291920531,41580.0,32.53009033203125,25.45831298828125,25.458328247070312,27.79745483398437,41.67500114440918
2021-11-27 13:53:40.994,15.59556007385254,85.0,164.94954681396484,90.0,74.80000305175781,61.23046875,99.93851470947266,11.271246910095217,57.35806784389288,41580.0,34.43403625488281,28.776611328125,23.635986328125,23.989578247070312,41.67500114440918
2021-11-27 13:53:42.002,15.57669734954834,85.06024169921875,164.2578125,90.0,74.0,61.23046875,99.93851470947266,11.260171890258787,59.30379356936614,41580.0,30.218170166015625,24.15277099609375,20.970489501953125,26.111114501953125,41.67500114440918
2021-11-27 13:53:43.005,15.56429672241211,84.93975830078125,165.38899993896484,90.0,73.69999694824219,61.23046875,99.93851470947266,11.244759559631348,59.00217066449809,41580.0,29.40220642089844,27.36225891113281,23.06480407714844,24.01678466796875,41.67500114440918
2021-11-27 13:53:43.991,15.582422256469728,84.93975830078125,164.75423431396484,90.0,74.0,61.23046875,99.93851470947266,11.224905014038086,59.14352807338649,41580.0,32.666107177734375,29.72857666015625,22.520828247070312,23.3367919921875,41.67500114440918
2021-11-27 13:53:44.992,15.582422256469728,84.93975830078125,164.75423431396484,90.0,74.0,61.23046875,99.93851470947266,11.224905014038086,59.14352807338649,41580.0,32.666107177734375,29.72857666015625,22.520828247070312,23.3367919921875,41.67500114440918
2021-11-27 13:53:45.994,15.61891269683838,85.0,165.5598907470703,90.0,74.69999694824219,61.23046875,99.93851470947266,11.215054512023926,57.75899680643404,41580.0,32.44850158691406,22.52081298828125,26.21990966796875,29.102996826171875,41.67500114440918
2021-11-27 13:53:46.993,15.619662284851074,85.06024169921875,164.2496795654297,90.0,73.9000015258789,61.23046875,99.93851470947266,11.204473495483398,60.20941235845766,41580.0,30.4085693359375,29.375,23.06480407714844,23.03759765625,41.67500114440918
2021-11-27 13:53:47.994,15.619662284851074,85.06024169921875,164.2496795654297,90.0,73.9000015258789,61.23046875,99.93851470947266,11.204473495483398,60.20941235845766,41580.0,30.4085693359375,29.375,23.06480407714844,23.03759765625,41.67500114440918
2021-11-27 13:53:48.991,15.596908569335938,85.0,164.98209381103516,90.0,73.79999542236328,61.23046875,99.93851470947266,11.187538146972656,57.12666877168816,41580.0,27.19908142089844,27.171875,24.15277099609375,23.79917907714844,41.67500114440918
2021-11-27 13:53:49.994,15.599283218383787,84.93975830078125,166.22721099853516,90.0,73.9000015258789,61.23046875,99.93851470947266,11.164396286010742,59.603954359940815,41580.0,33.69966125488281,29.510986328125,26.70947265625,26.00230407714844,41.67500114440918
2021-11-27 13:53:50.991,15.610910415649414,85.0,165.14485931396484,90.0,74.29999542236328,61.23046875,99.93851470947266,11.155770301818848,59.338114948134994,41580.0,34.02606201171875,27.715850830078125,22.901611328125,27.19906616210937,41.67500114440918
2021-11-27 13:53:51.993,15.610910415649414,85.0,165.14485931396484,90.0,74.29999542236328,61.23046875,99.93851470947266,11.155770301818848,59.338114948134994,41580.0,34.02606201171875,27.715850830078125,22.901611328125,27.19906616210937,41.67500114440918
2021-11-27 13:53:53.004,15.60373306274414,85.0,164.67285919189453,90.0,74.4000015258789,61.23046875,99.93851470947266,11.131417274475098,60.207424656362114,41580.0,30.2725830078125,25.26792907714844,23.255203247070312,26.79107666015625,41.67500114440918
2021-11-27 13:53:53.993,15.619617462158203,85.0,165.6982421875,90.0,73.0999984741211,61.23046875,99.93851470947266,11.121334075927734,61.18450533130432,41580.0,31.06134033203125,29.0758056640625,23.85357666015625,22.73841857910156,41.67500114440918
2021-11-27 13:53:54.993,15.619617462158203,85.0,165.6982421875,90.0,73.0999984741211,61.23046875,99.93851470947266,11.121334075927734,61.18450533130432,41580.0,31.06134033203125,29.0758056640625,23.85357666015625,22.73841857910156,41.67500114440918
2021-11-27 13:53:56.003,15.657596588134766,85.0,164.80306243896484,90.0,74.69999694824219,61.23046875,99.93851470947266,11.121010780334473,56.21447200603234,41580.0,29.511001586914062,29.0758056640625,25.376739501953125,28.3414306640625,41.67500114440918
2021-11-27 13:53:56.995,15.682796478271484,85.0,165.42967987060547,90.0,73.79999542236328,61.23046875,99.93851470947266,11.09023666381836,60.49588047240299,41580.0,29.946197509765625,26.899871826171875,24.85995483398437,28.015045166015625,41.67500114440918
2021-11-27 13:53:57.993,15.682796478271484,85.0,165.42967987060547,90.0,73.79999542236328,61.23046875,99.93851470947266,11.09023666381836,60.49588047240299,41580.0,29.946197509765625,26.899871826171875,24.85995483398437,28.015045166015625,41.67500114440918
2021-11-27 13:53:58.995,15.662470817565918,85.0,164.2659454345703,90.0,73.69999694824219,61.23046875,99.93851470947266,11.078909873962402,60.28498843502194,41580.0,30.02778625488281,25.26792907714844,22.54803466796875,24.343170166015625,41.67500114440918
2021-11-27 13:53:59.992,15.646483421325684,85.06024169921875,163.95670318603516,90.0,74.0,61.23046875,99.93851470947266,11.072021484375,57.19591562553123,41580.0,28.640625,27.416656494140625,23.2008056640625,23.880767822265625,41.67500114440918
2021-11-27 13:54:01.005,15.646483421325684,85.06024169921875,163.95670318603516,90.0,74.0,61.23046875,99.93851470947266,11.072021484375,57.19591562553123,41580.0,28.640625,27.416656494140625,23.2008056640625,23.880767822265625,41.67500114440918
2021-11-27 13:54:01.990,15.637335777282717,85.0,165.7958984375,90.0,74.69999694824219,61.23046875,99.93851470947266,11.054906845092772,55.70046926453023,41580.0,29.918991088867188,30.490142822265625,24.20716857910156,25.349517822265625,41.67500114440918
2021-11-27 13:54:02.990,15.615854263305664,85.0,164.599609375,90.0,74.80000305175781,61.23046875,99.93851470947266,11.047279357910156,56.910006650621305,41580.0,34.29803466796875,25.15913391113281,23.608795166015625,25.62152099609375,41.67500114440918
2021-11-27 13:54:03.990,15.615854263305664,85.0,164.599609375,90.0,74.80000305175781,61.23046875,99.93851470947266,11.047279357910156,56.910006650621305,41580.0,34.29803466796875,25.15913391113281,23.608795166015625,25.62152099609375,41.67500114440918
2021-11-27 13:54:04.990,15.606649398803713,85.0,165.52734375,90.0,74.5,61.23046875,99.93851470947266,11.029058456420898,59.974665558757415,41580.0,28.34144592285156,29.238983154296875,24.696746826171875,25.947906494140625,41.67500114440918
2021-11-27 13:54:05.994,15.608270645141602,85.0,163.44400787353516,90.0,73.29999542236328,61.23046875,99.93851470947266,11.02077579498291,60.681774394924055,41580.0,30.84375,25.75750732421875,22.765625,20.426498413085938,41.67500114440918
2021-11-27 13:54:06.993,15.608270645141602,85.0,163.44400787353516,90.0,73.29999542236328,61.23046875,99.93851470947266,11.02077579498291,60.681774394924055,41580.0,30.84375,25.75750732421875,22.765625,20.426498413085938,41.67500114440918
2021-11-27 13:54:07.993,15.629035949707031,85.06024169921875,164.1194610595703,90.0,73.69999694824219,61.23046875,99.93851470947266,11.013622283935549,58.03708539151752,41580.0,30.163787841796875,26.383087158203125,21.94964599609375,25.512725830078125,41.67500114440918
2021-11-27 13:54:08.994,15.62798023223877,85.0,164.90072631835938,90.0,74.69999694824219,61.23046875,99.93851470947266,10.992197036743164,55.55537923827395,41580.0,30.57177734375,29.8101806640625,25.947906494140625,25.648712158203125,41.67500114440918
2021-11-27 13:54:10.002,15.62798023223877,85.0,164.90072631835938,90.0,74.69999694824219,61.23046875,99.93851470947266,10.992197036743164,55.55537923827395,41580.0,30.57177734375,29.8101806640625,25.947906494140625,25.648712158203125,41.67500114440918
2021-11-27 13:54:11.002,15.586589813232422,84.93975830078125,165.58431243896484,90.0,74.4000015258789,61.23046875,99.93851470947266,10.991329193115234,59.01609535256469,41580.0,35.25,28.287017822265625,25.811920166015625,22.19442749023437,41.67500114440918
2021-11-27 13:54:11.995,15.583551406860352,85.0,164.51009368896484,90.0,74.29999542236328,61.23046875,99.93851470947266,10.984630584716797,59.81099667587444,41580.0,29.61981201171875,24.642349243164062,24.914337158203125,25.703125,41.67500114440918
2021-11-27 13:54:12.993,15.583551406860352,85.0,164.51009368896484,90.0,74.29999542236328,61.23046875,99.93851470947266,10.984630584716797,59.81099667587444,41580.0,29.61981201171875,24.642349243164062,24.914337158203125,25.703125,41.67500114440918
2021-11-27 13:54:14.005,15.549114227294922,85.06024169921875,163.7613983154297,90.0,73.9000015258789,61.23046875,99.93851470947266,10.965818405151367,58.44974359112752,41580.0,26.89990234375,27.96063232421875,22.08563232421875,23.2008056640625,41.67500114440918
2021-11-27 13:54:14.990,15.518688201904297,85.0,164.01367950439453,90.0,73.69999694824219,61.23046875,99.93851470947266,10.958542823791504,58.983028078496,41580.0,30.680572509765625,27.063064575195312,20.75288391113281,22.00404357910156,41.67500114440918
2021-11-27 13:54:15.991,15.518688201904297,85.0,164.01367950439453,90.0,73.69999694824219,61.23046875,99.93851470947266,10.958542823791504,58.983028078496,41580.0,30.680572509765625,27.063064575195312,20.75288391113281,22.00404357910156,41.67500114440918
2021-11-27 13:54:17.005,15.511839866638184,84.8795166015625,165.22623443603516,90.0,74.80000305175781,61.23046875,99.93851470947266,10.956316947937012,58.05707165228547,41580.0,32.69329833984375,26.301483154296875,24.01678466796875,28.17822265625,41.67500114440918
2021-11-27 13:54:17.992,15.543008804321287,85.0,164.3798828125,90.0,73.9000015258789,61.23046875,99.93851470947266,10.942413330078123,57.7840630515622,41580.0,33.046875,27.19906616210937,25.24072265625,23.69038391113281,41.67500114440918
2021-11-27 13:54:19.992,15.553873062133787,85.06024169921875,163.28125,90.0,73.69999694824219,61.23046875,99.93851470947266,10.938021659851074,58.24456176179923,41580.0,30.082183837890625,23.66317749023437,22.276031494140625,22.412017822265625,41.67500114440918
2021-11-27 13:54:19.000,15.543008804321287,85.0,164.3798828125,90.0,73.9000015258789,61.23046875,99.93851470947266,10.942413330078123,57.7840630515622,41580.0,33.046875,27.19906616210937,25.24072265625,23.69038391113281,41.67500114440918
2021-11-27 13:54:21.004,15.544304847717283,84.93975830078125,164.47754669189453,90.0,73.5,61.23046875,99.93851470947266,10.941032409667969,60.54023633407028,41580.0,30.707763671875,25.15913391113281,24.99594116210937,23.092010498046875,41.67500114440918
2021-11-27 13:54:21.990,15.544304847717283,84.93975830078125,164.47754669189453,90.0,73.5,61.23046875,99.93851470947266,10.941032409667969,60.54023633407028,41580.0,30.707763671875,25.15913391113281,24.99594116210937,23.092010498046875,41.67500114440918
2021-11-27 13:54:23.994,15.533392906188965,85.0,164.9821014404297,90.0,74.69999694824219,61.23046875,99.93851470947266,10.927648544311523,59.80672574799654,41580.0,31.06134033203125,28.80380249023437,22.98321533203125,28.287017822265625,41.67500114440918
2021-11-27 13:54:23.000,15.55042552947998,84.93975830078125,163.87532806396484,90.0,74.0999984741211,61.23046875,99.93851470947266,10.926606178283691,58.10129804708176,41580.0,30.109375,27.66143798828125,22.05844116210937,23.227996826171875,41.67500114440918
2021-11-27 13:54:24.994,15.533392906188965,85.0,164.9821014404297,90.0,74.69999694824219,61.23046875,99.93851470947266,10.927648544311523,59.80672574799654,41580.0,31.06134033203125,28.80380249023437,22.98321533203125,28.287017822265625,41.67500114440918
2021-11-27 13:54:25.993,15.522801399230955,85.0,164.8030548095703,90.0,73.79999542236328,61.23046875,99.93851470947266,10.911385536193848,61.52268736241569,41580.0,32.6116943359375,23.227996826171875,27.36225891113281,26.247100830078125,41.67500114440918
2021-11-27 13:54:26.991,15.54714584350586,85.0,163.7532501220703,90.0,74.0999984741211,61.23046875,99.93851470947266,10.901837348937988,58.36103193377353,41580.0,29.565399169921875,25.62152099609375,23.77197265625,24.26156616210937,41.67500114440918
2021-11-27 13:54:28.005,15.54714584350586,85.0,163.7532501220703,90.0,74.0999984741211,61.23046875,99.93851470947266,10.901837348937988,58.36103193377353,41580.0,29.565399169921875,25.62152099609375,23.77197265625,24.26156616210937,41.67500114440918
2021-11-27 13:54:28.992,15.628211975097656,84.93975830078125,164.2171173095703,90.0,73.5999984741211,61.23046875,99.93851470947266,10.896793365478516,60.09174237131918,41580.0,29.429412841796875,26.083892822265625,22.22163391113281,24.39755249023437,41.67500114440918
2021-11-27 13:54:30.004,15.666686058044434,85.0,164.7786407470703,90.0,74.0999984741211,61.23046875,99.93851470947266,10.878825187683104,58.8411863344808,41580.0,29.973388671875,30.054962158203125,22.38482666015625,29.021392822265625,41.67500114440918
2021-11-27 13:54:30.994,15.666686058044434,85.0,164.7786407470703,90.0,74.0999984741211,61.23046875,99.93851470947266,10.878825187683104,58.8411863344808,41580.0,29.973388671875,30.054962158203125,22.38482666015625,29.021392822265625,41.67500114440918
2021-11-27 13:54:31.992,15.662090301513672,85.0,164.77864837646484,90.0,74.0,61.23046875,99.93851470947266,10.874031066894531,58.96423796734461,41580.0,34.43403625488281,29.456588745117188,22.575225830078125,26.029510498046875,41.67500114440918
2021-11-27 13:54:33.001,15.653926849365234,84.93975830078125,164.77864837646484,90.07575225830078,74.29999542236328,61.23046875,99.93851470947266,10.859870910644531,60.36976637246036,41580.0,33.69966125488281,28.450225830078125,27.82464599609375,25.784713745117188,41.67500114440918
2021-11-27 13:54:33.991,15.653926849365234,84.93975830078125,164.77864837646484,90.07575225830078,74.29999542236328,61.23046875,99.93851470947266,10.859870910644531,60.36976637246036,41580.0,33.69966125488281,28.450225830078125,27.82464599609375,25.784713745117188,41.67500114440918
2021-11-27 13:54:35.004,15.614795684814451,85.0,163.83463287353516,90.0,74.0999984741211,61.23046875,99.93851470947266,10.854496955871582,58.468701117062544,41580.0,28.66783142089844,29.86456298828125,24.0711669921875,22.4664306640625,41.67500114440918
2021-11-27 13:54:35.991,15.605798721313477,85.0,163.37890625,90.0,74.0999984741211,61.23046875,99.93851470947266,10.846437454223633,57.873168479869,41580.0,31.686920166015625,29.102996826171875,19.229736328125,26.818267822265625,41.67500114440918
2021-11-27 13:54:36.993,15.605798721313477,85.0,163.37890625,90.0,74.0999984741211,61.23046875,99.93851470947266,10.846437454223633,57.873168479869,41580.0,31.686920166015625,29.102996826171875,19.229736328125,26.818267822265625,41.67500114440918
2021-11-27 13:54:37.991,15.63640022277832,85.0,164.19271087646484,90.0,73.9000015258789,61.23046875,99.93851470947266,10.835450172424316,58.40321325614844,41580.0,30.00057983398437,25.567108154296875,22.167236328125,25.32232666015625,41.67500114440918
2021-11-27 13:54:38.992,15.69393539428711,84.93975830078125,165.7145233154297,90.0,75.0999984741211,61.23046875,99.93851470947266,10.829629898071287,56.75157818131967,41580.0,31.06134033203125,29.837371826171875,26.95428466796875,24.343170166015625,41.67500114440918
2021-11-27 13:54:40.001,15.69393539428711,84.93975830078125,165.7145233154297,90.0,75.0999984741211,61.23046875,99.93851470947266,10.829629898071287,56.75157818131967,41580.0,31.06134033203125,29.837371826171875,26.95428466796875,24.343170166015625,41.67500114440918
2021-11-27 13:54:40.991,15.7139253616333,85.06024169921875,164.32291412353516,90.0,73.69999694824219,61.23046875,99.93851470947266,10.819064140319824,61.40878902996223,41580.0,32.25811767578125,28.423019409179688,23.71759033203125,23.79917907714844,41.67500114440918
2021-11-27 13:54:41.992,15.696206092834473,85.0,164.55078125,90.0,73.79999542236328,61.23046875,99.93851470947266,10.804636001586914,59.81070700448669,41580.0,25.18634033203125,24.99594116210937,27.68865966796875,26.573486328125,41.67500114440918
2021-11-27 13:54:43.002,15.696206092834473,85.0,164.55078125,90.0,73.79999542236328,61.23046875,99.93851470947266,10.804636001586914,59.81070700448669,41580.0,25.18634033203125,24.99594116210937,27.68865966796875,26.573486328125,41.67500114440918
2021-11-27 13:54:44.992,15.659504890441896,85.0,164.09505462646484,90.0,73.9000015258789,61.23046875,99.93851470947266,10.80876350402832,59.0425556210373,41580.0,32.01332092285156,25.75750732421875,22.98321533203125,28.99420166015625,41.67500114440918
2021-11-27 13:54:44.000,15.688440322875977,85.0,164.47754669189453,90.0,73.5,61.23046875,99.93851470947266,10.799127578735352,58.008551096433294,41580.0,31.986114501953125,27.0086669921875,24.615142822265625,26.818267822265625,41.67500114440918
2021-11-27 13:54:45.992,15.659504890441896,85.0,164.09505462646484,90.0,73.9000015258789,61.23046875,99.93851470947266,10.80876350402832,59.0425556210373,41580.0,32.01332092285156,25.75750732421875,22.98321533203125,28.99420166015625,41.67500114440918
2021-11-27 13:54:46.995,15.604909896850586,84.8795166015625,165.31576538085938,90.0,75.5999984741211,61.23046875,99.93851470947266,10.80175495147705,56.70484193115978,41580.0,31.49653625488281,30.707733154296875,27.117462158203125,28.80380249023437,41.67500114440918
2021-11-27 13:54:47.991,15.56100845336914,85.06024169921875,163.8671875,90.0,73.9000015258789,61.23046875,99.93851470947266,10.800082206726074,59.974232482885846,41580.0,31.46932983398437,25.485519409179688,22.874420166015625,24.914337158203125,41.67500114440918
2021-11-27 13:54:48.992,15.56100845336914,85.06024169921875,163.8671875,90.0,73.9000015258789,61.23046875,99.93851470947266,10.800082206726074,59.974232482885846,41580.0,31.46932983398437,25.485519409179688,22.874420166015625,24.914337158203125,41.67500114440918
2021-11-27 13:54:49.994,15.54295539855957,85.06024169921875,162.75228118896484,90.0,74.29999542236328,61.23046875,99.93851470947266,10.796968460083008,57.74058388866835,41580.0,29.701400756835938,23.52719116210937,23.9351806640625,25.89350891113281,41.67500114440918
2021-11-27 13:54:50.993,15.516029357910156,85.0,164.013671875,90.0,74.0999984741211,61.23046875,99.93851470947266,10.783637046813965,59.75558804396088,41580.0,32.366912841796875,30.46295166015625,22.33042907714844,24.53355407714844,41.67500114440918
2021-11-27 13:54:51.993,15.516029357910156,85.0,164.013671875,90.0,74.0999984741211,61.23046875,99.93851470947266,10.783637046813965,59.75558804396088,41580.0,32.366912841796875,30.46295166015625,22.33042907714844,24.53355407714844,41.67500114440918
2021-11-27 13:54:52.992,15.53571605682373,84.93975830078125,164.05435943603516,90.0,73.5999984741211,61.23046875,99.93851470947266,10.78801441192627,60.58845334414872,41580.0,33.18287658691406,27.579849243164062,22.54803466796875,28.287017822265625,41.67500114440918
2021-11-27 13:54:53.991,15.57053279876709,85.0,164.58333587646484,90.0,74.0,61.23046875,99.93851470947266,10.78998565673828,60.78862320784116,41580.0,33.48207092285156,29.701385498046875,28.015045166015625,25.13192749023437,41.67500114440918
2021-11-27 13:54:55.002,15.57053279876709,85.0,164.58333587646484,90.0,74.0,61.23046875,99.93851470947266,10.78998565673828,60.78862320784116,41580.0,33.48207092285156,29.701385498046875,28.015045166015625,25.13192749023437,41.67500114440918
2021-11-27 13:54:56.001,15.534035682678224,85.06024169921875,164.39615631103516,90.0,73.79999542236328,61.23046875,99.93851470947266,10.802135467529297,60.99156975696585,41580.0,29.6741943359375,28.69500732421875,25.48553466796875,23.3367919921875,41.67500114440918
2021-11-27 13:54:57.004,15.47981071472168,85.0,163.9322967529297,90.0,74.69999694824219,61.23046875,99.93851470947266,10.808082580566406,58.13843639117833,41580.0,28.34144592285156,24.751144409179688,25.13192749023437,27.44384765625,41.67500114440918
2021-11-27 13:54:57.994,15.460992813110352,84.93975830078125,163.9892578125,90.0,74.4000015258789,61.23046875,99.93851470947266,10.810702323913574,59.16018664169426,41580.0,29.511001586914062,28.66781616210937,24.53355407714844,27.851837158203125,41.67500114440918
2021-11-27 13:54:58.991,15.460992813110352,84.93975830078125,163.9892578125,90.0,74.4000015258789,61.23046875,99.93851470947266,10.810702323913574,59.16018664169426,41580.0,29.511001586914062,28.66781616210937,24.53355407714844,27.851837158203125,41.67500114440918
2021-11-27 13:54:59.994,15.49134635925293,85.0,163.8671875,90.0,74.4000015258789,61.23046875,99.93851470947266,10.81869125366211,59.30252992916582,41580.0,33.672454833984375,27.171875,23.66317749023437,26.111114501953125,41.67500114440918
2021-11-27 13:55:00.990,15.521957397460938,85.0,164.4775390625,90.0,74.0999984741211,61.23046875,99.93851470947266,10.832776069641112,57.65577657147183,41580.0,31.19735717773437,27.579849243164062,22.08563232421875,25.67591857910156,41.67500114440918
2021-11-27 13:55:01.994,15.521957397460938,85.0,164.4775390625,90.0,74.0999984741211,61.23046875,99.93851470947266,10.832776069641112,57.65577657147183,41580.0,31.19735717773437,27.579849243164062,22.08563232421875,25.67591857910156,41.67500114440918
2021-11-27 13:55:02.993,15.53493881225586,85.0,163.98111724853516,90.0,73.9000015258789,61.23046875,99.93851470947266,10.829920768737791,59.4565794394497,41580.0,27.144683837890625,27.19906616210937,27.82464599609375,25.18634033203125,41.67500114440918
2021-11-27 13:55:04.993,15.57193088531494,85.0,163.9485626220703,90.0,73.69999694824219,61.23046875,99.93851470947266,10.837506294250488,59.36542907909941,41580.0,30.979751586914062,23.744781494140625,25.15913391113281,28.55902099609375,41.67500114440918
2021-11-27 13:55:04.000,15.53493881225586,85.0,163.98111724853516,90.0,73.9000015258789,61.23046875,99.93851470947266,10.829920768737791,59.4565794394497,41580.0,27.144683837890625,27.19906616210937,27.82464599609375,25.18634033203125,41.67500114440918
2021-11-27 13:55:05.992,15.579729080200195,85.0,163.98111724853516,90.0,74.5,61.23046875,99.93851470947266,10.84638214111328,57.2904622952365,41580.0,34.406829833984375,25.213531494140625,23.52719116210937,28.015045166015625,41.67500114440918
2021-11-27 13:55:06.993,15.581153869628906,85.0,164.0787811279297,90.0,74.0,61.23046875,99.93851470947266,10.846587181091309,57.23748563473772,41580.0,30.32696533203125,26.49188232421875,23.092010498046875,27.79745483398437,41.67500114440918
2021-11-27 13:55:07.990,15.581153869628906,85.0,164.0787811279297,90.0,74.0,61.23046875,99.93851470947266,10.846587181091309,57.23748563473772,41580.0,30.32696533203125,26.49188232421875,23.092010498046875,27.79745483398437,41.67500114440918
2021-11-27 13:55:08.993,15.627333641052246,84.93975830078125,164.04622650146484,90.0,74.0999984741211,61.23046875,99.93851470947266,10.861177444458008,57.61657093816616,41580.0,32.12211608886719,28.151031494140625,22.38482666015625,23.608795166015625,41.67500114440918
2021-11-27 13:55:10.003,15.70144748687744,85.0,164.45313262939453,90.0,74.69999694824219,61.23046875,99.93851470947266,10.869903564453123,58.20992238839259,41580.0,29.973388671875,26.4375,28.42303466796875,27.661453247070312,41.67500114440918
2021-11-27 13:55:10.992,15.70144748687744,85.0,164.45313262939453,90.0,74.69999694824219,61.23046875,99.93851470947266,10.869903564453123,58.20992238839259,41580.0,29.973388671875,26.4375,28.42303466796875,27.661453247070312,41.67500114440918
2021-11-27 13:55:12.004,15.73986530303955,85.0,163.0533905029297,90.0,74.0,61.23046875,99.93851470947266,10.87159824371338,58.71051756057232,41580.0,30.35418701171875,27.8790283203125,23.255203247070312,24.343170166015625,41.67500114440918
2021-11-27 13:55:13.002,15.744970321655272,85.0,162.94759368896484,90.0,74.69999694824219,61.23046875,99.93851470947266,10.879411697387695,57.52094204907898,41580.0,30.73495483398437,25.703125,22.412017822265625,29.102996826171875,41.67500114440918
2021-11-27 13:55:13.994,15.744970321655272,85.0,162.94759368896484,90.0,74.69999694824219,61.23046875,99.93851470947266,10.879411697387695,57.52094204907898,41580.0,30.73495483398437,25.703125,22.412017822265625,29.102996826171875,41.67500114440918
2021-11-27 13:55:14.995,15.768424034118652,85.0,164.208984375,90.0,73.5,61.23046875,99.93851470947266,10.88363265991211,59.66850487568608,41580.0,32.25811767578125,24.9415283203125,22.38482666015625,23.5,41.67500114440918
2021-11-27 13:55:15.992,15.778285026550291,85.0,163.20800018310547,90.0,74.19999694824219,61.23046875,99.93851470947266,10.893994331359863,56.490500329077584,41580.0,32.53009033203125,27.90625,25.431121826171875,22.276031494140625,41.67500114440918
2021-11-27 13:55:16.991,15.778285026550291,85.0,163.20800018310547,90.0,74.19999694824219,61.23046875,99.93851470947266,10.893994331359863,56.490500329077584,41580.0,32.53009033203125,27.90625,25.431121826171875,22.276031494140625,41.67500114440918
2021-11-27 13:55:17.992,15.769086837768556,85.0,163.7939453125,90.0,73.69999694824219,61.23046875,99.93851470947266,10.905494689941406,58.55569459995551,41580.0,28.314239501953125,28.749420166015625,26.682281494140625,27.0086669921875,41.67500114440918
2021-11-27 13:55:18.991,15.751680374145508,84.93975830078125,163.24869537353516,90.0,74.0999984741211,61.23046875,99.93851470947266,10.906902313232422,58.356804336714895,41580.0,33.101287841796875,28.09663391113281,23.826385498046875,23.092010498046875,41.67500114440918
2021-11-27 13:55:19.993,15.751680374145508,84.93975830078125,163.24869537353516,90.0,74.0999984741211,61.23046875,99.93851470947266,10.906902313232422,58.356804336714895,41580.0,33.101287841796875,28.09663391113281,23.826385498046875,23.092010498046875,41.67500114440918
2021-11-27 13:55:20.994,15.730913162231444,85.0,162.8011016845703,90.0,74.19999694824219,61.23046875,99.93851470947266,10.916274070739746,58.03646146621613,41580.0,30.84375,27.987838745117188,20.75288391113281,25.86630249023437,41.67500114440918
2021-11-27 13:55:21.991,15.72408676147461,85.0,163.6800079345703,90.0,74.5,61.23046875,99.93851470947266,10.92815113067627,58.24803243590755,41580.0,29.15740966796875,30.13656616210937,25.839111328125,26.083892822265625,41.67500114440918
2021-11-27 13:55:23.004,15.72408676147461,85.0,163.6800079345703,90.0,74.5,61.23046875,99.93851470947266,10.92815113067627,58.24803243590755,41580.0,29.15740966796875,30.13656616210937,25.839111328125,26.083892822265625,41.67500114440918
2021-11-27 13:55:24.001,15.69114875793457,85.0,163.9729766845703,89.92424011230469,74.29999542236328,61.23046875,99.93851470947266,10.934774398803713,57.15178174527492,41580.0,30.02778625488281,27.0086669921875,24.28875732421875,28.504623413085938,41.67500114440918
2021-11-27 13:55:24.992,15.657817840576172,84.93975830078125,163.27310943603516,90.0,74.4000015258789,61.23046875,99.93851470947266,10.936639785766602,58.48346807230809,41580.0,31.65972900390625,23.826385498046875,24.26156616210937,27.52545166015625,41.67500114440918
2021-11-27 13:55:25.990,15.657817840576172,84.93975830078125,163.27310943603516,90.0,74.4000015258789,61.23046875,99.93851470947266,10.936639785766602,58.48346807230809,41580.0,31.65972900390625,23.826385498046875,24.26156616210937,27.52545166015625,41.67500114440918
2021-11-27 13:55:27.004,15.644104957580566,85.0,163.3382110595703,90.07575225830078,74.0999984741211,61.23046875,99.93851470947266,10.940629005432127,55.70986195894631,41580.0,32.96528625488281,26.46469116210937,24.12557983398437,28.287017822265625,41.67500114440918
2021-11-27 13:55:27.994,15.601421356201172,85.0,162.76041412353516,90.0,73.79999542236328,61.23046875,99.93851470947266,10.946538925170898,59.73368466917485,41580.0,31.49653625488281,29.266189575195312,23.79917907714844,21.106475830078125,41.67500114440918
2021-11-27 13:55:29.004,15.601421356201172,85.0,162.76041412353516,90.0,73.79999542236328,61.23046875,99.93851470947266,10.946538925170898,59.73368466917485,41580.0,31.49653625488281,29.266189575195312,23.79917907714844,21.106475830078125,41.67500114440918
2021-11-27 13:55:29.990,15.55158805847168,85.0,163.73697662353516,90.0,73.29999542236328,61.23046875,99.93851470947266,10.950448989868164,58.22830765789119,41580.0,31.8773193359375,25.18634033203125,21.46005249023437,24.642364501953125,41.67500114440918
2021-11-27 13:55:30.991,15.516334533691406,85.06024169921875,163.53353118896484,90.0,74.4000015258789,61.23046875,99.93851470947266,10.952105522155762,58.095004344176814,41580.0,29.26620483398437,27.66143798828125,26.32870483398437,25.73031616210937,41.67500114440918
2021-11-27 13:55:31.995,15.516334533691406,85.06024169921875,163.53353118896484,90.0,74.4000015258789,61.23046875,99.93851470947266,10.952105522155762,58.095004344176814,41580.0,29.26620483398437,27.66143798828125,26.32870483398437,25.73031616210937,41.67500114440918
2021-11-27 13:55:32.990,15.50319766998291,85.0,163.4114532470703,90.0,74.0999984741211,61.23046875,99.93851470947266,10.962173461914062,60.24275946017419,41580.0,32.883697509765625,24.8055419921875,23.608795166015625,28.015045166015625,41.67500114440918
2021-11-27 13:55:33.994,15.471688270568848,85.0,162.97200775146484,90.0,74.80000305175781,61.23046875,99.93851470947266,10.968154907226562,56.544272996992405,41580.0,31.986114501953125,24.832733154296875,22.629623413085938,28.015045166015625,41.67500114440918
2021-11-27 13:55:34.994,15.471688270568848,85.0,162.97200775146484,90.0,74.80000305175781,61.23046875,99.93851470947266,10.968154907226562,56.544272996992405,41580.0,31.986114501953125,24.832733154296875,22.629623413085938,28.015045166015625,41.67500114440918
2021-11-27 13:55:35.990,15.450593948364258,85.0,162.66275787353516,90.0,73.79999542236328,61.23046875,99.93851470947266,10.970680236816406,59.72239984366515,41580.0,33.237274169921875,24.99594116210937,23.010406494140625,22.82000732421875,41.67500114440918
2021-11-27 13:55:36.994,15.450593948364258,85.0,162.66275787353516,90.0,73.79999542236328,61.23046875,99.93851470947266,10.970680236816406,59.72239984366515,41580.0,33.237274169921875,24.99594116210937,23.010406494140625,22.82000732421875,41.67500114440918
2021-11-27 13:55:38.002,15.449874877929688,85.0,162.32909393310547,90.0,73.79999542236328,61.23046875,99.93851470947266,10.98733139038086,59.31423409641065,41580.0,33.645263671875,28.12384033203125,23.9351806640625,23.010406494140625,41.67500114440918
2021-11-27 13:55:38.992,15.438834190368652,84.93975830078125,163.8753204345703,90.0,74.4000015258789,61.23046875,99.93851470947266,10.988251686096191,58.087939982670726,41580.0,28.9398193359375,28.83100891113281,25.703125,27.7430419921875,41.67500114440918
2021-11-27 13:55:40.991,15.432205200195312,85.0,163.73697662353516,90.0,74.4000015258789,61.23046875,99.93851470947266,10.995073318481444,58.53134019369862,41580.0,30.05499267578125,28.287017822265625,25.86630249023437,27.68865966796875,41.67500114440918
2021-11-27 13:55:40.000,15.432205200195312,85.0,163.73697662353516,90.0,74.4000015258789,61.23046875,99.93851470947266,10.995073318481444,58.53134019369862,41580.0,30.05499267578125,28.287017822265625,25.86630249023437,27.68865966796875,41.67500114440918
2021-11-27 13:55:41.993,15.454890251159668,85.06024169921875,162.6220703125,90.0,73.79999542236328,61.23046875,99.93851470947266,10.99615478515625,59.5734380409965,41580.0,32.85649108886719,26.2742919921875,20.154510498046875,24.50634765625,41.67500114440918
2021-11-27 13:55:43.004,15.509984016418455,85.0,162.9638671875,90.0,74.5999984741211,61.23046875,99.93851470947266,10.999728202819824,58.80067380756924,41580.0,33.9444580078125,26.35589599609375,23.71759033203125,25.349517822265625,41.67500114440918
2021-11-27 13:55:43.991,15.509984016418455,85.0,162.9638671875,90.0,74.5999984741211,61.23046875,99.93851470947266,10.999728202819824,58.80067380756924,41580.0,33.9444580078125,26.35589599609375,23.71759033203125,25.349517822265625,41.67500114440918
2021-11-27 13:55:44.991,15.55138874053955,84.93975830078125,163.0615234375,90.0,73.79999542236328,61.23046875,99.93851470947266,10.99241065979004,55.99727058867971,41580.0,29.647003173828125,27.52545166015625,24.043975830078125,26.301498413085938,41.67500114440918
2021-11-27 13:55:45.990,15.580484390258787,85.0,162.97200775146484,90.0,74.29999542236328,61.23046875,99.93851470947266,10.998173713684082,57.85936630250662,41580.0,30.05499267578125,30.32696533203125,20.208892822265625,27.307861328125,41.67500114440918
2021-11-27 13:55:46.994,15.580484390258787,85.0,162.97200775146484,90.0,74.29999542236328,61.23046875,99.93851470947266,10.998173713684082,57.85936630250662,41580.0,30.05499267578125,30.32696533203125,20.208892822265625,27.307861328125,41.67500114440918
2021-11-27 13:55:47.992,15.627517700195312,85.06024169921875,163.8671875,90.0,74.5999984741211,61.23046875,99.93851470947266,10.994667053222656,57.241586682809896,41580.0,28.9398193359375,27.688644409179688,27.09027099609375,28.368621826171875,41.67500114440918
2021-11-27 13:55:48.992,15.647507667541504,85.0,162.21517181396484,90.0,74.0,61.23046875,99.93851470947266,10.997424125671388,59.4380425267533,41580.0,33.101287841796875,25.75750732421875,24.696746826171875,23.5,41.67500114440918
2021-11-27 13:55:49.993,15.647507667541504,85.0,162.21517181396484,90.0,74.0,61.23046875,99.93851470947266,10.997424125671388,59.4380425267533,41580.0,33.101287841796875,25.75750732421875,24.696746826171875,23.5,41.67500114440918
2021-11-27 13:55:50.992,15.663177490234377,84.93975830078125,162.72786712646484,90.0,74.5999984741211,61.23046875,99.93851470947266,11.006141662597656,58.47039752479781,41580.0,31.550933837890625,28.749420166015625,24.642364501953125,23.79917907714844,41.650001525878906
2021-11-27 13:55:51.992,15.693655967712402,85.0,163.79393768310547,90.0,73.0999984741211,61.23046875,99.93851470947266,11.00370979309082,59.9599541589443,41580.0,28.36865234375,25.104736328125,23.309600830078125,26.60067749023437,41.67500114440918
2021-11-27 13:55:52.991,15.693655967712402,85.0,163.79393768310547,90.0,73.0999984741211,61.23046875,99.93851470947266,11.00370979309082,59.9599541589443,41580.0,28.36865234375,25.104736328125,23.309600830078125,26.60067749023437,41.67500114440918
2021-11-27 13:55:53.994,15.740501403808594,85.0,163.4765625,90.0,75.0999984741211,61.23046875,99.93851470947266,11.00788402557373,55.75453968443232,41580.0,32.01332092285156,29.64697265625,23.962371826171875,28.17822265625,41.650001525878906
2021-11-27 13:55:54.994,15.749042510986328,85.0,162.90689849853516,90.0,73.5,61.23046875,99.93851470947266,11.003315925598145,58.6076476129322,41580.0,31.986114501953125,26.05670166015625,24.6695556640625,26.981475830078125,41.650001525878906
2021-11-27 13:55:55.991,15.749042510986328,85.0,162.90689849853516,90.0,73.5,61.23046875,99.93851470947266,11.003315925598145,58.6076476129322,41580.0,31.986114501953125,26.05670166015625,24.6695556640625,26.981475830078125,41.650001525878906
2021-11-27 13:55:56.990,15.733448028564451,85.0,162.6627655029297,90.0,74.5999984741211,61.23046875,99.93851470947266,10.997137069702148,57.4500259308622,41581.0,32.01332092285156,27.52545166015625,25.32232666015625,22.82000732421875,41.650001525878906
2021-11-27 13:55:57.991,15.733448028564451,85.0,162.6627655029297,90.0,74.5999984741211,61.23046875,99.93851470947266,10.997137069702148,57.4500259308622,41581.0,32.01332092285156,27.52545166015625,25.32232666015625,22.82000732421875,41.650001525878906
2021-11-27 13:55:58.992,15.728114128112791,85.0,162.353515625,90.0,73.5,61.23046875,99.93851470947266,10.994048118591309,59.97620997612013,41581.0,31.93173217773437,27.063064575195312,22.901611328125,22.493621826171875,41.650001525878906
2021-11-27 13:55:59.993,15.681951522827148,85.0,162.4674530029297,90.0,73.4000015258789,61.23046875,99.93851470947266,10.991117477416992,59.39364820048605,41581.0,29.973388671875,26.73667907714844,22.38482666015625,26.573486328125,41.650001525878906
2021-11-27 13:56:00.991,15.62412452697754,85.0,162.6220703125,90.0,74.0999984741211,61.23046875,99.93851470947266,10.996479988098145,58.73060575537618,41581.0,25.703125,29.782974243164062,24.479156494140625,26.46469116210937,41.650001525878906
2021-11-27 13:56:01.990,15.62412452697754,85.0,162.6220703125,90.0,74.0999984741211,61.23046875,99.93851470947266,10.996479988098145,58.73060575537618,41581.0,25.703125,29.782974243164062,24.479156494140625,26.46469116210937,41.650001525878906
2021-11-27 13:56:02.990,15.597291946411133,85.0,161.97916412353516,90.0,74.19999694824219,61.23046875,99.93851470947266,10.998437881469728,59.41212719381648,41581.0,31.0069580078125,27.987838745117188,24.75115966796875,24.53355407714844,41.650001525878906
2021-11-27 13:56:03.991,15.583617210388184,84.93975830078125,163.0289764404297,90.0,73.5,61.23046875,99.93851470947266,10.995158195495604,59.87452069558983,41581.0,30.653366088867188,24.914337158203125,26.519088745117188,25.86630249023437,41.650001525878906
2021-11-27 13:56:05.002,15.583617210388184,84.93975830078125,163.0289764404297,90.0,73.5,61.23046875,99.93851470947266,10.995158195495604,59.87452069558983,41581.0,30.653366088867188,24.914337158203125,26.519088745117188,25.86630249023437,41.650001525878906
2021-11-27 13:56:05.994,15.546173095703123,85.0,162.19075775146484,90.0,73.9000015258789,61.23046875,99.93851470947266,10.992313385009766,57.90728813526051,41581.0,30.59896850585937,27.19906616210937,23.5,24.94154357910156,41.650001525878906
2021-11-27 13:56:06.993,15.526087760925291,85.06024169921875,162.82552337646484,90.0,74.0999984741211,61.23046875,99.93851470947266,10.986623764038086,58.577079034805486,41581.0,29.83740234375,25.839111328125,22.112838745117188,27.96063232421875,41.650001525878906
2021-11-27 13:56:07.991,15.526087760925291,85.06024169921875,162.82552337646484,90.0,74.0999984741211,61.23046875,99.93851470947266,10.986623764038086,58.577079034805486,41581.0,29.83740234375,25.839111328125,22.112838745117188,27.96063232421875,41.650001525878906
2021-11-27 13:56:08.992,15.537656784057615,85.0,162.65462493896484,90.0,74.0999984741211,61.23046875,99.93851470947266,10.98093318939209,57.765962122003536,41581.0,29.02142333984375,27.96063232421875,25.18634033203125,26.899871826171875,41.650001525878906
2021-11-27 13:56:09.994,15.537656784057615,85.0,162.65462493896484,90.0,74.0999984741211,61.23046875,99.93851470947266,10.98093318939209,57.765962122003536,41581.0,29.02142333984375,27.96063232421875,25.18634033203125,26.899871826171875,41.650001525878906
2021-11-27 13:56:11.005,15.52316188812256,85.0,162.55696868896484,90.0,74.0,61.23046875,99.93851470947266,10.98256778717041,58.86861886385355,41581.0,33.69966125488281,27.715850830078125,26.70947265625,21.160873413085938,41.650001525878906
2021-11-27 13:56:11.994,15.479654312133787,85.0,162.32910919189453,90.0,73.69999694824219,61.23046875,99.93851470947266,10.97704029083252,58.93443983382039,41581.0,31.768524169921875,25.703125,23.3367919921875,25.59432983398437,41.650001525878906
2021-11-27 13:56:12.991,15.479654312133787,85.0,162.32910919189453,90.0,73.69999694824219,61.23046875,99.93851470947266,10.97704029083252,58.93443983382039,41581.0,31.768524169921875,25.703125,23.3367919921875,25.59432983398437,41.650001525878906
2021-11-27 13:56:13.992,15.456037521362305,84.93975830078125,162.109375,90.0,74.19999694824219,61.23046875,99.93851470947266,10.97834300994873,59.6976131667945,41581.0,29.782989501953125,26.981475830078125,24.370361328125,24.58795166015625,41.650001525878906
2021-11-27 13:56:15.004,15.469755172729492,85.06024169921875,162.11751556396484,90.0,73.5999984741211,61.23046875,99.93851470947266,10.982705116271973,59.61874974339159,41581.0,31.46932983398437,25.512725830078125,20.78009033203125,28.232635498046875,41.650001525878906
2021-11-27 13:56:16.004,15.469755172729492,85.06024169921875,162.11751556396484,90.0,73.5999984741211,61.23046875,99.93851470947266,10.982705116271973,59.61874974339159,41581.0,31.46932983398437,25.512725830078125,20.78009033203125,28.232635498046875,41.650001525878906
2021-11-27 13:56:16.992,15.49886417388916,85.0,162.3616485595703,90.0,74.29999542236328,61.23046875,99.93851470947266,10.985640525817873,55.55779557594367,41581.0,29.59259033203125,25.86630249023437,25.458328247070312,27.36225891113281,41.650001525878906
2021-11-27 13:56:18.004,15.507908821105955,85.0,162.744140625,90.0,74.4000015258789,61.23046875,99.93851470947266,10.983121871948242,59.18140525855962,41581.0,34.134857177734375,29.891769409179688,24.28875732421875,23.880767822265625,41.650001525878906
2021-11-27 13:56:19.004,15.507908821105955,85.0,162.744140625,90.0,74.4000015258789,61.23046875,99.93851470947266,10.983121871948242,59.18140525855962,41581.0,34.134857177734375,29.891769409179688,24.28875732421875,23.880767822265625,41.650001525878906
2021-11-27 13:56:19.991,15.54800033569336,84.93975830078125,161.4501953125,90.0,74.4000015258789,61.23046875,99.93851470947266,10.978082656860352,57.285055381561726,41581.0,33.101287841796875,25.594314575195312,21.65045166015625,24.043975830078125,41.650001525878906
2021-11-27 13:56:21.003,15.56562042236328,85.0,162.5244140625,90.0,74.19999694824219,61.23046875,99.93851470947266,10.982832908630373,58.26450360427347,41581.0,28.72222900390625,23.3367919921875,25.431121826171875,23.880767822265625,41.650001525878906
2021-11-27 13:56:21.992,15.56562042236328,85.0,162.5244140625,90.0,74.19999694824219,61.23046875,99.93851470947266,10.982832908630373,58.26450360427347,41581.0,28.72222900390625,23.3367919921875,25.431121826171875,23.880767822265625,41.650001525878906
2021-11-27 13:56:22.992,15.565686225891112,85.0,161.4339141845703,90.0,73.29999542236328,61.23046875,99.93851470947266,10.98122501373291,60.7577235483453,41581.0,29.32061767578125,26.383087158203125,23.010406494140625,24.96875,41.650001525878906
2021-11-27 13:56:23.991,15.613835334777832,84.93975830078125,162.21517181396484,90.0,74.4000015258789,61.23046875,99.93851470947266,10.973135948181152,57.61285093053245,41581.0,29.429412841796875,27.52545166015625,24.370361328125,25.648712158203125,41.650001525878906
2021-11-27 13:56:24.991,15.613835334777832,84.93975830078125,162.21517181396484,90.0,74.4000015258789,61.23046875,99.93851470947266,10.973135948181152,57.61285093053245,41581.0,29.429412841796875,27.52545166015625,24.370361328125,25.648712158203125,41.650001525878906
2021-11-27 13:56:26.002,15.682984352111816,85.0,162.3291015625,90.0,74.0,61.23046875,99.93851470947266,10.968286514282228,58.0733734631389,41581.0,31.93173217773437,27.498260498046875,25.648712158203125,21.92245483398437,41.650001525878906
2021-11-27 13:56:26.992,15.690479278564451,85.0,162.04427337646484,90.0,74.29999542236328,61.23046875,99.93851470947266,10.965848922729492,56.45688806551647,41581.0,31.442138671875,27.52545166015625,24.179962158203125,26.2742919921875,41.650001525878906
2021-11-27 13:56:27.991,15.690479278564451,85.0,162.04427337646484,90.0,74.29999542236328,61.23046875,99.93851470947266,10.965848922729492,56.45688806551647,41581.0,31.442138671875,27.52545166015625,24.179962158203125,26.2742919921875,41.650001525878906
2021-11-27 13:56:28.996,15.67995548248291,85.0,162.6708984375,90.0,74.0999984741211,61.23046875,99.93851470947266,10.96097183227539,59.726440786722726,41581.0,32.01332092285156,26.35589599609375,23.146392822265625,28.25982666015625,41.650001525878906
2021-11-27 13:56:29.994,15.68848991394043,85.0,162.31282806396484,90.0,73.69999694824219,61.23046875,99.93851470947266,10.956095695495604,58.88233127913957,41581.0,28.55903625488281,26.79107666015625,24.315963745117188,25.567123413085938,41.650001525878906
2021-11-27 13:56:30.990,15.67484188079834,85.0,162.1907501220703,90.0,74.0,61.23046875,99.93851470947266,10.953657150268556,56.2974168763301,41581.0,32.584503173828125,26.19268798828125,23.06480407714844,25.13192749023437,41.650001525878906
2021-11-27 13:56:32.002,15.67484188079834,85.0,162.1907501220703,90.0,74.0,61.23046875,99.93851470947266,10.953657150268556,56.2974168763301,41581.0,32.584503173828125,26.19268798828125,23.06480407714844,25.13192749023437,41.650001525878906
2021-11-27 13:56:33.001,15.646178245544434,84.93975830078125,163.33007049560547,90.0,74.4000015258789,61.23046875,99.93851470947266,10.95121955871582,57.96362876562511,41581.0,32.01332092285156,28.885406494140625,28.586212158203125,26.247100830078125,41.650001525878906
2021-11-27 13:56:33.992,15.622350692749023,85.0,162.5406951904297,90.0,73.69999694824219,61.23046875,99.93851470947266,10.94634246826172,59.715905077167015,41581.0,32.23091125488281,27.117462158203125,25.4039306640625,27.579864501953125,41.650001525878906
2021-11-27 13:56:34.990,15.622350692749023,85.0,162.5406951904297,90.0,73.69999694824219,61.23046875,99.93851470947266,10.94634246826172,59.715905077167015,41581.0,32.23091125488281,27.117462158203125,25.4039306640625,27.579864501953125,41.650001525878906
2021-11-27 13:56:35.994,15.627866744995115,85.06024169921875,161.669921875,90.0,74.0999984741211,61.23046875,99.94213104248048,10.941466331481934,59.73281720895203,41581.0,29.86459350585937,26.301483154296875,24.043975830078125,24.179962158203125,41.650001525878906
2021-11-27 13:56:36.992,15.625585556030272,85.0,162.1744842529297,90.0,74.19999694824219,61.23046875,99.93851470947266,10.939027786254885,58.62987287951978,41581.0,31.387741088867188,25.567108154296875,24.696746826171875,25.811920166015625,41.650001525878906
2021-11-27 13:56:37.992,15.625585556030272,85.0,162.1744842529297,90.0,74.19999694824219,61.23046875,99.93851470947266,10.939027786254885,58.62987287951978,41581.0,31.387741088867188,25.567108154296875,24.696746826171875,25.811920166015625,41.650001525878906
2021-11-27 13:56:38.992,15.57978057861328,85.0,162.8173828125,90.0,73.5999984741211,61.23046875,99.93851470947266,10.934151649475098,57.86627681772396,41581.0,33.400482177734375,27.498260498046875,23.41839599609375,23.55438232421875,41.650001525878906
2021-11-27 13:56:39.991,15.593249320983888,84.93975830078125,162.82552337646484,90.0,74.5,61.23046875,99.93851470947266,10.929275512695312,57.453047381987815,41581.0,32.04052734375,28.80380249023437,24.96875,25.431121826171875,41.650001525878906
2021-11-27 13:56:40.991,15.593249320983888,84.93975830078125,162.82552337646484,90.0,74.5,61.23046875,99.93851470947266,10.929275512695312,57.453047381987815,41581.0,32.04052734375,28.80380249023437,24.96875,25.431121826171875,41.650001525878906
2021-11-27 13:56:41.992,15.59947395324707,84.93975830078125,162.59765625,90.0,73.69999694824219,61.23046875,99.93851470947266,10.920355796813965,60.90269222779352,41581.0,28.776626586914062,28.640625,25.512725830078125,27.87904357910156,41.650001525878906
2021-11-27 13:56:42.991,15.568174362182615,85.06024169921875,161.43392181396484,90.0,74.19999694824219,61.23046875,99.93851470947266,10.914508819580078,55.40895556802224,41581.0,30.4085693359375,27.307861328125,20.236114501953125,23.744781494140625,41.650001525878906
2021-11-27 13:56:44.001,15.568174362182615,85.06024169921875,161.43392181396484,90.0,74.19999694824219,61.23046875,99.93851470947266,10.914508819580078,55.40895556802224,41581.0,30.4085693359375,27.307861328125,20.236114501953125,23.744781494140625,41.650001525878906
2021-11-27 13:56:44.992,15.548781394958496,85.0,161.9140625,90.0,74.9000015258789,61.23046875,99.93851470947266,10.909469604492188,55.10368540289826,41581.0,33.78125,24.370361328125,26.2742919921875,24.179962158203125,41.650001525878906
2021-11-27 13:56:45.995,15.562583923339844,84.93975830078125,161.6862030029297,90.0,74.19999694824219,61.23046875,99.93851470947266,10.907760620117188,57.70948672406718,41581.0,31.19735717773437,28.885406494140625,26.60067749023437,24.58795166015625,41.650001525878906
2021-11-27 13:56:46.991,15.562583923339844,84.93975830078125,161.6862030029297,90.0,74.19999694824219,61.23046875,99.93851470947266,10.907760620117188,57.70948672406718,41581.0,31.19735717773437,28.885406494140625,26.60067749023437,24.58795166015625,41.650001525878906
2021-11-27 13:56:47.994,15.586589813232422,85.0,161.572265625,90.0,74.69999694824219,61.23046875,99.93851470947266,10.909300804138184,57.40494491952997,41581.0,30.62615966796875,26.4375,23.445587158203125,26.49188232421875,41.650001525878906
2021-11-27 13:56:48.993,15.575801849365234,85.06024169921875,161.71060943603516,90.0,74.0,61.23046875,99.93851470947266,10.908498764038086,58.017693283759925,41581.0,28.99423217773437,24.72393798828125,23.445587158203125,24.723953247070312,41.650001525878906
2021-11-27 13:56:49.994,15.575801849365234,85.06024169921875,161.71060943603516,90.0,74.0,61.23046875,99.93851470947266,10.908498764038086,58.017693283759925,41581.0,28.99423217773437,24.72393798828125,23.445587158203125,24.723953247070312,41.650001525878906
2021-11-27 13:56:50.994,15.589518547058104,85.06024169921875,161.05142974853516,90.0,73.69999694824219,61.23046875,99.93851470947266,10.904478073120115,57.22062569451688,41581.0,27.66146850585937,27.52545166015625,23.173614501953125,22.98321533203125,41.62500095367432
2021-11-27 13:56:51.994,15.614909172058104,84.93975830078125,162.40234375,90.0,74.29999542236328,61.23046875,99.93851470947266,10.919257164001465,57.39016182264682,41581.0,32.938079833984375,27.93344116210937,25.077545166015625,26.192703247070312,41.62500095367432
2021-11-27 13:56:52.994,15.614909172058104,84.93975830078125,162.40234375,90.0,74.29999542236328,61.23046875,99.93851470947266,10.919257164001465,57.39016182264682,41581.0,32.938079833984375,27.93344116210937,25.077545166015625,26.192703247070312,41.62500095367432
2021-11-27 13:56:53.990,15.61063289642334,84.93975830078125,163.2080078125,90.0,75.19999694824219,61.23046875,99.94213104248048,10.91486930847168,57.4266711914978,41581.0,31.60533142089844,28.586212158203125,27.44384765625,27.22625732421875,41.62500095367432
2021-11-27 13:56:55.001,15.59519100189209,85.0,162.02799224853516,90.0,74.19999694824219,61.23046875,99.93851470947266,10.912674903869627,59.79585345406578,41581.0,32.69329833984375,26.46469116210937,23.3367919921875,25.75750732421875,41.62500095367432
2021-11-27 13:56:56.004,15.59519100189209,85.0,162.02799224853516,90.0,74.19999694824219,61.23046875,99.93851470947266,10.912674903869627,59.79585345406578,41581.0,32.69329833984375,26.46469116210937,23.3367919921875,25.75750732421875,41.62500095367432
2021-11-27 13:56:57.002,15.591951370239258,85.06024169921875,160.888671875,90.0,73.9000015258789,61.23046875,99.93851470947266,10.908287048339844,57.70391439510792,41581.0,31.06134033203125,24.315963745117188,23.71759033203125,24.88714599609375,41.62500095367432
2021-11-27 13:56:58.002,15.614985466003418,85.06024169921875,161.2548828125,90.0,73.29999542236328,61.23046875,99.93851470947266,10.90389919281006,58.13150774919888,41581.0,27.60707092285156,27.90625,21.541656494140625,23.2008056640625,41.62500095367432
2021-11-27 13:56:58.993,15.614985466003418,85.06024169921875,161.2548828125,90.0,73.29999542236328,61.23046875,99.93851470947266,10.90389919281006,58.13150774919888,41581.0,27.60707092285156,27.90625,21.541656494140625,23.2008056640625,41.62500095367432
2021-11-27 13:56:59.991,15.60205078125,84.93975830078125,161.5071563720703,90.0,74.5,61.23046875,99.93851470947266,10.903325080871582,57.18314521523801,41581.0,33.155670166015625,25.839111328125,23.227996826171875,25.02313232421875,41.62500095367432
2021-11-27 13:57:01.005,15.594887733459473,84.93975830078125,162.9557342529297,90.0,74.29999542236328,61.23046875,99.93851470947266,10.904715538024902,60.41530500827859,41581.0,30.4085693359375,29.72857666015625,26.573486328125,27.171875,41.62500095367432
2021-11-27 13:57:01.994,15.594887733459473,84.93975830078125,162.9557342529297,90.0,74.29999542236328,61.23046875,99.93851470947266,10.904715538024902,60.41530500827859,41581.0,30.4085693359375,29.72857666015625,26.573486328125,27.171875,41.62500095367432
2021-11-27 13:57:02.991,15.637699127197266,85.06024169921875,161.4013671875,90.0,73.19999694824219,61.23046875,99.93851470947266,10.900489807128906,60.95713883906366,41581.0,31.7413330078125,24.315963745117188,20.78009033203125,26.32870483398437,41.62500095367432
2021-11-27 13:57:04.012,15.650440216064451,85.0,161.4420623779297,90.0,74.9000015258789,61.23046875,99.93851470947266,10.89837646484375,55.03105758714632,41581.0,29.29341125488281,24.560760498046875,23.9351806640625,25.839111328125,41.62500095367432
2021-11-27 13:57:04.991,15.650440216064451,85.0,161.4420623779297,90.0,74.9000015258789,61.23046875,99.93851470947266,10.89837646484375,55.03105758714632,41581.0,29.29341125488281,24.560760498046875,23.9351806640625,25.839111328125,41.62500095367432
2021-11-27 13:57:05.993,15.657801628112791,84.93975830078125,161.181640625,90.0,73.4000015258789,61.23046875,99.93851470947266,10.89415168762207,58.801501486594766,41581.0,30.76216125488281,27.117462158203125,22.629623413085938,24.6695556640625,41.62500095367432
2021-11-27 13:57:07.993,15.66791820526123,85.0,163.59864044189453,90.0,75.0,61.23046875,99.93851470947266,10.889925956726074,56.00520396764186,41581.0,31.65972900390625,30.190963745117188,27.498260498046875,26.301498413085938,41.62500095367432
2021-11-27 13:57:07.000,15.66791820526123,85.0,163.59864044189453,90.0,75.0,61.23046875,99.93851470947266,10.889925956726074,56.00520396764186,41581.0,31.65972900390625,30.190963745117188,27.498260498046875,26.301498413085938,41.62500095367432
2021-11-27 13:57:08.991,15.694897651672363,85.0,161.68619537353516,90.0,73.69999694824219,61.23046875,99.93851470947266,10.887813568115234,60.61932323863955,41581.0,31.19735717773437,27.280670166015625,24.6695556640625,27.33505249023437,41.62500095367432
2021-11-27 13:57:09.993,15.676456451416016,84.93975830078125,161.1165313720703,90.0,73.5,61.23046875,99.93851470947266,10.878726959228516,60.68640468437803,41581.0,29.048614501953125,27.36225891113281,22.79281616210937,25.32232666015625,41.62500095367432
2021-11-27 13:57:11.005,15.676456451416016,84.93975830078125,161.1165313720703,90.0,73.5,61.23046875,99.93851470947266,10.878726959228516,60.68640468437803,41581.0,29.048614501953125,27.36225891113281,22.79281616210937,25.32232666015625,41.62500095367432
2021-11-27 13:57:11.992,15.64137840270996,85.0,161.28743743896484,90.0,73.69999694824219,61.23046875,99.93851470947266,10.871928215026855,58.98485547437032,41581.0,27.79745483398437,27.307861328125,23.826385498046875,24.696746826171875,41.62500095367432
2021-11-27 13:57:12.991,15.637484550476074,85.06024169921875,161.65364837646484,90.0,73.69999694824219,61.23046875,99.93851470947266,10.86973476409912,56.88828597706752,41581.0,34.65162658691406,27.19906616210937,23.173614501953125,25.24072265625,41.62500095367432
2021-11-27 13:57:14.005,15.637484550476074,85.06024169921875,161.65364837646484,90.0,73.69999694824219,61.23046875,99.93851470947266,10.86973476409912,56.88828597706752,41581.0,34.65162658691406,27.19906616210937,23.173614501953125,25.24072265625,41.62500095367432
2021-11-27 13:57:14.991,15.618471145629885,85.0,162.2639923095703,90.0,75.30000305175781,61.23046875,99.94213104248048,10.865346908569336,55.26821326831267,41581.0,33.835662841796875,26.46469116210937,25.648712158203125,28.314239501953125,41.62500095367432
2021-11-27 13:57:16.002,15.582198143005373,85.0,162.5651092529297,90.0,73.79999542236328,61.23046875,99.93851470947266,10.842240333557127,60.082301255043184,41581.0,30.435775756835938,30.190963745117188,19.556121826171875,26.4375,41.62500095367432
2021-11-27 13:57:16.993,15.582198143005373,85.0,162.5651092529297,90.0,73.79999542236328,61.23046875,99.93851470947266,10.842240333557127,60.082301255043184,41581.0,30.435775756835938,30.190963745117188,19.556121826171875,26.4375,41.62500095367432
2021-11-27 13:57:17.990,15.565503120422363,85.0,161.10025787353516,90.0,74.0999984741211,61.23046875,99.93851470947266,10.836589813232422,59.32124980539607,41581.0,29.61981201171875,24.45196533203125,24.098373413085938,26.21990966796875,41.62500095367432
2021-11-27 13:57:18.994,15.571414947509766,85.0,161.01888275146484,90.0,73.0999984741211,61.23046875,99.93851470947266,10.831713676452637,58.53936424549719,41581.0,29.45660400390625,26.70947265625,23.55438232421875,23.3367919921875,41.62500095367432
2021-11-27 13:57:19.991,15.571414947509766,85.0,161.01888275146484,90.0,73.0999984741211,61.23046875,99.93851470947266,10.831713676452637,58.53936424549719,41581.0,29.45660400390625,26.70947265625,23.55438232421875,23.3367919921875,41.62500095367432
2021-11-27 13:57:20.993,15.566802978515623,85.0,162.0035858154297,90.0,73.9000015258789,61.23046875,99.93851470947266,10.819493293762209,57.87216804092588,41581.0,32.285308837890625,29.755767822265625,19.36572265625,27.33505249023437,41.62500095367432
2021-11-27 13:57:21.994,15.534927368164062,84.93975830078125,161.75943756103516,90.0,74.0,61.23046875,99.93851470947266,10.816973686218262,60.20514327220295,41581.0,32.77490234375,24.098358154296875,24.88714599609375,26.32870483398437,41.62500095367432
2021-11-27 13:57:22.990,15.534927368164062,84.93975830078125,161.75943756103516,90.0,74.0,61.23046875,99.93851470947266,10.816973686218262,60.20514327220295,41581.0,32.77490234375,24.098358154296875,24.88714599609375,26.32870483398437,41.62500095367432
2021-11-27 13:57:23.991,15.54111099243164,85.0,161.89778900146484,90.0,74.5,61.23046875,99.93851470947266,10.811935424804688,59.306671512016784,41581.0,30.35418701171875,28.6134033203125,24.85995483398437,26.79107666015625,41.62500095367432
2021-11-27 13:57:24.994,15.532414436340332,85.0,160.63639068603516,90.0,74.29999542236328,61.23046875,99.93851470947266,10.806896209716797,59.917230866959045,41581.0,31.33334350585937,24.778350830078125,23.2008056640625,23.69038391113281,41.62500095367432
2021-11-27 13:57:26.005,15.532414436340332,85.0,160.63639068603516,90.0,74.29999542236328,61.23046875,99.93851470947266,10.806896209716797,59.917230866959045,41581.0,31.33334350585937,24.778350830078125,23.2008056640625,23.69038391113281,41.62500095367432
2021-11-27 13:57:27.003,15.512539863586426,85.0,160.83984375,90.0,74.0999984741211,61.23046875,99.94213104248048,10.804376602172852,57.76639481050041,41581.0,33.019683837890625,24.859939575195312,23.173614501953125,25.811920166015625,41.62500095367432
2021-11-27 13:57:28.002,15.50776195526123,85.0,161.87337493896484,90.0,74.4000015258789,61.23046875,99.93851470947266,10.799338340759276,57.60163967100068,41581.0,32.77490234375,28.287017822265625,25.4039306640625,24.58795166015625,41.62500095367432
2021-11-27 13:57:28.993,15.532052040100098,85.0,160.71778106689453,90.0,73.5999984741211,61.23046875,99.93851470947266,10.797539710998535,61.0070254959664,41581.0,34.923614501953125,29.72857666015625,24.20716857910156,26.927078247070312,41.62500095367432
2021-11-27 13:57:30.004,15.532052040100098,85.0,160.71778106689453,90.0,73.5999984741211,61.23046875,99.93851470947266,10.797539710998535,61.0070254959664,41581.0,34.923614501953125,29.72857666015625,24.20716857910156,26.927078247070312,41.62500095367432
2021-11-27 13:57:30.994,15.550379753112791,85.0,162.3046875,90.0,73.79999542236328,61.23046875,99.93851470947266,10.799114227294922,60.68339883679106,41581.0,28.613433837890625,30.02777099609375,26.60067749023437,26.46469116210937,41.62500095367432
2021-11-27 13:57:32.003,15.546367645263672,85.0,161.71875,90.0,73.5999984741211,61.23046875,99.93851470947266,10.796675682067873,59.15860039794994,41581.0,31.46932983398437,27.498260498046875,21.976837158203125,21.81365966796875,41.62500095367432
2021-11-27 13:57:33.002,15.546367645263672,85.0,161.71875,90.0,73.5999984741211,61.23046875,99.93851470947266,10.796675682067873,59.15860039794994,41581.0,31.46932983398437,27.498260498046875,21.976837158203125,21.81365966796875,41.62500095367432
2021-11-27 13:57:34.004,15.606966972351074,85.0,161.72689056396484,90.0,73.9000015258789,61.23046875,99.93851470947266,10.791799545288086,58.955363706807375,41581.0,28.0694580078125,21.1336669921875,24.45196533203125,28.314239501953125,41.62500095367432
2021-11-27 13:57:34.992,15.641419410705566,85.0,161.73502349853516,90.0,73.79999542236328,61.23046875,99.93851470947266,10.796728134155272,58.79253240780852,41581.0,27.98785400390625,28.776611328125,23.9351806640625,25.62152099609375,41.62500095367432
2021-11-27 13:57:35.991,15.641419410705566,85.0,161.73502349853516,90.0,73.79999542236328,61.23046875,99.93851470947266,10.796728134155272,58.79253240780852,41581.0,27.98785400390625,28.776611328125,23.9351806640625,25.62152099609375,41.62500095367432
2021-11-27 13:57:37.002,15.655563354492188,85.0,161.4013671875,90.0,74.0999984741211,61.23046875,99.93851470947266,10.806596755981444,58.4766674658846,41581.0,31.08856201171875,24.88714599609375,26.1383056640625,27.634246826171875,41.62500095367432
2021-11-27 13:57:38.992,15.666101455688477,85.0,162.04427337646484,90.0,73.9000015258789,61.23046875,99.93851470947266,10.80001449584961,60.75802518497181,41581.0,30.00057983398437,27.8790283203125,28.232635498046875,25.48553466796875,41.62500095367432
2021-11-27 13:57:38.000,15.655563354492188,85.0,161.4013671875,90.0,74.0999984741211,61.23046875,99.93851470947266,10.806596755981444,58.4766674658846,41581.0,31.08856201171875,24.88714599609375,26.1383056640625,27.634246826171875,41.62500095367432
2021-11-27 13:57:39.997,15.697196006774902,85.0,160.85611724853516,90.0,74.19999694824219,61.23046875,99.93851470947266,10.797821044921877,57.68810883161136,41581.0,30.59896850585937,26.029510498046875,24.098373413085938,24.28875732421875,41.62500095367432
2021-11-27 13:57:41.005,15.697196006774902,85.0,160.85611724853516,90.0,74.19999694824219,61.23046875,99.93851470947266,10.797821044921877,57.68810883161136,41581.0,30.59896850585937,26.029510498046875,24.098373413085938,24.28875732421875,41.62500095367432
2021-11-27 13:57:42.004,15.713895797729492,85.0,160.4817657470703,90.0,74.29999542236328,61.23046875,99.93851470947266,10.79343318939209,56.955506555901984,41581.0,30.653366088867188,23.55438232421875,22.79281616210937,28.55902099609375,41.62500095367432
2021-11-27 13:57:42.992,15.702360153198242,85.0,161.24674224853516,90.0,74.29999542236328,61.23046875,99.93851470947266,10.789044380187988,58.05378400567794,41581.0,30.082183837890625,27.7430419921875,23.907989501953125,27.93344116210937,41.62500095367432
2021-11-27 13:57:44.004,15.702360153198242,85.0,161.24674224853516,90.0,74.29999542236328,61.23046875,99.93851470947266,10.789044380187988,58.05378400567794,41581.0,30.082183837890625,27.7430419921875,23.907989501953125,27.93344116210937,41.62500095367432
2021-11-27 13:57:45.001,15.71292781829834,85.0,160.87239837646484,90.0,74.19999694824219,61.23046875,99.93851470947266,10.788471221923828,56.274507002494936,41581.0,31.768524169921875,28.6134033203125,24.615142822265625,23.608795166015625,41.62500095367432
2021-11-27 13:57:45.993,15.700636863708496,85.0,161.33626556396484,90.0,73.79999542236328,61.23046875,99.93851470947266,10.784920692443848,59.28812776482204,41581.0,27.3350830078125,29.40219116210937,24.914337158203125,26.46469116210937,41.62500095367432
2021-11-27 13:57:46.994,15.700636863708496,85.0,161.33626556396484,90.0,73.79999542236328,61.23046875,99.93851470947266,10.784920692443848,59.28812776482204,41581.0,27.3350830078125,29.40219116210937,24.914337158203125,26.46469116210937,41.62500095367432
2021-11-27 13:57:48.990,15.589083671569824,85.0,161.45833587646484,90.0,74.0,61.23046875,99.93851470947266,10.78339672088623,57.82977729753433,41581.0,33.72686767578125,27.063064575195312,24.15277099609375,27.035873413085938,41.62500095367432
2021-11-27 13:57:48.000,15.64712619781494,85.0,161.4013671875,90.0,73.4000015258789,61.23046875,99.93851470947266,10.78550910949707,58.44273803923046,41581.0,28.25985717773437,26.62788391113281,23.581588745117188,23.581588745117188,41.62500095367432
2021-11-27 13:57:50.005,15.567011833190918,85.0,161.7757110595703,90.0,74.0999984741211,61.23046875,99.93851470947266,10.781283378601074,57.004137976664495,41581.0,33.2100830078125,25.62152099609375,22.65682983398437,28.3414306640625,41.62500095367432
2021-11-27 13:57:50.993,15.567011833190918,85.0,161.7757110595703,90.0,74.0999984741211,61.23046875,99.93851470947266,10.781283378601074,57.004137976664495,41581.0,33.2100830078125,25.62152099609375,22.65682983398437,28.3414306640625,41.62500095367432
2021-11-27 13:57:51.991,15.562126159667969,85.0,161.767578125,90.0,73.9000015258789,61.23046875,99.93851470947266,10.77950382232666,58.39649659592138,41581.0,30.4085693359375,29.510986328125,25.947906494140625,23.227996826171875,41.62500095367432
2021-11-27 13:57:52.991,15.53933048248291,85.0,160.8479766845703,90.0,73.79999542236328,61.23046875,99.93851470947266,10.787524223327637,57.47689176416422,41581.0,29.61981201171875,28.531814575195312,23.06480407714844,23.445587158203125,41.62500095367432
2021-11-27 13:57:53.992,15.53933048248291,85.0,160.8479766845703,90.0,73.79999542236328,61.23046875,99.93851470947266,10.787524223327637,57.47689176416422,41581.0,29.61981201171875,28.531814575195312,23.06480407714844,23.445587158203125,41.62500095367432
2021-11-27 13:57:55.005,15.548938751220703,85.0,160.8479766845703,90.0,74.5999984741211,61.23046875,99.93851470947266,10.788020133972168,57.554717655108696,41581.0,31.034149169921875,28.99420166015625,26.1383056640625,26.70947265625,41.62500095367432
2021-11-27 13:57:55.991,15.55817699432373,85.06024169921875,160.1969451904297,90.0,73.69999694824219,61.23046875,99.93851470947266,10.789112091064451,59.07819948484519,41581.0,35.79399108886719,26.682281494140625,23.227996826171875,23.010406494140625,41.62500095367432
2021-11-27 13:57:56.991,15.55817699432373,85.06024169921875,160.1969451904297,90.0,73.69999694824219,61.23046875,99.93851470947266,10.789112091064451,59.07819948484519,41581.0,35.79399108886719,26.682281494140625,23.227996826171875,23.010406494140625,41.62500095367432
2021-11-27 13:57:57.991,15.543067932128906,84.93975830078125,160.84798431396484,90.0,74.4000015258789,61.23046875,99.93851470947266,10.78942584991455,57.91656395523205,41581.0,28.66783142089844,25.92071533203125,27.634246826171875,24.098373413085938,41.62500095367432
2021-11-27 13:57:59.001,15.532036781311035,85.0,161.4176483154297,90.0,74.0,61.23046875,99.93851470947266,10.784361839294434,59.92093105703791,41581.0,30.57177734375,30.16375732421875,21.21527099609375,27.634246826171875,41.62500095367432
2021-11-27 13:58:00.005,15.532036781311035,85.0,161.4176483154297,90.0,74.0,61.23046875,99.93851470947266,10.784361839294434,59.92093105703791,41581.0,30.57177734375,30.16375732421875,21.21527099609375,27.634246826171875,41.62500095367432
2021-11-27 13:58:00.995,15.541532516479492,85.0,161.328125,90.0,74.5,61.23046875,99.93851470947266,10.78149700164795,58.33442943929357,41581.0,35.005218505859375,27.579849243164062,21.51446533203125,27.6070556640625,41.62500095367432
2021-11-27 13:58:02.990,15.557074546813965,85.0,160.4248046875,90.0,73.5999984741211,61.23046875,99.93851470947266,10.779425621032717,60.30854259928185,41581.0,32.366912841796875,24.6695556640625,23.010406494140625,28.504623413085938,41.62500095367432
2021-11-27 13:58:02.000,15.557074546813965,85.0,160.4248046875,90.0,73.5999984741211,61.23046875,99.93851470947266,10.779425621032717,60.30854259928185,41581.0,32.366912841796875,24.6695556640625,23.010406494140625,28.504623413085938,41.62500095367432
2021-11-27 13:58:03.993,15.541362762451172,85.0,160.9456329345703,90.0,74.4000015258789,61.23046875,99.93851470947266,10.781643867492676,56.7357861600486,41581.0,32.01332092285156,29.29339599609375,22.82000732421875,22.05844116210937,41.62500095367432
2021-11-27 13:58:04.995,15.547808647155762,84.93975830078125,160.75032806396484,90.0,74.29999542236328,61.23046875,99.93851470947266,10.778068542480469,57.93480609988592,41581.0,28.096649169921875,26.818267822265625,25.784713745117188,27.38946533203125,41.62500095367432
2021-11-27 13:58:05.992,15.547808647155762,84.93975830078125,160.75032806396484,90.0,74.29999542236328,61.23046875,99.93851470947266,10.778068542480469,57.93480609988592,41581.0,28.096649169921875,26.818267822265625,25.784713745117188,27.38946533203125,41.62500095367432
2021-11-27 13:58:06.993,15.577393531799316,85.0,161.0026092529297,90.0,74.29999542236328,61.23046875,99.93851470947266,10.774494171142578,59.76461424429082,41581.0,26.95428466796875,29.266189575195312,27.44384765625,27.715850830078125,41.62500095367432
2021-11-27 13:58:08.005,15.584656715393066,85.0,161.35253143310547,90.0,74.0999984741211,61.23046875,99.93851470947266,10.772706985473633,57.50045567482985,41581.0,34.869232177734375,25.784713745117188,24.15277099609375,23.66317749023437,41.62500095367432
2021-11-27 13:58:08.991,15.584656715393066,85.0,161.35253143310547,90.0,74.0999984741211,61.23046875,99.93851470947266,10.772706985473633,57.50045567482985,41581.0,34.869232177734375,25.784713745117188,24.15277099609375,23.66317749023437,41.62500095367432
2021-11-27 13:58:10.002,15.576738357543944,85.0,159.9772186279297,90.0,74.19999694824219,61.23046875,99.93851470947266,10.769132614135742,58.92241073716829,41581.0,33.26446533203125,25.512725830078125,20.698486328125,28.85821533203125,41.62500095367432
2021-11-27 13:58:10.990,15.569743156433104,85.0,160.9619140625,90.0,74.5999984741211,61.23046875,99.93851470947266,10.765558242797852,58.2650373859362,41581.0,30.517364501953125,28.722213745117188,22.6024169921875,24.6695556640625,41.62500095367432
2021-11-27 13:58:11.990,15.569743156433104,85.0,160.9619140625,90.0,74.5999984741211,61.23046875,99.93851470947266,10.765558242797852,58.2650373859362,41581.0,30.517364501953125,28.722213745117188,22.6024169921875,24.6695556640625,41.62500095367432
2021-11-27 13:58:12.992,15.588281631469728,85.0,161.0595703125,90.0,73.5,61.23046875,99.93851470947266,10.75728988647461,57.26289403969215,41581.0,30.46298217773437,26.954269409179688,25.349517822265625,22.575225830078125,41.62500095367432
2021-11-27 13:58:14.002,15.601335525512695,84.93975830078125,160.9700469970703,90.0,73.69999694824219,61.23046875,99.93851470947266,10.752744674682615,58.03841609234102,41581.0,28.15106201171875,26.00230407714844,24.560760498046875,26.818267822265625,41.62500095367432
2021-11-27 13:58:15.003,15.601335525512695,84.93975830078125,160.9700469970703,90.0,73.69999694824219,61.23046875,99.93851470947266,10.752744674682615,58.03841609234102,41581.0,28.15106201171875,26.00230407714844,24.560760498046875,26.818267822265625,41.62500095367432
2021-11-27 13:58:15.992,15.593249320983888,84.93975830078125,161.3606719970703,90.0,74.4000015258789,61.23046875,99.93851470947266,10.74900722503662,57.33763818286267,41581.0,35.141204833984375,27.1446533203125,26.111114501953125,25.648712158203125,41.62500095367432
2021-11-27 13:58:16.991,15.625404357910156,85.0,159.9446563720703,90.0,73.19999694824219,61.23046875,99.93851470947266,10.74713897705078,60.65740474001405,41581.0,32.584503173828125,24.615142822265625,19.80091857910156,24.20716857910156,41.62500095367432
2021-11-27 13:58:18.003,15.625404357910156,85.0,159.9446563720703,90.0,73.19999694824219,61.23046875,99.93851470947266,10.74713897705078,60.65740474001405,41581.0,32.584503173828125,24.615142822265625,19.80091857910156,24.20716857910156,41.62500095367432
2021-11-27 13:58:18.991,15.6304292678833,85.0,160.0341796875,90.0,73.79999542236328,61.23046875,99.93851470947266,10.74342918395996,58.56283494754905,41581.0,29.61981201171875,25.5399169921875,26.73667907714844,23.744781494140625,41.62500095367432
2021-11-27 13:58:19.994,15.616437911987305,85.0,160.35157012939453,90.0,74.0,61.23046875,99.93851470947266,10.739691734313965,55.90670937724542,41581.0,27.035888671875,28.39581298828125,24.234375,26.32870483398437,41.62500095367432
2021-11-27 13:58:20.990,15.616437911987305,85.0,160.35157012939453,90.0,74.0,61.23046875,99.93851470947266,10.739691734313965,55.90670937724542,41581.0,27.035888671875,28.39581298828125,24.234375,26.32870483398437,41.62500095367432
2021-11-27 13:58:21.990,15.611321449279783,85.0,161.3606719970703,90.0,74.4000015258789,61.23046875,99.93851470947266,10.740269660949709,57.42086972256048,41581.0,32.938079833984375,28.85821533203125,22.92880249023437,29.619781494140625,41.62500095367432
2021-11-27 13:58:22.990,15.62484073638916,85.0,160.54688262939453,90.0,74.5999984741211,61.23046875,99.93851470947266,10.73658847808838,57.35657120040225,41581.0,31.8773193359375,24.832733154296875,23.71759033203125,24.58795166015625,41.62500095367432
2021-11-27 13:58:24.994,15.61518096923828,85.0,160.31087493896484,90.0,74.0,61.23046875,99.93851470947266,10.723093032836914,57.26271099074468,41581.0,32.285308837890625,26.899871826171875,24.15277099609375,23.010406494140625,41.62500095367432
2021-11-27 13:58:24.000,15.62484073638916,85.0,160.54688262939453,90.0,74.5999984741211,61.23046875,99.93851470947266,10.73658847808838,57.35657120040225,41581.0,31.8773193359375,24.832733154296875,23.71759033203125,24.58795166015625,41.62500095367432
2021-11-27 13:58:25.993,15.593147277832031,84.93975830078125,159.2203826904297,90.0,73.4000015258789,61.23046875,99.93851470947266,10.721142768859863,57.62272540457231,41581.0,27.63427734375,24.2071533203125,22.6024169921875,24.20716857910156,41.62500095367432
2021-11-27 13:58:26.991,15.593147277832031,84.93975830078125,159.2203826904297,90.0,73.4000015258789,61.23046875,99.93851470947266,10.721142768859863,57.62272540457231,41581.0,27.63427734375,24.2071533203125,22.6024169921875,24.20716857910156,41.62500095367432
2021-11-27 13:58:27.994,15.614020347595217,85.0,160.45735931396484,89.92424011230469,73.9000015258789,61.23046875,99.93851470947266,10.71075439453125,57.29438771275249,41581.0,27.60707092285156,26.65509033203125,26.4375,26.1383056640625,41.62500095367432
2021-11-27 13:58:28.994,15.638062477111816,85.06024169921875,161.2060546875,90.0,73.5999984741211,61.23046875,99.93851470947266,10.698552131652832,58.930273806132654,41581.0,35.141204833984375,30.190963745117188,24.26156616210937,26.546295166015625,41.62500095367432
2021-11-27 13:58:30.004,15.638062477111816,85.06024169921875,161.2060546875,90.0,73.5999984741211,61.23046875,99.93851470947266,10.698552131652832,58.930273806132654,41581.0,35.141204833984375,30.190963745117188,24.26156616210937,26.546295166015625,41.62500095367432
2021-11-27 13:58:31.003,15.619760513305664,85.0,159.521484375,90.07575225830078,73.5,61.23046875,99.93851470947266,10.700512886047363,58.768370204217646,41581.0,31.46932983398437,20.943267822265625,25.213531494140625,25.86630249023437,41.62500095367432
2021-11-27 13:58:32.003,15.598422050476074,84.93975830078125,160.83170318603516,90.0,73.4000015258789,61.23046875,99.93851470947266,10.69719696044922,59.80589272609763,41581.0,30.02778625488281,28.66781616210937,21.677642822265625,24.58795166015625,41.62500095367432
2021-11-27 13:58:33.000,15.598422050476074,84.93975830078125,160.83170318603516,90.0,73.4000015258789,61.23046875,99.93851470947266,10.69719696044922,59.80589272609763,41581.0,30.02778625488281,28.66781616210937,21.677642822265625,24.58795166015625,41.62500095367432
2021-11-27 13:58:34.003,15.613031387329102,85.0,160.791015625,90.0,73.5,61.23046875,99.93851470947266,10.688223838806152,57.909546558185134,41581.0,31.850128173828125,28.368621826171875,21.7320556640625,24.01678466796875,41.62500095367432
2021-11-27 13:58:35.002,15.614117622375488,85.0,161.42578125,90.0,75.0,61.23046875,99.93851470947266,10.686111450195312,56.56585626134022,41581.0,30.163787841796875,26.301483154296875,27.634246826171875,28.61341857910156,41.62500095367432
2021-11-27 13:58:36.001,15.614117622375488,85.0,161.42578125,90.0,75.0,61.23046875,99.93851470947266,10.686111450195312,56.56585626134022,41581.0,30.163787841796875,26.301483154296875,27.634246826171875,28.61341857910156,41.62500095367432
2021-11-27 13:58:37.005,15.584755897521973,84.93975830078125,161.4583282470703,90.0,74.5,61.23046875,99.93851470947266,10.680265426635742,59.038470117216576,41581.0,30.435775756835938,31.00692749023437,24.8055419921875,25.811920166015625,41.62500095367432
2021-11-27 13:58:38.005,15.59714412689209,85.0,159.47265625,90.0,73.19999694824219,61.23046875,99.93851470947266,10.670262336730955,57.70831287296793,41581.0,33.91725158691406,25.050338745117188,22.05844116210937,24.098373413085938,41.62500095367432
2021-11-27 13:58:39.000,15.59714412689209,85.0,159.47265625,90.0,73.19999694824219,61.23046875,99.93851470947266,10.670262336730955,57.70831287296793,41581.0,33.91725158691406,25.050338745117188,22.05844116210937,24.098373413085938,41.62500095367432
2021-11-27 13:58:40.001,15.607619285583496,85.0,159.9853515625,90.0,73.19999694824219,61.23046875,99.93851470947266,10.668068885803224,57.840686310303056,41581.0,29.72860717773437,27.90625,24.098373413085938,22.765625,41.62500095367432
2021-11-27 13:58:40.993,15.58762264251709,85.0,159.51334381103516,90.0,74.29999542236328,61.23046875,99.93851470947266,10.663681030273438,58.1967065135734,41581.0,30.84375,28.967010498046875,22.92880249023437,24.01678466796875,41.62500095367432
2021-11-27 13:58:42.001,15.58762264251709,85.0,159.51334381103516,90.0,74.29999542236328,61.23046875,99.93851470947266,10.663681030273438,58.1967065135734,41581.0,30.84375,28.967010498046875,22.92880249023437,24.01678466796875,41.62500095367432
2021-11-27 13:58:43.002,15.56824016571045,84.93975830078125,160.77474212646484,90.0,74.0999984741211,61.23046875,99.93851470947266,10.638809204101562,58.25067819911969,41581.0,30.381378173828125,25.947906494140625,25.050338745117188,31.714111328125,41.62500095367432
2021-11-27 13:58:44.005,15.573193550109863,84.93975830078125,161.11653900146484,90.0,73.69999694824219,61.23046875,99.93851470947266,10.636388778686523,59.326539404300526,41581.0,31.034149169921875,30.190963745117188,25.13192749023437,24.696746826171875,41.62500095367432
2021-11-27 13:58:45.001,15.573193550109863,84.93975830078125,161.11653900146484,90.0,73.69999694824219,61.23046875,99.93851470947266,10.636388778686523,59.326539404300526,41581.0,31.034149169921875,30.190963745117188,25.13192749023437,24.696746826171875,41.62500095367432
2021-11-27 13:58:45.990,15.584644317626951,85.06024169921875,159.9283905029297,90.0,73.29999542236328,61.23046875,99.93851470947266,10.629948616027832,61.91918348194716,41581.0,33.019683837890625,24.58795166015625,19.909713745117188,23.907989501953125,41.62500095367432
2021-11-27 13:58:47.991,15.56894302368164,85.0,159.5377655029297,90.0,73.19999694824219,61.23046875,99.94213104248048,10.623443603515623,58.62882742162128,41581.0,30.517364501953125,24.859939575195312,21.623260498046875,26.2742919921875,41.62500095367432
2021-11-27 13:58:47.000,15.56894302368164,85.0,159.5377655029297,90.0,73.19999694824219,61.23046875,99.94213104248048,10.623443603515623,58.62882742162128,41581.0,30.517364501953125,24.859939575195312,21.623260498046875,26.2742919921875,41.62500095367432
2021-11-27 13:58:48.991,15.591142654418944,84.93975830078125,160.9619140625,90.0,74.19999694824219,61.23046875,99.94213104248048,10.607987403869627,56.36239011070008,41581.0,31.251739501953125,28.3414306640625,25.431121826171875,25.92071533203125,41.62500095367432
2021-11-27 13:58:49.993,15.619174003601074,84.93975830078125,162.353515625,90.0,74.0999984741211,61.23046875,99.94213104248048,10.595406532287598,58.35309283716688,41581.0,32.77490234375,28.423019409179688,24.914337158203125,28.99420166015625,41.62500095367432
2021-11-27 13:58:50.993,15.619174003601074,84.93975830078125,162.353515625,90.0,74.0999984741211,61.23046875,99.94213104248048,10.595406532287598,58.35309283716688,41581.0,32.77490234375,28.423019409179688,24.914337158203125,28.99420166015625,41.62500095367432
2021-11-27 13:58:51.993,15.610589027404783,85.06024169921875,162.451171875,90.0,73.69999694824219,61.23046875,99.94213104248048,10.585150718688965,59.75421190772325,41581.0,32.067718505859375,27.47105407714844,24.85995483398437,25.512725830078125,41.62500095367432
2021-11-27 13:58:52.993,15.600885391235352,85.0,162.8173828125,90.0,73.5999984741211,61.23046875,99.94213104248048,10.579983711242676,60.18217006544646,41581.0,31.27894592285156,27.09027099609375,23.03759765625,25.15913391113281,41.62500095367432
2021-11-27 13:58:54.003,15.600885391235352,85.0,162.8173828125,90.0,73.5999984741211,61.23046875,99.94213104248048,10.579983711242676,60.18217006544646,41581.0,31.27894592285156,27.09027099609375,23.03759765625,25.15913391113281,41.62500095367432
2021-11-27 13:58:54.991,15.602622032165527,85.0,163.1998748779297,90.0,74.0999984741211,61.23046875,99.94213104248048,10.56714153289795,57.81197143002965,41581.0,28.58624267578125,26.763885498046875,20.91607666015625,26.35589599609375,41.62500095367432
2021-11-27 13:58:55.994,15.604451179504396,85.0,164.82747650146484,90.0,74.4000015258789,61.23046875,99.94213104248048,10.563071250915527,56.89215730673145,41581.0,31.714126586914062,26.8726806640625,24.96875,26.00230407714844,41.62500095367432
2021-11-27 13:58:56.993,15.604451179504396,85.0,164.82747650146484,90.0,74.4000015258789,61.23046875,99.94213104248048,10.563071250915527,56.89215730673145,41581.0,31.714126586914062,26.8726806640625,24.96875,26.00230407714844,41.62500095367432
2021-11-27 13:58:57.990,15.574634552001951,85.0,165.3971405029297,90.0,74.4000015258789,61.23046875,99.93851470947266,10.559433937072754,55.74025674066088,41581.0,30.59896850585937,26.519088745117188,25.92071533203125,23.55438232421875,41.62500095367432
2021-11-27 13:58:58.990,15.587424278259276,85.0,165.87728118896484,90.0,73.5999984741211,61.23046875,99.94213104248048,10.54558563232422,61.52478259026117,41581.0,33.237274169921875,28.3414306640625,22.54803466796875,23.03759765625,41.62500095367432
2021-11-27 13:58:59.990,15.587424278259276,85.0,165.87728118896484,90.0,73.5999984741211,61.23046875,99.94213104248048,10.54558563232422,61.52478259026117,41581.0,33.237274169921875,28.3414306640625,22.54803466796875,23.03759765625,41.62500095367432
2021-11-27 13:59:01.001,15.61974811553955,84.93975830078125,166.30045318603516,90.0,73.9000015258789,61.23046875,99.93851470947266,10.539713859558104,57.9816873261783,41581.0,27.82466125488281,24.315963745117188,23.880767822265625,22.68402099609375,41.62500095367432
2021-11-27 13:59:02.002,15.626468658447266,85.0,167.041015625,90.0,73.9000015258789,61.23046875,99.94213104248048,10.532730102539062,58.57832833095522,41581.0,29.29341125488281,24.8055419921875,20.78009033203125,25.431121826171875,41.62500095367432
2021-11-27 13:59:02.993,15.626468658447266,85.0,167.041015625,90.0,73.9000015258789,61.23046875,99.94213104248048,10.532730102539062,58.57832833095522,41581.0,29.29341125488281,24.8055419921875,20.78009033203125,25.431121826171875,41.62500095367432
2021-11-27 13:59:03.990,15.635571479797363,85.0,167.7001953125,90.0,73.9000015258789,61.23046875,99.94213104248048,10.516091346740724,59.46591127767864,41581.0,29.239013671875,26.383087158203125,23.47279357910156,27.19906616210937,41.62500095367432
2021-11-27 13:59:04.993,15.643835067749023,84.93975830078125,168.66861724853516,90.0,74.29999542236328,61.23046875,99.93851470947266,10.502544403076172,59.25638588737331,41581.0,33.645263671875,28.83100891113281,27.307861328125,24.696746826171875,41.62500095367432
2021-11-27 13:59:06.002,15.643835067749023,84.93975830078125,168.66861724853516,90.0,74.29999542236328,61.23046875,99.93851470947266,10.502544403076172,59.25638588737331,41581.0,33.645263671875,28.83100891113281,27.307861328125,24.696746826171875,41.62500095367432
2021-11-27 13:59:07.004,15.650979042053224,84.93975830078125,168.3349609375,90.0,74.29999542236328,61.23046875,99.93851470947266,10.49611759185791,58.31209303428058,41581.0,35.657989501953125,29.72857666015625,25.67591857910156,26.8726806640625,41.62500095367432
2021-11-27 13:59:07.993,15.63107681274414,85.0,167.4560546875,90.0,73.5999984741211,61.23046875,99.93851470947266,10.485600471496582,60.276563460548665,41581.0,29.86459350585937,23.79917907714844,25.24072265625,26.00230407714844,41.62500095367432
2021-11-27 13:59:08.994,15.63107681274414,85.0,167.4560546875,90.0,73.5999984741211,61.23046875,99.93851470947266,10.485600471496582,60.276563460548665,41581.0,29.86459350585937,23.79917907714844,25.24072265625,26.00230407714844,41.62500095367432
2021-11-27 13:59:09.994,15.625649452209473,85.0,166.9921875,90.0,73.79999542236328,61.23046875,99.93851470947266,10.4717378616333,59.78319773207669,41581.0,28.504638671875,25.89350891113281,22.33042907714844,26.73667907714844,41.62500095367432
2021-11-27 13:59:10.994,15.65121364593506,84.93975830078125,166.91080474853516,90.0,73.9000015258789,61.23046875,99.93851470947266,10.468403816223145,58.50218606028813,41581.0,30.32696533203125,24.99594116210937,22.08563232421875,26.165496826171875,41.62500095367432
2021-11-27 13:59:11.990,15.65121364593506,84.93975830078125,166.91080474853516,90.0,73.9000015258789,61.23046875,99.93851470947266,10.468403816223145,58.50218606028813,41581.0,30.32696533203125,24.99594116210937,22.08563232421875,26.165496826171875,41.62500095367432
2021-11-27 13:59:12.995,15.649245262145996,85.0,167.6350860595703,90.0,74.4000015258789,61.23046875,99.93851470947266,10.461737632751465,59.823232541448895,41581.0,31.52374267578125,27.063064575195312,24.723953247070312,26.2742919921875,41.62500095367432
2021-11-27 13:59:14.990,15.635170936584473,85.06024169921875,168.12337493896484,90.0,73.79999542236328,61.23046875,99.93851470947266,10.444430351257324,60.82057693768064,41581.0,33.18287658691406,29.53817749023437,22.276031494140625,25.349517822265625,41.62500095367432
2021-11-27 13:59:14.000,15.635170936584473,85.06024169921875,168.12337493896484,90.0,73.79999542236328,61.23046875,99.93851470947266,10.444430351257324,60.82057693768064,41581.0,33.18287658691406,29.53817749023437,22.276031494140625,25.349517822265625,41.62500095367432
2021-11-27 13:59:15.995,15.61793327331543,84.93975830078125,167.20377349853516,90.0,74.69999694824219,61.23046875,99.93851470947266,10.436912536621094,57.514456916855096,41581.0,30.2725830078125,27.7430419921875,22.874420166015625,24.642364501953125,41.62500095367432
2021-11-27 13:59:16.994,15.608068466186523,84.93975830078125,168.00130462646484,90.0,74.0999984741211,61.23046875,99.93851470947266,10.429920196533203,59.41109268429669,41581.0,30.898162841796875,27.1446533203125,23.39120483398437,27.33505249023437,41.62500095367432
2021-11-27 13:59:17.990,15.608068466186523,84.93975830078125,168.00130462646484,90.0,74.0999984741211,61.23046875,99.93851470947266,10.429920196533203,59.41109268429669,41581.0,30.898162841796875,27.1446533203125,23.39120483398437,27.33505249023437,41.62500095367432
2021-11-27 13:59:18.993,15.57092571258545,85.06024169921875,166.69921875,90.0,74.5,61.23046875,99.93851470947266,10.417978286743164,59.84043312981529,41581.0,33.155670166015625,25.567108154296875,24.560760498046875,26.46469116210937,41.62500095367432
2021-11-27 13:59:20.000,15.56377410888672,85.0,166.2434844970703,90.0,74.4000015258789,61.23046875,99.93851470947266,10.416055679321287,58.581286045172114,41581.0,35.27720642089844,27.33505249023437,25.67591857910156,23.03759765625,41.62500095367432
2021-11-27 13:59:21.001,15.590493202209473,85.0,167.96060943603516,90.0,74.0999984741211,61.23046875,99.93851470947266,10.404879570007324,57.45816790094971,41581.0,30.082183837890625,26.981475830078125,26.981475830078125,25.567123413085938,41.62500095367432
2021-11-27 13:59:21.994,15.590493202209473,85.0,167.96060943603516,90.0,74.0999984741211,61.23046875,99.93851470947266,10.404879570007324,57.45816790094971,41581.0,30.082183837890625,26.981475830078125,26.981475830078125,25.567123413085938,41.62500095367432
2021-11-27 13:59:22.991,15.59703540802002,85.0,166.69107818603516,90.0,73.5999984741211,61.23046875,99.93851470947266,10.403732299804688,61.29068889590421,41581.0,30.46298217773437,24.315963745117188,20.91607666015625,25.48553466796875,41.62500095367432
2021-11-27 13:59:24.005,15.56785488128662,85.0,166.92708587646484,90.0,73.69999694824219,61.23046875,99.93851470947266,10.396614074707031,59.58439529727834,41581.0,28.178253173828125,24.832733154296875,22.22163391113281,27.579864501953125,41.62500095367432
2021-11-27 13:59:24.992,15.56785488128662,85.0,166.92708587646484,90.0,73.69999694824219,61.23046875,99.93851470947266,10.396614074707031,59.58439529727834,41581.0,28.178253173828125,24.832733154296875,22.22163391113281,27.579864501953125,41.62500095367432
2021-11-27 13:59:25.991,15.539192199707031,85.0,167.20377349853516,90.0,74.29999542236328,61.23046875,99.93851470947266,10.394424438476562,59.5829566717221,41581.0,31.08856201171875,26.247100830078125,24.28875732421875,25.4039306640625,41.62500095367432
2021-11-27 13:59:26.994,15.536177635192873,85.0,167.27701568603516,90.0,74.0,61.23046875,99.93851470947266,10.390928268432615,59.056861628509175,41581.0,30.517364501953125,25.104736328125,23.77197265625,22.92880249023437,41.62500095367432
2021-11-27 13:59:27.994,15.536177635192873,85.0,167.27701568603516,90.0,74.0,61.23046875,99.93851470947266,10.390928268432615,59.056861628509175,41581.0,30.517364501953125,25.104736328125,23.77197265625,22.92880249023437,41.62500095367432
2021-11-27 13:59:28.990,15.524404525756836,84.93975830078125,166.38182830810547,90.0,74.0999984741211,61.23046875,99.93851470947266,10.383935928344728,58.92922660404344,41581.0,32.09490966796875,28.776611328125,23.989578247070312,26.111114501953125,41.62500095367432
2021-11-27 13:59:29.991,15.526140213012695,85.0,165.9423828125,90.0,73.5,61.23046875,99.93851470947266,10.376943588256836,61.09226700330177,41581.0,29.782989501953125,26.111099243164062,22.439239501953125,26.70947265625,41.62500095367432
2021-11-27 13:59:30.994,15.526140213012695,85.0,165.9423828125,90.0,73.5,61.23046875,99.93851470947266,10.376943588256836,61.09226700330177,41581.0,29.782989501953125,26.111099243164062,22.439239501953125,26.70947265625,41.62500095367432
2021-11-27 13:59:32.004,15.569403648376465,85.0,166.259765625,90.0,73.5,61.23046875,99.93851470947266,10.37344741821289,59.51798449353146,41581.0,33.672454833984375,26.029510498046875,21.024871826171875,26.546295166015625,41.62500095367432
2021-11-27 13:59:32.992,15.570758819580078,85.0,168.09896087646484,90.0,74.0,61.23046875,99.93851470947266,10.366455078125,56.83728916372535,41581.0,31.19735717773437,27.280670166015625,27.47105407714844,23.47279357910156,41.62500095367432
2021-11-27 13:59:33.991,15.570758819580078,85.0,168.09896087646484,90.0,74.0,61.23046875,99.93851470947266,10.366455078125,56.83728916372535,41581.0,31.19735717773437,27.280670166015625,27.47105407714844,23.47279357910156,41.62500095367432
2021-11-27 13:59:34.994,15.563193321228027,85.0,166.8294219970703,90.0,74.0999984741211,61.23046875,99.93851470947266,10.359461784362791,59.80255491831672,41581.0,31.387741088867188,27.44384765625,21.81365966796875,27.117462158203125,41.62500095367432
2021-11-27 13:59:35.992,15.5657377243042,85.0,166.2190704345703,90.0,74.19999694824219,61.23046875,99.93851470947266,10.355965614318848,59.88790798891229,41582.0,27.82466125488281,24.9415283203125,24.99594116210937,28.66781616210937,41.62500095367432
2021-11-27 13:59:36.994,15.5657377243042,85.0,166.2190704345703,90.0,74.19999694824219,61.23046875,99.93851470947266,10.355965614318848,59.88790798891229,41582.0,27.82466125488281,24.9415283203125,24.99594116210937,28.66781616210937,41.62500095367432
2021-11-27 13:59:38.001,15.604710578918455,85.06024169921875,165.2587890625,90.0,72.89999389648438,61.23046875,99.93851470947266,10.348973274230955,60.36960750730701,41582.0,30.54457092285156,26.70947265625,19.36572265625,24.01678466796875,41.62500095367432
2021-11-27 13:59:38.991,15.624174118041992,85.0,166.10514068603516,90.0,74.19999694824219,61.23046875,99.93851470947266,10.341980934143066,57.26219220327442,41582.0,31.93173217773437,25.648712158203125,22.6024169921875,26.247100830078125,41.62500095367432
2021-11-27 13:59:40.001,15.624174118041992,85.0,166.10514068603516,90.0,74.19999694824219,61.23046875,99.93851470947266,10.341980934143066,57.26219220327442,41582.0,31.93173217773437,25.648712158203125,22.6024169921875,26.247100830078125,41.62500095367432
2021-11-27 13:59:40.993,15.635252952575684,84.93975830078125,167.1549530029297,90.0,74.0,61.23046875,99.93851470947266,10.340112686157228,59.49300968340416,41582.0,32.99249267578125,28.12384033203125,26.8726806640625,23.608795166015625,41.62500095367432
2021-11-27 13:59:42.995,15.670047760009766,85.06024169921875,166.73177337646484,90.0,74.69999694824219,61.23046875,99.93851470947266,10.33889389038086,58.23284140036696,41582.0,30.57177734375,27.063064575195312,23.255203247070312,28.586212158203125,41.62500095367432
2021-11-27 13:59:42.000,15.670047760009766,85.06024169921875,166.73177337646484,90.0,74.69999694824219,61.23046875,99.93851470947266,10.33889389038086,58.23284140036696,41582.0,30.57177734375,27.063064575195312,23.255203247070312,28.586212158203125,41.62500095367432
2021-11-27 13:59:43.993,15.653456687927246,85.0,166.27603912353516,90.0,73.69999694824219,61.23046875,99.93851470947266,10.332064628601074,59.06055420672763,41582.0,30.35418701171875,26.35589599609375,23.66317749023437,27.06307983398437,41.62500095367432
2021-11-27 13:59:45.005,15.639699935913086,84.93975830078125,165.6982421875,90.0,74.0,61.23046875,99.93851470947266,10.328649520874023,58.58694670431517,41582.0,28.66783142089844,25.26792907714844,23.880767822265625,22.95600891113281,41.62500095367432
2021-11-27 13:59:46.003,15.639699935913086,84.93975830078125,165.6982421875,90.0,74.0,61.23046875,99.93851470947266,10.328649520874023,58.58694670431517,41582.0,28.66783142089844,25.26792907714844,23.880767822265625,22.95600891113281,41.62500095367432
2021-11-27 13:59:46.993,15.63774585723877,85.0,166.02376556396484,90.0,73.4000015258789,61.23046875,99.93851470947266,10.321820259094238,60.35313478720514,41582.0,33.672454833984375,22.24884033203125,23.309600830078125,23.581588745117188,41.62500095367432
2021-11-27 13:59:47.993,15.666940689086914,85.0,166.9921875,90.0,74.4000015258789,61.23046875,99.93851470947266,10.314990997314451,57.42741328238935,41582.0,33.29168701171875,25.376724243164062,25.077545166015625,27.253463745117188,41.62500095367432
2021-11-27 13:59:49.001,15.666940689086914,85.0,166.9921875,90.0,74.4000015258789,61.23046875,99.93851470947266,10.314990997314451,57.42741328238935,41582.0,33.29168701171875,25.376724243164062,25.077545166015625,27.253463745117188,41.62500095367432
2021-11-27 13:59:49.990,15.667471885681152,85.0,166.07259368896484,90.0,74.0999984741211,61.23046875,99.93851470947266,10.318890571594238,61.01860318038096,41582.0,30.54457092285156,29.918975830078125,24.642364501953125,26.95428466796875,41.62500095367432
2021-11-27 13:59:50.994,15.6531343460083,84.93975830078125,165.478515625,90.0,73.79999542236328,61.23046875,99.93851470947266,10.312223434448242,59.9754792106815,41582.0,31.251739501953125,26.219894409179688,22.19442749023437,25.703125,41.62500095367432
2021-11-27 13:59:52.003,15.6531343460083,84.93975830078125,165.478515625,90.0,73.79999542236328,61.23046875,99.93851470947266,10.312223434448242,59.9754792106815,41582.0,31.251739501953125,26.219894409179688,22.19442749023437,25.703125,41.62500095367432
2021-11-27 13:59:53.002,15.67443561553955,85.0,165.7063751220703,90.0,74.69999694824219,61.23046875,99.93851470947266,10.308890342712402,55.07410690432133,41582.0,30.653366088867188,23.52719116210937,23.85357666015625,24.723953247070312,41.62500095367432
2021-11-27 13:59:54.993,15.678507804870604,85.0,165.86100006103516,90.0,74.0999984741211,61.23046875,99.93851470947266,10.302223205566406,58.9756567886085,41582.0,33.78125,26.763885498046875,22.629623413085938,24.6695556640625,41.62500095367432
2021-11-27 13:59:54.000,15.678507804870604,85.0,165.86100006103516,90.0,74.0999984741211,61.23046875,99.93851470947266,10.302223205566406,58.9756567886085,41582.0,33.78125,26.763885498046875,22.629623413085938,24.6695556640625,41.62500095367432
2021-11-27 13:59:55.993,15.64901065826416,85.0,165.8772735595703,90.0,74.19999694824219,61.23046875,99.93851470947266,10.295557022094728,55.46617286168587,41582.0,29.89178466796875,27.987838745117188,23.2008056640625,28.287017822265625,41.62500095367432
2021-11-27 13:59:56.994,15.620842933654783,85.0,165.7389373779297,90.0,73.79999542236328,61.23046875,99.93851470947266,10.29222297668457,60.76462921256944,41582.0,26.81829833984375,29.56538391113281,23.85357666015625,25.48553466796875,41.62500095367432
2021-11-27 13:59:57.995,15.620842933654783,85.0,165.7389373779297,90.0,73.79999542236328,61.23046875,99.93851470947266,10.29222297668457,60.76462921256944,41582.0,26.81829833984375,29.56538391113281,23.85357666015625,25.48553466796875,41.62500095367432
2021-11-27 13:59:58.994,15.574684143066406,85.0,164.58333587646484,90.0,73.9000015258789,61.23046875,99.93851470947266,10.28555679321289,58.697499638729205,41582.0,28.72222900390625,26.682281494140625,24.098373413085938,23.880767822265625,41.62500095367432
2021-11-27 13:59:59.994,15.52380084991455,85.06024169921875,164.5263671875,90.0,73.4000015258789,61.23046875,99.93851470947266,10.271512031555176,59.1786302704559,41582.0,31.714126586914062,21.677642822265625,20.10009765625,24.8055419921875,41.62500095367432
