time,feed_rate,classifier_speed,tension_pressure,mill_fan_speed,main_drive_speed,recirculation_damper_position,stack_damper_position,hotgas_generator_load,total_specific_energy,tonnage,roller_height_1,roller_height_2,roller_height_3,roller_height_4,roller_temperature
2021-11-26 16:10:00.003,22.07440185546875,100.06023406982422,165.00650787353516,77.80302429199219,99.29999542236328,60.96282196044922,99.93128204345705,18.13866424560547,41.30742834568816,41223.0,20.970489501953125,16.183441162109375,16.999420166015625,15.69384765625,41.90000057220459
2021-11-26 16:10:00.992,22.068744659423828,100.06023406982422,164.46126556396484,77.80302429199219,98.9000015258789,60.96282196044922,99.93128204345705,18.11341094970703,43.23823197478941,41223.0,26.05673217773437,15.666656494140623,17.40740966796875,16.781829833984375,41.90000057220459
2021-11-26 16:10:02.004,22.068744659423828,100.06023406982422,164.46126556396484,77.80302429199219,98.9000015258789,60.96282196044922,99.93128204345705,18.11341094970703,43.23823197478941,41223.0,26.05673217773437,15.666656494140623,17.40740966796875,16.781829833984375,41.90000057220459
2021-11-26 16:10:02.993,22.119903564453125,100.0,164.9088592529297,77.80302429199219,98.5,60.96282196044922,99.93128204345705,18.048559188842773,41.28540561514848,41223.0,17.761001586914062,16.917816162109375,14.143508911132812,15.530670166015623,41.90000057220459
2021-11-26 16:10:03.991,22.15169334411621,100.0,166.6096954345703,77.80302429199219,99.4000015258789,60.96282196044922,99.92766571044922,18.028018951416016,46.895264083874906,41223.0,20.399322509765625,17.951385498046875,16.836212158203125,20.72567749023437,41.90000057220459
2021-11-26 16:10:05.002,22.15169334411621,100.0,166.6096954345703,77.80302429199219,99.4000015258789,60.96282196044922,99.92766571044922,18.028018951416016,46.895264083874906,41223.0,20.399322509765625,17.951385498046875,16.836212158203125,20.72567749023437,41.90000057220459
2021-11-26 16:10:05.991,22.10542297363281,99.93975830078124,166.48763275146484,77.80302429199219,98.4000015258789,60.96282196044922,99.93128204345705,17.980234146118164,44.26891107964998,41223.0,23.28240966796875,21.188064575195312,21.541656494140625,13.191543579101562,41.90000057220459
2021-11-26 16:10:07.004,22.09775161743164,100.0,166.12142181396484,77.80302429199219,99.5999984741211,60.96282196044922,99.92766571044922,17.95806884765625,40.43383476675241,41223.0,23.58160400390625,18.57696533203125,14.796295166015623,17.434600830078125,41.90000057220459
2021-11-26 16:10:08.993,22.15084648132324,100.0,166.02376556396484,77.80302429199219,99.29999542236328,60.96282196044922,99.92766571044922,17.9093017578125,44.37531983464307,41223.0,25.05035400390625,21.296875,19.61053466796875,16.7274169921875,41.90000057220459
2021-11-26 16:10:08.000,22.09775161743164,100.0,166.12142181396484,77.80302429199219,99.5999984741211,60.96282196044922,99.92766571044922,17.95806884765625,40.43383476675241,41223.0,23.58160400390625,18.57696533203125,14.796295166015623,17.434600830078125,41.90000057220459
2021-11-26 16:10:09.991,22.258731842041016,100.0,165.71451568603516,77.80302429199219,99.4000015258789,60.96282196044922,99.92766571044922,17.876745223999023,43.1838682582824,41223.0,25.567138671875,20.072906494140625,14.877883911132812,15.8570556640625,41.90000057220459
2021-11-26 16:10:10.994,22.258731842041016,100.0,165.71451568603516,77.80302429199219,99.4000015258789,60.96282196044922,99.92766571044922,17.876745223999023,43.1838682582824,41223.0,25.567138671875,20.072906494140625,14.877883911132812,15.8570556640625,41.90000057220459
2021-11-26 16:10:11.994,22.316381454467773,100.0,166.3330078125,77.80302429199219,100.0,60.96282196044922,99.93128204345705,17.829511642456055,40.82470478523849,41223.0,27.443878173828125,20.61688232421875,17.24420166015625,11.28759765625,41.90000057220459
2021-11-26 16:10:12.993,22.24658966064453,100.06023406982422,166.03189849853516,77.80302429199219,98.29999542236328,60.96282196044922,99.92766571044922,17.79669189453125,45.503312522184366,41223.0,23.636001586914062,16.618621826171875,9.628463745117188,15.47625732421875,41.90000057220459
2021-11-26 16:10:13.992,22.24658966064453,100.06023406982422,166.03189849853516,77.80302429199219,98.29999542236328,60.96282196044922,99.92766571044922,17.79669189453125,45.503312522184366,41223.0,23.636001586914062,16.618621826171875,9.628463745117188,15.47625732421875,41.90000057220459
2021-11-26 16:10:15.004,22.25086212158203,99.93975830078124,164.4124298095703,77.80302429199219,98.1999969482422,60.96282196044922,99.92766571044922,17.749725341796875,41.92870409896913,41223.0,25.104751586914062,14.361099243164062,14.633087158203123,11.36920166015625,41.90000057220459
2021-11-26 16:10:15.993,22.303253173828125,100.0,166.5283203125,77.80302429199219,98.5,60.96282196044922,99.92766571044922,17.72983169555664,43.191027738211055,41223.0,22.439239501953125,22.30322265625,16.482635498046875,13.00115966796875,41.90000057220459
2021-11-26 16:10:17.003,22.303253173828125,100.0,166.5283203125,77.80302429199219,98.5,60.96282196044922,99.92766571044922,17.72983169555664,43.191027738211055,41223.0,22.439239501953125,22.30322265625,16.482635498046875,13.00115966796875,41.90000057220459
2021-11-26 16:10:17.994,22.35799217224121,100.1204833984375,165.31575775146484,77.80302429199219,98.5999984741211,60.96282196044922,99.92766571044922,17.683433532714844,42.29680975824403,41223.0,21.5960693359375,18.740142822265625,16.455429077148438,18.005767822265625,41.90000057220459
2021-11-26 16:10:18.993,22.388628005981445,99.93975830078124,166.0400390625,77.80302429199219,98.5,60.96282196044922,99.92766571044922,17.662731170654297,44.33519340328736,41223.0,23.907989501953125,19.202545166015625,20.72567749023437,18.114578247070312,41.90000057220459
2021-11-26 16:10:20.005,22.388628005981445,99.93975830078124,166.0400390625,77.80302429199219,98.5,60.96282196044922,99.92766571044922,17.662731170654297,44.33519340328736,41223.0,23.907989501953125,19.202545166015625,20.72567749023437,18.114578247070312,41.90000057220459
2021-11-26 16:10:21.990,22.19260597229004,100.06023406982422,166.9514923095703,77.80302429199219,99.8000030517578,60.96282196044922,99.92766571044922,17.596189498901367,44.17926920254944,41223.0,23.25521850585937,22.629608154296875,18.9305419921875,11.831588745117188,41.90000057220459
2021-11-26 16:10:21.000,22.302324295043945,99.8795166015625,165.2099609375,77.80302429199219,98.6999969482422,60.96282196044922,99.92766571044922,17.621305465698242,43.75719262752312,41223.0,23.6632080078125,16.15625,19.74652099609375,16.047454833984375,41.90000057220459
2021-11-26 16:10:23.004,22.19260597229004,100.06023406982422,166.9514923095703,77.80302429199219,99.8000030517578,60.96282196044922,99.92766571044922,17.596189498901367,44.17926920254944,41223.0,23.25521850585937,22.629608154296875,18.9305419921875,11.831588745117188,41.90000057220459
2021-11-26 16:10:23.992,22.08390235900879,100.1204833984375,165.6331329345703,77.80302429199219,99.5,60.96282196044922,99.92766571044922,17.547914505004883,38.68727575016248,41223.0,26.81829833984375,21.8680419921875,11.423614501953123,17.135406494140625,41.90000057220459
2021-11-26 16:10:24.992,22.080678939819336,99.8795166015625,164.306640625,77.80302429199219,99.1999969482422,60.96282196044922,99.92766571044922,17.520435333251953,42.78140184950117,41223.0,22.05845642089844,16.455429077148438,14.143508911132812,12.783554077148438,41.90000057220459
2021-11-26 16:10:26.002,22.080678939819336,99.8795166015625,164.306640625,77.80302429199219,99.1999969482422,60.96282196044922,99.92766571044922,17.520435333251953,42.78140184950117,41223.0,22.05845642089844,16.455429077148438,14.143508911132812,12.783554077148438,41.90000057220459
2021-11-26 16:10:27.002,22.14592361450196,99.93975830078124,162.99642181396484,77.80302429199219,99.29999542236328,60.96282196044922,99.92766571044922,17.47256851196289,40.42120270002812,41223.0,24.207183837890625,16.890625,15.612258911132812,10.308441162109377,41.90000057220459
2021-11-26 16:10:27.990,22.03881454467773,100.1204833984375,163.24869537353516,77.80302429199219,98.4000015258789,60.96282196044922,99.92766571044922,17.45222282409668,41.54571366110685,41223.0,22.52084350585937,17.5977783203125,10.770828247070312,13.245941162109377,41.90000057220459
2021-11-26 16:10:28.992,22.03881454467773,100.1204833984375,163.24869537353516,77.80302429199219,98.4000015258789,60.96282196044922,99.92766571044922,17.45222282409668,41.54571366110685,41223.0,22.52084350585937,17.5977783203125,10.770828247070312,13.245941162109377,41.90000057220459
2021-11-26 16:10:30.003,21.971342086791992,100.0,164.34732818603516,77.80302429199219,99.0999984741211,60.96282196044922,99.92766571044922,17.40415382385254,40.00493362840885,41223.0,20.45370483398437,21.188064575195312,19.338531494140625,11.913177490234377,41.90000057220459
2021-11-26 16:10:30.992,21.95781517028809,99.8795166015625,164.5100860595703,77.80302429199219,98.0,60.96282196044922,99.92766571044922,17.383718490600586,44.52427807358424,41223.0,21.623275756835938,19.6649169921875,16.50982666015625,18.223373413085938,41.90000057220459
2021-11-26 16:10:31.991,21.95781517028809,99.8795166015625,164.5100860595703,77.80302429199219,98.0,60.96282196044922,99.92766571044922,17.383718490600586,44.52427807358424,41223.0,21.623275756835938,19.6649169921875,16.50982666015625,18.223373413085938,41.90000057220459
2021-11-26 16:10:32.990,22.027633666992188,100.0,165.98307037353516,77.80302429199219,98.29999542236328,60.96282196044922,99.93128204345705,17.333303451538086,44.61010246584414,41223.0,21.75927734375,18.71295166015625,18.168975830078125,18.114578247070312,41.90000057220459
2021-11-26 16:10:33.994,22.12256622314453,100.0,165.13671875,77.80302429199219,100.0,60.96282196044922,99.92766571044922,17.307621002197266,44.461183922605805,41223.0,21.94966125488281,20.3992919921875,16.863418579101562,17.652191162109375,41.92500019073486
2021-11-26 16:10:34.993,22.12256622314453,100.0,165.13671875,77.80302429199219,100.0,60.96282196044922,99.92766571044922,17.307621002197266,44.461183922605805,41223.0,21.94966125488281,20.3992919921875,16.863418579101562,17.652191162109375,41.92500019073486
2021-11-26 16:10:35.993,22.11998176574707,100.0,165.68196868896484,77.80302429199219,100.0,60.96282196044922,99.93128204345705,17.25900650024414,41.96268250353683,41223.0,25.295150756835938,21.05206298828125,20.78009033203125,17.135406494140625,41.92500019073486
2021-11-26 16:10:36.994,22.217247009277344,99.8795166015625,164.48567962646484,77.80302429199219,99.5,60.96282196044922,99.93128204345705,17.235355377197266,40.68922504660792,41223.0,23.14642333984375,15.013885498046877,13.87152099609375,18.52255249023437,41.90000057220459
2021-11-26 16:10:38.993,22.32176780700684,100.06023406982422,164.72982025146484,77.80302429199219,99.6999969482422,60.96282196044922,99.92766571044922,17.18358039855957,39.69894185568102,41223.0,25.757537841796875,18.359375,12.157989501953123,16.346633911132812,41.90000057220459
2021-11-26 16:10:38.000,22.217247009277344,99.8795166015625,164.48567962646484,77.80302429199219,99.5,60.96282196044922,99.93128204345705,17.235355377197266,40.68922504660792,41223.0,23.14642333984375,15.013885498046877,13.87152099609375,18.52255249023437,41.90000057220459
2021-11-26 16:10:39.990,22.42009735107422,100.18072509765624,164.5751953125,77.80302429199219,98.4000015258789,60.96282196044922,99.92766571044922,17.153928756713867,41.79348489287757,41223.0,21.432876586914062,17.67938232421875,15.557861328125,16.94500732421875,41.92500019073486
2021-11-26 16:10:41.003,22.42009735107422,100.18072509765624,164.5751953125,77.80302429199219,98.4000015258789,60.96282196044922,99.92766571044922,17.153928756713867,41.79348489287757,41223.0,21.432876586914062,17.67938232421875,15.557861328125,16.94500732421875,41.92500019073486
2021-11-26 16:10:42.004,22.521080017089844,99.93975830078124,165.3157501220703,77.80302429199219,98.1999969482422,60.96282196044922,99.93128204345705,17.10460662841797,44.54101991847238,41223.0,23.22802734375,17.4617919921875,14.633087158203123,9.710052490234377,41.90000057220459
2021-11-26 16:10:43.002,22.51802062988281,99.81927490234376,165.2180938720703,77.80302429199219,98.0,60.96282196044922,99.92766571044922,17.079133987426758,43.430175247553606,41223.0,18.14178466796875,19.936920166015625,16.863418579101562,14.361114501953123,41.92500019073486
2021-11-26 16:10:44.002,22.51802062988281,99.81927490234376,165.2180938720703,77.80302429199219,98.0,60.96282196044922,99.92766571044922,17.079133987426758,43.430175247553606,41223.0,18.14178466796875,19.936920166015625,16.863418579101562,14.361114501953123,41.92500019073486
2021-11-26 16:10:44.991,22.514148712158203,100.06023406982422,163.88346099853516,77.80302429199219,99.29999542236328,60.96282196044922,99.92766571044922,17.03099822998047,40.79912483147516,41223.0,24.098388671875,14.469894409179688,14.415496826171877,16.94500732421875,41.92500019073486
2021-11-26 16:10:45.993,22.478734970092773,100.1204833984375,166.17024993896484,77.80302429199219,98.1999969482422,60.96282196044922,99.92766571044922,17.005409240722656,43.77271219620391,41223.0,24.58798217773437,21.922439575195312,14.796295166015623,13.109954833984377,41.92500019073486
2021-11-26 16:10:46.991,22.478734970092773,100.1204833984375,166.17024993896484,77.80302429199219,98.1999969482422,60.96282196044922,99.92766571044922,17.005409240722656,43.77271219620391,41223.0,24.58798217773437,21.922439575195312,14.796295166015623,13.109954833984377,41.92500019073486
2021-11-26 16:10:47.991,22.46129608154297,99.93975830078124,165.34830474853516,77.80302429199219,99.5,60.96282196044922,99.93128204345705,16.94825553894043,41.91153843671653,41223.0,24.96875,20.48089599609375,12.565963745117188,15.013885498046877,41.90000057220459
2021-11-26 16:10:49.003,22.42888641357422,99.93975830078124,165.37271881103516,77.80302429199219,100.0,60.96282196044922,99.93128204345705,16.92682647705078,41.18912415440647,41223.0,22.05845642089844,19.6649169921875,13.817123413085938,17.3258056640625,41.92500019073486
2021-11-26 16:10:50.002,22.42888641357422,99.93975830078124,165.37271881103516,77.80302429199219,100.0,60.96282196044922,99.93128204345705,16.92682647705078,41.18912415440647,41223.0,22.05845642089844,19.6649169921875,13.817123413085938,17.3258056640625,41.92500019073486
2021-11-26 16:10:50.990,22.30186462402344,100.0,164.51822662353516,77.80302429199219,99.0,60.96282196044922,99.93128204345705,16.877368927001953,38.71631134221644,41223.0,24.424774169921875,17.434600830078125,15.911453247070312,17.788177490234375,41.92500019073486
2021-11-26 16:10:52.005,22.20224571228028,99.93975830078124,165.55989837646484,77.80302429199219,99.5,60.96282196044922,99.92766571044922,16.847808837890625,41.1791112156133,41223.0,24.96875,19.501724243164062,17.298614501953125,18.1961669921875,41.92500019073486
2021-11-26 16:10:52.990,22.09433555603028,100.0,164.0299530029297,77.80302429199219,99.0,60.96282196044922,99.92766571044922,16.797222137451172,38.59522669384255,41223.0,23.7991943359375,17.706588745117188,13.626739501953123,13.681121826171877,41.92500019073486
2021-11-26 16:10:54.992,22.020551681518555,100.06023406982422,163.7939453125,77.80302429199219,99.0,60.96282196044922,99.92766571044922,16.76821517944336,41.84434814009151,41223.0,22.52084350585937,18.359375,15.313079833984377,15.04107666015625,41.92500019073486
2021-11-26 16:10:54.000,22.09433555603028,100.0,164.0299530029297,77.80302429199219,99.0,60.96282196044922,99.92766571044922,16.797222137451172,38.59522669384255,41223.0,23.7991943359375,17.706588745117188,13.626739501953123,13.681121826171877,41.92500019073486
2021-11-26 16:10:55.992,21.969970703125,100.0,164.42871856689453,77.80302429199219,98.9000015258789,60.96282196044922,99.92766571044922,16.717222213745117,43.6359612355399,41223.0,21.37847900390625,18.71295166015625,15.802642822265623,10.1180419921875,41.92500019073486
2021-11-26 16:10:56.991,21.969970703125,100.0,164.42871856689453,77.80302429199219,98.9000015258789,60.96282196044922,99.92766571044922,16.717222213745117,43.6359612355399,41223.0,21.37847900390625,18.71295166015625,15.802642822265623,10.1180419921875,41.92500019073486
2021-11-26 16:10:57.994,21.868240356445312,99.93975830078124,163.24869537353516,77.80302429199219,98.1999969482422,60.96282196044922,99.93128204345705,16.693145751953125,42.99856191610549,41223.0,26.410308837890625,17.271392822265625,9.16607666015625,15.04107666015625,41.92500019073486
2021-11-26 16:10:59.005,21.868240356445312,99.93975830078124,163.24869537353516,77.80302429199219,98.1999969482422,60.96282196044922,99.93128204345705,16.693145751953125,42.99856191610549,41223.0,26.410308837890625,17.271392822265625,9.16607666015625,15.04107666015625,41.92500019073486
2021-11-26 16:10:59.995,21.837139129638672,100.06023406982422,165.4541015625,77.80302429199219,100.10000610351562,60.96282196044922,99.93128204345705,16.641225814819336,41.69773367863428,41223.0,25.8663330078125,23.907974243164062,16.15625,15.965850830078123,41.92500019073486
2021-11-26 16:11:00.991,21.871166229248047,100.06023406982422,164.4449920654297,77.80302429199219,99.4000015258789,60.96282196044922,99.92766571044922,16.619216918945312,39.24785768292608,41223.0,23.554412841796875,18.57696533203125,17.760986328125,17.625,41.92500019073486
2021-11-26 16:11:02.993,21.957109451293945,99.93975830078124,164.70540618896484,77.80302429199219,99.4000015258789,60.96282196044922,99.93128204345705,16.57809066772461,42.01800058357263,41223.0,27.55267333984375,15.721054077148438,17.026611328125,12.783554077148438,41.92500019073486
2021-11-26 16:11:02.000,21.871166229248047,100.06023406982422,164.4449920654297,77.80302429199219,99.4000015258789,60.96282196044922,99.92766571044922,16.619216918945312,39.24785768292608,41223.0,23.554412841796875,18.57696533203125,17.760986328125,17.625,41.92500019073486
2021-11-26 16:11:04.002,22.09413719177246,99.93975830078124,164.306640625,77.80302429199219,99.0999984741211,60.96282196044922,99.92766571044922,16.55245018005371,41.59855092819724,41223.0,21.78646850585937,16.047439575195312,12.375579833984377,16.37384033203125,41.92500019073486
2021-11-26 16:11:05.003,22.09413719177246,99.93975830078124,164.306640625,77.80302429199219,99.0999984741211,60.96282196044922,99.92766571044922,16.55245018005371,41.59855092819724,41223.0,21.78646850585937,16.047439575195312,12.375579833984377,16.37384033203125,41.92500019073486
2021-11-26 16:11:05.994,22.14213180541992,100.1204833984375,165.283203125,77.80302429199219,98.4000015258789,60.96282196044922,99.92766571044922,16.506160736083984,44.31937984576256,41223.0,26.573501586914062,18.957733154296875,15.313079833984377,18.767364501953125,41.92500019073486
2021-11-26 16:11:06.991,22.23722648620605,100.0,164.4287109375,77.80302429199219,99.0999984741211,60.96282196044922,99.93128204345705,16.485599517822266,41.84573234553975,41223.0,23.309616088867188,10.2540283203125,20.10009765625,19.420135498046875,41.92500019073486
2021-11-26 16:11:07.991,22.23722648620605,100.0,164.4287109375,77.80302429199219,99.0999984741211,60.96282196044922,99.93128204345705,16.485599517822266,41.84573234553975,41223.0,23.309616088867188,10.2540283203125,20.10009765625,19.420135498046875,41.92500019073486
2021-11-26 16:11:09.001,22.36842918395996,99.81927490234376,164.46939849853516,77.80302429199219,98.79999542236328,60.96282196044922,99.93128204345705,16.44377899169922,41.945441734849005,41223.0,22.357650756835938,19.31134033203125,11.613998413085938,15.449066162109377,41.92500019073486
2021-11-26 16:11:09.994,22.46536636352539,99.93975830078124,165.6575469970703,77.80302429199219,99.29999542236328,60.96282196044922,99.93128204345705,16.422513961791992,41.7556730067322,41223.0,25.893524169921875,22.19442749023437,13.7899169921875,16.80902099609375,41.92500019073486
2021-11-26 16:11:10.990,22.46536636352539,99.93975830078124,165.6575469970703,77.80302429199219,99.29999542236328,60.96282196044922,99.93128204345705,16.422513961791992,41.7556730067322,41223.0,25.893524169921875,22.19442749023437,13.7899169921875,16.80902099609375,41.92500019073486
2021-11-26 16:11:12.003,22.500940322875977,100.1204833984375,163.44400787353516,77.80302429199219,98.4000015258789,60.96282196044922,99.92766571044922,16.38292121887207,41.246552145198606,41223.0,22.68403625488281,16.80902099609375,15.77545166015625,14.00750732421875,41.92500019073486
2021-11-26 16:11:12.995,22.42209815979004,99.93975830078124,163.59049224853516,77.80302429199219,98.9000015258789,60.96282196044922,99.92766571044922,16.365373611450195,41.65741728840385,41223.0,20.94329833984375,16.401031494140625,18.33216857910156,16.07464599609375,41.92500019073486
2021-11-26 16:11:14.003,22.334169387817383,99.8795166015625,164.97396087646484,77.80302429199219,99.4000015258789,60.96282196044922,99.92766571044922,16.340730667114258,42.38233296500109,41223.0,24.96875,19.44732666015625,18.57696533203125,18.9305419921875,41.92500019073486
2021-11-26 16:11:14.993,22.334169387817383,99.8795166015625,164.97396087646484,77.80302429199219,99.4000015258789,60.96282196044922,99.92766571044922,16.340730667114258,42.38233296500109,41223.0,24.96875,19.44732666015625,18.57696533203125,18.9305419921875,41.92500019073486
2021-11-26 16:11:15.991,22.26150703430176,100.1204833984375,164.0380859375,77.80302429199219,98.79999542236328,60.96282196044922,99.93128204345705,16.32419776916504,41.38441003128919,41223.0,24.288787841796875,19.474517822265625,11.75,13.844329833984377,41.92500019073486
2021-11-26 16:11:16.994,22.224489212036133,100.06023406982422,164.1438751220703,77.80302429199219,99.0,60.96282196044922,99.92766571044922,16.289113998413086,43.12517137567324,41223.0,25.240753173828125,16.673019409179688,12.10357666015625,17.053802490234375,41.92500019073486
2021-11-26 16:11:17.995,22.224489212036133,100.06023406982422,164.1438751220703,77.80302429199219,99.0,60.96282196044922,99.92766571044922,16.289113998413086,43.12517137567324,41223.0,25.240753173828125,16.673019409179688,12.10357666015625,17.053802490234375,41.92500019073486
2021-11-26 16:11:19.001,22.221132278442383,99.93975830078124,162.39420318603516,77.80302429199219,98.1999969482422,60.96282196044922,99.93128204345705,16.278614044189453,44.6647926619402,41223.0,24.99595642089844,18.11456298828125,15.34027099609375,15.884246826171877,41.92500019073486
2021-11-26 16:11:19.992,22.09272003173828,100.0,164.1276092529297,77.80302429199219,98.5999984741211,60.96282196044922,99.93128204345705,16.25142478942871,45.625122550839386,41223.0,26.21990966796875,19.85531616210937,14.986679077148438,22.412017822265625,41.92500019073486
2021-11-26 16:11:20.991,22.09272003173828,100.0,164.1276092529297,77.80302429199219,98.5999984741211,60.96282196044922,99.93128204345705,16.25142478942871,45.625122550839386,41223.0,26.21990966796875,19.85531616210937,14.986679077148438,22.412017822265625,41.92500019073486
2021-11-26 16:11:21.993,22.013168334960938,100.1204833984375,164.70540618896484,77.80302429199219,99.0,60.96282196044922,99.92766571044922,16.234676361083984,43.71436050199112,41223.0,24.207183837890625,17.189804077148438,19.14813232421875,15.77545166015625,41.92500019073486
2021-11-26 16:11:22.993,21.99642372131348,100.0,164.3717498779297,77.80302429199219,99.5,60.96282196044922,99.92766571044922,16.216041564941406,40.216513543813406,41223.0,22.602447509765625,20.888885498046875,16.047454833984375,16.67303466796875,41.92500019073486
2021-11-26 16:11:23.992,21.99642372131348,100.0,164.3717498779297,77.80302429199219,99.5,60.96282196044922,99.92766571044922,16.216041564941406,40.216513543813406,41223.0,22.602447509765625,20.888885498046875,16.047454833984375,16.67303466796875,41.92500019073486
2021-11-26 16:11:24.995,22.04379653930664,99.8795166015625,163.7939453125,77.80302429199219,99.9000015258789,60.96282196044922,99.92766571044922,16.204017639160156,42.08328451857865,41223.0,24.424774169921875,22.08563232421875,21.18807983398437,16.07464599609375,41.92500019073486
2021-11-26 16:11:26.004,22.10009002685547,99.93975830078124,165.16112518310547,77.80302429199219,98.4000015258789,60.96282196044922,99.93128204345705,16.17732048034668,43.34985757946189,41223.0,23.85360717773437,16.15625,14.60589599609375,10.1180419921875,41.92500019073486
2021-11-26 16:11:27.004,22.10009002685547,99.93975830078124,165.16112518310547,77.80302429199219,98.4000015258789,60.96282196044922,99.93128204345705,16.17732048034668,43.34985757946189,41223.0,23.85360717773437,16.15625,14.60589599609375,10.1180419921875,41.92500019073486
2021-11-26 16:11:27.993,22.068174362182617,100.06023406982422,163.43587493896484,77.80302429199219,98.79999542236328,60.96282196044922,99.92766571044922,16.167037963867188,43.4063015472928,41223.0,26.08392333984375,16.15625,18.087371826171875,13.681121826171877,41.92500019073486
2021-11-26 16:11:28.992,22.151348114013672,100.06023406982422,162.0442657470703,77.80302429199219,98.5,60.96282196044922,99.92766571044922,16.13948631286621,43.16179479968719,41223.0,22.71124267578125,19.964111328125,12.53875732421875,17.733795166015625,41.94999980926514
2021-11-26 16:11:30.002,22.151348114013672,100.06023406982422,162.0442657470703,77.80302429199219,98.5,60.96282196044922,99.92766571044922,16.13948631286621,43.16179479968719,41223.0,22.71124267578125,19.964111328125,12.53875732421875,17.733795166015625,41.94999980926514
2021-11-26 16:11:30.994,22.23639678955078,100.0,163.7532501220703,77.80302429199219,98.9000015258789,60.96282196044922,99.92766571044922,16.139759063720703,41.52496972965814,41223.0,19.44735717773437,17.84259033203125,13.082748413085938,19.80091857910156,41.92500019073486
2021-11-26 16:11:31.992,22.23639678955078,100.0,163.7532501220703,77.80302429199219,98.9000015258789,60.96282196044922,99.92766571044922,16.139759063720703,41.52496972965814,41223.0,19.44735717773437,17.84259033203125,13.082748413085938,19.80091857910156,41.92500019073486
2021-11-26 16:11:32.991,22.293079376220703,99.93975830078124,163.88346099853516,77.80302429199219,98.5,60.96282196044922,99.92766571044922,16.114540100097656,45.901353303227225,41223.0,25.94793701171875,19.420135498046875,17.652191162109375,18.468170166015625,41.94999980926514
2021-11-26 16:11:33.994,22.323240280151367,99.93975830078124,163.720703125,77.80302429199219,98.79999542236328,60.96282196044922,99.92766571044922,16.105737686157227,40.80413851663822,41223.0,22.004058837890625,21.106475830078125,16.047454833984375,17.271392822265625,41.94999980926514
2021-11-26 16:11:34.995,22.323240280151367,99.93975830078124,163.720703125,77.80302429199219,98.79999542236328,60.96282196044922,99.92766571044922,16.105737686157227,40.80413851663822,41223.0,22.004058837890625,21.106475830078125,16.047454833984375,17.271392822265625,41.94999980926514
2021-11-26 16:11:35.991,22.252710342407227,99.93975830078124,164.74609375,77.80302429199219,99.0,60.96282196044922,99.93128204345705,16.089244842529297,41.88150216309848,41223.0,21.97686767578125,22.112838745117188,14.089111328125,17.053802490234375,41.94999980926514
2021-11-26 16:11:37.001,22.24134826660156,100.06023406982422,164.15201568603516,77.80302429199219,99.8000030517578,60.96282196044922,99.92766571044922,16.080106735229492,41.55358724459029,41223.0,24.12557983398437,18.3321533203125,18.9305419921875,8.540496826171875,41.92500019073486
2021-11-26 16:11:37.991,22.24134826660156,100.06023406982422,164.15201568603516,77.80302429199219,99.8000030517578,60.96282196044922,99.92766571044922,16.080106735229492,41.55358724459029,41223.0,24.12557983398437,18.3321533203125,18.9305419921875,8.540496826171875,41.92500019073486
2021-11-26 16:11:38.990,22.22918128967285,100.06023406982422,164.29036712646484,77.80302429199219,99.5,60.96282196044922,99.93128204345705,16.05187225341797,40.5268308110872,41223.0,24.85995483398437,19.39292907714844,15.666656494140623,13.028350830078123,41.94999980926514
2021-11-26 16:11:39.994,22.2393741607666,99.93975830078124,163.85091400146484,77.80302429199219,99.1999969482422,60.96282196044922,99.92766571044922,16.037132263183594,40.194613869816536,41223.0,18.032989501953125,19.610519409179688,14.46990966796875,16.020248413085938,41.94999980926514
2021-11-26 16:11:41.002,22.2393741607666,99.93975830078124,163.85091400146484,77.80302429199219,99.1999969482422,60.96282196044922,99.92766571044922,16.037132263183594,40.194613869816536,41223.0,18.032989501953125,19.610519409179688,14.46990966796875,16.020248413085938,41.94999980926514
2021-11-26 16:11:42.002,22.26679801940918,100.0,163.2975311279297,77.80302429199219,99.0,60.96282196044922,99.92766571044922,16.033037185668945,39.75909146782032,41223.0,20.970489501953125,18.57696533203125,18.41375732421875,16.101837158203125,41.94999980926514
2021-11-26 16:11:43.001,22.16480255126953,100.0,162.80110931396484,77.80302429199219,99.0,60.96282196044922,99.92766571044922,16.026824951171875,38.44170560566711,41223.0,18.6585693359375,18.41375732421875,16.890625,8.975677490234375,41.94999980926514
2021-11-26 16:11:44.001,22.16480255126953,100.0,162.80110931396484,77.80302429199219,99.0,60.96282196044922,99.92766571044922,16.026824951171875,38.44170560566711,41223.0,18.6585693359375,18.41375732421875,16.890625,8.975677490234375,41.94999980926514
2021-11-26 16:11:44.992,22.139551162719727,99.93975830078124,164.2333984375,77.80302429199219,98.1999969482422,60.96282196044922,99.93128204345705,16.02446937561035,43.78077296741133,41223.0,21.4600830078125,19.338531494140625,16.618621826171875,16.401031494140625,41.94999980926514
2021-11-26 16:11:46.004,22.14381217956543,100.06023406982422,163.28939056396484,77.80302429199219,97.39999389648438,60.96282196044922,99.92766571044922,16.00492286682129,44.60837926102534,41223.0,25.567138671875,16.401031494140625,11.5867919921875,16.292236328125,41.94999980926514
2021-11-26 16:11:46.992,22.14381217956543,100.06023406982422,163.28939056396484,77.80302429199219,97.39999389648438,60.96282196044922,99.92766571044922,16.00492286682129,44.60837926102534,41223.0,25.567138671875,16.401031494140625,11.5867919921875,16.292236328125,41.94999980926514
2021-11-26 16:11:47.994,22.200401306152344,100.0,164.00553131103516,77.80302429199219,99.4000015258789,60.96282196044922,99.92766571044922,15.998861312866213,44.21025647017665,41223.0,27.90625,21.56884765625,17.298614501953125,16.346633911132812,41.94999980926514
2021-11-26 16:11:48.993,22.22640991210937,99.93975830078124,163.9973907470703,77.80302429199219,99.29999542236328,60.96282196044922,99.93128204345705,15.988473892211914,43.13892151747528,41223.0,25.703125,18.359375,11.831588745117188,16.700225830078125,41.94999980926514
2021-11-26 16:11:50.005,22.14842414855957,100.0,164.37174224853516,77.80302429199219,99.0999984741211,60.96282196044922,99.93128204345705,15.96786117553711,40.88873114227827,41223.0,26.410308837890625,15.367462158203123,12.593170166015623,15.8570556640625,41.94999980926514
2021-11-26 16:11:50.994,22.14842414855957,100.0,164.37174224853516,77.80302429199219,99.0999984741211,60.96282196044922,99.93128204345705,15.96786117553711,40.88873114227827,41223.0,26.410308837890625,15.367462158203123,12.593170166015623,15.8570556640625,41.94999980926514
2021-11-26 16:11:51.994,22.136859893798828,100.06023406982422,163.5904998779297,77.80302429199219,98.79999542236328,60.96282196044922,99.92766571044922,15.957698822021484,40.14431320108667,41223.0,25.1319580078125,15.17706298828125,20.48089599609375,18.685760498046875,41.94999980926514
2021-11-26 16:11:53.005,22.152996063232425,100.0,163.19173431396484,77.80302429199219,99.4000015258789,60.96282196044922,99.93128204345705,15.938526153564451,40.03101127465119,41223.0,21.65048217773437,20.18170166015625,14.30670166015625,13.164337158203123,41.94999980926514
2021-11-26 16:11:54.000,22.152996063232425,100.0,163.19173431396484,77.80302429199219,99.4000015258789,60.96282196044922,99.93128204345705,15.938526153564451,40.03101127465119,41223.0,21.65048217773437,20.18170166015625,14.30670166015625,13.164337158203123,41.94999980926514
2021-11-26 16:11:55.004,22.211301803588867,99.93975830078124,163.0859375,77.80302429199219,99.1999969482422,60.96282196044922,99.92766571044922,15.935989379882812,40.77588953792572,41223.0,21.4600830078125,18.604156494140625,16.15625,10.526031494140623,41.94999980926514
2021-11-26 16:11:56.001,22.211301803588867,99.93975830078124,163.0859375,77.80302429199219,99.1999969482422,60.96282196044922,99.92766571044922,15.935989379882812,40.77588953792572,41223.0,21.4600830078125,18.604156494140625,16.15625,10.526031494140623,41.94999980926514
2021-11-26 16:11:56.991,22.25585556030273,100.06023406982422,162.01985931396484,77.80302429199219,98.29999542236328,60.96282196044922,99.93128204345705,15.927053451538086,41.85705265073989,41223.0,21.5960693359375,17.97857666015625,14.551498413085938,13.300338745117188,41.94999980926514
2021-11-26 16:11:57.992,22.210289001464844,100.0,163.61490631103516,77.80302429199219,98.79999542236328,60.96282196044922,99.92766571044922,15.911092758178713,42.306754004521245,41223.0,26.029525756835938,18.52255249023437,13.762725830078123,12.26678466796875,41.97499942779541
2021-11-26 16:11:58.991,22.210289001464844,100.0,163.61490631103516,77.80302429199219,98.79999542236328,60.96282196044922,99.92766571044922,15.911092758178713,42.306754004521245,41223.0,26.029525756835938,18.52255249023437,13.762725830078123,12.26678466796875,41.97499942779541
2021-11-26 16:11:59.994,22.241107940673828,100.0,163.0859375,77.80302429199219,98.1999969482422,60.96282196044922,99.93128204345705,15.900550842285156,45.18063732800629,41223.0,23.826400756835938,19.36572265625,10.770828247070312,21.21527099609375,41.97499942779541
2021-11-26 16:12:00.993,22.283836364746094,99.8795166015625,163.63118743896484,77.80302429199219,99.29999542236328,60.96282196044922,99.93128204345705,15.89732551574707,43.15764997584555,41223.0,26.6007080078125,19.88250732421875,17.053802490234375,14.116302490234377,41.97499942779541
2021-11-26 16:12:02.003,22.283836364746094,99.8795166015625,163.63118743896484,77.80302429199219,99.29999542236328,60.96282196044922,99.93128204345705,15.89732551574707,43.15764997584555,41223.0,26.6007080078125,19.88250732421875,17.053802490234375,14.116302490234377,41.97499942779541
2021-11-26 16:12:02.994,22.31375503540039,100.06023406982422,162.9638671875,77.80302429199219,98.79999542236328,60.96282196044922,99.92766571044922,15.873701095581056,43.4701962605846,41223.0,20.50811767578125,19.36572265625,15.557861328125,15.911453247070312,41.97499942779541
2021-11-26 16:12:03.994,22.28705406188965,100.06023406982422,163.8834686279297,77.80302429199219,99.29999542236328,60.96282196044922,99.92766571044922,15.864883422851562,41.54065795537549,41223.0,25.64874267578125,16.183441162109375,14.415496826171877,18.7945556640625,41.97499942779541
2021-11-26 16:12:04.992,22.28705406188965,100.06023406982422,163.8834686279297,77.80302429199219,99.29999542236328,60.96282196044922,99.92766571044922,15.864883422851562,41.54065795537549,41223.0,25.64874267578125,16.183441162109375,14.415496826171877,18.7945556640625,41.97499942779541
2021-11-26 16:12:06.001,22.170726776123047,100.0,164.0299530029297,77.80302429199219,99.9000015258789,60.96282196044922,99.92766571044922,15.85124969482422,40.01102784740954,41223.0,18.957763671875,17.97857666015625,14.30670166015625,19.692123413085938,41.97499942779541
2021-11-26 16:12:06.994,22.14818572998047,99.93975830078124,163.35448455810547,77.80302429199219,99.9000015258789,60.96282196044922,99.92766571044922,15.842763900756836,40.63118828166794,41223.0,24.5335693359375,18.57696533203125,19.12094116210937,10.145248413085938,41.97499942779541
2021-11-26 16:12:07.991,22.14818572998047,99.93975830078124,163.35448455810547,77.80302429199219,99.9000015258789,60.96282196044922,99.92766571044922,15.842763900756836,40.63118828166794,41223.0,24.5335693359375,18.57696533203125,19.12094116210937,10.145248413085938,41.97499942779541
2021-11-26 16:12:09.990,22.155256271362305,100.06023406982422,162.88248443603516,77.80302429199219,98.29999542236328,60.96282196044922,99.93128204345705,15.817123413085938,42.14907003301987,41223.0,24.043991088867188,21.024871826171875,10.33563232421875,17.3258056640625,41.97499942779541
2021-11-26 16:12:09.000,22.151899337768555,100.0,162.6708984375,77.80302429199219,99.4000015258789,60.96282196044922,99.93128204345705,15.8282470703125,41.832825539920655,41223.0,25.811920166015625,15.91143798828125,10.906829833984377,12.9195556640625,41.97499942779541
2021-11-26 16:12:11.003,22.155256271362305,100.06023406982422,162.88248443603516,77.80302429199219,98.29999542236328,60.96282196044922,99.93128204345705,15.817123413085938,42.14907003301987,41223.0,24.043991088867188,21.024871826171875,10.33563232421875,17.3258056640625,41.97499942779541
2021-11-26 16:12:12.001,22.121273040771484,99.8795166015625,163.9973907470703,77.80302429199219,99.0,60.96282196044922,99.93128204345705,15.799423217773438,46.864533789599136,41223.0,27.307876586914062,21.541656494140625,16.999420166015625,14.796295166015623,41.97499942779541
2021-11-26 16:12:13.003,22.02318000793457,99.93975830078124,163.51725006103516,77.80302429199219,98.79999542236328,60.96282196044922,99.93128204345705,15.79803466796875,41.52137034902991,41223.0,25.92071533203125,17.217010498046875,14.986679077148438,12.429962158203123,41.97499942779541
2021-11-26 16:12:13.992,22.02291679382324,100.1204833984375,164.38802337646484,77.80302429199219,99.29999542236328,60.96282196044922,99.92766571044922,15.774389266967772,43.66114593259811,41223.0,24.88716125488281,21.21527099609375,19.474517822265625,16.265045166015625,42.0
2021-11-26 16:12:14.993,22.02291679382324,100.1204833984375,164.38802337646484,77.80302429199219,99.29999542236328,60.96282196044922,99.92766571044922,15.774389266967772,43.66114593259811,41223.0,24.88716125488281,21.21527099609375,19.474517822265625,16.265045166015625,42.0
2021-11-26 16:12:16.001,22.05636215209961,100.1204833984375,164.53450775146484,77.80302429199219,99.6999969482422,60.96282196044922,99.92766571044922,15.763734817504885,41.81716146285081,41223.0,24.66957092285156,20.9976806640625,18.1961669921875,18.359375,41.97499942779541
2021-11-26 16:12:16.994,22.135313034057617,99.81927490234376,163.0126953125,77.80302429199219,98.5,60.96282196044922,99.93128204345705,15.759710311889648,42.18456169817201,41223.0,20.970489501953125,19.719314575195312,17.380203247070312,14.333892822265623,41.97499942779541
2021-11-26 16:12:18.001,22.135313034057617,99.81927490234376,163.0126953125,77.80302429199219,98.5,60.96282196044922,99.93128204345705,15.759710311889648,42.18456169817201,41223.0,20.970489501953125,19.719314575195312,17.380203247070312,14.333892822265623,41.97499942779541
2021-11-26 16:12:18.993,22.19611930847168,100.0,164.5914764404297,77.80302429199219,99.9000015258789,60.96282196044922,99.92766571044922,15.744028091430664,42.63382084922961,41223.0,22.901626586914062,18.3321533203125,19.88250732421875,19.06654357910156,42.0
2021-11-26 16:12:19.991,22.17482566833496,100.1204833984375,164.36360931396484,77.80302429199219,99.1999969482422,60.96282196044922,99.93128204345705,15.741792678833008,40.520135437870046,41223.0,23.554412841796875,14.633087158203123,14.333892822265623,16.645828247070312,42.0
2021-11-26 16:12:21.005,22.17482566833496,100.1204833984375,164.36360931396484,77.80302429199219,99.1999969482422,60.96282196044922,99.93128204345705,15.741792678833008,40.520135437870046,41223.0,23.554412841796875,14.633087158203123,14.333892822265623,16.645828247070312,42.0
2021-11-26 16:12:22.001,22.25148582458496,99.93975830078124,167.8466796875,77.80302429199219,99.0,60.96282196044922,99.92766571044922,15.725259780883787,43.61202987745696,41223.0,23.364013671875,9.846054077148438,17.380203247070312,21.976837158203125,42.0
2021-11-26 16:12:23.003,22.341907501220703,99.93975830078124,166.04003143310547,77.80302429199219,99.29999542236328,60.96282196044922,99.93128204345705,15.715274810791016,42.0945873657564,41223.0,25.893524169921875,21.759246826171875,20.317703247070312,12.1851806640625,42.0
2021-11-26 16:12:23.994,22.341907501220703,99.93975830078124,166.04003143310547,77.80302429199219,99.29999542236328,60.96282196044922,99.93128204345705,15.715274810791016,42.0945873657564,41223.0,25.893524169921875,21.759246826171875,20.317703247070312,12.1851806640625,42.0
2021-11-26 16:12:24.991,22.424558639526367,100.1204833984375,166.8538360595703,77.80302429199219,98.1999969482422,60.96282196044922,99.93128204345705,15.706539154052734,42.482300689627486,41223.0,27.171875,15.77545166015625,19.36572265625,17.271392822265625,42.0
2021-11-26 16:12:26.994,22.40376091003418,99.93975830078124,168.359375,77.80302429199219,98.79999542236328,60.96282196044922,99.93128204345705,15.712224960327148,44.56437297968853,41223.0,24.3975830078125,18.767349243164062,9.76446533203125,21.21527099609375,42.0
2021-11-26 16:12:26.000,22.40376091003418,99.93975830078124,168.359375,77.80302429199219,98.79999542236328,60.96282196044922,99.93128204345705,15.712224960327148,44.56437297968853,41223.0,24.3975830078125,18.767349243164062,9.76446533203125,21.21527099609375,42.0
2021-11-26 16:12:28.003,22.26628303527832,100.0,167.99315643310547,77.80302429199219,99.29999542236328,60.96282196044922,99.93128204345705,15.692649841308594,41.543816764598425,41223.0,27.362274169921875,19.175338745117188,16.80902099609375,16.781829833984375,42.0
2021-11-26 16:12:29.003,22.19766426086425,100.0,168.4163360595703,77.80302429199219,98.6999969482422,60.96282196044922,99.92766571044922,15.685514450073242,44.134913059142896,41223.0,26.51910400390625,14.578689575195312,14.497100830078123,17.706588745117188,42.0
2021-11-26 16:12:29.992,22.19766426086425,100.0,168.4163360595703,77.80302429199219,98.6999969482422,60.96282196044922,99.92766571044922,15.685514450073242,44.134913059142896,41223.0,26.51910400390625,14.578689575195312,14.497100830078123,17.706588745117188,42.0
2021-11-26 16:12:30.994,22.19367027282715,99.93975830078124,165.6494140625,77.80302429199219,98.9000015258789,60.96282196044922,99.93128204345705,15.67593765258789,42.15190400378141,41223.0,28.42303466796875,16.50982666015625,15.34027099609375,11.777191162109377,42.0
2021-11-26 16:12:31.994,22.21271133422852,100.06023406982422,166.650390625,77.80302429199219,98.9000015258789,60.96282196044922,99.92766571044922,15.67055320739746,44.2031869184735,41223.0,20.1273193359375,19.5289306640625,12.620361328125,17.67938232421875,42.0
2021-11-26 16:12:32.991,22.21271133422852,100.06023406982422,166.650390625,77.80302429199219,98.9000015258789,60.96282196044922,99.92766571044922,15.67055320739746,44.2031869184735,41223.0,20.1273193359375,19.5289306640625,12.620361328125,17.67938232421875,42.0
2021-11-26 16:12:33.990,22.16896247863769,100.1204833984375,169.04296875,77.80302429199219,99.1999969482422,60.96282196044922,99.92766571044922,15.667444229125977,45.05180358706732,41223.0,24.941558837890625,18.71295166015625,19.692123413085938,20.72567749023437,42.0
2021-11-26 16:12:34.995,22.070974349975582,99.93975830078124,166.53646087646484,77.80302429199219,98.79999542236328,60.96282196044922,99.93128204345705,15.658052444458008,44.06563392085778,41223.0,24.234375,19.909713745117188,16.401031494140625,17.10821533203125,42.0
2021-11-26 16:12:36.003,22.070974349975582,99.93975830078124,166.53646087646484,77.80302429199219,98.79999542236328,60.96282196044922,99.93128204345705,15.658052444458008,44.06563392085778,41223.0,24.234375,19.909713745117188,16.401031494140625,17.10821533203125,42.0
2021-11-26 16:12:36.991,22.07580947875977,99.759033203125,166.8294219970703,77.80302429199219,98.5999984741211,60.96282196044922,99.92766571044922,15.64529037475586,42.99041876496122,41223.0,23.772003173828125,14.252304077148438,13.626739501953123,16.700225830078125,42.0
2021-11-26 16:12:38.002,22.11850547790528,100.0,165.43782806396484,77.80302429199219,99.4000015258789,60.96282196044922,99.92766571044922,15.642696380615234,41.992050854799125,41223.0,26.21990966796875,15.149871826171877,12.9195556640625,18.005767822265625,42.0
2021-11-26 16:12:38.993,22.11850547790528,100.0,165.43782806396484,77.80302429199219,99.4000015258789,60.96282196044922,99.92766571044922,15.642696380615234,41.992050854799125,41223.0,26.21990966796875,15.149871826171877,12.9195556640625,18.005767822265625,42.0
2021-11-26 16:12:40.005,22.19592666625977,100.1204833984375,167.42350006103516,77.80302429199219,99.0,60.96282196044922,99.92766571044922,15.62904930114746,41.29071505873735,41223.0,24.66957092285156,16.917816162109375,17.488998413085938,16.21063232421875,42.0
2021-11-26 16:12:40.995,22.20818519592285,99.81927490234376,167.7327423095703,77.80302429199219,98.5,60.96282196044922,99.92766571044922,15.624526977539062,42.09002029890535,41223.0,22.52084350585937,22.79281616210937,12.565963745117188,16.237838745117188,42.0
2021-11-26 16:12:42.000,22.20818519592285,99.81927490234376,167.7327423095703,77.80302429199219,98.5,60.96282196044922,99.92766571044922,15.624526977539062,42.09002029890535,41223.0,22.52084350585937,22.79281616210937,12.565963745117188,16.237838745117188,42.0
2021-11-26 16:12:43.001,22.143775939941406,99.8795166015625,167.31771087646484,77.80302429199219,98.79999542236328,60.96282196044922,99.92766571044922,15.616617202758787,40.84541861316849,41223.0,23.092025756835938,20.91607666015625,15.69384765625,13.49072265625,42.0
2021-11-26 16:12:43.991,22.165977478027344,100.18072509765624,165.9098358154297,77.80302429199219,98.9000015258789,60.96282196044922,99.93128204345705,15.608755111694336,43.7580975920538,41223.0,23.25521850585937,19.909713745117188,15.965850830078123,10.689239501953123,42.0
2021-11-26 16:12:45.001,22.165977478027344,100.18072509765624,165.9098358154297,77.80302429199219,98.9000015258789,60.96282196044922,99.93128204345705,15.608755111694336,43.7580975920538,41223.0,23.25521850585937,19.909713745117188,15.965850830078123,10.689239501953123,42.0
2021-11-26 16:12:46.003,22.22880744934082,100.0,166.6341094970703,77.80302429199219,98.29999542236328,60.96282196044922,99.92766571044922,15.60932159423828,43.81994349380319,41223.0,23.826400756835938,20.9976806640625,15.69384765625,15.34027099609375,42.0
2021-11-26 16:12:46.990,22.292116165161133,99.8795166015625,165.966796875,77.80302429199219,99.0999984741211,60.96282196044922,99.93128204345705,15.609134674072266,42.70625743476636,41223.0,24.47918701171875,19.12094116210937,15.47625732421875,12.1851806640625,42.0
2021-11-26 16:12:48.002,22.292116165161133,99.8795166015625,165.966796875,77.80302429199219,99.0999984741211,60.96282196044922,99.93128204345705,15.609134674072266,42.70625743476636,41223.0,24.47918701171875,19.12094116210937,15.47625732421875,12.1851806640625,42.0
2021-11-26 16:12:48.990,22.273487091064453,100.0,167.36653900146484,77.80302429199219,98.5,60.96282196044922,99.92766571044922,15.592220306396484,42.70570767141057,41223.0,16.564239501953125,13.7899169921875,22.54803466796875,18.821746826171875,42.0
2021-11-26 16:12:50.002,22.19804000854492,100.1204833984375,166.7236328125,77.80302429199219,99.4000015258789,60.96282196044922,99.92766571044922,15.590059280395508,43.69551611482429,41223.0,26.08392333984375,13.545135498046877,19.74652099609375,19.36572265625,42.0
2021-11-26 16:12:51.002,22.19804000854492,100.1204833984375,166.7236328125,77.80302429199219,99.4000015258789,60.96282196044922,99.92766571044922,15.590059280395508,43.69551611482429,41223.0,26.08392333984375,13.545135498046877,19.74652099609375,19.36572265625,42.0
2021-11-26 16:12:51.992,22.17894554138184,99.93975830078124,167.16307830810547,77.80302429199219,98.9000015258789,60.96282196044922,99.92766571044922,15.578712463378906,42.293180302464144,41223.0,25.675933837890625,18.984939575195312,19.06654357910156,18.168975830078125,42.0
2021-11-26 16:12:52.991,22.21150588989257,99.93975830078124,167.93619537353516,77.80302429199219,99.4000015258789,60.96282196044922,99.92766571044922,15.577569961547852,43.84083623623965,41223.0,25.295150756835938,18.468170166015625,17.189804077148438,20.83447265625,42.0
2021-11-26 16:12:53.992,22.21150588989257,99.93975830078124,167.93619537353516,77.80302429199219,99.4000015258789,60.96282196044922,99.92766571044922,15.577569961547852,43.84083623623965,41223.0,25.295150756835938,18.468170166015625,17.189804077148438,20.83447265625,42.0
2021-11-26 16:12:55.001,22.289527893066406,100.0,166.31673431396484,77.80302429199219,99.4000015258789,60.96282196044922,99.92766571044922,15.568286895751951,42.515076502644334,41224.0,25.1319580078125,16.890625,15.530670166015623,18.52255249023437,42.0
2021-11-26 16:12:56.005,22.290733337402344,100.06023406982422,166.53646087646484,77.80302429199219,99.0999984741211,60.96282196044922,99.92766571044922,15.557161331176758,42.92115045704696,41224.0,26.111114501953125,13.70831298828125,18.740142822265625,18.0601806640625,42.0
2021-11-26 16:12:56.992,22.290733337402344,100.06023406982422,166.53646087646484,77.80302429199219,99.0999984741211,60.96282196044922,99.92766571044922,15.557161331176758,42.92115045704696,41224.0,26.111114501953125,13.70831298828125,18.740142822265625,18.0601806640625,42.0
2021-11-26 16:12:57.990,22.19704818725586,100.06023406982422,165.69010162353516,77.80302429199219,98.4000015258789,60.96282196044922,99.92766571044922,15.542285919189451,43.32337605044869,41224.0,20.80731201171875,18.359375,10.689239501953123,15.313079833984377,42.0
2021-11-26 16:12:58.994,22.17840003967285,99.93975830078124,166.19467163085938,77.80302429199219,98.29999542236328,60.96282196044922,99.92766571044922,15.531248092651367,43.00409627937845,41224.0,20.834503173828125,20.04571533203125,11.695587158203123,18.495361328125,42.0
2021-11-26 16:12:59.993,22.17840003967285,99.93975830078124,166.19467163085938,77.80302429199219,98.29999542236328,60.96282196044922,99.92766571044922,15.531248092651367,43.00409627937845,41224.0,20.834503173828125,20.04571533203125,11.695587158203123,18.495361328125,42.0
2021-11-26 16:13:01.004,22.203907012939453,99.93975830078124,164.990234375,77.80302429199219,98.6999969482422,60.96282196044922,99.92766571044922,15.52536964416504,42.136541788238745,41224.0,24.66957092285156,14.986679077148438,16.618621826171875,15.612258911132812,42.0
2021-11-26 16:13:01.990,22.2509765625,100.0,167.81412506103516,77.80302429199219,99.0999984741211,60.96282196044922,99.92766571044922,15.524063110351562,41.407787126947554,41224.0,19.936920166015625,17.869781494140625,21.07928466796875,14.986679077148438,42.0
2021-11-26 16:13:03.004,22.2509765625,100.0,167.81412506103516,77.80302429199219,99.0999984741211,60.96282196044922,99.92766571044922,15.524063110351562,41.407787126947554,41224.0,19.936920166015625,17.869781494140625,21.07928466796875,14.986679077148438,42.0
2021-11-26 16:13:03.993,22.209062576293945,100.0,164.55078125,77.80302429199219,98.9000015258789,60.96282196044922,99.92766571044922,15.507062911987305,43.44981138265425,41224.0,23.52720642089844,22.03125,10.308441162109377,14.6875,42.0
2021-11-26 16:13:04.991,22.096166610717773,100.06023406982422,165.7877655029297,77.80302429199219,98.9000015258789,60.96282196044922,99.92766571044922,15.505922317504885,43.10779675530471,41224.0,29.15740966796875,21.106475830078125,13.354736328125,16.129043579101562,42.0
2021-11-26 16:13:05.991,22.096166610717773,100.06023406982422,165.7877655029297,77.80302429199219,98.9000015258789,60.96282196044922,99.92766571044922,15.505922317504885,43.10779675530471,41224.0,29.15740966796875,21.106475830078125,13.354736328125,16.129043579101562,42.0
2021-11-26 16:13:07.004,22.11502456665039,99.93975830078124,165.55989837646484,77.80302429199219,100.10000610351562,60.96282196044922,99.92766571044922,15.496646881103516,39.4226334888132,41224.0,20.29052734375,17.3258056640625,11.423614501953123,14.6875,42.0
2021-11-26 16:13:07.992,22.188533782958984,100.0,165.185546875,77.7272720336914,99.5,60.96282196044922,99.92766571044922,15.491378784179688,42.317162406639895,41224.0,23.907989501953125,19.74652099609375,11.777191162109377,16.047454833984375,42.0
2021-11-26 16:13:09.001,22.188533782958984,100.0,165.185546875,77.7272720336914,99.5,60.96282196044922,99.92766571044922,15.491378784179688,42.317162406639895,41224.0,23.907989501953125,19.74652099609375,11.777191162109377,16.047454833984375,42.0
2021-11-26 16:13:09.990,22.2544059753418,99.93975830078124,166.69922637939453,77.80302429199219,99.29999542236328,60.96282196044922,99.93128204345705,15.47292709350586,43.13669545321544,41224.0,23.336822509765625,20.5625,20.698486328125,17.3258056640625,42.0
2021-11-26 16:13:10.995,22.223726272583008,99.93975830078124,165.8203125,77.80302429199219,99.29999542236328,60.96282196044922,99.93128204345705,15.462614059448242,41.74984141707862,41224.0,23.636001586914062,14.74188232421875,16.537017822265625,12.946746826171877,42.0
2021-11-26 16:13:12.004,22.223726272583008,99.93975830078124,165.8203125,77.80302429199219,99.29999542236328,60.96282196044922,99.93128204345705,15.462614059448242,41.74984141707862,41224.0,23.636001586914062,14.74188232421875,16.537017822265625,12.946746826171877,42.0
2021-11-26 16:13:13.004,22.16555595397949,100.18072509765624,165.6331329345703,77.80302429199219,98.4000015258789,60.96282196044922,99.92766571044922,15.456653594970703,42.85282719803187,41224.0,16.809036254882812,17.924179077148438,17.271392822265625,15.8570556640625,42.0
2021-11-26 16:13:13.994,22.18815422058105,100.0,165.8203125,77.80302429199219,99.0999984741211,60.96282196044922,99.93128204345705,15.45457649230957,43.00154104927344,41224.0,25.48553466796875,19.74652099609375,17.733795166015625,14.6875,42.0
2021-11-26 16:13:15.004,22.18815422058105,100.0,165.8203125,77.80302429199219,99.0999984741211,60.96282196044922,99.93128204345705,15.45457649230957,43.00154104927344,41224.0,25.48553466796875,19.74652099609375,17.733795166015625,14.6875,42.0
2021-11-26 16:13:16.002,22.240514755249023,99.93975830078124,165.6901092529297,77.80302429199219,98.4000015258789,60.96282196044922,99.92766571044922,15.44119644165039,41.94492006516052,41224.0,22.738433837890625,20.04571533203125,15.884246826171877,14.361114501953123,42.0
2021-11-26 16:13:16.991,22.283451080322266,99.93975830078124,165.3564453125,77.80302429199219,98.79999542236328,60.96282196044922,99.92766571044922,15.43270492553711,43.82600330430356,41224.0,28.015045166015625,14.74188232421875,12.3211669921875,15.285873413085938,42.0
2021-11-26 16:13:18.001,22.283451080322266,99.93975830078124,165.3564453125,77.80302429199219,98.79999542236328,60.96282196044922,99.92766571044922,15.43270492553711,43.82600330430356,41224.0,28.015045166015625,14.74188232421875,12.3211669921875,15.285873413085938,42.0
2021-11-26 16:13:18.991,22.24788856506348,99.93975830078124,166.7805938720703,77.80302429199219,99.0,60.96282196044922,99.92766571044922,15.426103591918944,43.76255533872111,41224.0,24.17999267578125,21.56884765625,16.5914306640625,15.911453247070312,42.0
2021-11-26 16:13:19.991,22.186262130737305,100.1204833984375,166.50391387939453,77.80302429199219,98.9000015258789,60.96282196044922,99.92766571044922,15.41851806640625,42.553128866760645,41224.0,22.575241088867188,14.30670166015625,17.706588745117188,15.884246826171877,42.0
2021-11-26 16:13:20.990,22.186262130737305,100.1204833984375,166.50391387939453,77.80302429199219,98.9000015258789,60.96282196044922,99.92766571044922,15.41851806640625,42.553128866760645,41224.0,22.575241088867188,14.30670166015625,17.706588745117188,15.884246826171877,42.0
2021-11-26 16:13:22.001,22.203842163085938,100.0,167.4641876220703,77.80302429199219,99.6999969482422,60.96282196044922,99.93128204345705,15.411598205566406,39.88687153429438,41224.0,26.763900756835938,20.807281494140625,18.848953247070312,16.863418579101562,42.0
2021-11-26 16:13:22.995,22.262828826904297,99.81927490234376,165.8365936279297,77.80302429199219,99.0,60.96282196044922,99.92766571044922,15.40931510925293,43.17055030382619,41224.0,22.71124267578125,18.876144409179688,16.754623413085938,17.97857666015625,42.0
2021-11-26 16:13:24.005,22.262828826904297,99.81927490234376,165.8365936279297,77.80302429199219,99.0,60.96282196044922,99.92766571044922,15.40931510925293,43.17055030382619,41224.0,22.71124267578125,18.876144409179688,16.754623413085938,17.97857666015625,42.0
2021-11-26 16:13:24.994,22.31534767150879,100.06023406982422,166.17838287353516,77.80302429199219,99.1999969482422,60.96282196044922,99.92766571044922,15.397653579711914,43.3521033800187,41224.0,18.87615966796875,16.836212158203125,17.652191162109375,19.88250732421875,42.0
2021-11-26 16:13:25.994,22.30980491638184,100.06023406982422,166.015625,77.80302429199219,98.6999969482422,60.96282196044922,99.92766571044922,15.39629364013672,44.01996808860707,41224.0,22.874420166015625,12.620361328125,18.38656616210937,14.850677490234377,42.0
2021-11-26 16:13:26.994,22.30980491638184,100.06023406982422,166.015625,77.80302429199219,98.6999969482422,60.96282196044922,99.92766571044922,15.39629364013672,44.01996808860707,41224.0,22.874420166015625,12.620361328125,18.38656616210937,14.850677490234377,42.0
2021-11-26 16:13:27.991,22.2031364440918,100.06023406982422,164.9169921875,77.80302429199219,98.29999542236328,60.96282196044922,99.92766571044922,15.387332916259766,44.085445051292695,41224.0,19.90972900390625,17.488983154296875,15.231475830078123,13.00115966796875,42.0
2021-11-26 16:13:28.992,22.17032814025879,99.93975830078124,165.73079681396484,77.80302429199219,98.9000015258789,60.96282196044922,99.92766571044922,15.382526397705078,43.262162092639336,41224.0,24.642364501953125,19.6649169921875,14.034713745117188,16.890625,42.0
2021-11-26 16:13:29.994,22.17032814025879,99.93975830078124,165.73079681396484,77.80302429199219,98.9000015258789,60.96282196044922,99.92766571044922,15.382526397705078,43.262162092639336,41224.0,24.642364501953125,19.6649169921875,14.034713745117188,16.890625,42.0
2021-11-26 16:13:30.992,22.17253875732422,99.93975830078124,165.42154693603516,77.80302429199219,99.4000015258789,60.96282196044922,99.92766571044922,15.371662139892578,41.254232762450194,41224.0,23.39120483398437,17.869781494140625,18.848953247070312,15.013885498046877,42.0
2021-11-26 16:13:31.994,22.21876716613769,100.0,164.794921875,77.80302429199219,99.1999969482422,60.96282196044922,99.92766571044922,15.362613677978516,41.77361502881827,41224.0,27.715866088867188,23.77197265625,11.831588745117188,18.14178466796875,42.0
2021-11-26 16:13:33.004,22.21876716613769,100.0,164.794921875,77.80302429199219,99.1999969482422,60.96282196044922,99.92766571044922,15.362613677978516,41.77361502881827,41224.0,27.715866088867188,23.77197265625,11.831588745117188,18.14178466796875,42.0
2021-11-26 16:13:33.994,22.20777702331543,100.06023406982422,164.8600311279297,77.80302429199219,99.0999984741211,60.96282196044922,99.92766571044922,15.362920761108398,41.30912661914336,41224.0,20.58970642089844,16.346633911132812,11.75,21.704864501953125,42.0
2021-11-26 16:13:34.992,22.08269500732422,99.93975830078124,163.96483612060547,77.80302429199219,99.5999984741211,60.96282196044922,99.92766571044922,15.359220504760742,44.36277696798291,41224.0,27.879058837890625,21.188064575195312,14.17071533203125,16.292236328125,42.0
2021-11-26 16:13:36.003,22.08269500732422,99.93975830078124,163.96483612060547,77.80302429199219,99.5999984741211,60.96282196044922,99.92766571044922,15.359220504760742,44.36277696798291,41224.0,27.879058837890625,21.188064575195312,14.17071533203125,16.292236328125,42.0
2021-11-26 16:13:36.994,22.04014778137207,99.93975830078124,165.71451568603516,77.80302429199219,99.0999984741211,60.96282196044922,99.92766571044922,15.352716445922852,43.8858436997123,41224.0,23.826400756835938,16.700225830078125,17.217010498046875,16.101837158203125,42.0
2021-11-26 16:13:37.995,22.050819396972656,100.06023406982422,163.67186737060547,77.80302429199219,98.6999969482422,60.96282196044922,99.92766571044922,15.358028411865234,41.94545721902468,41224.0,20.20892333984375,13.109939575195312,11.28759765625,17.706588745117188,42.0
2021-11-26 16:13:39.004,22.050819396972656,100.06023406982422,163.67186737060547,77.80302429199219,98.6999969482422,60.96282196044922,99.92766571044922,15.358028411865234,41.94545721902468,41224.0,20.20892333984375,13.109939575195312,11.28759765625,17.706588745117188,42.0
2021-11-26 16:13:39.990,22.126264572143555,100.0,166.1376953125,77.80302429199219,98.5,60.96282196044922,99.92766571044922,15.345556259155272,43.80053195822434,41224.0,25.567138671875,14.551483154296877,20.426498413085938,17.570587158203125,42.0
2021-11-26 16:13:40.994,22.130186080932617,100.0,165.2913360595703,77.80302429199219,99.1999969482422,60.96282196044922,99.92766571044922,15.340812683105469,40.48061351124072,41224.0,24.99595642089844,21.405670166015625,17.10821533203125,13.43634033203125,42.0
2021-11-26 16:13:42.003,22.130186080932617,100.0,165.2913360595703,77.80302429199219,99.1999969482422,60.96282196044922,99.92766571044922,15.340812683105469,40.48061351124072,41224.0,24.99595642089844,21.405670166015625,17.10821533203125,13.43634033203125,42.0
2021-11-26 16:13:42.991,22.04447555541992,99.93975830078124,165.34830474853516,77.80302429199219,99.0999984741211,60.96282196044922,99.92766571044922,15.336631774902344,44.51692705111263,41224.0,24.17999267578125,21.378463745117188,14.850677490234377,15.585052490234377,42.02499961853027
2021-11-26 16:13:44.005,22.05346870422364,100.0,164.8274688720703,77.80302429199219,99.6999969482422,60.96282196044922,99.92766571044922,15.332828521728516,41.01342778456559,41224.0,22.71124267578125,21.079269409179688,14.74188232421875,12.375579833984377,42.0
2021-11-26 16:13:45.002,22.05346870422364,100.0,164.8274688720703,77.80302429199219,99.6999969482422,60.96282196044922,99.92766571044922,15.332828521728516,41.01342778456559,41224.0,22.71124267578125,21.079269409179688,14.74188232421875,12.375579833984377,42.0
2021-11-26 16:13:45.991,22.15380859375,100.0,165.05533599853516,77.80302429199219,99.29999542236328,60.96282196044922,99.92766571044922,15.334962844848633,41.98996829610324,41224.0,23.88079833984375,20.154510498046875,15.449066162109377,11.940383911132812,42.02499961853027
2021-11-26 16:13:46.991,22.29808807373047,100.06023406982422,165.47037506103516,77.80302429199219,99.0999984741211,60.96282196044922,99.92766571044922,15.33289909362793,42.1093278200814,41224.0,23.58160400390625,20.75288391113281,17.597793579101562,13.300338745117188,42.02499961853027
2021-11-26 16:13:47.991,22.29808807373047,100.06023406982422,165.47037506103516,77.80302429199219,99.0999984741211,60.96282196044922,99.92766571044922,15.33289909362793,42.1093278200814,41224.0,23.58160400390625,20.75288391113281,17.597793579101562,13.300338745117188,42.02499961853027
2021-11-26 16:13:48.992,22.311006546020508,100.0,163.48470306396484,77.80302429199219,98.29999542236328,60.96282196044922,99.92766571044922,15.331174850463867,41.29244319653105,41224.0,22.11285400390625,20.290496826171875,7.071746826171875,18.1961669921875,42.02499961853027
2021-11-26 16:13:49.990,22.198118209838867,99.93975830078124,165.82845306396484,77.80302429199219,98.29999542236328,60.96282196044922,99.92766571044922,15.331564903259276,45.84135734997668,41224.0,20.26332092285156,12.375564575195312,17.760986328125,14.796295166015623,42.02499961853027
2021-11-26 16:13:50.994,22.198118209838867,99.93975830078124,165.82845306396484,77.80302429199219,98.29999542236328,60.96282196044922,99.92766571044922,15.331564903259276,45.84135734997668,41224.0,20.26332092285156,12.375564575195312,17.760986328125,14.796295166015623,42.02499961853027
2021-11-26 16:13:51.993,22.23600578308105,99.93975830078124,165.77149200439453,77.80302429199219,98.9000015258789,60.96282196044922,99.93128204345705,15.323074340820312,44.24366072225843,41224.0,21.94966125488281,15.557861328125,18.168975830078125,21.1336669921875,42.02499961853027
2021-11-26 16:13:52.993,22.32006454467773,100.06023406982422,165.72265625,77.80302429199219,98.6999969482422,60.96282196044922,99.92766571044922,15.319242477416992,45.80561422002913,41224.0,26.410308837890625,18.63134765625,18.14178466796875,20.154510498046875,42.02499961853027
2021-11-26 16:13:53.990,22.32006454467773,100.06023406982422,165.72265625,77.80302429199219,98.6999969482422,60.96282196044922,99.92766571044922,15.319242477416992,45.80561422002913,41224.0,26.410308837890625,18.63134765625,18.14178466796875,20.154510498046875,42.02499961853027
2021-11-26 16:13:54.993,22.40778923034668,100.06023406982422,166.93521881103516,77.80302429199219,99.8000030517578,60.96282196044922,99.92766571044922,15.307255744934082,42.08108027359236,41224.0,25.675933837890625,23.092010498046875,19.06654357910156,16.07464599609375,42.02499961853027
2021-11-26 16:13:56.003,22.379499435424805,99.93975830078124,164.65657806396484,77.80302429199219,99.8000030517578,60.96282196044922,99.92766571044922,15.306447982788086,40.94932228375932,41224.0,28.88543701171875,18.63134765625,15.394668579101562,11.858795166015623,42.02499961853027
2021-11-26 16:13:57.004,22.379499435424805,99.93975830078124,164.65657806396484,77.80302429199219,99.8000030517578,60.96282196044922,99.92766571044922,15.306447982788086,40.94932228375932,41224.0,28.88543701171875,18.63134765625,15.394668579101562,11.858795166015623,42.02499961853027
2021-11-26 16:13:57.994,22.25512886047364,100.0,164.5833282470703,77.80302429199219,98.9000015258789,60.96282196044922,99.92766571044922,15.300596237182615,40.49926804688029,41224.0,22.65682983398437,16.618621826171875,13.925918579101562,16.7274169921875,42.02499961853027
2021-11-26 16:13:58.994,22.16820526123047,100.06023406982422,164.7379608154297,77.80302429199219,98.6999969482422,60.96282196044922,99.92766571044922,15.297042846679688,41.25893773159771,41224.0,24.805572509765625,16.265045166015625,16.101837158203125,15.04107666015625,42.02499961853027
2021-11-26 16:13:59.995,22.105545043945312,99.93975830078124,165.9830780029297,77.80302429199219,98.9000015258789,60.96282196044922,99.92766571044922,15.288570404052734,43.47034497611322,41224.0,22.46644592285156,12.157974243164062,18.41375732421875,18.25057983398437,42.02499961853027
2021-11-26 16:14:01.004,22.105545043945312,99.93975830078124,165.9830780029297,77.80302429199219,98.9000015258789,60.96282196044922,99.92766571044922,15.288570404052734,43.47034497611322,41224.0,22.46644592285156,12.157974243164062,18.41375732421875,18.25057983398437,42.02499961853027
2021-11-26 16:14:01.993,22.14723396301269,99.8795166015625,163.9404296875,77.80302429199219,99.5999984741211,60.96282196044922,99.92766571044922,15.28658676147461,42.82138002669589,41224.0,25.159149169921875,13.463531494140623,12.783554077148438,14.442703247070312,42.02499961853027
2021-11-26 16:14:02.992,22.16740226745605,100.06023406982422,163.32193756103516,77.80302429199219,98.4000015258789,60.96282196044922,99.92766571044922,15.278802871704102,41.51207040584652,41224.0,20.58970642089844,16.183441162109375,16.21063232421875,20.2633056640625,42.02499961853027
2021-11-26 16:14:03.991,22.16740226745605,100.06023406982422,163.32193756103516,77.80302429199219,98.4000015258789,60.96282196044922,99.92766571044922,15.278802871704102,41.51207040584652,41224.0,20.58970642089844,16.183441162109375,16.21063232421875,20.2633056640625,42.02499961853027
2021-11-26 16:14:04.992,22.019752502441406,100.1204833984375,163.90787506103516,77.80302429199219,98.4000015258789,60.96282196044922,99.92766571044922,15.26616668701172,46.73033685090949,41224.0,23.28240966796875,21.976837158203125,11.505203247070312,16.863418579101562,42.02499961853027
2021-11-26 16:14:06.005,21.966232299804688,99.8795166015625,165.61685943603516,77.80302429199219,99.0,60.96282196044922,99.92766571044922,15.26500415802002,46.90003830981141,41224.0,26.35591125488281,22.7384033203125,18.0601806640625,14.932281494140623,42.02499961853027
2021-11-26 16:14:06.993,21.966232299804688,99.8795166015625,165.61685943603516,77.80302429199219,99.0,60.96282196044922,99.92766571044922,15.26500415802002,46.90003830981141,41224.0,26.35591125488281,22.7384033203125,18.0601806640625,14.932281494140623,42.02499961853027
2021-11-26 16:14:07.994,21.984575271606445,99.8795166015625,165.19368743896484,77.80302429199219,99.5999984741211,60.96282196044922,99.92766571044922,15.265076637268066,42.783395534835314,41224.0,28.232650756835938,15.748260498046877,20.317703247070312,14.633087158203123,42.02499961853027
2021-11-26 16:14:08.991,22.08979225158692,100.1204833984375,164.5589141845703,77.80302429199219,99.4000015258789,60.96282196044922,99.92766571044922,15.252232551574709,40.30399606680116,41224.0,23.690399169921875,21.840850830078125,12.593170166015623,14.22509765625,42.02499961853027
2021-11-26 16:14:09.993,22.08979225158692,100.1204833984375,164.5589141845703,77.80302429199219,99.4000015258789,60.96282196044922,99.92766571044922,15.252232551574709,40.30399606680116,41224.0,23.690399169921875,21.840850830078125,12.593170166015623,14.22509765625,42.02499961853027
2021-11-26 16:14:10.992,22.117963790893555,100.0,165.9830780029297,77.80302429199219,99.0999984741211,60.96282196044922,99.92766571044922,15.252034187316896,40.96278835889361,41224.0,26.65509033203125,16.455429077148438,15.2586669921875,15.013885498046877,42.02499961853027
2021-11-26 16:14:11.994,22.08262252807617,99.93975830078124,163.37889862060547,77.80302429199219,98.5999984741211,60.96282196044922,99.92766571044922,15.245335578918455,41.73048097654327,41224.0,23.690399169921875,21.405670166015625,13.49072265625,12.3211669921875,42.02499961853027
2021-11-26 16:14:13.001,22.08262252807617,99.93975830078124,163.37889862060547,77.80302429199219,98.5999984741211,60.96282196044922,99.92766571044922,15.245335578918455,41.73048097654327,41224.0,23.690399169921875,21.405670166015625,13.49072265625,12.3211669921875,42.02499961853027
2021-11-26 16:14:13.991,22.196134567260746,100.0,162.89876556396484,77.80302429199219,98.6999969482422,60.96282196044922,99.92766571044922,15.232671737670898,42.13362685265236,41224.0,22.167251586914062,18.604156494140625,12.130767822265623,9.927642822265623,42.02499961853027
2021-11-26 16:14:15.001,22.32147216796875,100.0,163.6637420654297,77.80302429199219,99.0999984741211,60.96282196044922,99.92766571044922,15.228164672851562,40.650474925830224,41224.0,20.07293701171875,18.57696533203125,14.497100830078123,11.042816162109377,42.02499961853027
2021-11-26 16:14:16.003,22.32147216796875,100.0,163.6637420654297,77.80302429199219,99.0999984741211,60.96282196044922,99.92766571044922,15.228164672851562,40.650474925830224,41224.0,20.07293701171875,18.57696533203125,14.497100830078123,11.042816162109377,42.02499961853027
2021-11-26 16:14:16.991,22.4420223236084,99.93975830078124,164.5263671875,77.80302429199219,98.9000015258789,60.96282196044922,99.92766571044922,15.223785400390623,43.335345501132366,41224.0,22.629638671875,14.089111328125,17.4617919921875,16.21063232421875,42.04999923706055
2021-11-26 16:14:17.994,22.50212478637696,100.06023406982422,164.07876586914062,77.80302429199219,98.5999984741211,60.96282196044922,99.92766571044922,15.227659225463867,42.51352063819113,41224.0,24.343170166015625,19.637725830078125,14.333892822265623,19.85531616210937,42.02499961853027
2021-11-26 16:14:18.991,22.50212478637696,100.06023406982422,164.07876586914062,77.80302429199219,98.5999984741211,60.96282196044922,99.92766571044922,15.227659225463867,42.51352063819113,41224.0,24.343170166015625,19.637725830078125,14.333892822265623,19.85531616210937,42.02499961853027
2021-11-26 16:14:19.994,22.48312187194824,100.0,165.79589080810547,77.80302429199219,99.5999984741211,60.96282196044922,99.92766571044922,15.227160453796388,42.268547768419296,41224.0,25.05035400390625,16.5914306640625,20.34490966796875,17.97857666015625,42.04999923706055
2021-11-26 16:14:20.992,22.480833053588867,100.0,164.0869140625,77.80302429199219,99.6999969482422,60.96282196044922,99.92766571044922,15.223088264465332,39.516236424749785,41224.0,23.472808837890625,13.43634033203125,18.223373413085938,16.482635498046875,42.02499961853027
2021-11-26 16:14:21.990,22.480833053588867,100.0,164.0869140625,77.80302429199219,99.6999969482422,60.96282196044922,99.92766571044922,15.223088264465332,39.516236424749785,41224.0,23.472808837890625,13.43634033203125,18.223373413085938,16.482635498046875,42.02499961853027
2021-11-26 16:14:22.990,22.49742889404297,100.0,163.6962890625,77.80302429199219,99.29999542236328,60.96282196044922,99.92766571044922,15.236421585083008,39.63862973301189,41224.0,27.98785400390625,18.1961669921875,15.530670166015623,16.67303466796875,42.02499961853027
2021-11-26 16:14:23.995,22.514312744140625,99.8795166015625,164.9576873779297,77.80302429199219,98.79999542236328,60.96282196044922,99.92766571044922,15.23194408416748,40.03207256126406,41224.0,20.80731201171875,17.38018798828125,12.973953247070312,16.5914306640625,42.04999923706055
2021-11-26 16:14:25.005,22.514312744140625,99.8795166015625,164.9576873779297,77.80302429199219,98.79999542236328,60.96282196044922,99.92766571044922,15.23194408416748,40.03207256126406,41224.0,20.80731201171875,17.38018798828125,12.973953247070312,16.5914306640625,42.04999923706055
2021-11-26 16:14:25.992,22.445724487304688,100.06023406982422,163.6881561279297,77.80302429199219,98.5999984741211,60.96282196044922,99.92766571044922,15.2296781539917,42.93428157522453,41224.0,24.47918701171875,19.58331298828125,16.863418579101562,17.760986328125,42.04999923706055
2021-11-26 16:14:27.006,22.276512145996094,100.1204833984375,163.3382110595703,77.80302429199219,99.0,60.96282196044922,99.92766571044922,15.223883628845217,39.865003474520925,41224.0,20.100128173828125,14.061920166015623,16.50982666015625,14.986679077148438,42.07499980926514
2021-11-26 16:14:28.005,22.276512145996094,100.1204833984375,163.3382110595703,77.80302429199219,99.0,60.96282196044922,99.92766571044922,15.223883628845217,39.865003474520925,41224.0,20.100128173828125,14.061920166015623,16.50982666015625,14.986679077148438,42.07499980926514
2021-11-26 16:14:28.990,22.18049430847168,99.93975830078124,164.00553131103516,77.80302429199219,98.9000015258789,60.96282196044922,99.92766571044922,15.227048873901367,44.49859596299482,41224.0,26.247116088867188,16.8634033203125,13.898712158203123,11.53240966796875,42.07499980926514
2021-11-26 16:14:29.995,22.11890411376953,99.93975830078124,163.32193756103516,77.80302429199219,98.4000015258789,60.96282196044922,99.92766571044922,15.227282524108888,41.89881876496334,41224.0,25.159149169921875,21.079269409179688,12.457168579101562,10.879623413085938,42.04999923706055
2021-11-26 16:14:31.002,22.11890411376953,99.93975830078124,163.32193756103516,77.80302429199219,98.4000015258789,60.96282196044922,99.92766571044922,15.227282524108888,41.89881876496334,41224.0,25.159149169921875,21.079269409179688,12.457168579101562,10.879623413085938,42.04999923706055
2021-11-26 16:14:31.994,22.07944679260254,99.93975830078124,165.3076171875,77.80302429199219,99.29999542236328,60.96282196044922,99.92766571044922,15.225095748901367,41.824461132435424,41224.0,26.95428466796875,18.84893798828125,19.74652099609375,15.285873413085938,42.07499980926514
2021-11-26 16:14:33.003,21.985126495361328,100.18072509765624,164.59146881103516,77.80302429199219,99.5999984741211,60.96282196044922,99.92766571044922,15.2196626663208,41.2709528220876,41224.0,20.58970642089844,18.54975891113281,20.61688232421875,19.5289306640625,42.04999923706055
2021-11-26 16:14:34.005,21.985126495361328,100.18072509765624,164.59146881103516,77.80302429199219,99.5999984741211,60.96282196044922,99.92766571044922,15.2196626663208,41.2709528220876,41224.0,20.58970642089844,18.54975891113281,20.61688232421875,19.5289306640625,42.04999923706055
2021-11-26 16:14:35.993,21.84359169006348,99.81927490234376,163.916015625,77.80302429199219,99.9000015258789,60.96282196044922,99.92766571044922,15.229998588562012,38.00742136995142,41224.0,21.160888671875,15.965850830078123,12.729156494140623,14.415496826171877,42.04999923706055
2021-11-26 16:14:35.000,21.85158920288086,100.06023406982422,164.29036712646484,77.80302429199219,99.6999969482422,60.96282196044922,99.92766571044922,15.22495937347412,40.96986922562738,41224.0,18.87615966796875,20.508087158203125,16.020248413085938,19.28413391113281,42.07499980926514
2021-11-26 16:14:36.990,21.84359169006348,99.81927490234376,163.916015625,77.80302429199219,99.9000015258789,60.96282196044922,99.92766571044922,15.229998588562012,38.00742136995142,41224.0,21.160888671875,15.965850830078123,12.729156494140623,14.415496826171877,42.04999923706055
2021-11-26 16:14:37.992,21.913911819458008,99.93975830078124,164.90071868896484,77.80302429199219,98.6999969482422,60.96282196044922,99.92766571044922,15.227126121520996,42.01981704384839,41224.0,21.269683837890625,14.061920166015623,13.599517822265623,14.333892822265623,42.07499980926514
2021-11-26 16:14:39.002,22.05607986450196,100.1204833984375,162.8580780029297,77.80302429199219,99.6999969482422,60.96282196044922,99.92766571044922,15.223731994628906,39.98825345230062,41224.0,26.65509033203125,17.652191162109375,11.777191162109377,16.15625,42.07499980926514
2021-11-26 16:14:40.000,22.05607986450196,100.1204833984375,162.8580780029297,77.80302429199219,99.6999969482422,60.96282196044922,99.92766571044922,15.223731994628906,39.98825345230062,41224.0,26.65509033203125,17.652191162109375,11.777191162109377,16.15625,42.07499980926514
2021-11-26 16:14:41.004,22.10565185546875,100.0,162.890625,77.80302429199219,98.4000015258789,60.96282196044922,99.92766571044922,15.227578163146973,43.632026394407184,41224.0,25.675933837890625,20.61688232421875,15.503463745117188,16.564239501953125,42.07499980926514
2021-11-26 16:14:42.004,22.11460304260254,99.93975830078124,164.013671875,77.80302429199219,98.9000015258789,60.96282196044922,99.92766571044922,15.230466842651367,41.56575839362742,41224.0,23.6632080078125,17.4617919921875,15.965850830078123,13.028350830078123,42.07499980926514
2021-11-26 16:14:42.991,22.11460304260254,99.93975830078124,164.013671875,77.80302429199219,98.9000015258789,60.96282196044922,99.92766571044922,15.230466842651367,41.56575839362742,41224.0,23.6632080078125,17.4617919921875,15.965850830078123,13.028350830078123,42.07499980926514
2021-11-26 16:14:43.996,22.231809616088867,99.93975830078124,164.17642974853516,77.80302429199219,99.29999542236328,60.96282196044922,99.93128204345705,15.237503051757812,39.78533032838129,41224.0,18.11459350585937,19.773712158203125,16.5914306640625,14.279510498046877,42.07499980926514
2021-11-26 16:14:45.003,22.404525756835938,100.0,163.37076568603516,77.80302429199219,98.6999969482422,60.96282196044922,99.92766571044922,15.235864639282228,42.396596274747104,41224.0,23.39120483398437,18.3321533203125,18.604156494140625,14.60589599609375,42.07499980926514
2021-11-26 16:14:46.001,22.404525756835938,100.0,163.37076568603516,77.80302429199219,98.6999969482422,60.96282196044922,99.92766571044922,15.235864639282228,42.396596274747104,41224.0,23.39120483398437,18.3321533203125,18.604156494140625,14.60589599609375,42.07499980926514
2021-11-26 16:14:46.990,22.50484848022461,100.06023406982422,163.6962890625,77.80302429199219,98.1999969482422,60.96282196044922,99.92766571044922,15.233627319335938,40.36098551218906,41224.0,23.5,16.754608154296875,15.285873413085938,14.578704833984377,42.07499980926514
2021-11-26 16:14:48.005,22.46503257751465,99.8795166015625,164.51009368896484,77.80302429199219,98.9000015258789,60.96282196044922,99.92766571044922,15.229995727539062,40.64430253757234,41224.0,27.171875,13.327545166015623,16.700225830078125,15.9930419921875,42.07499980926514
2021-11-26 16:14:49.002,22.46503257751465,99.8795166015625,164.51009368896484,77.80302429199219,98.9000015258789,60.96282196044922,99.92766571044922,15.229995727539062,40.64430253757234,41224.0,27.171875,13.327545166015623,16.700225830078125,15.9930419921875,42.07499980926514
2021-11-26 16:14:49.992,22.349903106689453,100.06023406982422,163.22428131103516,77.80302429199219,99.9000015258789,60.96282196044922,99.92766571044922,15.227832794189451,39.57125194127969,41224.0,22.167251586914062,19.501724243164062,17.24420166015625,17.4617919921875,42.07499980926514
2021-11-26 16:14:50.992,22.349903106689453,100.06023406982422,163.22428131103516,77.80302429199219,99.9000015258789,60.96282196044922,99.92766571044922,15.227832794189451,39.57125194127969,41224.0,22.167251586914062,19.501724243164062,17.24420166015625,17.4617919921875,42.07499980926514
2021-11-26 16:14:51.990,22.30517768859864,100.06023406982422,163.5660858154297,77.80302429199219,98.5999984741211,60.96282196044922,99.93128204345705,15.239081382751465,41.927242048865175,41224.0,18.767364501953125,15.34027099609375,14.143508911132812,17.97857666015625,42.07499980926514
2021-11-26 16:14:53.001,22.28339195251465,99.93975830078124,164.45313262939453,77.80302429199219,98.5,60.96282196044922,99.92766571044922,15.235003471374512,45.54252170798127,41224.0,24.506378173828125,19.039337158203125,14.361114501953123,14.660293579101562,42.07499980926514
2021-11-26 16:14:53.990,22.28339195251465,99.93975830078124,164.45313262939453,77.80302429199219,98.5,60.96282196044922,99.92766571044922,15.235003471374512,45.54252170798127,41224.0,24.506378173828125,19.039337158203125,14.361114501953123,14.660293579101562,42.07499980926514
2021-11-26 16:14:54.990,22.287607192993164,100.0,164.0869140625,77.80302429199219,99.0,60.96282196044922,99.93128204345705,15.22978401184082,40.2670932488955,41224.0,26.111114501953125,18.685760498046875,14.986679077148438,11.28759765625,42.09999942779541
2021-11-26 16:14:55.993,22.20695304870605,100.1204833984375,163.87532806396484,77.80302429199219,99.0,60.96282196044922,99.93128204345705,15.237475395202637,42.10049937133032,41224.0,28.232650756835938,21.704849243164062,12.810760498046877,14.796295166015623,42.09999942779541
2021-11-26 16:14:57.001,22.20695304870605,100.1204833984375,163.87532806396484,77.80302429199219,99.0,60.96282196044922,99.93128204345705,15.237475395202637,42.10049937133032,41224.0,28.232650756835938,21.704849243164062,12.810760498046877,14.796295166015623,42.09999942779541
2021-11-26 16:14:57.990,22.06316566467285,100.0,164.1845703125,77.80302429199219,98.0,60.96282196044922,99.93128204345705,15.229681968688965,44.02666671738368,41224.0,21.160888671875,19.5289306640625,18.957748413085938,11.342010498046877,42.09999942779541
2021-11-26 16:14:58.994,21.99308013916016,99.93975830078124,163.8346405029297,77.80302429199219,98.5999984741211,60.96282196044922,99.93128204345705,15.225785255432127,43.56741095169524,41224.0,18.930572509765625,17.89697265625,14.061920166015623,16.07464599609375,42.09999942779541
2021-11-26 16:15:00.006,21.99308013916016,99.93975830078124,163.8346405029297,77.80302429199219,98.5999984741211,60.96282196044922,99.93128204345705,15.225785255432127,43.56741095169524,41224.0,18.930572509765625,17.89697265625,14.061920166015623,16.07464599609375,42.09999942779541
2021-11-26 16:15:00.991,22.01659393310547,100.06023406982422,164.4368438720703,77.80302429199219,99.4000015258789,60.96282196044922,99.92766571044922,15.229049682617188,40.15421194216149,41224.0,24.69677734375,18.250564575195312,21.052078247070312,12.076385498046877,42.09999942779541
2021-11-26 16:15:01.994,22.09102249145508,100.0,163.5660858154297,77.80302429199219,99.29999542236328,60.96282196044922,99.92766571044922,15.228941917419434,42.42186544049424,41224.0,23.690399169921875,18.957733154296875,18.57696533203125,14.497100830078123,42.09999942779541
2021-11-26 16:15:02.990,22.09102249145508,100.0,163.5660858154297,77.80302429199219,99.29999542236328,60.96282196044922,99.92766571044922,15.228941917419434,42.42186544049424,41224.0,23.690399169921875,18.957733154296875,18.57696533203125,14.497100830078123,42.09999942779541
2021-11-26 16:15:03.990,22.08949851989746,99.93975830078124,163.41959381103516,77.80302429199219,98.5999984741211,60.96282196044922,99.93128204345705,15.221508979797363,40.72267151611064,41224.0,24.098388671875,16.292236328125,16.836212158203125,18.25057983398437,42.09999942779541
2021-11-26 16:15:04.990,22.04588890075684,99.93975830078124,163.78580474853516,77.80302429199219,99.0999984741211,60.96282196044922,99.92766571044922,15.219253540039062,43.6065005565219,41224.0,20.18173217773437,17.760986328125,13.762725830078123,20.208892822265625,42.09999942779541
2021-11-26 16:15:05.994,22.04588890075684,99.93975830078124,163.78580474853516,77.80302429199219,99.0999984741211,60.96282196044922,99.92766571044922,15.219253540039062,43.6065005565219,41224.0,20.18173217773437,17.760986328125,13.762725830078123,20.208892822265625,42.09999942779541
2021-11-26 16:15:06.993,22.14404487609864,100.06023406982422,164.85189056396484,77.80302429199219,98.5999984741211,60.96282196044922,99.93128204345705,15.2169828414917,43.75399076836173,41224.0,27.307876586914062,21.59605407714844,13.57232666015625,14.5242919921875,42.09999942779541
2021-11-26 16:15:07.992,22.24937057495117,100.06023406982422,165.2018280029297,77.80302429199219,99.8000030517578,60.96282196044922,99.92766571044922,15.226526260375977,38.120197224570646,41224.0,23.44561767578125,18.440963745117188,13.599517822265623,18.359375,42.09999942779541
2021-11-26 16:15:08.991,22.24937057495117,100.06023406982422,165.2018280029297,77.80302429199219,99.8000030517578,60.96282196044922,99.92766571044922,15.226526260375977,38.120197224570646,41224.0,23.44561767578125,18.440963745117188,13.599517822265623,18.359375,42.09999942779541
2021-11-26 16:15:09.991,22.34158515930176,99.8795166015625,163.48470306396484,77.80302429199219,99.0,60.96282196044922,99.92766571044922,15.221811294555664,40.706706876938206,41224.0,25.94793701171875,16.319427490234375,15.557861328125,17.026611328125,42.09999942779541
2021-11-26 16:15:10.993,22.31745719909668,100.06023406982422,163.19173431396484,77.80302429199219,98.79999542236328,60.96282196044922,99.92766571044922,15.224236488342283,38.55054284865746,41224.0,25.48553466796875,17.081008911132812,13.6539306640625,16.482635498046875,42.09999942779541
2021-11-26 16:15:12.005,22.31745719909668,100.06023406982422,163.19173431396484,77.80302429199219,98.79999542236328,60.96282196044922,99.92766571044922,15.224236488342283,38.55054284865746,41224.0,25.48553466796875,17.081008911132812,13.6539306640625,16.482635498046875,42.09999942779541
2021-11-26 16:15:12.990,22.23412704467773,100.06023406982422,163.2080078125,77.80302429199219,98.9000015258789,60.96282196044922,99.92766571044922,15.228549003601074,41.39268578785471,41224.0,23.037628173828125,13.898712158203123,18.63134765625,19.12094116210937,42.09999942779541
2021-11-26 16:15:14.002,22.23991584777832,99.93975830078124,163.4521484375,77.80302429199219,98.5999984741211,60.96282196044922,99.92766571044922,15.226054191589355,43.00110556314124,41224.0,18.767364501953125,16.020233154296875,15.530670166015623,13.164337158203123,42.09999942779541
2021-11-26 16:15:15.001,22.23991584777832,99.93975830078124,163.4521484375,77.80302429199219,98.5999984741211,60.96282196044922,99.92766571044922,15.226054191589355,43.00110556314124,41224.0,18.767364501953125,16.020233154296875,15.530670166015623,13.164337158203123,42.09999942779541
2021-11-26 16:15:15.994,22.27476692199707,99.93975830078124,163.5986328125,77.80302429199219,99.5999984741211,60.96282196044922,99.92766571044922,15.224040031433104,42.608459057680285,41224.0,21.133697509765625,17.3258056640625,17.217010498046875,18.087371826171875,42.09999942779541
2021-11-26 16:15:16.991,22.31269073486328,100.1204833984375,161.70247650146484,77.80302429199219,98.4000015258789,60.96282196044922,99.92766571044922,15.225253105163574,40.91986870544002,41224.0,24.043991088867188,20.072906494140625,10.662017822265623,16.999420166015625,42.09999942779541
2021-11-26 16:15:18.001,22.31269073486328,100.1204833984375,161.70247650146484,77.80302429199219,98.4000015258789,60.96282196044922,99.92766571044922,15.225253105163574,40.91986870544002,41224.0,24.043991088867188,20.072906494140625,10.662017822265623,16.999420166015625,42.09999942779541
2021-11-26 16:15:18.991,22.277257919311523,99.93975830078124,164.3310546875,77.80302429199219,99.5,60.96282196044922,99.92766571044922,15.224234580993652,41.45208296891898,41224.0,20.07293701171875,20.01850891113281,10.906829833984377,17.760986328125,42.09999942779541
2021-11-26 16:15:19.990,22.170146942138672,99.8795166015625,162.2395782470703,77.80302429199219,98.79999542236328,60.96282196044922,99.93128204345705,15.225597381591797,42.00351906501478,41224.0,24.778366088867188,19.936920166015625,12.049179077148438,17.135406494140625,42.09999942779541
2021-11-26 16:15:20.994,22.16529083251953,100.06023406982422,162.58951568603516,77.80302429199219,99.0999984741211,60.96282196044922,99.92766571044922,15.22767162322998,42.37272192503982,41224.0,24.098388671875,16.37384033203125,13.327545166015623,13.463531494140623,42.09999942779541
2021-11-26 16:15:21.993,22.16529083251953,100.06023406982422,162.58951568603516,77.80302429199219,99.0999984741211,60.96282196044922,99.92766571044922,15.22767162322998,42.37272192503982,41224.0,24.098388671875,16.37384033203125,13.327545166015623,13.463531494140623,42.09999942779541
2021-11-26 16:15:22.990,22.20416641235352,100.06023406982422,162.4755859375,77.80302429199219,98.79999542236328,60.96282196044922,99.92766571044922,15.22990608215332,41.19327454189701,41224.0,21.160888671875,14.22509765625,17.081008911132812,16.5914306640625,42.09999942779541
2021-11-26 16:15:23.993,22.27704620361328,100.0,163.28939056396484,77.80302429199219,98.5,60.96282196044922,99.92766571044922,15.224924087524414,42.29819219650556,41224.0,21.487274169921875,19.39292907714844,15.20428466796875,11.722793579101562,42.09999942779541
2021-11-26 16:15:25.005,22.27704620361328,100.0,163.28939056396484,77.80302429199219,98.5,60.96282196044922,99.92766571044922,15.224924087524414,42.29819219650556,41224.0,21.487274169921875,19.39292907714844,15.20428466796875,11.722793579101562,42.09999942779541
2021-11-26 16:15:25.993,22.235036849975582,99.93975830078124,163.94043731689453,77.80302429199219,99.0999984741211,60.96282196044922,99.92766571044922,15.22061824798584,44.83859207966537,41224.0,27.09028625488281,20.807281494140625,17.4617919921875,15.585052490234377,42.09999942779541
2021-11-26 16:15:26.992,22.15615463256836,100.06023406982422,162.94759368896484,77.80302429199219,98.4000015258789,60.96282196044922,99.92766571044922,15.214834213256836,44.71412249403979,41224.0,25.2679443359375,20.2633056640625,21.432861328125,7.452545166015625,42.09999942779541
2021-11-26 16:15:28.001,22.15615463256836,100.06023406982422,162.94759368896484,77.80302429199219,98.4000015258789,60.96282196044922,99.92766571044922,15.214834213256836,44.71412249403979,41224.0,25.2679443359375,20.2633056640625,21.432861328125,7.452545166015625,42.09999942779541
2021-11-26 16:15:28.990,22.143054962158203,100.06023406982422,162.19075775146484,77.80302429199219,99.0999984741211,60.96282196044922,99.93128204345705,15.214988708496094,41.1567050593238,41224.0,23.608795166015625,20.72567749023437,11.80438232421875,15.77545166015625,42.09999942779541
2021-11-26 16:15:29.993,22.20039367675781,99.8795166015625,162.89061737060547,77.80302429199219,99.4000015258789,60.96282196044922,99.93128204345705,15.21300983428955,43.73530164785127,41224.0,27.4710693359375,15.748260498046877,11.994781494140623,16.401031494140625,42.09999942779541
2021-11-26 16:15:31.001,22.20039367675781,99.8795166015625,162.89061737060547,77.80302429199219,99.4000015258789,60.96282196044922,99.93128204345705,15.21300983428955,43.73530164785127,41224.0,27.4710693359375,15.748260498046877,11.994781494140623,16.401031494140625,42.09999942779541
2021-11-26 16:15:32.002,22.268348693847656,100.0,163.54979705810547,77.80302429199219,99.0,60.96282196044922,99.92766571044922,15.21390438079834,43.30596671802415,41224.0,25.64874267578125,19.773712158203125,12.484375,15.34027099609375,42.09999942779541
2021-11-26 16:15:32.990,22.24830436706543,100.1204833984375,162.79296875,77.80302429199219,100.3000030517578,60.96282196044922,99.92766571044922,15.21412467956543,41.05542423138065,41224.0,22.27606201171875,16.917816162109375,14.22509765625,19.828125,42.09999942779541
2021-11-26 16:15:33.990,22.24830436706543,100.1204833984375,162.79296875,77.80302429199219,100.3000030517578,60.96282196044922,99.92766571044922,15.21412467956543,41.05542423138065,41224.0,22.27606201171875,16.917816162109375,14.22509765625,19.828125,42.09999942779541
2021-11-26 16:15:34.994,22.18955039978028,99.93975830078124,163.28125,77.80302429199219,99.0999984741211,60.96282196044922,99.93128204345705,15.21320343017578,41.60658018526325,41224.0,20.07293701171875,16.537017822265625,11.423614501953123,19.338531494140625,42.09999942779541
2021-11-26 16:15:36.004,22.23653984069824,99.93975830078124,163.28125,77.80302429199219,99.6999969482422,60.96282196044922,99.92766571044922,15.2105712890625,38.71121927963912,41224.0,20.99769592285156,19.09375,14.30670166015625,15.313079833984377,42.09999942779541
2021-11-26 16:15:36.992,22.23653984069824,99.93975830078124,163.28125,77.80302429199219,99.6999969482422,60.96282196044922,99.92766571044922,15.2105712890625,38.71121927963912,41224.0,20.99769592285156,19.09375,14.30670166015625,15.313079833984377,42.09999942779541
2021-11-26 16:15:37.994,22.296201705932617,100.0,163.37890625,77.80302429199219,99.5999984741211,60.96282196044922,99.92766571044922,15.205307960510254,38.69351188245378,41224.0,26.95428466796875,18.957733154296875,13.817123413085938,12.593170166015623,42.09999942779541
2021-11-26 16:15:38.991,22.34169006347656,100.06023406982422,162.2965545654297,77.80302429199219,98.0999984741211,60.96282196044922,99.93128204345705,15.200044631958008,41.5821870187169,41224.0,21.405670166015625,15.585052490234377,15.503463745117188,14.60589599609375,42.09999942779541
2021-11-26 16:15:39.994,22.34169006347656,100.06023406982422,162.2965545654297,77.80302429199219,98.0999984741211,60.96282196044922,99.93128204345705,15.200044631958008,41.5821870187169,41224.0,21.405670166015625,15.585052490234377,15.503463745117188,14.60589599609375,42.09999942779541
2021-11-26 16:15:40.994,22.26016998291016,99.93975830078124,163.62305450439453,77.80302429199219,99.1999969482422,60.96282196044922,99.93128204345705,15.197413444519045,42.528361697715816,41224.0,22.765625,19.39292907714844,14.17071533203125,14.986679077148438,42.125
2021-11-26 16:15:41.994,22.13581275939941,100.06023406982422,163.818359375,77.80302429199219,99.4000015258789,60.96282196044922,99.93128204345705,15.194781303405762,41.2718221408205,41224.0,27.280670166015625,15.1226806640625,17.488998413085938,16.863418579101562,42.09999942779541
2021-11-26 16:15:43.002,22.13581275939941,100.06023406982422,163.818359375,77.80302429199219,99.4000015258789,60.96282196044922,99.93128204345705,15.194781303405762,41.2718221408205,41224.0,27.280670166015625,15.1226806640625,17.488998413085938,16.863418579101562,42.09999942779541
2021-11-26 16:15:43.994,22.106342315673828,100.06023406982422,164.794921875,77.80302429199219,99.0999984741211,60.96282196044922,99.92766571044922,15.19686222076416,42.00429815471666,41224.0,22.765625,15.829849243164062,13.57232666015625,13.43634033203125,42.09999942779541
2021-11-26 16:15:44.992,22.12502670288086,99.93975830078124,165.6168670654297,77.80302429199219,98.5999984741211,60.96282196044922,99.93128204345705,15.194320678710938,39.85180199184716,41224.0,23.554412841796875,14.497100830078123,20.91607666015625,13.164337158203123,42.09999942779541
2021-11-26 16:15:45.992,22.12502670288086,99.93975830078124,165.6168670654297,77.80302429199219,98.5999984741211,60.96282196044922,99.93128204345705,15.194320678710938,39.85180199184716,41224.0,23.554412841796875,14.497100830078123,20.91607666015625,13.164337158203123,42.09999942779541
2021-11-26 16:15:46.991,22.156139373779297,99.93975830078124,165.88541412353516,77.80302429199219,99.0,60.96282196044922,99.93128204345705,15.196666717529297,40.31797030319215,41224.0,26.029525756835938,17.516189575195312,10.036453247070312,15.449066162109377,42.09999942779541
2021-11-26 16:15:47.995,22.078569412231445,100.1204833984375,166.2190704345703,77.80302429199219,99.8000030517578,60.96282196044922,99.93128204345705,15.19567584991455,40.91809056847424,41224.0,25.2679443359375,15.612258911132812,15.394668579101562,13.7899169921875,42.125
2021-11-26 16:15:48.993,22.078569412231445,100.1204833984375,166.2190704345703,77.80302429199219,99.8000030517578,60.96282196044922,99.93128204345705,15.19567584991455,40.91809056847424,41224.0,25.2679443359375,15.612258911132812,15.394668579101562,13.7899169921875,42.125
2021-11-26 16:15:49.991,21.951919555664062,100.0,167.0735626220703,77.80302429199219,98.79999542236328,60.96282196044922,99.93128204345705,15.200399398803713,41.415334680438,41224.0,24.642364501953125,14.714691162109377,14.90509033203125,15.829864501953123,42.125
2021-11-26 16:15:50.994,21.946697235107425,99.81927490234376,169.06739044189453,77.80302429199219,98.5,60.96282196044922,99.92766571044922,15.198809623718262,43.6453859116543,41224.0,25.62153625488281,12.593170166015623,13.028350830078123,17.3258056640625,42.125
2021-11-26 16:15:51.992,21.946697235107425,99.81927490234376,169.06739044189453,77.80302429199219,98.5,60.96282196044922,99.92766571044922,15.198809623718262,43.6453859116543,41224.0,25.62153625488281,12.593170166015623,13.028350830078123,17.3258056640625,42.125
2021-11-26 16:15:52.991,22.00769424438477,100.0,168.88834381103516,77.80302429199219,98.5,60.96282196044922,99.92766571044922,15.20604133605957,43.60282084904539,41224.0,18.98495483398437,17.3258056640625,18.223373413085938,19.39292907714844,42.125
2021-11-26 16:15:54.994,22.12497329711914,100.18072509765624,169.01856231689453,77.80302429199219,99.0,60.96282196044922,99.92766571044922,15.214130401611328,40.51675994654417,41224.0,22.38485717773437,22.4664306640625,15.557861328125,13.844329833984377,42.125
2021-11-26 16:15:54.000,22.12497329711914,100.18072509765624,169.01856231689453,77.80302429199219,99.0,60.96282196044922,99.92766571044922,15.214130401611328,40.51675994654417,41224.0,22.38485717773437,22.4664306640625,15.557861328125,13.844329833984377,42.125
2021-11-26 16:15:55.994,22.136716842651367,99.93975830078124,167.42350006103516,77.80302429199219,99.4000015258789,60.96282196044922,99.92766571044922,15.213031768798828,41.06306600499827,41224.0,25.757537841796875,19.88250732421875,10.79803466796875,9.193267822265623,42.125
2021-11-26 16:15:56.992,22.116193771362305,99.8795166015625,166.12955474853516,77.80302429199219,98.79999542236328,60.96282196044922,99.92766571044922,15.209033012390137,44.1096681358021,41224.0,27.60707092285156,17.815383911132812,16.265045166015625,16.80902099609375,42.125
2021-11-26 16:15:58.001,22.116193771362305,99.8795166015625,166.12955474853516,77.80302429199219,98.79999542236328,60.96282196044922,99.92766571044922,15.209033012390137,44.1096681358021,41224.0,27.60707092285156,17.815383911132812,16.265045166015625,16.80902099609375,42.125
2021-11-26 16:15:58.992,22.18933486938477,100.06023406982422,166.4876251220703,77.80302429199219,98.6999969482422,60.96282196044922,99.92766571044922,15.20703411102295,42.14508438573023,41224.0,23.93519592285156,14.714691162109377,13.980316162109377,13.6539306640625,42.125
2021-11-26 16:16:00.005,22.18933486938477,100.06023406982422,166.4876251220703,77.80302429199219,98.6999969482422,60.96282196044922,99.92766571044922,15.20703411102295,42.14508438573023,41224.0,23.93519592285156,14.714691162109377,13.980316162109377,13.6539306640625,42.125
2021-11-26 16:16:00.990,22.31735610961914,100.1204833984375,166.4143829345703,77.80302429199219,98.1999969482422,60.96282196044922,99.92766571044922,15.205246925354004,41.90123515454858,41224.0,22.11285400390625,12.484375,15.93865966796875,13.517929077148438,42.125
2021-11-26 16:16:01.992,22.42742729187012,99.93975830078124,167.9606170654297,77.80302429199219,98.5999984741211,60.96282196044922,99.92766571044922,15.206218719482422,41.738092777854455,41224.0,22.68403625488281,16.319427490234375,16.67303466796875,17.053802490234375,42.125
2021-11-26 16:16:02.993,22.42742729187012,99.93975830078124,167.9606170654297,77.80302429199219,98.5999984741211,60.96282196044922,99.92766571044922,15.206218719482422,41.738092777854455,41224.0,22.68403625488281,16.319427490234375,16.67303466796875,17.053802490234375,42.125
2021-11-26 16:16:03.992,22.379676818847656,100.0,168.43260955810547,77.80302429199219,98.79999542236328,60.96282196044922,99.92766571044922,15.204567909240724,43.996123202523805,41224.0,16.61865234375,14.90509033203125,14.823486328125,20.86167907714844,42.125
2021-11-26 16:16:04.991,22.24555969238281,100.0,167.5862579345703,77.80302429199219,99.0999984741211,60.96282196044922,99.92766571044922,15.209239959716797,40.1914405114258,41224.0,16.564239501953125,18.54975891113281,20.888885498046875,12.3211669921875,42.125
2021-11-26 16:16:06.001,22.24555969238281,100.0,167.5862579345703,77.80302429199219,99.0999984741211,60.96282196044922,99.92766571044922,15.209239959716797,40.1914405114258,41224.0,16.564239501953125,18.54975891113281,20.888885498046875,12.3211669921875,42.125
2021-11-26 16:16:06.994,22.19349670410156,100.0,169.37662506103516,77.80302429199219,99.8000030517578,60.96282196044922,99.92766571044922,15.213722229003906,43.56300271644782,41224.0,21.568878173828125,18.0601806640625,16.07464599609375,16.645828247070312,42.125
2021-11-26 16:16:07.991,22.24989128112793,100.0,167.0247344970703,77.80302429199219,99.29999542236328,60.96282196044922,99.92766571044922,15.214914321899414,40.88226560863878,41224.0,24.3975830078125,13.70831298828125,13.00115966796875,11.206008911132812,42.125
2021-11-26 16:16:08.991,22.24989128112793,100.0,167.0247344970703,77.80302429199219,99.29999542236328,60.96282196044922,99.92766571044922,15.214914321899414,40.88226560863878,41224.0,24.3975830078125,13.70831298828125,13.00115966796875,11.206008911132812,42.125
2021-11-26 16:16:10.003,22.28702735900879,100.0,168.2779998779297,77.80302429199219,99.29999542236328,60.96282196044922,99.92766571044922,15.215961456298828,38.50238972424139,41224.0,25.05035400390625,18.740142822265625,17.89697265625,13.00115966796875,42.125
2021-11-26 16:16:11.000,22.202348709106445,99.93975830078124,167.3665313720703,77.80302429199219,99.5,60.96282196044922,99.92766571044922,15.21432399749756,41.72856420620381,41224.0,26.21990966796875,20.04571533203125,11.858795166015623,14.30670166015625,42.125
2021-11-26 16:16:12.004,22.202348709106445,99.93975830078124,167.3665313720703,77.80302429199219,99.5,60.96282196044922,99.92766571044922,15.21432399749756,41.72856420620381,41224.0,26.21990966796875,20.04571533203125,11.858795166015623,14.30670166015625,42.125
2021-11-26 16:16:13.002,22.10173988342285,99.93975830078124,166.0888671875,77.80302429199219,97.79999542236328,60.96282196044922,99.92766571044922,15.21104907989502,43.44687809299482,41224.0,20.616912841796875,10.743621826171877,14.00750732421875,11.477996826171877,42.125
2021-11-26 16:16:14.004,22.102174758911133,100.1204833984375,167.13866424560547,77.80302429199219,98.5999984741211,60.96282196044922,99.92766571044922,15.213821411132812,41.55721832376085,41224.0,27.171875,13.517929077148438,13.817123413085938,17.298614501953125,42.125
2021-11-26 16:16:14.994,22.18817138671875,99.93975830078124,166.796875,77.80302429199219,98.5999984741211,60.96282196044922,99.92766571044922,15.213619232177734,43.06972118608867,41224.0,20.99769592285156,11.151611328125,17.10821533203125,15.77545166015625,42.125
2021-11-26 16:16:15.994,22.18817138671875,99.93975830078124,166.796875,77.80302429199219,98.5999984741211,60.96282196044922,99.92766571044922,15.213619232177734,43.06972118608867,41224.0,20.99769592285156,11.151611328125,17.10821533203125,15.77545166015625,42.125
2021-11-26 16:16:16.991,22.27538681030273,99.93975830078124,168.52213287353516,77.80302429199219,99.0,60.96282196044922,99.92766571044922,15.212071418762209,44.32290033888994,41224.0,21.07928466796875,15.965850830078123,16.346633911132812,17.597793579101562,42.125
2021-11-26 16:16:17.994,22.21432113647461,100.06023406982422,166.44693756103516,77.80302429199219,100.10000610351562,60.96282196044922,99.92766571044922,15.210524559020996,42.663489114772574,41224.0,25.539947509765625,21.623260498046875,18.41375732421875,14.00750732421875,42.125
2021-11-26 16:16:18.993,22.21432113647461,100.06023406982422,166.44693756103516,77.80302429199219,100.10000610351562,60.96282196044922,99.92766571044922,15.210524559020996,42.663489114772574,41224.0,25.539947509765625,21.623260498046875,18.41375732421875,14.00750732421875,42.125
2021-11-26 16:16:20.002,22.13199234008789,100.06023406982422,167.87109375,77.80302429199219,99.0,60.96282196044922,99.92766571044922,15.207429885864258,43.98263650276321,41224.0,21.75927734375,13.49072265625,14.30670166015625,15.068267822265623,42.125
2021-11-26 16:16:21.004,22.13443946838379,99.8795166015625,167.08170318603516,77.80302429199219,100.10000610351562,60.96282196044922,99.92766571044922,15.205883026123049,46.10820847645992,41224.0,23.28240966796875,15.585052490234377,18.740142822265625,17.54339599609375,42.125
2021-11-26 16:16:21.995,22.13443946838379,99.8795166015625,167.08170318603516,77.80302429199219,100.10000610351562,60.96282196044922,99.92766571044922,15.205883026123049,46.10820847645992,41224.0,23.28240966796875,15.585052490234377,18.740142822265625,17.54339599609375,42.125
2021-11-26 16:16:23.001,22.21504211425781,99.93975830078124,168.48958587646484,77.80302429199219,99.0,60.96282196044922,99.92766571044922,15.202788352966309,43.88822022343798,41224.0,18.30499267578125,23.282394409179688,15.612258911132812,19.06654357910156,42.125
2021-11-26 16:16:23.994,22.29021644592285,100.06023406982422,168.115234375,77.80302429199219,99.5999984741211,60.96282196044922,99.92766571044922,15.201241493225098,41.431487444522496,41224.0,26.546295166015625,19.420135498046875,13.463531494140623,17.10821533203125,42.125
2021-11-26 16:16:25.002,22.29021644592285,100.06023406982422,168.115234375,77.80302429199219,99.5999984741211,60.96282196044922,99.92766571044922,15.201241493225098,41.431487444522496,41224.0,26.546295166015625,19.420135498046875,13.463531494140623,17.10821533203125,42.125
2021-11-26 16:16:25.992,22.19273567199707,100.1204833984375,167.87109375,77.80302429199219,99.1999969482422,60.96282196044922,99.92766571044922,15.204744338989258,40.40694794370792,41224.0,28.314239501953125,16.700225830078125,9.16607666015625,11.124420166015623,42.125
2021-11-26 16:16:26.994,22.104820251464844,99.93975830078124,166.93521881103516,77.80302429199219,99.0999984741211,60.96282196044922,99.92766571044922,15.204011917114258,40.04691330583438,41224.0,24.75115966796875,16.999420166015625,13.00115966796875,10.417236328125,42.125
2021-11-26 16:16:28.001,22.104820251464844,99.93975830078124,166.93521881103516,77.80302429199219,99.0999984741211,60.96282196044922,99.92766571044922,15.204011917114258,40.04691330583438,41224.0,24.75115966796875,16.999420166015625,13.00115966796875,10.417236328125,42.125
2021-11-26 16:16:28.993,22.10357666015625,99.8795166015625,167.3421173095703,77.80302429199219,98.79999542236328,60.96282196044922,99.92766571044922,15.19817066192627,42.5040289455881,41224.0,26.32870483398437,21.188064575195312,10.254043579101562,10.33563232421875,42.125
2021-11-26 16:16:29.993,22.170040130615234,100.06023406982422,166.6015625,77.80302429199219,98.9000015258789,60.96282196044922,99.92766571044922,15.19594383239746,43.29486025104689,41224.0,23.22802734375,15.829849243164062,11.777191162109377,15.69384765625,42.125
2021-11-26 16:16:30.992,22.170040130615234,100.06023406982422,166.6015625,77.80302429199219,98.9000015258789,60.96282196044922,99.92766571044922,15.19594383239746,43.29486025104689,41224.0,23.22802734375,15.829849243164062,11.777191162109377,15.69384765625,42.125
2021-11-26 16:16:32.004,22.26825904846192,100.06023406982422,167.26888275146484,77.80302429199219,99.29999542236328,60.96282196044922,99.92766571044922,15.19446086883545,41.04938500542312,41224.0,23.336822509765625,16.21063232421875,16.237838745117188,13.87152099609375,42.125
2021-11-26 16:16:32.995,22.26336097717285,99.8795166015625,168.1315155029297,77.80302429199219,98.9000015258789,60.96282196044922,99.92766571044922,15.19516372680664,43.325870152127074,41225.0,22.956024169921875,21.024871826171875,17.3258056640625,13.463531494140623,42.125
2021-11-26 16:16:33.992,22.26336097717285,99.8795166015625,168.1315155029297,77.80302429199219,98.9000015258789,60.96282196044922,99.92766571044922,15.19516372680664,43.325870152127074,41225.0,22.956024169921875,21.024871826171875,17.3258056640625,13.463531494140623,42.125
2021-11-26 16:16:34.991,22.1648006439209,100.0,167.48860931396484,77.80302429199219,99.1999969482422,60.96282196044922,99.92766571044922,15.199564933776855,45.13654458636409,41225.0,23.28240966796875,16.37384033203125,16.401031494140625,18.168975830078125,42.125
2021-11-26 16:16:35.993,22.151798248291016,100.06023406982422,167.7490234375,77.80302429199219,98.79999542236328,60.96282196044922,99.92766571044922,15.198198318481444,45.22574251833274,41225.0,22.602447509765625,21.48725891113281,19.909713745117188,9.737258911132812,42.125
2021-11-26 16:16:36.991,22.151798248291016,100.06023406982422,167.7490234375,77.80302429199219,98.79999542236328,60.96282196044922,99.92766571044922,15.198198318481444,45.22574251833274,41225.0,22.602447509765625,21.48725891113281,19.909713745117188,9.737258911132812,42.125
2021-11-26 16:16:37.990,22.198091506958008,99.93975830078124,167.3990936279297,77.80302429199219,99.1999969482422,60.96282196044922,99.92766571044922,15.20279026031494,44.08511493150182,41225.0,26.08392333984375,21.296875,18.54975891113281,16.618621826171875,42.125
2021-11-26 16:16:38.993,22.2690544128418,99.93975830078124,166.41439056396484,77.80302429199219,99.6999969482422,60.96282196044922,99.92766571044922,15.20151424407959,38.249265849438274,41225.0,20.372116088867188,22.05844116210937,10.93402099609375,16.67303466796875,42.125
2021-11-26 16:16:39.991,22.2690544128418,99.93975830078124,166.41439056396484,77.80302429199219,99.6999969482422,60.96282196044922,99.92766571044922,15.20151424407959,38.249265849438274,41225.0,20.372116088867188,22.05844116210937,10.93402099609375,16.67303466796875,42.125
2021-11-26 16:16:40.991,22.22836685180664,100.06023406982422,165.771484375,77.80302429199219,99.0,60.96282196044922,99.92766571044922,15.196024894714355,43.31341421955221,41225.0,20.07293701171875,15.231475830078123,13.817123413085938,15.449066162109377,42.125
2021-11-26 16:16:41.994,22.10214614868164,100.06023406982422,166.86197662353516,77.80302429199219,99.8000030517578,60.96282196044922,99.92766571044922,15.197640419006348,40.91009855978957,41225.0,23.772003173828125,16.42822265625,13.57232666015625,14.442703247070312,42.125
2021-11-26 16:16:43.993,22.088153839111328,99.93975830078124,165.39712524414062,77.80302429199219,98.5999984741211,60.96282196044922,99.92766571044922,15.195087432861328,41.01365582337425,41225.0,23.28240966796875,15.231475830078123,15.884246826171877,15.721054077148438,42.125
2021-11-26 16:16:43.000,22.10214614868164,100.06023406982422,166.86197662353516,77.80302429199219,99.8000030517578,60.96282196044922,99.92766571044922,15.197640419006348,40.91009855978957,41225.0,23.772003173828125,16.42822265625,13.57232666015625,14.442703247070312,42.125
2021-11-26 16:16:44.990,22.16059303283692,99.93975830078124,165.8447265625,77.80302429199219,98.5999984741211,60.96282196044922,99.92766571044922,15.200416564941406,40.37770138450352,41225.0,21.160888671875,16.5914306640625,15.285873413085938,13.6539306640625,42.125
2021-11-26 16:16:46.003,22.16059303283692,99.93975830078124,165.8447265625,77.80302429199219,98.5999984741211,60.96282196044922,99.92766571044922,15.200416564941406,40.37770138450352,41225.0,21.160888671875,16.5914306640625,15.285873413085938,13.6539306640625,42.125
2021-11-26 16:16:46.994,22.25545120239257,100.18072509765624,165.90169525146484,77.80302429199219,98.5,60.96282196044922,99.92766571044922,15.203907012939451,42.675141104942256,41225.0,22.54803466796875,19.637725830078125,18.1961669921875,10.743621826171877,42.125
2021-11-26 16:16:47.993,22.236610412597656,100.06023406982422,166.11328125,77.80302429199219,99.1999969482422,60.96282196044922,99.92766571044922,15.201301574707031,43.78950366036883,41225.0,23.41841125488281,18.3321533203125,13.082748413085938,19.28413391113281,42.125
2021-11-26 16:16:48.994,22.236610412597656,100.06023406982422,166.11328125,77.80302429199219,99.1999969482422,60.96282196044922,99.92766571044922,15.201301574707031,43.78950366036883,41225.0,23.41841125488281,18.3321533203125,13.082748413085938,19.28413391113281,42.125
2021-11-26 16:16:49.993,22.13294219970703,99.81927490234376,166.5608673095703,77.80302429199219,99.4000015258789,60.96282196044922,99.92766571044922,15.21299171447754,41.59453314346836,41225.0,22.65682983398437,14.30670166015625,14.796295166015623,16.5914306640625,42.125
2021-11-26 16:16:50.994,22.138551712036133,99.93975830078124,166.552734375,77.80302429199219,99.0,60.96282196044922,99.92766571044922,15.214950561523438,41.73711535742683,41225.0,27.79745483398437,12.593170166015623,12.511566162109377,17.625,42.125
2021-11-26 16:16:51.990,22.20426368713379,100.1204833984375,165.68196868896484,77.80302429199219,98.4000015258789,60.96282196044922,99.92766571044922,15.22041130065918,42.04366508613332,41225.0,24.941558837890625,15.449066162109377,15.911453247070312,17.3258056640625,42.125
2021-11-26 16:16:53.005,22.20426368713379,100.1204833984375,165.68196868896484,77.80302429199219,98.4000015258789,60.96282196044922,99.92766571044922,15.22041130065918,42.04366508613332,41225.0,24.941558837890625,15.449066162109377,15.911453247070312,17.3258056640625,42.125
2021-11-26 16:16:54.003,22.28752326965332,99.93975830078124,166.1376953125,77.80302429199219,100.10000610351562,60.96282196044922,99.92766571044922,15.221036911010742,41.80960029288629,41225.0,21.24249267578125,18.304962158203125,15.93865966796875,19.5289306640625,42.125
2021-11-26 16:16:55.001,22.23649024963379,99.93975830078124,164.29036712646484,77.80302429199219,98.4000015258789,60.96282196044922,99.93128204345705,15.221582412719728,40.736529990371686,41225.0,21.75927734375,13.545135498046877,9.32928466796875,12.70196533203125,42.125
2021-11-26 16:16:55.990,22.23649024963379,99.93975830078124,164.29036712646484,77.80302429199219,98.4000015258789,60.96282196044922,99.93128204345705,15.221582412719728,40.736529990371686,41225.0,21.75927734375,13.545135498046877,9.32928466796875,12.70196533203125,42.125
2021-11-26 16:16:57.001,22.15318489074707,100.06023406982422,166.162109375,77.80302429199219,98.79999542236328,60.96282196044922,99.93128204345705,15.218591690063477,43.271207765297085,41225.0,22.11285400390625,21.541656494140625,16.863418579101562,17.16259765625,42.125
2021-11-26 16:16:58.992,22.17368507385254,100.06023406982422,166.02376556396484,77.80302429199219,98.5999984741211,60.96282196044922,99.92766571044922,15.21694278717041,40.7262934762572,41225.0,24.642364501953125,22.112838745117188,11.913177490234377,11.015625,42.125
2021-11-26 16:16:58.000,22.17368507385254,100.06023406982422,166.02376556396484,77.80302429199219,98.5999984741211,60.96282196044922,99.92766571044922,15.21694278717041,40.7262934762572,41225.0,24.642364501953125,22.112838745117188,11.913177490234377,11.015625,42.125
2021-11-26 16:16:59.991,22.26323509216309,99.93975830078124,166.3248748779297,77.80302429199219,99.0,60.96282196044922,99.92766571044922,15.216118812561035,43.06615524709812,41225.0,26.111114501953125,19.828125,14.74188232421875,14.30670166015625,42.125
2021-11-26 16:17:00.990,22.35653114318848,99.93975830078124,166.97591400146484,77.80302429199219,98.9000015258789,60.96282196044922,99.92766571044922,15.219697952270508,42.77829987746198,41225.0,27.280670166015625,13.7899169921875,13.599517822265623,12.1851806640625,42.125
2021-11-26 16:17:01.993,22.35653114318848,99.93975830078124,166.97591400146484,77.80302429199219,98.9000015258789,60.96282196044922,99.92766571044922,15.219697952270508,42.77829987746198,41225.0,27.280670166015625,13.7899169921875,13.599517822265623,12.1851806640625,42.125
2021-11-26 16:17:02.994,22.31461334228516,100.06023406982422,164.8193359375,77.80302429199219,99.5999984741211,60.96282196044922,99.92766571044922,15.230692863464355,43.47367462829349,41225.0,21.106491088867188,20.5352783203125,15.149871826171877,15.34027099609375,42.125
2021-11-26 16:17:03.993,22.20069694519043,100.1204833984375,166.75618743896484,77.80302429199219,98.6999969482422,60.96282196044922,99.92766571044922,15.23521327972412,42.44508559130118,41225.0,25.2679443359375,17.652191162109375,21.35125732421875,15.965850830078123,42.125
2021-11-26 16:17:04.992,22.20069694519043,100.1204833984375,166.75618743896484,77.80302429199219,98.6999969482422,60.96282196044922,99.92766571044922,15.23521327972412,42.44508559130118,41225.0,25.2679443359375,17.652191162109375,21.35125732421875,15.965850830078123,42.125
2021-11-26 16:17:06.001,22.19171142578125,99.93975830078124,165.4296875,77.80302429199219,98.5,60.96282196044922,99.92766571044922,15.241451263427734,44.669982796509245,41225.0,26.491912841796875,20.154510498046875,15.421875,15.63946533203125,42.125
2021-11-26 16:17:06.994,22.242719650268555,99.8795166015625,165.7552032470703,77.80302429199219,98.6999969482422,60.96282196044922,99.92766571044922,15.24098777770996,40.49894804233831,41225.0,20.970489501953125,16.64581298828125,15.69384765625,14.30670166015625,42.125
2021-11-26 16:17:08.991,22.31698036193848,100.06023406982422,165.41341400146484,77.80302429199219,100.0,60.96282196044922,99.92766571044922,15.245199203491213,41.1398897058038,41225.0,24.941558837890625,16.781814575195312,10.743621826171877,16.482635498046875,42.125
2021-11-26 16:17:08.000,22.242719650268555,99.8795166015625,165.7552032470703,77.80302429199219,98.6999969482422,60.96282196044922,99.92766571044922,15.24098777770996,40.49894804233831,41225.0,20.970489501953125,16.64581298828125,15.69384765625,14.30670166015625,42.125
2021-11-26 16:17:09.993,22.24686813354492,100.06023406982422,165.3564453125,77.80302429199219,98.6999969482422,60.96282196044922,99.92766571044922,15.24700164794922,43.62714769826487,41225.0,28.34144592285156,18.604156494140625,11.097213745117188,18.41375732421875,42.125
2021-11-26 16:17:10.994,22.24686813354492,100.06023406982422,165.3564453125,77.80302429199219,98.6999969482422,60.96282196044922,99.92766571044922,15.24700164794922,43.62714769826487,41225.0,28.34144592285156,18.604156494140625,11.097213745117188,18.41375732421875,42.125
2021-11-26 16:17:12.004,22.12628746032715,99.8795166015625,166.52017974853516,77.80302429199219,99.29999542236328,60.96282196044922,99.92766571044922,15.246256828308104,42.410163244888366,41225.0,20.7257080078125,18.005767822265625,11.5867919921875,21.18807983398437,42.125
2021-11-26 16:17:12.993,22.083404541015625,99.8795166015625,165.06348419189453,77.80302429199219,97.89999389648438,60.96282196044922,99.92766571044922,15.245884895324709,45.73601890609691,41225.0,23.20082092285156,15.449066162109377,11.178802490234377,12.130767822265623,42.125
2021-11-26 16:17:13.991,22.083404541015625,99.8795166015625,165.06348419189453,77.80302429199219,97.89999389648438,60.96282196044922,99.92766571044922,15.245884895324709,45.73601890609691,41225.0,23.20082092285156,15.449066162109377,11.178802490234377,12.130767822265623,42.125
2021-11-26 16:17:15.005,22.119060516357425,100.1204833984375,166.81314849853516,77.80302429199219,99.4000015258789,60.96282196044922,99.92766571044922,15.251007080078123,42.249685817363776,41225.0,24.043991088867188,21.895233154296875,12.865142822265623,15.1226806640625,42.125
2021-11-26 16:17:15.992,22.204242706298828,100.18072509765624,164.39615631103516,77.80302429199219,99.1999969482422,60.96282196044922,99.92766571044922,15.248529434204102,42.21027593030333,41225.0,25.811920166015625,11.28759765625,13.109954833984377,15.013885498046877,42.125
2021-11-26 16:17:16.993,22.204242706298828,100.18072509765624,164.39615631103516,77.80302429199219,99.1999969482422,60.96282196044922,99.92766571044922,15.248529434204102,42.21027593030333,41225.0,25.811920166015625,11.28759765625,13.109954833984377,15.013885498046877,42.125
2021-11-26 16:17:17.990,22.16422271728516,99.93975830078124,165.90169525146484,77.80302429199219,98.79999542236328,60.96282196044922,99.92766571044922,15.258904457092283,41.98854104957852,41225.0,25.18634033203125,17.67938232421875,14.986679077148438,13.517929077148438,42.125
2021-11-26 16:17:18.994,22.06268310546875,99.81927490234376,166.748046875,77.80302429199219,99.1999969482422,60.96282196044922,99.92766571044922,15.258712768554688,43.73598416211356,41225.0,28.12384033203125,19.58331298828125,17.625,16.401031494140625,42.125
2021-11-26 16:17:19.994,22.06268310546875,99.81927490234376,166.748046875,77.80302429199219,99.1999969482422,60.96282196044922,99.92766571044922,15.258712768554688,43.73598416211356,41225.0,28.12384033203125,19.58331298828125,17.625,16.401031494140625,42.125
2021-11-26 16:17:20.991,22.06783866882324,100.0,165.60872650146484,77.80302429199219,98.9000015258789,60.96282196044922,99.92766571044922,15.260516166687012,43.463021081507776,41225.0,17.951400756835938,19.39292907714844,14.796295166015623,16.319427490234375,42.125
2021-11-26 16:17:22.005,22.202049255371094,100.0,164.49381256103516,77.80302429199219,98.79999542236328,60.96282196044922,99.92766571044922,15.265473365783691,42.86856367911804,41225.0,16.890625,19.0665283203125,14.95947265625,10.444427490234377,42.125
2021-11-26 16:17:22.991,22.202049255371094,100.0,164.49381256103516,77.80302429199219,98.79999542236328,60.96282196044922,99.92766571044922,15.265473365783691,42.86856367911804,41225.0,16.890625,19.0665283203125,14.95947265625,10.444427490234377,42.125
2021-11-26 16:17:24.004,22.35083770751953,100.0,165.9423828125,77.80302429199219,98.5999984741211,60.96282196044922,99.92766571044922,15.271883964538574,42.38409335980822,41225.0,23.037628173828125,19.39292907714844,14.197906494140623,11.695587158203123,42.125
2021-11-26 16:17:24.990,22.34385108947754,100.0,166.0888671875,77.80302429199219,98.5,60.96282196044922,99.92766571044922,15.268202781677246,43.98795845838014,41225.0,24.288787841796875,17.89697265625,9.438079833984377,16.94500732421875,42.125
2021-11-26 16:17:26.000,22.34385108947754,100.0,166.0888671875,77.80302429199219,98.5,60.96282196044922,99.92766571044922,15.268202781677246,43.98795845838014,41225.0,24.288787841796875,17.89697265625,9.438079833984377,16.94500732421875,42.125
2021-11-26 16:17:27.002,22.194122314453125,100.06023406982422,166.0725860595703,77.80302429199219,99.4000015258789,60.96282196044922,99.92766571044922,15.279839515686035,42.58882743651832,41225.0,24.96875,19.610519409179688,13.381927490234377,19.09375,42.125
2021-11-26 16:17:27.991,22.176559448242188,99.93975830078124,165.66568756103516,77.80302429199219,99.4000015258789,60.96282196044922,99.92766571044922,15.279918670654297,42.346256922737126,41225.0,24.47918701171875,16.618621826171875,19.09375,20.75288391113281,42.125
2021-11-26 16:17:29.005,22.176559448242188,99.93975830078124,165.66568756103516,77.80302429199219,99.4000015258789,60.96282196044922,99.92766571044922,15.279918670654297,42.346256922737126,41225.0,24.47918701171875,16.618621826171875,19.09375,20.75288391113281,42.125
2021-11-26 16:17:30.005,22.270782470703125,100.0,166.4143829345703,77.80302429199219,99.4000015258789,60.96282196044922,99.92766571044922,15.28007698059082,39.38376595881711,41225.0,24.85995483398437,16.999420166015625,13.980316162109377,13.599517822265623,42.15000057220459
2021-11-26 16:17:30.994,22.401308059692383,100.06023406982422,164.91698455810547,77.80302429199219,99.0999984741211,60.96282196044922,99.92766571044922,15.280157089233398,43.148420607460174,41225.0,20.34490966796875,14.333892822265623,21.07928466796875,14.986679077148438,42.125
2021-11-26 16:17:32.002,22.404823303222656,100.0,164.68912506103516,77.80302429199219,99.29999542236328,60.96282196044922,99.92766571044922,15.280315399169922,42.49202644514403,41225.0,28.640625,18.52255249023437,13.463531494140623,16.42822265625,42.15000057220459
2021-11-26 16:17:32.995,22.404823303222656,100.0,164.68912506103516,77.80302429199219,99.29999542236328,60.96282196044922,99.92766571044922,15.280315399169922,42.49202644514403,41225.0,28.640625,18.52255249023437,13.463531494140623,16.42822265625,42.15000057220459
2021-11-26 16:17:33.995,22.246267318725582,99.93975830078124,164.2252655029297,77.80302429199219,98.79999542236328,60.96282196044922,99.92766571044922,15.281862258911133,42.43980430834751,41225.0,21.5960693359375,12.729156494140623,19.74652099609375,12.212371826171877,42.125
2021-11-26 16:17:34.991,22.15532684326172,99.93975830078124,164.29036712646484,77.80302429199219,98.1999969482422,60.96282196044922,99.92766571044922,15.29466438293457,43.15054909824332,41225.0,18.957763671875,14.30670166015625,8.050918579101562,16.754623413085938,42.17500114440918
2021-11-26 16:17:36.004,22.15532684326172,99.93975830078124,164.29036712646484,77.80302429199219,98.1999969482422,60.96282196044922,99.92766571044922,15.29466438293457,43.15054909824332,41225.0,18.957763671875,14.30670166015625,8.050918579101562,16.754623413085938,42.17500114440918
2021-11-26 16:17:36.994,22.113325119018555,100.06023406982422,165.1611328125,77.80302429199219,99.0,60.96282196044922,99.92766571044922,15.295649528503418,43.09217629393628,41225.0,22.84722900390625,13.49072265625,15.8570556640625,14.551498413085938,42.15000057220459
2021-11-26 16:17:38.004,22.151472091674805,100.0,164.75423431396484,77.80302429199219,99.0,60.96282196044922,99.92766571044922,15.295909881591797,41.26932891879634,41225.0,22.140045166015625,12.10357666015625,14.660293579101562,17.652191162109375,42.17500114440918
2021-11-26 16:17:38.993,22.151472091674805,100.0,164.75423431396484,77.80302429199219,99.0,60.96282196044922,99.92766571044922,15.295909881591797,41.26932891879634,41225.0,22.140045166015625,12.10357666015625,14.660293579101562,17.652191162109375,42.17500114440918
2021-11-26 16:17:39.992,22.18940734863281,100.0,163.70442962646484,77.80302429199219,98.9000015258789,60.96282196044922,99.92766571044922,15.296429634094238,41.54485835903467,41225.0,23.41841125488281,19.44732666015625,10.28125,12.076385498046877,42.15000057220459
2021-11-26 16:17:40.990,22.05331802368164,100.06023406982422,164.6891326904297,77.80302429199219,98.4000015258789,60.96282196044922,99.92766571044922,15.296689987182615,42.090728739721975,41225.0,22.98321533203125,17.869781494140625,17.16259765625,13.109954833984377,42.15000057220459
2021-11-26 16:17:41.994,22.05331802368164,100.06023406982422,164.6891326904297,77.80302429199219,98.4000015258789,60.96282196044922,99.92766571044922,15.296689987182615,42.090728739721975,41225.0,22.98321533203125,17.869781494140625,17.16259765625,13.109954833984377,42.15000057220459
2021-11-26 16:17:42.993,21.9890079498291,100.0,164.33919525146484,77.80302429199219,98.5,60.96282196044922,99.92766571044922,15.297210693359377,44.52328349744587,41225.0,14.823501586914062,20.508087158203125,13.708328247070312,21.07928466796875,42.15000057220459
2021-11-26 16:17:43.994,21.97102737426757,99.8795166015625,165.9423828125,77.80302429199219,99.29999542236328,60.96282196044922,99.92766571044922,15.297470092773438,43.92771721098076,41225.0,26.709503173828125,19.8009033203125,13.354736328125,11.885986328125,42.17500114440918
2021-11-26 16:17:44.993,21.97102737426757,99.8795166015625,165.9423828125,77.80302429199219,99.29999542236328,60.96282196044922,99.92766571044922,15.297470092773438,43.92771721098076,41225.0,26.709503173828125,19.8009033203125,13.354736328125,11.885986328125,42.17500114440918
2021-11-26 16:17:45.994,22.0664119720459,100.0,165.66568756103516,77.80302429199219,98.5,60.96282196044922,99.92766571044922,15.303869247436523,42.82519665437968,41225.0,23.690399169921875,13.21875,17.869781494140625,18.957748413085938,42.17500114440918
2021-11-26 16:17:46.994,22.16504096984864,100.1204833984375,163.623046875,77.80302429199219,98.29999542236328,60.96282196044922,99.92766571044922,15.305662155151367,42.33220917719979,41225.0,21.269683837890625,19.637725830078125,17.40740966796875,16.482635498046875,42.17500114440918
2021-11-26 16:17:48.003,22.16504096984864,100.1204833984375,163.623046875,77.80302429199219,98.29999542236328,60.96282196044922,99.92766571044922,15.305662155151367,42.33220917719979,41225.0,21.269683837890625,19.637725830078125,17.40740966796875,16.482635498046875,42.17500114440918
2021-11-26 16:17:49.003,22.116172790527344,100.0,165.7389373779297,77.80302429199219,99.5,60.96282196044922,99.92766571044922,15.306363105773926,37.84099618774732,41225.0,23.5,15.965850830078123,16.020248413085938,11.695587158203123,42.17500114440918
2021-11-26 16:17:50.004,22.131532669067383,99.8795166015625,165.2262420654297,77.80302429199219,99.1999969482422,60.96282196044922,99.92766571044922,15.311835289001465,41.87988155435477,41225.0,16.40106201171875,15.829849243164062,16.07464599609375,15.177078247070312,42.17500114440918
2021-11-26 16:17:50.993,22.24077796936035,100.0,164.16015625,77.80302429199219,98.5,60.96282196044922,99.92766571044922,15.318560600280762,43.35100393436926,41225.0,24.31597900390625,20.671295166015625,16.319427490234375,17.081008911132812,42.17500114440918
2021-11-26 16:17:51.994,22.24077796936035,100.0,164.16015625,77.80302429199219,98.5,60.96282196044922,99.92766571044922,15.318560600280762,43.35100393436926,41225.0,24.31597900390625,20.671295166015625,16.319427490234375,17.081008911132812,42.17500114440918
2021-11-26 16:17:53.003,22.425518035888672,100.0,163.20801544189453,77.80302429199219,98.5999984741211,60.96282196044922,99.92766571044922,15.322701454162598,43.04692334974565,41225.0,24.234375,20.91607666015625,8.622100830078125,9.791656494140623,42.17500114440918
2021-11-26 16:17:53.991,22.50981712341309,100.0,165.47037506103516,77.80302429199219,99.29999542236328,60.96282196044922,99.93128204345705,15.32542610168457,40.33677542935393,41225.0,16.999420166015625,17.54339599609375,14.95947265625,13.626739501953123,42.17500114440918
2021-11-26 16:17:55.001,22.50981712341309,100.0,165.47037506103516,77.80302429199219,99.29999542236328,60.96282196044922,99.93128204345705,15.32542610168457,40.33677542935393,41225.0,16.999420166015625,17.54339599609375,14.95947265625,13.626739501953123,42.17500114440918
2021-11-26 16:17:55.994,22.46033096313477,100.06023406982422,165.14485931396484,77.80302429199219,100.10000610351562,60.96282196044922,99.92766571044922,15.328057289123535,39.1486274850153,41225.0,21.4600830078125,16.346633911132812,15.93865966796875,15.8570556640625,42.17500114440918
2021-11-26 16:17:56.994,22.449609756469727,99.93975830078124,163.6800079345703,77.80302429199219,98.4000015258789,60.96282196044922,99.92766571044922,15.332295417785645,41.15460081302892,41225.0,25.64874267578125,21.94964599609375,9.9820556640625,13.082748413085938,42.17500114440918
2021-11-26 16:17:57.995,22.44243049621582,99.8795166015625,163.623046875,77.80302429199219,98.4000015258789,60.96282196044922,99.92766571044922,15.340914726257324,40.24768268215565,41225.0,19.33856201171875,13.164337158203123,9.954864501953123,11.913177490234377,42.17500114440918
2021-11-26 16:17:58.991,22.44243049621582,99.8795166015625,163.623046875,77.80302429199219,98.4000015258789,60.96282196044922,99.92766571044922,15.340914726257324,40.24768268215565,41225.0,19.33856201171875,13.164337158203123,9.954864501953123,11.913177490234377,42.17500114440918
2021-11-26 16:17:59.995,22.48179054260254,100.06023406982422,164.4449920654297,77.80302429199219,98.5,60.96282196044922,99.93128204345705,15.345280647277832,40.548605646608834,41225.0,28.232650756835938,16.401031494140625,14.00750732421875,12.1851806640625,42.17500114440918
2021-11-26 16:18:01.003,22.508256912231445,100.06023406982422,166.0400390625,77.80302429199219,98.5999984741211,60.96282196044922,99.92766571044922,15.350502014160156,42.6005884850776,41225.0,18.685775756835938,19.39292907714844,16.237838745117188,19.692123413085938,42.17500114440918
2021-11-26 16:18:01.992,22.508256912231445,100.06023406982422,166.0400390625,77.80302429199219,98.5999984741211,60.96282196044922,99.92766571044922,15.350502014160156,42.6005884850776,41225.0,18.685775756835938,19.39292907714844,16.237838745117188,19.692123413085938,42.17500114440918
2021-11-26 16:18:02.994,22.41088485717773,99.8795166015625,165.6331329345703,77.80302429199219,99.1999969482422,60.96282196044922,99.92766571044922,15.351304054260254,40.01952687025555,41225.0,27.743072509765625,15.313064575195312,15.394668579101562,13.898712158203123,42.22500038146973
2021-11-26 16:18:03.993,22.25333404541016,99.93975830078124,165.90169525146484,77.80302429199219,98.0999984741211,60.96282196044922,99.92766571044922,15.352909088134766,43.71091686782965,41225.0,20.26332092285156,19.420135498046875,19.80091857910156,17.924179077148438,42.20000076293945
2021-11-26 16:18:04.992,22.25333404541016,99.93975830078124,165.90169525146484,77.80302429199219,98.0999984741211,60.96282196044922,99.92766571044922,15.352909088134766,43.71091686782965,41225.0,20.26332092285156,19.420135498046875,19.80091857910156,17.924179077148438,42.20000076293945
2021-11-26 16:18:05.990,22.145936965942383,100.1204833984375,165.72266387939453,77.80302429199219,99.1999969482422,60.96282196044922,99.92766571044922,15.353711128234863,42.12490077168345,41225.0,20.20892333984375,19.556121826171875,19.25692749023437,15.63946533203125,42.17500114440918
2021-11-26 16:18:06.990,22.106914520263672,100.0,165.185546875,77.80302429199219,98.9000015258789,60.96282196044922,99.92766571044922,15.355316162109377,43.68113066083195,41225.0,24.370376586914062,20.290496826171875,16.94500732421875,10.33563232421875,42.22500038146973
2021-11-26 16:18:07.993,22.106914520263672,100.0,165.185546875,77.80302429199219,98.9000015258789,60.96282196044922,99.92766571044922,15.355316162109377,43.68113066083195,41225.0,24.370376586914062,20.290496826171875,16.94500732421875,10.33563232421875,42.22500038146973
2021-11-26 16:18:08.992,22.089221954345703,99.8795166015625,165.576171875,77.80302429199219,98.9000015258789,60.96282196044922,99.92766571044922,15.356118202209473,41.38750918089573,41225.0,23.71759033203125,18.3321533203125,17.84259033203125,21.8680419921875,42.22500038146973
2021-11-26 16:18:09.991,21.96753120422364,99.93975830078124,165.41341400146484,77.80302429199219,99.4000015258789,60.96282196044922,99.92766571044922,15.357723236083984,42.777291369957545,41225.0,24.72396850585937,20.236099243164062,16.754623413085938,13.57232666015625,42.20000076293945
2021-11-26 16:18:10.990,21.96753120422364,99.93975830078124,165.41341400146484,77.80302429199219,99.4000015258789,60.96282196044922,99.92766571044922,15.357723236083984,42.777291369957545,41225.0,24.72396850585937,20.236099243164062,16.754623413085938,13.57232666015625,42.20000076293945
2021-11-26 16:18:11.994,21.819765090942383,100.06023406982422,164.84375762939453,77.80302429199219,99.4000015258789,60.96282196044922,99.92766571044922,15.358525276184082,44.44291944267408,41225.0,22.140045166015625,13.6539306640625,19.175338745117188,12.293975830078123,42.22500038146973
2021-11-26 16:18:13.002,21.819765090942383,100.06023406982422,164.84375762939453,77.80302429199219,99.4000015258789,60.96282196044922,99.92766571044922,15.358525276184082,44.44291944267408,41225.0,22.140045166015625,13.6539306640625,19.175338745117188,12.293975830078123,42.22500038146973
2021-11-26 16:18:13.992,21.793058395385746,100.1204833984375,164.99837493896484,77.80302429199219,98.5999984741211,60.96282196044922,99.92766571044922,15.360130310058594,40.80603691335051,41225.0,20.26332092285156,13.463531494140623,15.1226806640625,14.22509765625,42.22500038146973
2021-11-26 16:18:14.990,21.87080192565918,99.93975830078124,165.37271881103516,77.80302429199219,98.29999542236328,60.96282196044922,99.92766571044922,15.360932350158691,41.0973192661573,41225.0,22.738433837890625,16.50982666015625,18.7945556640625,14.30670166015625,42.22500038146973
2021-11-26 16:18:16.002,21.87080192565918,99.93975830078124,165.37271881103516,77.80302429199219,98.29999542236328,60.96282196044922,99.92766571044922,15.360932350158691,41.0973192661573,41225.0,22.738433837890625,16.50982666015625,18.7945556640625,14.30670166015625,42.22500038146973
2021-11-26 16:18:17.003,22.023611068725582,99.93975830078124,164.7216796875,77.80302429199219,99.4000015258789,60.96282196044922,99.92766571044922,15.36987590789795,42.7094473189994,41225.0,29.347808837890625,18.495361328125,15.013885498046877,10.308441162109377,42.22500038146973
2021-11-26 16:18:17.990,22.04986953735352,100.06023406982422,164.3147735595703,77.80302429199219,99.0,60.96282196044922,99.92766571044922,15.370768547058104,42.94538791721659,41225.0,26.0023193359375,15.503463745117188,17.625,13.599517822265623,42.22500038146973
2021-11-26 16:18:18.991,22.04986953735352,100.06023406982422,164.3147735595703,77.80302429199219,99.0,60.96282196044922,99.92766571044922,15.370768547058104,42.94538791721659,41225.0,26.0023193359375,15.503463745117188,17.625,13.599517822265623,42.22500038146973
2021-11-26 16:18:19.990,22.05835723876953,99.93975830078124,164.07064056396484,77.80302429199219,99.29999542236328,60.96282196044922,99.92766571044922,15.387290954589844,42.25928522536925,41225.0,22.03125,14.6875,13.43634033203125,22.00404357910156,42.22500038146973
2021-11-26 16:18:21.992,22.36998176574707,100.06023406982422,163.06966400146484,77.80302429199219,99.0,60.96282196044922,99.92766571044922,15.39271354675293,41.50823890869898,41225.0,18.930572509765625,18.54975891113281,12.647552490234377,18.957748413085938,42.22500038146973
2021-11-26 16:18:21.000,22.17535781860352,99.8795166015625,163.89159393310547,77.80302429199219,98.6999969482422,60.96282196044922,99.92766571044922,15.388364791870115,42.13861603468144,41225.0,21.37847900390625,18.57696533203125,13.27313232421875,13.925918579101562,42.22500038146973
2021-11-26 16:18:22.992,22.36998176574707,100.06023406982422,163.06966400146484,77.80302429199219,99.0,60.96282196044922,99.92766571044922,15.39271354675293,41.50823890869898,41225.0,18.930572509765625,18.54975891113281,12.647552490234377,18.957748413085938,42.22500038146973
2021-11-26 16:18:23.993,22.50692749023437,100.1204833984375,164.1438751220703,77.80302429199219,99.5,60.96282196044922,99.92766571044922,15.398186683654783,40.10880218764026,41225.0,26.32870483398437,22.140045166015625,16.319427490234375,12.049179077148438,42.22500038146973
2021-11-26 16:18:24.993,22.455062866210938,99.93975830078124,164.1357421875,77.80302429199219,100.0,60.96282196044922,99.92766571044922,15.401247024536133,37.79749289046388,41225.0,24.207183837890625,20.208892822265625,12.076385498046877,17.298614501953125,42.22500038146973
2021-11-26 16:18:25.991,22.455062866210938,99.93975830078124,164.1357421875,77.80302429199219,100.0,60.96282196044922,99.92766571044922,15.401247024536133,37.79749289046388,41225.0,24.207183837890625,20.208892822265625,12.076385498046877,17.298614501953125,42.22500038146973
2021-11-26 16:18:26.993,22.36310577392578,100.0,164.9576873779297,77.80302429199219,98.5,60.96282196044922,99.92766571044922,15.406813621520996,40.108685350628775,41225.0,23.092025756835938,17.89697265625,15.421875,11.641204833984377,42.22500038146973
2021-11-26 16:18:27.994,22.30217361450196,100.0,164.87630462646484,77.80302429199219,99.4000015258789,60.96282196044922,99.92766571044922,15.420995712280272,40.93264978796283,41225.0,26.0023193359375,19.74652099609375,17.597793579101562,10.19964599609375,42.22500038146973
2021-11-26 16:18:29.001,22.30217361450196,100.0,164.87630462646484,77.80302429199219,99.4000015258789,60.96282196044922,99.92766571044922,15.420995712280272,40.93264978796283,41225.0,26.0023193359375,19.74652099609375,17.597793579101562,10.19964599609375,42.22500038146973
2021-11-26 16:18:29.993,22.30501174926757,99.93975830078124,164.02181243896484,77.80302429199219,99.4000015258789,60.96282196044922,99.92766571044922,15.428221702575684,39.62183534643095,41225.0,24.832763671875,15.34027099609375,13.925918579101562,16.183441162109375,42.22500038146973
2021-11-26 16:18:31.002,22.330480575561523,100.06023406982422,163.37076568603516,77.80302429199219,98.9000015258789,60.96282196044922,99.93128204345705,15.439963340759276,41.36336549847138,41225.0,19.202545166015625,15.91143798828125,11.042816162109377,17.10821533203125,42.22500038146973
2021-11-26 16:18:32.001,22.330480575561523,100.06023406982422,163.37076568603516,77.80302429199219,98.9000015258789,60.96282196044922,99.93128204345705,15.439963340759276,41.36336549847138,41225.0,19.202545166015625,15.91143798828125,11.042816162109377,17.10821533203125,42.22500038146973
2021-11-26 16:18:32.992,22.24612236022949,100.06023406982422,163.7532501220703,77.80302429199219,98.9000015258789,60.96282196044922,99.92766571044922,15.447354316711426,44.83995035742228,41225.0,24.424774169921875,17.081008911132812,21.840850830078125,12.212371826171877,42.22500038146973
2021-11-26 16:18:33.992,22.102882385253903,100.0,165.5192108154297,77.80302429199219,99.9000015258789,60.96282196044922,99.92766571044922,15.448970794677734,40.52080102337915,41225.0,20.48091125488281,20.86167907714844,17.10821533203125,15.34027099609375,42.22500038146973
2021-11-26 16:18:35.004,22.102882385253903,100.0,165.5192108154297,77.80302429199219,99.9000015258789,60.96282196044922,99.92766571044922,15.448970794677734,40.52080102337915,41225.0,20.48091125488281,20.86167907714844,17.10821533203125,15.34027099609375,42.22500038146973
2021-11-26 16:18:36.003,22.02043914794922,99.93975830078124,164.39615631103516,77.80302429199219,99.4000015258789,60.96282196044922,99.92766571044922,15.464736938476562,39.91826541794701,41225.0,22.820037841796875,22.656814575195312,16.67303466796875,17.10821533203125,42.22500038146973
2021-11-26 16:18:36.991,22.05772018432617,100.06023406982422,164.2985076904297,77.80302429199219,99.0999984741211,60.96282196044922,99.92766571044922,15.47237777709961,42.447687156959546,41225.0,27.41668701171875,16.101837158203125,14.551498413085938,17.84259033203125,42.22500038146973
2021-11-26 16:18:38.005,22.05772018432617,100.06023406982422,164.2985076904297,77.80302429199219,99.0999984741211,60.96282196044922,99.92766571044922,15.47237777709961,42.447687156959546,41225.0,27.41668701171875,16.101837158203125,14.551498413085938,17.84259033203125,42.22500038146973
2021-11-26 16:18:38.994,22.161495208740234,99.93975830078124,165.0390625,77.80302429199219,98.6999969482422,60.96282196044922,99.92766571044922,15.479775428771973,41.22498344522759,41225.0,24.832763671875,15.8570556640625,14.74188232421875,11.75,42.22500038146973
2021-11-26 16:18:40.004,22.161495208740234,99.93975830078124,165.0390625,77.80302429199219,98.6999969482422,60.96282196044922,99.92766571044922,15.479775428771973,41.22498344522759,41225.0,24.832763671875,15.8570556640625,14.74188232421875,11.75,42.22500038146973
2021-11-26 16:18:40.992,22.138612747192383,100.0,164.29036712646484,77.80302429199219,98.5999984741211,60.96282196044922,99.92766571044922,15.49237060546875,40.55415964612416,41225.0,25.675933837890625,22.79281616210937,11.641204833984377,16.265045166015625,42.22500038146973
2021-11-26 16:18:42.003,22.087167739868164,99.93975830078124,163.60677337646484,77.80302429199219,98.9000015258789,60.96282196044922,99.92766571044922,15.49435806274414,40.70780879197536,41225.0,23.5,22.22163391113281,19.556121826171875,10.689239501953123,42.22500038146973
2021-11-26 16:18:43.003,22.087167739868164,99.93975830078124,163.60677337646484,77.80302429199219,98.9000015258789,60.96282196044922,99.92766571044922,15.49435806274414,40.70780879197536,41225.0,23.5,22.22163391113281,19.556121826171875,10.689239501953123,42.22500038146973
2021-11-26 16:18:43.994,22.165672302246094,99.93975830078124,164.07064056396484,77.80302429199219,98.9000015258789,60.96282196044922,99.92766571044922,15.508652687072754,42.17011639765821,41225.0,22.38485717773437,17.97857666015625,18.65855407714844,12.892364501953123,42.22500038146973
2021-11-26 16:18:44.995,22.29265785217285,100.1204833984375,164.48567962646484,77.80302429199219,99.8000030517578,60.96282196044922,99.92766571044922,15.516645431518556,38.26669836931296,41225.0,19.90972900390625,14.95947265625,15.93865966796875,14.74188232421875,42.22500038146973
2021-11-26 16:18:46.004,22.29265785217285,100.1204833984375,164.48567962646484,77.80302429199219,99.8000030517578,60.96282196044922,99.92766571044922,15.516645431518556,38.26669836931296,41225.0,19.90972900390625,14.95947265625,15.93865966796875,14.74188232421875,42.22500038146973
2021-11-26 16:18:46.993,22.384490966796875,100.06023406982422,163.99739837646484,77.80302429199219,99.5999984741211,60.96282196044922,99.92766571044922,15.527669906616213,40.96509127533248,41225.0,23.41841125488281,18.7945556640625,14.714691162109377,16.5914306640625,42.22500038146973
2021-11-26 16:18:47.992,22.315927505493164,100.0,164.51822662353516,77.80302429199219,99.9000015258789,60.96282196044922,99.92766571044922,15.53726863861084,40.442671790781056,41225.0,23.93519592285156,19.39292907714844,18.685760498046875,14.90509033203125,42.22500038146973
2021-11-26 16:18:48.992,22.315927505493164,100.0,164.51822662353516,77.80302429199219,99.9000015258789,60.96282196044922,99.92766571044922,15.53726863861084,40.442671790781056,41225.0,23.93519592285156,19.39292907714844,18.685760498046875,14.90509033203125,42.22500038146973
2021-11-26 16:18:49.991,22.22444725036621,99.8795166015625,163.09407806396484,77.80302429199219,98.1999969482422,60.96282196044922,99.92766571044922,15.551597595214844,43.05624067811127,41225.0,24.832763671875,16.80902099609375,13.164337158203123,16.346633911132812,42.22500038146973
2021-11-26 16:18:50.990,22.198993682861328,100.1204833984375,164.4124298095703,77.80302429199219,98.5999984741211,60.96282196044922,99.92766571044922,15.56141185760498,43.33393277202044,41225.0,26.4375,15.503463745117188,10.49884033203125,15.34027099609375,42.22500038146973
2021-11-26 16:18:51.994,22.198993682861328,100.1204833984375,164.4124298095703,77.80302429199219,98.5999984741211,60.96282196044922,99.92766571044922,15.56141185760498,43.33393277202044,41225.0,26.4375,15.503463745117188,10.49884033203125,15.34027099609375,42.22500038146973
2021-11-26 16:18:53.003,22.24915885925293,100.06023406982422,162.1337890625,77.80302429199219,99.5,60.96282196044922,99.92766571044922,15.579057693481444,40.359311089349845,41225.0,22.357650756835938,20.2633056640625,14.823486328125,15.829864501953123,42.22500038146973
2021-11-26 16:18:53.991,22.28830337524414,99.81927490234376,163.28125,77.80302429199219,99.0999984741211,60.96282196044922,99.92766571044922,15.601560592651367,40.63536368607564,41225.0,25.757537841796875,12.53875732421875,15.394668579101562,15.095489501953123,42.22500038146973
2021-11-26 16:18:54.991,22.28830337524414,99.81927490234376,163.28125,77.80302429199219,99.0999984741211,60.96282196044922,99.92766571044922,15.601560592651367,40.63536368607564,41225.0,25.757537841796875,12.53875732421875,15.394668579101562,15.095489501953123,42.22500038146973
2021-11-26 16:18:55.990,22.21897315979004,100.0,163.427734375,77.80302429199219,98.29999542236328,60.96282196044922,99.92766571044922,15.607503890991213,41.55846031909134,41225.0,19.58334350585937,14.90509033203125,13.164337158203123,15.394668579101562,42.22500038146973
2021-11-26 16:18:56.992,22.11011505126953,100.18072509765624,163.87532806396484,77.80302429199219,98.29999542236328,60.96282196044922,99.92766571044922,15.610475540161133,43.9876929638439,41225.0,21.97686767578125,19.501724243164062,15.421875,13.57232666015625,42.22500038146973
2021-11-26 16:18:58.000,22.11011505126953,100.18072509765624,163.87532806396484,77.80302429199219,98.29999542236328,60.96282196044922,99.92766571044922,15.610475540161133,43.9876929638439,41225.0,21.97686767578125,19.501724243164062,15.421875,13.57232666015625,42.22500038146973
2021-11-26 16:18:59.003,22.083192825317383,100.0,163.2487030029297,77.80302429199219,98.4000015258789,60.96282196044922,99.92766571044922,15.619338035583496,44.91458792413478,41225.0,17.434616088867188,21.106475830078125,16.754623413085938,15.231475830078123,42.22500038146973
2021-11-26 16:18:59.992,22.1342830657959,99.8795166015625,164.35546875,77.80302429199219,99.5,60.96282196044922,99.92766571044922,15.624547004699709,39.75766193449073,41225.0,22.167251586914062,16.999420166015625,16.618621826171875,15.231475830078123,42.22500038146973
2021-11-26 16:19:01.002,22.1342830657959,99.8795166015625,164.35546875,77.80302429199219,99.5,60.96282196044922,99.92766571044922,15.624547004699709,39.75766193449073,41225.0,22.167251586914062,16.999420166015625,16.618621826171875,15.231475830078123,42.22500038146973
2021-11-26 16:19:01.994,22.22152709960937,99.93975830078124,162.7197265625,77.80302429199219,98.79999542236328,60.96282196044922,99.92766571044922,15.64016819000244,41.1057568443532,41225.0,27.035888671875,19.5289306640625,9.546875,13.73553466796875,42.22500038146973
2021-11-26 16:19:02.994,22.15575790405273,100.06023406982422,163.0859375,77.80302429199219,99.0999984741211,60.96282196044922,99.92766571044922,15.645506858825684,38.408797763222765,41225.0,24.99595642089844,13.27313232421875,14.796295166015623,17.135406494140625,42.22500038146973
2021-11-26 16:19:03.992,22.15575790405273,100.06023406982422,163.0859375,77.80302429199219,99.0999984741211,60.96282196044922,99.92766571044922,15.645506858825684,38.408797763222765,41225.0,24.99595642089844,13.27313232421875,14.796295166015623,17.135406494140625,42.22500038146973
2021-11-26 16:19:05.001,22.08632469177246,100.06023406982422,163.00455474853516,77.80302429199219,98.79999542236328,60.96282196044922,99.92766571044922,15.66514015197754,39.79540044362519,41225.0,21.54168701171875,18.821746826171875,13.0555419921875,14.415496826171877,42.22500038146973
2021-11-26 16:19:05.994,22.066518783569336,99.93975830078124,163.1673126220703,77.80302429199219,99.6999969482422,60.96282196044922,99.92766571044922,15.675086975097656,42.4384563476282,41225.0,25.1319580078125,19.610519409179688,14.333892822265623,18.114578247070312,42.22500038146973
2021-11-26 16:19:06.993,22.066518783569336,99.93975830078124,163.1673126220703,77.80302429199219,99.6999969482422,60.96282196044922,99.92766571044922,15.675086975097656,42.4384563476282,41225.0,25.1319580078125,19.610519409179688,14.333892822265623,18.114578247070312,42.22500038146973
2021-11-26 16:19:07.994,22.134296417236328,100.06023406982422,163.67186737060547,77.80302429199219,98.1999969482422,60.96282196044922,99.92766571044922,15.68191623687744,43.44566593702266,41225.0,21.405670166015625,20.426483154296875,15.802642822265623,13.925918579101562,42.22500038146973
2021-11-26 16:19:09.004,22.234241485595703,99.93975830078124,163.62305450439453,77.80302429199219,98.0999984741211,60.96282196044922,99.92766571044922,15.685338973999023,43.44741585976533,41225.0,18.71298217773437,21.94964599609375,14.143508911132812,10.362838745117188,42.22500038146973
2021-11-26 16:19:09.993,22.234241485595703,99.93975830078124,163.62305450439453,77.80302429199219,98.0999984741211,60.96282196044922,99.92766571044922,15.685338973999023,43.44741585976533,41225.0,18.71298217773437,21.94964599609375,14.143508911132812,10.362838745117188,42.22500038146973
2021-11-26 16:19:10.992,22.170473098754883,100.0,164.07877349853516,77.7272720336914,99.1999969482422,60.96282196044922,99.92766571044922,15.691452980041504,41.7115925006063,41225.0,22.11285400390625,21.188064575195312,14.197906494140623,16.15625,42.22500038146973
2021-11-26 16:19:11.993,22.15898323059082,100.06023406982422,164.82747650146484,77.80302429199219,100.10000610351562,60.96282196044922,99.92766571044922,15.693414688110352,42.02940584827154,41225.0,23.20082092285156,21.56884765625,11.28759765625,16.863418579101562,42.22500038146973
2021-11-26 16:19:13.006,22.15898323059082,100.06023406982422,164.82747650146484,77.80302429199219,100.10000610351562,60.96282196044922,99.92766571044922,15.693414688110352,42.02940584827154,41225.0,23.20082092285156,21.56884765625,11.28759765625,16.863418579101562,42.22500038146973
2021-11-26 16:19:13.990,22.20329475402832,99.93975830078124,163.48470306396484,77.80302429199219,98.29999542236328,60.96282196044922,99.92766571044922,15.709735870361328,40.73671559148971,41225.0,21.269683837890625,16.183441162109375,15.829864501953123,15.77545166015625,42.22500038146973
2021-11-26 16:19:15.004,22.304458618164062,100.0,163.51725006103516,77.80302429199219,99.0999984741211,60.96282196044922,99.92766571044922,15.713250160217283,41.51547739174754,41225.0,25.675933837890625,16.972213745117188,15.177078247070312,12.565963745117188,42.22500038146973
2021-11-26 16:19:16.002,22.304458618164062,100.0,163.51725006103516,77.80302429199219,99.0999984741211,60.96282196044922,99.92766571044922,15.713250160217283,41.51547739174754,41225.0,25.675933837890625,16.972213745117188,15.177078247070312,12.565963745117188,42.22500038146973
2021-11-26 16:19:16.990,22.36859703063965,100.0,163.232421875,77.80302429199219,98.79999542236328,60.96282196044922,99.92766571044922,15.719514846801758,40.96731680609148,41225.0,20.26332092285156,17.89697265625,15.69384765625,20.317703247070312,42.22500038146973
2021-11-26 16:19:18.994,22.28556251525879,99.93975830078124,163.58235931396484,77.80302429199219,99.0,60.96282196044922,99.92766571044922,15.719358444213867,42.50942048961949,41225.0,28.042251586914062,15.149871826171877,18.52255249023437,9.737258911132812,42.22500038146973
2021-11-26 16:19:18.000,22.28556251525879,99.93975830078124,163.58235931396484,77.80302429199219,99.0,60.96282196044922,99.92766571044922,15.719358444213867,42.50942048961949,41225.0,28.042251586914062,15.149871826171877,18.52255249023437,9.737258911132812,42.22500038146973
2021-11-26 16:19:19.991,22.150421142578125,100.06023406982422,165.80403900146484,77.80302429199219,99.0,60.96282196044922,99.92766571044922,15.730701446533203,43.58378155891572,41225.0,19.85533142089844,16.401031494140625,20.45370483398437,18.1961669921875,42.22500038146973
2021-11-26 16:19:20.992,22.133363723754883,99.93975830078124,163.1754608154297,77.80302429199219,99.29999542236328,60.96282196044922,99.92766571044922,15.734214782714844,41.45302280016721,41225.0,22.52084350585937,18.41375732421875,13.898712158203123,16.537017822265625,42.22500038146973
2021-11-26 16:19:21.992,22.133363723754883,99.93975830078124,163.1754608154297,77.80302429199219,99.29999542236328,60.96282196044922,99.92766571044922,15.734214782714844,41.45302280016721,41225.0,22.52084350585937,18.41375732421875,13.898712158203123,16.537017822265625,42.22500038146973
2021-11-26 16:19:22.991,22.18066596984864,99.8795166015625,164.31478118896484,77.80302429199219,99.8000030517578,60.96282196044922,99.92766571044922,15.74124240875244,43.255811885692864,41225.0,22.140045166015625,14.497100830078123,15.77545166015625,15.1226806640625,42.22500038146973
2021-11-26 16:19:23.994,22.22457695007324,100.0,162.646484375,77.80302429199219,99.0,60.96282196044922,99.92766571044922,15.744756698608398,40.20731716631857,41225.0,25.34954833984375,18.223358154296875,18.1961669921875,10.390045166015623,42.22500038146973
2021-11-26 16:19:24.990,22.22457695007324,100.0,162.646484375,77.80302429199219,99.0,60.96282196044922,99.92766571044922,15.744756698608398,40.20731716631857,41225.0,25.34954833984375,18.223358154296875,18.1961669921875,10.390045166015623,42.22500038146973
2021-11-26 16:19:26.003,22.12643241882324,100.1204833984375,162.84993743896484,77.80302429199219,99.0,60.96282196044922,99.93128204345705,15.751784324645996,42.24856234014329,41225.0,18.359375,19.936920166015625,12.239578247070312,14.90509033203125,42.22500038146973
2021-11-26 16:19:26.992,22.01163673400879,100.06023406982422,162.73600006103516,77.80302429199219,98.5999984741211,60.96282196044922,99.93128204345705,15.755297660827637,39.32544079569951,41225.0,17.951400756835938,17.434600830078125,16.237838745117188,15.1226806640625,42.22500038146973
2021-11-26 16:19:27.990,22.01163673400879,100.06023406982422,162.73600006103516,77.80302429199219,98.5999984741211,60.96282196044922,99.93128204345705,15.755297660827637,39.32544079569951,41225.0,17.951400756835938,17.434600830078125,16.237838745117188,15.1226806640625,42.22500038146973
2021-11-26 16:19:28.994,21.994626998901367,99.8795166015625,163.0126953125,77.80302429199219,98.29999542236328,60.96282196044922,99.93128204345705,15.762325286865234,44.12228206882372,41225.0,26.65509033203125,19.936920166015625,11.5867919921875,8.159713745117188,42.22500038146973
2021-11-26 16:19:30.003,22.077009201049805,99.93975830078124,164.94141387939453,77.80302429199219,98.4000015258789,60.96282196044922,99.92766571044922,15.765839576721191,44.96033274610485,41225.0,24.043991088867188,14.415496826171877,14.551498413085938,18.468170166015625,42.22500038146973
2021-11-26 16:19:31.004,22.077009201049805,99.93975830078124,164.94141387939453,77.80302429199219,98.4000015258789,60.96282196044922,99.92766571044922,15.765839576721191,44.96033274610485,41225.0,24.043991088867188,14.415496826171877,14.551498413085938,18.468170166015625,42.22500038146973
2021-11-26 16:19:31.990,22.17991065979004,100.06023406982422,164.00553131103516,77.80302429199219,98.4000015258789,60.96282196044922,99.92766571044922,15.772122383117676,41.4695568131189,41225.0,25.18634033203125,19.039337158203125,11.913177490234377,14.034713745117188,42.22500038146973
2021-11-26 16:19:32.995,22.151020050048828,100.0,167.51302337646484,77.80302429199219,99.1999969482422,60.96282196044922,99.92766571044922,15.77635383605957,44.12612599425118,41225.0,22.52084350585937,19.44732666015625,17.597793579101562,17.951385498046875,42.22500038146973
2021-11-26 16:19:33.995,22.151020050048828,100.0,167.51302337646484,77.80302429199219,99.1999969482422,60.96282196044922,99.92766571044922,15.77635383605957,44.12612599425118,41225.0,22.52084350585937,19.44732666015625,17.597793579101562,17.951385498046875,42.22500038146973
2021-11-26 16:19:34.992,22.14488220214844,100.0,166.9759063720703,77.80302429199219,99.29999542236328,60.96282196044922,99.92766571044922,15.78192138671875,43.38047264255794,41225.0,24.370376586914062,15.557861328125,12.293975830078123,15.47625732421875,42.22500038146973
2021-11-26 16:19:35.991,22.2083683013916,100.06023406982422,169.11620330810547,77.80302429199219,98.79999542236328,60.96282196044922,99.92766571044922,15.783230781555176,41.49033308567184,41225.0,17.652206420898438,19.99130249023437,21.59605407714844,12.157989501953123,42.22500038146973
2021-11-26 16:19:36.992,22.2083683013916,100.06023406982422,169.11620330810547,77.80302429199219,98.79999542236328,60.96282196044922,99.92766571044922,15.783230781555176,41.49033308567184,41225.0,17.652206420898438,19.99130249023437,21.59605407714844,12.157989501953123,42.22500038146973
2021-11-26 16:19:38.005,22.348438262939453,99.93975830078124,168.74185943603516,77.80302429199219,99.4000015258789,60.96282196044922,99.92766571044922,15.786453247070312,42.45088554101393,41225.0,23.52720642089844,17.081008911132812,15.313079833984377,15.34027099609375,42.22500038146973
2021-11-26 16:19:38.990,22.446361541748047,99.93975830078124,170.0032501220703,77.80302429199219,98.5,60.96282196044922,99.92766571044922,15.789876937866213,41.85851450134335,41225.0,23.41841125488281,18.0601806640625,16.265045166015625,14.061920166015623,42.22500038146973
2021-11-26 16:19:40.994,22.37456321716309,100.06023406982422,168.36751556396484,77.80302429199219,99.5,60.96282196044922,99.92766571044922,15.796724319458008,40.26204643109989,41225.0,26.274322509765625,17.434600830078125,9.2476806640625,18.71295166015625,42.22500038146973
2021-11-26 16:19:40.000,22.446361541748047,99.93975830078124,170.0032501220703,77.80302429199219,98.5,60.96282196044922,99.92766571044922,15.789876937866213,41.85851450134335,41225.0,23.41841125488281,18.0601806640625,16.265045166015625,14.061920166015623,42.22500038146973
2021-11-26 16:19:42.002,22.251768112182617,100.06023406982422,167.28514862060547,77.80302429199219,97.89999389648438,60.96282196044922,99.92766571044922,15.800148010253906,43.76501600545501,41225.0,18.87615966796875,16.265045166015625,8.8125,16.50982666015625,42.22500038146973
2021-11-26 16:19:42.994,22.251768112182617,100.06023406982422,167.28514862060547,77.80302429199219,97.89999389648438,60.96282196044922,99.92766571044922,15.800148010253906,43.76501600545501,41225.0,18.87615966796875,16.265045166015625,8.8125,16.50982666015625,42.22500038146973
2021-11-26 16:19:43.990,22.189659118652344,99.93975830078124,168.6360626220703,77.80302429199219,98.4000015258789,60.96282196044922,99.92766571044922,15.806994438171388,42.16830207777839,41225.0,20.698501586914062,13.109939575195312,14.46990966796875,13.43634033203125,42.22500038146973
2021-11-26 16:19:44.995,22.24626922607422,100.0,168.3349609375,77.80302429199219,98.4000015258789,60.96282196044922,99.92766571044922,15.810418128967283,44.41347998860029,41225.0,17.7882080078125,20.18170166015625,16.047454833984375,11.178802490234377,42.22500038146973
2021-11-26 16:19:46.004,22.24626922607422,100.0,168.3349609375,77.80302429199219,98.4000015258789,60.96282196044922,99.92766571044922,15.810418128967283,44.41347998860029,41225.0,17.7882080078125,20.18170166015625,16.047454833984375,11.178802490234377,42.22500038146973
2021-11-26 16:19:47.001,22.279972076416016,100.1204833984375,169.36849212646484,77.80302429199219,98.29999542236328,60.96282196044922,99.92766571044922,15.809916496276855,45.214619280579385,41225.0,21.81365966796875,20.208892822265625,16.836212158203125,16.972213745117188,42.22500038146973
2021-11-26 16:19:47.993,22.16154861450196,100.0,169.63704681396484,77.80302429199219,99.4000015258789,60.96282196044922,99.92766571044922,15.811039924621582,43.8264965917132,41225.0,25.295150756835938,19.58331298828125,15.965850830078123,19.583328247070312,42.22500038146973
2021-11-26 16:19:48.993,22.16154861450196,100.0,169.63704681396484,77.80302429199219,99.4000015258789,60.96282196044922,99.92766571044922,15.811039924621582,43.8264965917132,41225.0,25.295150756835938,19.58331298828125,15.965850830078123,19.583328247070312,42.22500038146973
2021-11-26 16:19:49.992,22.07583808898925,99.8795166015625,169.19759368896484,77.80302429199219,98.79999542236328,60.96282196044922,99.92766571044922,15.811725616455078,45.9848397676294,41225.0,20.100128173828125,18.0601806640625,19.583328247070312,15.095489501953123,42.22500038146973
2021-11-26 16:19:50.991,22.07755851745605,99.93975830078124,168.5302734375,77.80302429199219,99.29999542236328,60.96282196044922,99.92766571044922,15.808377265930176,42.66415729279977,41225.0,27.144683837890625,18.0601806640625,12.40277099609375,19.964111328125,42.22500038146973
2021-11-26 16:19:51.992,22.07755851745605,99.93975830078124,168.5302734375,77.80302429199219,99.29999542236328,60.96282196044922,99.92766571044922,15.808377265930176,42.66415729279977,41225.0,27.144683837890625,18.0601806640625,12.40277099609375,19.964111328125,42.22500038146973
2021-11-26 16:19:52.994,22.171295166015625,100.1204833984375,168.85579681396484,77.80302429199219,99.0,60.96282196044922,99.92766571044922,15.813947677612305,39.8352148768976,41225.0,24.506378173828125,16.890625,14.551498413085938,13.599517822265623,42.22500038146973
2021-11-26 16:19:53.992,22.250173568725582,100.0,167.1549530029297,77.80302429199219,98.5999984741211,60.96282196044922,99.92766571044922,15.810494422912598,40.44919930129007,41225.0,16.83624267578125,17.788177490234375,17.271392822265625,14.714691162109377,42.22500038146973
2021-11-26 16:19:54.993,22.250173568725582,100.0,167.1549530029297,77.80302429199219,98.5999984741211,60.96282196044922,99.92766571044922,15.810494422912598,40.44919930129007,41225.0,16.83624267578125,17.788177490234375,17.271392822265625,14.714691162109377,42.22500038146973
2021-11-26 16:19:55.993,22.161396026611328,99.93975830078124,167.61881256103516,77.80302429199219,99.6999969482422,60.96282196044922,99.92766571044922,15.816617965698242,42.6606737577238,41225.0,24.3975830078125,17.516189575195312,17.3258056640625,11.477996826171877,42.22500038146973
2021-11-26 16:19:56.994,22.12249755859375,100.0,167.67578125,77.80302429199219,99.4000015258789,60.96282196044922,99.92766571044922,15.819679260253906,41.047485377495136,41225.0,16.591445922851562,15.938644409179688,13.27313232421875,16.700225830078125,42.22500038146973
2021-11-26 16:19:58.993,22.15694808959961,100.1204833984375,167.5455780029297,77.80302429199219,99.0,60.96282196044922,99.92766571044922,15.818397521972656,40.20697806987263,41225.0,23.336822509765625,18.38656616210937,13.87152099609375,11.559600830078123,42.22500038146973
2021-11-26 16:19:58.000,22.12249755859375,100.0,167.67578125,77.80302429199219,99.4000015258789,60.96282196044922,99.92766571044922,15.819679260253906,41.047485377495136,41225.0,16.591445922851562,15.938644409179688,13.27313232421875,16.700225830078125,42.22500038146973
