time,feed_rate,classifier_speed,tension_pressure,mill_fan_speed,main_drive_speed,recirculation_damper_position,stack_damper_position,hotgas_generator_load,total_specific_energy,tonnage,roller_height_1,roller_height_2,roller_height_3,roller_height_4,roller_temperature
1972-03-18 07:21:01,26.294118881225582,92.89157104492188,166.7236328125,84.6212158203125,87.0,60.82175827026367,99.98191833496094,12.103033065795898,40.290621920946876,193631.0,19.90972900390625,21.269683837890625,23.66319274902344,23.826385498046875,34.22500038146973
1972-03-18 07:21:02,26.37350082397461,93.01204681396484,166.59342193603516,84.6212158203125,86.9000015258789,60.82175827026367,99.98191833496094,12.106982231140137,39.46175488941812,193631.0,21.81365966796875,23.010406494140625,22.3304443359375,18.767364501953125,34.22500038146973
1972-03-18 07:21:03,26.36831855773925,93.0722885131836,167.51302337646484,84.6212158203125,86.5999984741211,60.82175827026367,99.98191833496094,12.11093044281006,38.85238111530662,193631.0,18.44097900390625,22.3304443359375,22.874420166015625,21.024887084960938,34.22500038146973
1972-03-18 07:21:04,26.29747772216797,93.13253021240234,165.87728118896484,84.6212158203125,86.79999542236328,60.82175827026367,99.9782943725586,12.11487865447998,38.822242137270905,193631.0,20.91610717773437,21.94964599609375,20.9976806640625,19.773727416992188,34.22500038146973
1972-03-18 07:21:05,26.2548942565918,93.0722885131836,167.15494537353516,84.6212158203125,86.29999542236328,60.82175827026367,99.98191833496094,12.1217622756958,40.317380167824105,193631.0,17.70660400390625,24.99594116210937,22.38482666015625,20.45370483398437,34.22500038146973
1972-03-18 07:21:06,26.28597068786621,92.89157104492188,166.97591400146484,84.54545593261719,85.79999542236328,60.82175827026367,99.98191833496094,12.130134582519531,40.69651593932381,193631.0,20.64410400390625,22.004058837890625,14.9866943359375,21.106475830078125,34.22500038146973
1972-03-18 07:21:07,26.3841609954834,92.83132934570312,166.47135162353516,84.54545593261719,87.0,60.82175827026367,99.98191833496094,12.134172439575195,38.070701159605086,193631.0,18.38658142089844,20.426513671875,25.213531494140625,19.85531616210937,34.22500038146973
1972-03-18 07:21:08,26.479877471923828,93.01204681396484,167.6350860595703,84.54545593261719,87.0,60.82175827026367,99.98191833496094,12.138211250305176,39.38429881779852,193631.0,20.18173217773437,24.28877258300781,17.461807250976562,22.24884033203125,34.22500038146973
1972-03-18 07:21:09,26.50201416015625,93.0722885131836,166.4143829345703,84.6212158203125,86.19999694824219,60.82175827026367,99.98191833496094,12.14957332611084,39.30212884233169,193631.0,19.52894592285156,18.685760498046875,20.34490966796875,20.39930725097656,34.22500038146973
1972-03-18 07:21:10,26.46316719055176,93.01204681396484,167.87923431396484,84.6212158203125,86.5999984741211,60.82175827026367,99.98191833496094,12.15370273590088,40.564009438732164,193631.0,22.49365234375,29.86459350585937,18.957763671875,21.840850830078125,34.22500038146973
1972-03-18 07:21:11,26.40533447265625,92.9518051147461,168.12337493896484,84.6212158203125,86.79999542236328,60.82175827026367,99.98191833496094,12.163679122924805,40.09027593181162,193631.0,18.957763671875,22.140045166015625,23.85357666015625,19.365753173828125,34.22500038146973
1972-03-18 07:21:12,26.3972396850586,92.89157104492188,166.8701171875,84.6212158203125,86.69999694824219,60.82175827026367,99.98191833496094,12.169355392456056,39.31137600980826,193631.0,19.12095642089844,27.68865966796875,19.66493225097656,21.106475830078125,34.22500038146973
1972-03-18 07:21:13,26.45541381835937,92.9518051147461,167.6513671875,84.6212158203125,87.19999694824219,60.82175827026367,99.98191833496094,12.173575401306152,38.19066569499511,193631.0,23.85360717773437,20.20892333984375,22.765625,21.92245483398437,34.22500038146973
1972-03-18 07:21:14,26.50238609313965,93.13253021240234,165.13671112060547,84.6212158203125,87.30000305175781,60.82175827026367,99.98191833496094,12.177794456481934,39.47825642000728,193631.0,24.58798217773437,23.608795166015625,21.65045166015625,19.828125,34.22500038146973
1972-03-18 07:21:15,26.49069595336914,93.1927719116211,167.85482025146484,84.6212158203125,86.9000015258789,60.82175827026367,99.98191833496094,12.182014465332031,38.848607585676874,193631.0,16.564239501953125,26.029510498046875,24.75115966796875,21.05209350585937,34.22500038146973
1972-03-18 07:21:16,26.38704490661621,93.01204681396484,166.34928131103516,84.54545593261719,87.0999984741211,60.82175827026367,99.98191833496094,12.186233520507812,38.11473433888873,193631.0,23.336822509765625,26.8726806640625,20.8616943359375,18.631378173828125,34.22500038146973
1972-03-18 07:21:17,26.30697250366211,92.89157104492188,167.2119140625,84.6212158203125,86.9000015258789,60.82175827026367,99.98191833496094,12.19045352935791,38.475143248869124,193631.0,18.168991088867188,23.092010498046875,25.648727416992188,19.066558837890625,34.22500038146973
1972-03-18 07:21:18,26.283992767333984,92.83132934570312,167.9443359375,84.6212158203125,87.0,60.82175827026367,99.98191833496094,12.194672584533691,39.40856559709303,193631.0,21.623275756835938,28.53182983398437,20.970489501953125,18.495361328125,34.22500038146973
1972-03-18 07:21:19,26.32432174682617,93.01204681396484,167.6350860595703,84.6212158203125,88.20000457763672,60.82175827026367,99.98191833496094,12.204747200012209,36.79366542511314,193631.0,18.903366088867188,22.167236328125,24.642364501953125,21.35127258300781,34.22500038146973
1972-03-18 07:21:20,26.38745880126953,93.13253021240234,165.9505157470703,84.6212158203125,87.80000305175781,60.82175827026367,99.98191833496094,12.210506439208984,37.598229601836785,193631.0,18.359375,20.20892333984375,22.738433837890625,19.74652099609375,34.22500038146973
1972-03-18 07:21:21,26.3904972076416,93.0722885131836,167.1142578125,84.6212158203125,88.4000015258789,60.82175827026367,99.98191833496094,12.220664024353027,37.46158246532778,193631.0,21.160888671875,22.575225830078125,22.24884033203125,22.82002258300781,34.22500038146973
1972-03-18 07:21:22,26.331430435180664,92.89157104492188,167.09798431396484,84.6212158203125,86.79999542236328,60.82175827026367,99.98191833496094,12.231651306152344,40.79859311524388,193631.0,23.85360717773437,23.173614501953125,18.44097900390625,18.359375,34.22500038146973
1972-03-18 07:21:23,26.25636482238769,92.83132934570312,167.626953125,84.54545593261719,87.30000305175781,60.82175827026367,99.9782943725586,12.238308906555176,39.37573134536748,193631.0,17.325820922851562,21.650466918945312,22.412033081054688,18.98495483398437,34.22500038146973
1972-03-18 07:21:24,26.24884605407715,93.01204681396484,167.7001953125,84.6212158203125,87.5,60.82175827026367,99.98191833496094,12.242798805236816,37.92411877527575,193631.0,22.167266845703125,27.33506774902344,19.284149169921875,21.840850830078125,34.22500038146973
1972-03-18 07:21:25,26.322254180908203,93.0722885131836,165.99935150146484,84.6212158203125,86.69999694824219,60.82175827026367,99.98191833496094,12.246563911437988,39.441927439715336,193631.0,16.999420166015625,20.48089599609375,25.648727416992188,23.962387084960938,34.22500038146973
1972-03-18 07:21:26,26.423114776611328,93.01204681396484,166.3818359375,84.6212158203125,87.0999984741211,60.82175827026367,99.98191833496094,12.248102188110352,38.09881485466085,193631.0,21.97686767578125,22.140045166015625,20.61689758300781,16.23785400390625,34.22500038146973
1972-03-18 07:21:27,26.49172782897949,92.89157104492188,166.08072662353516,84.6212158203125,87.19999694824219,60.82175827026367,99.98191833496094,12.256217002868652,39.3203041623063,193631.0,20.8616943359375,22.221649169921875,23.41839599609375,20.34490966796875,34.22500038146973
1972-03-18 07:21:28,26.478328704833984,92.9518051147461,167.56998443603516,84.6212158203125,87.19999694824219,60.82175827026367,99.98191833496094,12.26070785522461,39.277995313446574,193631.0,20.48091125488281,26.19271850585937,21.568862915039062,16.4554443359375,34.22500038146973
1972-03-18 07:21:29,26.436901092529297,93.13253021240234,166.97591400146484,84.54545593261719,87.80000305175781,60.82175827026367,99.98191833496094,12.265198707580566,39.64059406012027,193631.0,19.85533142089844,24.07118225097656,22.412033081054688,21.67767333984375,34.22500038146973
1972-03-18 07:21:30,26.445093154907227,93.0722885131836,166.48763275146484,84.54545593261719,87.0,60.82175827026367,99.98191833496094,12.268221855163574,39.73253822888031,193631.0,21.5960693359375,25.322341918945312,21.21527099609375,20.58969116210937,34.22500038146973
1972-03-18 07:21:31,26.50384330749512,92.9518051147461,167.58626556396484,84.6212158203125,87.69999694824219,60.82175827026367,99.98191833496094,12.272709846496582,39.46446307969682,193631.0,18.223388671875,22.384841918945312,24.75115966796875,20.426513671875,34.22500038146973
1972-03-18 07:21:32,26.570669174194336,92.89157104492188,166.796875,84.6212158203125,86.5999984741211,60.82175827026367,99.98191833496094,12.278635025024414,41.156775299531255,193631.0,20.535308837890625,29.103012084960938,13.980316162109377,22.9288330078125,34.22500038146973
1972-03-18 07:21:33,26.561729431152344,92.83132934570312,167.3095703125,84.6212158203125,86.5999984741211,60.82175827026367,99.98191833496094,12.28093147277832,40.16319996070658,193631.0,19.9913330078125,20.834503173828125,22.84722900390625,19.800933837890625,34.22500038146973
1972-03-18 07:21:34,26.477558135986328,93.01204681396484,165.9098358154297,84.6212158203125,86.79999542236328,60.82175827026367,99.98191833496094,12.283934593200684,40.28247470476952,193631.0,24.098388671875,24.832763671875,18.685760498046875,20.2633056640625,34.22500038146973
1972-03-18 07:21:35,26.37799835205078,93.1927719116211,167.7164764404297,84.6212158203125,86.79999542236328,60.82175827026367,99.98191833496094,12.289840698242188,39.323676605974924,193631.0,17.70660400390625,22.276031494140625,23.608795166015625,19.88252258300781,34.22500038146973
1972-03-18 07:21:36,26.31365394592285,93.0722885131836,166.7073516845703,84.54545593261719,86.9000015258789,60.82175827026367,99.98191833496094,12.29649829864502,39.583254572198925,193631.0,20.48091125488281,22.68402099609375,17.70660400390625,17.951385498046875,34.22500038146973
1972-03-18 07:21:37,26.34214973449707,92.83132934570312,167.22818756103516,84.6212158203125,87.30000305175781,60.82175827026367,99.98191833496094,12.297334671020508,38.30153068527964,193631.0,18.71298217773437,19.148162841796875,23.41839599609375,19.2569580078125,34.22500038146973
1972-03-18 07:21:38,26.40003204345703,92.89157104492188,165.12044525146484,84.6212158203125,86.5,60.82175827026367,99.98191833496094,12.30103874206543,39.7449444485385,193631.0,19.420150756835938,22.98321533203125,23.66319274902344,17.815399169921875,34.22500038146973
1972-03-18 07:21:39,26.42861557006836,93.01204681396484,167.22005462646484,84.6212158203125,86.9000015258789,60.82175827026367,99.98191833496094,12.307677268981934,37.035579003372206,193631.0,18.685775756835938,20.236114501953125,22.24884033203125,20.834503173828125,34.22500038146973
1972-03-18 07:21:40,26.37508201599121,93.13253021240234,165.6901092529297,84.6212158203125,86.69999694824219,60.82175827026367,99.98191833496094,12.313608169555664,38.07738149001829,193631.0,21.81365966796875,27.74305725097656,20.236114501953125,18.74017333984375,34.22500038146973
1972-03-18 07:21:41,26.30190658569336,93.0722885131836,167.76529693603516,84.6212158203125,87.0999984741211,60.82175827026367,99.98191833496094,12.317363739013672,41.21802967909409,193631.0,16.23785400390625,23.364013671875,21.840850830078125,22.52084350585937,34.22500038146973
1972-03-18 07:21:42,26.26499366760254,92.9518051147461,166.31673431396484,84.54545593261719,86.0999984741211,60.82175827026367,99.98191833496094,12.321836471557615,39.83156433634092,193631.0,21.97686767578125,22.357635498046875,20.752899169921875,20.535308837890625,34.22500038146973
1972-03-18 07:21:43,26.30986595153809,92.89157104492188,166.8375701904297,84.54545593261719,87.0999984741211,60.82175827026367,99.98191833496094,12.327035903930664,39.273918045357135,193631.0,20.426513671875,26.49189758300781,20.04571533203125,19.556137084960938,34.22500038146973
1972-03-18 07:21:44,26.413227081298828,92.9518051147461,166.17024993896484,84.54545593261719,86.69999694824219,60.82175827026367,99.98191833496094,12.331517219543455,40.08488448049839,193631.0,20.399322509765625,23.28240966796875,21.432861328125,15.557861328125,34.22500038146973
1972-03-18 07:21:45,26.45778083801269,93.01204681396484,167.041015625,84.6212158203125,87.5,60.82175827026367,99.98191833496094,12.336725234985352,38.842912196138606,193631.0,17.897003173828125,23.55439758300781,22.765625,21.895263671875,34.22500038146973
1972-03-18 07:21:46,26.43226623535156,93.0722885131836,167.20377349853516,84.6212158203125,87.5,60.82175827026367,99.98191833496094,12.341216087341309,37.880121834707744,193631.0,19.71932983398437,24.506378173828125,22.08564758300781,20.39930725097656,34.22500038146973
1972-03-18 07:21:47,26.374496459960938,93.01204681396484,167.56998443603516,84.6212158203125,87.0999984741211,60.82175827026367,99.98191833496094,12.345706939697266,38.56885547929711,193631.0,17.298614501953125,22.874420166015625,22.901611328125,25.104736328125,34.22500038146973
1972-03-18 07:21:48,26.353389739990234,92.89157104492188,166.39810943603516,84.6212158203125,87.0999984741211,60.82175827026367,99.98191833496094,12.350196838378906,39.46327729658301,193631.0,17.70660400390625,26.845489501953125,17.788192749023438,22.167236328125,34.22500038146973
1972-03-18 07:21:49,26.404277801513672,93.01204681396484,167.14681243896484,84.6212158203125,87.5,60.82175827026367,99.98191833496094,12.354687690734863,38.37967063981035,193631.0,18.25057983398437,19.447341918945312,24.560760498046875,23.472808837890625,34.22500038146973
1972-03-18 07:21:50,26.48975944519043,93.01204681396484,166.6422576904297,84.54545593261719,86.5,60.82175827026367,99.98191833496094,12.366501808166504,39.80621824341892,193631.0,22.901641845703125,23.608795166015625,18.44097900390625,20.236114501953125,34.22500038146973
1972-03-18 07:21:51,26.52360916137696,93.01204681396484,166.7805938720703,84.54545593261719,86.29999542236328,60.82175827026367,99.98191833496094,12.378405570983888,37.90074075885174,193631.0,19.47454833984375,24.6695556640625,21.976852416992188,19.3929443359375,34.22500038146973
1972-03-18 07:21:52,26.49090385437012,92.9518051147461,167.4723358154297,84.6212158203125,86.9000015258789,60.82175827026367,99.98191833496094,12.38307762145996,39.31917753094691,193631.0,22.03125,26.95428466796875,18.903350830078125,19.14814758300781,34.22500038146973
1972-03-18 07:21:53,26.420305252075195,92.9518051147461,166.2109375,84.6212158203125,87.5999984741211,60.82175827026367,99.98191833496094,12.38774871826172,38.30424732467124,193631.0,22.9288330078125,21.106475830078125,22.575225830078125,21.487274169921875,34.22500038146973
1972-03-18 07:21:54,26.374631881713867,93.01204681396484,167.07357025146484,84.6212158203125,87.80000305175781,60.82175827026367,99.98191833496094,12.39974308013916,40.30669581642278,193631.0,22.68403625488281,27.579864501953125,22.3304443359375,22.54803466796875,34.22500038146973
1972-03-18 07:21:55,26.411243438720703,93.01204681396484,166.1946563720703,84.6212158203125,86.29999542236328,60.82175827026367,99.98191833496094,12.404505729675291,41.4686135679837,193631.0,22.629638671875,20.39930725097656,21.296875,24.098388671875,34.22500038146973
1972-03-18 07:21:56,26.484111785888672,93.0722885131836,166.29232025146484,84.6212158203125,86.5,60.82175827026367,99.98191833496094,12.40926742553711,37.50237639771897,193631.0,18.903366088867188,30.16377258300781,20.58969116210937,17.597808837890625,34.22500038146973
1972-03-18 07:21:57,26.515005111694336,93.01204681396484,166.5283203125,84.6212158203125,86.5999984741211,60.82175827026367,99.98191833496094,12.414029121398926,39.28931045493727,193631.0,18.74017333984375,21.37847900390625,20.888885498046875,22.84722900390625,34.22500038146973
1972-03-18 07:21:58,26.48171615600586,92.9518051147461,166.3248748779297,84.6212158203125,86.79999542236328,60.82175827026367,99.98191833496094,12.418790817260742,36.31440532536409,193632.0,19.964141845703125,26.247100830078125,22.140045166015625,20.58969116210937,34.22500038146973
1972-03-18 07:21:59,26.36920547485352,93.01204681396484,168.17220306396484,84.6212158203125,87.0999984741211,60.82175827026367,99.98191833496094,12.42574691772461,38.1474842275526,193632.0,16.645843505859375,26.51910400390625,22.276031494140625,19.88252258300781,34.22500038146973
1972-03-18 07:22:00,26.28580474853516,93.0722885131836,165.7145233154297,84.54545593261719,87.5,60.82175827026367,99.98191833496094,12.434212684631348,39.1834516431358,193632.0,23.336822509765625,23.7991943359375,23.25521850585937,21.5960693359375,34.22500038146973
1972-03-18 07:22:01,26.29339408874512,93.01204681396484,167.17122650146484,84.6212158203125,87.30000305175781,60.82175827026367,99.98191833496094,12.440499305725098,40.35599008248707,193632.0,22.004058837890625,19.5289306640625,19.44732666015625,19.800933837890625,34.22500038146973
1972-03-18 07:22:02,26.332733154296875,92.9518051147461,166.09700775146484,84.6212158203125,86.9000015258789,60.82175827026367,99.98191833496094,12.449739456176758,40.58245033150958,193632.0,20.07293701171875,24.07118225097656,23.39120483398437,20.9976806640625,34.22500038146973
1972-03-18 07:22:03,26.365198135375977,92.89157104492188,166.97591400146484,84.6212158203125,86.0,60.82175827026367,99.98191833496094,12.463452339172363,42.17263744653188,193632.0,22.54803466796875,25.02314758300781,24.80555725097656,22.65682983398437,34.22500038146973
1972-03-18 07:22:04,26.34128761291504,93.01204681396484,166.6748046875,84.6212158203125,86.5,60.82175827026367,99.98191833496094,12.46992015838623,40.65938120206473,193632.0,21.296875,27.525466918945312,21.81365966796875,16.047454833984375,34.22500038146973
1972-03-18 07:22:05,26.283849716186523,93.01204681396484,166.80501556396484,84.6212158203125,86.79999542236328,60.82175827026367,99.98191833496094,12.474952697753906,38.02162636870136,193632.0,20.535308837890625,22.303253173828125,20.31771850585937,23.010421752929688,34.22500038146973
1972-03-18 07:22:06,26.24852561950684,93.01204681396484,164.76236724853516,84.6212158203125,86.29999542236328,60.82175827026367,99.98191833496094,12.485849380493164,40.7286425810834,193632.0,21.487274169921875,20.58969116210937,22.167236328125,18.19618225097656,34.22500038146973
1972-03-18 07:22:07,26.27320671081543,93.01204681396484,167.3095703125,84.6212158203125,87.5,60.82175827026367,99.98191833496094,12.492414474487305,39.413978658161426,193632.0,19.3929443359375,22.4664306640625,26.546295166015625,20.290512084960938,34.22500038146973
1972-03-18 07:22:08,26.35270881652832,92.9518051147461,166.0400390625,84.6212158203125,87.0999984741211,60.82175827026367,99.98191833496094,12.500466346740724,39.79547362849493,193632.0,23.22802734375,27.00868225097656,21.37847900390625,20.372100830078125,34.22500038146973
1972-03-18 07:22:09,26.43766212463379,92.9518051147461,166.71549224853516,84.54545593261719,87.0,60.82175827026367,99.98191833496094,12.50856876373291,39.60985413047837,193632.0,21.133697509765625,21.21527099609375,23.9351806640625,20.58969116210937,34.22500038146973
1972-03-18 07:22:10,26.446697235107425,93.01204681396484,165.8447265625,84.54545593261719,86.5999984741211,60.82175827026367,99.98191833496094,12.514491081237791,40.74912528669695,193632.0,20.236114501953125,26.981475830078125,25.213531494140625,23.472808837890625,34.22500038146973
1972-03-18 07:22:11,26.386045455932617,93.01204681396484,167.1630859375,84.6212158203125,87.0,60.82175827026367,99.98191833496094,12.526269912719728,40.211740199988625,193632.0,21.432891845703125,25.53993225097656,23.11920166015625,23.010421752929688,34.22500038146973
1972-03-18 07:22:12,26.330467224121094,93.01204681396484,166.0563201904297,84.6212158203125,87.5,60.82175827026367,99.98191833496094,12.537419319152832,39.280118260760716,193632.0,18.332183837890625,28.178253173828125,19.74652099609375,21.541671752929688,34.22500038146973
1972-03-18 07:22:13,26.34642601013184,93.01204681396484,167.31771087646484,84.6212158203125,87.30000305175781,60.82175827026367,99.98191833496094,12.550100326538086,38.216940349805235,193632.0,19.229766845703125,23.690399169921875,23.9351806640625,26.247100830078125,34.22500038146973
1972-03-18 07:22:14,26.424394607543945,92.9518051147461,165.31575775146484,84.6212158203125,87.5,60.82175827026367,99.98191833496094,12.55848503112793,39.70032134417853,193632.0,19.44735717773437,26.19271850585937,19.773727416992188,21.759262084960938,34.22500038146973
1972-03-18 07:22:15,26.482290267944336,92.89157104492188,167.68392181396484,84.6212158203125,87.69999694824219,60.82175827026367,99.98191833496094,12.563969612121582,36.597844032564154,193632.0,16.346649169921875,26.247100830078125,24.615158081054688,21.296875,34.22500038146973
1972-03-18 07:22:16,26.49017333984375,92.89157104492188,166.93521881103516,84.6212158203125,87.0999984741211,60.82175827026367,99.98191833496094,12.573132514953612,41.06380957455387,193632.0,21.07928466796875,27.96064758300781,20.2633056640625,21.623260498046875,34.22500038146973
1972-03-18 07:22:17,26.43514442443848,93.0722885131836,166.91079711914062,84.6212158203125,86.9000015258789,60.82175827026367,99.98191833496094,12.582324028015137,37.88459070585511,193632.0,22.54803466796875,22.79281616210937,20.834487915039062,21.895263671875,34.22500038146973
1972-03-18 07:22:18,26.39223861694336,93.01204681396484,167.17122650146484,84.6212158203125,86.9000015258789,60.82175827026367,99.98191833496094,12.589360237121582,40.49741109683551,193632.0,20.752899169921875,27.525466918945312,21.7320556640625,21.623260498046875,34.22500038146973
1972-03-18 07:22:19,26.408246994018555,93.01204681396484,165.771484375,84.6212158203125,86.0999984741211,60.82175827026367,99.98191833496094,12.597140312194824,39.252954690709856,193632.0,20.780105590820312,24.343170166015625,20.9976806640625,22.03125,34.22500038146973
1972-03-18 07:22:20,26.4880428314209,92.9518051147461,166.04004669189453,84.6212158203125,86.79999542236328,60.82175827026367,99.98191833496094,12.606422424316406,40.45482832125869,193632.0,20.48091125488281,24.234375,19.25694274902344,22.84722900390625,34.22500038146973
1972-03-18 07:22:21,26.541757583618164,92.9518051147461,167.76529693603516,84.6212158203125,88.0,60.82175827026367,99.98191833496094,12.612088203430176,39.03346758386766,193632.0,21.868072509765625,26.410308837890625,23.010406494140625,24.642364501953125,34.22500038146973
1972-03-18 07:22:22,26.550989151000977,93.01204681396484,166.17838287353516,84.6212158203125,86.69999694824219,60.82175827026367,99.98191833496094,12.617753982543944,39.77365694074832,193632.0,21.432891845703125,27.96064758300781,19.338531494140625,19.202545166015625,34.22500038146973
1972-03-18 07:22:23,26.4702262878418,93.13253021240234,167.07357025146484,84.6212158203125,86.69999694824219,60.82175827026367,99.98191833496094,12.626355171203612,39.76935387478129,193632.0,17.978607177734375,20.72569274902344,23.71759033203125,25.295135498046875,34.22500038146973
1972-03-18 07:22:24,26.4004020690918,92.9518051147461,165.95052337646484,84.6212158203125,87.0999984741211,60.82175827026367,99.98191833496094,12.638662338256836,39.351013559741794,193632.0,20.780105590820312,26.111114501953125,20.64410400390625,20.807296752929688,34.22500038146973
1972-03-18 07:22:25,26.3803939819336,92.89157104492188,166.9189453125,84.6212158203125,86.79999542236328,60.82175827026367,99.98191833496094,12.649582862854004,40.51696893135989,193632.0,19.03936767578125,22.54803466796875,21.05209350585937,23.39120483398437,34.22500038146973
1972-03-18 07:22:26,26.437355041503903,92.89157104492188,167.0003204345703,84.6212158203125,87.5999984741211,60.82175827026367,99.98191833496094,12.655430793762209,39.42393376191888,193632.0,18.44097900390625,23.66319274902344,22.19444274902344,21.160888671875,34.22500038146973
1972-03-18 07:22:27,26.477027893066406,93.0722885131836,166.47949981689453,84.6212158203125,86.4000015258789,60.82175827026367,99.98191833496094,12.661277770996094,39.22892597014117,193632.0,21.405670166015625,26.21990966796875,23.608795166015625,20.04571533203125,34.22500038146973
1972-03-18 07:22:28,26.474647521972656,93.13253021240234,165.8284454345703,84.54545593261719,87.0,60.82175827026367,99.98191833496094,12.66712474822998,39.00437827891824,193632.0,20.20892333984375,23.14642333984375,22.38482666015625,21.106475830078125,34.22500038146973
1972-03-18 07:22:29,26.37996864318848,93.0722885131836,166.3330078125,84.6212158203125,87.30000305175781,60.82175827026367,99.98191833496094,12.672971725463867,38.21637977713493,193632.0,18.6585693359375,23.55439758300781,21.976852416992188,25.2679443359375,34.22500038146973
1972-03-18 07:22:30,26.30359268188477,92.9518051147461,165.0553436279297,84.6212158203125,86.79999542236328,60.82175827026367,99.98191833496094,12.67881965637207,38.864399653736605,193632.0,23.01043701171875,26.19271850585937,20.834487915039062,21.160888671875,34.22500038146973
1972-03-18 07:22:31,26.27066230773925,92.89157104492188,167.88736724853516,84.6212158203125,87.9000015258789,60.82175827026367,99.98191833496094,12.686860084533691,37.20006392034266,193632.0,18.549774169921875,23.14642333984375,22.765625,21.568878173828125,34.22500038146973
1972-03-18 07:22:32,26.31657600402832,93.01204681396484,166.748046875,84.6212158203125,87.69999694824219,60.82175827026367,99.98191833496094,12.692734718322754,39.952854383033404,193632.0,24.01678466796875,27.66146850585937,17.516204833984375,18.25057983398437,34.22500038146973
1972-03-18 07:22:33,26.369474411010746,93.0722885131836,166.8212890625,84.6212158203125,86.9000015258789,60.82175827026367,99.98191833496094,12.697875022888184,40.089097885679614,193632.0,24.234375,24.85995483398437,25.104736328125,18.19618225097656,34.22500038146973
1972-03-18 07:22:34,26.390182495117188,93.01204681396484,166.51204681396484,84.6212158203125,87.4000015258789,60.82175827026367,99.98191833496094,12.706660270690918,39.22125625973182,193632.0,18.71298217773437,26.247100830078125,24.615158081054688,22.08564758300781,34.22500038146973
1972-03-18 07:22:35,26.33502197265625,93.01204681396484,166.03189849853516,84.6212158203125,86.5,60.82175827026367,99.98191833496094,12.711101531982422,40.04895483031383,193632.0,21.65048217773437,26.27430725097656,21.13368225097656,21.07928466796875,34.22500038146973
1972-03-18 07:22:36,26.3021183013916,93.01204681396484,166.796875,84.6212158203125,86.69999694824219,60.82175827026367,99.98191833496094,12.721372604370115,40.640102945020935,193632.0,20.18173217773437,25.45834350585937,22.874420166015625,20.48089599609375,34.22500038146973
1972-03-18 07:22:37,26.31960105895996,92.9518051147461,165.9830780029297,84.54545593261719,87.0,60.82175827026367,99.98191833496094,12.727309226989746,39.40268211198002,193632.0,21.81365966796875,20.2633056640625,21.840850830078125,20.970489501953125,34.22500038146973
1972-03-18 07:22:38,26.38267135620117,92.9518051147461,165.1285858154297,84.54545593261719,86.5,60.82175827026367,99.98191833496094,12.733246803283691,40.60348950175238,193632.0,21.54168701171875,21.704864501953125,19.474533081054688,19.066558837890625,34.22500038146973
1972-03-18 07:22:39,26.413345336914062,92.9518051147461,165.5924530029297,84.6212158203125,86.29999542236328,60.82175827026367,99.98191833496094,12.739184379577637,40.732659262575645,193632.0,19.964141845703125,20.154510498046875,19.284149169921875,20.61689758300781,34.22500038146973
1972-03-18 07:22:40,26.44853973388672,92.9518051147461,166.05631256103516,84.6212158203125,87.19999694824219,60.82175827026367,99.98191833496094,12.745121955871582,39.240719677684275,193632.0,21.296875,27.362274169921875,19.85531616210937,20.834503173828125,34.22500038146973
1972-03-18 07:22:41,26.450258255004883,93.01204681396484,166.59342193603516,84.6212158203125,88.0,60.82175827026367,99.98191833496094,12.758366584777832,36.972544327034484,193632.0,21.514480590820312,20.508102416992188,23.71759033203125,22.221649169921875,34.22500038146973
1972-03-18 07:22:42,26.440290451049805,93.0722885131836,166.7724609375,84.6212158203125,87.30000305175781,60.82175827026367,99.98191833496094,12.765135765075684,37.89118536880569,193632.0,15.66668701171875,27.035888671875,22.11285400390625,21.05209350585937,34.22500038146973
1972-03-18 07:22:43,26.45014190673828,92.9518051147461,165.6168670654297,84.6212158203125,87.0,60.82175827026367,99.98191833496094,12.777785301208496,39.844756643811294,193632.0,20.8616943359375,23.58160400390625,19.229736328125,25.02314758300781,34.22500038146973
1972-03-18 07:22:44,26.51431655883789,92.9518051147461,165.65755462646484,84.6212158203125,86.9000015258789,60.82175827026367,99.98191833496094,12.78390407562256,40.25610205437857,193632.0,19.637741088867188,25.18634033203125,22.65682983398437,18.11459350585937,34.22500038146973
1972-03-18 07:22:45,26.573774337768555,92.9518051147461,166.5283203125,84.54545593261719,85.5999984741211,60.82175827026367,99.98191833496094,12.79587745666504,41.48823321558067,193632.0,21.405670166015625,19.828125,19.420135498046875,23.25521850585937,34.22500038146973
1972-03-18 07:22:46,26.57546615600586,92.9518051147461,166.21907806396484,84.54545593261719,86.69999694824219,60.82175827026367,99.98191833496094,12.802067756652832,40.38999000803692,193632.0,22.248855590820312,26.19271850585937,21.759246826171875,21.13368225097656,34.22500038146973
1972-03-18 07:22:47,26.48462677001953,93.01204681396484,164.8681640625,84.6212158203125,86.79999542236328,60.82175827026367,99.98191833496094,12.80972671508789,39.59952719268605,193632.0,18.60418701171875,23.7991943359375,21.13368225097656,24.6695556640625,34.22500038146973
1972-03-18 07:22:48,26.354225158691406,93.0722885131836,165.5354766845703,84.6212158203125,87.0,60.82175827026367,99.98191833496094,12.822516441345217,38.93771489514087,193632.0,20.752899169921875,25.2679443359375,20.39930725097656,18.168975830078125,34.22500038146973
1972-03-18 07:22:49,26.33110237121582,93.0722885131836,166.5934295654297,84.6212158203125,86.9000015258789,60.82175827026367,99.98191833496094,12.833202362060549,40.70382897427404,193632.0,22.65682983398437,24.179977416992188,20.943283081054688,22.65682983398437,34.22500038146973
1972-03-18 07:22:50,26.42180252075196,93.01204681396484,165.52734375,84.6212158203125,86.5999984741211,60.82175827026367,99.98191833496094,12.8410062789917,40.68046221390097,193632.0,17.162628173828125,25.78472900390625,21.46006774902344,21.269683837890625,34.22500038146973
1972-03-18 07:22:51,26.45629119873047,92.9518051147461,165.3238983154297,84.6212158203125,85.79999542236328,60.82175827026367,99.98191833496094,12.84957790374756,38.97426463060739,193632.0,21.73207092285156,22.004058837890625,19.71932983398437,22.303253173828125,34.22500038146973
1972-03-18 07:22:52,26.41949462890625,93.01204681396484,166.41439056396484,84.6212158203125,87.4000015258789,60.82175827026367,99.98191833496094,12.862549781799316,39.90842847637904,193632.0,18.06019592285156,26.21990966796875,22.412033081054688,22.140045166015625,34.22500038146973
1972-03-18 07:22:53,26.320640563964844,93.0722885131836,165.42154693603516,84.6212158203125,87.0,60.82175827026367,99.98191833496094,12.87489128112793,39.79675462962829,193632.0,21.67767333984375,22.303253173828125,19.556121826171875,21.160888671875,34.22500038146973
1972-03-18 07:22:54,26.221195220947266,93.01204681396484,165.8040313720703,84.6212158203125,86.4000015258789,60.82175827026367,99.98191833496094,12.883627891540527,41.13562216374838,193632.0,20.236114501953125,27.579864501953125,22.54803466796875,16.509841918945312,34.22500038146973
1972-03-18 07:22:55,26.16712951660156,92.9518051147461,165.9912109375,84.54545593261719,87.30000305175781,60.82175827026367,99.98191833496094,12.895319938659668,37.90012750096363,193632.0,19.202545166015625,23.2008056640625,22.711227416992188,19.85531616210937,34.22500038146973
1972-03-18 07:22:56,26.2277774810791,92.9518051147461,165.1448516845703,84.6212158203125,86.69999694824219,60.82175827026367,99.98191833496094,12.911478996276855,39.688317041440676,193632.0,20.7257080078125,26.029510498046875,20.39930725097656,20.018524169921875,34.22500038146973
1972-03-18 07:22:57,26.292346954345703,93.0722885131836,166.552734375,84.6212158203125,86.5999984741211,60.82175827026367,99.98191833496094,12.918230056762695,40.070100013333565,193632.0,21.05209350585937,21.78646850585937,22.03125,23.98959350585937,34.22500038146973
1972-03-18 07:22:58,26.345401763916016,93.01204681396484,166.54459381103516,84.6212158203125,87.19999694824219,60.82175827026367,99.98191833496094,12.924981117248535,40.687803247156324,193632.0,20.8616943359375,22.439239501953125,22.221649169921875,19.3929443359375,34.22500038146973
1972-03-18 07:22:59,26.377355575561523,93.01204681396484,165.66568756103516,84.6212158203125,87.19999694824219,60.82175827026367,99.98191833496094,12.931732177734377,38.434589062912735,193632.0,20.48091125488281,24.043975830078125,20.426513671875,21.07928466796875,34.22500038146973
1972-03-18 07:23:00,26.379026412963867,93.01204681396484,166.59342193603516,84.6212158203125,87.5999984741211,60.82175827026367,99.98191833496094,12.947274208068848,38.207621476670596,193632.0,17.625,24.696762084960938,25.349533081054688,19.58334350585937,34.22500038146973
1972-03-18 07:23:01,26.385799407958984,92.9518051147461,165.29134368896484,84.6212158203125,86.79999542236328,60.82175827026367,99.98191833496094,12.959989547729492,38.70666669172614,193632.0,22.03125,22.765625,18.87615966796875,21.024887084960938,34.22500038146973
1972-03-18 07:23:02,26.494537353515625,92.9518051147461,166.1783905029297,84.54545593261719,87.5,60.82175827026367,99.98191833496094,12.970582962036133,40.08666979392356,193632.0,21.07928466796875,26.763885498046875,22.11285400390625,20.9976806640625,34.22500038146973
1972-03-18 07:23:03,26.64177322387696,93.01204681396484,166.30045318603516,84.54545593261719,87.0,60.82175827026367,99.98191833496094,12.978286743164062,36.98801041984506,193632.0,18.00579833984375,25.02314758300781,21.704864501953125,19.74652099609375,34.22500038146973
1972-03-18 07:23:04,26.74741744995117,92.9518051147461,165.185546875,84.6212158203125,87.19999694824219,60.82175827026367,99.98191833496094,12.990402221679688,38.55870444651243,193632.0,20.8616943359375,26.573486328125,16.537033081054688,22.303253173828125,34.22500038146973
1972-03-18 07:23:05,26.74231338500977,93.01204681396484,165.88541412353516,84.6212158203125,86.5999984741211,60.82175827026367,99.98191833496094,13.005516052246094,40.00497308474613,193632.0,16.917831420898438,19.99131774902344,20.943283081054688,20.31771850585937,34.22500038146973
1972-03-18 07:23:06,26.68442726135254,93.0722885131836,165.4622344970703,84.6212158203125,86.29999542236328,60.82175827026367,99.98191833496094,13.01705265045166,39.13243216294118,193632.0,21.296875,22.3304443359375,20.508102416992188,20.100128173828125,34.22500038146973
1972-03-18 07:23:07,26.62324333190918,93.01204681396484,165.8203125,84.6212158203125,87.0,60.82175827026367,99.98191833496094,13.02865219116211,39.915955635403215,193632.0,19.882537841796875,22.276031494140625,18.84896850585937,20.64410400390625,34.22500038146973
1972-03-18 07:23:08,26.622257232666016,92.9518051147461,165.5110626220703,84.6212158203125,86.4000015258789,60.82175827026367,99.98191833496094,13.041772842407228,38.24732932933937,193632.0,17.7882080078125,23.9351806640625,21.568862915039062,21.07928466796875,34.22500038146973
1972-03-18 07:23:09,26.65928840637207,92.89157104492188,165.0146484375,84.6212158203125,86.9000015258789,60.82175827026367,99.98191833496094,13.053489685058594,39.228176140406354,193632.0,23.7991943359375,22.24884033203125,16.917816162109375,19.17535400390625,34.22500038146973
1972-03-18 07:23:10,26.65244102478028,92.89157104492188,167.2037811279297,84.54545593261719,87.0,60.82175827026367,99.98191833496094,13.060873985290527,39.84691397428928,193632.0,19.637741088867188,23.58160400390625,23.309600830078125,20.5625,34.22500038146973
1972-03-18 07:23:11,26.565643310546875,92.9518051147461,166.07259368896484,84.54545593261719,86.0,60.82175827026367,99.98191833496094,13.06825828552246,41.16531778178823,193632.0,22.84722900390625,24.72396850585937,20.8616943359375,21.37847900390625,34.22500038146973
1972-03-18 07:23:12,26.413928985595703,93.0722885131836,165.85286712646484,84.54545593261719,86.5999984741211,60.82175827026367,99.98191833496094,13.075642585754396,37.808004126943366,193632.0,18.332183837890625,21.976852416992188,18.168975830078125,22.79281616210937,34.22500038146973
1972-03-18 07:23:13,26.271821975708008,93.13253021240234,165.7796173095703,84.6212158203125,86.9000015258789,60.82175827026367,99.98191833496094,13.083026885986328,38.346308382001716,193632.0,20.236114501953125,25.62152099609375,23.85357666015625,22.24884033203125,34.22500038146973
1972-03-18 07:23:14,26.20184135437012,93.0722885131836,165.2099609375,84.6212158203125,86.0,60.82175827026367,99.98191833496094,13.090410232543944,40.435875842077095,193632.0,20.29052734375,23.71759033203125,19.066558837890625,19.828125,34.22500038146973
1972-03-18 07:23:15,26.19452667236328,93.01204681396484,166.04817962646484,84.6212158203125,85.9000015258789,60.82175827026367,99.98191833496094,13.09779453277588,42.15629531809718,193632.0,21.65048217773437,25.431137084960938,18.767364501953125,19.14814758300781,34.22500038146973
1972-03-18 07:23:16,26.214242935180664,92.9518051147461,165.81217193603516,84.6212158203125,86.69999694824219,60.82175827026367,99.98191833496094,13.105178833007812,40.643757158220936,193632.0,19.58334350585937,26.60069274902344,23.608795166015625,19.773727416992188,34.22500038146973
1972-03-18 07:23:17,26.19316864013672,92.83132934570312,164.77864837646484,84.6212158203125,85.5999984741211,60.82175827026367,99.98191833496094,13.112563133239746,40.24024369748144,193632.0,22.085662841796875,22.4664306640625,18.71295166015625,22.68402099609375,34.22500038146973
1972-03-18 07:23:18,26.13238906860352,92.89157104492188,165.6005859375,84.6212158203125,87.5999984741211,60.82175827026367,99.98191833496094,13.11994743347168,37.45954783401788,193632.0,18.957763671875,27.171875,24.424774169921875,20.7257080078125,34.22500038146973
1972-03-18 07:23:19,26.11529922485352,93.01204681396484,165.27506256103516,84.6212158203125,88.0,60.82175827026367,99.98191833496094,13.127330780029297,38.84638200961763,193632.0,19.828125,23.364013671875,22.05844116210937,20.7257080078125,34.22500038146973
1972-03-18 07:23:20,26.154586791992188,93.0722885131836,164.9983673095703,84.6212158203125,87.5,60.82175827026367,99.98191833496094,13.13471508026123,37.962212095559856,193632.0,21.02490234375,25.839111328125,20.91607666015625,22.575225830078125,34.22500038146973
1972-03-18 07:23:21,26.28433609008789,93.0722885131836,165.6412811279297,84.6212158203125,87.30000305175781,60.82175827026367,99.98191833496094,13.141357421875,39.9471670313591,193632.0,21.54168701171875,25.18634033203125,23.7991943359375,23.119216918945312,34.22500038146973
1972-03-18 07:23:22,26.39194679260254,93.01204681396484,165.69010162353516,84.6212158203125,86.9000015258789,60.82175827026367,99.98191833496094,13.14215087890625,38.18019581005423,193632.0,21.4600830078125,23.25521850585937,21.487274169921875,21.78646850585937,34.22500038146973
1972-03-18 07:23:23,26.4897689819336,92.9518051147461,165.9423828125,84.6212158203125,86.5,60.82175827026367,99.98191833496094,13.147993087768556,38.287762016113156,193632.0,19.85533142089844,23.228012084960938,22.276031494140625,23.907989501953125,34.22500038146973
1972-03-18 07:23:24,26.533388137817383,92.9518051147461,166.50390625,84.6212158203125,86.9000015258789,60.82175827026367,99.98191833496094,13.148655891418455,40.57916588701556,193632.0,19.52894592285156,27.498260498046875,21.242477416992188,22.9288330078125,34.22500038146973
1972-03-18 07:23:25,26.534818649291992,92.9518051147461,164.99837493896484,84.6212158203125,86.69999694824219,60.82175827026367,99.98191833496094,13.149269104003906,40.47816417715296,193632.0,20.780105590820312,24.39756774902344,20.5625,22.9288330078125,34.22500038146973
1972-03-18 07:23:26,26.540958404541016,93.01204681396484,166.12955474853516,84.6212158203125,86.9000015258789,60.82175827026367,99.98191833496094,13.156381607055664,40.5397620399011,193632.0,19.501739501953125,24.39756774902344,22.38482666015625,21.840850830078125,34.22500038146973
1972-03-18 07:23:27,26.595382690429688,93.0722885131836,164.3229217529297,84.6212158203125,86.0,60.82175827026367,99.98191833496094,13.163494110107422,40.96398558769446,193632.0,19.90972900390625,19.47454833984375,17.679397583007812,21.51446533203125,34.22500038146973
1972-03-18 07:23:28,26.630687713623047,93.01204681396484,164.54264068603516,84.6212158203125,86.69999694824219,60.82175827026367,99.98191833496094,13.170607566833496,38.29398108457508,193632.0,22.629638671875,24.343170166015625,19.420135498046875,19.692138671875,34.22500038146973
1972-03-18 07:23:29,26.614591598510746,93.01204681396484,165.25064849853516,84.6212158203125,86.0999984741211,60.82175827026367,99.98191833496094,13.177720069885254,38.63987164418125,193632.0,20.372116088867188,21.541656494140625,23.227996826171875,20.181716918945312,34.22500038146973
1972-03-18 07:23:30,26.51570701599121,92.9518051147461,164.990234375,84.6212158203125,86.0,60.82175827026367,99.98191833496094,13.17823600769043,40.22730529647565,193632.0,16.917831420898438,24.941558837890625,22.140045166015625,18.359375,34.22500038146973
1972-03-18 07:23:31,26.380016326904297,93.01204681396484,164.07877349853516,84.6212158203125,87.0,60.82175827026367,99.98191833496094,13.184541702270508,38.4123497204702,193632.0,19.47454833984375,19.12094116210937,21.269683837890625,22.874420166015625,34.22500038146973
1972-03-18 07:23:32,26.304182052612305,93.01204681396484,166.3248748779297,84.6212158203125,88.20000457763672,60.82175827026367,99.98191833496094,13.184982299804688,39.08804959072123,193632.0,17.13543701171875,28.47743225097656,22.65682983398437,18.359375,34.22500038146973
1972-03-18 07:23:33,26.30928039550781,93.01204681396484,165.21810150146484,84.6212158203125,86.5999984741211,60.82175827026367,99.98191833496094,13.191182136535645,39.10435432561674,193632.0,22.1944580078125,21.46006774902344,23.41839599609375,24.914352416992188,34.22500038146973
1972-03-18 07:23:34,26.3264217376709,93.01204681396484,166.56900787353516,84.6212158203125,87.5999984741211,60.82175827026367,99.98191833496094,13.198114395141602,39.97220384206572,193632.0,20.018524169921875,21.106475830078125,26.32870483398437,22.738433837890625,34.22500038146973
1972-03-18 07:23:35,26.29793739318848,92.9518051147461,165.2587890625,84.6212158203125,86.5999984741211,60.82175827026367,99.98191833496094,13.20504665374756,40.25050905905723,193632.0,19.692138671875,25.947906494140625,17.352996826171875,22.221649169921875,34.22500038146973
1972-03-18 07:23:36,26.197338104248047,92.9518051147461,164.62401580810547,84.6212158203125,85.79999542236328,60.82175827026367,99.98191833496094,13.200993537902832,41.44893050211322,193632.0,21.05209350585937,22.98321533203125,22.357635498046875,22.303253173828125,34.22500038146973
1972-03-18 07:23:37,26.13192367553711,92.9518051147461,166.19466400146484,84.6212158203125,86.9000015258789,60.82175827026367,99.98191833496094,13.205588340759276,41.68877821452903,193632.0,21.65048217773437,24.72396850585937,23.28240966796875,21.024887084960938,34.22500038146973
1972-03-18 07:23:38,26.100515365600582,92.9518051147461,165.65755462646484,84.6212158203125,86.0999984741211,60.82175827026367,99.98191833496094,13.217479705810549,41.20121597285977,193632.0,20.48091125488281,24.778350830078125,19.556121826171875,22.765625,34.22500038146973
1972-03-18 07:23:39,26.160863876342773,93.0722885131836,164.19271087646484,84.6212158203125,86.5,60.82175827026367,99.98191833496094,13.22066593170166,39.31712262045883,193632.0,19.800933837890625,24.5335693359375,20.807281494140625,22.303253173828125,34.22500038146973
1972-03-18 07:23:40,26.258119583129883,93.13253021240234,165.76334381103516,84.6212158203125,87.19999694824219,60.82175827026367,99.98191833496094,13.225252151489258,38.29673133593626,193632.0,21.405670166015625,23.010406494140625,20.208908081054688,20.04571533203125,34.22500038146973
1972-03-18 07:23:41,26.338903427124023,93.0722885131836,165.00650787353516,84.6212158203125,86.69999694824219,60.82175827026367,99.98191833496094,13.232738494873049,39.347469011716925,193632.0,22.629638671875,23.037628173828125,20.64410400390625,24.043975830078125,34.22500038146973
1972-03-18 07:23:42,26.39674568176269,92.9518051147461,165.10416412353516,84.6212158203125,86.5999984741211,60.82175827026367,99.98191833496094,13.23804759979248,40.9284308526531,193632.0,19.420150756835938,24.75115966796875,22.629638671875,23.853591918945312,34.22500038146973
1972-03-18 07:23:43,26.37592887878418,93.0722885131836,165.2750701904297,84.6212158203125,86.5,60.82175827026367,99.98191833496094,13.24479866027832,39.395114886319156,193632.0,19.692138671875,25.703125,19.58334350585937,20.916091918945312,34.22500038146973
1972-03-18 07:23:44,26.36705017089844,93.01204681396484,164.95767974853516,84.6212158203125,85.69999694824219,60.82175827026367,99.98191833496094,13.25154972076416,41.24662151018147,193632.0,20.31771850585937,24.179977416992188,21.242477416992188,23.037628173828125,34.22500038146973
1972-03-18 07:23:45,26.42430686950684,92.89157104492188,165.29134368896484,84.6212158203125,86.0999984741211,60.82175827026367,99.98191833496094,13.253171920776367,42.01343313930679,193632.0,19.9913330078125,25.92071533203125,21.21527099609375,21.5960693359375,34.22500038146973
1972-03-18 07:23:46,26.49984741210937,92.9518051147461,164.794921875,84.6212158203125,86.4000015258789,60.82175827026367,99.98191833496094,13.25766658782959,39.8786061332624,193632.0,19.52894592285156,25.2679443359375,22.711227416992188,20.916091918945312,34.22500038146973
1972-03-18 07:23:47,26.53783226013184,93.0722885131836,164.5263671875,84.6212158203125,86.5999984741211,60.82175827026367,99.98191833496094,13.266520500183104,38.432943564677295,193632.0,18.576980590820312,19.800933837890625,21.13368225097656,21.51446533203125,34.22500038146973
1972-03-18 07:23:48,26.50549697875977,93.01204681396484,165.27506256103516,84.6212158203125,87.19999694824219,60.82175827026367,99.98191833496094,13.270273208618164,38.30086437505118,193632.0,19.365753173828125,26.27430725097656,21.5960693359375,19.338546752929688,34.22500038146973
1972-03-18 07:23:49,26.43474769592285,92.9518051147461,166.7399139404297,84.6212158203125,88.30000305175781,60.82175827026367,99.98191833496094,13.27619171142578,36.59150176619932,193632.0,20.888900756835938,24.61517333984375,24.01678466796875,21.976852416992188,34.22500038146973
1972-03-18 07:23:50,26.360248565673828,92.9518051147461,165.4541015625,84.6212158203125,86.29999542236328,60.82175827026367,99.98191833496094,13.284309387207031,39.991105876966174,193632.0,17.461822509765625,25.05035400390625,24.45196533203125,19.9913330078125,34.22500038146973
1972-03-18 07:23:51,26.40106773376465,93.01204681396484,165.16927337646484,84.6212158203125,86.4000015258789,60.82175827026367,99.98191833496094,13.290969848632812,39.797401241445904,193632.0,22.71124267578125,27.117477416992188,19.556121826171875,23.010421752929688,34.22500038146973
1972-03-18 07:23:52,26.46463203430176,93.01204681396484,165.4541015625,84.6212158203125,87.80000305175781,60.82175827026367,99.98191833496094,13.29543685913086,38.29560660836121,193632.0,19.229766845703125,26.92709350585937,23.608795166015625,20.5625,34.22500038146973
1972-03-18 07:23:53,26.48530387878418,92.9518051147461,165.27506256103516,84.6212158203125,87.5,60.82175827026367,99.98191833496094,13.30207061767578,37.43090166036448,193632.0,22.41204833984375,26.627899169921875,22.3304443359375,19.58334350585937,34.25
1972-03-18 07:23:54,26.460845947265625,93.01204681396484,165.61685943603516,84.6212158203125,87.5,60.82175827026367,99.98191833496094,13.312366485595703,39.427359010643904,193632.0,18.168991088867188,26.8726806640625,19.284149169921875,22.629638671875,34.22500038146973
1972-03-18 07:23:55,26.38844490051269,93.0722885131836,165.0960235595703,84.6212158203125,86.69999694824219,60.82175827026367,99.98191833496094,13.32490062713623,39.11873348634944,193632.0,20.888900756835938,22.65682983398437,19.3929443359375,20.888885498046875,34.22500038146973
1972-03-18 07:23:56,26.34661102294922,93.01204681396484,164.56705474853516,84.6212158203125,86.5999984741211,60.82175827026367,99.98191833496094,13.334571838378906,38.40419187079732,193632.0,21.75927734375,23.66319274902344,18.740158081054688,17.951385498046875,34.25
1972-03-18 07:23:57,26.373291015625,92.9518051147461,165.99935150146484,84.6212158203125,86.9000015258789,60.82175827026367,99.98191833496094,13.345762252807615,39.793457099051146,193632.0,22.49365234375,21.21527099609375,19.09375,23.690399169921875,34.22500038146973
1972-03-18 07:23:58,26.43282699584961,92.9518051147461,166.13768768310547,84.6212158203125,86.4000015258789,60.82175827026367,99.98191833496094,13.348942756652832,40.32420044602507,193632.0,17.815399169921875,22.79281616210937,26.763885498046875,19.773727416992188,34.22500038146973
1972-03-18 07:23:59,26.454355239868164,93.01204681396484,165.61685943603516,84.6212158203125,86.0999984741211,60.82175827026367,99.98191833496094,13.353537559509276,40.94658680817993,193632.0,21.21528625488281,24.6695556640625,21.487274169921875,22.303253173828125,34.25
1972-03-18 07:24:00,26.41147422790528,93.01204681396484,165.5924530029297,84.6212158203125,86.5999984741211,60.82175827026367,99.98191833496094,13.363967895507812,38.56730452519021,193632.0,20.1273193359375,24.370361328125,23.173614501953125,23.309600830078125,34.22500038146973
1972-03-18 07:24:01,26.34008407592773,93.01204681396484,164.990234375,84.6212158203125,87.0999984741211,60.82175827026367,99.98191833496094,13.369322776794434,38.350738280596595,193632.0,22.085662841796875,21.81365966796875,22.221649169921875,22.439239501953125,34.25
1972-03-18 07:24:02,26.28124618530273,93.01204681396484,166.15396881103516,84.6212158203125,86.5,60.82175827026367,99.98191833496094,13.377578735351562,39.85265022524952,193632.0,21.704864501953125,23.853591918945312,20.834487915039062,21.51446533203125,34.22500038146973
1972-03-18 07:24:03,26.31905937194824,92.9518051147461,165.6087188720703,84.6212158203125,86.5,60.82175827026367,99.98191833496094,13.38291835784912,41.01030563093065,193632.0,19.47454833984375,25.648727416992188,22.79281616210937,20.5625,34.25
1972-03-18 07:24:04,26.393903732299805,93.01204681396484,164.111328125,84.6212158203125,86.69999694824219,60.82175827026367,99.98191833496094,13.387528419494627,38.101317335653896,193632.0,20.07293701171875,24.179977416992188,22.357635498046875,19.202545166015625,34.22500038146973
1972-03-18 07:24:05,26.450172424316406,93.0722885131836,165.50293731689453,84.6212158203125,86.5,60.82175827026367,99.98191833496094,13.392837524414062,39.40065439298827,193632.0,20.372116088867188,24.15277099609375,21.704864501953125,19.800933837890625,34.22500038146973
1972-03-18 07:24:06,26.449382781982425,93.01204681396484,165.2913360595703,84.6212158203125,86.5,60.82175827026367,99.98191833496094,13.399588584899902,40.247424153899864,193632.0,21.54168701171875,23.9351806640625,23.2008056640625,20.8616943359375,34.22500038146973
1972-03-18 07:24:07,26.39203643798828,92.9518051147461,165.04720306396484,84.6212158203125,87.0,60.82175827026367,99.98191833496094,13.406339645385742,41.22100598481119,193632.0,23.93519592285156,24.207183837890625,22.140045166015625,23.907989501953125,34.22500038146973
1972-03-18 07:24:08,26.344627380371094,93.01204681396484,165.64127349853516,84.6212158203125,86.0,60.82175827026367,99.98191833496094,13.413091659545898,41.48934316775088,193632.0,17.951400756835938,22.004058837890625,24.832763671875,20.807296752929688,34.22500038146973
1972-03-18 07:24:09,26.361661911010746,93.01204681396484,164.6158905029297,84.6212158203125,86.69999694824219,60.82175827026367,99.98191833496094,13.419842720031738,39.22811066526311,193632.0,22.956024169921875,19.71932983398437,21.895263671875,21.21527099609375,34.25
1972-03-18 07:24:10,26.417945861816406,92.9518051147461,164.58333587646484,84.54545593261719,87.19999694824219,60.81814193725586,99.98191833496094,13.426593780517578,38.44846610388046,193632.0,19.33856201171875,26.056716918945312,22.738433837890625,18.0601806640625,34.22500038146973
1972-03-18 07:24:11,26.452411651611328,92.9518051147461,164.2252655029297,84.6212158203125,86.79999542236328,60.82175827026367,99.98191833496094,13.433344841003418,39.701400320520726,193632.0,20.100128173828125,23.41839599609375,22.004058837890625,21.18807983398437,34.22500038146973
1972-03-18 07:24:12,26.43218231201172,93.01204681396484,165.234375,84.6212158203125,87.19999694824219,60.82175827026367,99.98191833496094,13.439370155334473,38.480698330706225,193632.0,20.26332092285156,27.06307983398437,22.98321533203125,19.01214599609375,34.22500038146973
1972-03-18 07:24:13,26.35995483398437,93.01204681396484,165.55175018310547,84.6212158203125,87.30000305175781,60.82175827026367,99.98191833496094,13.439516067504885,38.6026483827161,193632.0,20.100128173828125,21.78646850585937,22.221649169921875,23.037628173828125,34.22500038146973
1972-03-18 07:24:14,26.309541702270508,93.0722885131836,164.86002349853516,84.6212158203125,87.5999984741211,60.82175827026367,99.98191833496094,13.446176528930664,39.2405047580514,193632.0,17.897003173828125,23.309600830078125,24.72396850585937,20.5625,34.25
1972-03-18 07:24:15,26.29794692993164,93.0722885131836,164.5100860595703,84.6212158203125,86.9000015258789,60.82175827026367,99.98191833496094,13.45063591003418,38.47805558259254,193632.0,22.303253173828125,24.72396850585937,20.61689758300781,19.9913330078125,34.22500038146973
1972-03-18 07:24:16,26.34843635559082,92.9518051147461,164.36360931396484,84.6212158203125,86.4000015258789,60.82175827026367,99.98191833496094,13.45579433441162,39.689785176364936,193632.0,20.5625,26.21990966796875,24.207183837890625,20.8616943359375,34.22500038146973
1972-03-18 07:24:17,26.38661766052246,92.9518051147461,164.6403045654297,84.6212158203125,86.0999984741211,60.82175827026367,99.98191833496094,13.458763122558594,40.26284088830084,193632.0,24.343170166015625,20.752899169921875,20.834487915039062,18.495361328125,34.22500038146973
1972-03-18 07:24:18,26.36701202392578,92.89157104492188,165.05533599853516,84.6212158203125,86.69999694824219,60.82175827026367,99.98191833496094,13.465333938598633,38.764366198038935,193632.0,20.1273193359375,24.72396850585937,23.037612915039062,22.05844116210937,34.22500038146973
1972-03-18 07:24:19,26.29682159423828,92.9518051147461,163.8671875,84.6212158203125,86.5999984741211,60.82175827026367,99.98191833496094,13.464581489562988,39.655758988759644,193632.0,17.380218505859375,22.52084350585937,21.160888671875,18.38656616210937,34.25
1972-03-18 07:24:20,26.244949340820312,93.01204681396484,164.3310546875,84.6212158203125,87.0999984741211,60.82175827026367,99.98191833496094,13.471060752868652,36.8484638564549,193632.0,18.930572509765625,23.9351806640625,18.549774169921875,21.32406616210937,34.22500038146973
1972-03-18 07:24:21,26.362924575805664,93.13253021240234,165.1774139404297,84.6212158203125,87.4000015258789,60.82175827026367,99.98191833496094,13.470218658447266,40.018776617892144,193632.0,20.970489501953125,25.62152099609375,23.037612915039062,23.010421752929688,34.22500038146973
1972-03-18 07:24:22,26.45083999633789,93.0722885131836,166.0481719970703,84.6212158203125,86.5,60.82175827026367,99.98191833496094,13.48299789428711,37.991256472340574,193632.0,20.45370483398437,23.608795166015625,22.24884033203125,20.9976806640625,34.22500038146973
1972-03-18 07:24:23,26.499610900878903,92.89157104492188,167.07357788085938,84.6212158203125,86.29999542236328,60.82175827026367,99.98191833496094,13.489387512207031,38.63885025351555,193632.0,19.85533142089844,25.4039306640625,23.092010498046875,16.15625,34.22500038146973
1972-03-18 07:24:24,26.476430892944336,92.9518051147461,165.8447265625,84.6212158203125,86.5999984741211,60.82175827026367,99.98191833496094,13.495777130126951,40.06041981013992,193632.0,21.75927734375,20.236114501953125,19.01214599609375,21.895263671875,34.22500038146973
1972-03-18 07:24:25,26.45630073547364,93.0722885131836,167.96060943603516,84.6212158203125,87.19999694824219,60.82175827026367,99.98191833496094,13.502166748046877,39.4949786676554,193632.0,20.780105590820312,26.27430725097656,23.5,20.290512084960938,34.22500038146973
1972-03-18 07:24:26,26.472972869873047,93.0722885131836,166.7561798095703,84.6212158203125,86.5999984741211,60.82175827026367,99.98191833496094,13.505620956420898,37.503611739417565,193632.0,18.25057983398437,22.874420166015625,19.556121826171875,18.87615966796875,34.25
1972-03-18 07:24:27,26.543678283691406,93.01204681396484,167.36653900146484,84.54545593261719,85.39999389648438,60.82175827026367,99.98191833496094,13.509772300720217,41.3540142041135,193632.0,21.4600830078125,20.807281494140625,20.508102416992188,19.17535400390625,34.25
1972-03-18 07:24:28,26.57430648803711,92.9518051147461,168.6197967529297,84.54545593261719,87.4000015258789,60.82175827026367,99.98191833496094,13.513896942138672,38.64281486787453,193632.0,17.325820922851562,24.343170166015625,22.52084350585937,19.800933837890625,34.25
1972-03-18 07:24:29,26.55987930297852,92.9518051147461,169.29524993896484,84.6212158203125,87.4000015258789,60.82175827026367,99.98191833496094,13.520195960998535,40.13253892667776,193632.0,21.92245483398437,20.64410400390625,21.677658081054688,20.31771850585937,34.22500038146973
1972-03-18 07:24:30,26.466121673583984,92.9518051147461,169.31966400146484,84.6212158203125,87.19999694824219,60.82175827026367,99.98191833496094,13.526494979858398,38.736703644528234,193632.0,21.73207092285156,23.119216918945312,20.5625,20.04571533203125,34.22500038146973
1972-03-18 07:24:31,26.393346786499023,93.01204681396484,171.0123748779297,84.6212158203125,86.29999542236328,60.82175827026367,99.98191833496094,13.532793998718262,42.693281369069965,193632.0,19.77374267578125,26.301513671875,22.4664306640625,23.6632080078125,34.25
1972-03-18 07:24:32,26.35788345336914,93.13253021240234,170.01953887939453,84.6212158203125,86.0,60.82175827026367,99.98191833496094,13.539093017578123,41.222786512775556,193632.0,23.717605590820312,24.72396850585937,20.535308837890625,19.5289306640625,34.25
1972-03-18 07:24:33,26.410200119018555,93.01204681396484,171.21582794189453,84.54545593261719,87.30000305175781,60.82175827026367,99.98191833496094,13.545392036437988,40.77791343129419,193632.0,21.21528625488281,22.84722900390625,20.91607666015625,23.608795166015625,34.25
1972-03-18 07:24:34,26.44956398010254,92.89157104492188,171.51692962646484,84.54545593261719,86.69999694824219,60.82175827026367,99.98191833496094,13.551691055297852,39.60499290807964,193632.0,19.148162841796875,25.213531494140625,19.74652099609375,17.3258056640625,34.25
1972-03-18 07:24:35,26.450040817260746,92.83132934570312,170.8984375,84.6212158203125,86.0999984741211,60.82175827026367,99.98191833496094,13.557990074157717,41.5034047743062,193632.0,19.420150756835938,23.71759033203125,20.58969116210937,23.092010498046875,34.22500038146973
1972-03-18 07:24:36,26.38729476928711,92.9518051147461,172.58300018310547,84.6212158203125,86.4000015258789,60.82175827026367,99.98191833496094,13.564289093017578,41.585934973488826,193632.0,19.936920166015625,22.84722900390625,22.54803466796875,21.35127258300781,34.25
1972-03-18 07:24:37,26.34381675720215,93.0722885131836,170.458984375,84.6212158203125,86.29999542236328,60.82175827026367,99.98191833496094,13.57058811187744,41.75423036636857,193632.0,18.60418701171875,21.37847900390625,16.07464599609375,26.410308837890625,34.25
1972-03-18 07:24:38,26.32137680053711,93.13253021240234,171.46810150146484,84.6212158203125,87.19999694824219,60.82175827026367,99.98191833496094,13.576887130737305,40.83329413038365,193632.0,21.895263671875,25.703125,19.44732666015625,23.55439758300781,34.25
1972-03-18 07:24:39,26.374736785888672,93.0722885131836,171.07747650146484,84.6212158203125,85.9000015258789,60.82175827026367,99.98191833496094,13.583186149597168,41.58283992473798,193632.0,17.0538330078125,27.19906616210937,20.9976806640625,19.12094116210937,34.22500038146973
1972-03-18 07:24:40,26.41732788085937,92.9518051147461,168.77442169189453,84.6212158203125,86.5,60.82175827026367,99.98191833496094,13.589485168457031,38.735717697711415,193632.0,22.3304443359375,20.426513671875,23.58160400390625,20.5625,34.25
1972-03-18 07:24:41,26.43229484558105,92.89157104492188,170.57291412353516,84.6212158203125,86.5999984741211,60.82175827026367,99.98191833496094,13.597986221313477,40.04169002538942,193632.0,19.90972900390625,22.08564758300781,20.64410400390625,20.236114501953125,34.22500038146973
1972-03-18 07:24:42,26.39258575439453,92.83132934570312,169.61263275146484,84.6212158203125,87.4000015258789,60.82175827026367,99.98191833496094,13.605779647827148,39.79867208351678,193632.0,18.223388671875,24.80555725097656,21.92245483398437,18.223388671875,34.25
1972-03-18 07:24:43,26.36248016357422,92.9518051147461,171.55762481689453,84.54545593261719,86.9000015258789,60.82175827026367,99.98191833496094,13.615793228149414,40.78339333150623,193632.0,19.501739501953125,20.181716918945312,20.943283081054688,19.5289306640625,34.25
1972-03-18 07:24:44,26.32647705078125,93.0722885131836,170.4182891845703,84.6212158203125,86.9000015258789,60.82175827026367,99.98191833496094,13.625829696655272,41.83549977627494,193632.0,19.365753173828125,25.839111328125,25.92071533203125,21.94964599609375,34.25
1972-03-18 07:24:45,26.36600112915039,93.0722885131836,170.49967193603516,84.6212158203125,87.30000305175781,60.82175827026367,99.98191833496094,13.639610290527344,41.964107326009604,193632.0,22.140045166015625,25.893524169921875,23.826385498046875,22.221649169921875,34.22500038146973
1972-03-18 07:24:46,26.42828750610352,93.01204681396484,170.17415618896484,84.6212158203125,87.19999694824219,60.82175827026367,99.98191833496094,13.65199089050293,40.41150332050282,193632.0,22.167266845703125,24.99594116210937,24.914352416992188,22.82002258300781,34.25
1972-03-18 07:24:47,26.45646095275879,92.9518051147461,171.4436798095703,84.6212158203125,86.79999542236328,60.82175827026367,99.98191833496094,13.66370964050293,39.64605500545931,193632.0,20.99769592285156,26.247100830078125,25.86631774902344,22.629638671875,34.25
1972-03-18 07:24:48,26.41604804992676,92.9518051147461,170.27181243896484,84.6212158203125,87.4000015258789,60.82175827026367,99.98191833496094,13.670371055603027,40.517870349772124,193632.0,20.698516845703125,25.45834350585937,19.800933837890625,22.901611328125,34.22500038146973
1972-03-18 07:24:49,26.36539459228516,93.01204681396484,171.37857818603516,84.6212158203125,86.9000015258789,60.82175827026367,99.98191833496094,13.67922592163086,40.03164292132132,193632.0,19.964141845703125,22.60243225097656,25.811920166015625,21.32406616210937,34.22500038146973
1972-03-18 07:24:50,26.325796127319336,92.9518051147461,170.02767181396484,84.54545593261719,86.0999984741211,60.82175827026367,99.98191833496094,13.696906089782717,40.51272878525527,193632.0,20.31771850585937,28.042236328125,20.31771850585937,22.4664306640625,34.25
1972-03-18 07:24:51,26.371746063232425,92.9518051147461,170.83333587646484,84.54545593261719,86.79999542236328,60.82175827026367,99.98191833496094,13.712512969970703,41.019111857831284,193632.0,22.575241088867188,26.35589599609375,22.711227416992188,23.364013671875,34.25
1972-03-18 07:24:52,26.4184627532959,93.0722885131836,170.54036712646484,84.6212158203125,86.5999984741211,60.82175827026367,99.98191833496094,13.722379684448242,40.318191699402846,193632.0,18.332183837890625,24.832763671875,23.28240966796875,21.92245483398437,34.22500038146973
1972-03-18 07:24:53,26.440692901611328,93.13253021240234,171.69596099853516,84.6212158203125,86.5,60.82175827026367,99.98191833496094,13.736663818359377,42.16026935327427,193632.0,22.71124267578125,25.567138671875,23.472808837890625,23.9351806640625,34.25
1972-03-18 07:24:54,26.376953125,92.9518051147461,170.99610137939453,84.6212158203125,87.19999694824219,60.82175827026367,99.98191833496094,13.751052856445312,40.385995782811925,193632.0,24.75115966796875,25.077545166015625,23.771987915039062,24.12557983398437,34.25
1972-03-18 07:24:55,26.32753562927246,92.89157104492188,170.31249237060547,84.6212158203125,86.4000015258789,60.82175827026367,99.98191833496094,13.769912719726562,41.733118330220414,193632.0,22.765625,26.51910400390625,23.608795166015625,22.711227416992188,34.25
1972-03-18 07:24:56,26.28738212585449,92.89157104492188,169.7184295654297,84.6212158203125,86.5,60.82175827026367,99.98191833496094,13.780868530273438,41.998692802774954,193632.0,28.0694580078125,23.41839599609375,21.269683837890625,22.357635498046875,34.25
1972-03-18 07:24:57,26.339025497436523,93.0722885131836,169.82421112060547,84.6212158203125,87.0,60.82175827026367,99.98191833496094,13.794795989990234,41.841233783044466,193632.0,17.70660400390625,23.826385498046875,25.02314758300781,20.20892333984375,34.25
1972-03-18 07:24:58,26.39858055114746,93.0722885131836,170.41829681396484,84.6212158203125,86.5999984741211,60.82175827026367,99.98191833496094,13.81540298461914,39.64337801224656,193632.0,22.03125,25.811920166015625,20.752899169921875,24.506378173828125,34.25
1972-03-18 07:24:59,26.43385505676269,93.01204681396484,171.02864837646484,84.6212158203125,87.30000305175781,60.82175827026367,99.98191833496094,13.836164474487305,39.749738815046136,193632.0,19.202545166015625,23.472808837890625,23.173614501953125,23.772003173828125,34.25
1972-03-18 07:25:00,26.403440475463867,92.9518051147461,170.01139068603516,84.6212158203125,87.0,60.82175827026367,99.98191833496094,13.840264320373535,38.309773736298766,193632.0,19.964141845703125,21.623260498046875,21.05209350585937,21.650466918945312,34.25
1972-03-18 07:25:01,26.36015510559082,92.9518051147461,170.01953125,84.6212158203125,86.9000015258789,60.82175827026367,99.98191833496094,13.853804588317873,41.47397776012743,193632.0,20.100128173828125,26.383102416992188,19.61053466796875,22.221649169921875,34.22500038146973
1972-03-18 07:25:02,26.32666778564453,92.9518051147461,170.1497344970703,84.6212158203125,86.5999984741211,60.82175827026367,99.98191833496094,13.866706848144531,42.39819207120665,193632.0,21.75927734375,27.144683837890625,23.472808837890625,19.420135498046875,34.22500038146973
1972-03-18 07:25:03,26.36785697937012,93.01204681396484,171.3623046875,84.6212158203125,87.30000305175781,60.82175827026367,99.98191833496094,13.881132125854492,38.98938778391839,193632.0,17.380218505859375,20.671295166015625,25.431121826171875,24.26156616210937,34.25
1972-03-18 07:25:04,26.429515838623047,93.01204681396484,169.580078125,84.6212158203125,87.19999694824219,60.82175827026367,99.98191833496094,13.888322830200195,38.76254178671107,193632.0,22.65682983398437,27.68865966796875,21.976852416992188,19.964111328125,34.25
1972-03-18 07:25:05,26.47542381286621,93.01204681396484,169.921875,84.6212158203125,86.0999984741211,60.82175827026367,99.98191833496094,13.89769172668457,40.13747703924003,193632.0,18.576980590820312,21.541656494140625,20.34490966796875,19.637725830078125,34.25
1972-03-18 07:25:06,26.435562133789062,93.01204681396484,169.3766326904297,84.6212158203125,86.5,60.82175827026367,99.98191833496094,13.91368293762207,40.77604747180489,193632.0,20.91610717773437,22.711227416992188,22.08564758300781,21.704864501953125,34.25
1972-03-18 07:25:07,26.38026237487793,92.9518051147461,170.6136016845703,84.6212158203125,86.9000015258789,60.82175827026367,99.98191833496094,13.928290367126465,40.425091868868556,193632.0,22.956024169921875,23.772003173828125,22.439239501953125,23.037628173828125,34.25
1972-03-18 07:25:08,26.33432960510254,93.01204681396484,169.25455474853516,84.6212158203125,87.0999984741211,60.82175827026367,99.98191833496094,13.939332962036133,40.256300295514386,193632.0,20.50811767578125,25.648727416992188,20.698486328125,20.7257080078125,34.25
1972-03-18 07:25:09,26.37079811096192,92.9518051147461,170.1171875,84.6212158203125,87.5999984741211,60.82175827026367,99.98191833496094,13.953340530395508,39.70319993073864,193632.0,21.81365966796875,25.322341918945312,23.52719116210937,22.52084350585937,34.22500038146973
1972-03-18 07:25:10,26.45600891113281,93.01204681396484,169.76724243164062,84.6212158203125,87.19999694824219,60.82175827026367,99.98191833496094,13.972556114196776,38.957276154804916,193632.0,23.336822509765625,25.34954833984375,20.5625,20.64410400390625,34.25
1972-03-18 07:25:11,26.50262260437012,93.01204681396484,170.3531951904297,84.6212158203125,87.0,60.82175827026367,99.98191833496094,13.98894214630127,39.93868545730131,193632.0,18.903366088867188,21.296875,26.410308837890625,22.08564758300781,34.25
1972-03-18 07:25:12,26.49700164794922,92.9518051147461,169.56380462646484,84.6212158203125,87.30000305175781,60.82175827026367,99.98191833496094,13.998852729797363,39.37466524043231,193632.0,22.602447509765625,25.431137084960938,20.31771850585937,21.487274169921875,34.25
1972-03-18 07:25:13,26.45846176147461,92.9518051147461,169.31153106689453,84.54545593261719,86.79999542236328,60.82175827026367,99.98191833496094,14.00732135772705,41.69764632759255,193632.0,17.434616088867188,23.66319274902344,26.49189758300781,17.951385498046875,34.25
1972-03-18 07:25:14,26.404766082763672,93.13253021240234,168.46517181396484,84.54545593261719,86.79999542236328,60.82175827026367,99.98191833496094,14.018726348876951,40.57976356324342,193632.0,20.7257080078125,26.791091918945312,15.993057250976562,20.834503173828125,34.25
1972-03-18 07:25:15,26.419267654418945,93.13253021240234,169.98697662353516,84.6212158203125,86.5999984741211,60.82175827026367,99.98191833496094,14.031649589538574,42.106137869319895,193632.0,20.29052734375,22.439239501953125,21.568862915039062,20.698486328125,34.25
1972-03-18 07:25:16,26.47454833984375,93.01204681396484,169.47428131103516,84.6212158203125,86.4000015258789,60.82175827026367,99.98191833496094,14.041662216186523,40.14916923913971,193632.0,15.993072509765623,22.82002258300781,22.167236328125,21.32406616210937,34.25
1972-03-18 07:25:17,26.52001571655273,92.89157104492188,169.17317962646484,84.6212158203125,86.5999984741211,60.82175827026367,99.98191833496094,14.058303833007812,39.25503494430359,193632.0,21.405670166015625,25.53993225097656,21.405670166015625,19.936920166015625,34.25
1972-03-18 07:25:18,26.49549674987793,92.9518051147461,169.8893280029297,84.6212158203125,86.5,60.82175827026367,99.98191833496094,14.071369171142578,39.46727221720748,193632.0,21.704864501953125,24.696762084960938,22.738433837890625,20.2633056640625,34.25
1972-03-18 07:25:19,26.44059181213379,92.9518051147461,168.19661712646484,84.6212158203125,85.79999542236328,60.82175827026367,99.98191833496094,14.08597183227539,40.84403929021384,193632.0,21.37847900390625,22.956024169921875,19.692138671875,18.332183837890625,34.25
1972-03-18 07:25:20,26.37740898132324,93.01204681396484,169.88118743896484,84.6212158203125,87.19999694824219,60.82175827026367,99.98191833496094,14.096969604492188,38.94072039058354,193632.0,23.173614501953125,26.709503173828125,19.3929443359375,22.738433837890625,34.25
1972-03-18 07:25:21,26.36592102050781,93.01204681396484,169.3278045654297,84.6212158203125,86.4000015258789,60.82175827026367,99.98191833496094,14.113122940063477,40.30854144035854,193632.0,15.041107177734377,23.092010498046875,20.8616943359375,23.25521850585937,34.25
1972-03-18 07:25:22,26.398712158203125,93.01204681396484,169.63704681396484,84.54545593261719,87.30000305175781,60.82175827026367,99.98191833496094,14.126440048217772,39.690933756284444,193632.0,20.970489501953125,25.077545166015625,20.64410400390625,25.05035400390625,34.25
1972-03-18 07:25:23,26.417911529541016,92.89157104492188,169.62890625,84.6212158203125,87.19999694824219,60.82175827026367,99.98191833496094,14.142730712890623,40.546202711594894,193632.0,19.17535400390625,27.66146850585937,22.738433837890625,21.405670166015625,34.25
1972-03-18 07:25:24,26.378870010375977,92.89157104492188,168.7255859375,84.6212158203125,87.0999984741211,60.82175827026367,99.98191833496094,14.154732704162598,39.363231207237824,193632.0,22.085662841796875,24.043975830078125,23.58160400390625,21.18807983398437,34.25
1972-03-18 07:25:25,26.31871795654297,93.01204681396484,169.46614837646484,84.6212158203125,87.0,60.82175827026367,99.98191833496094,14.16383457183838,41.076667844564966,193632.0,19.77374267578125,24.914352416992188,20.64410400390625,22.84722900390625,34.25
1972-03-18 07:25:26,26.268468856811523,93.0722885131836,169.29524993896484,84.6212158203125,86.69999694824219,60.82175827026367,99.98191833496094,14.18390655517578,39.31351095097581,193632.0,21.81365966796875,25.947906494140625,23.5,20.807296752929688,34.25
1972-03-18 07:25:27,26.26625633239746,93.01204681396484,168.83138275146484,84.54545593261719,87.19999694824219,60.82175827026367,99.98191833496094,14.196820259094238,38.121497633846225,193632.0,20.888900756835938,24.207183837890625,22.575225830078125,21.18807983398437,34.25
1972-03-18 07:25:28,26.32350730895996,92.9518051147461,169.56380462646484,84.6212158203125,87.0,60.82175827026367,99.98191833496094,14.203902244567873,40.34400912565007,193632.0,22.79283142089844,26.056716918945312,23.0648193359375,21.94964599609375,34.25
1972-03-18 07:25:29,26.383766174316406,93.01204681396484,170.52408599853516,84.6212158203125,86.0999984741211,60.82175827026367,99.98191833496094,14.215359687805176,42.44824521503117,193632.0,16.945037841796875,24.80555725097656,26.7366943359375,21.18807983398437,34.25
1972-03-18 07:25:30,26.40909576416016,93.13253021240234,169.58007049560547,84.6212158203125,87.80000305175781,60.82175827026367,99.98191833496094,14.22903823852539,39.47074268242056,193632.0,21.487274169921875,22.84722900390625,19.284149169921875,21.759262084960938,34.25
1972-03-18 07:25:31,26.396303176879883,93.01204681396484,169.59635162353516,84.6212158203125,86.5,60.82175827026367,99.98191833496094,14.243504524230955,40.952762303489386,193632.0,21.432891845703125,25.077545166015625,20.58969116210937,19.229736328125,34.25
1972-03-18 07:25:32,26.385278701782227,92.9518051147461,168.83138275146484,84.6212158203125,86.9000015258789,60.82175827026367,99.98191833496094,14.253639221191406,41.057303347638,193632.0,20.48091125488281,22.82002258300781,19.88252258300781,21.92245483398437,34.25
1972-03-18 07:25:33,26.35600852966309,92.89157104492188,169.3603515625,84.54545593261719,87.30000305175781,60.82175827026367,99.98191833496094,14.267436027526855,39.43290597959681,193632.0,21.487274169921875,22.901611328125,23.98959350585937,22.956024169921875,34.25
1972-03-18 07:25:34,26.410776138305664,93.01204681396484,169.14876556396484,84.6212158203125,86.4000015258789,60.82175827026367,99.98191833496094,14.279828071594238,39.82665736395122,193632.0,24.12557983398437,26.35589599609375,20.508102416992188,18.712966918945312,34.25
1972-03-18 07:25:35,26.49389839172364,93.13253021240234,169.3603515625,84.6212158203125,85.69999694824219,60.82175827026367,99.98191833496094,14.296658515930176,40.10085430742151,193632.0,21.405670166015625,21.7320556640625,22.167236328125,20.94329833984375,34.25
1972-03-18 07:25:36,26.542442321777344,93.0722885131836,169.091796875,84.6212158203125,87.5999984741211,60.82175827026367,99.98191833496094,14.310636520385742,37.046567505161725,193633.0,21.568878173828125,27.06307983398437,19.637725830078125,22.738433837890625,34.25
1972-03-18 07:25:37,26.520078659057617,92.89157104492188,169.4987030029297,84.6212158203125,87.0,60.82175827026367,99.98191833496094,14.323209762573242,39.55163890171279,193633.0,15.14990234375,20.34490966796875,24.15277099609375,19.88252258300781,34.25
1972-03-18 07:25:38,26.488574981689453,92.9518051147461,168.75,84.6212158203125,87.4000015258789,60.82175827026367,99.98191833496094,14.34022045135498,38.56653375713458,193633.0,20.7257080078125,24.043975830078125,20.236114501953125,21.405670166015625,34.25
1972-03-18 07:25:39,26.45279312133789,93.01204681396484,169.73470306396484,84.6212158203125,87.69999694824219,60.82175827026367,99.98191833496094,14.351444244384766,40.82431431747707,193633.0,20.29052734375,26.7366943359375,24.12557983398437,20.372100830078125,34.25
1972-03-18 07:25:40,26.49179649353028,93.01204681396484,169.19759368896484,84.6212158203125,88.0,60.82175827026367,99.98191833496094,14.364169120788574,37.44267150088077,193633.0,22.27606201171875,18.9305419921875,21.21527099609375,24.75115966796875,34.25
1972-03-18 07:25:41,26.49976921081543,92.9518051147461,169.05110931396484,84.6212158203125,86.69999694824219,60.82175827026367,99.98191833496094,14.373994827270508,39.67836265433554,193633.0,21.75927734375,21.568878173828125,20.18170166015625,23.98959350585937,34.25
1972-03-18 07:25:42,26.43874168395996,92.9518051147461,169.3359375,84.6212158203125,88.20000457763672,60.82175827026367,99.98191833496094,14.385272026062012,38.094321147435906,193633.0,21.623275756835938,27.38946533203125,20.671295166015625,20.426513671875,34.25
1972-03-18 07:25:43,26.331768035888672,93.01204681396484,169.4987030029297,84.54545593261719,86.79999542236328,60.82175827026367,99.98191833496094,14.402462005615234,40.08132886842351,193633.0,21.67767333984375,19.12094116210937,22.03125,23.88079833984375,34.25
1972-03-18 07:25:44,26.298507690429688,93.0722885131836,169.93001556396484,84.54545593261719,87.5999984741211,60.82175827026367,99.98191833496094,14.418243408203123,40.74415012715412,193633.0,23.6632080078125,27.38946533203125,23.41839599609375,21.432861328125,34.25
1972-03-18 07:25:45,26.276729583740234,93.01204681396484,169.67774200439453,84.6212158203125,86.9000015258789,60.82175827026367,99.98191833496094,14.428250312805176,40.60358823608831,193633.0,18.6585693359375,27.579864501953125,23.58160400390625,23.010421752929688,34.25
1972-03-18 07:25:46,26.269811630249023,92.89157104492188,168.66861724853516,84.6212158203125,86.19999694824219,60.82175827026367,99.98191833496094,14.43825626373291,40.838226125461745,193633.0,24.506378173828125,21.405670166015625,20.807281494140625,20.888885498046875,34.25
1972-03-18 07:25:47,26.274303436279297,92.89157104492188,169.1731719970703,84.6212158203125,86.69999694824219,60.82175827026367,99.98191833496094,14.448262214660645,40.33868615003867,193633.0,20.50811767578125,27.879058837890625,25.32232666015625,20.20892333984375,34.25
1972-03-18 07:25:48,26.240854263305664,93.01204681396484,168.73372650146484,84.6212158203125,87.30000305175781,60.82175827026367,99.98191833496094,14.458269119262695,39.32075449755102,193633.0,23.772003173828125,23.608795166015625,20.91607666015625,20.834503173828125,34.25
1972-03-18 07:25:49,26.18180274963379,93.0722885131836,167.2281951904297,84.6212158203125,86.4000015258789,60.82175827026367,99.98191833496094,14.46827507019043,41.17877831002917,193633.0,21.07928466796875,24.26156616210937,16.890625,23.228012084960938,34.25
1972-03-18 07:25:50,26.15122985839844,93.01204681396484,169.15689849853516,84.6212158203125,86.5999984741211,60.82175827026367,99.98191833496094,14.47828197479248,40.8521435985826,193633.0,20.18173217773437,25.2679443359375,21.623260498046875,18.38656616210937,34.25
1972-03-18 07:25:51,26.13039970397949,92.89157104492188,169.24642181396484,84.54545593261719,86.5,60.82175827026367,99.98191833496094,14.488287925720217,41.16957573638554,193633.0,21.07928466796875,24.45196533203125,23.309600830078125,24.043975830078125,34.25
1972-03-18 07:25:52,26.175277709960938,92.83132934570312,169.43359375,84.54545593261719,87.5,60.82175827026367,99.98191833496094,14.49829387664795,38.36031433646395,193633.0,20.154525756835938,24.07118225097656,23.092010498046875,19.964111328125,34.25
1972-03-18 07:25:53,26.291723251342773,92.9518051147461,168.63607025146484,84.6212158203125,86.9000015258789,60.82175827026367,99.98191833496094,14.507566452026367,40.443897047648306,193633.0,15.20428466796875,25.59432983398437,20.943283081054688,22.84722900390625,34.25
1972-03-18 07:25:54,26.401269912719727,93.0722885131836,168.03385162353516,84.6212158203125,87.80000305175781,60.81814193725586,99.98191833496094,14.510248184204102,37.03187972664674,193633.0,20.616912841796875,25.376739501953125,16.265045166015625,22.3304443359375,34.25
1972-03-18 07:25:55,26.439138412475582,93.0722885131836,168.8232421875,84.6212158203125,87.5,60.82175827026367,99.98191833496094,14.513558387756348,38.313716700297654,193633.0,22.167266845703125,25.675933837890625,20.236114501953125,20.807296752929688,34.25
1972-03-18 07:25:56,26.476531982421875,93.0722885131836,168.74185943603516,84.6212158203125,86.5999984741211,60.82175827026367,99.98191833496094,14.516802787780762,42.36576961512616,193633.0,20.48091125488281,21.13368225097656,21.65045166015625,22.357635498046875,34.25
1972-03-18 07:25:57,26.530521392822266,93.01204681396484,169.93001556396484,84.54545593261719,87.4000015258789,60.82175827026367,99.98191833496094,14.527998924255373,40.52947101268085,193633.0,24.098388671875,23.962387084960938,23.445602416992188,24.343170166015625,34.25
1972-03-18 07:25:58,26.651517868041992,92.89157104492188,168.798828125,84.54545593261719,87.4000015258789,60.82175827026367,99.98191833496094,14.537042617797852,39.25474364225302,193633.0,21.269683837890625,27.4710693359375,20.72569274902344,21.405670166015625,34.25
1972-03-18 07:25:59,26.763208389282227,92.89157104492188,168.8720703125,84.6212158203125,87.69999694824219,60.82175827026367,99.98191833496094,14.545320510864258,38.605997920840124,193633.0,24.451980590820312,22.54803466796875,21.5960693359375,23.445602416992188,34.25
1972-03-18 07:26:00,26.81291389465332,93.01204681396484,169.0511016845703,84.6212158203125,87.4000015258789,60.82175827026367,99.98191833496094,14.555055618286133,40.26341370903852,193633.0,19.55615234375,22.357635498046875,24.343170166015625,19.66493225097656,34.25
1972-03-18 07:26:01,26.776626586914062,93.13253021240234,168.66048431396484,84.6212158203125,88.0,60.82175827026367,99.98191833496094,14.564790725708008,37.73639557154441,193633.0,20.100128173828125,26.573486328125,21.704864501953125,23.228012084960938,34.25
1972-03-18 07:26:02,26.723608016967773,93.01204681396484,169.48242950439453,84.6212158203125,88.0,60.82175827026367,99.98191833496094,14.563556671142578,38.333987468441464,193633.0,21.296875,24.506378173828125,20.508102416992188,25.45834350585937,34.25
1972-03-18 07:26:03,26.656360626220703,92.89157104492188,169.53125,84.6212158203125,87.4000015258789,60.82175827026367,99.98191833496094,14.563608169555664,39.817365825176864,193633.0,19.229766845703125,24.587966918945312,25.567138671875,20.834503173828125,34.25
1972-03-18 07:26:04,26.651138305664062,92.9518051147461,168.16405487060547,84.6212158203125,87.0,60.82175827026367,99.98191833496094,14.566516876220703,39.936159151819325,193633.0,21.4600830078125,24.5335693359375,18.549774169921875,22.711227416992188,34.25
1972-03-18 07:26:05,26.64253044128418,93.01204681396484,169.49869537353516,84.6212158203125,86.69999694824219,60.82175827026367,99.98191833496094,14.573715209960938,41.26294434442872,193633.0,20.698516845703125,23.826385498046875,21.18807983398437,24.07118225097656,34.25
1972-03-18 07:26:06,26.588573455810547,92.89157104492188,168.5546875,84.6212158203125,87.19999694824219,60.82175827026367,99.98191833496094,14.575765609741213,37.92507182532082,193633.0,20.671295166015625,25.53993225097656,20.34490966796875,20.916091918945312,34.25
1972-03-18 07:26:07,26.421401977539062,92.9518051147461,168.603515625,84.6212158203125,87.5999984741211,60.82175827026367,99.98191833496094,14.58504867553711,40.13405668206517,193633.0,21.487274169921875,25.839111328125,21.18807983398437,22.03125,34.25
1972-03-18 07:26:08,26.296817779541016,93.0722885131836,168.2373046875,84.6212158203125,87.4000015258789,60.82175827026367,99.98191833496094,14.594331741333008,40.9192671761572,193633.0,23.20082092285156,23.635986328125,22.874420166015625,20.236114501953125,34.25
1972-03-18 07:26:09,26.16765022277832,93.13253021240234,167.9931640625,84.6212158203125,87.4000015258789,60.82175827026367,99.98191833496094,14.603614807128906,40.12425702755626,193633.0,20.018524169921875,25.431137084960938,20.508102416992188,21.704864501953125,34.25
1972-03-18 07:26:10,26.11117172241211,93.0722885131836,168.0094451904297,84.6212158203125,86.79999542236328,60.82175827026367,99.98191833496094,14.612897872924805,41.781159572101046,193633.0,24.85995483398437,25.295135498046875,20.39930725097656,20.290512084960938,34.25
1972-03-18 07:26:11,26.118453979492188,93.01204681396484,168.05826568603516,84.6212158203125,86.9000015258789,60.82175827026367,99.98191833496094,14.622180938720703,40.1609070870521,193633.0,18.27778625488281,22.24884033203125,21.568862915039062,21.405670166015625,34.25
1972-03-18 07:26:12,26.13807487487793,92.89157104492188,167.92806243896484,84.6212158203125,87.0,60.82175827026367,99.98191833496094,14.631464004516602,39.84669946370659,193633.0,22.03125,25.675933837890625,19.88252258300781,25.159149169921875,34.25
1972-03-18 07:26:13,26.11414909362793,92.89157104492188,168.78255462646484,84.6212158203125,87.0,60.82175827026367,99.98191833496094,14.6407470703125,41.379690877478346,193633.0,21.487274169921875,27.25347900390625,25.78472900390625,21.7320556640625,34.25
1972-03-18 07:26:14,26.117197036743164,93.0722885131836,168.3756561279297,84.54545593261719,87.5,60.82175827026367,99.98191833496094,14.650030136108398,38.66301894561231,193633.0,19.03936767578125,24.043975830078125,22.956024169921875,20.100128173828125,34.25
1972-03-18 07:26:15,26.13909339904785,93.1927719116211,169.091796875,84.54545593261719,88.5999984741211,60.82175827026367,99.98191833496094,14.657112121582031,39.35673450588507,193633.0,21.868072509765625,26.247100830078125,24.01678466796875,22.9288330078125,34.25
1972-03-18 07:26:16,26.224124908447266,93.0722885131836,169.02669525146484,84.6212158203125,87.69999694824219,60.82175827026367,99.98191833496094,14.667835235595703,39.714276840909235,193633.0,19.03936767578125,23.744781494140625,23.71759033203125,21.07928466796875,34.25
1972-03-18 07:26:17,26.349365234375,92.89157104492188,168.45703887939453,84.6212158203125,86.79999542236328,60.82175827026367,99.98191833496094,14.67784309387207,39.257023265725906,193633.0,19.61053466796875,23.58160400390625,23.690399169921875,22.11285400390625,34.25
1972-03-18 07:26:18,26.51604461669922,92.83132934570312,167.39095306396484,84.6212158203125,86.79999542236328,60.82175827026367,99.98191833496094,14.687126159667969,39.81756740231868,193633.0,20.698516845703125,25.675933837890625,18.740158081054688,19.229736328125,34.25
1972-03-18 07:26:19,26.56591796875,93.01204681396484,168.35123443603516,84.6212158203125,87.19999694824219,60.82175827026367,99.98191833496094,14.696409225463867,40.877415388874596,193633.0,18.468170166015625,20.916091918945312,23.71759033203125,19.88252258300781,34.25
1972-03-18 07:26:20,26.56853485107422,93.1927719116211,168.14778900146484,84.6212158203125,87.19999694824219,60.82175827026367,99.98191833496094,14.705692291259766,38.383214435139536,193633.0,19.47454833984375,23.472808837890625,19.88252258300781,24.61517333984375,34.25
1972-03-18 07:26:21,26.545042037963867,93.0722885131836,168.3349609375,84.6212158203125,87.19999694824219,60.82175827026367,99.98191833496094,14.714975357055664,38.425719396946825,193633.0,22.41204833984375,25.675933837890625,19.828125,21.7320556640625,34.25
1972-03-18 07:26:22,26.531030654907227,92.89157104492188,167.9931640625,84.6212158203125,86.79999542236328,60.82175827026367,99.98191833496094,14.724258422851562,38.750974144244445,193633.0,19.33856201171875,23.55439758300781,21.46006774902344,21.86805725097656,34.25
1972-03-18 07:26:23,26.54662322998047,92.89157104492188,168.3268280029297,84.6212158203125,87.4000015258789,60.82175827026367,99.98191833496094,14.73354148864746,38.91505262652683,193633.0,22.41204833984375,24.5335693359375,19.61053466796875,22.9288330078125,34.25
1972-03-18 07:26:24,26.548524856567383,92.9518051147461,168.4977264404297,84.6212158203125,87.4000015258789,60.82175827026367,99.98191833496094,14.74282455444336,36.95129711583523,193633.0,18.30499267578125,23.744781494140625,23.690399169921875,18.332183837890625,34.25
1972-03-18 07:26:25,26.473907470703125,93.01204681396484,167.9117889404297,84.54545593261719,86.79999542236328,60.82175827026367,99.98191833496094,14.752107620239258,39.27130626964704,193633.0,18.5225830078125,27.06307983398437,21.976852416992188,19.71932983398437,34.25
1972-03-18 07:26:26,26.372577667236328,93.0722885131836,168.38378143310547,84.54545593261719,88.0,60.82175827026367,99.98191833496094,14.761390686035156,38.570141983416875,193633.0,20.671295166015625,24.31597900390625,20.970489501953125,22.004058837890625,34.25
1972-03-18 07:26:27,26.298227310180664,92.9518051147461,168.67675018310547,84.6212158203125,86.79999542236328,60.82175827026367,99.98191833496094,14.770673751831056,40.082398518405164,193633.0,18.196197509765625,20.64410400390625,23.28240966796875,19.71932983398437,34.25
1972-03-18 07:26:28,26.253904342651367,93.01204681396484,168.701171875,84.6212158203125,87.0,60.82175827026367,99.98191833496094,14.779956817626951,40.17197323541457,193633.0,18.767364501953125,24.99594116210937,22.412033081054688,21.35127258300781,34.25
1972-03-18 07:26:29,26.25276565551757,93.01204681396484,167.58626556396484,84.6212158203125,86.79999542236328,60.82175827026367,99.98191833496094,14.789239883422852,41.28737918673411,193633.0,21.05209350585937,24.5335693359375,22.82002258300781,19.828125,34.25
1972-03-18 07:26:30,26.25571250915528,93.0722885131836,167.83853912353516,84.6212158203125,87.19999694824219,60.82175827026367,99.98191833496094,14.79852294921875,40.02211519985935,193633.0,21.405670166015625,21.86805725097656,20.236114501953125,21.623260498046875,34.25
1972-03-18 07:26:31,26.236570358276367,93.01204681396484,167.49674224853516,84.6212158203125,87.5999984741211,60.82175827026367,99.98191833496094,14.807806015014648,38.62771764555013,193633.0,22.439239501953125,22.384841918945312,18.903350830078125,20.58969116210937,34.25
1972-03-18 07:26:32,26.219688415527344,92.89157104492188,168.80696868896484,84.54545593261719,87.5,60.82175827026367,99.98191833496094,14.814887046813965,39.83221752354825,193633.0,20.154525756835938,24.424774169921875,23.744781494140625,22.98321533203125,34.25
1972-03-18 07:26:33,26.21232032775879,92.89157104492188,167.8466796875,84.54545593261719,87.19999694824219,60.82175827026367,99.98191833496094,14.82634449005127,39.686882408649474,193633.0,19.637741088867188,25.59432983398437,20.888885498046875,21.5960693359375,34.27499961853027
1972-03-18 07:26:34,26.24220466613769,93.01204681396484,168.05013275146484,84.54545593261719,88.30000305175781,60.82175827026367,99.98191833496094,14.831239700317385,36.61393847994614,193633.0,24.96875,25.213531494140625,18.685760498046875,21.269683837890625,34.25
1972-03-18 07:26:35,26.33529663085937,93.0722885131836,167.96060943603516,84.6212158203125,86.79999542236328,60.82175827026367,99.98191833496094,14.837533950805664,41.586566362093045,193633.0,20.888900756835938,26.056716918945312,22.98321533203125,21.37847900390625,34.25
1972-03-18 07:26:36,26.48386001586914,92.9518051147461,168.8802032470703,84.6212158203125,87.4000015258789,60.82175827026367,99.98191833496094,14.845999717712402,38.26059515295815,193633.0,23.472808837890625,23.037628173828125,23.11920166015625,23.28240966796875,34.25
1972-03-18 07:26:37,26.5361385345459,92.9518051147461,168.5546875,84.6212158203125,86.5,60.82175827026367,99.98191833496094,14.848587036132812,40.294326450904606,193633.0,20.752899169921875,27.19906616210937,24.234375,18.38656616210937,34.25
1972-03-18 07:26:38,26.523393630981445,93.01204681396484,167.87923431396484,84.6212158203125,86.69999694824219,60.82175827026367,99.98191833496094,14.857688903808594,41.142275252002804,193633.0,22.79283142089844,23.445602416992188,21.895263671875,21.405670166015625,34.25
1972-03-18 07:26:39,26.515247344970703,93.0722885131836,167.87109375,84.54545593261719,87.5999984741211,60.82175827026367,99.98191833496094,14.866049766540527,37.21691894171229,193633.0,19.882537841796875,27.144683837890625,23.33680725097656,19.936920166015625,34.25
1972-03-18 07:26:40,26.506011962890625,93.01204681396484,167.5699920654297,84.54545593261719,86.69999694824219,60.82175827026367,99.98191833496094,14.867109298706056,40.90557239718197,193633.0,21.840866088867188,22.84722900390625,20.671295166015625,21.487274169921875,34.25
1972-03-18 07:26:41,26.555646896362305,93.01204681396484,168.91275024414062,84.6212158203125,87.5,60.82175827026367,99.98191833496094,14.8739013671875,39.00682053554287,193633.0,21.02490234375,22.629638671875,23.33680725097656,23.173614501953125,34.25
1972-03-18 07:26:42,26.59546089172364,92.9518051147461,166.7236328125,84.6212158203125,86.9000015258789,60.82175827026367,99.98191833496094,14.882867813110352,39.429764923623814,193633.0,23.0648193359375,26.383102416992188,20.91607666015625,16.564239501953125,34.25
1972-03-18 07:26:43,26.5553035736084,92.89157104492188,168.7174530029297,84.6212158203125,86.79999542236328,60.82175827026367,99.98191833496094,14.894036293029783,39.417291865967535,193633.0,19.52894592285156,23.5,24.234375,20.31771850585937,34.25
1972-03-18 07:26:44,26.46415901184082,92.9518051147461,166.7805938720703,84.6212158203125,87.30000305175781,60.82175827026367,99.98191833496094,14.897159576416016,37.161410065888326,193633.0,21.106491088867188,24.5335693359375,20.072906494140625,20.94329833984375,34.25
1972-03-18 07:26:45,26.395967483520508,93.13253021240234,168.359375,84.6212158203125,87.9000015258789,60.82175827026367,99.98191833496094,14.898757934570312,38.942132823916374,193633.0,18.87615966796875,28.12384033203125,22.60243225097656,19.66493225097656,34.25
1972-03-18 07:26:46,26.36442375183105,93.13253021240234,168.0582733154297,84.6212158203125,86.9000015258789,60.82175827026367,99.98191833496094,14.907588958740234,39.37163046097642,193633.0,20.752899169921875,22.11285400390625,20.807281494140625,24.424774169921875,34.25
1972-03-18 07:26:47,26.38894844055176,93.01204681396484,168.61165618896484,84.6212158203125,87.19999694824219,60.82175827026367,99.98191833496094,14.909807205200195,40.121521524950936,193633.0,22.439239501953125,25.567138671875,23.037612915039062,22.439239501953125,34.25
1972-03-18 07:26:48,26.43798828125,92.83132934570312,168.75,84.54545593261719,87.5,60.82175827026367,99.98191833496094,14.911982536315918,40.47550573113861,193633.0,23.037628173828125,22.357635498046875,23.635986328125,23.9351806640625,34.25
1972-03-18 07:26:49,26.43781089782715,92.83132934570312,168.61165618896484,84.6212158203125,87.0,60.82175827026367,99.98191833496094,14.919191360473633,38.24944356576176,193633.0,19.71932983398437,20.5625,21.94964599609375,21.67767333984375,34.25
1972-03-18 07:26:50,26.384571075439453,92.9518051147461,168.49771881103516,84.54545593261719,87.5,60.82175827026367,99.98191833496094,14.927841186523438,40.74092514527098,193633.0,18.767364501953125,21.541656494140625,24.179977416992188,22.84722900390625,34.25
1972-03-18 07:26:51,26.349794387817383,93.13253021240234,168.212890625,84.6212158203125,88.5,60.82175827026367,99.98191833496094,14.929168701171877,38.13986845054981,193633.0,21.24249267578125,24.45196533203125,21.94964599609375,21.7320556640625,34.25
1972-03-18 07:26:52,26.32062149047852,93.1927719116211,167.9443359375,84.6212158203125,86.5999984741211,60.82175827026367,99.98191833496094,14.925268173217772,38.58423100519102,193633.0,22.901641845703125,22.956024169921875,22.84722900390625,21.37847900390625,34.27499961853027
1972-03-18 07:26:53,26.355411529541016,93.01204681396484,167.63509368896484,84.6212158203125,87.0999984741211,60.82175827026367,99.98191833496094,14.919754028320312,40.38817596921542,193633.0,22.03125,27.33506774902344,22.493621826171875,20.834503173828125,34.25
1972-03-18 07:26:54,26.40220642089844,92.89157104492188,168.30240631103516,84.6212158203125,87.0999984741211,60.82175827026367,99.98191833496094,14.925045013427734,39.50201237361259,193633.0,22.49365234375,23.33680725097656,22.4664306640625,22.493637084960938,34.25
1972-03-18 07:26:55,26.41175842285156,92.89157104492188,167.92806243896484,84.6212158203125,87.4000015258789,60.82175827026367,99.98191833496094,14.92592716217041,38.83995991151532,193633.0,22.38485717773437,20.94329833984375,22.412033081054688,21.106475830078125,34.25
1972-03-18 07:26:56,26.370227813720703,92.9518051147461,168.05826568603516,84.6212158203125,88.0999984741211,60.82175827026367,99.98191833496094,14.922308921813965,37.07887328385312,193633.0,20.45370483398437,22.956024169921875,21.296875,22.575225830078125,34.25
1972-03-18 07:26:57,26.34924697875977,93.0722885131836,167.6920623779297,84.6212158203125,87.4000015258789,60.82175827026367,99.98191833496094,14.91415023803711,39.9407074865899,193633.0,18.38658142089844,24.941558837890625,18.604156494140625,23.6632080078125,34.25
1972-03-18 07:26:58,26.34814453125,93.0722885131836,166.76432037353516,84.6212158203125,86.69999694824219,60.82175827026367,99.98191833496094,14.919001579284668,40.07891361932692,193633.0,18.98495483398437,26.791091918945312,20.1273193359375,21.86805725097656,34.25
1972-03-18 07:26:59,26.405946731567383,93.01204681396484,167.87109375,84.6212158203125,87.30000305175781,60.82175827026367,99.98191833496094,14.908421516418455,39.749823628042144,193633.0,20.50811767578125,22.79281616210937,20.91607666015625,22.4664306640625,34.27499961853027
1972-03-18 07:27:00,26.49103164672852,92.89157104492188,167.11426544189453,84.6212158203125,86.5,60.82175827026367,99.98191833496094,14.90493869781494,38.088780777208896,193633.0,20.616912841796875,22.874420166015625,20.18170166015625,22.167236328125,34.25
1972-03-18 07:27:01,26.53139877319336,92.89157104492188,167.92806243896484,84.6212158203125,86.4000015258789,60.82175827026367,99.98191833496094,14.893255233764648,40.88373205817301,193633.0,18.413787841796875,26.682281494140625,22.629638671875,21.568878173828125,34.25
1972-03-18 07:27:02,26.48933982849121,93.01204681396484,167.7083282470703,84.6212158203125,87.5,60.82175827026367,99.98191833496094,14.891603469848633,39.63664167802476,193633.0,23.28240966796875,25.567138671875,20.290496826171875,22.956024169921875,34.25
1972-03-18 07:27:03,26.4499740600586,93.13253021240234,167.83853912353516,84.6212158203125,87.30000305175781,60.82175827026367,99.98191833496094,14.88544750213623,39.081920451729815,193633.0,20.372116088867188,22.82002258300781,23.71759033203125,21.94964599609375,34.25
1972-03-18 07:27:04,26.4030818939209,93.0722885131836,168.0908203125,84.6212158203125,86.4000015258789,60.82175827026367,99.98191833496094,14.863014221191406,41.47858553954942,193633.0,22.68403625488281,25.975128173828125,22.711227416992188,20.58969116210937,34.25
1972-03-18 07:27:05,26.41276359558105,92.9518051147461,167.47232818603516,84.6212158203125,87.0999984741211,60.82175827026367,99.98191833496094,14.846786499023438,39.360333682483876,193633.0,19.420150756835938,28.151031494140625,21.106475830078125,18.6585693359375,34.25
1972-03-18 07:27:06,26.45204162597656,92.83132934570312,167.9606170654297,84.6212158203125,87.0,60.82175827026367,99.98191833496094,14.837615966796877,38.462244622485166,193633.0,17.625,25.05035400390625,23.744781494140625,21.242477416992188,34.25
1972-03-18 07:27:07,26.456382751464844,92.89157104492188,168.30240631103516,84.6212158203125,87.5999984741211,60.82175827026367,99.98191833496094,14.828279495239258,38.74049244872164,193633.0,19.58334350585937,25.34954833984375,23.364013671875,21.759262084960938,34.25
1972-03-18 07:27:08,26.413227081298828,93.0722885131836,167.14681243896484,84.6212158203125,87.0999984741211,60.82175827026367,99.98191833496094,14.8128662109375,39.16369319832024,193633.0,18.11459350585937,23.826385498046875,21.81365966796875,21.568878173828125,34.27499961853027
1972-03-18 07:27:09,26.342288970947266,93.1927719116211,167.1142578125,84.6212158203125,86.5,60.82175827026367,99.98191833496094,14.795013427734377,39.74107783782516,193633.0,19.936920166015625,26.92709350585937,22.276031494140625,21.18807983398437,34.25
1972-03-18 07:27:10,26.291051864624023,92.9518051147461,167.2688751220703,84.6212158203125,86.9000015258789,60.82175827026367,99.98191833496094,14.787113189697266,37.77610538183788,193633.0,19.58334350585937,24.179977416992188,20.752899169921875,23.010421752929688,34.27499961853027
1972-03-18 07:27:11,26.31527137756348,92.89157104492188,167.1956329345703,84.6212158203125,87.80000305175781,60.82175827026367,99.98191833496094,14.781259536743164,36.77439628852556,193633.0,18.6585693359375,22.05844116210937,22.05844116210937,19.229736328125,34.25
1972-03-18 07:27:12,26.37514305114746,92.89157104492188,167.64322662353516,84.6212158203125,87.0999984741211,60.82175827026367,99.98191833496094,14.767940521240234,39.037456508167274,193633.0,17.1898193359375,26.35589599609375,22.303237915039062,20.372100830078125,34.27499961853027
1972-03-18 07:27:13,26.40174674987793,93.0722885131836,166.69921112060547,84.6212158203125,87.5999984741211,60.82175827026367,99.98191833496094,14.758790016174316,39.515070777819496,193633.0,23.092025756835938,20.916091918945312,17.788192749023438,21.7320556640625,34.27499961853027
1972-03-18 07:27:14,26.35896110534668,93.0722885131836,167.5537109375,84.6212158203125,86.79999542236328,60.82175827026367,99.98191833496094,14.746532440185549,40.590585300520914,193633.0,20.45370483398437,22.629638671875,21.704864501953125,22.79281616210937,34.27499961853027
1972-03-18 07:27:15,26.332887649536133,93.0722885131836,168.2291717529297,84.6212158203125,86.79999542236328,60.82175827026367,99.98191833496094,14.737728118896484,40.216203558202196,193633.0,23.336822509765625,20.888885498046875,22.19444274902344,22.05844116210937,34.27499961853027
1972-03-18 07:27:16,26.327104568481445,93.01204681396484,167.13867950439453,84.6212158203125,87.19999694824219,60.82175827026367,99.98191833496094,14.720712661743164,39.65147335884231,193633.0,20.045730590820312,24.80555725097656,21.296875,20.1273193359375,34.27499961853027
1972-03-18 07:27:17,26.37815284729004,92.89157104492188,165.9423828125,84.6212158203125,86.9000015258789,60.82175827026367,99.98191833496094,14.700507164001465,40.501709611649495,193633.0,19.637741088867188,27.035888671875,19.474533081054688,19.74652099609375,34.27499961853027
1972-03-18 07:27:18,26.4664363861084,92.83132934570312,166.7399139404297,84.6212158203125,86.79999542236328,60.82175827026367,99.98191833496094,14.687302589416504,39.20548528452112,193633.0,21.5960693359375,22.52084350585937,19.71932983398437,19.637725830078125,34.27499961853027
1972-03-18 07:27:19,26.524826049804688,93.01204681396484,167.39095306396484,84.6212158203125,86.5999984741211,60.82175827026367,99.98191833496094,14.683430671691896,38.738349025588334,193633.0,19.936920166015625,20.20892333984375,20.91607666015625,21.568878173828125,34.27499961853027
1972-03-18 07:27:20,26.514333724975582,93.0722885131836,167.28514862060547,84.6212158203125,87.5999984741211,60.82175827026367,99.98191833496094,14.664072036743164,39.08999163881945,193633.0,17.543411254882812,22.82002258300781,19.58334350585937,24.72396850585937,34.27499961853027
1972-03-18 07:27:21,26.46729278564453,93.13253021240234,166.4794921875,84.6212158203125,86.69999694824219,60.82175827026367,99.98191833496094,14.646642684936523,38.78154134721735,193633.0,20.426513671875,24.31597900390625,21.32406616210937,15.748260498046877,34.25
1972-03-18 07:27:22,26.42286491394043,92.9518051147461,167.1630859375,84.54545593261719,86.79999542236328,60.82175827026367,99.98191833496094,14.623112678527832,40.77748238654906,193633.0,20.29052734375,21.92245483398437,21.704864501953125,21.4600830078125,34.27499961853027
1972-03-18 07:27:23,26.39226531982422,92.89157104492188,167.17122650146484,84.54545593261719,87.0999984741211,60.82175827026367,99.98191833496094,14.614622116088867,40.41450998428289,193633.0,23.14642333984375,27.171875,22.24884033203125,18.74017333984375,34.25
1972-03-18 07:27:24,26.40872573852539,92.9518051147461,165.97493743896484,84.6212158203125,87.0,60.82175827026367,99.98191833496094,14.59795379638672,39.615674612145305,193633.0,23.41841125488281,25.13194274902344,17.760986328125,22.82002258300781,34.27499961853027
1972-03-18 07:27:25,26.423566818237305,93.01204681396484,166.4632110595703,84.6212158203125,86.4000015258789,60.82175827026367,99.98191833496094,14.565655708312988,39.79863138418077,193633.0,19.501739501953125,27.98785400390625,23.744781494140625,18.468170166015625,34.27499961853027
1972-03-18 07:27:26,26.38256072998047,93.13253021240234,166.98404693603516,84.6212158203125,86.79999542236328,60.82175827026367,99.98191833496094,14.54392433166504,39.53069318669815,193633.0,23.173614501953125,23.58160400390625,21.269683837890625,21.51446533203125,34.27499961853027
1972-03-18 07:27:27,26.31038475036621,93.01204681396484,166.65853118896484,84.6212158203125,87.5999984741211,60.82175827026367,99.98191833496094,14.537291526794434,38.744038499026296,193633.0,19.85533142089844,22.11285400390625,22.54803466796875,22.1944580078125,34.25
1972-03-18 07:27:28,26.271869659423828,92.89157104492188,166.7399139404297,84.6212158203125,86.9000015258789,60.82175827026367,99.98191833496094,14.504186630249023,40.058761323668186,193633.0,21.18807983398437,22.84722900390625,21.86805725097656,19.17535400390625,34.27499961853027
1972-03-18 07:27:29,26.275060653686523,92.89157104492188,166.0481719970703,84.6212158203125,87.19999694824219,60.82175827026367,99.98191833496094,14.481626510620115,39.08374565965763,193633.0,22.3304443359375,25.077545166015625,19.88252258300781,16.781829833984375,34.27499961853027
1972-03-18 07:27:30,26.33611297607422,93.0722885131836,166.8050079345703,84.6212158203125,86.5999984741211,60.82175827026367,99.98191833496094,14.460259437561035,39.21161658401235,193633.0,20.7257080078125,19.800933837890625,23.58160400390625,19.936920166015625,34.27499961853027
1972-03-18 07:27:31,26.38143920898437,93.13253021240234,167.0979766845703,84.6212158203125,86.0,60.82175827026367,99.98191833496094,14.451807022094728,41.444598232205514,193633.0,21.296875,25.893524169921875,20.154510498046875,21.895263671875,34.27499961853027
1972-03-18 07:27:32,26.385772705078125,93.0722885131836,166.41439056396484,84.6212158203125,86.69999694824219,60.82175827026367,99.98191833496094,14.43152141571045,37.15768312612985,193633.0,17.625,25.62152099609375,22.956024169921875,20.834503173828125,34.27499961853027
1972-03-18 07:27:33,26.34510040283203,92.89157104492188,165.8203125,84.6212158203125,87.19999694824219,60.82175827026367,99.98191833496094,14.40219783782959,38.892655450674106,193633.0,16.346649169921875,26.46469116210937,19.01214599609375,18.74017333984375,34.27499961853027
1972-03-18 07:27:34,26.3279037475586,92.89157104492188,166.68294525146484,84.6212158203125,86.5999984741211,60.82175827026367,99.98191833496094,14.383505821228027,40.012054997448445,193633.0,20.45370483398437,26.247100830078125,20.834487915039062,19.501739501953125,34.27499961853027
1972-03-18 07:27:35,26.327163696289062,93.01204681396484,166.6341094970703,84.6212158203125,86.5999984741211,60.82175827026367,99.98191833496094,14.38068675994873,39.47437212273028,193633.0,18.60418701171875,21.86805725097656,21.568862915039062,21.35127258300781,34.27499961853027
1972-03-18 07:27:36,26.380788803100582,93.13253021240234,166.19466400146484,84.6212158203125,86.9000015258789,60.82175827026367,99.98191833496094,14.350733757019045,41.301325827945675,193633.0,21.21528625488281,24.696762084960938,17.380218505859375,24.26156616210937,34.27499961853027
1972-03-18 07:27:37,26.437231063842773,93.0722885131836,166.30045318603516,84.6212158203125,86.5999984741211,60.82175827026367,99.98191833496094,14.326274871826172,39.80919018437927,193633.0,19.148162841796875,23.037628173828125,20.426513671875,18.304977416992188,34.27499961853027
1972-03-18 07:27:38,26.441818237304688,92.9518051147461,166.82942962646484,84.6212158203125,86.5999984741211,60.82175827026367,99.98191833496094,14.30374240875244,38.350851842383626,193633.0,18.957763671875,21.05209350585937,18.631362915039062,24.45196533203125,34.27499961853027
1972-03-18 07:27:39,26.38953971862793,92.83132934570312,167.8955078125,84.6212158203125,86.69999694824219,60.82175827026367,99.98191833496094,14.298521995544434,40.24609100546202,193633.0,21.67767333984375,26.92709350585937,23.962371826171875,19.936920166015625,34.27499961853027
1972-03-18 07:27:40,26.34929847717285,92.83132934570312,166.4225311279297,84.6212158203125,86.0999984741211,60.82175827026367,99.98191833496094,14.26762580871582,42.16501227214268,193633.0,20.91610717773437,20.698486328125,19.365737915039062,24.01678466796875,34.27499961853027
1972-03-18 07:27:41,26.334585189819336,93.01204681396484,166.845703125,84.54545593261719,86.4000015258789,60.82175827026367,99.98191833496094,14.243699073791504,40.093530578572015,193633.0,19.148162841796875,20.236114501953125,24.207183837890625,18.685760498046875,34.27499961853027
1972-03-18 07:27:42,26.3897647857666,93.13253021240234,165.33203887939453,84.54545593261719,86.69999694824219,60.82175827026367,99.98191833496094,14.210702896118164,40.09667633407361,193633.0,21.78646850585937,22.41204833984375,18.38656616210937,20.508102416992188,34.27499961853027
1972-03-18 07:27:43,26.4438705444336,93.0722885131836,167.42350006103516,84.6212158203125,87.19999694824219,60.82175827026367,99.98191833496094,14.205150604248049,38.18793130856989,193633.0,19.52894592285156,24.01678466796875,25.839111328125,20.34490966796875,34.27499961853027
1972-03-18 07:27:44,26.44341278076172,92.9518051147461,166.34114837646484,84.6212158203125,86.79999542236328,60.82175827026367,99.98191833496094,14.176141738891602,38.1616836281456,193633.0,20.58970642089844,20.1273193359375,19.44732666015625,22.738433837890625,34.25
1972-03-18 07:27:45,26.380216598510746,92.9518051147461,166.95149993896484,84.6212158203125,87.0,60.82175827026367,99.98191833496094,14.148259162902832,40.32132385971602,193633.0,18.79457092285156,26.35589599609375,20.8616943359375,21.18807983398437,34.27499961853027
1972-03-18 07:27:46,26.354232788085938,93.01204681396484,165.91796875,84.6212158203125,86.29999542236328,60.82175827026367,99.98191833496094,14.12446403503418,41.93698683554594,193633.0,20.07293701171875,22.167236328125,20.834487915039062,21.35127258300781,34.27499961853027
1972-03-18 07:27:47,26.33572769165039,93.01204681396484,166.39810943603516,84.6212158203125,87.80000305175781,60.82175827026367,99.98191833496094,14.112142562866213,39.04131086381567,193633.0,20.48091125488281,25.48553466796875,20.2633056640625,17.570602416992188,34.27499961853027
1972-03-18 07:27:48,26.372249603271484,93.01204681396484,166.4225311279297,84.6212158203125,86.5999984741211,60.82175827026367,99.98191833496094,14.082115173339844,37.83862849247547,193633.0,19.12095642089844,23.472808837890625,21.37847900390625,22.221649169921875,34.25
1972-03-18 07:27:49,26.408668518066406,93.0722885131836,165.91796875,84.6212158203125,87.5999984741211,60.82175827026367,99.98191833496094,14.05469799041748,36.020888290036766,193633.0,19.882537841796875,22.60243225097656,21.05209350585937,19.31134033203125,34.27499961853027
1972-03-18 07:27:50,26.405414581298828,92.9518051147461,166.01563262939453,84.6212158203125,87.30000305175781,60.82175827026367,99.98191833496094,14.024070739746094,36.68093682466436,193633.0,22.68403625488281,24.043975830078125,20.48089599609375,20.58969116210937,34.27499961853027
1972-03-18 07:27:51,26.34650039672852,92.89157104492188,166.63411712646484,84.6212158203125,87.4000015258789,60.82175827026367,99.98191833496094,14.015088081359863,39.741961032216096,193633.0,18.82177734375,24.506378173828125,24.12557983398437,19.365753173828125,34.27499961853027
1972-03-18 07:27:52,26.325870513916016,92.9518051147461,165.60872650146484,84.6212158203125,86.4000015258789,60.82175827026367,99.98191833496094,13.98993682861328,40.5597519782518,193633.0,22.3304443359375,23.635986328125,21.242477416992188,21.976852416992188,34.27499961853027
1972-03-18 07:27:53,26.301382064819336,93.01204681396484,167.08984375,84.54545593261719,87.19999694824219,60.82175827026367,99.98191833496094,13.95869255065918,39.02682932860723,193633.0,18.332183837890625,25.48553466796875,23.28240966796875,19.85531616210937,34.27499961853027
1972-03-18 07:27:54,26.34333038330078,93.13253021240234,166.12955474853516,84.6212158203125,87.5999984741211,60.82175827026367,99.98191833496094,13.935897827148438,38.40240084127044,193633.0,20.834503173828125,19.12094116210937,22.140045166015625,21.024887084960938,34.27499961853027
1972-03-18 07:27:55,26.404441833496094,93.01204681396484,165.82030487060547,84.6212158203125,86.69999694824219,60.82175827026367,99.98191833496094,13.916532516479492,39.73309990542876,193633.0,22.439239501953125,26.301513671875,21.18807983398437,18.41377258300781,34.27499961853027
1972-03-18 07:27:56,26.43244361877441,92.9518051147461,166.5771484375,84.6212158203125,86.69999694824219,60.82175827026367,99.98191833496094,13.891148567199709,40.147352187471796,193633.0,20.26332092285156,23.14642333984375,21.35127258300781,21.976852416992188,34.27499961853027
1972-03-18 07:27:57,26.39466667175293,92.9518051147461,166.6341094970703,84.6212158203125,86.69999694824219,60.82175827026367,99.98191833496094,13.86624526977539,40.56501864701624,193633.0,21.65048217773437,24.26156616210937,21.405670166015625,18.19618225097656,34.27499961853027
1972-03-18 07:27:58,26.380958557128903,92.9518051147461,166.24349212646484,84.6212158203125,86.9000015258789,60.82175827026367,99.98191833496094,13.827937126159668,38.74815757395227,193633.0,21.07928466796875,20.2633056640625,20.018524169921875,22.52084350585937,34.27499961853027
1972-03-18 07:27:59,26.374774932861328,93.01204681396484,168.0338592529297,84.6212158203125,87.69999694824219,60.82175827026367,99.98191833496094,13.809731483459473,38.73416431527444,193633.0,20.236114501953125,20.48089599609375,26.92709350585937,22.276046752929688,34.27499961853027
1972-03-18 07:28:00,26.41928482055664,93.01204681396484,165.82845306396484,84.6212158203125,87.0,60.82175827026367,99.98191833496094,13.789898872375488,38.12584625545273,193633.0,22.54803466796875,19.692138671875,19.66493225097656,19.31134033203125,34.27499961853027
1972-03-18 07:28:01,26.48059463500977,92.9518051147461,166.0888671875,84.6212158203125,88.0,60.82175827026367,99.98191833496094,13.761143684387209,38.33928434832301,193633.0,22.1944580078125,22.901611328125,23.146408081054688,16.5914306640625,34.27499961853027
1972-03-18 07:28:02,26.50066566467285,92.9518051147461,166.01563262939453,84.6212158203125,87.30000305175781,60.82175827026367,99.98191833496094,13.735029220581056,38.14991887494304,193633.0,19.229766845703125,19.800933837890625,19.66493225097656,21.13368225097656,34.27499961853027
1972-03-18 07:28:03,26.45325088500977,93.0722885131836,166.24349212646484,84.6212158203125,87.30000305175781,60.82175827026367,99.98191833496094,13.71381664276123,36.64614515612451,193633.0,19.85533142089844,21.106475830078125,21.46006774902344,19.066558837890625,34.27499961853027
1972-03-18 07:28:04,26.417423248291016,93.0722885131836,165.90982818603516,84.6212158203125,87.0999984741211,60.82175827026367,99.98191833496094,13.69316577911377,37.90956942711434,193633.0,18.44097900390625,22.874420166015625,20.8616943359375,22.1944580078125,34.27499961853027
1972-03-18 07:28:05,26.397937774658203,92.9518051147461,165.8528594970703,84.6212158203125,86.69999694824219,60.82175827026367,99.98191833496094,13.66282844543457,40.21796007289531,193633.0,20.045730590820312,22.575225830078125,17.760986328125,20.45370483398437,34.27499961853027
1972-03-18 07:28:06,26.42021942138672,92.89157104492188,167.20377349853516,84.6212158203125,88.70000457763672,60.82175827026367,99.98191833496094,13.632951736450195,37.62704135865624,193633.0,23.85360717773437,24.75115966796875,22.3304443359375,23.41839599609375,34.27499961853027
1972-03-18 07:28:07,26.489425659179688,93.01204681396484,166.38997650146484,84.6212158203125,86.9000015258789,60.82175827026367,99.98191833496094,13.611563682556152,38.62716322073996,193633.0,19.365753173828125,19.71932983398437,20.943283081054688,21.05209350585937,34.27499961853027
1972-03-18 07:28:08,26.508996963500977,93.01204681396484,165.6005859375,84.54545593261719,87.0,60.82175827026367,99.98191833496094,13.592955589294434,37.89764971364584,193633.0,22.602447509765625,23.0648193359375,17.84259033203125,19.5289306640625,34.27499961853027
1972-03-18 07:28:09,26.46591186523437,93.01204681396484,167.138671875,84.6212158203125,87.0,60.82175827026367,99.98191833496094,13.558849334716797,37.97272610653399,193633.0,20.426513671875,23.9351806640625,23.5,20.9976806640625,34.27499961853027
1972-03-18 07:28:10,26.435245513916016,93.01204681396484,167.138671875,84.6212158203125,86.79999542236328,60.82175827026367,99.98191833496094,13.558849334716797,39.720586951417786,193633.0,20.426513671875,23.9351806640625,23.5,20.9976806640625,34.27499961853027
1972-03-18 07:28:11,26.41221237182617,92.9518051147461,165.58431243896484,84.6212158203125,87.30000305175781,60.81814193725586,99.98191833496094,13.501477241516112,38.20068696350835,193633.0,21.514480590820312,22.629638671875,23.037612915039062,19.12094116210937,34.27499961853027
1972-03-18 07:28:12,26.43893814086914,93.0722885131836,165.58431243896484,84.6212158203125,87.0999984741211,60.82175827026367,99.98191833496094,13.501477241516112,40.127879876649324,193633.0,20.45370483398437,24.043975830078125,17.896987915039062,19.71932983398437,34.27499961853027
1972-03-18 07:28:13,26.43893814086914,93.0722885131836,166.9921875,84.6212158203125,87.0999984741211,60.82175827026367,99.98191833496094,13.486326217651367,39.065401888870404,193633.0,18.06019592285156,22.11285400390625,20.671295166015625,23.98959350585937,34.27499961853027
1972-03-18 07:28:14,26.490453720092773,93.01204681396484,165.65755462646484,84.6212158203125,85.5999984741211,60.82175827026367,99.98191833496094,13.458673477172852,41.49986834551752,193633.0,21.4600830078125,25.811920166015625,18.93055725097656,19.066558837890625,34.27499961853027
1972-03-18 07:28:15,26.500633239746094,92.9518051147461,166.0319061279297,84.54545593261719,87.69999694824219,60.82175827026367,99.98191833496094,13.427124977111816,35.718615220249596,193633.0,22.983230590820312,23.52719116210937,20.8616943359375,21.106475830078125,34.27499961853027
1972-03-18 07:28:16,26.445512771606445,93.01204681396484,166.5608673095703,84.54545593261719,86.79999542236328,60.82175827026367,99.98191833496094,13.399693489074709,40.69246195383866,193633.0,17.35302734375,25.34954833984375,20.671295166015625,21.35127258300781,34.27499961853027
1972-03-18 07:28:17,26.38703346252441,92.9518051147461,165.3727264404297,84.6212158203125,86.0999984741211,60.81814193725586,99.98191833496094,13.383037567138672,41.17230282039597,193633.0,20.399322509765625,23.608795166015625,20.34490966796875,17.897003173828125,34.27499961853027
1972-03-18 07:28:18,26.34539794921875,93.01204681396484,165.9749298095703,84.6212158203125,87.0,60.82175827026367,99.98191833496094,13.35531520843506,39.54368207639183,193633.0,19.09375,27.55267333984375,22.79281616210937,18.57696533203125,34.27499961853027
1972-03-18 07:28:19,26.337446212768555,93.01204681396484,166.17024993896484,84.6212158203125,86.19999694824219,60.81814193725586,99.98191833496094,13.320771217346191,40.07676960854355,193633.0,20.616912841796875,18.087371826171875,22.84722900390625,20.8616943359375,34.27499961853027
1972-03-18 07:28:20,26.36351585388184,93.01204681396484,165.4459686279297,84.6212158203125,86.4000015258789,60.82175827026367,99.98191833496094,13.3071870803833,38.408339124190825,193633.0,20.780105590820312,22.167236328125,18.71295166015625,19.964111328125,34.27499961853027
1972-03-18 07:28:21,26.37383460998535,92.9518051147461,166.3737030029297,84.6212158203125,88.0,60.82175827026367,99.98191833496094,13.294278144836426,36.474541538103274,193633.0,21.568878173828125,26.709503173828125,23.472808837890625,23.309600830078125,34.27499961853027
1972-03-18 07:28:22,26.33382034301757,92.9518051147461,165.13672637939453,84.6212158203125,88.70000457763672,60.82175827026367,99.98191833496094,13.24035358428955,34.92742117375679,193633.0,20.8616943359375,28.2054443359375,21.269683837890625,18.468170166015625,34.27499961853027
1972-03-18 07:28:23,26.27815055847168,93.01204681396484,166.30045318603516,84.54545593261719,87.19999694824219,60.82175827026367,99.98191833496094,13.207834243774414,38.97801829223813,193633.0,19.74653625488281,18.032989501953125,21.704864501953125,23.092010498046875,34.27499961853027
1972-03-18 07:28:24,26.24785614013672,93.01204681396484,167.6025390625,84.6212158203125,87.9000015258789,60.82175827026367,99.98191833496094,13.176520347595217,39.48522029241716,193633.0,20.91610717773437,28.015045166015625,26.981475830078125,21.895263671875,34.27499961853027
1972-03-18 07:28:25,26.266098022460938,93.01204681396484,166.162109375,84.6212158203125,87.30000305175781,60.81814193725586,99.98191833496094,13.16036605834961,39.10348093820347,193633.0,22.3304443359375,22.4664306640625,17.461807250976562,23.6632080078125,34.27499961853027
1972-03-18 07:28:26,26.32893180847168,93.0722885131836,167.11426544189453,84.6212158203125,87.4000015258789,60.81814193725586,99.98191833496094,13.122187614440918,38.02999287957071,193633.0,18.79457092285156,23.7991943359375,25.59432983398437,20.698486328125,34.27499961853027
1972-03-18 07:28:27,26.39446258544922,93.0722885131836,165.43782806396484,84.6212158203125,87.0999984741211,60.82175827026367,99.98191833496094,13.080748558044434,39.75004776598281,193633.0,23.826400756835938,24.12557983398437,22.575225830078125,20.916091918945312,34.27499961853027
1972-03-18 07:28:28,26.39919662475586,93.01204681396484,167.26888275146484,84.6212158203125,87.0999984741211,60.82175827026367,99.98191833496094,13.049931526184082,38.295591968719684,193633.0,20.372116088867188,22.08564758300781,23.39120483398437,21.242477416992188,34.27499961853027
1972-03-18 07:28:29,26.38002586364746,92.89157104492188,167.431640625,84.6212158203125,88.30000305175781,60.82175827026367,99.98191833496094,13.033535957336426,37.19304930448,193633.0,20.64410400390625,24.642364501953125,24.75115966796875,24.642364501953125,34.27499961853027
1972-03-18 07:28:30,26.337268829345703,93.01204681396484,167.00032806396484,84.6212158203125,87.4000015258789,60.82175827026367,99.98191833496094,12.998786926269531,38.41925234318976,193633.0,22.983230590820312,25.05035400390625,20.45370483398437,16.428253173828125,34.27499961853027
1972-03-18 07:28:31,26.36044883728028,93.01204681396484,166.86197662353516,84.54545593261719,87.80000305175781,60.82175827026367,99.98191833496094,12.96889591217041,39.019973782362044,193633.0,22.79283142089844,24.234375,20.752899169921875,23.33680725097656,34.27499961853027
1972-03-18 07:28:32,26.4497013092041,92.9518051147461,166.4387969970703,84.54545593261719,87.69999694824219,60.82175827026367,99.98553466796876,12.929265022277832,40.8838734628273,193633.0,20.18173217773437,28.66781616210937,24.098388671875,20.04571533203125,34.27499961853027
1972-03-18 07:28:33,26.534587860107425,93.01204681396484,166.50389862060547,84.54545593261719,87.0999984741211,60.82175827026367,99.98191833496094,12.909090995788574,39.529311519472074,193633.0,22.901641845703125,23.39120483398437,21.895263671875,21.67767333984375,34.27499961853027
1972-03-18 07:28:34,26.542858123779297,93.01204681396484,167.09798431396484,84.6212158203125,87.0,60.82175827026367,99.98191833496094,12.881482124328612,39.10269010675547,193633.0,17.298614501953125,24.31597900390625,21.704864501953125,17.27142333984375,34.27499961853027
1972-03-18 07:28:35,26.51750946044922,92.9518051147461,166.7724609375,84.6212158203125,87.19999694824219,60.82175827026367,99.98191833496094,12.84788417816162,38.8656834315245,193633.0,26.21990966796875,17.434600830078125,20.72569274902344,21.7320556640625,34.27499961853027
1972-03-18 07:28:36,26.492822647094727,92.9518051147461,165.69010162353516,84.6212158203125,87.19999694824219,60.82175827026367,99.98191833496094,12.82134246826172,40.11755186460002,193633.0,22.3304443359375,22.575225830078125,24.39756774902344,17.434600830078125,34.27499961853027
1972-03-18 07:28:37,26.478986740112305,92.9518051147461,166.61783599853516,84.6212158203125,87.19999694824219,60.82175827026367,99.98191833496094,12.800517082214355,38.49191092600349,193633.0,22.303253173828125,24.560760498046875,20.45370483398437,23.0648193359375,34.27499961853027
1972-03-18 07:28:38,26.47350311279297,93.0722885131836,165.65755462646484,84.6212158203125,87.19999694824219,60.82175827026367,99.98191833496094,12.7686185836792,38.647014137152425,193633.0,19.77374267578125,25.213531494140625,23.309600830078125,16.401046752929688,34.27499961853027
1972-03-18 07:28:39,26.435762405395508,93.0722885131836,164.794921875,84.6212158203125,86.79999542236328,60.82175827026367,99.98191833496094,12.7379789352417,37.681669050392884,193633.0,22.05845642089844,21.269683837890625,18.957763671875,19.800933837890625,34.27499961853027
1972-03-18 07:28:40,26.396862030029297,92.9518051147461,166.7805938720703,84.6212158203125,86.69999694824219,60.82175827026367,99.98191833496094,12.712986946105955,40.43479061975823,193633.0,17.978607177734375,25.893524169921875,24.941558837890625,18.00579833984375,34.27499961853027
1972-03-18 07:28:41,26.38388633728028,92.89157104492188,164.9739532470703,84.6212158203125,86.19999694824219,60.82175827026367,99.98191833496094,12.69081211090088,40.42899118794483,193633.0,20.20892333984375,23.744781494140625,18.549774169921875,22.05844116210937,34.27499961853027
1972-03-18 07:28:42,26.357643127441406,92.9518051147461,166.1865234375,84.6212158203125,86.9000015258789,60.82175827026367,99.98191833496094,12.664143562316896,40.26347717301604,193633.0,21.4600830078125,24.043975830078125,25.92071533203125,18.41377258300781,34.27499961853027
1972-03-18 07:28:43,26.310096740722656,93.01204681396484,165.5680389404297,84.6212158203125,87.69999694824219,60.82175827026367,99.98191833496094,12.635870933532717,36.93524303345467,193633.0,22.085662841796875,23.9351806640625,21.37847900390625,20.181716918945312,34.27499961853027
1972-03-18 07:28:44,26.31196022033692,93.0722885131836,165.25878143310547,84.6212158203125,86.79999542236328,60.82175827026367,99.98553466796876,12.609628677368164,40.20327965584743,193633.0,22.3304443359375,22.92881774902344,23.2008056640625,20.34490966796875,34.27499961853027
1972-03-18 07:28:45,26.315488815307617,93.01204681396484,166.41439056396484,84.6212158203125,86.79999542236328,60.82175827026367,99.98191833496094,12.586179733276367,40.882539151019124,193633.0,17.761016845703125,19.01214599609375,20.752899169921875,24.343170166015625,34.27499961853027
1972-03-18 07:28:46,26.29780960083008,92.9518051147461,166.07259368896484,84.6212158203125,87.30000305175781,60.82175827026367,99.98191833496094,12.560428619384766,40.069622137995324,193633.0,24.207183837890625,25.92071533203125,19.61053466796875,20.7257080078125,34.27499961853027
1972-03-18 07:28:47,26.26069450378418,93.01204681396484,166.1865234375,84.6212158203125,87.0,60.82175827026367,99.98191833496094,12.53603458404541,39.44891487733988,193633.0,20.372116088867188,20.64410400390625,21.86805725097656,22.68402099609375,34.27499961853027
1972-03-18 07:28:48,26.23517608642578,93.01204681396484,166.2841796875,84.6212158203125,87.80000305175781,60.82175827026367,99.98191833496094,12.51443576812744,39.34550034504348,193633.0,22.738433837890625,22.901611328125,21.759246826171875,20.1273193359375,34.27499961853027
1972-03-18 07:28:49,26.244903564453125,93.01204681396484,166.36556243896484,84.6212158203125,86.9000015258789,60.81814193725586,99.98191833496094,12.494248390197754,40.018091135625525,193633.0,20.07293701171875,24.85995483398437,19.828125,24.12557983398437,34.27499961853027
1972-03-18 07:28:50,26.35804748535156,93.0722885131836,167.08983612060547,84.6212158203125,86.5999984741211,60.82175827026367,99.98191833496094,12.46958827972412,40.58482295077982,193633.0,20.45370483398437,26.573486328125,23.58160400390625,22.765625,34.27499961853027
1972-03-18 07:28:51,26.478729248046875,92.9518051147461,165.5029296875,84.6212158203125,86.79999542236328,60.82175827026367,99.98553466796876,12.443382263183594,40.256448127423916,193633.0,22.27606201171875,23.98959350585937,20.8616943359375,21.37847900390625,34.27499961853027
1972-03-18 07:28:52,26.53371238708496,92.89157104492188,167.00846099853516,84.6212158203125,86.79999542236328,60.82175827026367,99.98191833496094,12.420703887939451,40.38726224645894,193633.0,20.45370483398437,21.623260498046875,26.627899169921875,20.970489501953125,34.27499961853027
1972-03-18 07:28:53,26.55715560913086,92.9518051147461,165.43782806396484,84.6212158203125,86.69999694824219,60.82175827026367,99.98191833496094,12.393526077270508,40.2110885419128,193633.0,22.738433837890625,21.92245483398437,26.029510498046875,22.11285400390625,34.27499961853027
1972-03-18 07:28:54,26.61311149597168,93.01204681396484,165.92610931396484,84.6212158203125,87.0999984741211,60.82175827026367,99.98191833496094,12.371356964111328,37.03335047429089,193633.0,20.58970642089844,24.506378173828125,20.45370483398437,20.78009033203125,34.27499961853027
1972-03-18 07:28:55,26.654579162597656,93.13253021240234,165.68196868896484,84.54545593261719,87.4000015258789,60.82175827026367,99.98191833496094,12.346195220947266,38.9870266759673,193633.0,24.12557983398437,23.28240966796875,20.58969116210937,22.05844116210937,34.27499961853027
1972-03-18 07:28:56,26.71350479125977,93.13253021240234,166.10514068603516,84.6212158203125,87.30000305175781,60.82175827026367,99.98191833496094,12.324585914611816,38.44661274050252,193633.0,20.45370483398437,22.68402099609375,22.05844116210937,20.236114501953125,34.27499961853027
1972-03-18 07:28:57,26.774093627929688,92.9518051147461,166.1376953125,84.6212158203125,87.5,60.82175827026367,99.98191833496094,12.30583381652832,37.29569855704815,193633.0,24.805572509765625,25.4039306640625,20.698486328125,21.704864501953125,34.27499961853027
1972-03-18 07:28:58,26.76320075988769,92.9518051147461,166.50390625,84.6212158203125,87.5,60.81814193725586,99.98191833496094,12.28486156463623,37.664113600527386,193633.0,19.365753173828125,26.19271850585937,24.96875,20.7257080078125,34.27499961853027
1972-03-18 07:28:59,26.68905258178711,93.01204681396484,165.72264862060547,84.6212158203125,87.9000015258789,60.82175827026367,99.98191833496094,12.265301704406738,36.41217802076075,193633.0,25.295150756835938,24.343170166015625,19.58334350585937,22.956024169921875,34.27499961853027
1972-03-18 07:29:00,26.62143325805664,93.0722885131836,165.8528594970703,84.6212158203125,87.4000015258789,60.82175827026367,99.98191833496094,12.244230270385742,38.154994612854146,193633.0,21.73207092285156,24.45196533203125,25.45834350585937,19.9913330078125,34.27499961853027
1972-03-18 07:29:01,26.5432357788086,93.01204681396484,165.78775787353516,84.6212158203125,86.69999694824219,60.82175827026367,99.98553466796876,12.217265129089355,39.658228120980425,193633.0,19.85533142089844,20.508102416992188,19.90972900390625,20.154510498046875,34.27499961853027
1972-03-18 07:29:02,26.492788314819336,92.9518051147461,166.60155487060547,84.54545593261719,88.0999984741211,60.82175827026367,99.98191833496094,12.200416564941406,38.25225022212261,193633.0,19.61053466796875,27.68865966796875,24.26156616210937,19.447341918945312,34.27499961853027
1972-03-18 07:29:03,26.453203201293945,92.9518051147461,165.80403900146484,84.6212158203125,87.30000305175781,60.82175827026367,99.98191833496094,12.181373596191406,39.28371472201831,193633.0,21.92245483398437,23.445602416992188,22.68402099609375,23.9351806640625,34.27499961853027
1972-03-18 07:29:04,26.397432327270508,92.9518051147461,165.6982421875,84.6212158203125,86.19999694824219,60.82175827026367,99.98553466796876,12.159368515014648,41.3055231712293,193633.0,19.828125,22.901611328125,21.37847900390625,20.5625,34.27499961853027
1972-03-18 07:29:05,26.25474166870117,92.9518051147461,164.3310546875,84.6212158203125,86.0,60.82175827026367,99.98191833496094,12.14242935180664,41.09779625872664,193633.0,23.14642333984375,24.39756774902344,19.58334350585937,21.024887084960938,34.27499961853027
1972-03-18 07:29:06,26.143430709838867,92.9518051147461,164.94954681396484,84.6212158203125,86.5999984741211,60.81814193725586,99.98191833496094,12.125490188598633,40.72509337960369,193633.0,19.3929443359375,25.512725830078125,21.65045166015625,18.74017333984375,34.27499961853027
1972-03-18 07:29:07,26.0766658782959,93.01204681396484,164.54264068603516,84.6212158203125,87.30000305175781,60.82175827026367,99.98191833496094,12.109292030334473,36.66766469058711,193633.0,21.37847900390625,21.5960693359375,20.61689758300781,22.738433837890625,34.27499961853027
1972-03-18 07:29:08,26.053586959838867,93.01204681396484,166.10514068603516,84.6212158203125,87.0999984741211,60.82175827026367,99.98191833496094,12.098943710327148,39.878369786251895,193633.0,20.671295166015625,24.80555725097656,24.80555725097656,20.04571533203125,34.27499961853027
1972-03-18 07:29:09,26.10472297668457,93.0722885131836,164.93326568603516,84.6212158203125,87.19999694824219,60.82175827026367,99.98553466796876,12.0820951461792,39.18897930228951,193633.0,20.888900756835938,20.78009033203125,20.807281494140625,22.711227416992188,34.27499961853027
1972-03-18 07:29:10,26.15064811706543,93.0722885131836,165.77962493896484,84.6212158203125,86.5,60.81814193725586,99.98191833496094,12.065245628356934,39.989667167524736,193633.0,18.82177734375,23.228012084960938,23.472808837890625,20.20892333984375,34.27499961853027
1972-03-18 07:29:11,26.164962768554688,93.13253021240234,165.90169525146484,84.6212158203125,87.0999984741211,60.82175827026367,99.98191833496094,12.048397064208984,39.05263837755657,193633.0,20.671295166015625,24.370361328125,23.28240966796875,24.31597900390625,34.27499961853027
1972-03-18 07:29:12,26.21953582763672,92.9518051147461,165.1204376220703,84.6212158203125,86.9000015258789,60.82175827026367,99.98553466796876,12.030088424682615,41.21999568183756,193633.0,18.631378173828125,24.914352416992188,23.962371826171875,20.018524169921875,34.27499961853027
1972-03-18 07:29:13,26.280839920043945,92.89157104492188,164.85189056396484,84.6212158203125,86.79999542236328,60.82175827026367,99.98191833496094,12.014681816101074,39.50199180200148,193633.0,24.26158142089844,24.15277099609375,19.09375,18.00579833984375,34.27499961853027
1972-03-18 07:29:14,26.40198135375977,92.89157104492188,165.88541412353516,84.6212158203125,87.19999694824219,60.82175827026367,99.98191833496094,11.997832298278809,40.30688684679837,193633.0,19.03936767578125,22.65682983398437,25.839111328125,17.978591918945312,34.27499961853027
1972-03-18 07:29:15,26.53571128845215,93.01204681396484,164.794921875,84.6212158203125,86.69999694824219,60.82175827026367,99.98553466796876,11.98098373413086,37.95366406334514,193633.0,24.778366088867188,20.1273193359375,19.3929443359375,20.2633056640625,34.27499961853027
1972-03-18 07:29:16,26.608444213867188,93.01204681396484,166.6259765625,84.54545593261719,87.4000015258789,60.82175827026367,99.98553466796876,11.962675094604492,39.45538765382258,193634.0,19.17535400390625,22.493637084960938,23.58160400390625,22.439239501953125,34.27499961853027
1972-03-18 07:29:17,26.6106071472168,92.89157104492188,164.90885162353516,84.54545593261719,87.4000015258789,60.82175827026367,99.98191833496094,11.94726848602295,37.86008350856982,193634.0,19.284149169921875,23.309600830078125,20.208908081054688,22.439239501953125,34.27499961853027
1972-03-18 07:29:18,26.5712833404541,92.89157104492188,165.37271881103516,84.6212158203125,87.5,60.82175827026367,99.98553466796876,11.930418968200684,37.49168764206172,193634.0,21.405670166015625,24.96875,18.6585693359375,19.828125,34.27499961853027
1972-03-18 07:29:19,26.542888641357425,93.01204681396484,165.51920318603516,84.6212158203125,87.9000015258789,60.82175827026367,99.98191833496094,11.913570404052734,39.877201529909414,193634.0,23.74481201171875,23.71759033203125,22.3304443359375,23.445602416992188,34.27499961853027
1972-03-18 07:29:20,26.52113342285156,93.13253021240234,166.03189086914062,84.6212158203125,86.5,60.82175827026367,99.98191833496094,11.895261764526367,38.73705791245443,193634.0,18.332183837890625,22.004058837890625,22.303237915039062,23.9351806640625,34.27499961853027
1972-03-18 07:29:21,26.518449783325195,93.1927719116211,165.71451568603516,84.6212158203125,87.0,60.81814193725586,99.98553466796876,11.874732971191406,39.115681918795566,193634.0,21.514480590820312,24.098388671875,19.85531616210937,22.52084350585937,34.27499961853027
1972-03-18 07:29:22,26.474584579467773,93.0722885131836,165.0390625,84.6212158203125,86.79999542236328,60.82175827026367,99.98191833496094,11.855619430541992,40.152843017088884,193634.0,19.3929443359375,24.88714599609375,20.508102416992188,19.039352416992188,34.27499961853027
1972-03-18 07:29:23,26.399641036987305,92.89157104492188,166.10514068603516,84.6212158203125,87.9000015258789,60.82175827026367,99.98553466796876,11.838680267333984,37.773203916042284,193634.0,24.560775756835938,22.629638671875,19.90972900390625,23.092010498046875,34.27499961853027
1972-03-18 07:29:24,26.326765060424805,92.89157104492188,165.9342498779297,84.6212158203125,87.69999694824219,60.82175827026367,99.98553466796876,11.821741104125977,39.09765194862175,193634.0,21.269683837890625,27.33506774902344,26.301513671875,16.727432250976562,34.27499961853027
1972-03-18 07:29:25,26.271499633789062,93.01204681396484,164.35546875,84.6212158203125,87.0,60.82175827026367,99.98553466796876,11.804801940917969,39.59307170292189,193634.0,21.05209350585937,23.33680725097656,18.87615966796875,20.508102416992188,34.27499961853027
1972-03-18 07:29:26,26.22150039672852,93.0722885131836,165.4866485595703,84.6212158203125,86.9000015258789,60.82175827026367,99.98553466796876,11.78786277770996,39.31031528516431,193634.0,20.372116088867188,24.696762084960938,23.227996826171875,16.945022583007812,34.27499961853027
1972-03-18 07:29:27,26.2175350189209,93.0722885131836,165.6087188720703,84.6212158203125,87.30000305175781,60.82175827026367,99.98191833496094,11.764327049255373,39.330326006131884,193634.0,22.11285400390625,24.5335693359375,20.45370483398437,22.4664306640625,34.27499961853027
1972-03-18 07:29:28,26.25787353515625,93.01204681396484,166.1865234375,84.6212158203125,87.0,60.82175827026367,99.98191833496094,11.748047828674316,39.718574431264805,193634.0,19.828125,24.479156494140625,24.26156616210937,20.290512084960938,34.27499961853027
1972-03-18 07:29:29,26.25961303710937,92.89157104492188,164.11132049560547,84.6212158203125,86.29999542236328,60.82175827026367,99.98553466796876,11.729568481445312,40.58629114733142,193634.0,21.568878173828125,26.845489501953125,20.2633056640625,22.493637084960938,34.27499961853027
1972-03-18 07:29:30,26.228309631347656,92.9518051147461,164.8193359375,84.6212158203125,86.19999694824219,60.82175827026367,99.98191833496094,11.71180534362793,40.951773475862595,193634.0,17.543411254882812,28.28704833984375,23.227996826171875,17.026611328125,34.27499961853027
1972-03-18 07:29:31,26.24315071105957,93.01204681396484,164.0543670654297,84.6212158203125,86.69999694824219,60.82175827026367,99.98553466796876,11.695500373840332,39.68845005755882,193634.0,24.805572509765625,23.55439758300781,19.12094116210937,22.303253173828125,34.27499961853027
1972-03-18 07:29:32,26.29080581665039,93.01204681396484,166.78873443603516,84.6212158203125,87.5,60.82175827026367,99.98191833496094,11.678470611572266,39.090743338232265,193634.0,20.80731201171875,24.28877258300781,27.74305725097656,20.34490966796875,34.27499961853027
1972-03-18 07:29:33,26.44488525390625,92.9518051147461,164.4287109375,84.6212158203125,86.69999694824219,60.82175827026367,99.98191833496094,11.6614408493042,39.56137498759443,193634.0,22.167266845703125,22.82002258300781,20.698486328125,18.495361328125,34.27499961853027
1972-03-18 07:29:34,26.52121925354004,92.9518051147461,165.72266387939453,84.6212158203125,87.30000305175781,60.82175827026367,99.98191833496094,11.642951011657717,39.44935707973897,193634.0,22.820037841796875,24.914352416992188,24.99594116210937,18.712966918945312,34.27499961853027
1972-03-18 07:29:35,26.53041648864746,92.9518051147461,165.21810150146484,84.6212158203125,87.30000305175781,60.82175827026367,99.98191833496094,11.627363204956056,39.543748807925816,193634.0,23.5,20.236114501953125,22.38482666015625,19.501739501953125,34.27499961853027
1972-03-18 07:29:36,26.48263168334961,93.01204681396484,166.25975799560547,84.6212158203125,86.79999542236328,60.82175827026367,99.98553466796876,11.610333442687988,39.919063279509864,193634.0,18.549774169921875,22.11285400390625,23.635986328125,19.47454833984375,34.27499961853027
1972-03-18 07:29:37,26.45639038085937,93.01204681396484,165.52733612060547,84.6212158203125,86.5999984741211,60.82175827026367,99.98553466796876,11.593304634094238,39.82658941451548,193634.0,22.303253173828125,20.752899169921875,20.208908081054688,21.21527099609375,34.27499961853027
1972-03-18 07:29:38,26.444747924804688,93.01204681396484,166.3818359375,84.6212158203125,86.4000015258789,60.82175827026367,99.98553466796876,11.576274871826172,40.11797559609089,193634.0,16.97222900390625,23.58160400390625,23.146408081054688,20.5625,34.27499961853027
1972-03-18 07:29:39,26.47965812683105,93.0722885131836,164.66471099853516,84.6212158203125,86.5,60.82175827026367,99.98553466796876,11.559245109558104,39.88027242303465,193634.0,25.539947509765625,17.84259033203125,18.468170166015625,19.420135498046875,34.27499961853027
1972-03-18 07:29:40,26.48652458190918,93.0722885131836,165.9261016845703,84.54545593261719,86.4000015258789,60.82175827026367,99.98553466796876,11.535626411437988,39.46994199502296,193634.0,16.265045166015625,24.479156494140625,24.424774169921875,22.98321533203125,34.27499961853027
1972-03-18 07:29:41,26.43324851989746,92.9518051147461,165.07975006103516,84.6212158203125,86.4000015258789,60.82175827026367,99.98553466796876,11.511910438537598,39.037350792484254,193634.0,24.88716125488281,24.179977416992188,19.85531616210937,21.18807983398437,34.27499961853027
1972-03-18 07:29:42,26.358179092407227,92.89157104492188,165.8854217529297,84.6212158203125,86.9000015258789,60.82175827026367,99.98191833496094,11.493266105651855,39.91546764711352,193634.0,21.24249267578125,22.11285400390625,22.140045166015625,21.05209350585937,34.27499961853027
1972-03-18 07:29:43,26.32191276550293,93.01204681396484,165.52734375,84.6212158203125,86.9000015258789,60.82175827026367,99.98191833496094,11.471667289733888,41.52084029123213,193634.0,20.29052734375,26.51910400390625,20.943283081054688,21.4600830078125,34.27499961853027
1972-03-18 07:29:44,26.29822540283203,93.01204681396484,165.26692962646484,84.6212158203125,87.19999694824219,60.82175827026367,99.98553466796876,11.449274063110352,40.61628518570416,193634.0,19.44735717773437,25.431137084960938,23.58160400390625,21.487274169921875,34.27499961853027
1972-03-18 07:29:45,26.326547622680664,92.9518051147461,165.31576538085938,84.6212158203125,86.9000015258789,60.82175827026367,99.98553466796876,11.420953750610352,39.40128813993037,193634.0,22.983230590820312,21.623260498046875,19.31134033203125,25.376739501953125,34.27499961853027
1972-03-18 07:29:46,26.3737735748291,92.89157104492188,165.1611328125,84.6212158203125,86.5999984741211,60.82175827026367,99.98191833496094,11.39470672607422,38.65684041739285,193634.0,20.20892333984375,25.48553466796875,22.92881774902344,16.945022583007812,34.27499961853027
1972-03-18 07:29:47,26.3880558013916,92.9518051147461,164.26595306396484,84.54545593261719,86.5999984741211,60.82175827026367,99.98191833496094,11.371271133422852,39.107910760154304,193634.0,25.186355590820312,21.405670166015625,21.269683837890625,22.439239501953125,34.27499961853027
1972-03-18 07:29:48,26.341278076171875,93.0722885131836,164.9088592529297,84.54545593261719,86.19999694824219,60.82175827026367,99.98553466796876,11.34190845489502,37.985531065827416,193634.0,16.020263671875,26.95428466796875,26.083908081054688,20.20892333984375,34.27499961853027
1972-03-18 07:29:49,26.34853172302246,93.0722885131836,165.2587890625,84.6212158203125,86.5,60.82175827026367,99.98191833496094,11.316078186035156,40.540615289217584,193634.0,21.21528625488281,22.493637084960938,19.61053466796875,19.692138671875,34.27499961853027
1972-03-18 07:29:50,26.343515396118164,93.01204681396484,165.04720306396484,84.6212158203125,86.9000015258789,60.82175827026367,99.98553466796876,11.28719711303711,38.98410617344608,193634.0,23.0648193359375,22.956024169921875,23.309600830078125,16.564239501953125,34.27499961853027
1972-03-18 07:29:51,26.375947952270508,92.89157104492188,164.794921875,84.6212158203125,87.30000305175781,60.82175827026367,99.98553466796876,11.268431663513184,39.2070097080737,193634.0,18.98495483398437,26.056716918945312,22.439239501953125,20.5625,34.27499961853027
1972-03-18 07:29:52,26.42409324645996,92.83132934570312,164.77864837646484,84.6212158203125,86.69999694824219,60.82175827026367,99.98553466796876,11.24234104156494,40.438614434198186,193634.0,22.38485717773437,24.642364501953125,24.72396850585937,21.242477416992188,34.27499961853027
1972-03-18 07:29:53,26.439083099365234,93.01204681396484,165.4052734375,84.6212158203125,87.5999984741211,60.82175827026367,99.98553466796876,11.218360900878906,39.00253331230656,193634.0,21.106491088867188,23.010406494140625,21.35127258300781,22.1944580078125,34.27499961853027
1972-03-18 07:29:54,26.402633666992188,93.0722885131836,165.78775787353516,84.54545593261719,86.9000015258789,60.82175827026367,99.98553466796876,11.193558692932127,38.960723951539684,193634.0,20.888900756835938,26.4375,22.92881774902344,21.106475830078125,34.27499961853027
1972-03-18 07:29:55,26.42158508300781,93.13253021240234,165.03092193603516,84.54545593261719,86.5999984741211,60.82175827026367,99.98553466796876,11.180401802062988,40.269424191410664,193634.0,24.15278625488281,22.384841918945312,19.85531616210937,21.541671752929688,34.27499961853027
1972-03-18 07:29:56,26.43694305419922,93.01204681396484,165.25064849853516,84.6212158203125,87.9000015258789,60.82175827026367,99.98553466796876,11.156323432922363,38.7472566067259,193634.0,21.432891845703125,24.179977416992188,24.39756774902344,21.623260498046875,34.27499961853027
1972-03-18 07:29:57,26.49567222595215,92.9518051147461,164.7542266845703,84.6212158203125,87.30000305175781,60.82175827026367,99.98553466796876,11.138028144836426,40.241749063788774,193634.0,24.69677734375,22.84722900390625,22.65682983398437,22.303253173828125,34.27499961853027
1972-03-18 07:29:58,26.53787422180176,92.89157104492188,165.7958984375,84.6212158203125,88.0,60.82175827026367,99.98553466796876,11.119732856750488,38.31597207573168,193634.0,21.432891845703125,26.029510498046875,23.41839599609375,18.00579833984375,34.27499961853027
1972-03-18 07:29:59,26.53637313842773,92.89157104492188,165.771484375,84.6212158203125,86.69999694824219,60.82175827026367,99.98553466796876,11.10143756866455,38.6718969471207,193634.0,27.06307983398437,20.888885498046875,21.5960693359375,19.066558837890625,34.27499961853027
1972-03-18 07:30:00,26.46236801147461,93.01204681396484,165.7389373779297,84.6212158203125,86.69999694824219,60.82175827026367,99.98553466796876,11.083142280578612,39.67033686701838,193634.0,19.58334350585937,26.65509033203125,25.811920166015625,21.4600830078125,34.27499961853027
1972-03-18 07:30:01,26.40631103515625,93.0722885131836,164.69725799560547,84.54545593261719,86.4000015258789,60.82175827026367,99.98553466796876,11.07217025756836,41.3548178512901,193634.0,21.94966125488281,23.58160400390625,20.5625,22.901611328125,34.27499961853027
1972-03-18 07:30:02,26.360326766967773,93.13253021240234,165.43782806396484,84.54545593261719,87.5,60.82175827026367,99.98553466796876,11.053964614868164,37.23216088561238,193634.0,19.964141845703125,22.629638671875,22.874420166015625,20.31771850585937,34.27499961853027
1972-03-18 07:30:03,26.36065673828125,93.01204681396484,163.7613983154297,84.54545593261719,87.19999694824219,60.82175827026367,99.98553466796876,11.037220001220703,39.69879576654403,193634.0,24.5335693359375,20.888885498046875,20.1273193359375,20.698486328125,34.27499961853027
1972-03-18 07:30:04,26.381242752075195,92.89157104492188,164.6484375,84.54545593261719,87.0,60.82175827026367,99.98553466796876,11.032218933105469,39.79584782966892,193634.0,19.47454833984375,20.04571533203125,25.703125,19.61053466796875,34.27499961853027
1972-03-18 07:30:05,26.378501892089844,92.83132934570312,164.6240234375,84.6212158203125,87.30000305175781,60.82175827026367,99.98553466796876,11.031761169433594,39.154336839834066,193634.0,22.3304443359375,25.75752258300781,20.45370483398437,20.7257080078125,34.27499961853027
1972-03-18 07:30:06,26.29902648925781,93.01204681396484,165.43782806396484,84.6212158203125,87.0999984741211,60.82175827026367,99.98553466796876,11.024212837219238,39.94355504072159,193634.0,16.917831420898438,24.28877258300781,23.71759033203125,22.08564758300781,34.27499961853027
1972-03-18 07:30:07,26.26289749145508,93.13253021240234,165.03092193603516,84.6212158203125,87.0,60.82175827026367,99.98553466796876,11.007999420166016,41.192749505022825,193634.0,22.956024169921875,19.01214599609375,22.167236328125,20.61689758300781,34.27499961853027
1972-03-18 07:30:08,26.24776840209961,93.13253021240234,165.2669219970703,84.6212158203125,85.9000015258789,60.82175827026367,99.98553466796876,11.004982948303224,40.505221347552826,193634.0,17.86981201171875,23.772003173828125,21.242477416992188,20.916091918945312,34.27499961853027
1972-03-18 07:30:09,26.269371032714844,92.9518051147461,164.90885162353516,84.6212158203125,86.19999694824219,60.82175827026367,99.98553466796876,11.00069522857666,40.74223355799975,193634.0,20.780105590820312,22.65682983398437,19.284149169921875,22.65682983398437,34.27499961853027
1972-03-18 07:30:10,26.32559967041016,92.89157104492188,164.8681640625,84.6212158203125,87.4000015258789,60.82175827026367,99.98553466796876,10.998007774353027,39.552590037121625,193634.0,21.24249267578125,23.98959350585937,23.092010498046875,18.604171752929688,34.27499961853027
1972-03-18 07:30:11,26.357833862304688,92.89157104492188,164.90072631835938,84.6212158203125,87.19999694824219,60.82175827026367,99.98553466796876,10.989660263061523,40.3919793306306,193634.0,21.432891845703125,21.269683837890625,20.2633056640625,21.7320556640625,34.27499961853027
1972-03-18 07:30:12,26.355283737182617,93.01204681396484,165.2913360595703,84.6212158203125,86.9000015258789,60.82175827026367,99.98553466796876,10.985816955566406,40.243467265567446,193634.0,15.5850830078125,23.309600830078125,24.560760498046875,18.468170166015625,34.27499961853027
1972-03-18 07:30:13,26.373964309692383,93.13253021240234,164.7135467529297,84.6212158203125,86.5,60.82175827026367,99.98553466796876,10.983580589294434,39.54016462638039,193634.0,22.65682983398437,23.608795166015625,20.8616943359375,19.88252258300781,34.27499961853027
1972-03-18 07:30:14,26.40233612060547,93.0722885131836,165.1692657470703,84.6212158203125,86.69999694824219,60.82175827026367,99.98553466796876,10.978628158569336,38.78884398026127,193634.0,18.87615966796875,24.479156494140625,23.98959350585937,19.74652099609375,34.27499961853027
1972-03-18 07:30:15,26.48135757446289,92.89157104492188,163.77767944335938,84.6212158203125,85.9000015258789,60.82175827026367,99.98553466796876,10.966474533081056,40.794753014615964,193634.0,23.472808837890625,24.72396850585937,18.71295166015625,19.14814758300781,34.27499961853027
1972-03-18 07:30:16,26.56019592285156,92.9518051147461,164.6158905029297,84.6212158203125,86.19999694824219,60.82175827026367,99.98553466796876,10.971956253051758,40.612028186038664,193634.0,21.24249267578125,25.13194274902344,22.11285400390625,19.936920166015625,34.27499961853027
1972-03-18 07:30:17,26.59647750854492,93.01204681396484,164.14388275146484,84.6212158203125,87.30000305175781,60.82175827026367,99.98553466796876,10.965998649597168,38.74427099297243,193634.0,20.07293701171875,23.744781494140625,21.32406616210937,21.106475830078125,34.27499961853027
1972-03-18 07:30:18,26.54356384277344,93.13253021240234,165.2180938720703,84.54545593261719,87.5999984741211,60.82175827026367,99.98553466796876,10.965312957763672,38.336801022558014,193634.0,22.357650756835938,20.018524169921875,23.58160400390625,21.4600830078125,34.27499961853027
1972-03-18 07:30:19,26.48369598388672,93.0722885131836,165.0146484375,84.54545593261719,87.4000015258789,60.82175827026367,99.98553466796876,10.96039867401123,37.82695488194382,193634.0,23.74481201171875,23.66319274902344,21.296875,22.276046752929688,34.27499961853027
1972-03-18 07:30:20,26.442380905151367,92.9518051147461,164.306640625,84.6212158203125,86.4000015258789,60.82175827026367,99.98553466796876,10.959999084472656,41.295721843010924,193634.0,19.066558837890625,25.703125,24.424774169921875,19.71932983398437,34.27499961853027
1972-03-18 07:30:21,26.42500686645508,92.89157104492188,164.80306243896484,84.6212158203125,86.69999694824219,60.82175827026367,99.98553466796876,10.962740898132324,40.593681072913455,193634.0,21.94966125488281,21.05209350585937,19.99131774902344,21.568878173828125,34.27499961853027
1972-03-18 07:30:22,26.451221466064453,92.9518051147461,165.2669219970703,84.6212158203125,86.29999542236328,60.82175827026367,99.98553466796876,10.956183433532717,40.65155726922976,193634.0,18.87615966796875,24.234375,23.25521850585937,22.629638671875,34.27499961853027
1972-03-18 07:30:23,26.45103454589844,93.0722885131836,165.03092193603516,84.6212158203125,87.0,60.82175827026367,99.98553466796876,10.949735641479492,37.01344509214044,193634.0,22.874420166015625,18.84896850585937,19.31134033203125,22.60243225097656,34.27499961853027
1972-03-18 07:30:24,26.399147033691406,93.0722885131836,165.73079681396484,84.6212158203125,86.69999694824219,60.82175827026367,99.98553466796876,10.94631576538086,39.532976522380714,193634.0,18.00579833984375,27.22627258300781,22.38482666015625,21.81365966796875,34.27499961853027
1972-03-18 07:30:25,26.34025955200196,93.0722885131836,164.26595306396484,84.54545593261719,87.0,60.82175827026367,99.98553466796876,10.947450637817385,38.279868720094775,193634.0,22.983230590820312,19.773727416992188,22.711227416992188,21.05209350585937,34.27499961853027
1972-03-18 07:30:26,26.326459884643555,92.89157104492188,165.5110626220703,84.6212158203125,86.79999542236328,60.82175827026367,99.98553466796876,10.942180633544922,39.03438014462009,193634.0,20.1273193359375,25.48553466796875,23.608795166015625,21.242477416992188,34.27499961853027
1972-03-18 07:30:27,26.3335189819336,92.89157104492188,165.5598907470703,84.6212158203125,87.4000015258789,60.82175827026367,99.98553466796876,10.936293601989746,40.6561854010923,193634.0,23.52720642089844,24.343170166015625,21.568862915039062,23.853591918945312,34.27499961853027
1972-03-18 07:30:28,26.37371063232422,93.01204681396484,165.39713287353516,84.6212158203125,87.30000305175781,60.82175827026367,99.98553466796876,10.932724952697754,39.049604481530174,193634.0,20.45370483398437,25.73031616210937,26.111114501953125,19.066558837890625,34.27499961853027
1972-03-18 07:30:29,26.400428771972656,93.0722885131836,164.2985076904297,84.6212158203125,87.0,60.82175827026367,99.98553466796876,10.93441390991211,38.728931147855555,193634.0,25.05035400390625,23.9351806640625,19.66493225097656,22.98321533203125,34.27499961853027
1972-03-18 07:30:30,26.38314819335937,93.0722885131836,164.9658203125,84.6212158203125,87.19999694824219,60.82175827026367,99.98553466796876,10.930438041687012,40.27107072339314,193634.0,20.29052734375,23.41839599609375,26.1383056640625,20.018524169921875,34.27499961853027
1972-03-18 07:30:31,26.32056999206543,92.9518051147461,164.07877349853516,84.54545593261719,86.5999984741211,60.82175827026367,99.98553466796876,10.92072582244873,39.73286827499343,193634.0,23.44561767578125,23.772003173828125,21.704864501953125,19.284149169921875,34.27499961853027
1972-03-18 07:30:32,26.31011199951172,92.89157104492188,165.63314056396484,84.54545593261719,88.0,60.82175827026367,99.98553466796876,10.919873237609863,39.05302537118108,193634.0,21.487274169921875,23.228012084960938,24.45196533203125,20.072921752929688,34.27499961853027
1972-03-18 07:30:33,26.314058303833008,93.01204681396484,163.7532501220703,84.6212158203125,86.5,60.82175827026367,99.98553466796876,10.915522575378418,38.00295488341127,193634.0,19.2569580078125,25.567138671875,22.575225830078125,20.5625,34.27499961853027
1972-03-18 07:30:34,26.3568172454834,93.01204681396484,164.3717498779297,84.6212158203125,87.19999694824219,60.82175827026367,99.98553466796876,10.911274909973145,38.44050730890035,193634.0,21.05209350585937,22.384841918945312,20.752899169921875,20.181716918945312,34.27499961853027
1972-03-18 07:30:35,26.395381927490234,93.0722885131836,164.6240234375,84.6212158203125,88.0999984741211,60.82175827026367,99.98553466796876,10.909321784973145,38.808773199837965,193634.0,19.09375,27.416656494140625,22.38482666015625,21.81365966796875,34.27499961853027
1972-03-18 07:30:36,26.38290023803711,92.9518051147461,165.87728118896484,84.6212158203125,87.80000305175781,60.82175827026367,99.98553466796876,10.901697158813477,36.78684114602424,193634.0,18.6585693359375,24.39756774902344,23.52719116210937,20.1273193359375,34.27499961853027
1972-03-18 07:30:37,26.32791519165039,93.01204681396484,163.7613983154297,84.6212158203125,87.0,60.82175827026367,99.98553466796876,10.904388427734377,37.57625615699309,193634.0,21.840866088867188,25.322341918945312,17.597808837890625,19.14814758300781,34.27499961853027
1972-03-18 07:30:38,26.329570770263672,92.9518051147461,164.74610137939453,84.6212158203125,86.69999694824219,60.82175827026367,99.98553466796876,10.895544052124023,40.8234489337291,193634.0,19.936920166015625,23.55439758300781,25.05035400390625,17.733795166015625,34.27499961853027
1972-03-18 07:30:39,26.34993553161621,92.9518051147461,163.8753204345703,84.6212158203125,86.0,60.82175827026367,99.98553466796876,10.892624855041504,38.08110037274823,193634.0,23.636016845703125,23.364013671875,20.18170166015625,18.957763671875,34.27499961853027
1972-03-18 07:30:40,26.4105281829834,93.13253021240234,164.86815643310547,84.6212158203125,87.9000015258789,60.82175827026367,99.98553466796876,10.886889457702637,37.376281738285655,193634.0,20.888900756835938,23.772003173828125,24.28877258300781,19.637725830078125,34.27499961853027
1972-03-18 07:30:41,26.46678352355957,93.0722885131836,164.73795318603516,84.54545593261719,86.5999984741211,60.82175827026367,99.98553466796876,10.88564682006836,39.37947770635181,193634.0,22.79283142089844,21.704864501953125,20.72569274902344,18.93055725097656,34.27499961853027
1972-03-18 07:30:42,26.47547721862793,93.01204681396484,164.6728515625,84.6212158203125,87.5,60.82175827026367,99.98553466796876,10.885283470153809,39.099940024962585,193634.0,20.07293701171875,25.567138671875,23.771987915039062,19.3929443359375,34.27499961853027
1972-03-18 07:30:43,26.429344177246094,92.89157104492188,164.61588287353516,84.6212158203125,87.0999984741211,60.82175827026367,99.98553466796876,10.877750396728516,38.194071440963675,193634.0,22.983230590820312,22.68402099609375,22.303237915039062,18.74017333984375,34.27499961853027
1972-03-18 07:30:44,26.425172805786133,92.9518051147461,166.552734375,84.6212158203125,86.9000015258789,60.82175827026367,99.98553466796876,10.867353439331056,40.440341231641845,193634.0,21.18807983398437,23.853591918945312,20.58969116210937,23.119216918945312,34.27499961853027
1972-03-18 07:30:45,26.413145065307617,93.01204681396484,165.2587890625,84.6212158203125,86.5,60.82175827026367,99.98553466796876,10.86283016204834,39.83726859181714,193634.0,23.717605590820312,23.309600830078125,18.740158081054688,20.78009033203125,34.27499961853027
1972-03-18 07:30:46,26.42751884460449,93.01204681396484,167.5455780029297,84.54545593261719,86.4000015258789,60.82175827026367,99.98553466796876,10.862802505493164,40.988283391784904,193634.0,17.652206420898438,20.61689758300781,24.80555725097656,18.168975830078125,34.27499961853027
1972-03-18 07:30:47,26.435043334960938,92.9518051147461,167.2607421875,84.54545593261719,88.0,60.82175827026367,99.98553466796876,10.857080459594728,38.99603826264238,193634.0,24.01678466796875,24.31597900390625,24.179977416992188,20.834503173828125,34.27499961853027
1972-03-18 07:30:48,26.41386604309082,92.89157104492188,167.30142974853516,84.6212158203125,87.19999694824219,60.82175827026367,99.98553466796876,10.850707054138184,37.692085473972476,193634.0,18.38658142089844,21.704864501953125,25.2679443359375,21.21527099609375,34.27499961853027
1972-03-18 07:30:49,26.324501037597656,92.9518051147461,167.12239837646484,84.6212158203125,86.69999694824219,60.82175827026367,99.98553466796876,10.848066329956056,40.322932380401724,193634.0,23.5,26.08392333984375,20.208908081054688,17.081024169921875,34.27499961853027
1972-03-18 07:30:50,26.29924392700196,93.0722885131836,168.5384063720703,84.6212158203125,86.79999542236328,60.82175827026367,99.98553466796876,10.84406852722168,40.52872643903437,193634.0,20.752899169921875,22.167236328125,23.445602416992188,17.679397583007812,34.27499961853027
1972-03-18 07:30:51,26.28612899780273,93.0722885131836,168.0338592529297,84.6212158203125,86.69999694824219,60.82175827026367,99.98553466796876,10.83797550201416,40.3650268308926,193634.0,20.29052734375,24.832763671875,22.24884033203125,21.07928466796875,34.27499961853027
1972-03-18 07:30:52,26.332653045654297,92.89157104492188,169.7346954345703,84.6212158203125,86.79999542236328,60.82175827026367,99.98553466796876,10.826841354370115,39.89773831379554,193634.0,18.74017333984375,23.119216918945312,23.11920166015625,21.840850830078125,34.27499961853027
1972-03-18 07:30:53,26.374855041503903,92.9518051147461,169.873046875,84.54545593261719,87.0,60.82175827026367,99.98553466796876,10.82448387145996,38.736546374679826,193634.0,22.05845642089844,22.439239501953125,19.01214599609375,23.58160400390625,34.27499961853027
1972-03-18 07:30:54,26.390056610107425,93.01204681396484,170.59732818603516,84.54545593261719,87.0,60.82175827026367,99.98553466796876,10.824453353881836,39.85579521234114,193634.0,20.154525756835938,21.895263671875,24.778350830078125,19.936920166015625,34.27499961853027
1972-03-18 07:30:55,26.336265563964844,93.13253021240234,169.88932037353516,84.6212158203125,86.0999984741211,60.82175827026367,99.98553466796876,10.819461822509766,40.79269192139972,193634.0,21.73207092285156,21.623260498046875,19.99131774902344,19.229736328125,34.27499961853027
1972-03-18 07:30:56,26.3375301361084,93.01204681396484,171.6552734375,84.6212158203125,87.9000015258789,60.82175827026367,99.98553466796876,10.80866527557373,39.11247365834155,193634.0,16.210662841796875,19.5289306640625,24.26156616210937,19.66493225097656,34.27499961853027
1972-03-18 07:30:57,26.356184005737305,92.9518051147461,171.21582794189453,84.6212158203125,87.5999984741211,60.82175827026367,99.98553466796876,10.803725242614746,39.20320698069094,193634.0,20.154525756835938,22.03125,18.87615966796875,20.290512084960938,34.27499961853027
1972-03-18 07:30:58,26.401762008666992,92.89157104492188,172.78646087646484,84.6212158203125,88.0999984741211,60.82175827026367,99.98553466796876,10.806235313415527,39.017580462886954,193634.0,21.75927734375,22.11285400390625,23.5,19.01214599609375,34.27499961853027
1972-03-18 07:30:59,26.45317649841309,93.01204681396484,173.1201171875,84.6212158203125,86.69999694824219,60.82175827026367,99.98553466796876,10.803750038146973,39.919739754964326,193634.0,21.97686767578125,22.92881774902344,20.698486328125,20.45370483398437,34.27499961853027
1972-03-18 07:31:00,26.455724716186523,93.0722885131836,173.681640625,84.6212158203125,86.19999694824219,60.82175827026367,99.98191833496094,10.792597770690918,41.45897495958846,193634.0,21.02490234375,19.936920166015625,23.11920166015625,21.51446533203125,34.27499961853027
1972-03-18 07:31:01,26.40597343444824,93.01204681396484,172.07845306396484,84.6212158203125,86.5,60.82175827026367,99.98553466796876,10.787293434143066,42.12801163797323,193634.0,24.15278625488281,26.21990966796875,19.90972900390625,20.018524169921875,34.27499961853027
1972-03-18 07:31:02,26.40819549560547,93.01204681396484,171.7366485595703,84.6212158203125,86.0,60.82175827026367,99.98553466796876,10.802600860595703,39.82118753385576,193634.0,19.01216125488281,17.217010498046875,19.5289306640625,18.93055725097656,34.27499961853027
1972-03-18 07:31:03,26.425920486450195,93.13253021240234,170.4915313720703,84.6212158203125,87.0,60.82175827026367,99.98553466796876,10.791105270385742,39.864037521166864,193634.0,23.20082092285156,21.296875,19.85531616210937,16.5914306640625,34.27499961853027
1972-03-18 07:31:04,26.470508575439453,93.01204681396484,171.1181640625,84.6212158203125,86.69999694824219,60.82175827026367,99.98553466796876,10.779607772827148,40.0290322139014,193634.0,19.12095642089844,22.19444274902344,21.024871826171875,21.242477416992188,34.27499961853027
1972-03-18 07:31:05,26.5202865600586,92.9518051147461,173.07942962646484,84.6212158203125,87.19999694824219,60.82175827026367,99.98553466796876,10.772512435913086,40.179745384654545,193634.0,21.568878173828125,25.567138671875,20.78009033203125,21.05209350585937,34.27499961853027
1972-03-18 07:31:06,26.53426170349121,92.89157104492188,168.88834381103516,84.6212158203125,88.0,60.82175827026367,99.98553466796876,10.7734956741333,38.13088003208834,193634.0,21.24249267578125,24.941558837890625,21.94964599609375,22.52084350585937,34.27499961853027
1972-03-18 07:31:07,26.478843688964844,92.9518051147461,169.05110931396484,84.6212158203125,87.5,60.82175827026367,99.98553466796876,10.76804256439209,37.825148856045075,193634.0,18.30499267578125,22.82002258300781,21.840850830078125,19.66493225097656,34.27499961853027
1972-03-18 07:31:08,26.45938301086425,93.0722885131836,169.16504669189453,84.6212158203125,87.0,60.82175827026367,99.98191833496094,10.758983612060549,37.6384362634789,193634.0,19.420150756835938,24.832763671875,23.7991943359375,17.897003173828125,34.27499961853027
1972-03-18 07:31:09,26.457216262817383,93.0722885131836,169.18131256103516,84.6212158203125,86.69999694824219,60.82175827026367,99.98553466796876,10.750683784484863,40.635415923970825,193634.0,21.514480590820312,24.914352416992188,20.45370483398437,19.12094116210937,34.27499961853027
1972-03-18 07:31:10,26.485536575317383,92.89157104492188,169.0104217529297,84.54545593261719,86.79999542236328,60.82175827026367,99.98553466796876,10.74826717376709,39.90550242189121,193634.0,18.27778625488281,20.31771850585937,19.88252258300781,21.106475830078125,34.27499961853027
1972-03-18 07:31:11,26.51375961303711,92.83132934570312,169.86490631103516,84.54545593261719,86.5,60.82175827026367,99.98553466796876,10.749610900878906,40.84607095136512,193634.0,21.21528625488281,23.39120483398437,20.018524169921875,20.64410400390625,34.27499961853027
1972-03-18 07:31:12,26.50459098815918,92.89157104492188,167.0817108154297,84.6212158203125,86.19999694824219,60.82175827026367,99.98553466796876,10.74523639678955,39.37901973360898,193634.0,16.863433837890625,19.229736328125,21.94964599609375,21.05209350585937,34.27499961853027
1972-03-18 07:31:13,26.424957275390625,93.0722885131836,168.4000701904297,84.6212158203125,86.9000015258789,60.82175827026367,99.98553466796876,10.735078811645508,40.12513006803381,193634.0,21.92245483398437,23.309600830078125,21.976852416992188,21.568878173828125,34.27499961853027
1972-03-18 07:31:14,26.372377395629883,93.1927719116211,169.3522186279297,84.6212158203125,86.0999984741211,60.82175827026367,99.98553466796876,10.724921226501465,42.10199309004644,193634.0,22.357650756835938,23.41839599609375,20.04571533203125,20.290512084960938,34.27499961853027
1972-03-18 07:31:15,26.346620559692383,93.13253021240234,169.6940155029297,84.6212158203125,86.79999542236328,60.82175827026367,99.98553466796876,10.71769905090332,38.76394948403402,193634.0,20.20892333984375,21.650466918945312,22.52084350585937,17.570602416992188,34.27499961853027
1972-03-18 07:31:16,26.33551788330078,92.9518051147461,168.8557891845703,84.6212158203125,86.69999694824219,60.82175827026367,99.98553466796876,10.711965560913086,40.33286624067275,193634.0,22.1944580078125,24.75115966796875,21.623260498046875,21.541671752929688,34.27499961853027
1972-03-18 07:31:17,26.35092735290528,92.83132934570312,168.8802032470703,84.6212158203125,87.0999984741211,60.82175827026367,99.98553466796876,10.701898574829102,39.36738736815056,193634.0,22.03125,25.02314758300781,18.549774169921875,18.604171752929688,34.27499961853027
1972-03-18 07:31:18,26.35448455810547,92.83132934570312,169.8567657470703,84.6212158203125,87.5999984741211,60.82175827026367,99.98553466796876,10.6984281539917,38.67039517012681,193634.0,21.07928466796875,20.04571533203125,22.765625,21.895263671875,34.27499961853027
1972-03-18 07:31:19,26.28388786315918,93.01204681396484,168.98600006103516,84.6212158203125,87.5999984741211,60.82175827026367,99.98553466796876,10.690644264221191,38.56807447312389,193634.0,24.5335693359375,26.27430725097656,22.221649169921875,21.405670166015625,34.27499961853027
1972-03-18 07:31:20,26.253734588623047,93.0722885131836,169.34407806396484,84.6212158203125,87.0999984741211,60.82175827026367,99.98553466796876,10.686532974243164,39.4880733201119,193634.0,16.97222900390625,22.439239501953125,23.66319274902344,21.05209350585937,34.25
1972-03-18 07:31:21,26.252168655395508,93.0722885131836,168.58724212646484,84.54545593261719,87.4000015258789,60.82175827026367,99.98553466796876,10.679574966430664,38.77465160705005,193634.0,23.5,26.08392333984375,21.32406616210937,22.24884033203125,34.27499961853027
1972-03-18 07:31:22,26.29136276245117,92.9518051147461,169.75911712646484,84.54545593261719,87.19999694824219,60.82175827026367,99.98553466796876,10.67411994934082,38.248942452129775,193634.0,20.58970642089844,23.472808837890625,21.487274169921875,23.744796752929688,34.27499961853027
1972-03-18 07:31:23,26.35572624206543,92.9518051147461,168.71744537353516,84.54545593261719,86.79999542236328,60.82175827026367,99.98553466796876,10.667259216308594,38.15779457375533,193634.0,21.514480590820312,23.66319274902344,24.15277099609375,18.87615966796875,34.27499961853027
1972-03-18 07:31:24,26.410642623901367,93.01204681396484,170.20670318603516,84.6212158203125,87.30000305175781,60.82175827026367,99.98553466796876,10.664081573486328,39.593329945302095,193634.0,21.704864501953125,22.60243225097656,23.0648193359375,18.957763671875,34.27499961853027
1972-03-18 07:31:25,26.378433227539062,93.13253021240234,168.44075775146484,84.6212158203125,86.9000015258789,60.82175827026367,99.98553466796876,10.655136108398438,38.962600152596956,193634.0,22.248855590820312,24.832763671875,19.01214599609375,19.229736328125,34.27499961853027
1972-03-18 07:31:26,26.323162078857425,93.0722885131836,169.92186737060547,84.6212158203125,87.30000305175781,60.82175827026367,99.98553466796876,10.660120964050291,39.96847514056673,193634.0,24.26158142089844,23.41839599609375,22.68402099609375,21.07928466796875,34.27499961853027
1972-03-18 07:31:27,26.359569549560547,92.89157104492188,168.80696868896484,84.6212158203125,87.4000015258789,60.82175827026367,99.98553466796876,10.656496047973633,38.569839694715036,193634.0,22.874420166015625,23.690399169921875,22.004058837890625,22.54803466796875,34.27499961853027
1972-03-18 07:31:28,26.42724800109864,92.77108001708984,168.52213287353516,84.6212158203125,87.0,60.82175827026367,99.98553466796876,10.65292739868164,40.04541550283789,193634.0,20.399322509765625,24.043975830078125,24.72396850585937,19.039352416992188,34.27499961853027
1972-03-18 07:31:29,26.4948673248291,92.89157104492188,168.66048431396484,84.6212158203125,86.69999694824219,60.82175827026367,99.98553466796876,10.645776748657228,39.11216180386916,193634.0,22.085662841796875,18.9305419921875,21.269683837890625,20.807296752929688,34.27499961853027
1972-03-18 07:31:30,26.54181861877441,93.13253021240234,169.3603515625,84.54545593261719,87.69999694824219,60.82175827026367,99.98553466796876,10.641589164733888,39.081503241300375,193634.0,24.17999267578125,27.06307983398437,23.445602416992188,17.461807250976562,34.27499961853027
1972-03-18 07:31:31,26.510496139526367,93.1927719116211,169.3033905029297,84.6212158203125,86.4000015258789,60.82175827026367,99.98553466796876,10.633811950683594,40.08901935264317,193634.0,19.202545166015625,20.807281494140625,21.92245483398437,19.5289306640625,34.27499961853027
1972-03-18 07:31:32,26.466062545776367,93.01204681396484,168.30240631103516,84.6212158203125,86.5999984741211,60.82175827026367,99.98553466796876,10.637762069702148,41.1299966798404,193634.0,23.20082092285156,23.173614501953125,21.432861328125,22.68402099609375,34.27499961853027
1972-03-18 07:31:33,26.447874069213867,92.9518051147461,168.44075775146484,84.6212158203125,86.29999542236328,60.82175827026367,99.98553466796876,10.632351875305176,39.60820054199018,193634.0,19.637741088867188,24.479156494140625,20.61689758300781,18.27777099609375,34.27499961853027
1972-03-18 07:31:34,26.431360244750977,92.89157104492188,169.44173431396484,84.6212158203125,87.0999984741211,60.82175827026367,99.98553466796876,10.629905700683594,38.84757734809919,193634.0,24.832763671875,22.68402099609375,21.32406616210937,19.964111328125,34.27499961853027
1972-03-18 07:31:35,26.39787483215332,93.01204681396484,168.45703125,84.6212158203125,87.30000305175781,60.82175827026367,99.98553466796876,10.640008926391602,38.89691561954551,193634.0,22.71124267578125,24.370361328125,22.956024169921875,19.88252258300781,34.27499961853027
1972-03-18 07:31:36,26.43952751159668,93.01204681396484,167.2444610595703,84.6212158203125,87.30000305175781,60.82175827026367,99.98553466796876,10.644484519958496,38.06747359151437,193634.0,18.957763671875,23.364013671875,23.744781494140625,19.447341918945312,34.27499961853027
1972-03-18 07:31:37,26.425172805786133,92.9518051147461,167.10611724853516,84.6212158203125,87.0,60.82175827026367,99.98553466796876,10.638863563537598,40.39571526766116,193634.0,23.037628173828125,18.87615966796875,20.236114501953125,19.828125,34.27499961853027
1972-03-18 07:31:38,26.330047607421875,93.01204681396484,168.5628204345703,84.54545593261719,86.69999694824219,60.82175827026367,99.98553466796876,10.64353084564209,39.55167797117004,193634.0,21.02490234375,26.0023193359375,19.501739501953125,22.79281616210937,34.27499961853027
1972-03-18 07:31:39,26.285005569458008,93.0722885131836,168.0419921875,84.54545593261719,86.4000015258789,60.82175827026367,99.98553466796876,10.643253326416016,39.94220745751751,193634.0,17.35302734375,23.635986328125,23.635986328125,22.575225830078125,34.27499961853027
1972-03-18 07:31:40,26.252147674560547,93.01204681396484,168.54654693603516,84.6212158203125,85.9000015258789,60.82175827026367,99.98553466796876,10.64746379852295,40.08668390139095,193634.0,20.26332092285156,24.506378173828125,16.863433837890625,22.65682983398437,34.27499961853027
1972-03-18 07:31:41,26.254653930664062,93.01204681396484,168.46517181396484,84.6212158203125,87.19999694824219,60.82175827026367,99.98553466796876,10.643755912780762,39.67079956411188,193634.0,19.828125,23.037628173828125,21.541656494140625,18.604171752929688,34.27499961853027
1972-03-18 07:31:42,26.270532608032227,93.01204681396484,168.48958587646484,84.6212158203125,87.4000015258789,60.82175827026367,99.98553466796876,10.645957946777344,39.10518426015505,193634.0,22.738433837890625,19.31134033203125,21.895263671875,21.704864501953125,34.27499961853027
1972-03-18 07:31:43,26.242721557617188,93.01204681396484,168.44889068603516,84.6212158203125,86.79999542236328,60.82175827026367,99.98553466796876,10.646833419799805,41.23272662097645,193634.0,18.332183837890625,25.512725830078125,22.38482666015625,20.426513671875,34.27499961853027
1972-03-18 07:31:44,26.195446014404297,93.01204681396484,168.4326171875,84.6212158203125,86.9000015258789,60.82175827026367,99.98553466796876,10.649270057678224,40.12301188047903,193634.0,19.44735717773437,24.370361328125,23.907989501953125,20.018524169921875,34.27499961853027
1972-03-18 07:31:45,26.23473358154297,92.9518051147461,168.82324981689453,84.54545593261719,88.4000015258789,60.82175827026367,99.98553466796876,10.645992279052734,39.29277658980777,193634.0,23.6632080078125,22.03125,23.11920166015625,22.4664306640625,34.27499961853027
1972-03-18 07:31:46,26.33273696899414,93.01204681396484,168.83951568603516,84.54545593261719,87.4000015258789,60.82175827026367,99.98553466796876,10.653013229370115,40.650466342815676,193634.0,20.372116088867188,24.88714599609375,22.54803466796875,20.31771850585937,34.27499961853027
1972-03-18 07:31:47,26.44849395751953,93.01204681396484,169.53125,84.6212158203125,87.80000305175781,60.82175827026367,99.98553466796876,10.655811309814451,38.76261207843753,193634.0,21.24249267578125,22.98321533203125,24.506362915039062,19.47454833984375,34.27499961853027
1972-03-18 07:31:48,26.54648780822754,92.9518051147461,168.73372650146484,84.6212158203125,87.30000305175781,60.82175827026367,99.98553466796876,10.6609525680542,38.319619658133476,193634.0,21.160888671875,23.010406494140625,21.296875,20.807296752929688,34.27499961853027
1972-03-18 07:31:49,26.612468719482425,92.9518051147461,169.1813201904297,84.6212158203125,88.30000305175781,60.82175827026367,99.98553466796876,10.653054237365724,38.4816920834385,193634.0,18.79457092285156,27.19906616210937,22.575225830078125,20.807296752929688,34.27499961853027
1972-03-18 07:31:50,26.648969650268555,93.0722885131836,168.90462493896484,84.6212158203125,86.29999542236328,60.82175827026367,99.98553466796876,10.660526275634766,40.362409106671436,193634.0,21.106491088867188,23.2008056640625,22.54803466796875,21.759262084960938,34.27499961853027
1972-03-18 07:31:51,26.705385208129883,93.0722885131836,168.70116424560547,84.6212158203125,87.19999694824219,60.82175827026367,99.98553466796876,10.659380912780762,39.14536572391461,193634.0,24.288787841796875,22.3304443359375,20.208908081054688,20.072921752929688,34.27499961853027
1972-03-18 07:31:52,26.73719596862793,93.01204681396484,168.96158599853516,84.6212158203125,86.69999694824219,60.82175827026367,99.98553466796876,10.661251068115234,40.35441868952548,193634.0,18.903366088867188,25.213531494140625,24.5335693359375,21.05209350585937,34.27499961853027
1972-03-18 07:31:53,26.77164649963379,93.01204681396484,168.40006256103516,84.6212158203125,87.5999984741211,60.82175827026367,99.98553466796876,10.66176986694336,39.14461821995115,193634.0,25.104766845703125,22.956024169921875,23.55439758300781,20.7257080078125,34.27499961853027
1972-03-18 07:31:54,26.770586013793945,92.9518051147461,167.51302337646484,84.6212158203125,86.5999984741211,60.82175827026367,99.98553466796876,10.660926818847656,40.943669896406234,193634.0,19.692138671875,22.4664306640625,21.704864501953125,22.575225830078125,34.27499961853027
1972-03-18 07:31:55,26.709476470947266,92.9518051147461,168.115234375,84.6212158203125,86.9000015258789,60.82175827026367,99.98553466796876,10.663068771362305,39.05186561776384,193634.0,23.0648193359375,25.703125,23.962371826171875,21.976852416992188,34.27499961853027
1972-03-18 07:31:56,26.59502601623535,92.9518051147461,167.9524688720703,84.6212158203125,86.4000015258789,60.82175827026367,99.98553466796876,10.66605281829834,39.41084220673315,193634.0,20.834503173828125,23.119216918945312,21.5960693359375,24.179977416992188,34.27499961853027
1972-03-18 07:31:57,26.50072479248047,92.89157104492188,168.26985931396484,84.6212158203125,86.0999984741211,60.82175827026367,99.98553466796876,10.666218757629396,41.47858545105618,193634.0,20.7257080078125,25.947906494140625,21.5960693359375,14.9866943359375,34.27499961853027
1972-03-18 07:31:58,26.42494201660156,93.01204681396484,168.6442108154297,84.6212158203125,86.79999542236328,60.82175827026367,99.98553466796876,10.67009735107422,41.16363650799609,193634.0,22.820037841796875,24.642364501953125,22.276031494140625,21.296875,34.27499961853027
1972-03-18 07:31:59,26.355892181396484,93.0722885131836,167.11426544189453,84.6212158203125,86.0999984741211,60.82175827026367,99.98553466796876,10.664623260498049,39.518842779726675,193634.0,20.100128173828125,18.5225830078125,20.48089599609375,21.269683837890625,34.27499961853027
1972-03-18 07:32:00,26.293058395385746,93.13253021240234,168.66048431396484,84.6212158203125,87.19999694824219,60.82175827026367,99.98553466796876,10.666488647460938,39.27897739122612,193634.0,20.698516845703125,25.53993225097656,23.092010498046875,20.48089599609375,34.27499961853027
1972-03-18 07:32:01,26.19587516784668,93.01204681396484,167.65950775146484,84.54545593261719,86.69999694824219,60.82175827026367,99.98553466796876,10.669180870056152,40.909012352609544,193634.0,19.365753173828125,23.119216918945312,21.432861328125,22.384841918945312,34.27499961853027
1972-03-18 07:32:02,26.06536674499512,92.9518051147461,167.59439849853516,84.54545593261719,85.9000015258789,60.82175827026367,99.98553466796876,10.668289184570312,40.591827647480095,193634.0,21.432891845703125,24.941558837890625,22.3304443359375,15.041091918945312,34.25
1972-03-18 07:32:03,26.02713203430176,92.89157104492188,168.4733123779297,84.6212158203125,87.0999984741211,60.82175827026367,99.98553466796876,10.664555549621582,39.00048594016303,193634.0,21.487274169921875,24.914352416992188,24.58795166015625,20.807296752929688,34.27499961853027
1972-03-18 07:32:04,26.01347923278809,93.0722885131836,167.578125,84.6212158203125,86.9000015258789,60.82175827026367,99.98553466796876,10.66231632232666,41.20886838818335,193634.0,21.32408142089844,22.956024169921875,20.34490966796875,23.9351806640625,34.27499961853027
1972-03-18 07:32:05,26.06639671325684,93.13253021240234,168.00130462646484,84.6212158203125,87.30000305175781,60.82175827026367,99.98553466796876,10.660123825073242,39.825108026686664,193634.0,19.066558837890625,27.66146850585937,24.31597900390625,19.936920166015625,34.27499961853027
1972-03-18 07:32:06,26.146522521972656,93.01204681396484,168.22915649414062,84.6212158203125,87.80000305175781,60.82175827026367,99.98553466796876,10.664565086364746,37.049010716712814,193634.0,21.75927734375,23.853591918945312,22.60243225097656,21.81365966796875,34.27499961853027
1972-03-18 07:32:07,26.226301193237305,92.89157104492188,167.3583984375,84.6212158203125,87.0999984741211,60.82175827026367,99.98553466796876,10.66692352294922,39.817745934858095,193634.0,22.004058837890625,18.25057983398437,21.05209350585937,18.604171752929688,34.25
1972-03-18 07:32:08,26.28829765319824,92.89157104492188,167.48860931396484,84.6212158203125,86.4000015258789,60.82175827026367,99.98553466796876,10.659429550170898,40.997955906702636,193634.0,21.405670166015625,21.432861328125,23.25521850585937,21.21527099609375,34.27499961853027
1972-03-18 07:32:09,26.3996810913086,93.13253021240234,168.42447662353516,84.54545593261719,87.0,60.82175827026367,99.98553466796876,10.657552719116213,39.68668631452153,193634.0,22.49365234375,22.19444274902344,22.765625,18.495361328125,34.27499961853027
1972-03-18 07:32:10,26.54938125610352,93.0722885131836,168.87207794189453,84.6212158203125,86.19999694824219,60.82175827026367,99.98553466796876,10.656439781188965,42.17673739083856,193634.0,19.74653625488281,25.02314758300781,24.85995483398437,19.88252258300781,34.27499961853027
1972-03-18 07:32:11,26.63021278381348,92.9518051147461,168.01758575439453,84.6212158203125,86.5,60.82175827026367,99.98553466796876,10.653921127319336,41.85688367221626,193634.0,21.21528625488281,23.010406494140625,23.58160400390625,19.09375,34.27499961853027
1972-03-18 07:32:12,26.63746833801269,92.89157104492188,167.69205474853516,84.6212158203125,86.79999542236328,60.82175827026367,99.98553466796876,10.652172088623049,39.19350852678043,193634.0,17.951400756835938,23.772003173828125,21.13368225097656,22.4664306640625,34.27499961853027
1972-03-18 07:32:13,26.57303237915039,93.01204681396484,168.408203125,84.6212158203125,87.0,60.82175827026367,99.98553466796876,10.651202201843262,39.665291120636475,193634.0,23.336822509765625,24.61517333984375,20.888885498046875,20.58969116210937,34.27499961853027
1972-03-18 07:32:14,26.52226829528809,93.13253021240234,167.1875,84.6212158203125,86.4000015258789,60.82175827026367,99.98553466796876,10.651021003723145,40.354296960146215,193634.0,22.085662841796875,23.309600830078125,20.018524169921875,17.1898193359375,34.27499961853027
1972-03-18 07:32:15,26.48421096801757,93.0722885131836,168.994140625,84.54545593261719,88.30000305175781,60.82175827026367,99.98553466796876,10.651620864868164,37.17941321481614,193634.0,18.79457092285156,24.99594116210937,25.431121826171875,18.6585693359375,34.27499961853027
1972-03-18 07:32:16,26.458702087402344,92.9518051147461,168.52213287353516,84.54545593261719,86.69999694824219,60.82175827026367,99.98553466796876,10.65304183959961,40.37040782930771,193634.0,23.7991943359375,25.78472900390625,17.135406494140625,20.61689758300781,34.27499961853027
1972-03-18 07:32:17,26.451709747314453,92.9518051147461,168.017578125,84.6212158203125,86.5,60.82175827026367,99.98553466796876,10.65014934539795,39.11879901190584,193634.0,21.18807983398437,22.357635498046875,21.487274169921875,22.68402099609375,34.27499961853027
1972-03-18 07:32:18,26.44029998779297,92.9518051147461,168.4733123779297,84.6212158203125,87.80000305175781,60.82175827026367,99.98553466796876,10.653873443603516,38.609048030302546,193634.0,21.65048217773437,25.62152099609375,24.778350830078125,24.12557983398437,34.27499961853027
1972-03-18 07:32:19,26.339155197143555,92.9518051147461,167.32584381103516,84.6212158203125,86.0,60.82175827026367,99.98553466796876,10.660618782043455,41.30086160032842,193634.0,20.399322509765625,24.098388671875,20.154510498046875,25.567138671875,34.27499961853027
1972-03-18 07:32:20,26.26624870300293,92.89157104492188,167.92806243896484,84.6212158203125,86.19999694824219,60.82175827026367,99.98553466796876,10.66240119934082,40.92198076853673,193634.0,19.03936767578125,20.508102416992188,23.66319274902344,19.74652099609375,34.27499961853027
1972-03-18 07:32:21,26.224937438964844,92.9518051147461,167.9768829345703,84.6212158203125,87.0,60.82175827026367,99.98553466796876,10.658411026000977,40.29423350221318,193634.0,21.73207092285156,26.627899169921875,20.2633056640625,25.322341918945312,34.25
1972-03-18 07:32:22,26.242839813232425,93.0722885131836,167.06543731689453,84.6212158203125,86.69999694824219,60.82175827026367,99.98553466796876,10.660268783569336,41.029580183047855,193634.0,23.472808837890625,20.888885498046875,20.698486328125,18.359375,34.25
1972-03-18 07:32:23,26.30505752563477,93.1927719116211,167.1223907470703,84.6212158203125,86.9000015258789,60.82175827026367,99.98553466796876,10.655627250671388,40.27608341588462,193634.0,18.359375,27.25347900390625,23.771987915039062,21.92245483398437,34.27499961853027
1972-03-18 07:32:24,26.33136367797852,93.0722885131836,167.70833587646484,84.6212158203125,87.0,60.82175827026367,99.98553466796876,10.65245246887207,39.811795945562025,193634.0,22.68403625488281,21.46006774902344,21.5960693359375,21.32406616210937,34.27499961853027
1972-03-18 07:32:25,26.293928146362305,92.83132934570312,167.3095703125,84.6212158203125,86.9000015258789,60.82175827026367,99.98553466796876,10.646361351013184,40.30356348160917,193634.0,22.79283142089844,25.75752258300781,20.2633056640625,20.154510498046875,34.27499961853027
1972-03-18 07:32:26,26.30851554870605,92.83132934570312,168.0908203125,84.6212158203125,87.4000015258789,60.82175827026367,99.98553466796876,10.649042129516602,38.55055059946399,193634.0,19.828125,27.634262084960938,22.412033081054688,22.167236328125,34.27499961853027
1972-03-18 07:32:27,26.385129928588867,92.9518051147461,166.17838287353516,84.6212158203125,86.79999542236328,60.82175827026367,99.98553466796876,10.651813507080078,40.01880708056952,193634.0,22.983230590820312,24.234375,21.269683837890625,22.575225830078125,34.25
1972-03-18 07:32:28,26.486549377441406,93.0722885131836,167.8629608154297,84.6212158203125,86.5999984741211,60.82175827026367,99.98553466796876,10.654675483703612,39.88610903476594,193634.0,18.576980590820312,26.682281494140625,21.35127258300781,20.916091918945312,34.27499961853027
1972-03-18 07:32:29,26.546730041503903,93.0722885131836,168.24544525146484,84.6212158203125,87.19999694824219,60.82175827026367,99.98553466796876,10.650304794311523,41.10605144425991,193634.0,24.5335693359375,22.3304443359375,24.15277099609375,21.32406616210937,34.27499961853027
1972-03-18 07:32:30,26.561824798583984,92.9518051147461,166.9921875,84.6212158203125,85.9000015258789,60.82175827026367,99.98553466796876,10.651056289672852,41.25651028296187,193634.0,21.92245483398437,20.018524169921875,22.140045166015625,20.807296752929688,34.27499961853027
1972-03-18 07:32:31,26.50609016418457,92.9518051147461,167.1956329345703,84.6212158203125,86.29999542236328,60.82175827026367,99.98553466796876,10.649691581726074,40.20550794875808,193634.0,20.80731201171875,19.61053466796875,20.31771850585937,17.244216918945312,34.25
1972-03-18 07:32:32,26.47325897216797,92.9518051147461,167.1793670654297,84.6212158203125,87.30000305175781,60.82175827026367,99.98553466796876,10.657864570617676,40.889248344982555,193634.0,19.800933837890625,26.21990966796875,19.420135498046875,22.05844116210937,34.27499961853027
1972-03-18 07:32:33,26.47214698791504,93.01204681396484,167.28515625,84.6212158203125,86.4000015258789,60.82175827026367,99.98553466796876,10.655207633972168,40.27337215016987,193634.0,22.11285400390625,22.11285400390625,23.173614501953125,22.439239501953125,34.27499961853027
1972-03-18 07:32:34,26.490365982055664,93.01204681396484,167.64322662353516,84.6212158203125,86.69999694824219,60.82175827026367,99.98553466796876,10.657705307006836,40.12081306218396,193634.0,18.685775756835938,24.5335693359375,24.39756774902344,22.303253173828125,34.27499961853027
1972-03-18 07:32:35,26.48346900939941,92.9518051147461,166.62598419189453,84.54545593261719,86.5,60.82175827026367,99.98553466796876,10.656614303588867,40.16027350447049,193634.0,24.3975830078125,20.752899169921875,19.44732666015625,18.98495483398437,34.27499961853027
1972-03-18 07:32:36,26.4995231628418,92.9518051147461,167.30957794189453,84.54545593261719,86.5999984741211,60.82175827026367,99.98553466796876,10.661431312561035,41.06194647206849,193634.0,19.77374267578125,26.627899169921875,24.39756774902344,22.004058837890625,34.27499961853027
1972-03-18 07:32:37,26.44546127319336,93.01204681396484,167.43978118896484,84.6212158203125,86.5,60.82175827026367,99.98553466796876,10.661219596862791,39.36830537355902,193634.0,23.037628173828125,21.296875,20.154510498046875,19.5289306640625,34.27499961853027
1972-03-18 07:32:38,26.381820678710938,92.9518051147461,167.13867950439453,84.6212158203125,87.30000305175781,60.82175827026367,99.98553466796876,10.669109344482422,40.34732489318717,193634.0,21.5960693359375,25.213531494140625,22.874420166015625,20.154510498046875,34.27499961853027
1972-03-18 07:32:39,26.35977554321289,93.0722885131836,168.2373046875,84.6212158203125,86.5,60.82175827026367,99.98553466796876,10.67495059967041,38.448504115089065,193634.0,20.45370483398437,22.140045166015625,22.98321533203125,18.359375,34.27499961853027
1972-03-18 07:32:40,26.379318237304688,93.13253021240234,167.54557037353516,84.6212158203125,86.29999542236328,60.81814193725586,99.98553466796876,10.676506996154783,41.26806084584928,193634.0,22.41204833984375,23.98959350585937,20.970489501953125,20.916091918945312,34.27499961853027
1972-03-18 07:32:41,26.405746459960938,93.0722885131836,168.06640625,84.6212158203125,86.29999542236328,60.82175827026367,99.98553466796876,10.675931930541992,41.20064263660723,193634.0,20.045730590820312,25.295135498046875,22.03125,22.11285400390625,34.27499961853027
1972-03-18 07:32:42,26.42831039428711,92.89157104492188,168.1559295654297,84.54545593261719,87.30000305175781,60.82175827026367,99.98553466796876,10.67760944366455,40.835819829120084,193634.0,21.568878173828125,21.704864501953125,24.28877258300781,23.608795166015625,34.25
1972-03-18 07:32:43,26.37712860107422,92.83132934570312,167.9362030029297,84.6212158203125,86.0999984741211,60.82175827026367,99.98553466796876,10.680788040161133,40.58892495103842,193634.0,23.01043701171875,26.95428466796875,19.14814758300781,21.13368225097656,34.27499961853027
1972-03-18 07:32:44,26.310453414916992,92.9518051147461,167.07357788085938,84.6212158203125,86.9000015258789,60.82175827026367,99.98553466796876,10.680401802062988,40.6883165491721,193634.0,17.951400756835938,19.90972900390625,22.004058837890625,21.269683837890625,34.27499961853027
1972-03-18 07:32:45,26.287660598754883,93.0722885131836,166.6259765625,84.6212158203125,87.4000015258789,60.82175827026367,99.98553466796876,10.6807861328125,38.061236636397176,193634.0,20.50811767578125,22.901611328125,21.86805725097656,23.853591918945312,34.27499961853027
1972-03-18 07:32:46,26.300352096557617,93.13253021240234,167.3583984375,84.6212158203125,86.4000015258789,60.82175827026367,99.98553466796876,10.685586929321287,41.019524243998404,193634.0,20.780105590820312,20.78009033203125,21.7320556640625,19.800933837890625,34.25
1972-03-18 07:32:47,26.342544555664062,93.01204681396484,166.73177337646484,84.6212158203125,86.5999984741211,60.81814193725586,99.98553466796876,10.686834335327148,40.58145257286179,193634.0,19.936920166015625,22.52084350585937,21.92245483398437,22.357635498046875,34.27499961853027
1972-03-18 07:32:48,26.384445190429688,92.89157104492188,166.7724609375,84.6212158203125,86.4000015258789,60.82175827026367,99.98553466796876,10.688150405883787,41.17999980915269,193634.0,22.79283142089844,23.71759033203125,19.637725830078125,19.420135498046875,34.27499961853027
1972-03-18 07:32:49,26.385637283325195,92.89157104492188,167.236328125,84.6212158203125,86.19999694824219,60.82175827026367,99.98553466796876,10.686585426330566,41.600027700524656,193634.0,19.47454833984375,24.043975830078125,23.010406494140625,21.35127258300781,34.27499961853027
1972-03-18 07:32:50,26.349655151367188,93.0722885131836,168.5302734375,84.6212158203125,86.0999984741211,60.82175827026367,99.98553466796876,10.687217712402344,40.277549423777735,193634.0,20.426513671875,26.709503173828125,20.5625,19.88252258300781,34.27499961853027
1972-03-18 07:32:51,26.376962661743164,93.13253021240234,165.966796875,84.6212158203125,86.79999542236328,60.82175827026367,99.98553466796876,10.691595077514648,39.85702233510797,193634.0,21.92245483398437,25.02314758300781,19.773727416992188,21.242477416992188,34.27499961853027
1972-03-18 07:32:52,26.41904258728028,93.0722885131836,168.0012969970703,84.54545593261719,86.5999984741211,60.82175827026367,99.98553466796876,10.695304870605469,39.249775199771676,193634.0,21.514480590820312,25.947906494140625,21.51446533203125,20.39930725097656,34.27499961853027
1972-03-18 07:32:53,26.476146697998047,92.9518051147461,166.8131561279297,84.6212158203125,87.5,60.82175827026367,99.98553466796876,10.704218864440918,39.14233196932295,193634.0,23.690399169921875,20.45370483398437,24.12557983398437,20.072921752929688,34.27499961853027
1972-03-18 07:32:54,26.502880096435547,92.9518051147461,167.08984375,84.6212158203125,86.69999694824219,60.82175827026367,99.98553466796876,10.705227851867676,40.33278724319622,193635.0,19.01216125488281,20.2633056640625,25.4039306640625,22.82002258300781,34.25
1972-03-18 07:32:55,26.459068298339844,92.83132934570312,167.42350006103516,84.6212158203125,86.5999984741211,60.82175827026367,99.98553466796876,10.709209442138672,41.25586418622837,193635.0,19.828125,22.82002258300781,20.18170166015625,20.8616943359375,34.27499961853027
1972-03-18 07:32:56,26.383056640625,92.89157104492188,166.11328125,84.54545593261719,86.19999694824219,60.82175827026367,99.98553466796876,10.711078643798828,40.72648550640818,193635.0,22.357650756835938,26.4375,18.7945556640625,20.9976806640625,34.27499961853027
1972-03-18 07:32:57,26.346736907958984,93.0722885131836,168.13150787353516,84.6212158203125,86.5999984741211,60.82175827026367,99.98553466796876,10.711542129516602,40.407156215925,193635.0,20.58970642089844,22.41204833984375,21.432861328125,19.447341918945312,34.27499961853027
1972-03-18 07:32:58,26.33808135986328,93.1927719116211,166.5120391845703,84.6212158203125,86.5999984741211,60.82175827026367,99.98553466796876,10.706912994384766,40.19332147610861,193635.0,18.87615966796875,24.343170166015625,23.11920166015625,22.54803466796875,34.25
1972-03-18 07:32:59,26.35010528564453,93.0722885131836,166.61783599853516,84.6212158203125,86.0,60.82175827026367,99.98553466796876,10.705910682678224,41.25316517269145,193635.0,21.05209350585937,21.5960693359375,17.352996826171875,22.24884033203125,34.27499961853027
1972-03-18 07:33:00,26.351560592651367,92.9518051147461,166.73177337646484,84.6212158203125,86.9000015258789,60.82175827026367,99.98553466796876,10.70931339263916,40.14106580961937,193635.0,22.575241088867188,22.765625,20.78009033203125,23.55439758300781,34.27499961853027
1972-03-18 07:33:01,26.2986068725586,92.77108001708984,167.69205474853516,84.6212158203125,87.30000305175781,60.82175827026367,99.98553466796876,10.715731620788574,38.54928342265225,193635.0,21.02490234375,22.629638671875,21.024871826171875,18.087387084960938,34.25
1972-03-18 07:33:02,26.218738555908203,92.83132934570312,167.36653900146484,84.54545593261719,87.5,60.82175827026367,99.98553466796876,10.711274147033691,38.908067192534354,193635.0,20.29052734375,25.322341918945312,22.54803466796875,17.516204833984375,34.25
1972-03-18 07:33:03,26.206201553344727,93.0722885131836,167.3665313720703,84.54545593261719,86.9000015258789,60.82175827026367,99.98553466796876,10.708983421325684,40.8134043523984,193635.0,21.65048217773437,23.744781494140625,19.773727416992188,18.14178466796875,34.25
1972-03-18 07:33:04,26.229448318481445,93.1927719116211,166.38182830810547,84.6212158203125,86.79999542236328,60.82175827026367,99.98553466796876,10.70889377593994,40.211879694163336,193635.0,23.173614501953125,24.343170166015625,19.61053466796875,21.759262084960938,34.25
1972-03-18 07:33:05,26.267900466918945,93.0722885131836,166.845703125,84.6212158203125,86.5,60.82175827026367,99.98553466796876,10.704428672790527,41.33612645127467,193635.0,19.828125,22.52084350585937,22.357635498046875,21.405670166015625,34.27499961853027
1972-03-18 07:33:06,26.340145111083984,93.01204681396484,167.11426544189453,84.6212158203125,86.0,60.82175827026367,99.98553466796876,10.702136993408203,42.06494377697265,193635.0,17.9241943359375,21.704864501953125,22.221649169921875,19.2569580078125,34.27499961853027
1972-03-18 07:33:07,26.36140823364257,92.89157104492188,166.9921875,84.6212158203125,86.79999542236328,60.82175827026367,99.98553466796876,10.702048301696776,39.20824949334237,193635.0,20.426513671875,21.840850830078125,19.936920166015625,21.21527099609375,34.27499961853027
1972-03-18 07:33:08,26.34793472290039,92.89157104492188,166.796875,84.6212158203125,87.0,60.82175827026367,99.98553466796876,10.70490550994873,39.419892534378036,193635.0,22.221649169921875,21.432861328125,21.160888671875,17.380218505859375,34.25
1972-03-18 07:33:09,26.39561080932617,92.9518051147461,166.357421875,84.6212158203125,87.19999694824219,60.82175827026367,99.98553466796876,10.710028648376465,39.02734133098132,193635.0,20.780105590820312,20.372100830078125,23.33680725097656,20.508102416992188,34.27499961853027
1972-03-18 07:33:10,26.455699920654297,92.9518051147461,167.73275756835938,84.6212158203125,86.69999694824219,60.82175827026367,99.98553466796876,10.710119247436523,40.61617360010947,193635.0,20.888900756835938,25.45834350585937,21.46006774902344,20.154510498046875,34.25
1972-03-18 07:33:11,26.52918243408203,93.0722885131836,166.845703125,84.6212158203125,86.29999542236328,60.82175827026367,99.98553466796876,10.713157653808594,38.2254870467409,193635.0,18.196197509765625,26.763885498046875,20.04571533203125,18.74017333984375,34.27499961853027
1972-03-18 07:33:12,26.57958602905273,93.13253021240234,165.0960235595703,84.6212158203125,86.69999694824219,60.82175827026367,99.98553466796876,10.711138725280762,37.533540796009696,193635.0,20.888900756835938,24.75115966796875,20.888885498046875,20.20892333984375,34.27499961853027
1972-03-18 07:33:13,26.55910873413086,93.0722885131836,167.39095306396484,84.54545593261719,87.0,60.82175827026367,99.98553466796876,10.709118843078612,37.55353086065819,193635.0,19.44735717773437,25.159149169921875,22.52084350585937,19.71932983398437,34.25
1972-03-18 07:33:14,26.46465492248535,93.01204681396484,165.33203125,84.6212158203125,86.0999984741211,60.82175827026367,99.98553466796876,10.707098960876465,39.94568025126448,193635.0,19.52894592285156,21.840850830078125,19.284149169921875,21.432861328125,34.25
1972-03-18 07:33:15,26.40934181213379,92.9518051147461,166.5934295654297,84.6212158203125,87.0999984741211,60.82175827026367,99.98553466796876,10.705079078674316,37.93269888757853,193635.0,21.05209350585937,21.05209350585937,21.160888671875,19.284149169921875,34.27499961853027
1972-03-18 07:33:16,26.40056610107422,92.9518051147461,166.2923126220703,84.6212158203125,86.0,60.82175827026367,99.98553466796876,10.703059196472168,41.475112090452626,193635.0,18.359375,26.92709350585937,19.964111328125,23.7991943359375,34.25
1972-03-18 07:33:17,26.42609596252441,92.9518051147461,165.5436248779297,84.6212158203125,85.9000015258789,60.82175827026367,99.98553466796876,10.70103931427002,39.51888723724521,193635.0,22.004058837890625,20.888885498046875,20.535308837890625,20.752899169921875,34.27499961853027
1972-03-18 07:33:18,26.44458770751953,93.01204681396484,166.56900787353516,84.6212158203125,86.79999542236328,60.82175827026367,99.98553466796876,10.699019432067873,38.636718169609175,193635.0,15.258697509765623,21.242477416992188,23.71759033203125,22.874420166015625,34.27499961853027
1972-03-18 07:33:19,26.42254638671875,93.01204681396484,166.5283203125,84.6212158203125,86.9000015258789,60.82175827026367,99.98553466796876,10.696999549865724,40.96472322577367,193635.0,22.11285400390625,22.711227416992188,22.439239501953125,21.67767333984375,34.25
1972-03-18 07:33:20,26.35134506225586,92.89157104492188,165.966796875,84.6212158203125,86.5,60.82175827026367,99.98553466796876,10.69498062133789,40.702103998539634,193635.0,17.86981201171875,23.7991943359375,21.432861328125,24.098388671875,34.25
1972-03-18 07:33:21,26.33533096313477,92.9518051147461,166.69107055664062,84.6212158203125,86.29999542236328,60.82175827026367,99.98553466796876,10.692960739135742,41.14173895573195,193635.0,20.45370483398437,22.08564758300781,18.41377258300781,24.207183837890625,34.27499961853027
1972-03-18 07:33:22,26.35078239440918,93.0722885131836,165.71451568603516,84.6212158203125,86.4000015258789,60.82175827026367,99.98553466796876,10.690940856933594,39.078185436410486,193635.0,17.026641845703125,24.31597900390625,24.6695556640625,23.364013671875,34.27499961853027
1972-03-18 07:33:23,26.413610458374023,93.0722885131836,166.25162506103516,84.6212158203125,87.30000305175781,60.82175827026367,99.98553466796876,10.688920974731444,38.87841148313888,193635.0,20.236114501953125,21.78646850585937,17.652191162109375,20.154510498046875,34.27499961853027
1972-03-18 07:33:24,26.45810508728028,92.9518051147461,167.69205474853516,84.6212158203125,86.9000015258789,60.82175827026367,99.98553466796876,10.686901092529297,40.78535665540413,193635.0,21.32408142089844,27.09027099609375,20.34490966796875,21.32406616210937,34.25
1972-03-18 07:33:25,26.451351165771484,92.9518051147461,166.2841796875,84.6212158203125,87.0,60.82175827026367,99.98553466796876,10.684881210327148,38.492173924580726,193635.0,22.140045166015625,21.07928466796875,17.652191162109375,17.27142333984375,34.27499961853027
1972-03-18 07:33:26,26.37980842590332,92.9518051147461,166.69921875,84.6212158203125,86.79999542236328,60.82175827026367,99.98553466796876,10.682861328125,39.95369331679129,193635.0,20.50811767578125,23.55439758300781,24.941558837890625,19.88252258300781,34.27499961853027
1972-03-18 07:33:27,26.36400032043457,92.9518051147461,165.86100006103516,84.6212158203125,86.79999542236328,60.82175827026367,99.98553466796876,10.680842399597168,38.77636974203117,193635.0,19.284149169921875,22.765625,21.05209350585937,24.07118225097656,34.27499961853027
1972-03-18 07:33:28,26.38281440734864,93.0722885131836,165.82032012939453,84.6212158203125,86.0999984741211,60.82175827026367,99.98553466796876,10.67882251739502,39.317249549655635,193635.0,20.7257080078125,20.20892333984375,24.370361328125,20.018524169921875,34.27499961853027
1972-03-18 07:33:29,26.44571876525879,93.01204681396484,167.041015625,84.54545593261719,87.0999984741211,60.82175827026367,99.98553466796876,10.676802635192873,40.485265780672194,193635.0,22.3304443359375,24.15277099609375,20.208908081054688,23.39120483398437,34.27499961853027
1972-03-18 07:33:30,26.489606857299805,92.9518051147461,166.3899688720703,84.6212158203125,86.5,60.82175827026367,99.98553466796876,10.674782752990724,41.56046590111896,193635.0,21.21528625488281,23.2008056640625,24.615158081054688,14.8507080078125,34.25
1972-03-18 07:33:31,26.473363876342773,92.9518051147461,166.85384368896484,84.6212158203125,87.30000305175781,60.82175827026367,99.98553466796876,10.672762870788574,37.293490110389534,193635.0,20.18173217773437,24.80555725097656,20.508102416992188,22.3304443359375,34.27499961853027
1972-03-18 07:33:32,26.4069766998291,93.01204681396484,167.08984375,84.6212158203125,86.79999542236328,60.82175827026367,99.98553466796876,10.670742988586426,39.26103714584061,193635.0,18.549774169921875,25.02314758300781,22.11285400390625,22.60243225097656,34.27499961853027
1972-03-18 07:33:33,26.387720108032227,93.01204681396484,166.3492889404297,84.6212158203125,88.0,60.82175827026367,99.98553466796876,10.668723106384276,38.70514793709904,193635.0,23.717605590820312,21.81365966796875,21.35127258300781,20.671295166015625,34.27499961853027
1972-03-18 07:33:34,26.40963363647461,93.01204681396484,166.357421875,84.6212158203125,86.9000015258789,60.82175827026367,99.98553466796876,10.666703224182127,39.575147906430146,193635.0,17.951400756835938,19.5289306640625,24.506362915039062,21.541671752929688,34.27499961853027
1972-03-18 07:33:35,26.463682174682617,93.0722885131836,165.66568756103516,84.6212158203125,87.30000305175781,60.82175827026367,99.98553466796876,10.664684295654297,38.70233018039955,193635.0,23.173614501953125,22.357635498046875,22.08564758300781,18.957763671875,34.25
1972-03-18 07:33:36,26.50514030456543,93.01204681396484,167.07357025146484,84.6212158203125,86.9000015258789,60.82175827026367,99.98553466796876,10.662664413452148,40.776882409287,193635.0,18.5225830078125,27.117477416992188,23.309600830078125,22.004058837890625,34.25
1972-03-18 07:33:37,26.51656913757324,93.01204681396484,166.69921875,84.54545593261719,86.19999694824219,60.82175827026367,99.98553466796876,10.66064453125,40.195545361892506,193635.0,23.037628173828125,24.642364501953125,23.146408081054688,20.94329833984375,34.27499961853027
1972-03-18 07:33:38,26.431745529174805,92.9518051147461,166.0481719970703,84.54545593261719,86.19999694824219,60.82175827026367,99.98553466796876,10.658624649047852,39.943897057024806,193635.0,20.26332092285156,23.364013671875,22.11285400390625,19.90972900390625,34.25
1972-03-18 07:33:39,26.39325523376465,92.89157104492188,166.36556243896484,84.6212158203125,87.0999984741211,60.82175827026367,99.98553466796876,10.656604766845703,38.81861429386905,193635.0,19.637741088867188,22.24884033203125,21.81365966796875,20.48089599609375,34.25
1972-03-18 07:33:40,26.391265869140625,92.9518051147461,167.34212493896484,84.6212158203125,86.5,60.82175827026367,99.98553466796876,10.654584884643556,40.6120699673562,193635.0,22.41204833984375,28.42303466796875,21.432861328125,20.154510498046875,34.25
1972-03-18 07:33:41,26.41570281982422,93.01204681396484,166.2028045654297,84.6212158203125,87.5,60.82175827026367,99.98553466796876,10.652565002441406,39.19307255544558,193635.0,20.834503173828125,22.92881774902344,21.296875,21.024887084960938,34.25
1972-03-18 07:33:42,26.43255043029785,92.9518051147461,166.43067169189453,84.6212158203125,87.5999984741211,60.82175827026367,99.98553466796876,10.650545120239258,37.6240169677757,193635.0,20.970489501953125,25.13194274902344,23.173614501953125,19.202545166015625,34.25
1972-03-18 07:33:43,26.43213653564453,93.0722885131836,165.8772735595703,84.6212158203125,86.29999542236328,60.82175827026367,99.98553466796876,10.65366268157959,40.91255942754436,193635.0,20.8616943359375,25.240753173828125,21.432861328125,18.57696533203125,34.25
1972-03-18 07:33:44,26.36540603637696,93.0722885131836,165.771484375,84.6212158203125,86.0,60.82175827026367,99.98553466796876,10.653892517089844,41.767262487207965,193635.0,21.351287841796875,23.14642333984375,22.575225830078125,23.0648193359375,34.25
1972-03-18 07:33:45,26.326780319213867,93.01204681396484,165.91796875,84.54545593261719,86.9000015258789,60.82175827026367,99.98553466796876,10.654898643493652,40.43457294761974,193635.0,20.99769592285156,23.88079833984375,24.01678466796875,22.493637084960938,34.25
1972-03-18 07:33:46,26.33580207824707,92.89157104492188,166.24349212646484,84.54545593261719,86.29999542236328,60.82175827026367,99.98553466796876,10.657393455505373,39.88213125504932,193635.0,22.874420166015625,24.914352416992188,21.242477416992188,22.79281616210937,34.25
1972-03-18 07:33:47,26.379079818725582,92.89157104492188,166.24349212646484,84.6212158203125,86.4000015258789,60.82175827026367,99.98553466796876,10.655553817749023,39.88818295567646,193635.0,18.60418701171875,24.07118225097656,22.004058837890625,21.242477416992188,34.25
1972-03-18 07:33:48,26.431041717529297,93.0722885131836,166.08072662353516,84.6212158203125,87.19999694824219,60.82175827026367,99.98553466796876,10.65518283843994,38.479862064366976,193635.0,21.106491088867188,22.956024169921875,23.98959350585937,18.57696533203125,34.27499961853027
1972-03-18 07:33:49,26.45109367370605,93.0722885131836,166.2353515625,84.6212158203125,86.19999694824219,60.82175827026367,99.98553466796876,10.65776538848877,38.224254832585345,193635.0,18.38658142089844,23.228012084960938,19.556121826171875,16.863433837890625,34.27499961853027
1972-03-18 07:33:50,26.40234565734864,93.01204681396484,166.650390625,84.6212158203125,87.30000305175781,60.82175827026367,99.98553466796876,10.657466888427734,39.74545847539951,193635.0,23.336822509765625,22.65682983398437,24.5335693359375,20.1273193359375,34.25
1972-03-18 07:33:51,26.372209548950195,92.9518051147461,166.90267181396484,84.6212158203125,87.19999694824219,60.82175827026367,99.98553466796876,10.657177925109863,39.36682603783582,193635.0,23.88079833984375,26.573486328125,23.173614501953125,21.160888671875,34.25
1972-03-18 07:33:52,26.371898651123047,92.9518051147461,166.73990631103516,84.54545593261719,87.0,60.82175827026367,99.98553466796876,10.661294937133787,40.09276424134287,193635.0,19.637741088867188,22.41204833984375,23.309600830078125,20.5625,34.25
1972-03-18 07:33:53,26.397085189819336,93.01204681396484,166.80501556396484,84.54545593261719,86.29999542236328,60.82175827026367,99.98553466796876,10.66330623626709,41.550023681914496,193635.0,23.96240234375,25.05035400390625,23.2008056640625,21.13368225097656,34.25
1972-03-18 07:33:54,26.421039581298828,93.0722885131836,166.6341094970703,84.6212158203125,86.79999542236328,60.82175827026367,99.98553466796876,10.672701835632324,41.831057575261866,193635.0,22.41204833984375,22.41204833984375,19.5289306640625,23.25521850585937,34.25
1972-03-18 07:33:55,26.43088150024414,92.9518051147461,166.6178436279297,84.6212158203125,86.29999542236328,60.82175827026367,99.98553466796876,10.673418045043944,40.15972339387911,193635.0,19.284149169921875,25.322341918945312,24.01678466796875,23.472808837890625,34.25
1972-03-18 07:33:56,26.38172149658203,92.89157104492188,166.93521881103516,84.6212158203125,86.69999694824219,60.82175827026367,99.98553466796876,10.673420906066896,39.25199911507112,193635.0,24.506378173828125,23.445602416992188,23.2008056640625,16.564239501953125,34.25
1972-03-18 07:33:57,26.34303855895996,92.9518051147461,166.08072662353516,84.6212158203125,86.69999694824219,60.82175827026367,99.98553466796876,10.67492389678955,40.58503856867173,193635.0,20.20892333984375,20.888885498046875,23.880783081054688,22.98321533203125,34.25
1972-03-18 07:33:58,26.346046447753903,93.0722885131836,166.2353515625,84.6212158203125,86.4000015258789,60.82175827026367,99.98553466796876,10.674254417419434,41.58395779718056,193635.0,18.196197509765625,21.405670166015625,21.86805725097656,22.60243225097656,34.25
1972-03-18 07:33:59,26.39108657836914,93.13253021240234,166.50390625,84.54545593261719,87.19999694824219,60.82175827026367,99.98553466796876,10.67286777496338,38.33915410872524,193635.0,22.84722900390625,23.39120483398437,20.04571533203125,18.93055725097656,34.25
1972-03-18 07:34:00,26.43134880065918,93.0722885131836,166.28417205810547,84.54545593261719,86.5999984741211,60.82175827026367,99.98553466796876,10.672207832336426,38.91517566592693,193635.0,19.936920166015625,24.72396850585937,22.493621826171875,20.535308837890625,34.25
1972-03-18 07:34:01,26.46410179138184,92.89157104492188,166.27603912353516,84.54545593261719,86.0999984741211,60.82175827026367,99.98553466796876,10.677411079406738,39.86113439671358,193635.0,23.11923217773437,26.981475830078125,21.78646850585937,19.12094116210937,34.25
1972-03-18 07:34:02,26.428192138671875,92.77108001708984,166.7805938720703,84.6212158203125,86.69999694824219,60.82175827026367,99.98553466796876,10.67685604095459,40.831101710279114,193635.0,21.704864501953125,28.12384033203125,18.84896850585937,19.773727416992188,34.25
1972-03-18 07:34:03,26.38086700439453,92.9518051147461,166.80501556396484,84.6212158203125,87.30000305175781,60.82175827026367,99.98553466796876,10.680706024169922,40.11684432815961,193635.0,20.372116088867188,24.043975830078125,24.07118225097656,20.535308837890625,34.25
1972-03-18 07:34:04,26.370750427246094,93.0722885131836,165.0146484375,84.6212158203125,86.9000015258789,60.82175827026367,99.98553466796876,10.68828010559082,39.38537746780166,193635.0,21.351287841796875,24.61517333984375,21.487274169921875,21.7320556640625,34.25
1972-03-18 07:34:05,26.394969940185547,93.1927719116211,166.73177337646484,84.6212158203125,86.69999694824219,60.82175827026367,99.98553466796876,10.69374656677246,39.342196727608915,193635.0,20.154525756835938,23.744781494140625,19.74652099609375,18.087387084960938,34.25
1972-03-18 07:34:06,26.41394424438477,93.0722885131836,164.8762969970703,84.6212158203125,86.29999542236328,60.82175827026367,99.98553466796876,10.69930934906006,41.180166045252214,193635.0,17.897003173828125,24.479156494140625,25.05035400390625,20.61689758300781,34.25
1972-03-18 07:34:07,26.42313766479492,92.9518051147461,164.6647186279297,84.6212158203125,86.9000015258789,60.82175827026367,99.98553466796876,10.69761562347412,40.26797765794141,193635.0,22.41204833984375,22.3304443359375,22.357635498046875,19.9913330078125,34.25
1972-03-18 07:34:08,26.369918823242188,92.89157104492188,166.15396881103516,84.6212158203125,87.19999694824219,60.82175827026367,99.98553466796876,10.697395324707031,38.13320162436877,193635.0,20.671295166015625,22.24884033203125,23.744781494140625,23.25521850585937,34.25
1972-03-18 07:34:09,26.29267311096192,92.9518051147461,165.48665618896484,84.6212158203125,87.0,60.82175827026367,99.98553466796876,10.69644260406494,40.693996554063766,193635.0,23.907989501953125,24.75115966796875,22.4664306640625,20.39930725097656,34.25
1972-03-18 07:34:10,26.273910522460938,93.01204681396484,165.3727264404297,84.54545593261719,86.4000015258789,60.82175827026367,99.98553466796876,10.6969575881958,40.20382260856839,193635.0,19.964141845703125,22.08564758300781,24.5335693359375,23.25521850585937,34.25
1972-03-18 07:34:11,26.29351043701172,93.0722885131836,166.64225006103516,84.54545593261719,88.0,60.82175827026367,99.98553466796876,10.696022987365724,37.45931310377406,193635.0,22.303253173828125,25.893524169921875,24.343170166015625,23.445602416992188,34.25
1972-03-18 07:34:12,26.328962326049805,93.0722885131836,165.48665618896484,84.6212158203125,86.4000015258789,60.82175827026367,99.98553466796876,10.702411651611328,41.30913573417597,193635.0,24.941558837890625,23.88079833984375,23.28240966796875,16.999420166015625,34.25
1972-03-18 07:34:13,26.352632522583008,92.9518051147461,166.89453125,84.6212158203125,85.69999694824219,60.82175827026367,99.98553466796876,10.705236434936523,41.235017825595136,193635.0,19.882537841796875,26.32870483398437,21.296875,21.13368225097656,34.25
1972-03-18 07:34:14,26.32228279113769,92.9518051147461,165.625,84.6212158203125,86.29999542236328,60.82175827026367,99.98553466796876,10.703696250915527,40.080203575867095,193635.0,22.874420166015625,23.9351806640625,24.370361328125,15.965850830078123,34.27499961853027
1972-03-18 07:34:15,26.28107452392578,93.01204681396484,166.8619842529297,84.6212158203125,87.80000305175781,60.82175827026367,99.98553466796876,10.703614234924316,40.32999280346432,193635.0,23.88079833984375,28.640625,17.733795166015625,22.167236328125,34.25
1972-03-18 07:34:16,26.303197860717773,92.9518051147461,167.2607421875,84.6212158203125,86.19999694824219,60.82175827026367,99.98553466796876,10.710872650146484,40.45867738480779,193635.0,24.96875,25.295135498046875,22.79281616210937,20.181716918945312,34.25
1972-03-18 07:34:17,26.37820816040039,92.9518051147461,167.28515625,84.6212158203125,87.0999984741211,60.82175827026367,99.98553466796876,10.71310806274414,39.35168547174076,193635.0,23.907989501953125,24.696762084960938,20.8616943359375,17.1898193359375,34.25
1972-03-18 07:34:18,26.48101806640625,93.01204681396484,166.3818359375,84.6212158203125,87.4000015258789,60.82175827026367,99.98553466796876,10.716840744018556,38.61674714484921,193635.0,19.12095642089844,25.02314758300781,24.560760498046875,18.468170166015625,34.25
1972-03-18 07:34:19,26.502487182617188,93.01204681396484,167.4641876220703,84.6212158203125,88.0999984741211,60.82175827026367,99.98553466796876,10.716965675354004,38.565056794792,193635.0,22.820037841796875,25.975128173828125,22.711227416992188,22.221649169921875,34.25
1972-03-18 07:34:20,26.46700859069824,93.01204681396484,165.63314056396484,84.6212158203125,86.5,60.82175827026367,99.98553466796876,10.71709156036377,39.31222343651981,193635.0,22.46644592285156,24.5335693359375,21.65045166015625,20.671295166015625,34.27499961853027
1972-03-18 07:34:21,26.436065673828125,92.9518051147461,166.78873443603516,84.54545593261719,87.0,60.82175827026367,99.98553466796876,10.722355842590332,39.15552947912686,193635.0,17.35302734375,23.445602416992188,25.675933837890625,23.826385498046875,34.25
1972-03-18 07:34:22,26.48342514038086,92.9518051147461,167.00032806396484,84.6212158203125,87.19999694824219,60.82175827026367,99.98553466796876,10.724772453308104,40.16080110381448,193635.0,18.84896850585937,27.851852416992188,20.535308837890625,19.447341918945312,34.25
1972-03-18 07:34:23,26.53401756286621,93.01204681396484,165.0390625,84.6212158203125,85.9000015258789,60.82175827026367,99.98553466796876,10.726484298706056,39.79157453344065,193635.0,21.54168701171875,23.58160400390625,22.575225830078125,18.495361328125,34.25
1972-03-18 07:34:24,26.594287872314453,93.01204681396484,166.5120391845703,84.6212158203125,87.5,60.82175827026367,99.98553466796876,10.73261833190918,38.6143591373662,193635.0,21.106491088867188,25.811920166015625,21.895263671875,24.31597900390625,34.25
1972-03-18 07:34:25,26.59460830688477,92.9518051147461,165.8447265625,84.6212158203125,87.0999984741211,60.82175827026367,99.98553466796876,10.738106727600098,40.47733961862792,193635.0,22.956024169921875,25.104736328125,22.03125,21.160888671875,34.25
1972-03-18 07:34:26,26.55526733398437,92.9518051147461,166.59342193603516,84.6212158203125,87.9000015258789,60.82175827026367,99.98553466796876,10.737805366516112,38.76496127736988,193635.0,19.74653625488281,26.410308837890625,23.9351806640625,22.60243225097656,34.25
1972-03-18 07:34:27,26.44150733947754,93.0722885131836,166.9270782470703,84.6212158203125,88.20000457763672,60.82175827026367,99.98553466796876,10.737504005432127,38.86804590504268,193635.0,24.506378173828125,24.696762084960938,23.907989501953125,19.229736328125,34.25
1972-03-18 07:34:28,26.37425804138184,93.0722885131836,166.1214141845703,84.6212158203125,87.5,60.82175827026367,99.98553466796876,10.742339134216309,39.484320574626,193635.0,23.5,23.52719116210937,24.5335693359375,19.88252258300781,34.25
1972-03-18 07:34:29,26.33489418029785,93.01204681396484,166.6259765625,84.54545593261719,86.9000015258789,60.82175827026367,99.98553466796876,10.747221946716309,41.376509960224,193635.0,19.9913330078125,23.2008056640625,26.1383056640625,23.98959350585937,34.25
1972-03-18 07:34:30,26.400691986083984,92.89157104492188,165.9912109375,84.6212158203125,87.80000305175781,60.82175827026367,99.98553466796876,10.755104064941406,38.65210829468284,193635.0,20.535308837890625,28.12384033203125,23.71759033203125,18.168975830078125,34.25
1972-03-18 07:34:31,26.439104080200195,92.89157104492188,165.20995330810547,84.6212158203125,86.4000015258789,60.82175827026367,99.98553466796876,10.758682250976562,40.30964430421799,193635.0,20.671295166015625,23.772003173828125,22.19444274902344,21.541671752929688,34.25
1972-03-18 07:34:32,26.373050689697266,93.0722885131836,166.3330078125,84.6212158203125,87.30000305175781,60.82175827026367,99.98553466796876,10.762313842773438,40.97069806670594,193635.0,20.91610717773437,24.6695556640625,23.9351806640625,19.3929443359375,34.25
1972-03-18 07:34:33,26.26272201538086,93.1927719116211,165.77963256835938,84.6212158203125,87.19999694824219,60.82175827026367,99.98553466796876,10.769659042358398,40.24149629282102,193635.0,20.154525756835938,25.4039306640625,20.508102416992188,20.535308837890625,34.25
1972-03-18 07:34:34,26.20989227294922,93.0722885131836,165.46224212646484,84.6212158203125,86.69999694824219,60.82175827026367,99.98553466796876,10.775619506835938,40.99191589409391,193635.0,20.671295166015625,22.79281616210937,20.31771850585937,21.07928466796875,34.25
1972-03-18 07:34:35,26.215715408325195,92.9518051147461,165.185546875,84.54545593261719,86.69999694824219,60.82175827026367,99.98553466796876,10.775797843933104,40.664860525072235,193635.0,19.9913330078125,24.043975830078125,24.01678466796875,20.5625,34.25
1972-03-18 07:34:36,26.268144607543945,92.89157104492188,165.69010162353516,84.54545593261719,87.19999694824219,60.82175827026367,99.98553466796876,10.777435302734377,40.15263192403932,193635.0,23.608795166015625,23.52719116210937,17.951385498046875,20.61689758300781,34.25
1972-03-18 07:34:37,26.31016731262207,92.89157104492188,165.90982818603516,84.6212158203125,87.5,60.82175827026367,99.98553466796876,10.783486366271973,39.57596785003449,193635.0,19.47454833984375,20.916091918945312,25.104736328125,21.07928466796875,34.25
1972-03-18 07:34:38,26.29312896728516,92.89157104492188,165.6331329345703,84.6212158203125,87.0,60.82175827026367,99.98553466796876,10.79108428955078,39.81803549495066,193635.0,21.97686767578125,26.682281494140625,19.964111328125,17.7882080078125,34.25
1972-03-18 07:34:39,26.272869110107425,93.13253021240234,165.95865631103516,84.6212158203125,87.0,60.82175827026367,99.98553466796876,10.802419662475586,39.20193124276292,193635.0,20.834503173828125,24.832763671875,22.84722900390625,20.34490966796875,34.25
1972-03-18 07:34:40,26.328584671020508,93.1927719116211,165.95052337646484,84.6212158203125,86.79999542236328,60.82175827026367,99.98553466796876,10.8021879196167,40.48981723169504,193635.0,21.133697509765625,22.05844116210937,22.303237915039062,19.936920166015625,34.25
1972-03-18 07:34:41,26.42205238342285,92.9518051147461,164.27408599853516,84.6212158203125,86.79999542236328,60.82175827026367,99.98553466796876,10.807802200317385,40.44034905666847,193635.0,22.221649169921875,23.28240966796875,19.501739501953125,22.575225830078125,34.25
1972-03-18 07:34:42,26.526103973388672,92.77108001708984,166.3411407470703,84.6212158203125,87.30000305175781,60.82175827026367,99.98553466796876,10.812737464904783,37.69589823142032,193635.0,21.514480590820312,23.092010498046875,20.100112915039062,21.432861328125,34.25
1972-03-18 07:34:43,26.634838104248047,92.89157104492188,165.4622344970703,84.6212158203125,87.0,60.82175827026367,99.98553466796876,10.813340187072754,39.11820019097234,193635.0,21.5960693359375,20.5625,19.692138671875,21.650466918945312,34.25
1972-03-18 07:34:44,26.68652534484864,93.0722885131836,165.46224212646484,84.54545593261719,86.19999694824219,60.82175827026367,99.98553466796876,10.813942909240724,40.926784941490936,193635.0,24.85995483398437,22.575225830078125,21.37847900390625,21.895263671875,34.25
1972-03-18 07:34:45,26.688833236694336,93.13253021240234,165.6412811279297,84.6212158203125,86.69999694824219,60.82175827026367,99.98553466796876,10.81528663635254,38.9833644628049,193635.0,18.30499267578125,23.364013671875,20.208908081054688,22.738433837890625,34.25
1972-03-18 07:34:46,26.68002891540528,93.01204681396484,166.07259368896484,84.6212158203125,87.0999984741211,60.82175827026367,99.98553466796876,10.823955535888672,39.29347722504522,193635.0,21.73207092285156,28.06944274902344,22.901611328125,22.08564758300781,34.25
1972-03-18 07:34:47,26.69247436523437,92.9518051147461,165.3157501220703,84.6212158203125,87.19999694824219,60.82175827026367,99.98553466796876,10.830513954162598,38.77837848807364,193635.0,18.30499267578125,23.98959350585937,21.21527099609375,19.338546752929688,34.25
1972-03-18 07:34:48,26.73316192626953,92.83132934570312,165.19368743896484,84.6212158203125,86.29999542236328,60.82175827026367,99.98553466796876,10.831296920776367,39.54044570599797,193635.0,23.5,25.75752258300781,19.85531616210937,19.74652099609375,34.25
1972-03-18 07:34:49,26.73163604736328,92.9518051147461,165.2587890625,84.6212158203125,87.19999694824219,60.82175827026367,99.98553466796876,10.832080841064451,37.097376567918715,193635.0,19.74653625488281,22.901611328125,22.38482666015625,21.32406616210937,34.25
1972-03-18 07:34:50,26.688310623168945,93.0722885131836,165.19368743896484,84.6212158203125,87.30000305175781,60.82175827026367,99.98553466796876,10.832863807678224,38.04080412162036,193635.0,21.160888671875,25.376739501953125,22.956024169921875,21.405670166015625,34.25
1972-03-18 07:34:51,26.553363800048828,93.01204681396484,166.54459381103516,84.54545593261719,87.9000015258789,60.82175827026367,99.98553466796876,10.833646774291992,39.83218277196387,193635.0,23.0648193359375,25.59432983398437,21.7320556640625,20.5625,34.27499961853027
1972-03-18 07:34:52,26.4330997467041,93.01204681396484,165.7145233154297,84.54545593261719,86.79999542236328,60.82175827026367,99.98553466796876,10.834429740905762,40.00036843662728,193635.0,23.20082092285156,23.037628173828125,19.85531616210937,18.5225830078125,34.25
1972-03-18 07:34:53,26.34918975830078,93.01204681396484,165.2750701904297,84.6212158203125,87.9000015258789,60.82175827026367,99.98553466796876,10.835213661193848,38.980240418734894,193635.0,20.018524169921875,20.94329833984375,25.703125,20.834503173828125,34.25
1972-03-18 07:34:54,26.29237365722656,92.9518051147461,164.66471099853516,84.6212158203125,86.5,60.82175827026367,99.98553466796876,10.8433198928833,40.37743348169024,193635.0,21.704864501953125,26.32870483398437,21.92245483398437,21.106475830078125,34.25
1972-03-18 07:34:55,26.204730987548828,93.0722885131836,164.54264068603516,84.6212158203125,86.29999542236328,60.82175827026367,99.98553466796876,10.844193458557127,40.557327241789075,193635.0,18.30499267578125,21.568878173828125,21.704864501953125,23.39120483398437,34.25
1972-03-18 07:34:56,26.13492584228516,93.0722885131836,165.05533599853516,84.6212158203125,87.80000305175781,60.82175827026367,99.98553466796876,10.845067024230955,39.02132047430534,193635.0,23.74481201171875,22.79281616210937,22.412033081054688,22.901611328125,34.27499961853027
1972-03-18 07:34:57,26.042600631713867,93.0722885131836,164.7786407470703,84.6212158203125,87.80000305175781,60.82175827026367,99.98553466796876,10.845940589904783,38.27824148591937,193635.0,20.58970642089844,20.508102416992188,23.58160400390625,18.44097900390625,34.25
1972-03-18 07:34:58,25.97430419921875,92.9518051147461,164.16829681396484,84.6212158203125,87.5,60.82175827026367,99.98553466796876,10.846814155578612,36.79125578938959,193635.0,19.74653625488281,20.290512084960938,21.895263671875,21.106475830078125,34.27499961853027
1972-03-18 07:34:59,25.989574432373047,92.89157104492188,165.5517578125,84.6212158203125,87.4000015258789,60.82175827026367,99.98553466796876,10.84768772125244,40.067634853371,193635.0,23.717605590820312,23.66319274902344,20.64410400390625,22.08564758300781,34.25
1972-03-18 07:35:00,26.06437873840332,92.89157104492188,166.15396881103516,84.6212158203125,87.80000305175781,60.82175827026367,99.98553466796876,10.849303245544434,39.894330732988905,193635.0,21.868072509765625,25.59432983398437,21.35127258300781,21.160888671875,34.25
1972-03-18 07:35:01,26.1509017944336,92.89157104492188,165.60059356689453,84.54545593261719,87.0,60.82175827026367,99.98553466796876,10.85533046722412,40.39619975896028,193635.0,21.568878173828125,25.213531494140625,25.893524169921875,21.78646850585937,34.27499961853027
1972-03-18 07:35:02,26.21725082397461,93.0722885131836,164.697265625,84.54545593261719,86.29999542236328,60.82175827026367,99.98553466796876,10.857744216918944,40.63462077103669,193635.0,22.575241088867188,25.05035400390625,19.01214599609375,21.32406616210937,34.25
1972-03-18 07:35:03,26.25392341613769,93.0722885131836,165.19368743896484,84.6212158203125,87.0,60.82175827026367,99.98553466796876,10.858709335327148,40.315376156125524,193635.0,19.311355590820312,24.12557983398437,23.364013671875,22.08564758300781,34.25
1972-03-18 07:35:04,26.31961441040039,93.01204681396484,165.66568756103516,84.6212158203125,87.0,60.82175827026367,99.98553466796876,10.859673500061035,39.38382025787558,193635.0,22.357650756835938,22.140045166015625,21.759246826171875,20.508102416992188,34.25
1972-03-18 07:35:05,26.43352508544922,93.01204681396484,166.17838287353516,84.6212158203125,87.30000305175781,60.82175827026367,99.98553466796876,10.860637664794922,37.7968770699874,193635.0,22.629638671875,23.39120483398437,20.236114501953125,22.1944580078125,34.25
1972-03-18 07:35:06,26.5567569732666,92.9518051147461,163.80208587646484,84.54545593261719,87.0999984741211,60.82175827026367,99.98553466796876,10.861602783203123,38.961055530374104,193635.0,19.09375,24.75115966796875,23.771987915039062,19.66493225097656,34.27499961853027
1972-03-18 07:35:07,26.62782859802246,92.9518051147461,165.4622344970703,84.6212158203125,88.0999984741211,60.82175827026367,99.98553466796876,10.862566947937012,36.12421139959734,193635.0,23.092025756835938,25.104736328125,23.25521850585937,20.9976806640625,34.25
1972-03-18 07:35:08,26.642730712890625,93.01204681396484,165.64127349853516,84.6212158203125,87.30000305175781,60.82175827026367,99.98553466796876,10.863531112670898,39.29678481470833,193635.0,24.451980590820312,24.179977416992188,20.18170166015625,19.9913330078125,34.25
1972-03-18 07:35:09,26.569486618041992,93.0722885131836,165.8772735595703,84.6212158203125,87.19999694824219,60.82175827026367,99.98553466796876,10.864495277404783,39.46164636872066,193635.0,19.800933837890625,22.711227416992188,19.936920166015625,19.692138671875,34.25
1972-03-18 07:35:10,26.49602508544922,93.01204681396484,165.27506256103516,84.6212158203125,86.19999694824219,60.82175827026367,99.98553466796876,10.865460395812988,40.53457008534974,193635.0,22.765625,26.8726806640625,20.64410400390625,18.549774169921875,34.25
1972-03-18 07:35:11,26.445024490356445,92.89157104492188,165.21810150146484,84.6212158203125,86.4000015258789,60.82175827026367,99.98553466796876,10.866424560546877,39.866644971452544,193635.0,17.897003173828125,26.165512084960938,24.99594116210937,22.439239501953125,34.25
1972-03-18 07:35:12,26.438724517822266,92.9518051147461,165.05533599853516,84.6212158203125,87.5999984741211,60.82175827026367,99.98553466796876,10.867388725280762,36.69816915997439,193635.0,21.895263671875,23.472808837890625,23.66319274902344,20.64410400390625,34.25
1972-03-18 07:35:13,26.444080352783203,93.0722885131836,164.82747650146484,84.6212158203125,87.30000305175781,60.82175827026367,99.98553466796876,10.868353843688965,38.79244483354892,193635.0,20.91610717773437,25.567138671875,20.78009033203125,23.55439758300781,34.25
1972-03-18 07:35:14,26.42219352722168,92.9518051147461,165.98307037353516,84.6212158203125,87.19999694824219,60.82175827026367,99.98553466796876,10.872238159179688,38.66549636504113,193635.0,18.168991088867188,25.975128173828125,22.11285400390625,19.31134033203125,34.27499961853027
1972-03-18 07:35:15,26.31609916687012,92.9518051147461,164.9658203125,84.6212158203125,87.30000305175781,60.82175827026367,99.98553466796876,10.877626419067385,39.38084446752478,193635.0,21.405670166015625,24.370361328125,22.19444274902344,20.018524169921875,34.25
1972-03-18 07:35:16,26.20855712890625,92.9518051147461,165.66568756103516,84.6212158203125,86.5,60.82175827026367,99.98553466796876,10.880867004394531,40.434475146774226,193635.0,18.08740234375,25.78472900390625,19.01214599609375,19.800933837890625,34.25
1972-03-18 07:35:17,26.17926597595215,93.01204681396484,165.087890625,84.6212158203125,87.4000015258789,60.82175827026367,99.98553466796876,10.884149551391602,39.478854174445694,193635.0,21.24249267578125,19.229736328125,23.2008056640625,20.834503173828125,34.27499961853027
1972-03-18 07:35:18,26.22883415222168,93.13253021240234,164.8356170654297,84.6212158203125,87.30000305175781,60.82175827026367,99.98553466796876,10.88671875,39.4480910140252,193635.0,22.738433837890625,26.763885498046875,22.82002258300781,19.47454833984375,34.27499961853027
1972-03-18 07:35:19,26.281009674072266,93.01204681396484,166.27603912353516,84.6212158203125,86.69999694824219,60.82175827026367,99.98553466796876,10.88711166381836,39.67125975537234,193635.0,20.29052734375,24.96875,21.7320556640625,21.37847900390625,34.27499961853027
1972-03-18 07:35:20,26.324047088623047,93.01204681396484,163.76953125,84.6212158203125,87.0,60.81814193725586,99.98553466796876,10.888229370117188,39.8004978052198,193635.0,23.5,18.71295166015625,22.221649169921875,20.888885498046875,34.27499961853027
1972-03-18 07:35:21,26.30231094360352,92.9518051147461,165.96678924560547,84.6212158203125,86.69999694824219,60.82175827026367,99.98553466796876,10.887894630432127,40.09716717623933,193635.0,17.7882080078125,26.546295166015625,24.479156494140625,20.888885498046875,34.25
1972-03-18 07:35:22,26.327051162719727,92.9518051147461,165.4215545654297,84.6212158203125,87.0,60.82175827026367,99.98553466796876,10.890447616577148,39.49488750852444,193635.0,18.495391845703125,25.34954833984375,21.51446533203125,19.3929443359375,34.25
1972-03-18 07:35:23,26.37531471252441,92.9518051147461,165.35643768310547,84.6212158203125,87.30000305175781,60.82175827026367,99.98553466796876,10.892306327819824,37.89182587745488,193635.0,22.11285400390625,26.111114501953125,22.11285400390625,18.767364501953125,34.25
1972-03-18 07:35:24,26.459732055664062,93.0722885131836,165.37271881103516,84.6212158203125,87.30000305175781,60.82175827026367,99.98553466796876,10.902239799499512,39.61603371269243,193635.0,23.93519592285156,23.690399169921875,21.92245483398437,22.03125,34.27499961853027
1972-03-18 07:35:25,26.523452758789062,93.0722885131836,165.29947662353516,84.6212158203125,87.0,60.82175827026367,99.98553466796876,10.903475761413574,39.77250953693993,193635.0,20.50811767578125,23.445602416992188,25.376739501953125,21.106475830078125,34.25
1972-03-18 07:35:26,26.549928665161133,93.01204681396484,164.26595306396484,84.6212158203125,86.69999694824219,60.82175827026367,99.98553466796876,10.90471076965332,40.69319327585601,193635.0,18.98495483398437,22.60243225097656,19.365737915039062,21.21527099609375,34.25
1972-03-18 07:35:27,26.4939022064209,92.89157104492188,163.6555938720703,84.6212158203125,86.69999694824219,60.82175827026367,99.98553466796876,10.905946731567385,39.60673355442072,193635.0,17.162628173828125,22.765625,25.73031616210937,21.106475830078125,34.25
1972-03-18 07:35:28,26.42403030395508,92.89157104492188,165.0960235595703,84.6212158203125,86.29999542236328,60.82175827026367,99.98553466796876,10.907182693481444,39.95904705437539,193635.0,25.539947509765625,21.650466918945312,15.93865966796875,20.78009033203125,34.27499961853027
1972-03-18 07:35:29,26.400909423828125,92.9518051147461,164.73795318603516,84.6212158203125,86.9000015258789,60.82175827026367,99.98553466796876,10.91354751586914,38.83814132388554,193635.0,16.373855590820312,25.648727416992188,23.39120483398437,20.970489501953125,34.25
1972-03-18 07:35:30,26.40562057495117,93.0722885131836,165.2262420654297,84.6212158203125,87.30000305175781,60.82175827026367,99.98553466796876,10.91703987121582,39.060352567691055,193635.0,24.17999267578125,21.18807983398437,19.71932983398437,15.93865966796875,34.27499961853027
1972-03-18 07:35:31,26.45279693603516,93.0722885131836,164.4205780029297,84.6212158203125,87.19999694824219,60.82175827026367,99.98553466796876,10.91836643218994,38.41266939719158,193635.0,22.575241088867188,22.276031494140625,22.08564758300781,23.037628173828125,34.25
1972-03-18 07:35:32,26.46782493591309,93.01204681396484,164.93326568603516,84.6212158203125,87.30000305175781,60.82175827026367,99.98553466796876,10.926273345947266,40.08978304234208,193635.0,22.629638671875,20.018524169921875,22.004058837890625,17.815399169921875,34.25
1972-03-18 07:35:33,26.40565490722656,92.9518051147461,165.26692962646484,84.6212158203125,88.20000457763672,60.82175827026367,99.98553466796876,10.92768096923828,38.368599109747876,193635.0,24.207183837890625,23.88079833984375,24.642364501953125,20.290512084960938,34.25
1972-03-18 07:35:34,26.34054374694824,93.01204681396484,165.88541412353516,84.6212158203125,88.0999984741211,60.82175827026367,99.98553466796876,10.931282043457031,37.59727461871737,193635.0,23.717605590820312,26.845489501953125,21.895263671875,18.84896850585937,34.27499961853027
1972-03-18 07:35:35,26.33403778076172,93.0722885131836,166.2841796875,84.6212158203125,87.9000015258789,60.82175827026367,99.98553466796876,10.938587188720703,38.56670278460623,193635.0,20.45370483398437,25.295135498046875,24.642364501953125,19.637725830078125,34.27499961853027
1972-03-18 07:35:36,26.40147018432617,93.0722885131836,164.3880157470703,84.54545593261719,87.19999694824219,60.82175827026367,99.98553466796876,10.94667625427246,38.5125615753938,193635.0,23.907989501953125,23.364013671875,20.61689758300781,21.18807983398437,34.25
1972-03-18 07:35:37,26.47445678710937,92.9518051147461,164.90885162353516,84.6212158203125,86.79999542236328,60.82175827026367,99.98553466796876,10.949005126953123,38.30507671337096,193635.0,20.834503173828125,23.5,24.914352416992188,21.05209350585937,34.25
1972-03-18 07:35:38,26.51606559753418,92.83132934570312,165.15298461914062,84.6212158203125,86.4000015258789,60.82175827026367,99.98553466796876,10.951329231262209,39.98229714959407,193635.0,20.045730590820312,26.682281494140625,22.738433837890625,19.01214599609375,34.25
1972-03-18 07:35:39,26.47722053527832,92.83132934570312,164.7216796875,84.6212158203125,86.4000015258789,60.82175827026367,99.98553466796876,10.959531784057615,40.04781939719295,193635.0,20.698516845703125,23.907989501953125,22.738433837890625,19.01214599609375,34.25
1972-03-18 07:35:40,26.38873291015625,93.01204681396484,165.1204376220703,84.6212158203125,87.0,60.82175827026367,99.98553466796876,10.96706771850586,39.51551943666402,193635.0,18.903366088867188,23.772003173828125,23.55439758300781,19.692138671875,34.27499961853027
1972-03-18 07:35:41,26.363252639770508,93.1927719116211,165.51920318603516,84.6212158203125,86.19999694824219,60.82175827026367,99.98553466796876,10.971029281616213,41.06824029077835,193635.0,19.800933837890625,24.098388671875,23.39120483398437,20.508102416992188,34.25
1972-03-18 07:35:42,26.40142822265625,93.13253021240234,164.71353912353516,84.6212158203125,87.9000015258789,60.82175827026367,99.98553466796876,10.979413032531738,39.279576175383355,193635.0,19.9913330078125,25.73031616210937,21.568862915039062,21.51446533203125,34.27499961853027
1972-03-18 07:35:43,26.480186462402344,93.01204681396484,165.2994842529297,84.6212158203125,87.5,60.82175827026367,99.98553466796876,10.995927810668944,37.563061342147414,193635.0,19.202545166015625,25.703125,23.58160400390625,18.0601806640625,34.25
1972-03-18 07:35:44,26.51849174499512,92.89157104492188,164.01367950439453,84.54545593261719,86.69999694824219,60.82175827026367,99.98553466796876,11.008234977722168,39.11093538978116,193635.0,21.106491088867188,23.55439758300781,20.535308837890625,18.41377258300781,34.27499961853027
1972-03-18 07:35:45,26.485301971435547,92.9518051147461,165.1285858154297,84.54545593261719,86.9000015258789,60.82175827026367,99.98553466796876,11.013331413269045,39.25556840789732,193635.0,18.413787841796875,25.2679443359375,25.92071533203125,24.370361328125,34.27499961853027
1972-03-18 07:35:46,26.427295684814453,93.01204681396484,164.2252655029297,84.6212158203125,87.5,60.82175827026367,99.98553466796876,11.024333953857422,38.986359654358544,193635.0,20.7257080078125,20.04571533203125,22.54803466796875,20.61689758300781,34.27499961853027
1972-03-18 07:35:47,26.412309646606445,93.01204681396484,163.92415618896484,84.6212158203125,87.5,60.82175827026367,99.98553466796876,11.032525062561035,39.022650257729524,193635.0,19.501739501953125,22.629638671875,25.13194274902344,22.575225830078125,34.25
1972-03-18 07:35:48,26.442684173583984,93.0722885131836,164.38802337646484,84.6212158203125,87.0,60.82175827026367,99.98553466796876,11.041492462158203,37.552443228597056,193635.0,19.501739501953125,22.629638671875,25.13194274902344,22.575225830078125,34.25
1972-03-18 07:35:49,26.479476928710938,93.0722885131836,164.38802337646484,84.6212158203125,87.4000015258789,60.82175827026367,99.98553466796876,11.041492462158203,38.05177069989553,193635.0,22.9288330078125,28.015045166015625,23.880783081054688,18.11459350585937,34.25
1972-03-18 07:35:50,26.482484817504883,93.01204681396484,165.185546875,84.6212158203125,87.0,60.82175827026367,99.98553466796876,11.046168327331545,37.67828093142191,193635.0,20.80731201171875,23.5,23.146408081054688,21.242477416992188,34.25
1972-03-18 07:35:51,26.482484817504883,92.9518051147461,163.33821868896484,84.6212158203125,86.4000015258789,60.82175827026367,99.98553466796876,11.063315391540527,38.23384881891964,193635.0,24.85995483398437,22.60243225097656,19.202545166015625,20.5625,34.27499961853027
1972-03-18 07:35:52,26.43342399597168,92.83132934570312,164.59960174560547,84.6212158203125,88.30000305175781,60.82175827026367,99.98553466796876,11.07259464263916,38.752301564205716,193635.0,18.032989501953125,25.675933837890625,25.648727416992188,23.5,34.27499961853027
1972-03-18 07:35:53,26.34881019592285,92.89157104492188,164.7216796875,84.6212158203125,87.0999984741211,60.82175827026367,99.98915100097656,11.080471992492676,39.160338531666135,193635.0,26.08392333984375,20.752899169921875,19.501739501953125,19.47454833984375,34.27499961853027
1972-03-18 07:35:54,26.30819320678711,92.9518051147461,165.7470703125,84.54545593261719,88.20000457763672,60.82175827026367,99.98553466796876,11.086234092712402,37.90523908020477,193635.0,16.373855590820312,22.276031494140625,21.759246826171875,22.357635498046875,34.25
1972-03-18 07:35:55,26.317834854125977,93.0722885131836,166.5120391845703,84.54545593261719,86.9000015258789,60.82175827026367,99.98553466796876,11.095694541931152,39.35593495493047,193635.0,23.5,29.701385498046875,20.61689758300781,17.489013671875,34.27499961853027
1972-03-18 07:35:56,26.35627174377441,93.0722885131836,167.25260162353516,84.6212158203125,87.19999694824219,60.82175827026367,99.98553466796876,11.104486465454102,38.626183278855976,193635.0,21.54168701171875,21.92245483398437,23.227996826171875,21.623260498046875,34.25
1972-03-18 07:35:57,26.353561401367188,93.13253021240234,167.52928924560547,84.54545593261719,86.9000015258789,60.82175827026367,99.98553466796876,11.11484146118164,37.63988406624488,193635.0,23.58160400390625,27.68865966796875,19.71932983398437,19.501739501953125,34.25
1972-03-18 07:35:58,26.31159210205078,93.0722885131836,167.2607421875,84.6212158203125,86.69999694824219,60.82175827026367,99.98553466796876,11.120150566101074,39.852094824939044,193635.0,18.00579833984375,20.61689758300781,21.37847900390625,22.54803466796875,34.25
1972-03-18 07:35:59,26.241241455078125,92.89157104492188,167.3421173095703,84.6212158203125,86.19999694824219,60.82175827026367,99.98553466796876,11.129132270812988,39.10574381333058,193635.0,21.868072509765625,23.472808837890625,18.14178466796875,17.162628173828125,34.27499961853027
1972-03-18 07:36:00,26.210559844970703,92.9518051147461,168.9453125,84.6212158203125,86.9000015258789,60.82175827026367,99.98553466796876,11.138936042785645,39.08657940739121,193635.0,20.5625,26.410308837890625,20.208908081054688,16.917816162109375,34.27499961853027
1972-03-18 07:36:01,26.242549896240234,93.0722885131836,169.04297637939453,84.6212158203125,87.30000305175781,60.82175827026367,99.98553466796876,11.144410133361816,40.56452949539977,193635.0,22.9288330078125,23.772003173828125,23.092010498046875,16.101852416992188,34.27499961853027
1972-03-18 07:36:02,26.32954406738281,93.01204681396484,170.14974212646484,84.6212158203125,87.0,60.82175827026367,99.98553466796876,11.147725105285645,39.41408799483986,193635.0,17.815399169921875,20.888885498046875,24.31597900390625,20.7257080078125,34.27499961853027
1972-03-18 07:36:03,26.394775390625,93.01204681396484,170.4833984375,84.6212158203125,87.5999984741211,60.82175827026367,99.98553466796876,11.157651901245115,37.31898121063147,193635.0,23.11923217773437,28.776611328125,20.970489501953125,21.51446533203125,34.25
1972-03-18 07:36:04,26.40933418273925,92.9518051147461,171.0367889404297,84.6212158203125,86.19999694824219,60.82175827026367,99.98553466796876,11.17054271697998,42.14626620050402,193635.0,19.44735717773437,20.290512084960938,23.7991943359375,16.890625,34.27499961853027
1972-03-18 07:36:05,26.381460189819336,93.01204681396484,170.19857025146484,84.6212158203125,86.9000015258789,60.82175827026367,99.98915100097656,11.187273979187012,38.88402002879951,193635.0,19.01216125488281,24.234375,22.439239501953125,19.61053466796875,34.25
1972-03-18 07:36:06,26.38598823547364,93.01204681396484,171.0612030029297,84.6212158203125,86.4000015258789,60.82175827026367,99.98553466796876,11.197547912597656,39.92301814309631,193635.0,21.487274169921875,19.556137084960938,22.901611328125,22.221649169921875,34.27499961853027
1972-03-18 07:36:07,26.42869758605957,93.01204681396484,171.04492950439453,84.54545593261719,87.30000305175781,60.82175827026367,99.98553466796876,11.210807800292969,37.1991562795963,193635.0,18.38658142089844,24.914352416992188,21.07928466796875,18.087387084960938,34.27499961853027
1972-03-18 07:36:08,26.526254653930664,93.01204681396484,171.5413360595703,84.54545593261719,87.19999694824219,60.82175827026367,99.98553466796876,11.22348976135254,40.93086319460069,193635.0,22.65682983398437,20.58969116210937,22.956024169921875,22.140045166015625,34.27499961853027
1972-03-18 07:36:09,26.54378890991211,92.9518051147461,173.1689453125,84.6212158203125,87.19999694824219,60.82175827026367,99.98553466796876,11.225272178649902,38.192173082630156,193635.0,20.236114501953125,23.092010498046875,20.290496826171875,22.41204833984375,34.27499961853027
1972-03-18 07:36:10,26.50326538085937,92.9518051147461,172.34701538085938,84.6212158203125,87.5,60.82175827026367,99.98553466796876,11.233617782592772,40.470567695193445,193635.0,17.380218505859375,18.549774169921875,26.19271850585937,20.94329833984375,34.25
1972-03-18 07:36:11,26.406213760375977,92.9518051147461,171.96451568603516,84.6212158203125,87.0999984741211,60.82175827026367,99.98553466796876,11.242016792297363,40.02572667870566,193635.0,18.11459350585937,26.60069274902344,20.04571533203125,19.773727416992188,34.25
1972-03-18 07:36:12,26.333192825317383,93.01204681396484,170.89842987060547,84.6212158203125,87.19999694824219,60.82175827026367,99.98553466796876,11.249025344848633,40.831733650814414,193635.0,19.936920166015625,24.560760498046875,21.976852416992188,20.20892333984375,34.27499961853027
1972-03-18 07:36:13,26.3332576751709,93.0722885131836,172.2900390625,84.6212158203125,87.5999984741211,60.82175827026367,99.98553466796876,11.258256912231444,39.934189474577785,193635.0,23.364013671875,26.19271850585937,19.637725830078125,17.516204833984375,34.27499961853027
1972-03-18 07:36:14,26.384803771972656,93.01204681396484,172.0296173095703,84.54545593261719,88.0999984741211,60.82175827026367,99.98553466796876,11.266809463500977,38.08939166511726,193635.0,19.74653625488281,23.52719116210937,22.82002258300781,22.357635498046875,34.27499961853027
1972-03-18 07:36:15,26.42081642150879,92.9518051147461,169.62890625,84.6212158203125,86.4000015258789,60.82175827026367,99.98553466796876,11.273956298828123,39.92774736164876,193635.0,20.888900756835938,21.13368225097656,24.07118225097656,18.821762084960938,34.25
1972-03-18 07:36:16,26.410642623901367,93.01204681396484,172.98990631103516,84.6212158203125,86.9000015258789,60.81814193725586,99.98553466796876,11.285528182983398,39.960549970343294,193635.0,19.55615234375,23.472808837890625,21.32406616210937,23.173614501953125,34.27499961853027
1972-03-18 07:36:17,26.325252532958984,93.01204681396484,169.4987030029297,84.6212158203125,87.4000015258789,60.82175827026367,99.98915100097656,11.29572868347168,38.26214623460025,193635.0,23.636016845703125,26.19271850585937,23.9351806640625,22.11285400390625,34.27499961853027
1972-03-18 07:36:18,26.293800354003903,93.01204681396484,170.654296875,84.6212158203125,86.5999984741211,60.82175827026367,99.98553466796876,11.303824424743652,38.345796648716444,193635.0,17.9241943359375,22.439239501953125,23.010406494140625,24.61517333984375,34.27499961853027
1972-03-18 07:36:19,26.319860458374023,92.89157104492188,169.48242950439453,84.6212158203125,87.0999984741211,60.82175827026367,99.98553466796876,11.309014320373535,40.22327315370101,193635.0,21.269683837890625,26.981475830078125,21.296875,19.85531616210937,34.27499961853027
1972-03-18 07:36:20,26.3984603881836,92.9518051147461,170.703125,84.54545593261719,87.5999984741211,60.82175827026367,99.98553466796876,11.314953804016112,37.31486411226961,193635.0,20.50811767578125,22.765625,19.964111328125,22.575225830078125,34.25
1972-03-18 07:36:21,26.44467735290528,92.9518051147461,169.9788360595703,84.6212158203125,86.79999542236328,60.82175827026367,99.98553466796876,11.31944465637207,40.62494865530821,193635.0,22.221649169921875,21.432861328125,17.516204833984375,16.5914306640625,34.27499961853027
1972-03-18 07:36:22,26.44795227050781,93.13253021240234,170.97982025146484,84.6212158203125,87.5999984741211,60.82175827026367,99.98553466796876,11.323935508728027,38.24338455760221,193635.0,20.80731201171875,23.010406494140625,19.44732666015625,22.956024169921875,34.27499961853027
1972-03-18 07:36:23,26.38722419738769,93.0722885131836,169.75098419189453,84.6212158203125,86.69999694824219,60.82175827026367,99.98553466796876,11.33062744140625,39.43148208049367,193635.0,23.01043701171875,22.384841918945312,19.229736328125,17.760986328125,34.27499961853027
1972-03-18 07:36:24,26.36088752746582,93.01204681396484,170.03580474853516,84.6212158203125,87.0,60.82175827026367,99.98553466796876,11.342461585998535,40.10760050668935,193635.0,20.100128173828125,18.767364501953125,24.15277099609375,20.100128173828125,34.27499961853027
1972-03-18 07:36:25,26.39267539978028,92.89157104492188,170.068359375,84.6212158203125,87.5,60.82175827026367,99.98553466796876,11.352198600769045,38.29015210484829,193635.0,21.97686767578125,27.117477416992188,15.666656494140623,21.81365966796875,34.27499961853027
1972-03-18 07:36:26,26.46142578125,92.89157104492188,169.7916717529297,84.6212158203125,88.0,60.82175827026367,99.98553466796876,11.3568696975708,39.1863728076043,193635.0,20.99769592285156,18.57696533203125,25.104736328125,22.765625,34.25
1972-03-18 07:36:27,26.495912551879883,93.01204681396484,170.63802337646484,84.54545593261719,87.5,60.82175827026367,99.98553466796876,11.361541748046877,38.91298679356835,193635.0,22.983230590820312,28.69502258300781,15.013885498046877,19.936920166015625,34.27499961853027
1972-03-18 07:36:28,26.500469207763672,93.01204681396484,170.12532806396484,84.6212158203125,87.0,60.82175827026367,99.98553466796876,11.366212844848633,39.2801597941194,193635.0,16.292266845703125,21.37847900390625,24.28877258300781,23.52719116210937,34.27499961853027
1972-03-18 07:36:29,26.432764053344727,93.01204681396484,169.31966400146484,84.6212158203125,86.9000015258789,60.82175827026367,99.98553466796876,11.370884895324709,39.32291975520084,193635.0,17.86981201171875,24.234375,22.79281616210937,17.679397583007812,34.27499961853027
1972-03-18 07:36:30,26.38960266113281,93.01204681396484,169.873046875,84.6212158203125,86.9000015258789,60.82175827026367,99.98553466796876,11.375555992126465,38.22907811588413,193635.0,19.365753173828125,24.696762084960938,22.765625,21.759262084960938,34.27499961853027
1972-03-18 07:36:31,26.40799140930176,92.9518051147461,169.09993743896484,84.6212158203125,86.69999694824219,60.81814193725586,99.98553466796876,11.38022804260254,37.5628652794471,193635.0,19.55615234375,27.171875,19.474533081054688,14.279510498046877,34.27499961853027
1972-03-18 07:36:32,26.461669921875,92.9518051147461,169.51497650146484,84.6212158203125,87.5999984741211,60.81814193725586,99.98553466796876,11.38564109802246,38.17235678056409,193635.0,23.636016845703125,21.67767333984375,21.05209350585937,23.445602416992188,34.25
1972-03-18 07:36:33,26.50604820251465,93.01204681396484,170.39388275146484,84.54545593261719,87.9000015258789,60.82175827026367,99.98553466796876,11.396903038024902,37.798192001426514,193635.0,24.26158142089844,26.763885498046875,22.79281616210937,18.495361328125,34.27499961853027
1972-03-18 07:36:34,26.50638198852539,93.01204681396484,171.2809295654297,84.6212158203125,87.30000305175781,60.82175827026367,99.98553466796876,11.407535552978516,40.13422860711156,193636.0,18.06019592285156,22.493637084960938,23.690399169921875,25.322341918945312,34.27499961853027
1972-03-18 07:36:35,26.433874130249023,93.01204681396484,169.1569061279297,84.6212158203125,86.79999542236328,60.82175827026367,99.98553466796876,11.407225608825684,40.70697309748211,193636.0,23.826400756835938,27.579864501953125,19.284149169921875,20.48089599609375,34.27499961853027
1972-03-18 07:36:36,26.377620697021484,93.01204681396484,169.58821868896484,84.6212158203125,86.19999694824219,60.82175827026367,99.98553466796876,11.425174713134766,40.70088311410343,193636.0,19.936920166015625,24.832763671875,20.236114501953125,19.828125,34.27499961853027
1972-03-18 07:36:37,26.370376586914062,93.01204681396484,169.3766326904297,84.6212158203125,86.0,60.82175827026367,99.98553466796876,11.440374374389648,42.05971384248086,193636.0,20.970489501953125,22.357635498046875,20.426513671875,17.0538330078125,34.25
1972-03-18 07:36:38,26.4205265045166,92.9518051147461,169.73470306396484,84.6212158203125,87.80000305175781,60.82175827026367,99.98553466796876,11.454951286315918,38.73129321363431,193636.0,18.223388671875,23.14642333984375,17.951385498046875,24.85995483398437,34.27499961853027
1972-03-18 07:36:39,26.45432472229004,93.01204681396484,169.5231170654297,84.54545593261719,86.9000015258789,60.82175827026367,99.98553466796876,11.463057518005373,39.86382156480122,193636.0,19.420150756835938,20.290512084960938,22.711227416992188,18.468170166015625,34.27499961853027
1972-03-18 07:36:40,26.45008659362793,93.01204681396484,168.359375,84.54545593261719,86.9000015258789,60.82175827026367,99.98553466796876,11.468271255493164,38.860059406684556,193636.0,21.37847900390625,19.773727416992188,23.010406494140625,25.512725830078125,34.27499961853027
1972-03-18 07:36:41,26.381362915039062,93.01204681396484,169.03482818603516,84.6212158203125,87.80000305175781,60.82175827026367,99.98553466796876,11.48080825805664,37.911510536291544,193636.0,23.28240966796875,26.383102416992188,23.33680725097656,17.217010498046875,34.27499961853027
1972-03-18 07:36:42,26.34056854248047,93.01204681396484,170.01953125,84.6212158203125,87.30000305175781,60.82175827026367,99.98553466796876,11.491241455078123,39.650426747373146,193636.0,20.91610717773437,21.46006774902344,24.207183837890625,20.58969116210937,34.27499961853027
1972-03-18 07:36:43,26.34848022460937,92.9518051147461,169.0266876220703,84.6212158203125,87.5,60.82175827026367,99.98553466796876,11.493674278259276,38.51657990565066,193636.0,22.357650756835938,22.874420166015625,20.1273193359375,19.501739501953125,34.27499961853027
1972-03-18 07:36:44,26.40348243713379,92.9518051147461,170.01953125,84.6212158203125,88.0,60.81814193725586,99.98553466796876,11.499005317687988,38.13020502954953,193636.0,21.07928466796875,23.744781494140625,21.05209350585937,23.119216918945312,34.27499961853027
1972-03-18 07:36:45,26.45375633239746,92.9518051147461,168.9697265625,84.6212158203125,86.5999984741211,60.82175827026367,99.98553466796876,11.509466171264648,41.33596589380627,193636.0,22.52084350585937,22.82002258300781,19.420135498046875,18.27777099609375,34.27499961853027
1972-03-18 07:36:46,26.454145431518555,93.01204681396484,169.66146087646484,84.6212158203125,86.9000015258789,60.82175827026367,99.98553466796876,11.517796516418455,39.64641149115356,193636.0,20.34490966796875,23.98959350585937,21.18807983398437,20.20892333984375,34.27499961853027
1972-03-18 07:36:47,26.39179420471192,93.0722885131836,170.2229766845703,84.6212158203125,88.4000015258789,60.82175827026367,99.98553466796876,11.525421142578123,38.856201833054946,193636.0,21.65048217773437,28.66781616210937,20.8616943359375,20.39930725097656,34.27499961853027
1972-03-18 07:36:48,26.33360481262207,93.01204681396484,170.80077362060547,84.54545593261719,87.5999984741211,60.82175827026367,99.98553466796876,11.53161334991455,38.704570411692615,193636.0,23.11923217773437,21.650466918945312,20.018524169921875,21.94964599609375,34.27499961853027
1972-03-18 07:36:49,26.3166561126709,92.9518051147461,169.7021484375,84.54545593261719,87.30000305175781,60.82175827026367,99.98553466796876,11.53853988647461,39.40045024075726,193636.0,19.47454833984375,27.634262084960938,18.767364501953125,20.671295166015625,34.27499961853027
1972-03-18 07:36:50,26.359783172607425,92.9518051147461,169.6451873779297,84.6212158203125,87.4000015258789,60.82175827026367,99.98553466796876,11.546960830688477,39.292059011362994,193636.0,20.94329833984375,23.907989501953125,24.179977416992188,22.303253173828125,34.27499961853027
1972-03-18 07:36:51,26.41447257995605,92.9518051147461,169.09178924560547,84.6212158203125,87.0,60.82175827026367,99.98553466796876,11.556885719299316,38.14217111082116,193636.0,21.65048217773437,26.981475830078125,15.77545166015625,20.45370483398437,34.27499961853027
1972-03-18 07:36:52,26.43203926086425,92.89157104492188,169.73470306396484,84.6212158203125,86.5999984741211,60.82175827026367,99.98553466796876,11.562460899353027,38.09697387090679,193636.0,17.543411254882812,23.010406494140625,25.349533081054688,19.17535400390625,34.27499961853027
1972-03-18 07:36:53,26.376150131225582,92.9518051147461,168.43260955810547,84.6212158203125,86.5,60.82175827026367,99.98553466796876,11.568037033081056,41.04328700769321,193636.0,23.717605590820312,23.173614501953125,17.70660400390625,19.828125,34.27499961853027
1972-03-18 07:36:54,26.33096504211425,93.0722885131836,168.82324981689453,84.6212158203125,87.69999694824219,60.82175827026367,99.98553466796876,11.573613166809082,37.97636683902199,193636.0,20.18173217773437,22.276031494140625,24.234375,22.03125,34.27499961853027
1972-03-18 07:36:55,26.3289852142334,93.0722885131836,169.54752349853516,84.6212158203125,87.80000305175781,60.82175827026367,99.98553466796876,11.579188346862791,39.749639868122,193636.0,21.568878173828125,26.81829833984375,17.489013671875,19.501739501953125,34.27499961853027
1972-03-18 07:36:56,26.38823509216309,93.01204681396484,168.78255462646484,84.54545593261719,86.4000015258789,60.82175827026367,99.98553466796876,11.586965560913086,41.21659453698526,193636.0,23.25521850585937,20.508102416992188,23.880783081054688,25.92071533203125,34.27499961853027
1972-03-18 07:36:57,26.44862174987793,92.89157104492188,169.43359375,84.6212158203125,86.5,60.82175827026367,99.98553466796876,11.59768295288086,39.66024968458598,193636.0,22.49365234375,26.899887084960938,24.5335693359375,18.19618225097656,34.27499961853027
1972-03-18 07:36:58,26.478900909423828,92.9518051147461,169.7998046875,84.6212158203125,86.29999542236328,60.82175827026367,99.98553466796876,11.61066436767578,40.484053024764144,193636.0,17.815399169921875,23.744781494140625,22.19444274902344,23.853591918945312,34.27499961853027
1972-03-18 07:36:59,26.44750022888184,93.0722885131836,168.51399993896484,84.6212158203125,87.19999694824219,60.82175827026367,99.98553466796876,11.61642074584961,38.92984541371273,193636.0,20.58970642089844,26.19271850585937,21.05209350585937,17.897003173828125,34.27499961853027
1972-03-18 07:37:00,26.37557411193848,93.13253021240234,169.81607818603516,84.6212158203125,87.19999694824219,60.82175827026367,99.98553466796876,11.625861167907717,40.07990166900762,193636.0,18.223388671875,25.13194274902344,20.671295166015625,24.207183837890625,34.27499961853027
1972-03-18 07:37:01,26.35429954528809,93.13253021240234,169.24642181396484,84.6212158203125,87.0999984741211,60.82175827026367,99.98553466796876,11.635333061218262,38.655030674353775,193636.0,23.14642333984375,26.056716918945312,22.901611328125,21.4600830078125,34.27499961853027
1972-03-18 07:37:02,26.39825439453125,92.9518051147461,169.4742889404297,84.54545593261719,87.80000305175781,60.82175827026367,99.98553466796876,11.647761344909668,38.0810225914374,193636.0,18.168991088867188,25.893524169921875,19.338531494140625,21.51446533203125,34.27499961853027
1972-03-18 07:37:03,26.44102096557617,92.83132934570312,169.4010467529297,84.54545593261719,86.79999542236328,60.82175827026367,99.98553466796876,11.652956008911133,37.97212233394481,193636.0,21.296875,23.58160400390625,23.173614501953125,19.71932983398437,34.27499961853027
1972-03-18 07:37:04,26.43882942199707,92.89157104492188,169.6451873779297,84.6212158203125,86.9000015258789,60.82175827026367,99.98553466796876,11.6559476852417,40.3321608583622,193636.0,20.372116088867188,23.14642333984375,22.711227416992188,23.037628173828125,34.27499961853027
1972-03-18 07:37:05,26.38848114013672,93.0722885131836,170.0439453125,84.6212158203125,87.5999984741211,60.82175827026367,99.98553466796876,11.661105155944824,38.265627353604195,193636.0,19.964141845703125,24.01678466796875,25.431121826171875,18.685760498046875,34.27499961853027
1972-03-18 07:37:06,26.303131103515625,93.13253021240234,169.1324920654297,84.6212158203125,86.4000015258789,60.82175827026367,99.98553466796876,11.67209243774414,39.35661723330173,193636.0,22.41204833984375,21.840850830078125,22.956024169921875,22.65682983398437,34.27499961853027
1972-03-18 07:37:07,26.27091789245605,93.0722885131836,169.49056243896484,84.6212158203125,86.5999984741211,60.82175827026367,99.98915100097656,11.678030014038086,40.15732034358375,193636.0,24.451980590820312,26.1383056640625,20.426513671875,18.19618225097656,34.27499961853027
1972-03-18 07:37:08,26.31791877746582,92.9518051147461,170.0439453125,84.6212158203125,88.0,60.82175827026367,99.98553466796876,11.68837070465088,39.033233177532466,193636.0,19.692138671875,23.7991943359375,23.71759033203125,20.426513671875,34.27499961853027
1972-03-18 07:37:09,26.361194610595703,92.89157104492188,169.677734375,84.6212158203125,87.4000015258789,60.82175827026367,99.98553466796876,11.705347061157228,40.44966137413466,193636.0,25.512741088867188,24.424774169921875,18.549774169921875,19.964111328125,34.27499961853027
1972-03-18 07:37:10,26.376829147338867,92.89157104492188,169.44173431396484,84.6212158203125,87.0999984741211,60.82175827026367,99.98915100097656,11.719531059265137,37.862330578625944,193636.0,20.26332092285156,20.807281494140625,23.5,21.05209350585937,34.27499961853027
1972-03-18 07:37:11,26.328834533691406,93.0722885131836,169.4010467529297,84.6212158203125,86.9000015258789,60.82175827026367,99.98553466796876,11.733065605163574,40.27859664506213,193636.0,21.160888671875,27.38946533203125,19.3929443359375,20.5625,34.27499961853027
1972-03-18 07:37:12,26.283504486083984,93.1927719116211,169.970703125,84.6212158203125,87.30000305175781,60.82175827026367,99.98553466796876,11.747455596923828,39.43178894010113,193636.0,23.037628173828125,21.242477416992188,22.901611328125,23.853591918945312,34.27499961853027
1972-03-18 07:37:13,26.29239082336425,93.13253021240234,169.0348358154297,84.6212158203125,86.69999694824219,60.82175827026367,99.98553466796876,11.75900173187256,40.250123016064464,193636.0,18.14178466796875,24.12557983398437,24.85995483398437,19.773727416992188,34.27499961853027
1972-03-18 07:37:14,26.382192611694336,92.89157104492188,169.3603515625,84.54545593261719,86.69999694824219,60.82175827026367,99.98915100097656,11.765480995178224,40.54823416101384,193636.0,20.1273193359375,22.3304443359375,18.84896850585937,24.72396850585937,34.27499961853027
1972-03-18 07:37:15,26.413936614990234,92.83132934570312,169.0673828125,84.54545593261719,88.30000305175781,60.82175827026367,99.98553466796876,11.778558731079102,38.93517584202199,193636.0,20.752899169921875,27.38946533203125,21.242477416992188,18.495361328125,34.27499961853027
1972-03-18 07:37:16,26.409114837646484,92.89157104492188,170.17415618896484,84.6212158203125,86.9000015258789,60.82175827026367,99.98553466796876,11.790966987609863,41.29374933464452,193636.0,18.767364501953125,25.18634033203125,24.39756774902344,21.37847900390625,34.27499961853027
1972-03-18 07:37:17,26.40464401245117,92.9518051147461,169.8974609375,84.6212158203125,87.30000305175781,60.82175827026367,99.98553466796876,11.808586120605469,39.76854422226297,193636.0,22.357650756835938,25.18634033203125,22.357635498046875,21.160888671875,34.27499961853027
1972-03-18 07:37:18,26.385019302368164,93.13253021240234,168.84765625,84.6212158203125,86.5999984741211,60.82175827026367,99.98553466796876,11.821218490600586,38.9439131478574,193636.0,19.148162841796875,22.711227416992188,24.5335693359375,23.092010498046875,34.27499961853027
1972-03-18 07:37:19,26.410415649414062,93.13253021240234,169.580078125,84.6212158203125,87.0,60.82175827026367,99.98553466796876,11.834656715393066,40.597032902654384,193636.0,18.223388671875,28.314239501953125,23.771987915039062,20.072921752929688,34.27499961853027
1972-03-18 07:37:20,26.49964714050293,93.0722885131836,169.41732025146484,84.6212158203125,86.69999694824219,60.82175827026367,99.98553466796876,11.84230613708496,40.93264212977528,193636.0,22.41204833984375,26.60069274902344,24.07118225097656,21.840850830078125,34.27499961853027
1972-03-18 07:37:21,26.56181907653809,92.89157104492188,169.4580078125,84.6212158203125,86.79999542236328,60.81814193725586,99.98915100097656,11.850713729858398,38.21636555337363,193636.0,21.868072509765625,25.893524169921875,23.58160400390625,18.84896850585937,34.27499961853027
1972-03-18 07:37:22,26.57822608947754,92.89157104492188,169.53125,84.6212158203125,86.5999984741211,60.82175827026367,99.98553466796876,11.863511085510254,39.03934072235066,193636.0,19.284149169921875,22.575225830078125,19.420135498046875,22.874420166015625,34.27499961853027
1972-03-18 07:37:23,26.50165557861328,92.89157104492188,168.26985931396484,84.6212158203125,87.19999694824219,60.82175827026367,99.98553466796876,11.874944686889648,39.73834078232394,193636.0,21.81365966796875,25.13194274902344,19.828125,18.223388671875,34.27499961853027
1972-03-18 07:37:24,26.40950584411621,93.0722885131836,169.9300079345703,84.6212158203125,87.0,60.82175827026367,99.98553466796876,11.883481979370115,39.5510699082715,193636.0,16.83624267578125,20.45370483398437,23.55439758300781,24.234375,34.27499961853027
1972-03-18 07:37:25,26.33171272277832,93.1927719116211,168.603515625,84.54545593261719,86.5999984741211,60.82175827026367,99.98915100097656,11.906675338745115,40.78285940408395,193636.0,22.41204833984375,25.975128173828125,21.32406616210937,18.7945556640625,34.27499961853027
1972-03-18 07:37:26,26.411849975585938,93.01204681396484,168.02571868896484,84.6212158203125,87.0999984741211,60.81814193725586,99.98553466796876,11.913969039916992,40.234485047607436,193636.0,17.625,22.738433837890625,24.88714599609375,20.61689758300781,34.27499961853027
1972-03-18 07:37:27,26.48528861999512,92.89157104492188,168.60350799560547,84.6212158203125,86.9000015258789,60.82175827026367,99.98553466796876,11.927109718322754,39.825263851819955,193636.0,22.54803466796875,24.778350830078125,21.78646850585937,23.309600830078125,34.27499961853027
1972-03-18 07:37:28,26.456863403320312,92.83132934570312,167.98502349853516,84.6212158203125,87.0,60.82175827026367,99.98553466796876,11.935951232910156,39.489995974339585,193636.0,20.888900756835938,21.86805725097656,21.78646850585937,20.5625,34.27499961853027
1972-03-18 07:37:29,26.36956787109375,93.01204681396484,168.48958587646484,84.6212158203125,86.5,60.82175827026367,99.98553466796876,11.94333553314209,41.13702625804615,193636.0,20.48091125488281,20.39930725097656,22.4664306640625,21.650466918945312,34.27499961853027
1972-03-18 07:37:30,26.25764846801757,93.1927719116211,167.88736724853516,84.6212158203125,87.5999984741211,60.82175827026367,99.98553466796876,11.950719833374023,38.844994068965626,193636.0,20.535308837890625,26.573486328125,21.432861328125,20.8616943359375,34.27499961853027
1972-03-18 07:37:31,26.20524024963379,93.13253021240234,167.9524688720703,84.6212158203125,87.4000015258789,60.82175827026367,99.98553466796876,11.95810317993164,37.85989773851884,193636.0,21.5960693359375,25.104736328125,19.637725830078125,20.04571533203125,34.27499961853027
1972-03-18 07:37:32,26.238201141357425,92.89157104492188,167.61881256103516,84.6212158203125,86.79999542236328,60.82175827026367,99.98553466796876,11.965487480163574,38.650033068307096,193636.0,22.575241088867188,19.202545166015625,22.03125,22.79281616210937,34.27499961853027
1972-03-18 07:37:33,26.30052375793457,92.83132934570312,167.48046875,84.6212158203125,86.29999542236328,60.82175827026367,99.98915100097656,11.978742599487305,38.82367826816773,193636.0,21.94966125488281,27.634262084960938,17.40740966796875,16.292236328125,34.27499961853027
1972-03-18 07:37:34,26.323017120361328,92.9518051147461,168.93717193603516,84.6212158203125,86.79999542236328,60.82175827026367,99.98915100097656,11.987651824951172,40.326909618992815,193636.0,19.74653625488281,22.60243225097656,23.010406494140625,22.82002258300781,34.27499961853027
1972-03-18 07:37:35,26.347976684570312,93.0722885131836,168.9208984375,84.6212158203125,87.69999694824219,60.82175827026367,99.98553466796876,11.995125770568848,37.83461793054083,193636.0,22.11285400390625,25.92071533203125,19.09375,19.31134033203125,34.27499961853027
1972-03-18 07:37:36,26.34505081176757,93.13253021240234,169.384765625,84.6212158203125,87.5,60.82175827026367,99.98553466796876,12.00260066986084,39.51437991125942,193636.0,24.234375,24.098388671875,22.54803466796875,21.650466918945312,34.27499961853027
1972-03-18 07:37:37,26.383241653442383,93.01204681396484,168.98600006103516,84.6212158203125,87.69999694824219,60.82175827026367,99.98553466796876,12.016664505004885,39.99479830603719,193636.0,21.75927734375,20.20892333984375,24.88714599609375,21.94964599609375,34.27499961853027
1972-03-18 07:37:38,26.47710418701172,92.9518051147461,169.07552337646484,84.6212158203125,86.79999542236328,60.82175827026367,99.98915100097656,12.030091285705566,39.40817878133602,193636.0,21.4600830078125,20.181716918945312,21.623260498046875,24.88714599609375,34.27499961853027
1972-03-18 07:37:39,26.622583389282227,93.01204681396484,168.87206268310547,84.6212158203125,86.9000015258789,60.82175827026367,99.98553466796876,12.042840957641602,39.35560511569756,193636.0,18.196197509765625,25.18634033203125,19.71932983398437,16.482635498046875,34.27499961853027
1972-03-18 07:37:40,26.718812942504883,93.01204681396484,169.07552337646484,84.6212158203125,87.9000015258789,60.82175827026367,99.98553466796876,12.054920196533203,38.67739169622582,193636.0,20.18173217773437,19.936920166015625,23.66319274902344,26.19271850585937,34.27499961853027
1972-03-18 07:37:41,26.745023727416992,92.9518051147461,168.8720703125,84.6212158203125,86.4000015258789,60.82175827026367,99.98915100097656,12.06780242919922,39.553206564354326,193636.0,21.32408142089844,26.845489501953125,20.807281494140625,14.959503173828123,34.27499961853027
1972-03-18 07:37:42,26.681066513061523,92.9518051147461,168.994140625,84.6212158203125,86.79999542236328,60.82175827026367,99.98915100097656,12.07925796508789,40.05150050080198,193636.0,17.434616088867188,22.98321533203125,25.73031616210937,20.1273193359375,34.27499961853027
1972-03-18 07:37:43,26.64227867126465,93.01204681396484,169.09993743896484,84.6212158203125,86.69999694824219,60.82175827026367,99.98915100097656,12.095911026000977,40.39248159412072,193636.0,21.4600830078125,26.19271850585937,22.65682983398437,20.290512084960938,34.27499961853027
1972-03-18 07:37:44,26.64280128479004,92.9518051147461,168.5302734375,84.54545593261719,87.5999984741211,60.82175827026367,99.98553466796876,12.1082763671875,38.906181844422676,193636.0,23.25521850585937,24.343170166015625,20.39930725097656,20.834503173828125,34.27499961853027
1972-03-18 07:37:45,26.67279815673828,93.01204681396484,168.70117950439453,84.6212158203125,87.5,60.82175827026367,99.98915100097656,12.116293907165527,39.082120085570686,193636.0,19.882537841796875,24.75115966796875,25.13194274902344,17.733795166015625,34.27499961853027
1972-03-18 07:37:46,26.65402030944824,93.01204681396484,168.798828125,84.6212158203125,86.79999542236328,60.82175827026367,99.98915100097656,12.127957344055176,40.497453375937965,193636.0,17.978607177734375,24.424774169921875,21.46006774902344,22.629638671875,34.27499961853027
1972-03-18 07:37:47,26.552175521850582,93.13253021240234,167.7164764404297,84.6212158203125,86.69999694824219,60.82175827026367,99.98553466796876,12.143349647521973,40.16426335287865,193636.0,20.91610717773437,28.042236328125,19.44732666015625,19.964111328125,34.27499961853027
1972-03-18 07:37:48,26.417133331298828,93.01204681396484,169.0266876220703,84.6212158203125,87.30000305175781,60.82175827026367,99.98553466796876,12.155156135559082,39.884302781204525,193636.0,20.91610717773437,20.5625,24.01678466796875,26.7366943359375,34.27499961853027
1972-03-18 07:37:49,26.27971839904785,93.01204681396484,167.4153594970703,84.6212158203125,87.19999694824219,60.82175827026367,99.98915100097656,12.16335391998291,40.07136579600978,193636.0,24.91436767578125,24.587966918945312,23.771987915039062,16.890625,34.27499961853027
1972-03-18 07:37:50,26.169464111328125,93.01204681396484,169.34407806396484,84.6212158203125,87.4000015258789,60.82175827026367,99.98553466796876,12.171551704406738,39.59721073886237,193636.0,14.741912841796877,24.696762084960938,24.6695556640625,23.7991943359375,34.27499961853027
1972-03-18 07:37:51,26.15616035461425,92.9518051147461,168.2373046875,84.6212158203125,87.19999694824219,60.82175827026367,99.98553466796876,12.181966781616213,40.19289421462763,193636.0,23.74481201171875,27.035888671875,23.98959350585937,21.4600830078125,34.27499961853027
1972-03-18 07:37:52,26.125844955444336,93.01204681396484,169.68587493896484,84.6212158203125,87.30000305175781,60.82175827026367,99.98915100097656,12.19532871246338,40.29622352804354,193636.0,22.956024169921875,21.895263671875,25.431121826171875,25.159149169921875,34.27499961853027
1972-03-18 07:37:53,26.076148986816406,93.01204681396484,168.47330474853516,84.6212158203125,87.5999984741211,60.82175827026367,99.98915100097656,12.205811500549316,40.403749371315854,193636.0,19.964141845703125,26.60069274902344,23.037612915039062,22.79281616210937,34.27499961853027
1972-03-18 07:37:54,26.000633239746094,92.9518051147461,168.6116485595703,84.6212158203125,86.9000015258789,60.82175827026367,99.98553466796876,12.222160339355469,41.18921640690678,193636.0,19.692138671875,23.309600830078125,23.11920166015625,19.773727416992188,34.27499961853027
1972-03-18 07:37:55,25.984519958496094,93.01204681396484,168.7662811279297,84.6212158203125,87.0999984741211,60.82175827026367,99.98553466796876,12.23570442199707,40.11399174888567,193636.0,17.244232177734375,26.546295166015625,21.5960693359375,20.04571533203125,34.27499961853027
1972-03-18 07:37:56,26.04005622863769,93.0722885131836,168.0338592529297,84.6212158203125,87.0999984741211,60.82175827026367,99.98553466796876,12.248578071594238,40.94342548087752,193636.0,21.94966125488281,20.34490966796875,23.33680725097656,24.587966918945312,34.27499961853027
1972-03-18 07:37:57,26.17169570922852,93.01204681396484,167.48860931396484,84.6212158203125,87.69999694824219,60.82175827026367,99.98915100097656,12.25638484954834,39.45758432055489,193636.0,20.48091125488281,26.056716918945312,19.338531494140625,20.752899169921875,34.27499961853027
1972-03-18 07:37:58,26.31325912475586,92.9518051147461,168.0419921875,84.54545593261719,86.5,60.82175827026367,99.98915100097656,12.27077865600586,40.01187730170924,193636.0,20.99769592285156,22.54803466796875,23.635986328125,20.20892333984375,34.27499961853027
1972-03-18 07:37:59,26.40509605407715,93.01204681396484,168.6767578125,84.54545593261719,87.4000015258789,60.82175827026367,99.98553466796876,12.28670597076416,39.976230643515635,193636.0,21.21528625488281,24.88714599609375,21.37847900390625,20.48089599609375,34.27499961853027
1972-03-18 07:38:00,26.438968658447266,93.01204681396484,169.83235931396484,84.54545593261719,87.5,60.82175827026367,99.98553466796876,12.307103157043455,39.886542380212894,193636.0,24.17999267578125,23.88079833984375,23.173614501953125,24.424774169921875,34.27499961853027
1972-03-18 07:38:01,26.49078369140625,93.01204681396484,168.96158599853516,84.6212158203125,87.19999694824219,60.82175827026367,99.98915100097656,12.31739330291748,39.700838661367435,193636.0,20.8616943359375,27.171875,26.21990966796875,18.27777099609375,34.27499961853027
1972-03-18 07:38:02,26.56327438354492,92.9518051147461,167.81412506103516,84.6212158203125,86.9000015258789,60.82175827026367,99.98553466796876,12.33210563659668,39.6835050333867,193636.0,20.94329833984375,21.840850830078125,18.84896850585937,20.508102416992188,34.27499961853027
1972-03-18 07:38:03,26.664772033691406,93.01204681396484,168.5953826904297,84.6212158203125,87.19999694824219,60.82175827026367,99.98553466796876,12.34102725982666,39.09215237174196,193636.0,20.18173217773437,27.93344116210937,21.51446533203125,20.100128173828125,34.27499961853027
1972-03-18 07:38:04,26.689979553222656,93.01204681396484,168.5302734375,84.6212158203125,87.4000015258789,60.82175827026367,99.98915100097656,12.34994888305664,38.914326464586175,193636.0,19.12095642089844,20.39930725097656,22.54803466796875,25.1319580078125,34.27499961853027
1972-03-18 07:38:05,26.658159255981445,93.01204681396484,168.5791015625,84.6212158203125,87.19999694824219,60.82175827026367,99.98553466796876,12.35887050628662,39.13931052957049,193636.0,22.46644592285156,27.443878173828125,22.3304443359375,21.05209350585937,34.27499961853027
1972-03-18 07:38:06,26.53839683532715,92.83132934570312,169.1975860595703,84.54545593261719,86.69999694824219,60.82175827026367,99.98553466796876,12.375856399536133,38.28318794850825,193636.0,17.70660400390625,26.546295166015625,23.092010498046875,23.690399169921875,34.27499961853027
1972-03-18 07:38:07,26.445730209350582,92.83132934570312,168.32682037353516,84.54545593261719,87.0,60.82175827026367,99.98553466796876,12.39145851135254,38.387613603834474,193636.0,21.840866088867188,25.295135498046875,23.11920166015625,18.44097900390625,34.27499961853027
1972-03-18 07:38:08,26.38851547241211,93.0722885131836,168.57910919189453,84.6212158203125,87.4000015258789,60.82175827026367,99.98915100097656,12.40056037902832,38.2245471002839,193636.0,19.17535400390625,23.7991943359375,24.96875,22.41204833984375,34.27499961853027
1972-03-18 07:38:09,26.42436981201172,93.13253021240234,168.42447662353516,84.6212158203125,87.0999984741211,60.82175827026367,99.98915100097656,12.409663200378418,41.33400120398615,193636.0,19.365753173828125,27.307861328125,23.11920166015625,16.97222900390625,34.27499961853027
1972-03-18 07:38:10,26.420215606689453,93.13253021240234,168.310546875,84.6212158203125,85.79999542236328,60.82175827026367,99.98915100097656,12.4187650680542,39.69440308199612,193636.0,19.47454833984375,21.78646850585937,22.65682983398437,22.3304443359375,34.27499961853027
1972-03-18 07:38:11,26.366029739379883,93.01204681396484,168.3919219970703,84.6212158203125,86.4000015258789,60.82175827026367,99.98553466796876,12.433722496032717,40.37625870869764,193636.0,19.77374267578125,26.08392333984375,20.72569274902344,19.31134033203125,34.27499961853027
1972-03-18 07:38:12,26.21503257751465,92.83132934570312,168.5791015625,84.6212158203125,86.5999984741211,60.82175827026367,99.98553466796876,12.450212478637695,41.559209113761,193636.0,20.535308837890625,21.296875,23.58160400390625,24.098388671875,34.27499961853027
1972-03-18 07:38:13,26.162628173828125,92.83132934570312,167.919921875,84.6212158203125,86.69999694824219,60.82175827026367,99.98915100097656,12.460952758789062,39.337711580700734,193636.0,22.248855590820312,24.75115966796875,22.276031494140625,21.4600830078125,34.27499961853027
1972-03-18 07:38:14,26.162277221679688,93.13253021240234,168.48958587646484,84.6212158203125,86.4000015258789,60.82175827026367,99.98553466796876,12.472430229187012,41.87824796990034,193636.0,20.426513671875,24.207183837890625,24.234375,23.853591918945312,34.27499961853027
1972-03-18 07:38:15,26.25202178955078,93.25301361083984,168.63607025146484,84.54545593261719,86.5,60.82175827026367,99.98553466796876,12.485417366027832,39.56682587865692,193636.0,21.32408142089844,27.362274169921875,18.767364501953125,18.74017333984375,34.27499961853027
1972-03-18 07:38:16,26.320098876953125,93.1927719116211,167.70833587646484,84.54545593261719,86.5999984741211,60.82175827026367,99.98553466796876,12.501346588134766,40.00081931620939,193636.0,21.65048217773437,22.24884033203125,22.629638671875,20.834503173828125,34.27499961853027
1972-03-18 07:38:17,26.38147735595703,92.89157104492188,169.0348358154297,84.6212158203125,86.69999694824219,60.82175827026367,99.98553466796876,12.512984275817873,42.086708360891215,193636.0,18.71298217773437,28.232635498046875,24.506362915039062,21.67767333984375,34.27499961853027
1972-03-18 07:38:18,26.40960693359375,92.77108001708984,167.56998443603516,84.6212158203125,86.79999542236328,60.82175827026367,99.98553466796876,12.522448539733888,40.82855085568357,193636.0,20.45370483398437,24.343170166015625,17.70660400390625,24.179977416992188,34.27499961853027
1972-03-18 07:38:19,26.395551681518555,92.83132934570312,169.9381561279297,84.6212158203125,88.0,60.82175827026367,99.98553466796876,12.539969444274902,40.74875847892505,193636.0,20.372116088867188,29.320602416992188,22.98321533203125,18.604171752929688,34.27499961853027
1972-03-18 07:38:20,26.423662185668945,92.9518051147461,167.58626556396484,84.6212158203125,87.19999694824219,60.82175827026367,99.98553466796876,12.556121826171877,41.238677517172604,193636.0,24.343170166015625,21.840850830078125,21.46006774902344,24.098388671875,34.27499961853027
1972-03-18 07:38:21,26.51679420471192,93.0722885131836,167.8466796875,84.6212158203125,87.0,60.82175827026367,99.98553466796876,12.565766334533691,38.840738929440924,193636.0,23.14642333984375,24.370361328125,21.106475830078125,20.5625,34.27499961853027
1972-03-18 07:38:22,26.56143569946289,93.01204681396484,167.7490234375,84.6212158203125,86.79999542236328,60.81814193725586,99.98915100097656,12.580540657043455,40.33211880473726,193636.0,17.815399169921875,23.9351806640625,20.2633056640625,22.79281616210937,34.27499961853027
1972-03-18 07:38:23,26.57201766967773,92.89157104492188,166.6748046875,84.6212158203125,87.0999984741211,60.82175827026367,99.98553466796876,12.593917846679688,40.18580357021087,193636.0,22.71124267578125,24.587966918945312,18.767364501953125,19.365753173828125,34.27499961853027
1972-03-18 07:38:24,26.494909286499023,93.01204681396484,168.2047576904297,84.6212158203125,87.0999984741211,60.82175827026367,99.98915100097656,12.605131149291992,39.00165798440324,193636.0,18.576980590820312,22.03125,22.52084350585937,23.25521850585937,34.27499961853027
1972-03-18 07:38:25,26.425046920776367,93.1927719116211,166.53646087646484,84.6212158203125,86.29999542236328,60.82175827026367,99.98915100097656,12.61928939819336,40.10467813864758,193636.0,22.167266845703125,25.376739501953125,17.081024169921875,21.78646850585937,34.27499961853027
1972-03-18 07:38:26,26.394269943237305,93.0722885131836,167.97689056396484,84.6212158203125,87.0999984741211,60.82175827026367,99.98553466796876,12.629115104675291,39.71942056910729,193636.0,18.631378173828125,21.18807983398437,20.290496826171875,24.5335693359375,34.27499961853027
1972-03-18 07:38:27,26.471174240112305,92.89157104492188,167.8873748779297,84.54545593261719,87.5,60.82175827026367,99.98915100097656,12.641868591308594,38.19600376668433,193636.0,21.133697509765625,24.6695556640625,24.506362915039062,18.38656616210937,34.27499961853027
1972-03-18 07:38:28,26.500057220458984,92.89157104492188,168.3430938720703,84.6212158203125,87.30000305175781,60.82175827026367,99.98915100097656,12.65978717803955,39.46827035233763,193636.0,22.54803466796875,22.956024169921875,24.642364501953125,20.20892333984375,34.27499961853027
1972-03-18 07:38:29,26.48575210571289,92.9518051147461,168.14778900146484,84.6212158203125,86.69999694824219,60.82175827026367,99.98915100097656,12.673409461975098,38.11720603576424,193636.0,21.32408142089844,21.976852416992188,22.3304443359375,20.94329833984375,34.27499961853027
1972-03-18 07:38:30,26.40488243103028,93.1927719116211,168.5221405029297,84.6212158203125,87.5,60.82175827026367,99.98553466796876,12.683416366577148,39.546977653402465,193636.0,20.018524169921875,25.4039306640625,24.207183837890625,21.78646850585937,34.27499961853027
1972-03-18 07:38:31,26.33153915405273,93.13253021240234,166.9840545654297,84.6212158203125,86.5,60.82175827026367,99.98553466796876,12.6978178024292,38.64983386827243,193636.0,22.575241088867188,25.62152099609375,18.44097900390625,18.0601806640625,34.27499961853027
1972-03-18 07:38:32,26.316011428833008,92.89157104492188,168.4814453125,84.6212158203125,87.30000305175781,60.82175827026367,99.98553466796876,12.710805892944336,37.935088567806915,193636.0,20.50811767578125,23.0648193359375,23.58160400390625,23.772003173828125,34.27499961853027
1972-03-18 07:38:33,26.36726760864257,92.83132934570312,168.1071014404297,84.6212158203125,87.30000305175781,60.82175827026367,99.98915100097656,12.720902442932127,40.40114548263092,193636.0,19.47454833984375,26.056716918945312,22.629638671875,17.869796752929688,34.27499961853027
1972-03-18 07:38:34,26.428695678710938,92.89157104492188,167.20377349853516,84.6212158203125,86.9000015258789,60.82175827026367,99.98915100097656,12.735386848449709,40.65174786132581,193636.0,22.05845642089844,22.52084350585937,20.61689758300781,23.119216918945312,34.27499961853027
1972-03-18 07:38:35,26.421878814697266,93.13253021240234,166.9108123779297,84.6212158203125,87.4000015258789,60.82175827026367,99.98553466796876,12.757256507873535,38.707136398358905,193636.0,19.12095642089844,25.75752258300781,25.376739501953125,20.2633056640625,34.27499961853027
1972-03-18 07:38:36,26.34681510925293,93.1927719116211,167.12239837646484,84.6212158203125,87.0,60.82175827026367,99.98915100097656,12.775609016418455,39.72101476842749,193636.0,23.092025756835938,23.66319274902344,21.92245483398437,20.78009033203125,34.27499961853027
1972-03-18 07:38:37,26.283754348754883,93.0722885131836,167.2037811279297,84.54545593261719,85.9000015258789,60.82175827026367,99.98915100097656,12.79114818572998,41.458399505901816,193636.0,19.420150756835938,22.98321533203125,18.740158081054688,19.01214599609375,34.27499961853027
1972-03-18 07:38:38,26.276905059814453,92.9518051147461,167.00032806396484,84.6212158203125,87.5,60.82175827026367,99.98915100097656,12.804527282714844,39.223169959988866,193636.0,20.20892333984375,27.035888671875,21.18807983398437,22.493637084960938,34.27499961853027
1972-03-18 07:38:39,26.35888290405273,92.89157104492188,167.08984375,84.6212158203125,86.9000015258789,60.82175827026367,99.98553466796876,12.819409370422363,39.63838567210767,193636.0,22.27606201171875,25.59432983398437,20.2633056640625,18.6585693359375,34.27499961853027
1972-03-18 07:38:40,26.45428276062012,92.9518051147461,167.7164764404297,84.6212158203125,86.5999984741211,60.82175827026367,99.98915100097656,12.829957962036133,40.905412914502676,193636.0,20.426513671875,20.508102416992188,23.037612915039062,22.54803466796875,34.27499961853027
1972-03-18 07:38:41,26.490875244140625,93.01204681396484,166.83756256103516,84.6212158203125,86.5,60.82175827026367,99.98553466796876,12.840506553649902,39.506813956060284,193636.0,22.575241088867188,26.791091918945312,20.78009033203125,17.7882080078125,34.27499961853027
1972-03-18 07:38:42,26.455307006835938,93.0722885131836,167.5537109375,84.6212158203125,87.0,60.82175827026367,99.98915100097656,12.851055145263672,38.57189600726738,193636.0,21.623275756835938,22.004058837890625,19.99131774902344,23.6632080078125,34.27499961853027
1972-03-18 07:38:43,26.394317626953125,93.0722885131836,168.09896087646484,84.54545593261719,87.9000015258789,60.82175827026367,99.98915100097656,12.86307144165039,38.888732398030264,193636.0,19.61053466796875,23.173614501953125,21.405670166015625,21.92245483398437,34.27499961853027
1972-03-18 07:38:44,26.37493133544922,93.01204681396484,167.91178131103516,84.54545593261719,88.0,60.82175827026367,99.98553466796876,12.88171100616455,37.1269764522283,193636.0,21.97686767578125,23.853591918945312,21.677658081054688,21.67767333984375,34.27499961853027
1972-03-18 07:38:45,26.40962600708008,92.9518051147461,167.99317169189453,84.6212158203125,87.30000305175781,60.81814193725586,99.98553466796876,12.89751434326172,38.97179308477024,193636.0,20.045730590820312,25.376739501953125,23.98959350585937,22.41204833984375,34.27499961853027
1972-03-18 07:38:46,26.46391487121582,92.9518051147461,167.87109375,84.6212158203125,86.9000015258789,60.82175827026367,99.98915100097656,12.908244132995604,37.160970608905565,193636.0,20.780105590820312,19.773727416992188,22.276031494140625,22.52084350585937,34.27499961853027
1972-03-18 07:38:47,26.46119880676269,92.9518051147461,166.20279693603516,84.6212158203125,86.5999984741211,60.82175827026367,99.98915100097656,12.921168327331545,39.40468377758152,193636.0,22.9288330078125,23.635986328125,19.474533081054688,21.160888671875,34.27499961853027
1972-03-18 07:38:48,26.375072479248047,92.9518051147461,168.06640625,84.6212158203125,86.29999542236328,60.82175827026367,99.98553466796876,12.937039375305176,41.4872044196274,193636.0,20.399322509765625,19.202545166015625,23.880783081054688,22.439239501953125,34.27499961853027
1972-03-18 07:38:49,26.285633087158203,92.9518051147461,167.68392181396484,84.6212158203125,86.9000015258789,60.82175827026367,99.98915100097656,12.962520599365234,40.94563262150103,193636.0,21.432891845703125,25.05035400390625,19.88252258300781,18.631378173828125,34.27499961853027
1972-03-18 07:38:50,26.24795150756836,93.01204681396484,167.6676483154297,84.6212158203125,86.29999542236328,60.82175827026367,99.98553466796876,12.973522186279297,40.83715755696732,193636.0,19.01216125488281,24.75115966796875,21.759246826171875,21.86805725097656,34.27499961853027
1972-03-18 07:38:51,26.26515769958496,93.01204681396484,167.5537109375,84.6212158203125,86.5,60.82175827026367,99.98553466796876,12.982306480407717,40.2086094578798,193636.0,19.55615234375,26.27430725097656,23.146408081054688,16.836227416992188,34.27499961853027
1972-03-18 07:38:52,26.31915664672852,93.13253021240234,167.49674224853516,84.6212158203125,87.9000015258789,60.82175827026367,99.98553466796876,12.993295669555664,36.7691373275595,193636.0,22.27606201171875,22.276031494140625,20.072906494140625,21.13368225097656,34.27499961853027
1972-03-18 07:38:53,26.32489776611328,93.01204681396484,168.22103118896484,84.6212158203125,87.30000305175781,60.81814193725586,99.98915100097656,13.01232624053955,40.06273589266581,193636.0,16.10186767578125,25.077545166015625,24.12557983398437,19.31134033203125,34.27499961853027
1972-03-18 07:38:54,26.27289772033692,92.9518051147461,167.138671875,84.6212158203125,86.9000015258789,60.82175827026367,99.98915100097656,13.024867057800291,38.22692099532725,193636.0,21.02490234375,22.84722900390625,23.28240966796875,20.181716918945312,34.27499961853027
1972-03-18 07:38:55,26.20614051818848,92.89157104492188,166.7643280029297,84.6212158203125,87.0999984741211,60.82175827026367,99.98915100097656,13.035959243774414,39.118863078998494,193636.0,20.58970642089844,26.627899169921875,19.66493225097656,18.712966918945312,34.27499961853027
1972-03-18 07:38:56,26.19854164123535,93.01204681396484,167.6432342529297,84.54545593261719,87.4000015258789,60.82175827026367,99.98915100097656,13.04705047607422,38.55349912027747,193636.0,20.236114501953125,22.11285400390625,23.0648193359375,23.010421752929688,34.27499961853027
1972-03-18 07:38:57,26.264328002929688,93.01204681396484,167.333984375,84.6212158203125,87.19999694824219,60.82175827026367,99.98553466796876,13.058141708374023,38.233118316302196,193636.0,18.06019592285156,25.13194274902344,20.1273193359375,17.244216918945312,34.27499961853027
1972-03-18 07:38:58,26.407888412475582,92.9518051147461,166.82942962646484,84.6212158203125,86.5999984741211,60.82175827026367,99.98553466796876,13.06996726989746,40.31507672004276,193636.0,17.978607177734375,25.240753173828125,19.99131774902344,22.98321533203125,34.27499961853027
1972-03-18 07:38:59,26.46793556213379,92.9518051147461,166.07259368896484,84.6212158203125,86.0999984741211,60.82175827026367,99.98553466796876,13.087641716003418,40.354224645543816,193636.0,18.11459350585937,26.682281494140625,19.12094116210937,20.1273193359375,34.27499961853027
1972-03-18 07:39:00,26.46646881103516,93.01204681396484,166.73177337646484,84.6212158203125,86.5,60.82175827026367,99.98553466796876,13.10542106628418,40.89129660223239,193636.0,20.7257080078125,22.711227416992188,20.698486328125,21.432861328125,34.27499961853027
1972-03-18 07:39:01,26.42758178710937,93.0722885131836,167.15494537353516,84.6212158203125,86.5,60.82175827026367,99.98915100097656,13.117424964904783,38.20811705595633,193636.0,18.08740234375,22.956024169921875,20.91607666015625,18.5225830078125,34.27499961853027
1972-03-18 07:39:02,26.43745803833008,93.0722885131836,167.27701568603516,84.54545593261719,87.19999694824219,60.82175827026367,99.98553466796876,13.128697395324709,38.17352437896629,193636.0,21.487274169921875,23.71759033203125,22.3304443359375,19.09375,34.27499961853027
1972-03-18 07:39:03,26.49570083618164,92.89157104492188,167.0166015625,84.54545593261719,87.19999694824219,60.82175827026367,99.98915100097656,13.139969825744627,38.19457551295487,193636.0,20.80731201171875,27.117477416992188,19.501739501953125,19.284149169921875,34.27499961853027
1972-03-18 07:39:04,26.55861091613769,92.9518051147461,167.28515625,84.54545593261719,86.69999694824219,60.82175827026367,99.98553466796876,13.15124225616455,38.21725607372576,193636.0,19.882537841796875,23.71759033203125,23.635986328125,23.9351806640625,34.27499961853027
1972-03-18 07:39:05,26.543621063232425,93.01204681396484,166.162109375,84.6212158203125,86.5,60.82175827026367,99.98553466796876,13.162514686584473,39.74498907843364,193636.0,21.75927734375,25.240753173828125,18.25057983398437,17.434600830078125,34.27499961853027
1972-03-18 07:39:06,26.48296546936035,93.0722885131836,166.8131561279297,84.6212158203125,86.0999984741211,60.82175827026367,99.98553466796876,13.173787117004396,39.07252637273212,193636.0,21.296875,26.19271850585937,17.760986328125,24.6695556640625,34.27499961853027
1972-03-18 07:39:07,26.36145401000977,93.0722885131836,166.64225006103516,84.6212158203125,87.0,60.82175827026367,99.98915100097656,13.185059547424316,39.540688607490885,193636.0,18.168991088867188,21.840850830078125,20.236114501953125,20.61689758300781,34.27499961853027
1972-03-18 07:39:08,26.317211151123047,92.9518051147461,167.79785919189453,84.6212158203125,87.5,60.82175827026367,99.98915100097656,13.196331977844238,37.66851536745211,193636.0,22.52084350585937,23.037628173828125,21.5960693359375,24.75115966796875,34.27499961853027
1972-03-18 07:39:09,26.34260940551757,92.9518051147461,167.3665313720703,84.6212158203125,87.4000015258789,60.82175827026367,99.98915100097656,13.20760440826416,39.534709654847546,193636.0,20.31771850585937,25.18634033203125,25.05035400390625,20.04571533203125,34.27499961853027
1972-03-18 07:39:10,26.431049346923828,92.89157104492188,166.21907806396484,84.54545593261719,86.79999542236328,60.82175827026367,99.98915100097656,13.218876838684082,40.76775463247941,193636.0,21.21528625488281,24.12557983398437,19.338531494140625,20.100128173828125,34.27499961853027
1972-03-18 07:39:11,26.453786849975582,92.89157104492188,166.24349212646484,84.6212158203125,87.19999694824219,60.82175827026367,99.98915100097656,13.230149269104004,39.11707749785626,193636.0,22.820037841796875,26.1383056640625,19.88252258300781,19.85531616210937,34.27499961853027
1972-03-18 07:39:12,26.41970443725586,93.01204681396484,167.13052368164062,84.6212158203125,87.0,60.82175827026367,99.98915100097656,13.241421699523926,39.8276743933199,193636.0,20.426513671875,24.343170166015625,19.066558837890625,22.68402099609375,34.27499961853027
1972-03-18 07:39:13,26.342668533325195,93.01204681396484,167.79785919189453,84.6212158203125,87.0,60.82175827026367,99.98915100097656,13.252694129943848,39.59768505797311,193636.0,20.399322509765625,22.629638671875,21.86805725097656,21.895263671875,34.27499961853027
1972-03-18 07:39:14,26.329818725585938,93.0722885131836,167.4641876220703,84.6212158203125,87.80000305175781,60.82175827026367,99.98553466796876,13.26396656036377,37.45357961022305,193636.0,17.978607177734375,26.08392333984375,21.51446533203125,22.9288330078125,34.27499961853027
1972-03-18 07:39:15,26.372547149658203,93.0722885131836,166.50390625,84.6212158203125,86.79999542236328,60.82175827026367,99.98915100097656,13.275238990783691,39.41336360302919,193636.0,20.26332092285156,26.899887084960938,22.738433837890625,18.5225830078125,34.27499961853027
1972-03-18 07:39:16,26.47076797485352,93.01204681396484,166.30045318603516,84.6212158203125,86.29999542236328,60.82175827026367,99.98553466796876,13.286511421203612,40.39678257562558,193636.0,22.1944580078125,20.58969116210937,21.21527099609375,23.962387084960938,34.27499961853027
1972-03-18 07:39:17,26.48886680603028,92.9518051147461,167.7815704345703,84.6212158203125,86.9000015258789,60.82175827026367,99.98915100097656,13.297783851623535,40.29875930628295,193636.0,17.86981201171875,28.368637084960938,22.738433837890625,20.61689758300781,34.27499961853027
1972-03-18 07:39:18,26.46105194091797,92.9518051147461,167.17122650146484,84.54545593261719,86.19999694824219,60.82175827026367,99.98915100097656,13.309056282043455,40.847865800652364,193636.0,20.48091125488281,21.895263671875,20.9976806640625,18.957763671875,34.27499961853027
1972-03-18 07:39:19,26.376115798950195,92.9518051147461,167.52115631103516,84.6212158203125,87.0999984741211,60.82175827026367,99.98915100097656,13.324715614318848,40.640576349978716,193636.0,20.616912841796875,26.301513671875,21.704864501953125,22.711227416992188,34.27499961853027
1972-03-18 07:39:20,26.363933563232425,93.0722885131836,167.83040618896484,84.6212158203125,86.5,60.82175827026367,99.98553466796876,13.338977813720703,40.803979860361814,193636.0,17.733795166015625,22.901611328125,25.512725830078125,21.4600830078125,34.27499961853027
1972-03-18 07:39:21,26.387348175048828,93.13253021240234,166.65853118896484,84.6212158203125,86.0999984741211,60.82175827026367,99.98915100097656,13.350340843200684,40.776702564662294,193636.0,20.426513671875,25.4039306640625,21.840850830078125,19.773727416992188,34.27499961853027
1972-03-18 07:39:22,26.482812881469727,93.01204681396484,167.08984375,84.6212158203125,87.0999984741211,60.82175827026367,99.98915100097656,13.361703872680664,39.91179708830367,193636.0,19.33856201171875,21.51446533203125,21.92245483398437,21.106475830078125,34.27499961853027
1972-03-18 07:39:23,26.516231536865234,92.9518051147461,166.357421875,84.6212158203125,86.9000015258789,60.82175827026367,99.98915100097656,13.375993728637695,39.84524686915153,193636.0,23.092025756835938,25.104736328125,20.58969116210937,17.516204833984375,34.27499961853027
1972-03-18 07:39:24,26.48391914367676,92.83132934570312,166.51204681396484,84.6212158203125,87.5999984741211,60.82175827026367,99.98915100097656,13.394723892211914,38.45661218732087,193636.0,20.399322509765625,24.39756774902344,20.372100830078125,24.28877258300781,34.27499961853027
1972-03-18 07:39:25,26.403562545776367,92.89157104492188,167.47232818603516,84.6212158203125,87.30000305175781,60.82175827026367,99.98915100097656,13.417916297912598,38.96501679432259,193636.0,14.959503173828123,27.117477416992188,22.493621826171875,22.629638671875,34.27499961853027
1972-03-18 07:39:26,26.37555503845215,93.0722885131836,165.76334381103516,84.54545593261719,86.9000015258789,60.82175827026367,99.98915100097656,13.436881065368652,40.018600000130164,193636.0,20.48091125488281,26.4375,18.604156494140625,21.07928466796875,34.27499961853027
1972-03-18 07:39:27,26.41129493713379,93.13253021240234,165.99935150146484,84.6212158203125,87.0,60.82175827026367,99.98915100097656,13.452274322509766,38.98157660886285,193636.0,20.970489501953125,24.914352416992188,17.788192749023438,22.05844116210937,34.27499961853027
1972-03-18 07:39:28,26.504484176635746,93.0722885131836,167.17122650146484,84.6212158203125,86.4000015258789,60.82175827026367,99.98915100097656,13.467698097229004,40.67179140907123,193636.0,21.432891845703125,24.99594116210937,24.39756774902344,20.34490966796875,34.27499961853027
1972-03-18 07:39:29,26.53046989440918,92.89157104492188,166.30858612060547,84.6212158203125,86.4000015258789,60.82175827026367,99.98915100097656,13.481714248657228,40.24262051400877,193636.0,23.20082092285156,24.424774169921875,18.98495483398437,21.541671752929688,34.27499961853027
1972-03-18 07:39:30,26.475601196289062,92.89157104492188,166.9596405029297,84.54545593261719,87.5999984741211,60.82175827026367,99.98915100097656,13.49867820739746,36.70923906622366,193636.0,17.625,25.4039306640625,21.35127258300781,24.12557983398437,34.27499961853027
1972-03-18 07:39:31,26.36536026000977,92.9518051147461,166.0888671875,84.54545593261719,87.30000305175781,60.82175827026367,99.98915100097656,13.51058292388916,38.710698267429116,193636.0,21.18807983398437,25.4039306640625,18.032989501953125,19.09375,34.27499961853027
1972-03-18 07:39:32,26.31089782714844,93.0722885131836,166.7724609375,84.6212158203125,87.80000305175781,60.82175827026367,99.98915100097656,13.52468204498291,36.28278613892737,193636.0,19.148162841796875,23.173614501953125,21.759246826171875,22.276046752929688,34.27499961853027
1972-03-18 07:39:33,26.3192195892334,92.9518051147461,168.0094451904297,84.6212158203125,87.5999984741211,60.82175827026367,99.98915100097656,13.543219566345217,39.147965435672866,193636.0,16.754638671875,26.7366943359375,24.28877258300781,22.52084350585937,34.27499961853027
1972-03-18 07:39:34,26.401100158691406,93.01204681396484,167.52115631103516,84.6212158203125,86.0999984741211,60.82175827026367,99.98915100097656,13.561080932617188,39.70753775887205,193636.0,21.24249267578125,22.11285400390625,21.92245483398437,22.05844116210937,34.27499961853027
1972-03-18 07:39:35,26.42379570007324,93.0722885131836,166.9677734375,84.6212158203125,86.9000015258789,60.82175827026367,99.98915100097656,13.575360298156738,39.08181415203861,193636.0,18.87615966796875,22.41204833984375,21.106475830078125,22.4664306640625,34.27499961853027
1972-03-18 07:39:36,26.40212631225586,93.13253021240234,167.05728912353516,84.6212158203125,86.79999542236328,60.82175827026367,99.98915100097656,13.593344688415527,39.00698148966091,193636.0,24.88716125488281,24.85995483398437,21.242477416992188,21.18807983398437,34.27499961853027
1972-03-18 07:39:37,26.32060813903809,93.0722885131836,167.8141326904297,84.6212158203125,87.4000015258789,60.81814193725586,99.98915100097656,13.612837791442873,38.71565487613788,193636.0,18.30499267578125,26.165512084960938,19.85531616210937,21.405670166015625,34.27499961853027
1972-03-18 07:39:38,26.292221069335938,92.89157104492188,166.95963287353516,84.6212158203125,87.0,60.82175827026367,99.98915100097656,13.636839866638184,39.97867040375791,193636.0,20.31771850585937,26.7366943359375,22.874420166015625,21.405670166015625,34.27499961853027
1972-03-18 07:39:39,26.312623977661133,92.89157104492188,167.08984375,84.6212158203125,86.4000015258789,60.82175827026367,99.98915100097656,13.652180671691896,41.30351371649942,193636.0,21.133697509765625,27.79745483398437,21.296875,21.895263671875,34.27499961853027
1972-03-18 07:39:40,26.40634155273437,93.01204681396484,166.357421875,84.54545593261719,87.0999984741211,60.82175827026367,99.98915100097656,13.671975135803224,37.918802865652054,193636.0,21.895263671875,21.51446533203125,18.52256774902344,24.15277099609375,34.27499961853027
1972-03-18 07:39:41,26.45666885375977,93.13253021240234,167.13867950439453,84.54545593261719,86.5999984741211,60.82175827026367,99.98915100097656,13.688902854919434,41.393589780745515,193636.0,18.44097900390625,29.0758056640625,19.828125,23.092010498046875,34.27499961853027
1972-03-18 07:39:42,26.447452545166016,93.01204681396484,165.59243774414062,84.54545593261719,87.4000015258789,60.82175827026367,99.98553466796876,13.702963829040527,38.986580924589944,193636.0,20.671295166015625,26.682281494140625,18.032989501953125,19.692138671875,34.27499961853027
1972-03-18 07:39:43,26.36023712158203,92.83132934570312,166.5446014404297,84.6212158203125,86.79999542236328,60.82175827026367,99.98553466796876,13.717777252197266,38.00727289514105,193636.0,19.828125,21.05209350585937,21.242477416992188,21.242477416992188,34.27499961853027
1972-03-18 07:39:44,26.32003593444824,92.83132934570312,167.0003204345703,84.6212158203125,87.0,60.82175827026367,99.98915100097656,13.736294746398926,39.36065877065027,193636.0,22.439239501953125,27.4710693359375,22.38482666015625,18.84896850585937,34.27499961853027
1972-03-18 07:39:45,26.33170318603516,93.01204681396484,167.14681243896484,84.6212158203125,86.9000015258789,60.82175827026367,99.98915100097656,13.755602836608888,41.117364398674255,193636.0,22.71124267578125,26.029510498046875,23.309600830078125,19.338546752929688,34.27499961853027
1972-03-18 07:39:46,26.43151092529297,93.13253021240234,166.1865234375,84.6212158203125,87.0999984741211,60.82175827026367,99.98915100097656,13.769136428833008,39.68607629939808,193636.0,19.33856201171875,23.690399169921875,23.58160400390625,20.181716918945312,34.27499961853027
1972-03-18 07:39:47,26.495811462402344,93.0722885131836,166.10514068603516,84.6212158203125,87.0999984741211,60.82175827026367,99.98915100097656,13.781946182250977,39.482139067552126,193636.0,20.616912841796875,28.232635498046875,18.087371826171875,19.773727416992188,34.27499961853027
1972-03-18 07:39:48,26.49853134155273,92.89157104492188,167.0084686279297,84.54545593261719,86.4000015258789,60.82175827026367,99.98915100097656,13.807941436767578,40.350574129362265,193636.0,17.13543701171875,22.92881774902344,21.623260498046875,24.941558837890625,34.27499961853027
1972-03-18 07:39:49,26.38382148742676,92.83132934570312,166.9921875,84.6212158203125,87.5,60.82175827026367,99.98915100097656,13.822373390197754,37.630225174063725,193636.0,22.248855590820312,27.93344116210937,22.65682983398437,22.65682983398437,34.27499961853027
1972-03-18 07:39:50,26.395545959472656,92.9518051147461,167.63509368896484,84.6212158203125,87.19999694824219,60.82175827026367,99.98915100097656,13.840500831604004,38.320303510373826,193636.0,20.1273193359375,26.65509033203125,23.55439758300781,22.004058837890625,34.27499961853027
1972-03-18 07:39:51,26.47218894958496,93.13253021240234,166.78873443603516,84.6212158203125,87.30000305175781,60.82175827026367,99.98915100097656,13.87102222442627,39.68786626693713,193636.0,26.79110717773437,22.384841918945312,22.357635498046875,20.807296752929688,34.27499961853027
1972-03-18 07:39:52,26.53783416748047,93.0722885131836,167.0817108154297,84.6212158203125,86.9000015258789,60.82175827026367,99.98915100097656,13.88781452178955,39.626470122330396,193636.0,20.20892333984375,23.2008056640625,22.412033081054688,22.221649169921875,34.27499961853027
1972-03-18 07:39:53,26.521774291992188,92.89157104492188,167.2526092529297,84.6212158203125,87.69999694824219,60.82175827026367,99.98915100097656,13.908283233642578,39.68988600398934,193636.0,22.004058837890625,23.52719116210937,24.15277099609375,23.39120483398437,34.27499961853027
1972-03-18 07:39:54,26.421192169189453,92.89157104492188,167.32584381103516,84.6212158203125,86.69999694824219,60.82175827026367,99.98915100097656,13.92298698425293,41.82544143888162,193636.0,21.24249267578125,28.06944274902344,21.677658081054688,20.290512084960938,34.27499961853027
1972-03-18 07:39:55,26.363269805908203,92.9518051147461,167.39908599853516,84.6212158203125,87.5999984741211,60.82175827026367,99.98915100097656,13.942095756530762,40.344121876905035,193636.0,19.229766845703125,21.895263671875,23.7991943359375,24.26156616210937,34.27499961853027
1972-03-18 07:39:56,26.336885452270508,93.01204681396484,166.7561798095703,84.6212158203125,87.0,60.82175827026367,99.98915100097656,13.956889152526855,37.913426983107684,193636.0,20.7257080078125,26.056716918945312,23.445602416992188,20.018524169921875,34.27499961853027
1972-03-18 07:39:57,26.400230407714844,93.0722885131836,166.357421875,84.6212158203125,86.5,60.82175827026367,99.98915100097656,13.974652290344238,38.51450063592183,193636.0,20.64410400390625,23.41839599609375,20.943283081054688,21.37847900390625,34.27499961853027
1972-03-18 07:39:58,26.42778968811035,93.0722885131836,167.0735626220703,84.6212158203125,87.19999694824219,60.82175827026367,99.98915100097656,13.99100112915039,40.33467306371142,193636.0,19.55615234375,22.384841918945312,23.146408081054688,22.303253173828125,34.27499961853027
1972-03-18 07:39:59,26.403785705566406,93.01204681396484,167.0328826904297,84.6212158203125,87.30000305175781,60.82175827026367,99.98915100097656,14.011025428771973,39.012391365341564,193636.0,22.874420166015625,21.86805725097656,22.140045166015625,22.384841918945312,34.27499961853027
1972-03-18 07:40:00,26.29633522033692,92.9518051147461,166.6015625,84.54545593261719,86.29999542236328,60.82175827026367,99.98553466796876,14.03408145904541,41.036721868290016,193636.0,21.296875,25.703125,20.970489501953125,22.765625,34.27499961853027
1972-03-18 07:40:01,26.23017883300781,92.9518051147461,167.49674224853516,84.6212158203125,87.0999984741211,60.82175827026367,99.98915100097656,14.057239532470703,37.690832456380704,193636.0,18.032989501953125,26.8726806640625,25.13194274902344,23.2008056640625,34.27499961853027
1972-03-18 07:40:02,26.20865058898925,93.01204681396484,166.8538360595703,84.6212158203125,87.4000015258789,60.82175827026367,99.98915100097656,14.068071365356444,40.801718899974475,193636.0,22.085662841796875,27.79745483398437,19.58334350585937,22.221649169921875,34.27499961853027
1972-03-18 07:40:03,26.28406524658203,93.01204681396484,166.552734375,84.6212158203125,86.19999694824219,60.82175827026367,99.98915100097656,14.087641716003418,41.16050134901549,193636.0,18.930572509765625,20.31771850585937,20.39930725097656,25.18634033203125,34.27499961853027
1972-03-18 07:40:04,26.35226249694824,93.01204681396484,166.6015625,84.6212158203125,86.9000015258789,60.82175827026367,99.98915100097656,14.108759880065918,39.97097923267475,193636.0,22.11285400390625,26.627899169921875,20.48089599609375,22.384841918945312,34.27499961853027
1972-03-18 07:40:05,26.37324333190918,93.01204681396484,165.6819610595703,84.6212158203125,86.5,60.82175827026367,99.98915100097656,14.129249572753906,39.99619965755839,193636.0,19.828125,26.27430725097656,18.25057983398437,21.7320556640625,34.27499961853027
1972-03-18 07:40:06,26.33429908752441,93.01204681396484,165.9586639404297,84.6212158203125,86.69999694824219,60.82175827026367,99.98915100097656,14.151999473571776,40.68450281264457,193636.0,19.44735717773437,26.27430725097656,20.671295166015625,24.5335693359375,34.27499961853027
1972-03-18 07:40:07,26.31912612915039,93.01204681396484,167.08983612060547,84.6212158203125,87.4000015258789,60.82175827026367,99.98915100097656,14.17486572265625,39.23600411108153,193636.0,20.236114501953125,24.39756774902344,23.55439758300781,22.65682983398437,34.27499961853027
1972-03-18 07:40:08,26.33392906188965,93.01204681396484,166.21094512939453,84.6212158203125,87.0,60.82175827026367,99.98915100097656,14.194905281066896,40.83791802492771,193636.0,17.733795166015625,25.893524169921875,21.677658081054688,22.05844116210937,34.27499961853027
1972-03-18 07:40:09,26.397485733032227,92.9518051147461,165.98307037353516,84.6212158203125,87.5,60.82175827026367,99.98915100097656,14.212822914123535,38.992969377997,193636.0,19.09375,24.207183837890625,23.25521850585937,18.468170166015625,34.27499961853027
1972-03-18 07:40:10,26.49206924438477,92.9518051147461,166.6341094970703,84.6212158203125,87.30000305175781,60.82175827026367,99.98915100097656,14.230786323547363,39.9193633970588,193636.0,20.99769592285156,26.08392333984375,21.81365966796875,21.05209350585937,34.27499961853027
1972-03-18 07:40:11,26.535099029541016,93.0722885131836,166.80501556396484,84.6212158203125,87.4000015258789,60.82175827026367,99.98915100097656,14.247326850891112,39.965238727852444,193636.0,17.325820922851562,25.104736328125,22.65682983398437,22.54803466796875,34.27499961853027
1972-03-18 07:40:12,26.496007919311523,93.13253021240234,166.796875,84.6212158203125,87.0,60.82175827026367,99.98915100097656,14.26828956604004,39.07879537321243,193637.0,21.514480590820312,21.541656494140625,22.92881774902344,23.037628173828125,34.27499961853027
1972-03-18 07:40:13,26.4624137878418,92.89157104492188,165.38086700439453,84.6212158203125,87.0999984741211,60.82175827026367,99.98915100097656,14.290801048278809,38.37872726148316,193637.0,22.738433837890625,26.410308837890625,18.57696533203125,21.94964599609375,34.27499961853027
1972-03-18 07:40:14,26.45608901977539,92.83132934570312,166.02376556396484,84.6212158203125,86.5,60.82175827026367,99.98915100097656,14.30316162109375,41.08361665420627,193637.0,21.65048217773437,23.010406494140625,22.52084350585937,21.35127258300781,34.27499961853027
1972-03-18 07:40:15,26.520782470703125,92.89157104492188,166.46321868896484,84.6212158203125,86.29999542236328,60.82175827026367,99.98915100097656,14.32500457763672,39.45549967607674,193637.0,23.6632080078125,21.650466918945312,23.472808837890625,21.4600830078125,34.27499961853027
1972-03-18 07:40:16,26.55678367614746,93.0722885131836,165.1774139404297,84.6212158203125,86.5,60.82175827026367,99.98915100097656,14.346953392028809,39.18118336444043,193637.0,21.514480590820312,26.0023193359375,19.202545166015625,19.90972900390625,34.27499961853027
1972-03-18 07:40:17,26.51613998413086,93.13253021240234,166.14583587646484,84.6212158203125,87.30000305175781,60.82175827026367,99.98915100097656,14.361661911010742,39.15915616740902,193637.0,21.32408142089844,22.4664306640625,22.79281616210937,20.372100830078125,34.27499961853027
1972-03-18 07:40:18,26.34985542297364,93.0722885131836,166.1865234375,84.54545593261719,87.0999984741211,60.82175827026367,99.98915100097656,14.37636947631836,38.5836184418968,193637.0,22.357650756835938,24.424774169921875,20.372100830078125,22.52084350585937,34.27499961853027
1972-03-18 07:40:19,26.309160232543945,92.9518051147461,165.47037506103516,84.54545593261719,86.9000015258789,60.81814193725586,99.98915100097656,14.392545700073242,39.61731753844561,193637.0,22.41204833984375,25.73031616210937,20.1273193359375,20.34490966796875,34.27499961853027
1972-03-18 07:40:20,26.336963653564453,92.9518051147461,164.6809844970703,84.6212158203125,87.0999984741211,60.82175827026367,99.98915100097656,14.408732414245604,39.165848961418014,193637.0,22.46644592285156,20.535308837890625,18.604156494140625,20.508102416992188,34.27499961853027
1972-03-18 07:40:21,26.38398170471192,92.9518051147461,166.015625,84.6212158203125,86.5999984741211,60.82175827026367,99.98915100097656,14.429347038269045,38.003799374024275,193637.0,19.77374267578125,27.00868225097656,19.85531616210937,21.7320556640625,34.27499961853027
1972-03-18 07:40:22,26.40366744995117,93.01204681396484,166.650390625,84.6212158203125,86.0999984741211,60.81814193725586,99.98553466796876,14.457334518432615,40.99220768488274,193637.0,18.767364501953125,21.51446533203125,24.696746826171875,21.81365966796875,34.27499961853027
1972-03-18 07:40:23,26.36539459228516,93.01204681396484,165.30762481689453,84.6212158203125,87.19999694824219,60.82175827026367,99.98915100097656,14.47450828552246,39.63093323764781,193637.0,22.52084350585937,26.410308837890625,20.72569274902344,20.1273193359375,34.27499961853027
1972-03-18 07:40:24,26.25950813293457,93.01204681396484,166.7724609375,84.6212158203125,87.0,60.81814193725586,99.98915100097656,14.490974426269531,40.69018419769102,193637.0,20.018524169921875,25.4039306640625,23.826385498046875,23.119216918945312,34.27499961853027
1972-03-18 07:40:25,26.18970489501953,93.0722885131836,166.38184356689453,84.6212158203125,87.80000305175781,60.82175827026367,99.98915100097656,14.509660720825195,38.36247926945758,193637.0,20.698516845703125,27.09027099609375,23.11920166015625,20.31771850585937,34.27499961853027
1972-03-18 07:40:26,26.18814468383789,93.13253021240234,165.3971405029297,84.6212158203125,86.9000015258789,60.82175827026367,99.98915100097656,14.524730682373049,40.10587459841968,193637.0,21.269683837890625,21.92245483398437,18.631362915039062,20.7257080078125,34.27499961853027
1972-03-18 07:40:27,26.244644165039062,93.01204681396484,165.12857818603516,84.6212158203125,86.0,60.82175827026367,99.98915100097656,14.539800643920898,42.61630238684534,193637.0,18.6585693359375,24.61517333984375,20.58969116210937,18.00579833984375,34.27499961853027
1972-03-18 07:40:28,26.34736633300781,92.89157104492188,166.49576568603516,84.6212158203125,86.0999984741211,60.82175827026367,99.98915100097656,14.554869651794434,39.16216284695498,193637.0,19.17535400390625,24.61517333984375,23.445602416992188,21.05209350585937,34.27499961853027
1972-03-18 07:40:29,26.43291664123535,92.89157104492188,165.0146484375,84.6212158203125,87.30000305175781,60.82175827026367,99.98915100097656,14.569939613342283,38.201993136178686,193637.0,18.930572509765625,24.75115966796875,18.27777099609375,20.7257080078125,34.27499961853027
1972-03-18 07:40:30,26.43502616882324,93.01204681396484,165.76334381103516,84.6212158203125,87.0999984741211,60.81814193725586,99.98915100097656,14.585009574890137,37.768798549045584,193637.0,22.439239501953125,23.66319274902344,22.303237915039062,19.828125,34.27499961853027
1972-03-18 07:40:31,26.43605232238769,93.13253021240234,165.1936798095703,84.6212158203125,86.4000015258789,60.82175827026367,99.98915100097656,14.600079536437988,38.17545307196447,193637.0,23.6632080078125,25.240753173828125,18.84896850585937,21.024887084960938,34.27499961853027
1972-03-18 07:40:32,26.48933982849121,93.01204681396484,166.94336700439453,84.6212158203125,87.0999984741211,60.82175827026367,99.98915100097656,14.61514949798584,40.24738575478201,193637.0,20.64410400390625,23.309600830078125,23.28240966796875,18.41377258300781,34.27499961853027
1972-03-18 07:40:33,26.63849258422852,92.89157104492188,165.05533599853516,84.6212158203125,86.5999984741211,60.82175827026367,99.98915100097656,14.628758430480955,39.78538292548561,193637.0,20.29052734375,25.45834350585937,19.12094116210937,18.604171752929688,34.27499961853027
1972-03-18 07:40:34,26.776611328125,92.89157104492188,166.2353515625,84.6212158203125,87.0,60.82175827026367,99.98915100097656,14.63941478729248,39.39779990335257,193637.0,19.964141845703125,25.512725830078125,21.024871826171875,22.1944580078125,34.27499961853027
1972-03-18 07:40:35,26.80431365966797,93.01204681396484,166.1783905029297,84.6212158203125,86.79999542236328,60.82175827026367,99.98915100097656,14.654412269592283,39.85547385004675,193637.0,15.557891845703123,20.916091918945312,24.15277099609375,23.364013671875,34.27499961853027
1972-03-18 07:40:36,26.750747680664062,93.0722885131836,166.47135162353516,84.6212158203125,85.79999542236328,60.82175827026367,99.98915100097656,14.669425964355469,42.11189213963313,193637.0,22.248855590820312,24.96875,21.65045166015625,23.037628173828125,34.27499961853027
1972-03-18 07:40:37,26.675722122192383,93.0722885131836,166.37369537353516,84.6212158203125,86.5999984741211,60.82175827026367,99.98915100097656,14.682948112487791,40.69302614280338,193637.0,22.79283142089844,25.240753173828125,21.92245483398437,22.11285400390625,34.27499961853027
1972-03-18 07:40:38,26.62747001647949,92.89157104492188,165.5029296875,84.6212158203125,86.69999694824219,60.82175827026367,99.98915100097656,14.692071914672852,39.007018606761115,193637.0,22.3304443359375,24.424774169921875,19.99131774902344,20.181716918945312,34.27499961853027
1972-03-18 07:40:39,26.64283943176269,92.89157104492188,165.33203887939453,84.6212158203125,86.19999694824219,60.82175827026367,99.98915100097656,14.705511093139648,40.519776431592156,193637.0,23.173614501953125,23.744781494140625,20.888885498046875,19.556137084960938,34.27499961853027
1972-03-18 07:40:40,26.661109924316406,92.9518051147461,165.5598907470703,84.6212158203125,86.0,60.82175827026367,99.98915100097656,14.7204008102417,39.68717708415307,193637.0,16.210662841796875,23.037628173828125,20.91607666015625,22.1944580078125,34.27499961853027
1972-03-18 07:40:41,26.602033615112305,93.0722885131836,166.54459381103516,84.6212158203125,86.69999694824219,60.82175827026367,99.98915100097656,14.72944164276123,39.63001813921964,193637.0,21.37847900390625,22.901611328125,22.60243225097656,22.84722900390625,34.27499961853027
1972-03-18 07:40:42,26.435516357421875,93.0722885131836,165.8772735595703,84.6212158203125,87.5,60.82175827026367,99.98915100097656,14.736186027526855,38.32272184697295,193637.0,20.50811767578125,19.284149169921875,19.14814758300781,22.167236328125,34.27499961853027
1972-03-18 07:40:43,26.23934936523437,93.0722885131836,166.17024993896484,84.6212158203125,87.30000305175781,60.82175827026367,99.98915100097656,14.750177383422852,39.64430075330509,193637.0,18.631378173828125,27.362274169921875,25.62152099609375,20.64410400390625,34.27499961853027
1972-03-18 07:40:44,26.141958236694336,92.9518051147461,165.90982818603516,84.6212158203125,86.69999694824219,60.82175827026367,99.98915100097656,14.76561164855957,41.30008540108413,193637.0,21.133697509765625,26.791091918945312,19.71932983398437,21.5960693359375,34.27499961853027
1972-03-18 07:40:45,26.083288192749023,92.89157104492188,166.56087493896484,84.54545593261719,86.79999542236328,60.82175827026367,99.98915100097656,14.780328750610352,41.46636597537651,193637.0,21.133697509765625,24.832763671875,24.80555725097656,21.4600830078125,34.27499961853027
1972-03-18 07:40:46,26.1145133972168,92.89157104492188,166.3655548095703,84.54545593261719,86.0,60.82175827026367,99.98915100097656,14.794320106506348,42.35403255999367,193637.0,20.1273193359375,22.711227416992188,25.703125,21.18807983398437,34.27499961853027
1972-03-18 07:40:47,26.12445068359375,93.01204681396484,165.5598907470703,84.6212158203125,87.19999694824219,60.82175827026367,99.98915100097656,14.80902862548828,40.96687502774384,193637.0,21.37847900390625,25.78472900390625,22.765625,19.828125,34.27499961853027
1972-03-18 07:40:48,26.08781242370605,93.1927719116211,166.0400390625,84.6212158203125,86.4000015258789,60.82175827026367,99.98915100097656,14.823736190795898,40.9093869089054,193637.0,20.236114501953125,19.202545166015625,23.690399169921875,19.71932983398437,34.27499961853027
1972-03-18 07:40:49,26.046178817749023,93.0722885131836,166.59342193603516,84.6212158203125,87.4000015258789,60.82175827026367,99.98915100097656,14.838444709777832,38.520659103572804,193637.0,22.54803466796875,26.0023193359375,22.08564758300781,17.733795166015625,34.27499961853027
1972-03-18 07:40:50,26.07257652282715,92.83132934570312,165.28319549560547,84.6212158203125,87.9000015258789,60.82175827026367,99.98915100097656,14.853153228759766,38.22962603201176,193637.0,25.186355590820312,24.696762084960938,20.04571533203125,19.5289306640625,34.27499961853027
1972-03-18 07:40:51,26.179941177368164,92.89157104492188,166.21907806396484,84.6212158203125,87.0999984741211,60.82175827026367,99.98915100097656,14.867860794067385,40.18985447072086,193637.0,18.413787841796875,22.98321533203125,25.59432983398437,19.964111328125,34.27499961853027
1972-03-18 07:40:52,26.348249435424805,93.01204681396484,166.95149993896484,84.54545593261719,86.69999694824219,60.82175827026367,99.98915100097656,14.882569313049316,40.52553559338156,193637.0,24.098388671875,22.65682983398437,22.19444274902344,23.33680725097656,34.27499961853027
1972-03-18 07:40:53,26.471799850463867,93.13253021240234,165.70638275146484,84.6212158203125,86.69999694824219,60.82175827026367,99.98915100097656,14.895817756652832,37.85085274014477,193637.0,19.52894592285156,20.508102416992188,23.635986328125,19.936920166015625,34.27499961853027
1972-03-18 07:40:54,26.52204704284668,93.13253021240234,166.3492889404297,84.6212158203125,88.0,60.82175827026367,99.98915100097656,14.911968231201172,38.509442984278316,193637.0,22.38485717773437,22.956024169921875,24.207183837890625,20.58969116210937,34.27499961853027
1972-03-18 07:40:55,26.49960327148437,93.01204681396484,165.19368743896484,84.6212158203125,86.9000015258789,60.82175827026367,99.98915100097656,14.926675796508787,39.57199636317153,193637.0,24.75115966796875,23.010406494140625,21.5960693359375,18.821762084960938,34.27499961853027
1972-03-18 07:40:56,26.4997615814209,92.83132934570312,165.73079681396484,84.6212158203125,86.79999542236328,60.82175827026367,99.98915100097656,14.93772315979004,39.45180176610556,193637.0,19.637741088867188,25.240753173828125,22.98321533203125,17.7882080078125,34.27499961853027
1972-03-18 07:40:57,26.52675437927246,92.89157104492188,166.2190704345703,84.6212158203125,86.5,60.82175827026367,99.98915100097656,14.948723793029783,39.98621047582487,193637.0,20.45370483398437,25.975128173828125,22.38482666015625,21.21527099609375,34.27499961853027
1972-03-18 07:40:58,26.59337615966797,93.0722885131836,166.5771484375,84.6212158203125,87.5,60.82175827026367,99.98915100097656,14.961148262023926,39.36138513165562,193637.0,19.9913330078125,24.07118225097656,22.54803466796875,23.28240966796875,34.27499961853027
1972-03-18 07:40:59,26.605493545532227,93.13253021240234,165.9993438720703,84.6212158203125,87.80000305175781,60.82175827026367,99.98915100097656,14.972803115844728,38.59505219786936,193637.0,22.38485717773437,24.506378173828125,25.02314758300781,21.35127258300781,34.27499961853027
1972-03-18 07:41:00,26.521774291992188,93.01204681396484,166.12955474853516,84.54545593261719,85.79999542236328,60.82175827026367,99.98915100097656,14.986616134643556,41.67993580460851,193637.0,23.037628173828125,24.28877258300781,20.48089599609375,22.68402099609375,34.27499961853027
1972-03-18 07:41:01,26.38105583190918,92.89157104492188,165.28321075439453,84.54545593261719,85.9000015258789,60.81814193725586,99.98915100097656,14.999709129333496,40.91039239994647,193637.0,22.79283142089844,25.104736328125,21.46006774902344,21.269683837890625,34.27499961853027
1972-03-18 07:41:02,26.3059139251709,92.83132934570312,166.22720336914062,84.6212158203125,86.9000015258789,60.82175827026367,99.98915100097656,15.014237403869627,40.77124741922327,193637.0,18.332183837890625,26.410308837890625,19.556121826171875,23.98959350585937,34.27499961853027
1972-03-18 07:41:03,26.285118103027344,92.9518051147461,166.015625,84.6212158203125,86.79999542236328,60.82175827026367,99.98915100097656,15.028764724731444,40.739453791793494,193637.0,21.840866088867188,24.207183837890625,23.146408081054688,23.28240966796875,34.27499961853027
1972-03-18 07:41:04,26.309097290039062,93.13253021240234,165.4378204345703,84.6212158203125,86.29999542236328,60.82175827026367,99.98915100097656,15.043292045593262,41.504877499212675,193637.0,16.999420166015625,23.28240966796875,22.738433837890625,20.535308837890625,34.27499961853027
1972-03-18 07:41:05,26.293869018554688,93.13253021240234,165.7389373779297,84.6212158203125,87.0,60.82175827026367,99.98915100097656,15.05488395690918,40.87115053722881,193637.0,19.09375,23.52719116210937,21.37847900390625,22.24884033203125,34.27499961853027
1972-03-18 07:41:06,26.23639297485352,93.01204681396484,164.94140625,84.6212158203125,86.0,60.82175827026367,99.98915100097656,15.059858322143556,41.515797765914336,193637.0,20.48091125488281,25.53993225097656,17.053817749023438,21.7320556640625,34.27499961853027
1972-03-18 07:41:07,26.16386032104492,92.83132934570312,165.5924530029297,84.6212158203125,86.69999694824219,60.81814193725586,99.98915100097656,15.064715385437012,40.553412243342365,193637.0,16.292266845703125,23.962387084960938,25.4039306640625,20.372100830078125,34.27499961853027
1972-03-18 07:41:08,26.15633201599121,92.9518051147461,165.5517578125,84.6212158203125,86.4000015258789,60.82175827026367,99.98915100097656,15.078970909118652,41.845333752969985,193637.0,23.0648193359375,25.240753173828125,23.85357666015625,19.284149169921875,34.27499961853027
1972-03-18 07:41:09,26.18766212463379,93.13253021240234,164.69725799560547,84.6212158203125,86.19999694824219,60.82175827026367,99.98915100097656,15.091774940490724,40.08231479422576,193637.0,17.27142333984375,26.35589599609375,21.759246826171875,17.978591918945312,34.27499961853027
1972-03-18 07:41:10,26.33773422241211,93.13253021240234,165.48665618896484,84.54545593261719,86.79999542236328,60.82175827026367,99.98915100097656,15.092819213867188,37.788887876634185,193637.0,23.52720642089844,21.37847900390625,22.738433837890625,21.541671752929688,34.27499961853027
1972-03-18 07:41:11,26.46385955810547,92.9518051147461,165.61685943603516,84.6212158203125,87.19999694824219,60.82175827026367,99.98915100097656,15.093724250793455,39.15920924757638,193637.0,21.78646850585937,25.567138671875,23.010406494140625,21.92245483398437,34.27499961853027
1972-03-18 07:41:12,26.495012283325195,92.89157104492188,164.77051544189453,84.6212158203125,86.69999694824219,60.82175827026367,99.98915100097656,15.103967666625977,39.672791128252165,193637.0,20.671295166015625,20.9976806640625,21.242477416992188,19.58334350585937,34.27499961853027
1972-03-18 07:41:13,26.44647789001465,92.9518051147461,165.4215545654297,84.6212158203125,87.0,60.82175827026367,99.98915100097656,15.111230850219728,40.14201074012747,193637.0,19.148162841796875,26.709503173828125,22.03125,22.140045166015625,34.27499961853027
1972-03-18 07:41:14,26.44537734985352,93.0722885131836,163.85091400146484,84.6212158203125,86.69999694824219,60.82175827026367,99.98915100097656,15.119168281555176,39.936703759121706,193637.0,23.96240234375,22.004058837890625,16.428237915039062,18.767364501953125,34.27499961853027
1972-03-18 07:41:15,26.478120803833008,93.0722885131836,165.39713287353516,84.6212158203125,86.79999542236328,60.82175827026367,99.98915100097656,15.110913276672363,40.36195690281938,193637.0,17.625,23.690399169921875,25.811920166015625,23.092010498046875,34.27499961853027
1972-03-18 07:41:16,26.567214965820312,93.01204681396484,165.83658599853516,84.6212158203125,86.5,60.82175827026367,99.98915100097656,15.12141227722168,39.75574734264196,193637.0,22.602447509765625,22.874420166015625,20.78009033203125,24.26156616210937,34.27499961853027
1972-03-18 07:41:17,26.608858108520508,92.9518051147461,164.1357421875,84.54545593261719,86.79999542236328,60.82175827026367,99.98915100097656,15.12310028076172,38.69068351742797,193637.0,16.509857177734375,26.27430725097656,22.738433837890625,18.0601806640625,34.27499961853027
1972-03-18 07:41:18,26.55772590637207,92.89157104492188,165.29134368896484,84.54545593261719,86.5999984741211,60.81814193725586,99.98915100097656,15.121700286865234,39.74729876269553,193637.0,20.970489501953125,23.14642333984375,20.9976806640625,21.94964599609375,34.27499961853027
1972-03-18 07:41:19,26.43309783935547,93.0722885131836,164.697265625,84.6212158203125,87.4000015258789,60.82175827026367,99.98915100097656,15.115005493164062,40.63165166702794,193637.0,24.17999267578125,25.75752258300781,19.229736328125,19.5289306640625,34.27499961853027
1972-03-18 07:41:20,26.39097023010254,93.13253021240234,165.63314056396484,84.6212158203125,86.9000015258789,60.82175827026367,99.98915100097656,15.125648498535156,38.51845004675687,193637.0,18.82177734375,23.71759033203125,22.412033081054688,20.34490966796875,34.27499961853027
1972-03-18 07:41:21,26.391826629638672,93.01204681396484,165.234375,84.6212158203125,86.79999542236328,60.82175827026367,99.98915100097656,15.129681587219238,40.26661688679517,193637.0,20.698516845703125,25.675933837890625,20.535308837890625,19.692138671875,34.27499961853027
1972-03-18 07:41:22,26.45176887512207,92.89157104492188,163.89974212646484,84.6212158203125,86.0999984741211,60.82175827026367,99.98915100097656,15.129189491271973,39.99907068940094,193637.0,18.82177734375,19.800933837890625,18.7945556640625,19.284149169921875,34.27499961853027
1972-03-18 07:41:23,26.49073028564453,93.01204681396484,163.9811248779297,84.6212158203125,86.19999694824219,60.82175827026367,99.98915100097656,15.121952056884766,41.44711987496087,193637.0,21.65048217773437,22.004058837890625,20.5625,18.304977416992188,34.27499961853027
1972-03-18 07:41:24,26.462671279907227,93.01204681396484,164.1438751220703,84.6212158203125,86.79999542236328,60.82175827026367,99.98915100097656,15.12254238128662,39.98366419176044,193637.0,21.24249267578125,27.498260498046875,19.85531616210937,21.32406616210937,34.27499961853027
1972-03-18 07:41:25,26.364702224731445,92.9518051147461,165.43782806396484,84.6212158203125,86.5999984741211,60.82175827026367,99.98915100097656,15.114909172058104,39.60789099261888,193637.0,19.77374267578125,25.13194274902344,24.696746826171875,17.760986328125,34.27499961853027
1972-03-18 07:41:26,26.328489303588867,92.9518051147461,165.60872650146484,84.54545593261719,87.19999694824219,60.82175827026367,99.98915100097656,15.109232902526855,37.66373781659149,193637.0,21.4600830078125,21.94964599609375,21.541656494140625,21.269683837890625,34.27499961853027
1972-03-18 07:41:27,26.33733940124512,93.01204681396484,167.08985137939453,84.54545593261719,87.9000015258789,60.82175827026367,99.98915100097656,15.090176582336426,36.320150320628436,193637.0,19.55615234375,26.4375,23.11920166015625,22.221649169921875,34.27499961853027
1972-03-18 07:41:28,26.414649963378903,93.0722885131836,167.26888275146484,84.6212158203125,86.9000015258789,60.82175827026367,99.98915100097656,15.098549842834473,37.64371612903972,193637.0,18.223388671875,20.535308837890625,20.39930725097656,20.61689758300781,34.27499961853027
1972-03-18 07:41:29,26.455963134765625,93.13253021240234,167.53744506835938,84.6212158203125,86.69999694824219,60.82175827026367,99.98915100097656,15.073190689086914,39.355617775337436,193637.0,22.68403625488281,22.19444274902344,18.168975830078125,23.037628173828125,34.27499961853027
1972-03-18 07:41:30,26.427793502807617,93.01204681396484,167.48046875,84.6212158203125,86.29999542236328,60.82175827026367,99.98915100097656,15.057646751403809,41.48363884373122,193637.0,22.79283142089844,25.703125,17.84259033203125,18.223388671875,34.27499961853027
1972-03-18 07:41:31,26.33552360534668,92.89157104492188,169.23828125,84.6212158203125,87.4000015258789,60.82175827026367,99.98915100097656,15.04323673248291,39.45108589966872,193637.0,19.828125,22.004058837890625,20.154510498046875,23.5,34.27499961853027
1972-03-18 07:41:32,26.303936004638672,92.89157104492188,169.8486328125,84.6212158203125,87.5,60.82175827026367,99.98915100097656,15.04316520690918,40.85907339350952,193637.0,23.717605590820312,26.1383056640625,23.962371826171875,22.738433837890625,34.27499961853027
1972-03-18 07:41:33,26.34332656860352,92.9518051147461,169.82422637939453,84.54545593261719,86.9000015258789,60.82175827026367,99.98915100097656,15.02906322479248,40.22054796405022,193637.0,16.3194580078125,24.72396850585937,22.38482666015625,22.629638671875,34.27499961853027
1972-03-18 07:41:34,26.44533348083496,93.0722885131836,169.7591094970703,84.54545593261719,86.19999694824219,60.82175827026367,99.98915100097656,15.016121864318848,40.330223409771286,193637.0,22.49365234375,21.704864501953125,21.86805725097656,20.39930725097656,34.27499961853027
1972-03-18 07:41:35,26.505409240722656,93.0722885131836,171.22396087646484,84.6212158203125,86.79999542236328,60.82175827026367,99.98915100097656,14.99338436126709,41.35370109872523,193637.0,18.08740234375,24.642364501953125,21.895263671875,21.242477416992188,34.27499961853027
1972-03-18 07:41:36,26.49982070922852,93.01204681396484,170.46712493896484,84.6212158203125,85.9000015258789,60.82175827026367,99.98915100097656,14.99295139312744,39.965691532279244,193637.0,18.359375,20.31771850585937,23.364013671875,19.964111328125,34.27499961853027
1972-03-18 07:41:37,26.41077041625977,92.89157104492188,171.45182037353516,84.6212158203125,87.0,60.82175827026367,99.98915100097656,14.979926109313965,40.45933999429472,193637.0,17.842605590820312,24.234375,18.6585693359375,20.58969116210937,34.27499961853027
1972-03-18 07:41:38,26.36943626403809,92.83132934570312,172.16796875,84.6212158203125,87.4000015258789,60.82175827026367,99.98915100097656,14.95419979095459,39.66653740975071,193637.0,21.868072509765625,24.642364501953125,20.290496826171875,20.58969116210937,34.27499961853027
1972-03-18 07:41:39,26.356672286987305,92.9518051147461,173.14453125,84.6212158203125,86.9000015258789,60.82175827026367,99.98915100097656,14.938283920288086,40.780273846188805,193637.0,16.999420166015625,23.364013671875,23.146408081054688,19.85531616210937,34.27499961853027
1972-03-18 07:41:40,26.41484260559082,93.13253021240234,171.19954681396484,84.54545593261719,86.0999984741211,60.82175827026367,99.98915100097656,14.927955627441406,42.05457959554437,193637.0,20.236114501953125,26.19271850585937,15.34027099609375,23.772003173828125,34.27499961853027
1972-03-18 07:41:41,26.4643783569336,93.1927719116211,171.8098907470703,84.54545593261719,86.5999984741211,60.82175827026367,99.98915100097656,14.912263870239258,40.5686443978633,193637.0,18.685775756835938,23.037628173828125,22.82002258300781,18.087387084960938,34.27499961853027
1972-03-18 07:41:42,26.44647026062012,93.0722885131836,171.5901641845703,84.6212158203125,86.0999984741211,60.82175827026367,99.98915100097656,14.898477554321287,41.085202501996484,193637.0,21.54168701171875,23.364013671875,21.05209350585937,20.698486328125,34.27499961853027
1972-03-18 07:41:43,26.35284423828125,92.9518051147461,172.25748443603516,84.6212158203125,86.79999542236328,60.82175827026367,99.98553466796876,14.870515823364258,39.45481540884509,193637.0,20.888900756835938,24.72396850585937,22.79281616210937,19.202545166015625,34.27499961853027
1972-03-18 07:41:44,26.288305282592773,92.89157104492188,172.63184356689453,84.6212158203125,87.0999984741211,60.82175827026367,99.98915100097656,14.867759704589844,41.23935793737094,193637.0,16.890625,24.778350830078125,22.82002258300781,21.51446533203125,34.27499961853027
1972-03-18 07:41:45,26.27590560913086,92.89157104492188,171.63899993896484,84.6212158203125,87.30000305175781,60.82175827026367,99.98915100097656,14.85390853881836,40.95280884880542,193637.0,23.7991943359375,22.24884033203125,19.828125,21.432861328125,34.27499961853027
1972-03-18 07:41:46,26.33840560913086,92.9518051147461,170.9879608154297,84.54545593261719,87.5,60.82175827026367,99.98915100097656,14.82807731628418,40.15028456264832,193637.0,20.535308837890625,27.362274169921875,21.07928466796875,18.767364501953125,34.27499961853027
1972-03-18 07:41:47,26.404129028320312,93.13253021240234,172.54232025146484,84.6212158203125,87.30000305175781,60.82175827026367,99.98915100097656,14.809157371520996,39.435091229244215,193637.0,21.75927734375,24.642364501953125,24.72396850585937,20.78009033203125,34.27499961853027
1972-03-18 07:41:48,26.414161682128903,93.0722885131836,170.73567962646484,84.6212158203125,86.29999542236328,60.82175827026367,99.98915100097656,14.798712730407717,40.98043863984216,193637.0,18.84896850585937,27.93344116210937,18.359375,21.86805725097656,34.27499961853027
1972-03-18 07:41:49,26.33416175842285,92.9518051147461,171.61458587646484,84.6212158203125,86.69999694824219,60.82175827026367,99.98915100097656,14.786616325378418,39.3846338929294,193637.0,18.468170166015625,25.077545166015625,20.535308837890625,19.88252258300781,34.27499961853027
1972-03-18 07:41:50,26.290834426879883,92.83132934570312,170.8577423095703,84.6212158203125,87.0,60.82175827026367,99.98915100097656,14.768454551696776,40.64630078607983,193637.0,21.67767333984375,22.4664306640625,19.88252258300781,19.637725830078125,34.27499961853027
1972-03-18 07:41:51,26.32115364074707,92.89157104492188,171.0856170654297,84.6212158203125,87.0,60.82175827026367,99.98915100097656,14.744867324829102,41.002761113967416,193637.0,19.09375,24.96875,20.426513671875,18.0601806640625,34.27499961853027
1972-03-18 07:41:52,26.429340362548828,93.0722885131836,170.99609375,84.6212158203125,86.5999984741211,60.82175827026367,99.98915100097656,14.734848022460938,39.009245134407564,193637.0,18.332183837890625,22.3304443359375,17.815399169921875,19.420135498046875,34.27499961853027
1972-03-18 07:41:53,26.544322967529297,93.13253021240234,171.01236724853516,84.54545593261719,86.69999694824219,60.82175827026367,99.98915100097656,14.729049682617188,39.77628863386667,193637.0,20.834503173828125,21.32406616210937,18.740158081054688,20.9976806640625,34.27499961853027
1972-03-18 07:41:54,26.577566146850582,93.01204681396484,170.86588287353516,84.54545593261719,86.5999984741211,60.82175827026367,99.98915100097656,14.71506118774414,39.12367862925864,193637.0,19.74653625488281,24.6695556640625,18.7945556640625,19.338546752929688,34.27499961853027
1972-03-18 07:41:55,26.517213821411133,92.89157104492188,171.3053436279297,84.6212158203125,86.5999984741211,60.82175827026367,99.98915100097656,14.704500198364258,40.476791882299906,193637.0,17.434616088867188,23.7991943359375,21.86805725097656,21.242477416992188,34.27499961853027
1972-03-18 07:41:56,26.46852684020996,92.89157104492188,171.62271881103516,84.6212158203125,86.0999984741211,60.82175827026367,99.98915100097656,14.66740894317627,41.0172261110744,193637.0,21.296875,19.556137084960938,21.623260498046875,22.276046752929688,34.27499961853027
1972-03-18 07:41:57,26.4636287689209,92.9518051147461,172.01334381103516,84.6212158203125,86.5,60.82175827026367,99.98915100097656,14.657621383666992,40.65706444231793,193637.0,18.11459350585937,24.61517333984375,18.25057983398437,22.3304443359375,34.27499961853027
1972-03-18 07:41:58,26.496686935424805,93.01204681396484,171.65528106689453,84.6212158203125,87.9000015258789,60.82175827026367,99.98915100097656,14.640347480773926,38.53936342018134,193637.0,21.840866088867188,20.64410400390625,22.68402099609375,21.81365966796875,34.27499961853027
1972-03-18 07:41:59,26.521949768066406,93.0722885131836,170.79264068603516,84.6212158203125,87.30000305175781,60.82175827026367,99.98915100097656,14.614770889282228,40.54657400069327,193637.0,18.168991088867188,23.608795166015625,21.160888671875,17.27142333984375,34.27499961853027
1972-03-18 07:42:00,26.501310348510746,93.13253021240234,171.630859375,84.6212158203125,86.9000015258789,60.82175827026367,99.98915100097656,14.591776847839355,41.059278256098764,193637.0,19.311355590820312,25.45834350585937,21.5960693359375,19.800933837890625,34.27499961853027
1972-03-18 07:42:01,26.377422332763672,93.01204681396484,170.27994537353516,84.6212158203125,85.9000015258789,60.82175827026367,99.98915100097656,14.58750820159912,41.630564264478934,193637.0,17.815399169921875,23.772003173828125,18.005783081054688,21.541671752929688,34.27499961853027
1972-03-18 07:42:02,26.29096221923828,92.83132934570312,170.9228515625,84.6212158203125,87.19999694824219,60.82175827026367,99.98915100097656,14.563383102416992,39.66327394966177,193637.0,18.6585693359375,25.159149169921875,20.48089599609375,19.420135498046875,34.27499961853027
1972-03-18 07:42:03,26.274303436279297,92.77108001708984,170.3857421875,84.54545593261719,87.4000015258789,60.82175827026367,99.98915100097656,14.536730766296388,39.47627819702247,193637.0,16.591445922851562,24.914352416992188,22.38482666015625,19.85531616210937,34.27499961853027
1972-03-18 07:42:04,26.32616806030273,93.01204681396484,170.0439453125,84.54545593261719,87.0999984741211,60.82175827026367,99.98915100097656,14.511934280395508,39.21235133302721,193637.0,16.129058837890625,21.242477416992188,17.162612915039062,20.5625,34.27499961853027
1972-03-18 07:42:05,26.40599822998047,93.25301361083984,172.39583587646484,84.6212158203125,87.69999694824219,60.82175827026367,99.98915100097656,14.510952949523926,38.7100757652148,193637.0,19.44735717773437,24.6695556640625,24.80555725097656,19.637725830078125,34.27499961853027
1972-03-18 07:42:06,26.42231750488281,93.1927719116211,171.29720306396484,84.6212158203125,87.0,60.82175827026367,99.98553466796876,14.48212718963623,38.86507204554367,193637.0,21.432891845703125,19.964111328125,18.168975830078125,22.98321533203125,34.27499961853027
1972-03-18 07:42:07,26.3598747253418,92.9518051147461,170.0276641845703,84.6212158203125,86.5,60.82175827026367,99.98915100097656,14.45441436767578,41.32250046779466,193637.0,21.4600830078125,22.68402099609375,20.5625,17.40740966796875,34.27499961853027
1972-03-18 07:42:08,26.301307678222656,92.77108001708984,172.02962493896484,84.6212158203125,87.0999984741211,60.82175827026367,99.98915100097656,14.435115814208984,37.63690006715274,193637.0,18.196197509765625,23.690399169921875,22.84722900390625,21.86805725097656,34.27499961853027
1972-03-18 07:42:09,26.295928955078125,92.83132934570312,170.8984375,84.6212158203125,86.4000015258789,60.82175827026367,99.98915100097656,14.433155059814451,39.6191650757545,193637.0,20.80731201171875,20.072906494140625,17.652191162109375,22.140045166015625,34.27499961853027
1972-03-18 07:42:10,26.35393524169922,93.0722885131836,171.0774688720703,84.6212158203125,87.0999984741211,60.82175827026367,99.98915100097656,14.405536651611328,37.40438901149102,193637.0,17.951400756835938,19.90972900390625,22.05844116210937,19.9913330078125,34.27499961853027
1972-03-18 07:42:11,26.442285537719727,93.1927719116211,170.86588287353516,84.6212158203125,87.19999694824219,60.81814193725586,99.98915100097656,14.376855850219728,39.43344567011217,193637.0,17.70660400390625,24.72396850585937,21.32406616210937,19.637725830078125,34.27499961853027
1972-03-18 07:42:12,26.47800636291504,93.13253021240234,170.42642974853516,84.54545593261719,86.69999694824219,60.82175827026367,99.98915100097656,14.356605529785156,39.90219535213006,193637.0,18.6585693359375,26.19271850585937,21.05209350585937,17.679397583007812,34.27499961853027
1972-03-18 07:42:13,26.422826766967773,92.83132934570312,170.6787109375,84.6212158203125,87.5,60.81814193725586,99.98915100097656,14.353677749633787,37.996782397329824,193637.0,19.71932983398437,23.472808837890625,22.901611328125,20.236114501953125,34.27499961853027
1972-03-18 07:42:14,26.374082565307617,92.7108383178711,171.5250701904297,84.6212158203125,87.0,60.82175827026367,99.98915100097656,14.330939292907717,41.298308638185254,193637.0,21.4600830078125,22.3304443359375,21.37847900390625,21.86805725097656,34.27499961853027
1972-03-18 07:42:15,26.3607120513916,92.89157104492188,171.15071868896484,84.6212158203125,87.19999694824219,60.81814193725586,99.98915100097656,14.305025100708008,39.128157703660584,193637.0,20.29052734375,21.35127258300781,23.690399169921875,22.05844116210937,34.27499961853027
1972-03-18 07:42:16,26.401342391967773,93.13253021240234,171.6715545654297,84.6212158203125,87.69999694824219,60.82175827026367,99.98915100097656,14.27292537689209,38.05139017333378,193637.0,19.9913330078125,22.738433837890625,21.976852416992188,19.964111328125,34.27499961853027
1972-03-18 07:42:17,26.48226928710937,93.1927719116211,171.1100311279297,84.6212158203125,86.5,60.82175827026367,99.98915100097656,14.268285751342772,40.36075473828925,193637.0,21.487274169921875,24.343170166015625,19.71932983398437,21.81365966796875,34.27499961853027
1972-03-18 07:42:18,26.51202392578125,93.13253021240234,170.458984375,84.6212158203125,87.5999984741211,60.81814193725586,99.98915100097656,14.2460355758667,38.65157638135888,193637.0,19.33856201171875,23.58160400390625,20.1273193359375,20.834503173828125,34.27499961853027
1972-03-18 07:42:19,26.44096946716309,92.83132934570312,171.32975006103516,84.6212158203125,87.69999694824219,60.82175827026367,99.98915100097656,14.211798667907717,39.7106803928215,193637.0,21.5960693359375,25.675933837890625,19.09375,22.60243225097656,34.27499961853027
1972-03-18 07:42:20,26.362159729003903,92.83132934570312,169.49869537353516,84.6212158203125,86.29999542236328,60.82175827026367,99.98915100097656,14.190349578857422,40.69729905094751,193637.0,22.84722900390625,24.61517333984375,19.501739501953125,20.100128173828125,34.27499961853027
1972-03-18 07:42:21,26.33400154113769,92.9518051147461,170.7682342529297,84.6212158203125,86.19999694824219,60.82175827026367,99.98915100097656,14.178932189941406,41.35165679083506,193637.0,19.202545166015625,22.11285400390625,22.412033081054688,18.38656616210937,34.27499961853027
1972-03-18 07:42:22,26.367332458496094,92.9518051147461,170.18228912353516,84.6212158203125,86.19999694824219,60.82175827026367,99.98915100097656,14.152751922607422,41.49954543073982,193637.0,19.148162841796875,24.15277099609375,21.677658081054688,23.744796752929688,34.27499961853027
1972-03-18 07:42:23,26.4296817779541,93.13253021240234,171.62271881103516,84.6212158203125,87.0,60.82175827026367,99.98915100097656,14.120443344116213,41.24255625320917,193637.0,19.311355590820312,21.7320556640625,21.487274169921875,20.64410400390625,34.27499961853027
1972-03-18 07:42:24,26.44457626342773,93.25301361083984,171.3948516845703,84.6212158203125,86.9000015258789,60.82175827026367,99.98915100097656,14.085532188415527,40.96545714278708,193637.0,20.616912841796875,26.1383056640625,22.575225830078125,19.61053466796875,34.27499961853027
1972-03-18 07:42:25,26.38007926940918,93.13253021240234,170.52408599853516,84.54545593261719,86.5999984741211,60.82175827026367,99.98915100097656,14.06342601776123,42.19433047745247,193637.0,21.05209350585937,23.962387084960938,21.269683837890625,20.1273193359375,34.27499961853027
1972-03-18 07:42:26,26.28385734558105,92.83132934570312,170.15787506103516,84.6212158203125,86.69999694824219,60.82175827026367,99.98915100097656,14.038189888000488,42.10250668508135,193637.0,20.535308837890625,22.357635498046875,20.072906494140625,18.495361328125,34.27499961853027
1972-03-18 07:42:27,26.261375427246094,92.7108383178711,171.5983123779297,84.6212158203125,86.9000015258789,60.82175827026367,99.98915100097656,14.016328811645508,40.64688037730115,193637.0,19.77374267578125,26.029510498046875,22.140045166015625,22.82002258300781,34.27499961853027
1972-03-18 07:42:28,26.29208755493164,92.9518051147461,169.25455474853516,84.6212158203125,87.0,60.82175827026367,99.98915100097656,13.992807388305664,40.36819918073947,193637.0,20.671295166015625,23.364013671875,19.12094116210937,21.024887084960938,34.27499961853027
1972-03-18 07:42:29,26.37767791748047,93.1927719116211,169.9951171875,84.6212158203125,87.30000305175781,60.82175827026367,99.98915100097656,13.97270393371582,39.65136946382732,193637.0,19.882537841796875,21.759262084960938,18.168975830078125,21.160888671875,34.27499961853027
1972-03-18 07:42:30,26.416887283325195,93.13253021240234,171.0693359375,84.6212158203125,86.29999542236328,60.82175827026367,99.98915100097656,13.942144393920898,41.85354211899633,193637.0,20.91610717773437,25.62152099609375,19.800933837890625,22.901611328125,34.27499961853027
1972-03-18 07:42:31,26.382957458496094,92.89157104492188,170.32064056396484,84.6212158203125,87.0,60.82175827026367,99.98915100097656,13.917154312133787,41.5609899981695,193637.0,22.27606201171875,24.560760498046875,20.752899169921875,23.0648193359375,34.27499961853027
1972-03-18 07:42:32,26.31707763671875,92.89157104492188,171.11002349853516,84.6212158203125,86.5,60.82175827026367,99.98915100097656,13.876517295837402,42.28784855013811,193637.0,20.29052734375,24.61517333984375,21.704864501953125,22.004058837890625,34.27499961853027
1972-03-18 07:42:33,26.311508178710938,93.01204681396484,169.99510955810547,84.6212158203125,86.29999542236328,60.82175827026367,99.98915100097656,13.848625183105469,42.256061990859166,193637.0,22.65682983398437,18.7945556640625,18.304977416992188,19.17535400390625,34.27499961853027
1972-03-18 07:42:34,26.35529136657715,93.13253021240234,170.2962188720703,84.6212158203125,86.4000015258789,60.82175827026367,99.98915100097656,13.829282760620115,39.94219628748879,193637.0,20.1273193359375,25.811920166015625,22.03125,18.98495483398437,34.27499961853027
1972-03-18 07:42:35,26.459766387939453,93.13253021240234,170.8577423095703,84.6212158203125,86.79999542236328,60.82175827026367,99.98915100097656,13.802424430847168,39.01511287984938,193637.0,17.325820922851562,21.13368225097656,22.956024169921875,22.221649169921875,34.27499961853027
1972-03-18 07:42:36,26.49753189086914,92.9518051147461,169.3522186279297,84.6212158203125,86.0,60.82175827026367,99.98915100097656,13.769464492797852,40.3267802726942,193637.0,20.535308837890625,27.00868225097656,19.556121826171875,19.039352416992188,34.27499961853027
1972-03-18 07:42:37,26.44173812866211,92.77108001708984,170.20670318603516,84.6212158203125,87.0,60.82175827026367,99.98915100097656,13.742034912109377,38.35167999390612,193637.0,18.549774169921875,22.3304443359375,21.568862915039062,19.5289306640625,34.27499961853027
1972-03-18 07:42:38,26.35054016113281,92.83132934570312,169.79166412353516,84.6212158203125,86.9000015258789,60.82175827026367,99.98915100097656,13.723150253295898,41.97643984135818,193637.0,20.671295166015625,26.981475830078125,23.28240966796875,20.2633056640625,34.27499961853027
1972-03-18 07:42:39,26.333057403564453,93.0722885131836,169.7672576904297,84.6212158203125,86.69999694824219,60.82175827026367,99.98915100097656,13.689467430114746,41.617388277331784,193637.0,19.74653625488281,24.179977416992188,19.61053466796875,21.37847900390625,34.27499961853027
1972-03-18 07:42:40,26.35728073120117,93.25301361083984,170.01953125,84.6212158203125,86.29999542236328,60.82175827026367,99.98915100097656,13.656919479370115,41.761700106362305,193637.0,19.284149169921875,21.67767333984375,19.99131774902344,20.535308837890625,34.27499961853027
1972-03-18 07:42:41,26.47660446166992,93.13253021240234,169.20572662353516,84.6212158203125,86.19999694824219,60.82175827026367,99.98915100097656,13.631394386291504,40.434414307640914,193637.0,19.61053466796875,23.9351806640625,19.12094116210937,20.535308837890625,34.27499961853027
1972-03-18 07:42:42,26.520740509033203,92.9518051147461,170.1497344970703,84.6212158203125,85.69999694824219,60.82175827026367,99.98915100097656,13.61589527130127,40.983247876623594,193637.0,17.679412841796875,20.181716918945312,22.221649169921875,15.829864501953123,34.27499961853027
1972-03-18 07:42:43,26.48404884338379,92.77108001708984,170.41015625,84.6212158203125,86.0999984741211,60.82175827026367,99.98915100097656,13.594449996948242,42.05001718007768,193637.0,20.671295166015625,19.09375,22.82002258300781,22.575225830078125,34.27499961853027
1972-03-18 07:42:44,26.40626335144043,92.9518051147461,170.6298828125,84.54545593261719,86.29999542236328,60.82175827026367,99.98915100097656,13.562591552734377,41.77916567078289,193637.0,20.100128173828125,23.25521850585937,21.7320556640625,17.162628173828125,34.27499961853027
1972-03-18 07:42:45,26.37873268127441,93.0722885131836,170.8333282470703,84.6212158203125,86.5999984741211,60.81814193725586,99.98915100097656,13.531895637512209,40.744945807510646,193637.0,19.03936767578125,18.71295166015625,21.51446533203125,22.303253173828125,34.27499961853027
1972-03-18 07:42:46,26.397310256958008,93.1927719116211,169.8567657470703,84.6212158203125,87.19999694824219,60.82175827026367,99.98915100097656,13.511195182800291,38.97960309088438,193637.0,21.351287841796875,26.111114501953125,22.711227416992188,18.38656616210937,34.27499961853027
1972-03-18 07:42:47,26.49620819091797,93.0722885131836,170.703125,84.6212158203125,87.9000015258789,60.82175827026367,99.98915100097656,13.482293128967283,38.84787387295557,193637.0,22.65682983398437,20.290512084960938,23.2008056640625,23.41839599609375,34.27499961853027
1972-03-18 07:42:48,26.532360076904297,92.89157104492188,170.92284393310547,84.6212158203125,87.69999694824219,60.82175827026367,99.98915100097656,13.451702117919922,39.30207975243049,193637.0,20.100128173828125,24.61517333984375,23.309600830078125,20.1273193359375,34.27499961853027
1972-03-18 07:42:49,26.48528289794922,92.77108001708984,170.1497344970703,84.6212158203125,87.19999694824219,60.82175827026367,99.98915100097656,13.428874969482422,38.78696875308766,193637.0,22.602447509765625,21.94964599609375,19.74652099609375,21.296875,34.27499961853027
1972-03-18 07:42:50,26.388153076171875,92.9518051147461,170.69498443603516,84.6212158203125,87.0,60.82175827026367,99.98915100097656,13.412497520446776,40.47771722600201,193637.0,19.58334350585937,24.45196533203125,24.28877258300781,21.18807983398437,34.27499961853027
1972-03-18 07:42:51,26.34195709228516,93.13253021240234,169.97884368896484,84.6212158203125,85.69999694824219,60.82175827026367,99.98915100097656,13.385031700134276,39.99023327588059,193637.0,20.018524169921875,20.64410400390625,22.08564758300781,19.5289306640625,34.27499961853027
1972-03-18 07:42:52,26.337055206298828,93.25301361083984,170.76822662353516,84.6212158203125,87.80000305175781,60.82175827026367,99.98915100097656,13.355169296264648,38.56708049317355,193637.0,21.21528625488281,24.6695556640625,21.32406616210937,21.78646850585937,34.27499961853027
1972-03-18 07:42:53,26.40827751159668,93.0722885131836,170.1822967529297,84.6212158203125,87.30000305175781,60.81814193725586,99.98915100097656,13.32724952697754,39.932408718097946,193637.0,20.535308837890625,25.295135498046875,23.71759033203125,22.11285400390625,34.27499961853027
1972-03-18 07:42:54,26.42528915405273,92.83132934570312,169.1975860595703,84.6212158203125,87.0999984741211,60.82175827026367,99.98915100097656,13.310831069946287,39.35687535178198,193637.0,21.623275756835938,26.7366943359375,18.495361328125,19.800933837890625,34.27499961853027
1972-03-18 07:42:55,26.359596252441406,92.77108001708984,170.7763671875,84.54545593261719,86.5999984741211,60.81814193725586,99.98915100097656,13.281161308288574,41.229374053004264,193637.0,17.27142333984375,18.359375,23.52719116210937,21.78646850585937,34.27499961853027
1972-03-18 07:42:56,26.2458553314209,92.89157104492188,169.5068359375,84.6212158203125,86.69999694824219,60.82175827026367,99.98915100097656,13.246861457824709,41.136180835611675,193637.0,19.55615234375,25.02314758300781,18.93055725097656,21.242477416992188,34.27499961853027
1972-03-18 07:42:57,26.20162582397461,93.0722885131836,168.4163360595703,84.6212158203125,86.29999542236328,60.82175827026367,99.98915100097656,13.21591854095459,40.74277767562206,193637.0,22.004058837890625,19.420135498046875,18.495361328125,18.087387084960938,34.27499961853027
1972-03-18 07:42:58,26.20345497131348,93.13253021240234,168.6930389404297,84.6212158203125,86.0999984741211,60.82175827026367,99.98915100097656,13.197940826416016,40.94241360031043,193637.0,17.244232177734375,20.100128173828125,20.698486328125,18.27777099609375,34.27499961853027
1972-03-18 07:42:59,26.278207778930664,93.01204681396484,167.7327423095703,84.6212158203125,86.4000015258789,60.82175827026367,99.98915100097656,13.1688814163208,39.84387025399444,193637.0,18.84896850585937,21.024887084960938,21.81365966796875,14.061920166015623,34.27499961853027
1972-03-18 07:43:00,26.360864639282227,92.9518051147461,169.10807037353516,84.6212158203125,87.30000305175781,60.82175827026367,99.98915100097656,13.130829811096191,38.16479631798279,193637.0,16.40106201171875,26.709503173828125,20.31771850585937,17.869796752929688,34.27499961853027
1972-03-18 07:43:01,26.36676025390625,92.89157104492188,170.1904296875,84.6212158203125,87.0999984741211,60.82175827026367,99.98915100097656,13.096832275390623,40.83162791410972,193637.0,21.4600830078125,25.13194274902344,19.420135498046875,20.34490966796875,34.27499961853027
1972-03-18 07:43:02,26.30668258666992,92.9518051147461,168.3268280029297,84.6212158203125,86.5,60.82175827026367,99.98915100097656,13.072103500366213,39.34653898362548,193637.0,19.066558837890625,22.303253173828125,21.976852416992188,16.945022583007812,34.27499961853027
1972-03-18 07:43:03,26.26255989074707,93.0722885131836,169.00228118896484,84.6212158203125,87.30000305175781,60.82175827026367,99.98915100097656,13.037673950195312,38.36105916525681,193637.0,16.15625,26.46469116210937,22.575225830078125,21.07928466796875,34.27499961853027
1972-03-18 07:43:04,26.271312713623047,93.13253021240234,168.98600006103516,84.6212158203125,87.5999984741211,60.82175827026367,99.98915100097656,12.9978666305542,38.56732705887888,193637.0,20.1273193359375,24.15277099609375,18.52256774902344,18.14178466796875,34.27499961853027
1972-03-18 07:43:05,26.42634391784668,93.01204681396484,170.01139068603516,84.6212158203125,87.5,60.82175827026367,99.98915100097656,12.964306831359863,38.08019233468892,193637.0,19.58334350585937,23.962387084960938,20.535308837890625,22.493637084960938,34.27499961853027
1972-03-18 07:43:06,26.525712966918945,92.89157104492188,169.8649139404297,84.6212158203125,87.30000305175781,60.82175827026367,99.98915100097656,12.942219734191896,37.688468915151546,193637.0,19.202545166015625,23.472808837890625,25.077545166015625,18.304977416992188,34.27499961853027
1972-03-18 07:43:07,26.54277801513672,92.89157104492188,168.61165618896484,84.54545593261719,86.0999984741211,60.82175827026367,99.98915100097656,12.899483680725098,40.352126104658936,193637.0,20.752899169921875,20.5625,20.100112915039062,19.3929443359375,34.27499961853027
1972-03-18 07:43:08,26.482685089111328,93.0722885131836,168.6767578125,84.54545593261719,87.19999694824219,60.82175827026367,99.98915100097656,12.872538566589355,36.74172983878344,193637.0,19.12095642089844,22.3304443359375,21.840850830078125,19.556137084960938,34.27499961853027
1972-03-18 07:43:09,26.465206146240234,93.13253021240234,170.4996795654297,84.6212158203125,87.0999984741211,60.82175827026367,99.98915100097656,12.843939781188965,40.60920723669749,193637.0,22.65682983398437,20.916091918945312,21.92245483398437,22.004058837890625,34.27499961853027
1972-03-18 07:43:10,26.486387252807617,93.13253021240234,169.4091796875,84.6212158203125,86.79999542236328,60.82175827026367,99.98915100097656,12.819562911987305,40.88031587524426,193637.0,19.61053466796875,22.05844116210937,21.46006774902344,19.501739501953125,34.27499961853027
1972-03-18 07:43:11,26.541034698486328,92.89157104492188,170.166015625,84.6212158203125,87.19999694824219,60.82175827026367,99.98915100097656,12.77968692779541,40.43968608018917,193637.0,15.095489501953123,24.26156616210937,21.405670166015625,24.778350830078125,34.27499961853027
1972-03-18 07:43:12,26.54159545898437,92.89157104492188,169.75911712646484,84.6212158203125,86.5999984741211,60.82175827026367,99.98915100097656,12.739502906799316,41.30477642101149,193637.0,20.399322509765625,26.056716918945312,17.652191162109375,21.51446533203125,34.27499961853027
1972-03-18 07:43:13,26.46615219116211,92.9518051147461,169.58821868896484,84.6212158203125,86.79999542236328,60.82175827026367,99.98915100097656,12.705591201782228,39.397203176791734,193637.0,18.957763671875,22.98321533203125,20.072906494140625,20.698486328125,34.27499961853027
1972-03-18 07:43:14,26.411348342895508,93.01204681396484,169.91373443603516,84.6212158203125,87.9000015258789,60.82175827026367,99.98915100097656,12.68168830871582,39.995050390502655,193637.0,21.73207092285156,25.675933837890625,21.18807983398437,22.711227416992188,34.27499961853027
1972-03-18 07:43:15,26.365413665771484,92.9518051147461,169.873046875,84.6212158203125,87.4000015258789,60.82175827026367,99.98915100097656,12.644497871398926,38.26021426499323,193637.0,18.6585693359375,22.711227416992188,21.07928466796875,21.568878173828125,34.27499961853027
1972-03-18 07:43:16,26.31830596923828,92.9518051147461,169.11621856689453,84.54545593261719,87.80000305175781,60.82175827026367,99.98915100097656,12.611424446105955,38.96556579283411,193637.0,17.815399169921875,26.49189758300781,19.637725830078125,22.738433837890625,34.27499961853027
1972-03-18 07:43:17,26.33124542236328,92.9518051147461,169.7835235595703,84.54545593261719,86.79999542236328,60.82175827026367,99.98915100097656,12.569342613220217,41.03210974218618,193637.0,21.405670166015625,27.25347900390625,22.38482666015625,21.296875,34.27499961853027
1972-03-18 07:43:18,26.344799041748047,93.0722885131836,170.36133575439453,84.6212158203125,87.5,60.82175827026367,99.98915100097656,12.53864574432373,40.239409301677014,193637.0,19.964141845703125,23.14642333984375,20.943283081054688,20.39930725097656,34.27499961853027
1972-03-18 07:43:19,26.300922393798828,93.0722885131836,169.0511016845703,84.6212158203125,86.5,60.82175827026367,99.98915100097656,12.499000549316406,41.17421503027936,193637.0,18.685775756835938,25.431137084960938,21.86805725097656,20.236114501953125,34.27499961853027
1972-03-18 07:43:20,26.18596076965332,93.01204681396484,168.92903900146484,84.6212158203125,87.0,60.82175827026367,99.98915100097656,12.461244583129885,39.071383062913974,193637.0,21.37847900390625,26.1383056640625,18.57696533203125,19.09375,34.27499961853027
1972-03-18 07:43:21,26.132871627807617,92.9518051147461,169.14876556396484,84.6212158203125,87.30000305175781,60.82175827026367,99.98915100097656,12.426177024841309,39.48251763665695,193637.0,18.631378173828125,20.1273193359375,19.501739501953125,20.807296752929688,34.27499961853027
1972-03-18 07:43:22,26.140697479248047,92.9518051147461,170.3287811279297,84.6212158203125,87.4000015258789,60.82175827026367,99.98915100097656,12.391610145568848,40.333935584119786,193637.0,18.11459350585937,25.45834350585937,20.100112915039062,22.4664306640625,34.27499961853027
1972-03-18 07:43:23,26.275264739990234,93.01204681396484,169.5963592529297,84.6212158203125,87.5,60.82175827026367,99.98915100097656,12.358293533325195,38.90310360061691,193637.0,19.692138671875,24.88714599609375,19.936920166015625,22.140045166015625,34.27499961853027
1972-03-18 07:43:24,26.42197227478028,93.01204681396484,169.4254608154297,84.6212158203125,87.5999984741211,60.82175827026367,99.98915100097656,12.321834564208984,36.68895739848403,193637.0,19.03936767578125,26.7366943359375,18.685760498046875,18.11459350585937,34.27499961853027
1972-03-18 07:43:25,26.48297500610352,93.01204681396484,170.01953125,84.6212158203125,87.30000305175781,60.82175827026367,99.98915100097656,12.280760765075684,41.50979819090155,193637.0,23.22802734375,26.46469116210937,22.03125,21.21527099609375,34.27499961853027
1972-03-18 07:43:26,26.480371475219727,93.01204681396484,168.6442108154297,84.6212158203125,87.0,60.82175827026367,99.98915100097656,12.248165130615234,39.69625524576541,193637.0,21.4600830078125,21.18807983398437,23.635986328125,20.5625,34.27499961853027
1972-03-18 07:43:27,26.53381729125977,92.89157104492188,170.7763671875,84.6212158203125,88.0,60.82175827026367,99.98915100097656,12.219066619873049,38.321844115622895,193637.0,19.52894592285156,24.99594116210937,25.349533081054688,21.07928466796875,34.27499961853027
1972-03-18 07:43:28,26.62332344055176,92.9518051147461,169.40103912353516,84.6212158203125,86.69999694824219,60.82175827026367,99.98915100097656,12.176637649536133,39.140861605602225,193637.0,21.269683837890625,27.22627258300781,19.12094116210937,15.7210693359375,34.27499961853027
1972-03-18 07:43:29,26.756437301635746,92.9518051147461,169.0266876220703,84.6212158203125,86.69999694824219,60.82175827026367,99.98915100097656,12.13319969177246,38.936451526969584,193637.0,21.269683837890625,27.22627258300781,19.12094116210937,15.7210693359375,34.27499961853027
1972-03-18 07:43:30,26.83141326904297,93.0722885131836,169.0266876220703,84.6212158203125,87.69999694824219,60.82175827026367,99.98915100097656,12.13319969177246,38.38501092029309,193637.0,20.5625,20.2633056640625,22.439239501953125,21.704864501953125,34.27499961853027
1972-03-18 07:43:31,26.82489967346192,93.1927719116211,170.3776092529297,84.6212158203125,87.5,60.82175827026367,99.98915100097656,12.101149559020996,40.15712459061176,193637.0,18.903366088867188,27.06307983398437,23.962371826171875,21.35127258300781,34.27499961853027
1972-03-18 07:43:32,26.82489967346192,93.0722885131836,168.701171875,84.6212158203125,86.5999984741211,60.82175827026367,99.98915100097656,12.07920265197754,40.81100198357888,193637.0,21.133697509765625,22.765625,22.60243225097656,22.24884033203125,34.27499961853027
1972-03-18 07:43:33,26.70835876464844,92.83132934570312,168.8720703125,84.6212158203125,87.19999694824219,60.82175827026367,99.98915100097656,12.052817344665527,37.64991138960636,193637.0,17.380218505859375,24.28877258300781,23.826385498046875,21.81365966796875,34.27499961853027
1972-03-18 07:43:34,26.62556266784668,92.83132934570312,169.9544219970703,84.6212158203125,86.9000015258789,60.82175827026367,99.98915100097656,12.026355743408203,39.810779540731616,193637.0,21.78646850585937,26.35589599609375,20.5625,20.04571533203125,34.27499961853027
1972-03-18 07:43:35,26.573047637939453,93.01204681396484,168.2861328125,84.6212158203125,87.0999984741211,60.82175827026367,99.98915100097656,12.002724647521973,38.588186704928894,193637.0,18.82177734375,23.635986328125,21.623260498046875,20.888885498046875,34.27499961853027
1972-03-18 07:43:36,26.562685012817383,93.13253021240234,170.08463287353516,84.6212158203125,87.5,60.82175827026367,99.98915100097656,11.979788780212402,38.99450838211504,193637.0,19.311355590820312,25.13194274902344,22.738433837890625,20.7257080078125,34.27499961853027
1972-03-18 07:43:37,26.536327362060547,93.0722885131836,169.1324920654297,84.6212158203125,87.5,60.82175827026367,99.98915100097656,11.947978019714355,39.63706110354887,193637.0,22.602447509765625,23.635986328125,21.51446533203125,18.7945556640625,34.27499961853027
1972-03-18 07:43:38,26.46551513671875,92.9518051147461,169.0185546875,84.6212158203125,86.9000015258789,60.82175827026367,99.98915100097656,11.920454978942873,39.053780491039205,193637.0,20.780105590820312,22.68402099609375,19.202545166015625,22.11285400390625,34.27499961853027
1972-03-18 07:43:39,26.28020477294922,92.9518051147461,170.49153900146484,84.6212158203125,86.79999542236328,60.82175827026367,99.98915100097656,11.881083488464355,40.04905360536887,193637.0,20.29052734375,24.587966918945312,24.01678466796875,20.916091918945312,34.27499961853027
1972-03-18 07:43:40,26.09462547302246,93.01204681396484,169.45801544189453,84.6212158203125,86.4000015258789,60.82175827026367,99.98915100097656,11.859774589538574,41.054536481316305,193637.0,19.637741088867188,24.207183837890625,20.2633056640625,21.5960693359375,34.27499961853027
1972-03-18 07:43:41,26.03646469116211,93.0722885131836,169.69400787353516,84.6212158203125,87.19999694824219,60.81814193725586,99.98915100097656,11.83188247680664,40.29045084152308,193637.0,16.3194580078125,24.696762084960938,23.826385498046875,21.07928466796875,34.27499961853027
1972-03-18 07:43:42,26.050437927246094,93.01204681396484,169.4987030029297,84.6212158203125,87.69999694824219,60.82175827026367,99.98915100097656,11.799480438232422,38.65790487168921,193637.0,20.94329833984375,24.01678466796875,22.711227416992188,21.840850830078125,34.27499961853027
1972-03-18 07:43:43,26.115631103515625,92.89157104492188,168.9697265625,84.6212158203125,87.0,60.82175827026367,99.98915100097656,11.764730453491213,40.79554637005599,193637.0,20.616912841796875,24.15277099609375,20.018524169921875,20.48089599609375,34.27499961853027
1972-03-18 07:43:44,26.15258026123047,93.01204681396484,168.701171875,84.6212158203125,87.80000305175781,60.82175827026367,99.98915100097656,11.74444580078125,39.13841331835416,193637.0,20.045730590820312,22.05844116210937,22.52084350585937,20.7257080078125,34.27499961853027
1972-03-18 07:43:45,26.114341735839844,93.01204681396484,169.15689849853516,84.6212158203125,87.4000015258789,60.82175827026367,99.98915100097656,11.716837882995604,38.905675197254695,193637.0,20.018524169921875,24.85995483398437,21.242477416992188,20.2633056640625,34.27499961853027
1972-03-18 07:43:46,26.122943878173828,92.9518051147461,168.88834381103516,84.54545593261719,86.4000015258789,60.82175827026367,99.98915100097656,11.689139366149902,40.47901838982134,193637.0,22.602447509765625,20.94329833984375,20.508102416992188,19.936920166015625,34.27499961853027
1972-03-18 07:43:47,26.182191848754883,93.01204681396484,169.8567657470703,84.6212158203125,87.19999694824219,60.82175827026367,99.98915100097656,11.655488014221191,39.18946509031939,193637.0,19.17535400390625,24.26156616210937,22.221649169921875,18.84896850585937,34.27499961853027
1972-03-18 07:43:48,26.355607986450195,93.0722885131836,168.1640625,84.6212158203125,87.5,60.82175827026367,99.98915100097656,11.631932258605955,38.54702828477408,193637.0,23.39120483398437,24.45196533203125,21.13368225097656,20.31771850585937,34.27499961853027
1972-03-18 07:43:49,26.54941177368164,92.9518051147461,169.3115234375,84.6212158203125,87.30000305175781,60.82175827026367,99.98915100097656,11.598058700561523,37.68338144556235,193637.0,15.93865966796875,24.85995483398437,23.037612915039062,18.25057983398437,34.27499961853027
1972-03-18 07:43:50,26.62970924377441,93.01204681396484,169.0592498779297,84.6212158203125,88.0999984741211,60.82175827026367,99.98915100097656,11.565550804138184,38.82502717983572,193637.0,25.240753173828125,25.2679443359375,22.11285400390625,19.2569580078125,34.27499961853027
1972-03-18 07:43:51,26.595956802368164,92.9518051147461,169.66146087646484,84.6212158203125,87.69999694824219,60.82175827026367,99.98915100097656,11.53503131866455,38.62814365034964,193637.0,17.625,24.31597900390625,23.608795166015625,21.13368225097656,34.27499961853027
1972-03-18 07:43:52,26.5492000579834,92.9518051147461,169.189453125,84.6212158203125,87.80000305175781,60.82175827026367,99.98915100097656,11.513200759887695,37.87780301588564,193638.0,22.11285400390625,24.642364501953125,20.9976806640625,23.39120483398437,34.27499961853027
1972-03-18 07:43:53,26.541126251220703,92.89157104492188,169.84049224853516,84.6212158203125,86.69999694824219,60.81814193725586,99.98915100097656,11.480398178100586,39.634817308332174,193638.0,19.77374267578125,26.92709350585937,18.84896850585937,20.100128173828125,34.27499961853027
1972-03-18 07:43:54,26.583648681640625,92.9518051147461,168.2779998779297,84.6212158203125,88.4000015258789,60.82175827026367,99.98915100097656,11.445242881774902,37.71755254605421,193638.0,22.52084350585937,20.64410400390625,19.5289306640625,23.33680725097656,34.27499961853027
1972-03-18 07:43:55,26.620162963867188,93.13253021240234,169.63704681396484,84.6212158203125,87.5,60.82175827026367,99.98915100097656,11.41722297668457,38.89929604792904,193638.0,17.815399169921875,24.80555725097656,26.19271850585937,19.3929443359375,34.27499961853027
1972-03-18 07:43:56,26.57850646972656,93.0722885131836,168.58724212646484,84.6212158203125,87.30000305175781,60.82175827026367,99.98915100097656,11.391331672668455,39.67551521400535,193638.0,22.874420166015625,26.27430725097656,21.81365966796875,21.7320556640625,34.27499961853027
1972-03-18 07:43:57,26.45659637451172,92.9518051147461,170.35318756103516,84.6212158203125,88.0,60.82175827026367,99.98915100097656,11.363199234008787,40.522455827591564,193638.0,19.3929443359375,26.899887084960938,26.32870483398437,19.828125,34.27499961853027
1972-03-18 07:43:58,26.35019874572754,92.89157104492188,169.07552337646484,84.54545593261719,87.69999694824219,60.82175827026367,99.98915100097656,11.334228515625,38.76516343393418,193638.0,24.12557983398437,22.956024169921875,19.637725830078125,21.487274169921875,34.27499961853027
1972-03-18 07:43:59,26.28086280822754,92.83132934570312,169.33594512939453,84.6212158203125,86.5,60.82175827026367,99.98915100097656,11.306658744812012,41.78031331019285,193638.0,18.30499267578125,24.85995483398437,23.9351806640625,21.94964599609375,34.27499961853027
1972-03-18 07:44:00,26.268957138061523,93.01204681396484,169.1243438720703,84.6212158203125,87.0999984741211,60.82175827026367,99.98915100097656,11.282662391662598,40.658948967794444,193638.0,21.92245483398437,23.608795166015625,18.495361328125,21.623260498046875,34.27499961853027
1972-03-18 07:44:01,26.296295166015625,93.13253021240234,169.39290618896484,84.6212158203125,88.30000305175781,60.82175827026367,99.98915100097656,11.253517150878906,38.708449772942764,193638.0,18.631378173828125,25.05035400390625,22.493621826171875,21.86805725097656,34.27499961853027
1972-03-18 07:44:02,26.32512283325196,93.1927719116211,168.87207794189453,84.6212158203125,87.5999984741211,60.82175827026367,99.98915100097656,11.233057022094728,40.72725744616012,193638.0,20.698516845703125,22.711227416992188,19.474533081054688,22.41204833984375,34.27499961853027
1972-03-18 07:44:03,26.24259757995605,92.89157104492188,169.44173431396484,84.6212158203125,87.5,60.82175827026367,99.98915100097656,11.209710121154783,39.64197885567358,193638.0,16.999420166015625,22.84722900390625,25.2679443359375,21.650466918945312,34.27499961853027
1972-03-18 07:44:04,26.1939754486084,92.77108001708984,168.4244842529297,84.6212158203125,87.19999694824219,60.82175827026367,99.98915100097656,11.18779754638672,40.47954724566119,193638.0,21.623275756835938,24.85995483398437,16.537033081054688,20.04571533203125,34.27499961853027
1972-03-18 07:44:05,26.19766426086425,92.9518051147461,169.873046875,84.6212158203125,87.30000305175781,60.82175827026367,99.98915100097656,11.165885925292969,40.85930761003126,193638.0,15.013900756835938,24.39756774902344,26.981475830078125,24.560760498046875,34.27499961853027
1972-03-18 07:44:06,26.309398651123047,93.1927719116211,168.49771881103516,84.6212158203125,86.79999542236328,60.82175827026367,99.98915100097656,11.143973350524902,40.095763414346635,193638.0,24.370391845703125,20.834503173828125,17.97857666015625,23.88079833984375,34.27499961853027
1972-03-18 07:44:07,26.470796585083008,93.1927719116211,169.68587493896484,84.54545593261719,87.19999694824219,60.82175827026367,99.98915100097656,11.122060775756836,38.370504760626304,193638.0,18.71298217773437,26.21990966796875,21.35127258300781,23.092010498046875,34.27499961853027
1972-03-18 07:44:08,26.5342025756836,93.01204681396484,168.34310150146484,84.54545593261719,87.0,60.82175827026367,99.98915100097656,11.10014820098877,39.208306125752635,193638.0,22.38485717773437,24.96875,19.284149169921875,21.51446533203125,34.27499961853027
1972-03-18 07:44:09,26.49059295654297,92.89157104492188,169.75911712646484,84.6212158203125,87.5,60.82175827026367,99.98915100097656,11.078235626220703,38.14029938007157,193638.0,18.84896850585937,26.056716918945312,22.004058837890625,22.05844116210937,34.27499961853027
1972-03-18 07:44:10,26.427223205566406,92.89157104492188,168.4000701904297,84.6212158203125,88.0999984741211,60.82175827026367,99.98915100097656,11.056324005126951,38.27703616967039,193638.0,21.5960693359375,23.98959350585937,17.434600830078125,21.7320556640625,34.27499961853027
1972-03-18 07:44:11,26.412166595458984,93.01204681396484,169.04297637939453,84.6212158203125,87.5999984741211,60.82175827026367,99.98915100097656,11.03660488128662,39.72585119914798,193638.0,20.45370483398437,23.690399169921875,19.09375,20.290512084960938,34.27499961853027
1972-03-18 07:44:12,26.470176696777344,93.0722885131836,168.359375,84.54545593261719,87.0,60.82175827026367,99.98915100097656,11.019848823547363,39.49349502622713,193638.0,24.288787841796875,24.479156494140625,20.290496826171875,20.34490966796875,34.27499961853027
1972-03-18 07:44:13,26.53428268432617,93.0722885131836,170.10904693603516,84.54545593261719,87.80000305175781,60.82175827026367,99.98915100097656,11.00241470336914,39.42235669986629,193638.0,17.081024169921875,25.4039306640625,25.45834350585937,20.807296752929688,34.27499961853027
1972-03-18 07:44:14,26.5312614440918,92.9518051147461,167.48860931396484,84.6212158203125,87.69999694824219,60.82175827026367,99.98915100097656,10.9894380569458,38.622768964707596,193638.0,23.96240234375,24.207183837890625,20.5625,22.41204833984375,34.27499961853027
1972-03-18 07:44:15,26.43657493591309,92.89157104492188,170.1090545654297,84.6212158203125,87.5999984741211,60.82175827026367,99.98915100097656,10.98242473602295,39.42090616714016,193638.0,17.108230590820312,24.15277099609375,25.648727416992188,22.140045166015625,34.27499961853027
1972-03-18 07:44:16,26.36305427551269,92.89157104492188,168.07454681396484,84.6212158203125,86.5,60.82175827026367,99.98915100097656,10.963889122009276,39.3336993725796,193638.0,23.58160400390625,24.234375,20.8616943359375,22.41204833984375,34.27499961853027
1972-03-18 07:44:17,26.327695846557617,93.0722885131836,168.701171875,84.6212158203125,86.9000015258789,60.82175827026367,99.98915100097656,10.956351280212402,39.51105544002356,193638.0,20.698516845703125,25.45834350585937,20.8616943359375,20.39930725097656,34.27499961853027
1972-03-18 07:44:18,26.348180770874023,93.13253021240234,167.85482025146484,84.6212158203125,86.9000015258789,60.82175827026367,99.98915100097656,10.944605827331545,38.82386138445429,193638.0,21.432891845703125,22.60243225097656,21.296875,19.12094116210937,34.27499961853027
1972-03-18 07:44:19,26.42898178100586,92.9518051147461,167.44791412353516,84.54545593261719,86.79999542236328,60.82175827026367,99.98915100097656,10.932243347167969,39.500471911964425,193638.0,20.8616943359375,22.711227416992188,21.296875,17.135421752929688,34.27499961853027
1972-03-18 07:44:20,26.47184562683105,92.83132934570312,166.89453125,84.54545593261719,86.9000015258789,60.82175827026367,99.98915100097656,10.928765296936035,37.19217968089768,193638.0,19.85533142089844,25.811920166015625,19.01214599609375,21.18807983398437,34.27499961853027
1972-03-18 07:44:21,26.40382575988769,92.89157104492188,168.0908203125,84.54545593261719,87.0999984741211,60.82175827026367,99.98915100097656,10.913816452026367,39.5015654246064,193638.0,17.40740966796875,24.01678466796875,23.5,21.160888671875,34.27499961853027
1972-03-18 07:44:22,26.33795166015625,93.0722885131836,167.3095703125,84.54545593261719,87.0,60.82175827026367,99.98915100097656,10.90479564666748,38.986691551511974,193638.0,23.52720642089844,21.7320556640625,19.74652099609375,21.35127258300781,34.27499961853027
1972-03-18 07:44:23,26.31211280822754,93.0722885131836,168.65234375,84.6212158203125,88.20000457763672,60.82175827026367,99.98915100097656,10.897356033325195,37.88773932820471,193638.0,18.168991088867188,23.39120483398437,25.86631774902344,20.154510498046875,34.27499961853027
1972-03-18 07:44:24,26.34039878845215,93.01204681396484,168.39192962646484,84.6212158203125,86.5999984741211,60.82175827026367,99.98915100097656,10.887901306152344,39.99691193780139,193638.0,18.71298217773437,21.759262084960938,17.597808837890625,20.45370483398437,34.27499961853027
1972-03-18 07:44:25,26.407316207885746,92.89157104492188,168.4977264404297,84.6212158203125,87.19999694824219,60.82175827026367,99.98915100097656,10.87344455718994,39.02756821414515,193638.0,19.44735717773437,23.5,24.941558837890625,19.58334350585937,34.27499961853027
1972-03-18 07:44:26,26.44878387451172,92.89157104492188,168.5872344970703,84.6212158203125,87.80000305175781,60.82175827026367,99.98915100097656,10.861254692077637,39.546201641621195,193638.0,19.2569580078125,26.1383056640625,21.976852416992188,24.479171752929688,34.27499961853027
1972-03-18 07:44:27,26.39946746826172,93.01204681396484,168.4326171875,84.6212158203125,87.4000015258789,60.82175827026367,99.98915100097656,10.851372718811035,39.86641787788157,193638.0,18.903366088867188,21.86805725097656,22.98321533203125,21.895263671875,34.27499961853027
1972-03-18 07:44:28,26.351238250732425,93.13253021240234,166.5852813720703,84.54545593261719,86.5,60.82175827026367,99.98915100097656,10.853328704833984,38.507016758835164,193638.0,22.221649169921875,19.229736328125,18.6585693359375,22.60243225097656,34.27499961853027
1972-03-18 07:44:29,26.34526634216309,93.13253021240234,169.1487579345703,84.54545593261719,86.5,60.82175827026367,99.98915100097656,10.83798885345459,41.05300000933936,193638.0,17.461822509765625,21.650466918945312,23.28240966796875,18.0601806640625,34.27499961853027
1972-03-18 07:44:30,26.385498046875,92.9518051147461,167.87923431396484,84.6212158203125,86.9000015258789,60.82175827026367,99.98915100097656,10.832947731018066,40.22273912792043,193638.0,24.234375,19.90972900390625,19.90972900390625,20.61689758300781,34.27499961853027
1972-03-18 07:44:31,26.48600959777832,92.9518051147461,169.41732025146484,84.54545593261719,88.20000457763672,60.82175827026367,99.98915100097656,10.832474708557127,36.12463653917239,193638.0,17.108230590820312,26.981475830078125,22.738433837890625,22.24884033203125,34.27499961853027
1972-03-18 07:44:32,26.536699295043945,93.01204681396484,167.6432342529297,84.6212158203125,88.0,60.82175827026367,99.98915100097656,10.826380729675291,38.43398168013177,193638.0,22.575241088867188,21.51446533203125,21.32406616210937,19.12094116210937,34.27499961853027
1972-03-18 07:44:33,26.47648429870605,93.01204681396484,167.82225799560547,84.6212158203125,88.0,60.82175827026367,99.98915100097656,10.81312656402588,38.387295774755444,193638.0,19.90972900390625,25.159149169921875,20.100112915039062,17.298614501953125,34.27499961853027
1972-03-18 07:44:34,26.381322860717773,93.0722885131836,168.8069610595703,84.6212158203125,87.9000015258789,60.82175827026367,99.98915100097656,10.805073738098145,38.795301650713725,193638.0,22.27606201171875,22.84722900390625,23.33680725097656,21.51446533203125,34.27499961853027
1972-03-18 07:44:35,26.33892059326172,93.0722885131836,168.55469512939453,84.6212158203125,87.5999984741211,60.82175827026367,99.98915100097656,10.805948257446287,38.55063501236134,193638.0,19.365753173828125,22.19444274902344,20.888885498046875,24.914352416992188,34.27499961853027
1972-03-18 07:44:36,26.34687614440918,92.9518051147461,168.4000701904297,84.6212158203125,86.9000015258789,60.82175827026367,99.98915100097656,10.793903350830078,38.11497239156523,193638.0,20.58970642089844,23.608795166015625,20.04571533203125,18.25057983398437,34.27499961853027
1972-03-18 07:44:37,26.41179847717285,92.89157104492188,168.2698516845703,84.6212158203125,87.5999984741211,60.82175827026367,99.98915100097656,10.7789888381958,38.11107725795816,193638.0,21.623275756835938,25.45834350585937,22.82002258300781,19.773727416992188,34.27499961853027
1972-03-18 07:44:38,26.449596405029297,92.9518051147461,168.0012969970703,84.6212158203125,87.5,60.82175827026367,99.98915100097656,10.773621559143066,39.65796570700687,193638.0,24.61517333984375,22.08564758300781,20.943283081054688,17.3258056640625,34.27499961853027
1972-03-18 07:44:39,26.39191246032715,93.0722885131836,169.17317962646484,84.6212158203125,87.4000015258789,60.82175827026367,99.98915100097656,10.768463134765623,38.36242201413706,193638.0,18.576980590820312,23.092010498046875,23.9351806640625,20.916091918945312,34.27499961853027
1972-03-18 07:44:40,26.2877140045166,93.13253021240234,168.3512420654297,84.6212158203125,86.9000015258789,60.82175827026367,99.98915100097656,10.77222728729248,40.57454844546275,193638.0,21.92245483398437,23.744781494140625,17.951385498046875,20.916091918945312,34.27499961853027
1972-03-18 07:44:41,26.242900848388672,93.01204681396484,168.34310150146484,84.6212158203125,87.5999984741211,60.82175827026367,99.98915100097656,10.755745887756348,38.354139208558166,193638.0,16.482650756835938,21.487274169921875,21.759246826171875,20.2633056640625,34.27499961853027
1972-03-18 07:44:42,26.26466941833496,92.83132934570312,167.87923431396484,84.54545593261719,88.0,60.82175827026367,99.98915100097656,10.751023292541504,37.434598105728064,193638.0,22.9288330078125,23.66319274902344,22.24884033203125,20.8616943359375,34.27499961853027
1972-03-18 07:44:43,26.338119506835938,92.9518051147461,167.5618438720703,84.6212158203125,87.69999694824219,60.82175827026367,99.98915100097656,10.749384880065918,38.82827625362451,193638.0,20.91610717773437,22.221649169921875,21.568862915039062,22.303253173828125,34.27499961853027
1972-03-18 07:44:44,26.381322860717773,93.0722885131836,168.1071014404297,84.6212158203125,87.69999694824219,60.82175827026367,99.98915100097656,10.740606307983398,39.08979481558317,193638.0,20.50811767578125,20.31771850585937,19.284149169921875,22.52084350585937,34.27499961853027
1972-03-18 07:44:45,26.35420608520508,93.13253021240234,168.13150787353516,84.6212158203125,86.9000015258789,60.82175827026367,99.98915100097656,10.727563858032228,38.85779312355316,193638.0,19.2569580078125,23.092010498046875,24.28877258300781,19.17535400390625,34.27499961853027
1972-03-18 07:44:46,26.301427841186523,93.01204681396484,168.017578125,84.6212158203125,86.9000015258789,60.82175827026367,99.98915100097656,10.732141494750977,38.173504913839295,193638.0,24.99595642089844,22.357635498046875,16.618621826171875,21.32406616210937,34.27499961853027
1972-03-18 07:44:47,26.31276130676269,92.9518051147461,167.8955078125,84.6212158203125,87.0,60.82175827026367,99.98915100097656,10.726739883422852,39.94891451647335,193638.0,17.57061767578125,21.160888671875,25.62152099609375,19.01214599609375,34.27499961853027
1972-03-18 07:44:48,26.37713050842285,92.9518051147461,167.25260162353516,84.6212158203125,87.5999984741211,60.82175827026367,99.98915100097656,10.728797912597656,38.32739332310523,193638.0,22.439239501953125,27.68865966796875,16.101852416992188,22.1944580078125,34.27499961853027
1972-03-18 07:44:49,26.4961166381836,92.9518051147461,167.68392181396484,84.6212158203125,87.4000015258789,60.82175827026367,99.98915100097656,10.717921257019045,38.78828998482247,193638.0,21.133697509765625,23.5,22.11285400390625,20.7257080078125,34.27499961853027
1972-03-18 07:44:50,26.581880569458008,93.01204681396484,167.65950775146484,84.6212158203125,86.9000015258789,60.82175827026367,99.98915100097656,10.707123756408691,39.204366557861725,193638.0,18.468170166015625,16.67303466796875,21.623260498046875,20.888885498046875,34.27499961853027
1972-03-18 07:44:51,26.56704330444336,93.0722885131836,169.189453125,84.6212158203125,87.19999694824219,60.82175827026367,99.98915100097656,10.697843551635742,38.836364012302006,193638.0,20.34490966796875,24.88714599609375,23.037612915039062,24.3975830078125,34.27499961853027
1972-03-18 07:44:52,26.47651100158692,93.0722885131836,167.7978515625,84.6212158203125,87.9000015258789,60.82175827026367,99.98915100097656,10.69158172607422,38.28206992175165,193638.0,20.5625,20.45370483398437,20.31771850585937,22.711227416992188,34.27499961853027
1972-03-18 07:44:53,26.416284561157227,93.0722885131836,168.18033599853516,84.6212158203125,87.0,60.82175827026367,99.98915100097656,10.681065559387209,38.84189790985983,193638.0,20.48091125488281,25.18634033203125,19.99131774902344,22.276046752929688,34.27499961853027
1972-03-18 07:44:54,26.3985652923584,92.9518051147461,166.7643280029297,84.54545593261719,87.69999694824219,60.82175827026367,99.98915100097656,10.668428421020508,39.794467246768185,193638.0,24.01678466796875,23.744781494140625,19.964111328125,19.936920166015625,34.27499961853027
1972-03-18 07:44:55,26.4558048248291,92.89157104492188,169.26270294189453,84.6212158203125,86.9000015258789,60.82175827026367,99.98915100097656,10.660240173339844,39.851524473483614,193638.0,16.020263671875,21.35127258300781,25.75752258300781,22.24884033203125,34.27499961853027
1972-03-18 07:44:56,26.48750686645508,92.9518051147461,166.9189453125,84.6212158203125,87.30000305175781,60.82175827026367,99.98915100097656,10.654306411743164,39.525441125788696,193638.0,24.26158142089844,21.35127258300781,21.21527099609375,22.60243225097656,34.27499961853027
1972-03-18 07:44:57,26.42067527770996,93.01204681396484,168.7825469970703,84.54545593261719,88.0,60.82175827026367,99.98915100097656,10.645593643188477,38.0989500249169,193638.0,18.495391845703125,25.975128173828125,22.38482666015625,22.956024169921875,34.27499961853027
1972-03-18 07:44:58,26.313106536865234,93.0722885131836,167.6025390625,84.6212158203125,86.9000015258789,60.82175827026367,99.98915100097656,10.63259983062744,39.41568680437292,193638.0,24.043991088867188,22.384841918945312,20.8616943359375,20.2633056640625,34.27499961853027
1972-03-18 07:44:59,26.266565322875977,93.01204681396484,169.0999298095703,84.6212158203125,87.5,60.82175827026367,99.98915100097656,10.621094703674316,39.99655877155624,193638.0,18.332183837890625,27.634262084960938,24.506362915039062,25.18634033203125,34.27499961853027
1972-03-18 07:45:00,26.27369499206543,92.89157104492188,167.7001953125,84.6212158203125,88.0999984741211,60.82175827026367,99.98915100097656,10.608168601989746,38.60767232888781,193638.0,19.284149169921875,26.60069274902344,22.956024169921875,19.58334350585937,34.27499961853027
1972-03-18 07:45:01,26.348045349121094,92.9518051147461,168.34310150146484,84.6212158203125,87.80000305175781,60.82175827026367,99.98915100097656,10.596746444702148,37.74039182380959,193638.0,18.08740234375,21.32406616210937,24.58795166015625,18.468170166015625,34.27499961853027
1972-03-18 07:45:02,26.406688690185547,93.01204681396484,167.1630859375,84.6212158203125,86.5,60.82175827026367,99.98915100097656,10.583902359008787,39.06375792631265,193638.0,22.68403625488281,25.78472900390625,19.09375,18.359375,34.27499961853027
1972-03-18 07:45:03,26.38339614868164,93.01204681396484,167.26888275146484,84.6212158203125,85.39999389648438,60.82175827026367,99.98915100097656,10.575506210327148,41.431458728568046,193638.0,16.781829833984375,17.625,23.66319274902344,18.332183837890625,34.27499961853027
1972-03-18 07:45:04,26.30504608154297,92.9518051147461,167.83853912353516,84.6212158203125,86.29999542236328,60.82175827026367,99.98915100097656,10.570845603942873,40.63828075716641,193638.0,21.67767333984375,26.029510498046875,18.631362915039062,17.70660400390625,34.27499961853027
1972-03-18 07:45:05,26.28208923339844,93.01204681396484,168.83138275146484,84.54545593261719,88.4000015258789,60.82175827026367,99.98915100097656,10.563408851623535,39.29543613850952,193638.0,17.13543701171875,24.479156494140625,26.845489501953125,17.869796752929688,34.27499961853027
1972-03-18 07:45:06,26.30565643310547,93.0722885131836,168.54654693603516,84.6212158203125,87.4000015258789,60.82175827026367,99.98915100097656,10.551668167114258,39.17682772442056,193638.0,22.84722900390625,23.037628173828125,18.631362915039062,20.018524169921875,34.27499961853027
1972-03-18 07:45:07,26.412817001342773,92.9518051147461,167.2526092529297,84.6212158203125,87.0999984741211,60.82175827026367,99.98915100097656,10.542901039123535,38.87289364621684,193638.0,21.78646850585937,22.874420166015625,24.12557983398437,18.821762084960938,34.27499961853027
1972-03-18 07:45:08,26.48046112060547,92.89157104492188,167.7978515625,84.6212158203125,87.30000305175781,60.82175827026367,99.98915100097656,10.53934383392334,39.220308328197696,193638.0,20.018524169921875,26.791091918945312,21.18807983398437,23.037628173828125,34.27499961853027
1972-03-18 07:45:09,26.454259872436523,92.9518051147461,168.60352325439453,84.6212158203125,86.4000015258789,60.82175827026367,99.98915100097656,10.531536102294922,38.78623002121683,193638.0,21.868072509765625,21.432861328125,23.0648193359375,19.9913330078125,34.27499961853027
1972-03-18 07:45:10,26.355588912963867,93.01204681396484,167.37467193603516,84.6212158203125,87.0999984741211,60.82175827026367,99.98915100097656,10.514302253723145,39.475936861404385,193638.0,24.01678466796875,18.87615966796875,19.5289306640625,20.834503173828125,34.27499961853027
1972-03-18 07:45:11,26.32896041870117,93.13253021240234,168.7744140625,84.6212158203125,86.69999694824219,60.82175827026367,99.98915100097656,10.50363063812256,40.335334691687706,193638.0,17.7882080078125,25.213531494140625,25.104736328125,21.242477416992188,34.27499961853027
1972-03-18 07:45:12,26.35728454589844,93.01204681396484,166.78873443603516,84.6212158203125,86.9000015258789,60.82175827026367,99.98915100097656,10.493739128112791,40.324465467643805,193638.0,24.560775756835938,26.029510498046875,14.76910400390625,22.629638671875,34.27499961853027
1972-03-18 07:45:13,26.43973159790039,92.9518051147461,168.7255859375,84.6212158203125,86.29999542236328,60.82175827026367,99.98915100097656,10.480257034301758,40.028626390614825,193638.0,17.27142333984375,28.72222900390625,22.303237915039062,23.5,34.27499961853027
1972-03-18 07:45:14,26.499414443969727,92.9518051147461,166.75618743896484,84.6212158203125,87.5,60.82175827026367,99.98915100097656,10.468244552612305,38.67021033481906,193638.0,23.41841125488281,22.221649169921875,21.541656494140625,20.78009033203125,34.27499961853027
1972-03-18 07:45:15,26.477245330810547,92.9518051147461,168.5302734375,84.54545593261719,87.5,60.82175827026367,99.98915100097656,10.463607788085938,38.52094130820558,193638.0,21.269683837890625,25.2679443359375,20.34490966796875,21.487274169921875,34.27499961853027
1972-03-18 07:45:16,26.38115882873535,93.01204681396484,167.3828125,84.54545593261719,86.69999694824219,60.81814193725586,99.98915100097656,10.449564933776855,39.1062736216523,193638.0,19.52894592285156,25.295135498046875,22.11285400390625,20.154510498046875,34.27499961853027
1972-03-18 07:45:17,26.343055725097656,93.0722885131836,167.578125,84.6212158203125,86.5999984741211,60.82175827026367,99.98915100097656,10.441401481628418,40.84125749347565,193638.0,19.85533142089844,24.098388671875,20.72569274902344,22.303253173828125,34.27499961853027
1972-03-18 07:45:18,26.342912673950195,93.01204681396484,167.90364837646484,84.6212158203125,86.79999542236328,60.82175827026367,99.98915100097656,10.427464485168455,38.1357480950525,193638.0,24.58798217773437,21.650466918945312,17.70660400390625,23.037628173828125,34.27499961853027
1972-03-18 07:45:19,26.4069766998291,93.01204681396484,167.5211639404297,84.54545593261719,87.19999694824219,60.82175827026367,99.98915100097656,10.420828819274902,39.182900572277326,193638.0,16.645843505859375,23.907989501953125,29.102996826171875,21.78646850585937,34.27499961853027
1972-03-18 07:45:20,26.457483291625977,93.01204681396484,167.3421173095703,84.6212158203125,87.19999694824219,60.82175827026367,99.98915100097656,10.419451713562012,38.32722690618016,193638.0,24.3975830078125,23.119216918945312,16.428237915039062,24.560760498046875,34.27499961853027
1972-03-18 07:45:21,26.434371948242188,93.01204681396484,168.6116485595703,84.6212158203125,86.69999694824219,60.82175827026367,99.98915100097656,10.413843154907228,41.276735984640986,193638.0,19.47454833984375,24.96875,25.2679443359375,20.154510498046875,34.27499961853027
1972-03-18 07:45:22,26.32381057739257,92.9518051147461,166.47948455810547,84.6212158203125,87.0,60.82175827026367,99.98915100097656,10.400270462036133,40.02732345123902,193638.0,20.80731201171875,20.834503173828125,21.7320556640625,21.78646850585937,34.27499961853027
1972-03-18 07:45:23,26.28705596923828,92.9518051147461,168.505859375,84.6212158203125,87.5,60.82175827026367,99.98915100097656,10.391101837158203,39.65532664808589,193638.0,19.90972900390625,26.627899169921875,21.5960693359375,21.623260498046875,34.27499961853027
1972-03-18 07:45:24,26.31785774230957,92.9518051147461,166.6666717529297,84.6212158203125,86.9000015258789,60.82175827026367,99.98915100097656,10.383472442626951,40.61851147006295,193638.0,20.616912841796875,24.61517333984375,22.629638671875,21.13368225097656,34.27499961853027
1972-03-18 07:45:25,26.409404754638672,93.01204681396484,167.4967498779297,84.6212158203125,86.4000015258789,60.82175827026367,99.98915100097656,10.38471508026123,41.666708844504896,193638.0,21.24249267578125,22.874420166015625,21.623260498046875,20.671295166015625,34.27499961853027
1972-03-18 07:45:26,26.467897415161133,93.13253021240234,167.83040618896484,84.6212158203125,86.9000015258789,60.82175827026367,99.98915100097656,10.370759963989258,40.692634130877856,193638.0,23.96240234375,22.901611328125,21.541656494140625,19.74652099609375,34.27499961853027
1972-03-18 07:45:27,26.46584892272949,93.0722885131836,168.3837890625,84.6212158203125,86.69999694824219,60.82175827026367,99.98915100097656,10.36776638031006,40.33801443340591,193638.0,18.957763671875,24.75115966796875,25.86631774902344,17.760986328125,34.27499961853027
1972-03-18 07:45:28,26.379928588867188,92.89157104492188,166.9921875,84.6212158203125,86.9000015258789,60.82175827026367,99.98915100097656,10.36496925354004,39.55437071785335,193638.0,22.68403625488281,23.907989501953125,19.828125,22.384841918945312,34.27499961853027
1972-03-18 07:45:29,26.355663299560547,92.83132934570312,168.53841400146484,84.6212158203125,86.9000015258789,60.82175827026367,99.98915100097656,10.361513137817385,38.70323198261277,193638.0,18.468170166015625,27.25347900390625,24.96875,16.97222900390625,34.27499961853027
1972-03-18 07:45:30,26.366016387939453,92.9518051147461,167.15494537353516,84.6212158203125,87.0999984741211,60.82175827026367,99.98915100097656,10.352343559265137,39.716756806183376,193638.0,22.03125,19.828125,20.58969116210937,22.765625,34.27499961853027
1972-03-18 07:45:31,26.435527801513672,93.0722885131836,167.36653900146484,84.6212158203125,87.30000305175781,60.82175827026367,99.98915100097656,10.346193313598633,40.038529332610864,193638.0,20.64410400390625,26.4375,24.696746826171875,21.024887084960938,34.27499961853027
1972-03-18 07:45:32,26.50048828125,93.01204681396484,167.32584381103516,84.6212158203125,87.0,60.82175827026367,99.98915100097656,10.344484329223633,39.77302724766459,193638.0,22.03125,24.80555725097656,20.671295166015625,20.58969116210937,34.27499961853027
1972-03-18 07:45:33,26.470319747924805,92.9518051147461,167.97689056396484,84.6212158203125,86.5,60.82175827026367,99.98915100097656,10.340014457702637,40.720260186015764,193638.0,19.61053466796875,20.2633056640625,22.92881774902344,19.74652099609375,34.27499961853027
1972-03-18 07:45:34,26.383451461791992,92.9518051147461,166.61783599853516,84.54545593261719,86.69999694824219,60.81814193725586,99.98915100097656,10.328322410583496,40.69678287994667,193638.0,25.73033142089844,19.12094116210937,18.27777099609375,23.28240966796875,34.27499961853027
1972-03-18 07:45:35,26.362564086914062,92.9518051147461,166.83756256103516,84.6212158203125,86.0999984741211,60.82175827026367,99.98915100097656,10.323230743408203,41.29313198436994,193638.0,16.83624267578125,21.623260498046875,26.301513671875,17.84259033203125,34.27499961853027
1972-03-18 07:45:36,26.38298416137696,92.9518051147461,165.380859375,84.6212158203125,87.9000015258789,60.82175827026367,99.98915100097656,10.315333366394045,36.159241548140784,193638.0,24.91436767578125,23.853591918945312,19.039352416992188,24.424774169921875,34.27499961853027
1972-03-18 07:45:37,26.47045135498047,92.89157104492188,167.9524688720703,84.6212158203125,87.4000015258789,60.82175827026367,99.98915100097656,10.308195114135742,37.83468159277828,193638.0,17.652206420898438,25.78472900390625,26.981475830078125,19.338546752929688,34.27499961853027
1972-03-18 07:45:38,26.54626846313477,92.9518051147461,167.39908599853516,84.6212158203125,87.5999984741211,60.82175827026367,99.98915100097656,10.298223495483398,37.0312554561072,193638.0,23.826400756835938,19.692138671875,21.269683837890625,24.560760498046875,34.27499961853027
1972-03-18 07:45:39,26.531099319458008,93.01204681396484,167.8385467529297,84.6212158203125,87.9000015258789,60.81814193725586,99.98915100097656,10.298523902893066,38.008259706711826,193638.0,20.94329833984375,23.364013671875,23.55439758300781,23.010421752929688,34.27499961853027
1972-03-18 07:45:40,26.44150161743164,93.01204681396484,167.65950775146484,84.54545593261719,86.5999984741211,60.82175827026367,99.98915100097656,10.291687965393066,39.71444904775761,193638.0,20.236114501953125,22.98321533203125,21.94964599609375,18.87615966796875,34.27499961853027
1972-03-18 07:45:41,26.40129470825196,93.13253021240234,167.90364837646484,84.6212158203125,86.9000015258789,60.82175827026367,99.98915100097656,10.290771484375,40.34602101072671,193638.0,21.05209350585937,24.560760498046875,21.623260498046875,20.698486328125,34.27499961853027
1972-03-18 07:45:42,26.398595809936523,93.13253021240234,167.0817108154297,84.6212158203125,86.9000015258789,60.82175827026367,99.98915100097656,10.284135818481444,39.7351748318897,193638.0,22.765625,21.51446533203125,21.21527099609375,17.815399169921875,34.27499961853027
1972-03-18 07:45:43,26.46056365966797,93.01204681396484,167.43978118896484,84.6212158203125,86.79999542236328,60.82175827026367,99.98915100097656,10.276105880737305,39.73337982186349,193638.0,18.685775756835938,24.179977416992188,26.19271850585937,16.890625,34.27499961853027
1972-03-18 07:45:44,26.514772415161133,92.89157104492188,166.75618743896484,84.6212158203125,86.29999542236328,60.82175827026367,99.98915100097656,10.271806716918944,39.1237688180099,193638.0,24.01678466796875,20.61689758300781,17.570602416992188,20.45370483398437,34.27499961853027
1972-03-18 07:45:45,26.486865997314453,92.89157104492188,167.83853912353516,84.6212158203125,87.30000305175781,60.82175827026367,99.98915100097656,10.270526885986328,39.25357488356163,193638.0,17.40740966796875,25.34954833984375,24.80555725097656,20.426513671875,34.27499961853027
1972-03-18 07:45:46,26.37216758728028,93.01204681396484,166.2434844970703,84.54545593261719,86.69999694824219,60.82175827026367,99.98915100097656,10.271575927734377,40.21696726696078,193638.0,25.376739501953125,21.895263671875,19.31134033203125,22.3304443359375,34.27499961853027
1972-03-18 07:45:47,26.307392120361328,93.01204681396484,167.99317169189453,84.54545593261719,87.4000015258789,60.82175827026367,99.98915100097656,10.26474666595459,39.12484765436664,193638.0,22.41204833984375,23.037628173828125,24.96875,21.05209350585937,34.27499961853027
1972-03-18 07:45:48,26.28818130493164,93.0722885131836,166.015625,84.54545593261719,87.19999694824219,60.82175827026367,99.98915100097656,10.258691787719728,39.31925188451682,193638.0,22.41204833984375,24.26156616210937,20.888885498046875,16.482635498046875,34.27499961853027
1972-03-18 07:45:49,26.3381462097168,93.01204681396484,167.05728912353516,84.6212158203125,87.19999694824219,60.82175827026367,99.98915100097656,10.254192352294922,39.995029826688445,193638.0,21.106491088867188,24.234375,25.675933837890625,20.9976806640625,34.27499961853027
1972-03-18 07:45:50,26.39557647705078,92.9518051147461,167.0817108154297,84.6212158203125,87.5,60.82175827026367,99.98915100097656,10.246106147766112,39.608713390472815,193638.0,24.098388671875,21.269683837890625,21.37847900390625,22.24884033203125,34.27499961853027
1972-03-18 07:45:51,26.374868392944336,92.9518051147461,168.8232421875,84.6212158203125,87.0999984741211,60.82175827026367,99.98915100097656,10.238073348999023,41.01232128054132,193638.0,18.14178466796875,25.322341918945312,23.7991943359375,21.296875,34.27499961853027
1972-03-18 07:45:52,26.265857696533203,93.01204681396484,167.03287506103516,84.6212158203125,87.4000015258789,60.82175827026367,99.98915100097656,10.235221862792969,40.16754564742949,193638.0,21.67767333984375,25.947906494140625,17.788192749023438,25.322341918945312,34.27499961853027
1972-03-18 07:45:53,26.21852684020996,93.01204681396484,166.80501556396484,84.6212158203125,86.5999984741211,60.82175827026367,99.98915100097656,10.233939170837402,40.52136790624862,193638.0,18.74017333984375,25.975128173828125,24.370361328125,20.31771850585937,34.27499961853027
1972-03-18 07:45:54,26.21973991394043,93.01204681396484,166.40625,84.54545593261719,87.0999984741211,60.82175827026367,99.98915100097656,10.23645305633545,39.039224773663776,193638.0,23.85360717773437,24.560760498046875,20.1273193359375,18.38656616210937,34.27499961853027
1972-03-18 07:45:55,26.32842445373535,93.01204681396484,167.7490234375,84.54545593261719,87.30000305175781,60.82175827026367,99.98915100097656,10.22959041595459,39.06424324475283,193638.0,20.018524169921875,25.839111328125,21.976852416992188,22.357635498046875,34.27499961853027
1972-03-18 07:45:56,26.424213409423828,93.01204681396484,166.8863983154297,84.54545593261719,87.4000015258789,60.82175827026367,99.98915100097656,10.223515510559082,37.126248078338676,193638.0,22.221649169921875,24.28877258300781,21.18807983398437,18.821762084960938,34.27499961853027
1972-03-18 07:45:57,26.45687484741211,92.89157104492188,167.1223907470703,84.6212158203125,87.30000305175781,60.82175827026367,99.98915100097656,10.229979515075684,38.14498340497189,193638.0,20.698516845703125,22.276031494140625,22.11285400390625,20.508102416992188,34.27499961853027
1972-03-18 07:45:58,26.353046417236328,92.89157104492188,166.39810943603516,84.6212158203125,87.9000015258789,60.82175827026367,99.98915100097656,10.228588104248049,37.873213252535756,193638.0,20.8616943359375,16.97222900390625,23.826385498046875,20.48089599609375,34.27499961853027
1972-03-18 07:45:59,26.312965393066406,93.0722885131836,168.41634368896484,84.6212158203125,87.0,60.82175827026367,99.98915100097656,10.217798233032228,39.84043677203091,193638.0,20.20892333984375,25.34954833984375,21.35127258300781,23.309600830078125,34.27499961853027
1972-03-18 07:46:00,26.359695434570312,93.13253021240234,166.17838287353516,84.6212158203125,87.5999984741211,60.82175827026367,99.98915100097656,10.20700740814209,38.93067344366947,193638.0,24.96875,21.405670166015625,19.964111328125,22.140045166015625,34.27499961853027
1972-03-18 07:46:01,26.47653579711914,93.13253021240234,167.91991424560547,84.54545593261719,86.69999694824219,60.82175827026367,99.98915100097656,10.196942329406738,37.62392220341999,193638.0,19.33856201171875,25.159149169921875,23.0648193359375,18.332183837890625,34.27499961853027
1972-03-18 07:46:02,26.583091735839844,92.9518051147461,165.77962493896484,84.54545593261719,87.5999984741211,60.82175827026367,99.98915100097656,10.198620796203612,39.56688633782577,193638.0,25.811920166015625,23.364013671875,22.84722900390625,22.98321533203125,34.27499961853027
1972-03-18 07:46:03,26.61580848693848,92.83132934570312,167.74088287353516,84.6212158203125,86.0999984741211,60.82175827026367,99.98915100097656,10.19239616394043,39.12652105805867,193638.0,16.890625,24.96875,21.18807983398437,17.978591918945312,34.27499961853027
1972-03-18 07:46:04,26.53118324279785,92.83132934570312,166.3004608154297,84.6212158203125,87.69999694824219,60.82175827026367,99.98915100097656,10.18769359588623,37.931202062749044,193638.0,23.20082092285156,20.34490966796875,22.140045166015625,23.173614501953125,34.27499961853027
1972-03-18 07:46:05,26.483518600463867,92.9518051147461,167.0817108154297,84.6212158203125,87.0999984741211,60.82175827026367,99.98915100097656,10.188154220581056,39.83451699752632,193638.0,16.83624267578125,25.59432983398437,22.738433837890625,18.0601806640625,34.25
1972-03-18 07:46:06,26.44652366638184,93.13253021240234,166.0074920654297,84.6212158203125,86.79999542236328,60.82175827026367,99.98915100097656,10.187320709228516,37.92650932037175,193638.0,21.269683837890625,20.31771850585937,20.64410400390625,20.072921752929688,34.27499961853027
1972-03-18 07:46:07,26.453332901000977,93.1927719116211,167.03287506103516,84.6212158203125,86.19999694824219,60.82175827026367,99.98915100097656,10.1785249710083,40.04368741737516,193638.0,18.98495483398437,26.65509033203125,22.167236328125,16.945022583007812,34.27499961853027
1972-03-18 07:46:08,26.493125915527344,93.0722885131836,166.40625762939453,84.54545593261719,87.5999984741211,60.82175827026367,99.98915100097656,10.175642013549805,37.37681291931161,193638.0,20.80731201171875,23.71759033203125,15.8570556640625,23.6632080078125,34.27499961853027
1972-03-18 07:46:09,26.54282760620117,92.89157104492188,167.39908599853516,84.54545593261719,87.5,60.82175827026367,99.98915100097656,10.17134952545166,38.53125325612389,193638.0,16.917831420898438,23.0648193359375,24.39756774902344,23.41839599609375,34.27499961853027
1972-03-18 07:46:10,26.44482612609864,92.83132934570312,167.04915618896484,84.6212158203125,87.4000015258789,60.82175827026367,99.98915100097656,10.16860580444336,39.97051967568007,193638.0,22.956024169921875,22.3304443359375,17.352996826171875,21.487274169921875,34.27499961853027
1972-03-18 07:46:11,26.328872680664062,92.9518051147461,167.041015625,84.6212158203125,87.19999694824219,60.82175827026367,99.98915100097656,10.1608304977417,37.572428598501645,193638.0,19.936920166015625,22.03125,24.07118225097656,20.100128173828125,34.27499961853027
1972-03-18 07:46:12,26.276750564575195,93.13253021240234,167.08170318603516,84.6212158203125,87.19999694824219,60.82175827026367,99.98915100097656,10.15600299835205,39.88562724361662,193638.0,20.26332092285156,24.72396850585937,18.304977416992188,17.353012084960938,34.27499961853027
1972-03-18 07:46:13,26.28257369995117,93.13253021240234,167.08170318603516,84.6212158203125,86.79999542236328,60.82175827026367,99.98915100097656,10.154180526733398,38.83656885616299,193638.0,20.834503173828125,22.493637084960938,23.880783081054688,20.236114501953125,34.27499961853027
1972-03-18 07:46:14,26.319997787475582,93.01204681396484,166.81314849853516,84.6212158203125,86.79999542236328,60.82175827026367,99.98915100097656,10.152442932128906,37.484756101758805,193638.0,20.91610717773437,22.956024169921875,21.759246826171875,17.760986328125,34.27499961853027
1972-03-18 07:46:15,26.33706855773925,92.83132934570312,167.22005462646484,84.6212158203125,86.9000015258789,60.82175827026367,99.98915100097656,10.141287803649902,39.64445758316666,193638.0,18.359375,24.72396850585937,22.98321533203125,19.14814758300781,34.27499961853027
1972-03-18 07:46:16,26.24378967285156,92.83132934570312,166.3411407470703,84.6212158203125,87.80000305175781,60.82175827026367,99.98915100097656,10.146955490112305,39.69234185101224,193638.0,24.88716125488281,22.575225830078125,19.88252258300781,20.916091918945312,34.27499961853027
1972-03-18 07:46:17,26.194833755493164,93.0722885131836,166.17024993896484,84.6212158203125,86.5,60.82175827026367,99.98915100097656,10.144036293029783,40.29959478323185,193638.0,16.809036254882812,20.100128173828125,25.4039306640625,20.61689758300781,34.27499961853027
1972-03-18 07:46:18,26.239362716674805,93.1927719116211,166.3818359375,84.6212158203125,87.19999694824219,60.82175827026367,99.98915100097656,10.134601593017578,39.641998830702924,193638.0,23.907989501953125,22.79281616210937,22.412033081054688,19.31134033203125,34.27499961853027
1972-03-18 07:46:19,26.408803939819336,93.0722885131836,166.14583587646484,84.6212158203125,86.19999694824219,60.82175827026367,99.98915100097656,10.125167846679688,40.76171023180355,193638.0,19.77374267578125,21.35127258300781,22.08564758300781,18.957763671875,34.27499961853027
1972-03-18 07:46:20,26.519624710083008,92.9518051147461,166.9677734375,84.6212158203125,86.4000015258789,60.82175827026367,99.98915100097656,10.121581077575684,39.760062790920635,193638.0,21.54168701171875,23.364013671875,20.31771850585937,20.508102416992188,34.27499961853027
1972-03-18 07:46:21,26.61702346801757,92.89157104492188,167.05728912353516,84.6212158203125,86.69999694824219,60.82175827026367,99.98915100097656,10.116621971130373,39.62284161374294,193638.0,21.840866088867188,26.27430725097656,20.45370483398437,19.3929443359375,34.27499961853027
1972-03-18 07:46:22,26.613601684570312,92.89157104492188,165.58431243896484,84.6212158203125,86.9000015258789,60.82175827026367,99.98915100097656,10.111709594726562,38.100970444612244,193638.0,20.1273193359375,20.34490966796875,23.173614501953125,22.276046752929688,34.27499961853027
1972-03-18 07:46:23,26.633888244628903,92.9518051147461,167.2688751220703,84.6212158203125,86.9000015258789,60.82175827026367,99.98915100097656,10.102456092834473,38.80896513477537,193638.0,22.303253173828125,20.698486328125,24.45196533203125,21.07928466796875,34.27499961853027
1972-03-18 07:46:24,26.65713691711425,93.0722885131836,166.4794921875,84.54545593261719,86.9000015258789,60.82175827026367,99.98915100097656,10.099791526794434,39.538995838370845,193638.0,22.84722900390625,24.642364501953125,18.468170166015625,19.01214599609375,34.27499961853027
1972-03-18 07:46:25,26.72875213623047,93.0722885131836,167.8873748779297,84.6212158203125,86.79999542236328,60.82175827026367,99.98915100097656,10.09282112121582,37.64023085062444,193638.0,22.085662841796875,22.3304443359375,25.2679443359375,20.20892333984375,34.27499961853027
1972-03-18 07:46:26,26.79763984680176,92.9518051147461,167.1630859375,84.6212158203125,87.80000305175781,60.82175827026367,99.98915100097656,10.087346076965332,38.59696785998201,193638.0,21.92245483398437,26.165512084960938,21.94964599609375,20.8616943359375,34.27499961853027
1972-03-18 07:46:27,26.79083633422852,92.89157104492188,166.88639068603516,84.6212158203125,87.30000305175781,60.82175827026367,99.98915100097656,10.08044719696045,39.2030225584101,193638.0,20.45370483398437,24.642364501953125,19.44732666015625,17.897003173828125,34.27499961853027
1972-03-18 07:46:28,26.6745662689209,93.01204681396484,166.4794921875,84.6212158203125,86.69999694824219,60.82175827026367,99.98915100097656,10.071374893188477,38.1415942833669,193638.0,21.568878173828125,23.092010498046875,21.568862915039062,20.100128173828125,34.27499961853027
1972-03-18 07:46:29,26.55341148376465,93.0722885131836,165.5517578125,84.6212158203125,86.19999694824219,60.82175827026367,99.98915100097656,10.062302589416504,40.6277255509141,193638.0,17.679412841796875,23.445602416992188,22.167236328125,21.78646850585937,34.27499961853027
1972-03-18 07:46:30,26.47612190246582,93.0722885131836,166.46321868896484,84.6212158203125,86.4000015258789,60.82175827026367,99.98915100097656,10.053230285644531,38.62664067355406,193638.0,18.74017333984375,23.39120483398437,20.508102416992188,21.568878173828125,34.27499961853027
1972-03-18 07:46:31,26.417409896850582,92.9518051147461,167.1142578125,84.6212158203125,86.4000015258789,60.82175827026367,99.98915100097656,10.04415798187256,38.895817724500596,193638.0,17.733795166015625,24.043975830078125,21.94964599609375,18.549774169921875,34.27499961853027
1972-03-18 07:46:32,26.3877010345459,92.83132934570312,166.3248748779297,84.6212158203125,86.79999542236328,60.82175827026367,99.98915100097656,10.035085678100586,40.18012115140456,193638.0,23.28240966796875,25.376739501953125,14.850692749023438,21.07928466796875,34.27499961853027
1972-03-18 07:46:33,26.3379020690918,92.89157104492188,168.0094451904297,84.6212158203125,87.0,60.82175827026367,99.98915100097656,10.026012420654297,40.38430241458865,193638.0,23.01043701171875,22.439239501953125,24.01678466796875,20.236114501953125,34.27499961853027
1972-03-18 07:46:34,26.193819046020508,93.0722885131836,166.92708587646484,84.6212158203125,87.4000015258789,60.82175827026367,99.98915100097656,10.016940116882324,39.59782117736666,193638.0,24.805572509765625,25.893524169921875,20.752899169921875,22.140045166015625,34.27499961853027
1972-03-18 07:46:35,26.08187484741211,93.13253021240234,166.9677734375,84.6212158203125,87.0,60.82175827026367,99.98915100097656,10.012981414794922,40.93346873950138,193638.0,20.834503173828125,25.05035400390625,23.5,20.752899169921875,34.27499961853027
1972-03-18 07:46:36,26.03441047668457,93.0722885131836,165.32389068603516,84.6212158203125,86.5999984741211,60.82175827026367,99.98915100097656,10.004706382751465,40.935051165501754,193638.0,21.75927734375,23.25521850585937,21.78646850585937,18.495361328125,34.27499961853027
1972-03-18 07:46:37,26.062084197998047,92.83132934570312,166.97591400146484,84.6212158203125,87.0999984741211,60.82175827026367,99.98915100097656,9.99716567993164,40.57216790527075,193638.0,21.78646850585937,24.941558837890625,21.623260498046875,20.888885498046875,34.27499961853027
1972-03-18 07:46:38,26.16250991821289,92.83132934570312,165.8284454345703,84.6212158203125,86.79999542236328,60.82175827026367,99.98915100097656,9.99037742614746,40.747820356077156,193638.0,21.106491088867188,24.343170166015625,21.51446533203125,21.21527099609375,34.27499961853027
1972-03-18 07:46:39,26.25156784057617,92.9518051147461,167.1875,84.6212158203125,87.19999694824219,60.82175827026367,99.98915100097656,9.98655128479004,39.5027770064073,193638.0,19.01216125488281,24.99594116210937,20.72569274902344,22.11285400390625,34.25
1972-03-18 07:46:40,26.251941680908203,93.1927719116211,165.55989837646484,84.6212158203125,87.4000015258789,60.82175827026367,99.98915100097656,9.977659225463867,37.083096125150014,193638.0,21.65048217773437,21.623260498046875,19.692138671875,20.48089599609375,34.27499961853027
1972-03-18 07:46:41,26.25476455688477,93.1927719116211,167.12239837646484,84.6212158203125,87.5999984741211,60.82175827026367,99.98915100097656,9.97098445892334,37.38876305497586,193638.0,19.936920166015625,25.839111328125,23.472808837890625,19.284149169921875,34.27499961853027
1972-03-18 07:46:42,26.32562828063965,93.01204681396484,165.75521087646484,84.6212158203125,87.30000305175781,60.82175827026367,99.98915100097656,9.96799087524414,37.804957046374675,193638.0,23.173614501953125,21.269683837890625,16.754638671875,22.03125,34.27499961853027
1972-03-18 07:46:43,26.463134765625,92.77108001708984,166.56087493896484,84.6212158203125,86.9000015258789,60.82175827026367,99.98915100097656,9.96577262878418,39.965120556678016,193638.0,17.0538330078125,25.213531494140625,24.615158081054688,19.420135498046875,34.27499961853027
1972-03-18 07:46:44,26.60369682312012,92.89157104492188,166.09700775146484,84.6212158203125,87.0,60.82175827026367,99.98915100097656,9.958521842956545,39.11694602214984,193638.0,21.269683837890625,24.587966918945312,20.508102416992188,21.432861328125,34.27499961853027
1972-03-18 07:46:45,26.68330383300781,93.13253021240234,165.8040313720703,84.54545593261719,87.5,60.82175827026367,99.98915100097656,9.954957962036133,38.05918181729806,193638.0,20.888900756835938,22.140045166015625,23.962371826171875,19.66493225097656,34.27499961853027
1972-03-18 07:46:46,26.627649307250977,93.1927719116211,166.650390625,84.54545593261719,87.0,60.82175827026367,99.98915100097656,9.954401016235352,40.070523833683716,193638.0,21.07928466796875,23.28240966796875,22.03125,22.765625,34.27499961853027
1972-03-18 07:46:47,26.52727699279785,93.01204681396484,166.9921875,84.54545593261719,87.30000305175781,60.82175827026367,99.98915100097656,9.945871353149414,38.566082105802494,193638.0,20.1273193359375,20.916091918945312,20.45370483398437,25.104736328125,34.27499961853027
1972-03-18 07:46:48,26.4614486694336,92.83132934570312,166.5364532470703,84.6212158203125,86.69999694824219,60.82175827026367,99.98915100097656,9.943197250366213,40.45507654204946,193638.0,21.21528625488281,27.06307983398437,20.372100830078125,24.587966918945312,34.27499961853027
1972-03-18 07:46:49,26.438779830932617,92.89157104492188,166.4469451904297,84.6212158203125,87.0999984741211,60.82175827026367,99.98915100097656,9.944982528686523,39.59455255135885,193638.0,20.5625,22.276031494140625,20.5625,20.018524169921875,34.27499961853027
1972-03-18 07:46:50,26.443523406982425,93.01204681396484,165.09603118896484,84.6212158203125,86.29999542236328,60.82175827026367,99.98915100097656,9.944724082946776,40.91606937727017,193638.0,21.487274169921875,18.359375,21.51446533203125,19.12094116210937,34.27499961853027
1972-03-18 07:46:51,26.459861755371094,93.0722885131836,166.39810943603516,84.6212158203125,86.69999694824219,60.82175827026367,99.98915100097656,9.947484970092772,39.51872628236347,193638.0,18.413787841796875,23.14642333984375,23.826385498046875,21.895263671875,34.27499961853027
1972-03-18 07:46:52,26.37850379943848,92.9518051147461,165.8935546875,84.6212158203125,86.9000015258789,60.82175827026367,99.98915100097656,9.942317008972168,39.35775307082109,193638.0,22.575241088867188,21.623260498046875,19.692138671875,23.58160400390625,34.27499961853027
1972-03-18 07:46:53,26.24542617797852,92.89157104492188,166.4957733154297,84.6212158203125,86.5,60.82175827026367,99.98915100097656,9.941556930541992,40.02515188411299,193638.0,20.58970642089844,22.439239501953125,21.976852416992188,19.12094116210937,34.27499961853027
1972-03-18 07:46:54,26.15476417541504,93.01204681396484,166.1376953125,84.54545593261719,87.4000015258789,60.82175827026367,99.98915100097656,9.939457893371582,38.47963975398153,193638.0,22.140045166015625,25.45834350585937,23.826385498046875,23.309600830078125,34.27499961853027
1972-03-18 07:46:55,26.13318634033203,93.01204681396484,166.08072662353516,84.6212158203125,87.0999984741211,60.82175827026367,99.98915100097656,9.938884735107422,38.95805308044862,193638.0,20.5625,20.61689758300781,20.834487915039062,23.635986328125,34.27499961853027
1972-03-18 07:46:56,26.211402893066406,93.01204681396484,165.8365936279297,84.6212158203125,86.9000015258789,60.82175827026367,99.98915100097656,9.93765926361084,39.98785285516482,193638.0,21.05209350585937,24.96875,23.173614501953125,18.495361328125,34.27499961853027
1972-03-18 07:46:57,26.298486709594727,93.01204681396484,166.11328125,84.6212158203125,86.0,60.82175827026367,99.98915100097656,9.93799877166748,40.66746117506254,193638.0,21.21528625488281,20.671295166015625,24.615158081054688,20.236114501953125,34.27499961853027
1972-03-18 07:46:58,26.28322410583496,93.01204681396484,165.16927337646484,84.6212158203125,86.0,60.82175827026367,99.98915100097656,9.943543434143066,40.412871456480445,193638.0,22.439239501953125,22.493637084960938,20.236114501953125,19.09375,34.27499961853027
1972-03-18 07:46:59,26.24573135375977,93.0722885131836,167.39908599853516,84.6212158203125,87.5999984741211,60.82175827026367,99.98915100097656,9.944878578186035,38.32249768573729,193638.0,19.12095642089844,24.043975830078125,23.744781494140625,22.08564758300781,34.27499961853027
1972-03-18 07:47:00,26.284198760986328,93.0722885131836,166.43880462646484,84.6212158203125,87.4000015258789,60.82175827026367,99.98915100097656,9.937524795532228,39.455971594623996,193638.0,22.79283142089844,25.295135498046875,20.426513671875,21.35127258300781,34.27499961853027
1972-03-18 07:47:01,26.419023513793945,92.9518051147461,166.03189849853516,84.54545593261719,86.9000015258789,60.82175827026367,99.98915100097656,9.945557594299316,38.7644772714983,193638.0,20.29052734375,25.02314758300781,23.744781494140625,21.32406616210937,34.27499961853027
1972-03-18 07:47:02,26.5418758392334,92.9518051147461,166.47135162353516,84.54545593261719,87.19999694824219,60.82175827026367,99.98915100097656,9.944973945617676,38.462200121345944,193638.0,21.97686767578125,22.765625,23.33680725097656,19.773727416992188,34.27499961853027
1972-03-18 07:47:03,26.61722946166992,93.01204681396484,166.03189849853516,84.6212158203125,86.79999542236328,60.82175827026367,99.98915100097656,9.94301986694336,40.71118904680972,193638.0,22.11285400390625,24.31597900390625,21.35127258300781,20.48089599609375,34.27499961853027
1972-03-18 07:47:04,26.57217597961425,93.01204681396484,165.96678924560547,84.6212158203125,87.5999984741211,60.82175827026367,99.98915100097656,9.936726570129396,38.41487917322168,193638.0,21.487274169921875,23.173614501953125,22.08564758300781,21.51446533203125,34.27499961853027
1972-03-18 07:47:05,26.476911544799805,93.01204681396484,166.796875,84.6212158203125,86.69999694824219,60.82175827026367,99.98915100097656,9.931182861328123,39.39143020793029,193638.0,20.31771850585937,26.19271850585937,25.648727416992188,22.167236328125,34.25
1972-03-18 07:47:06,26.44047737121582,93.01204681396484,165.4052734375,84.6212158203125,87.0,60.82175827026367,99.98915100097656,9.937383651733398,38.838267619121474,193638.0,20.834503173828125,24.207183837890625,22.19444274902344,20.20892333984375,34.27499961853027
1972-03-18 07:47:07,26.440114974975582,93.01204681396484,167.42350006103516,84.6212158203125,86.69999694824219,60.82175827026367,99.98915100097656,9.93859577178955,40.783899710255966,193638.0,18.631378173828125,26.4375,20.2633056640625,21.296875,34.27499961853027
1972-03-18 07:47:08,26.464401245117188,92.9518051147461,165.966796875,84.6212158203125,86.5999984741211,60.82175827026367,99.98915100097656,9.932599067687988,40.38692716264283,193638.0,21.67767333984375,23.98959350585937,18.57696533203125,22.765625,34.27499961853027
1972-03-18 07:47:09,26.49941635131836,92.83132934570312,165.3483123779297,84.6212158203125,86.5,60.82175827026367,99.98915100097656,9.928071022033691,38.79519101473614,193638.0,17.951400756835938,19.800933837890625,22.575225830078125,17.298614501953125,34.27499961853027
1972-03-18 07:47:10,26.461275100708008,92.89157104492188,166.17024993896484,84.6212158203125,87.30000305175781,60.82175827026367,99.98915100097656,9.92579460144043,38.44395689023161,193638.0,20.91610717773437,24.234375,22.575225830078125,22.956024169921875,34.27499961853027
1972-03-18 07:47:11,26.321239471435547,93.0722885131836,165.44596099853516,84.6212158203125,87.5,60.82175827026367,99.98915100097656,9.924994468688965,38.50272893084085,193638.0,20.7257080078125,24.587966918945312,22.84722900390625,21.32406616210937,34.27499961853027
1972-03-18 07:47:12,26.276901245117188,93.13253021240234,165.34830474853516,84.6212158203125,87.5,60.82175827026367,99.98915100097656,9.919886589050291,39.458317485278,193638.0,21.351287841796875,21.568878173828125,23.364013671875,24.6695556640625,34.27499961853027
1972-03-18 07:47:13,26.28584098815918,93.13253021240234,166.10514068603516,84.6212158203125,87.4000015258789,60.82175827026367,99.98915100097656,9.921393394470217,39.23463004461609,193638.0,22.49365234375,23.772003173828125,22.84722900390625,23.33680725097656,34.27499961853027
1972-03-18 07:47:14,26.368791580200195,92.89157104492188,165.5924530029297,84.6212158203125,87.0999984741211,60.82175827026367,99.98915100097656,9.914942741394045,40.05193231517093,193638.0,22.05845642089844,24.80555725097656,19.88252258300781,19.17535400390625,34.27499961853027
1972-03-18 07:47:15,26.454370498657227,92.89157104492188,166.015625,84.6212158203125,86.19999694824219,60.82175827026367,99.98915100097656,9.910694122314451,40.53464092144976,193638.0,20.45370483398437,23.28240966796875,22.19444274902344,21.51446533203125,34.27499961853027
1972-03-18 07:47:16,26.446626663208008,92.9518051147461,165.41341400146484,84.6212158203125,86.4000015258789,60.82175827026367,99.98915100097656,9.909422874450684,40.3367201924699,193638.0,21.97686767578125,24.5335693359375,18.957763671875,20.64410400390625,34.27499961853027
1972-03-18 07:47:17,26.35609436035156,93.0722885131836,165.73892974853516,84.6212158203125,85.5999984741211,60.82175827026367,99.98915100097656,9.903063774108888,40.85287357586207,193638.0,20.154525756835938,19.61053466796875,19.556121826171875,20.2633056640625,34.27499961853027
1972-03-18 07:47:18,26.31625747680664,93.13253021240234,166.0563201904297,84.6212158203125,87.69999694824219,60.82175827026367,99.98915100097656,9.896703720092772,38.03516413141182,193638.0,22.05845642089844,24.587966918945312,21.35127258300781,26.08392333984375,34.27499961853027
1972-03-18 07:47:19,26.32665061950684,92.9518051147461,167.041015625,84.6212158203125,87.5,60.82175827026367,99.98915100097656,9.893990516662598,39.91105813936892,193638.0,20.48091125488281,26.682281494140625,23.635986328125,19.284149169921875,34.27499961853027
1972-03-18 07:47:20,26.417871475219727,92.83132934570312,166.7805938720703,84.6212158203125,86.5999984741211,60.82175827026367,99.98915100097656,9.891337394714355,40.51672605891468,193638.0,19.202545166015625,22.52084350585937,21.92245483398437,18.57696533203125,34.27499961853027
1972-03-18 07:47:21,26.488019943237305,92.89157104492188,166.65039825439453,84.6212158203125,86.5,60.82175827026367,99.98915100097656,9.889455795288086,40.785554998933925,193638.0,19.2569580078125,27.79745483398437,21.568862915039062,19.637725830078125,34.25
1972-03-18 07:47:22,26.49677467346192,93.01204681396484,165.57617950439453,84.6212158203125,86.0,60.82175827026367,99.98915100097656,9.884699821472168,41.14202169444859,193638.0,20.888900756835938,22.357635498046875,20.671295166015625,19.420135498046875,34.27499961853027
1972-03-18 07:47:23,26.417409896850582,93.13253021240234,165.99935150146484,84.6212158203125,86.79999542236328,60.82175827026367,99.98915100097656,9.879962921142578,38.61327617368856,193638.0,19.637741088867188,22.167236328125,20.018524169921875,16.836227416992188,34.27499961853027
1972-03-18 07:47:24,26.396774291992188,93.0722885131836,165.625,84.6212158203125,87.0,60.82175827026367,99.98915100097656,9.873783111572266,37.951616791112286,193638.0,19.3929443359375,25.893524169921875,18.549774169921875,19.17535400390625,34.27499961853027
1972-03-18 07:47:25,26.407920837402344,93.01204681396484,166.4794921875,84.54545593261719,87.19999694824219,60.82175827026367,99.98915100097656,9.86760425567627,37.12871449459299,193638.0,19.77374267578125,23.71759033203125,22.84722900390625,20.94329833984375,34.27499961853027
1972-03-18 07:47:26,26.472806930541992,92.89157104492188,165.8365936279297,84.54545593261719,87.0,60.82175827026367,99.98915100097656,9.865836143493652,37.453445850407526,193638.0,21.106491088867188,22.05844116210937,18.957763671875,19.01214599609375,34.27499961853027
1972-03-18 07:47:27,26.53277015686035,92.89157104492188,166.796875,84.6212158203125,87.19999694824219,60.82175827026367,99.98915100097656,9.869969367980955,37.13901193265987,193638.0,18.6585693359375,28.47743225097656,20.64410400390625,16.509841918945312,34.27499961853027
1972-03-18 07:47:28,26.51298713684082,93.01204681396484,166.30045318603516,84.6212158203125,86.79999542236328,60.82175827026367,99.98915100097656,9.869826316833496,38.39226338214737,193638.0,20.045730590820312,23.58160400390625,20.888885498046875,20.426513671875,34.27499961853027
1972-03-18 07:47:29,26.389450073242188,93.13253021240234,166.2028045654297,84.6212158203125,86.79999542236328,60.82175827026367,99.98915100097656,9.865361213684082,41.346462246286265,193638.0,21.24249267578125,22.98321533203125,23.28240966796875,19.556137084960938,34.25
1972-03-18 07:47:30,26.306161880493164,93.0722885131836,165.2587890625,84.6212158203125,87.69999694824219,60.82175827026367,99.98915100097656,9.862396240234377,36.462427906602414,193638.0,20.616912841796875,21.86805725097656,22.92881774902344,24.098388671875,34.27499961853027
1972-03-18 07:47:31,26.26510238647461,92.89157104492188,165.6819610595703,84.6212158203125,86.79999542236328,60.82175827026367,99.98915100097656,9.8645658493042,39.46248823025606,193639.0,19.9913330078125,24.26156616210937,22.38482666015625,17.978591918945312,34.27499961853027
1972-03-18 07:47:32,26.33768081665039,92.9518051147461,165.70638275146484,84.54545593261719,86.4000015258789,60.82175827026367,99.98915100097656,9.862470626831056,39.26997211144126,193639.0,21.21528625488281,25.675933837890625,20.31771850585937,20.698486328125,34.27499961853027
1972-03-18 07:47:33,26.32540702819824,93.0722885131836,165.14485931396484,84.6212158203125,86.5999984741211,60.82175827026367,99.98915100097656,9.858376502990724,38.753699637627484,193639.0,23.52720642089844,20.45370483398437,20.888885498046875,24.696762084960938,34.25
1972-03-18 07:47:34,26.20767402648925,92.9518051147461,165.29134368896484,84.6212158203125,86.9000015258789,60.82175827026367,99.98915100097656,9.854215621948242,39.381318944200125,193639.0,19.800933837890625,22.82002258300781,23.58160400390625,20.752899169921875,34.27499961853027
1972-03-18 07:47:35,26.1682357788086,92.9518051147461,164.74609375,84.6212158203125,86.79999542236328,60.82175827026367,99.98915100097656,9.850057601928713,39.14325583985412,193639.0,21.432891845703125,17.760986328125,23.635986328125,23.472808837890625,34.27499961853027
1972-03-18 07:47:36,26.164207458496094,93.01204681396484,165.2587890625,84.6212158203125,86.9000015258789,60.82175827026367,99.98915100097656,9.848844528198242,39.310309544394855,193639.0,21.92245483398437,21.94964599609375,22.439239501953125,19.61053466796875,34.27499961853027
1972-03-18 07:47:37,26.224830627441406,93.01204681396484,166.52831268310547,84.6212158203125,86.4000015258789,60.82175827026367,99.98915100097656,9.845492362976074,40.191879566211206,193639.0,21.133697509765625,22.221649169921875,21.05209350585937,20.20892333984375,34.27499961853027
1972-03-18 07:47:38,26.313146591186523,93.01204681396484,165.66568756103516,84.6212158203125,86.29999542236328,60.82175827026367,99.98915100097656,9.84510326385498,39.606616628250016,193639.0,20.970489501953125,24.15277099609375,21.568862915039062,20.426513671875,34.25
1972-03-18 07:47:39,26.35252571105957,92.9518051147461,166.0888671875,84.54545593261719,87.5,60.82175827026367,99.98915100097656,9.83964729309082,38.1577381751557,193639.0,23.826400756835938,24.45196533203125,18.87615966796875,19.637725830078125,34.27499961853027
1972-03-18 07:47:40,26.30368423461914,92.9518051147461,166.064453125,84.6212158203125,87.5,60.82175827026367,99.98915100097656,9.838579177856444,37.543109540584794,193639.0,19.066558837890625,21.895263671875,24.424774169921875,20.7257080078125,34.25
1972-03-18 07:47:41,26.30843544006348,93.0722885131836,166.04003143310547,84.6212158203125,87.0999984741211,60.82175827026367,99.98915100097656,9.843436241149902,38.5493683589091,193639.0,20.31771850585937,24.179977416992188,22.05844116210937,22.956024169921875,34.25
1972-03-18 07:47:42,26.35698127746582,93.13253021240234,165.10416412353516,84.6212158203125,87.5,60.82175827026367,99.98915100097656,9.838903427124023,39.420922841299465,193639.0,17.597808837890625,23.826385498046875,23.826385498046875,20.970489501953125,34.25
1972-03-18 07:47:43,26.47818756103516,93.01204681396484,166.0481719970703,84.6212158203125,87.5,60.82175827026367,99.98915100097656,9.840218544006348,38.76738795504688,193639.0,22.820037841796875,22.874420166015625,21.86805725097656,20.426513671875,34.27499961853027
1972-03-18 07:47:44,26.579769134521484,92.89157104492188,166.52017974853516,84.6212158203125,87.4000015258789,60.82175827026367,99.98915100097656,9.835034370422363,39.46751386786537,193639.0,23.717605590820312,22.08564758300781,20.8616943359375,21.160888671875,34.27499961853027
1972-03-18 07:47:45,26.602270126342773,92.89157104492188,166.58528900146484,84.6212158203125,86.4000015258789,60.82175827026367,99.98915100097656,9.834979057312012,41.30377878766217,193639.0,21.32408142089844,23.5,24.6695556640625,20.61689758300781,34.25
1972-03-18 07:47:46,26.49518394470215,93.01204681396484,165.9912109375,84.6212158203125,86.19999694824219,60.82175827026367,99.98915100097656,9.83205223083496,39.86577542020229,193639.0,20.671295166015625,23.309600830078125,21.92245483398437,21.05209350585937,34.27499961853027
1972-03-18 07:47:47,26.41854858398437,93.13253021240234,165.5029296875,84.6212158203125,87.0,60.82175827026367,99.98915100097656,9.832805633544922,38.75522593143218,193639.0,22.03125,26.627899169921875,21.759246826171875,19.964111328125,34.25
1972-03-18 07:47:48,26.403120040893555,93.01204681396484,166.6096954345703,84.6212158203125,87.0999984741211,60.82175827026367,99.98915100097656,9.829985618591309,40.53391966777913,193639.0,20.426513671875,25.4039306640625,23.771987915039062,20.970489501953125,34.27499961853027
1972-03-18 07:47:49,26.454689025878903,92.89157104492188,165.52733612060547,84.6212158203125,86.69999694824219,60.82175827026367,99.98915100097656,9.831587791442873,40.27884157003279,193639.0,20.780105590820312,23.33680725097656,17.597808837890625,21.07928466796875,34.25
1972-03-18 07:47:50,26.504972457885746,92.83132934570312,165.70638275146484,84.6212158203125,87.19999694824219,60.82175827026367,99.98915100097656,9.833255767822266,37.8499986938912,193639.0,17.217025756835938,25.295135498046875,22.03125,19.828125,34.25
1972-03-18 07:47:51,26.490413665771484,93.01204681396484,165.55990600585938,84.6212158203125,86.5,60.82175827026367,99.98915100097656,9.835762977600098,39.87300323732994,193639.0,21.05209350585937,21.78646850585937,18.957763671875,22.1944580078125,34.27499961853027
1972-03-18 07:47:52,26.39283943176269,93.13253021240234,165.5029296875,84.6212158203125,87.5,60.82175827026367,99.98915100097656,9.831748008728027,37.10088470786776,193639.0,22.765625,24.179977416992188,21.46006774902344,19.14814758300781,34.25
1972-03-18 07:47:53,26.332008361816406,93.13253021240234,165.6494140625,84.6212158203125,87.0999984741211,60.82175827026367,99.98915100097656,9.83360481262207,37.61448144500663,193639.0,17.733795166015625,23.173614501953125,24.234375,19.420135498046875,34.27499961853027
1972-03-18 07:47:54,26.31684112548828,93.01204681396484,165.48665618896484,84.6212158203125,86.5,60.82175827026367,99.98915100097656,9.829687118530272,39.987673077151655,193639.0,20.100128173828125,24.506378173828125,21.432861328125,16.183441162109375,34.27499961853027
1972-03-18 07:47:55,26.383176803588867,92.89157104492188,164.990234375,84.6212158203125,87.30000305175781,60.82175827026367,99.98915100097656,9.825045585632324,37.354880355756485,193639.0,21.868072509765625,23.71759033203125,18.495361328125,18.032989501953125,34.27499961853027
1972-03-18 07:47:56,26.44938087463379,92.89157104492188,165.21810150146484,84.6212158203125,86.79999542236328,60.82175827026367,99.98915100097656,9.82040309906006,37.780242621867465,193639.0,20.7257080078125,21.35127258300781,21.92245483398437,21.976852416992188,34.25
1972-03-18 07:47:57,26.462013244628903,93.0722885131836,165.02278900146484,84.6212158203125,87.5999984741211,60.81814193725586,99.98915100097656,9.82893180847168,37.76449770198554,193639.0,21.405670166015625,21.5960693359375,22.221649169921875,22.11285400390625,34.25
1972-03-18 07:47:58,26.3798770904541,93.13253021240234,165.7877655029297,84.54545593261719,87.4000015258789,60.82175827026367,99.98915100097656,9.822266578674316,39.28789060068241,193639.0,19.77374267578125,27.498260498046875,21.895263671875,21.541671752929688,34.27499961853027
1972-03-18 07:47:59,26.343191146850582,93.01204681396484,165.5598907470703,84.6212158203125,87.5,60.81814193725586,99.98915100097656,9.8199462890625,38.41608063588543,193639.0,20.58970642089844,23.826385498046875,22.738433837890625,21.650466918945312,34.25
1972-03-18 07:48:00,26.352439880371094,92.89157104492188,164.0299530029297,84.6212158203125,86.29999542236328,60.81814193725586,99.98915100097656,9.81694221496582,37.24005845862283,193639.0,22.84722900390625,20.426513671875,20.807281494140625,21.05209350585937,34.27499961853027
1972-03-18 07:48:01,26.441482543945312,92.83132934570312,165.4296875,84.6212158203125,86.5,60.82175827026367,99.98915100097656,9.817618370056152,38.25921376630316,193639.0,20.045730590820312,21.78646850585937,25.213531494140625,14.877899169921877,34.25
1972-03-18 07:48:02,26.530502319335938,93.01204681396484,165.00650787353516,84.6212158203125,86.5,60.82175827026367,99.98915100097656,9.817607879638672,39.15277637986476,193639.0,20.7257080078125,23.58160400390625,19.637725830078125,21.78646850585937,34.25
1972-03-18 07:48:03,26.55061721801757,93.0722885131836,164.93326568603516,84.6212158203125,87.5,60.82175827026367,99.98915100097656,9.81839370727539,38.41000390081444,193639.0,22.357650756835938,22.3304443359375,22.629638671875,16.727432250976562,34.25
1972-03-18 07:48:04,26.47524642944336,93.0722885131836,165.9098358154297,84.6212158203125,86.9000015258789,60.82175827026367,99.98915100097656,9.821444511413574,39.79875991433833,193639.0,20.698516845703125,21.704864501953125,20.1273193359375,20.508102416992188,34.27499961853027
1972-03-18 07:48:05,26.40340232849121,93.01204681396484,163.89974212646484,84.6212158203125,86.0999984741211,60.82175827026367,99.98915100097656,9.823102951049805,40.58555960501877,193639.0,18.5225830078125,21.05209350585937,21.86805725097656,18.903350830078125,34.27499961853027
1972-03-18 07:48:06,26.395109176635746,92.9518051147461,166.552734375,84.6212158203125,87.69999694824219,60.82175827026367,99.98915100097656,9.82044506072998,35.62555291745091,193639.0,19.202545166015625,22.738433837890625,23.364013671875,19.88252258300781,34.27499961853027
1972-03-18 07:48:07,26.458084106445312,92.9518051147461,165.09603118896484,84.54545593261719,87.4000015258789,60.82175827026367,99.98915100097656,9.81634521484375,39.60495949438192,193639.0,20.8616943359375,24.043975830078125,23.010406494140625,22.11285400390625,34.25
1972-03-18 07:48:08,26.52486991882324,92.89157104492188,164.7216796875,84.6212158203125,86.9000015258789,60.82175827026367,99.98915100097656,9.812246322631836,39.48754709160806,193639.0,22.167266845703125,22.60243225097656,24.72396850585937,18.93055725097656,34.25
1972-03-18 07:48:09,26.53156280517578,92.9518051147461,166.37369537353516,84.6212158203125,87.19999694824219,60.81814193725586,99.98915100097656,9.808146476745604,38.63070039352474,193639.0,20.26332092285156,20.39930725097656,21.86805725097656,21.759262084960938,34.25
1972-03-18 07:48:10,26.42857551574707,93.01204681396484,165.3238983154297,84.6212158203125,86.29999542236328,60.82175827026367,99.98915100097656,9.804046630859377,39.80775920644824,193639.0,22.03125,23.28240966796875,20.508102416992188,18.821762084960938,34.25
1972-03-18 07:48:11,26.33313751220703,93.01204681396484,165.78775787353516,84.6212158203125,87.4000015258789,60.82175827026367,99.98915100097656,9.79994773864746,37.54013690132831,193639.0,22.738433837890625,23.608795166015625,20.372100830078125,22.711227416992188,34.25
1972-03-18 07:48:12,26.304441452026367,92.9518051147461,166.15396881103516,84.6212158203125,87.30000305175781,60.82175827026367,99.98915100097656,9.79584789276123,39.29917773799529,193639.0,21.78646850585937,24.941558837890625,21.160888671875,18.332183837890625,34.25
1972-03-18 07:48:13,26.335777282714844,92.89157104492188,165.2425079345703,84.6212158203125,87.5999984741211,60.81814193725586,99.98915100097656,9.791748046875,37.48483842007391,193639.0,20.535308837890625,24.343170166015625,18.25057983398437,21.106475830078125,34.25
1972-03-18 07:48:14,26.395183563232425,92.9518051147461,166.41439056396484,84.54545593261719,86.79999542236328,60.81814193725586,99.98915100097656,9.787649154663086,39.67977114576984,193639.0,20.752899169921875,25.53993225097656,22.140045166015625,18.44097900390625,34.25
1972-03-18 07:48:15,26.410978317260746,93.0722885131836,165.5517578125,84.6212158203125,86.19999694824219,60.81814193725586,99.98915100097656,9.783549308776855,40.63820048864158,193639.0,22.439239501953125,23.5,20.61689758300781,20.072921752929688,34.25
1972-03-18 07:48:16,26.320362091064453,93.0722885131836,165.38899993896484,84.6212158203125,87.0,60.82175827026367,99.98915100097656,9.779449462890623,39.72253270963698,193639.0,23.5,23.25521850585937,20.888885498046875,18.631378173828125,34.25
1972-03-18 07:48:17,26.25357818603516,93.01204681396484,165.73079681396484,84.6212158203125,86.69999694824219,60.82175827026367,99.98915100097656,9.775350570678713,40.68283044797476,193639.0,17.978607177734375,21.05209350585937,24.01678466796875,20.181716918945312,34.25
1972-03-18 07:48:18,26.246612548828125,92.9518051147461,164.76236724853516,84.6212158203125,87.0,60.81814193725586,99.98915100097656,9.77125072479248,39.217410723109964,193639.0,22.71124267578125,23.309600830078125,21.92245483398437,15.367477416992188,34.25
1972-03-18 07:48:19,26.31727409362793,92.89157104492188,164.38802337646484,84.6212158203125,86.29999542236328,60.82175827026367,99.98915100097656,9.767151832580566,40.137414206624214,193639.0,19.3929443359375,19.420135498046875,22.84722900390625,18.468170166015625,34.27499961853027
1972-03-18 07:48:20,26.39431953430176,93.01204681396484,165.83658599853516,84.6212158203125,86.5999984741211,60.82175827026367,99.98915100097656,9.763051986694336,38.86122071291657,193639.0,22.221649169921875,23.14642333984375,23.826385498046875,22.303253173828125,34.27499961853027
1972-03-18 07:48:21,26.431276321411133,93.1927719116211,164.1845703125,84.6212158203125,86.19999694824219,60.82175827026367,99.98915100097656,9.758952140808104,38.73160195621161,193639.0,22.357650756835938,20.45370483398437,22.38482666015625,22.357635498046875,34.27499961853027
1972-03-18 07:48:22,26.37349319458008,93.13253021240234,165.1204376220703,84.6212158203125,86.5,60.82175827026367,99.98915100097656,9.754853248596191,40.011423049435656,193639.0,20.58970642089844,24.15277099609375,21.840850830078125,20.807296752929688,34.27499961853027
1972-03-18 07:48:23,26.303550720214844,92.9518051147461,164.99837493896484,84.6212158203125,85.79999542236328,60.82175827026367,99.98915100097656,9.75075340270996,41.57537723423343,193639.0,22.303253173828125,20.94329833984375,22.738433837890625,17.652191162109375,34.25
1972-03-18 07:48:24,26.29342269897461,92.83132934570312,165.2099609375,84.6212158203125,87.30000305175781,60.81814193725586,99.98915100097656,9.74665355682373,37.35572796755042,193639.0,23.907989501953125,22.276031494140625,20.2633056640625,21.160888671875,34.25
1972-03-18 07:48:25,26.34367179870605,92.77108001708984,166.0807342529297,84.6212158203125,87.9000015258789,60.82175827026367,99.98915100097656,9.742554664611816,37.98554135846416,193639.0,20.80731201171875,25.48553466796875,26.51910400390625,20.61689758300781,34.27499961853027
1972-03-18 07:48:26,26.43128204345703,92.9518051147461,164.64029693603516,84.6212158203125,87.30000305175781,60.82175827026367,99.98915100097656,9.74064826965332,39.166379988921605,193639.0,21.868072509765625,23.472808837890625,19.90972900390625,19.3929443359375,34.25
1972-03-18 07:48:27,26.482425689697266,93.13253021240234,165.9423828125,84.6212158203125,87.0,60.82175827026367,99.98915100097656,9.741705894470217,38.938228019352344,193639.0,23.907989501953125,24.560760498046875,22.79281616210937,17.7882080078125,34.25
1972-03-18 07:48:28,26.41919708251953,93.1927719116211,165.94239044189453,84.6212158203125,88.0,60.82175827026367,99.98915100097656,9.737696647644045,38.65408899748384,193639.0,20.399322509765625,23.853591918945312,24.01678466796875,21.67767333984375,34.25
1972-03-18 07:48:29,26.358732223510746,93.01204681396484,165.13671875,84.6212158203125,86.9000015258789,60.82175827026367,99.98915100097656,9.735162734985352,39.32431964040551,193639.0,20.780105590820312,25.431137084960938,20.834487915039062,21.759262084960938,34.25
1972-03-18 07:48:30,26.35407257080078,92.83132934570312,165.99935913085938,84.6212158203125,87.0999984741211,60.82175827026367,99.98915100097656,9.73263931274414,40.1093764520026,193639.0,15.88427734375,25.86631774902344,23.635986328125,19.5289306640625,34.27499961853027
1972-03-18 07:48:31,26.42219924926757,92.89157104492188,164.84375762939453,84.6212158203125,86.9000015258789,60.81814193725586,99.98915100097656,9.740385055541992,38.997506793190894,193639.0,19.964141845703125,22.11285400390625,21.677658081054688,19.88252258300781,34.25
1972-03-18 07:48:32,26.507539749145508,93.01204681396484,166.0970001220703,84.6212158203125,86.69999694824219,60.82175827026367,99.98915100097656,9.736557006835938,40.47289064970641,193639.0,25.186355590820312,23.33680725097656,20.535308837890625,17.978591918945312,34.25
1972-03-18 07:48:33,26.545936584472656,93.13253021240234,165.7796173095703,84.6212158203125,86.4000015258789,60.82175827026367,99.98915100097656,9.733455657958984,38.985692623703486,193639.0,17.244232177734375,25.02314758300781,21.21527099609375,19.9913330078125,34.25
1972-03-18 07:48:34,26.47713851928711,93.01204681396484,164.72982025146484,84.6212158203125,86.79999542236328,60.81814193725586,99.98915100097656,9.739152908325195,38.280796960245205,193639.0,22.874420166015625,24.5335693359375,20.18170166015625,17.026611328125,34.25
1972-03-18 07:48:35,26.408390045166016,92.89157104492188,164.97396087646484,84.6212158203125,86.79999542236328,60.82175827026367,99.98915100097656,9.747193336486816,37.306845885068775,193639.0,18.549774169921875,23.2008056640625,20.04571533203125,20.807296752929688,34.27499961853027
1972-03-18 07:48:36,26.380859375,92.9518051147461,165.75521850585938,84.6212158203125,87.19999694824219,60.82175827026367,99.98915100097656,9.75021743774414,39.85119767180906,193639.0,21.4600830078125,24.75115966796875,23.2008056640625,16.509841918945312,34.25
1972-03-18 07:48:37,26.41685676574707,92.9518051147461,164.7216796875,84.6212158203125,86.79999542236328,60.82175827026367,99.98915100097656,9.74893569946289,38.865572888917804,193639.0,20.20892333984375,24.098388671875,21.242477416992188,22.54803466796875,34.25
1972-03-18 07:48:38,26.47343063354492,93.01204681396484,165.09603118896484,84.54545593261719,87.30000305175781,60.82175827026367,99.98915100097656,9.75135898590088,37.710216112709055,193639.0,17.461822509765625,25.675933837890625,22.03125,19.066558837890625,34.25
1972-03-18 07:48:39,26.50115776062012,93.13253021240234,165.70638275146484,84.6212158203125,87.4000015258789,60.82175827026367,99.98915100097656,9.753829956054688,38.10489037938673,193639.0,21.296875,24.506378173828125,19.501739501953125,21.432861328125,34.27499961853027
1972-03-18 07:48:40,26.412403106689453,93.13253021240234,165.0146484375,84.6212158203125,86.0,60.82175827026367,99.98915100097656,9.766648292541504,40.836099639897036,193639.0,20.399322509765625,25.18634033203125,21.432861328125,19.61053466796875,34.25
1972-03-18 07:48:41,26.316551208496094,92.89157104492188,164.84374237060547,84.6212158203125,87.0999984741211,60.82175827026367,99.98915100097656,9.763544082641602,38.582906612032424,193639.0,19.501739501953125,17.652191162109375,19.5289306640625,24.234375,34.27499961853027
1972-03-18 07:48:42,26.28311347961425,92.83132934570312,164.7135467529297,84.6212158203125,87.0999984741211,60.82175827026367,99.98915100097656,9.767762184143066,39.65191106683414,193639.0,19.420150756835938,26.92709350585937,21.07928466796875,20.970489501953125,34.27499961853027
1972-03-18 07:48:43,26.32063865661621,92.89157104492188,164.6728515625,84.6212158203125,87.0,60.82175827026367,99.98915100097656,9.77207088470459,40.72380486528771,193639.0,21.75927734375,22.41204833984375,22.60243225097656,21.487274169921875,34.27499961853027
1972-03-18 07:48:44,26.38426971435547,93.01204681396484,164.3147735595703,84.6212158203125,86.4000015258789,60.82175827026367,99.98915100097656,9.780858039855955,40.996955675995785,193639.0,22.221649169921875,20.916091918945312,23.55439758300781,25.05035400390625,34.25
1972-03-18 07:48:45,26.414628982543945,93.1927719116211,164.58333587646484,84.6212158203125,86.19999694824219,60.82175827026367,99.98915100097656,9.781740188598633,40.32998324123559,193639.0,23.93519592285156,23.5,21.92245483398437,23.55439758300781,34.25
1972-03-18 07:48:46,26.34602165222168,93.0722885131836,164.49381256103516,84.6212158203125,86.0999984741211,60.82175827026367,99.98915100097656,9.781208038330078,39.205491271458285,193639.0,17.7882080078125,23.5,23.0648193359375,18.5225830078125,34.27499961853027
1972-03-18 07:48:47,26.261688232421875,92.9518051147461,164.9495391845703,84.54545593261719,86.4000015258789,60.82175827026367,99.98915100097656,9.787283897399902,40.655080280706485,193639.0,22.575241088867188,20.426513671875,20.72569274902344,19.338546752929688,34.25
1972-03-18 07:48:48,26.26203346252441,92.89157104492188,165.5029296875,84.6212158203125,86.29999542236328,60.82175827026367,99.98915100097656,9.79054832458496,39.49906793361169,193639.0,17.978607177734375,24.85995483398437,22.68402099609375,16.97222900390625,34.25
1972-03-18 07:48:49,26.32988548278809,92.83132934570312,165.2587890625,84.6212158203125,87.19999694824219,60.81814193725586,99.98915100097656,9.792417526245115,36.85679748179626,193639.0,16.999420166015625,22.140045166015625,21.65045166015625,20.535308837890625,34.25
1972-03-18 07:48:50,26.43561744689941,93.01204681396484,164.66471099853516,84.6212158203125,86.0999984741211,60.82175827026367,99.98915100097656,9.801664352416992,40.1475754799267,193639.0,21.67767333984375,27.144683837890625,20.154510498046875,19.12094116210937,34.25
1972-03-18 07:48:51,26.457963943481445,93.13253021240234,166.06446075439453,84.6212158203125,87.9000015258789,60.82175827026367,99.98915100097656,9.802265167236328,39.29631643604307,193639.0,23.93519592285156,22.82002258300781,22.98321533203125,23.173614501953125,34.25
1972-03-18 07:48:52,26.376239776611328,93.13253021240234,164.39615631103516,84.6212158203125,87.0,60.82175827026367,99.98915100097656,9.804361343383787,38.49045213499474,193639.0,22.738433837890625,26.410308837890625,23.092010498046875,17.897003173828125,34.25
1972-03-18 07:48:53,26.352436065673828,92.89157104492188,165.21810150146484,84.6212158203125,87.5999984741211,60.82175827026367,99.98915100097656,9.805060386657717,38.00619023982312,193639.0,23.772003173828125,25.675933837890625,22.303237915039062,23.2008056640625,34.25
1972-03-18 07:48:54,26.380565643310547,92.83132934570312,166.0970001220703,84.6212158203125,87.30000305175781,60.82175827026367,99.98915100097656,9.80799674987793,39.939216314870336,193639.0,19.828125,27.307861328125,23.71759033203125,18.0601806640625,34.25
1972-03-18 07:48:55,26.446346282958984,92.89157104492188,165.087890625,84.6212158203125,87.30000305175781,60.82175827026367,99.98915100097656,9.808045387268066,37.484728068266115,193639.0,23.74481201171875,20.236114501953125,22.38482666015625,20.154510498046875,34.25
1972-03-18 07:48:56,26.5440731048584,92.9518051147461,164.7216796875,84.6212158203125,86.29999542236328,60.82175827026367,99.98915100097656,9.811057090759276,41.52657716725161,193639.0,22.439239501953125,26.4375,23.85357666015625,17.570602416992188,34.25
1972-03-18 07:48:57,26.58794403076172,93.01204681396484,164.9251251220703,84.6212158203125,86.9000015258789,60.82175827026367,99.98915100097656,9.811211585998535,39.091530831995435,193639.0,18.71298217773437,19.501739501953125,24.85995483398437,22.54803466796875,34.25
1972-03-18 07:48:58,26.52140998840332,93.0722885131836,164.26595306396484,84.54545593261719,87.0999984741211,60.82175827026367,99.98915100097656,9.81284523010254,39.00907316055102,193639.0,23.037628173828125,26.92709350585937,22.52084350585937,21.269683837890625,34.25
1972-03-18 07:48:59,26.4091854095459,93.13253021240234,165.53548431396484,84.6212158203125,87.5999984741211,60.82175827026367,99.98915100097656,9.814539909362791,39.21547774851385,193639.0,18.87615966796875,23.28240966796875,25.648727416992188,23.39120483398437,34.25
1972-03-18 07:49:00,26.32261085510254,93.01204681396484,165.21810150146484,84.6212158203125,87.30000305175781,60.82175827026367,99.98915100097656,9.816272735595703,38.86029774439991,193639.0,20.45370483398437,22.54803466796875,20.18170166015625,24.01678466796875,34.25
1972-03-18 07:49:01,26.329742431640625,92.9518051147461,165.771484375,84.6212158203125,87.5,60.82175827026367,99.98915100097656,9.818049430847168,39.9626156010909,193639.0,22.575241088867188,26.8726806640625,20.834487915039062,23.119216918945312,34.25
1972-03-18 07:49:02,26.449342727661133,93.01204681396484,164.7786407470703,84.6212158203125,86.5999984741211,60.82175827026367,99.99276733398438,9.817678451538086,38.7562326959698,193639.0,20.18173217773437,26.546295166015625,22.303237915039062,18.11459350585937,34.25
1972-03-18 07:49:03,26.48698616027832,92.9518051147461,164.37174224853516,84.6212158203125,87.19999694824219,60.82175827026367,99.99276733398438,9.814390182495115,38.664278597048465,193639.0,21.487274169921875,21.81365966796875,19.202545166015625,22.98321533203125,34.25
1972-03-18 07:49:04,26.37284469604492,92.9518051147461,166.73177337646484,84.54545593261719,86.79999542236328,60.82175827026367,99.99276733398438,9.816227912902832,37.720028674403345,193639.0,20.1273193359375,26.65509033203125,23.635986328125,21.269683837890625,34.25
1972-03-18 07:49:05,26.25074005126953,93.0722885131836,166.00748443603516,84.6212158203125,87.0,60.82175827026367,99.99276733398438,9.818096160888672,37.87435191937076,193639.0,17.897003173828125,20.671295166015625,25.159149169921875,18.712966918945312,34.25
1972-03-18 07:49:06,26.199403762817383,93.01204681396484,166.2028045654297,84.54545593261719,86.5999984741211,60.82175827026367,99.98915100097656,9.8163480758667,39.60524730830219,193639.0,21.73207092285156,27.79745483398437,19.17535400390625,19.501739501953125,34.25
1972-03-18 07:49:07,26.231290817260746,93.01204681396484,167.48046875,84.6212158203125,86.5999984741211,60.82175827026367,99.99276733398438,9.81459903717041,40.339167487290354,193639.0,23.25521850585937,19.90972900390625,20.698486328125,19.9913330078125,34.25
1972-03-18 07:49:08,26.31352424621582,93.01204681396484,167.8141326904297,84.6212158203125,86.69999694824219,60.82175827026367,99.98915100097656,9.812850952148438,37.057141687019985,193639.0,21.73207092285156,25.13194274902344,22.82002258300781,19.828125,34.25
1972-03-18 07:49:09,26.36737632751465,92.9518051147461,168.69303131103516,84.6212158203125,87.0,60.82175827026367,99.98915100097656,9.811102867126465,39.784350502698224,193639.0,22.004058837890625,20.72569274902344,20.64410400390625,22.439239501953125,34.25
1972-03-18 07:49:10,26.32966041564941,93.01204681396484,168.5953826904297,84.6212158203125,86.79999542236328,60.82175827026367,99.98915100097656,9.809354782104492,39.92338995206213,193639.0,18.74017333984375,27.851852416992188,22.357635498046875,20.34490966796875,34.25
1972-03-18 07:49:11,26.312549591064453,93.01204681396484,169.1569061279297,84.6212158203125,87.0,60.82175827026367,99.99276733398438,9.807605743408203,39.650209048640576,193639.0,20.45370483398437,19.85531616210937,21.07928466796875,24.12557983398437,34.25
1972-03-18 07:49:12,26.371320724487305,93.01204681396484,170.7194061279297,84.54545593261719,87.0999984741211,60.82175827026367,99.98915100097656,9.80585765838623,39.938810228460284,193639.0,23.39120483398437,24.80555725097656,24.99594116210937,20.5625,34.25
1972-03-18 07:49:13,26.46869659423828,92.9518051147461,169.14063262939453,84.6212158203125,86.79999542236328,60.82175827026367,99.99276733398438,9.804109573364258,40.46424917959072,193639.0,19.420150756835938,22.05844116210937,20.970489501953125,21.759262084960938,34.25
1972-03-18 07:49:14,26.606319427490234,93.01204681396484,170.9391326904297,84.6212158203125,87.0,60.82175827026367,99.98915100097656,9.802360534667969,38.01508469125568,193639.0,21.514480590820312,26.7366943359375,21.5960693359375,19.447341918945312,34.25
1972-03-18 07:49:15,26.73836898803711,93.0722885131836,171.80989837646484,84.6212158203125,87.19999694824219,60.82175827026367,99.99276733398438,9.800612449645996,40.41370347379761,193639.0,16.428253173828125,23.608795166015625,24.07118225097656,21.024887084960938,34.25
1972-03-18 07:49:16,26.75274085998535,93.01204681396484,172.08658599853516,84.6212158203125,86.9000015258789,60.82175827026367,99.98915100097656,9.798864364624023,39.363952779314,193639.0,23.907989501953125,24.12557983398437,22.19444274902344,19.447341918945312,34.25
1972-03-18 07:49:17,26.7153263092041,92.89157104492188,171.8017578125,84.6212158203125,86.29999542236328,60.82175827026367,99.98915100097656,9.79711627960205,41.158235750837555,193639.0,19.44735717773437,25.431137084960938,21.13368225097656,21.18807983398437,34.25
1972-03-18 07:49:18,26.69290542602539,92.9518051147461,172.55860137939453,84.6212158203125,86.5999984741211,60.82175827026367,99.98915100097656,9.795367240905762,39.970335489615046,193639.0,21.24249267578125,24.85995483398437,20.834487915039062,19.3929443359375,34.27499961853027
1972-03-18 07:49:19,26.728742599487305,92.9518051147461,172.6806640625,84.6212158203125,86.9000015258789,60.82175827026367,99.98915100097656,9.793619155883787,39.964978489761236,193639.0,22.140045166015625,19.90972900390625,19.420135498046875,24.234375,34.25
1972-03-18 07:49:20,26.765819549560547,93.0722885131836,172.79459381103516,84.6212158203125,86.4000015258789,60.82175827026367,99.98915100097656,9.791871070861816,39.543125852365975,193639.0,19.09375,19.03936767578125,23.41839599609375,19.284149169921875,34.25
1972-03-18 07:49:21,26.78454971313477,93.01204681396484,171.96451568603516,84.6212158203125,85.79999542236328,60.82175827026367,99.98915100097656,9.797430038452148,40.37808009759864,193639.0,20.970489501953125,23.55439758300781,22.874420166015625,20.072921752929688,34.25
1972-03-18 07:49:22,26.704246520996094,92.9518051147461,171.95638275146484,84.54545593261719,87.80000305175781,60.82175827026367,99.98915100097656,9.795771598815918,37.94637802809513,193639.0,22.65682983398437,19.01214599609375,20.2633056640625,17.10821533203125,34.25
1972-03-18 07:49:23,26.52902030944824,92.9518051147461,172.7620391845703,84.54545593261719,87.0,60.82175827026367,99.98915100097656,9.794114112854004,40.29535690485344,193639.0,20.91610717773437,25.75752258300781,24.96875,19.447341918945312,34.25
1972-03-18 07:49:24,26.374530792236328,93.0722885131836,167.97689056396484,84.54545593261719,86.9000015258789,60.82175827026367,99.99276733398438,9.799778938293455,38.761766435129104,193639.0,19.637741088867188,23.2008056640625,18.25057983398437,20.508102416992188,34.25
1972-03-18 07:49:25,26.30097770690918,93.0722885131836,170.654296875,84.6212158203125,86.69999694824219,60.82175827026367,99.98915100097656,9.798211097717283,40.849256963032246,193639.0,20.58970642089844,24.15277099609375,20.2633056640625,21.18807983398437,34.25
1972-03-18 07:49:26,26.24102783203125,93.01204681396484,170.47525787353516,84.6212158203125,87.0,60.82175827026367,99.98915100097656,9.796643257141112,40.95928551658049,193639.0,17.9241943359375,26.46469116210937,21.405670166015625,14.497100830078123,34.25
1972-03-18 07:49:27,26.20729637145996,92.89157104492188,169.51497650146484,84.6212158203125,86.5999984741211,60.82175827026367,99.98915100097656,9.79507541656494,42.6280196949514,193639.0,23.826400756835938,18.7945556640625,21.677658081054688,21.21527099609375,34.25
1972-03-18 07:49:28,26.126070022583008,92.89157104492188,170.71939849853516,84.6212158203125,86.5999984741211,60.82175827026367,99.98915100097656,9.79350757598877,42.8339893492174,193639.0,16.482650756835938,21.487274169921875,23.55439758300781,20.535308837890625,34.25
1972-03-18 07:49:29,26.005645751953125,93.01204681396484,170.3369140625,84.6212158203125,86.5,60.82175827026367,99.98915100097656,9.785358428955078,40.38390127711808,193639.0,22.602447509765625,20.9976806640625,20.290496826171875,16.67303466796875,34.25
1972-03-18 07:49:30,25.954320907592773,93.0722885131836,170.0439453125,84.54545593261719,86.19999694824219,60.82175827026367,99.98915100097656,9.782968521118164,39.70481789543282,193639.0,22.11285400390625,25.077545166015625,20.2633056640625,18.304977416992188,34.25
1972-03-18 07:49:31,25.98470115661621,93.0722885131836,170.89029693603516,84.6212158203125,86.69999694824219,60.82175827026367,99.98915100097656,9.781310081481934,40.772496898183114,193639.0,22.52084350585937,23.39120483398437,20.834487915039062,20.671295166015625,34.25
1972-03-18 07:49:32,26.127540588378903,93.01204681396484,169.7509765625,84.6212158203125,86.79999542236328,60.82175827026367,99.98915100097656,9.779651641845703,39.919406971172315,193639.0,21.73207092285156,24.39756774902344,20.64410400390625,21.160888671875,34.25
1972-03-18 07:49:33,26.2499942779541,92.9518051147461,169.86490631103516,84.6212158203125,86.5,60.82175827026367,99.98915100097656,9.777994155883787,40.72963737770532,193639.0,19.420150756835938,22.874420166015625,21.35127258300781,23.744796752929688,34.25
1972-03-18 07:49:34,26.31648635864257,92.9518051147461,170.76822662353516,84.54545593261719,87.19999694824219,60.82175827026367,99.98915100097656,9.77633571624756,38.85534655831984,193639.0,18.549774169921875,27.498260498046875,22.493621826171875,18.168975830078125,34.25
1972-03-18 07:49:35,26.34283447265625,93.01204681396484,169.79166412353516,84.54545593261719,86.0999984741211,60.82175827026367,99.98915100097656,9.774677276611328,41.15700800623724,193639.0,19.12095642089844,19.58334350585937,18.27777099609375,22.221649169921875,34.25
1972-03-18 07:49:36,26.418212890625,92.9518051147461,170.71939849853516,84.6212158203125,88.0,60.82175827026367,99.98915100097656,9.773019790649414,39.08642389958322,193639.0,22.68403625488281,21.07928466796875,25.839111328125,19.74652099609375,34.25
1972-03-18 07:49:37,26.512754440307617,92.89157104492188,169.96256256103516,84.6212158203125,86.69999694824219,60.82175827026367,99.98915100097656,9.771361351013184,41.138537036452185,193639.0,21.24249267578125,19.556137084960938,20.48089599609375,21.78646850585937,34.25
1972-03-18 07:49:38,26.614473342895508,92.89157104492188,169.16503143310547,84.6212158203125,87.0999984741211,60.82175827026367,99.98915100097656,9.769702911376951,39.28214834700228,193639.0,24.778366088867188,20.64410400390625,23.33680725097656,21.405670166015625,34.25
1972-03-18 07:49:39,26.68674659729004,92.9518051147461,171.1669921875,84.6212158203125,87.4000015258789,60.82175827026367,99.98915100097656,9.768044471740724,39.59914065219835,193639.0,20.154525756835938,24.88714599609375,26.21990966796875,19.88252258300781,34.25
1972-03-18 07:49:40,26.659639358520508,93.13253021240234,169.98697662353516,84.6212158203125,86.9000015258789,60.82175827026367,99.98915100097656,9.766386985778809,40.48156196366273,193639.0,24.207183837890625,24.12557983398437,23.9351806640625,22.60243225097656,34.25
1972-03-18 07:49:41,26.55360412597656,93.13253021240234,170.14974212646484,84.6212158203125,87.0999984741211,60.82175827026367,99.98915100097656,9.764728546142578,39.61364861393723,193639.0,17.597808837890625,23.635986328125,17.733795166015625,23.037628173828125,34.25
1972-03-18 07:49:42,26.468135833740234,93.01204681396484,170.06021881103516,84.6212158203125,86.69999694824219,60.82175827026367,99.98915100097656,9.763070106506348,40.565011155928914,193639.0,19.61053466796875,23.55439758300781,19.44732666015625,17.298614501953125,34.25
1972-03-18 07:49:43,26.413578033447266,92.83132934570312,169.3359375,84.6212158203125,87.0,60.82175827026367,99.98915100097656,9.761412620544434,39.17902717744431,193639.0,19.420150756835938,21.67767333984375,19.58334350585937,22.765625,34.25
1972-03-18 07:49:44,26.4389877319336,92.89157104492188,169.83235931396484,84.6212158203125,86.5,60.82175827026367,99.98915100097656,9.759754180908203,40.53479601698037,193639.0,17.897003173828125,24.179977416992188,24.479156494140625,18.359375,34.25
1972-03-18 07:49:45,26.469955444335938,93.0722885131836,169.71842193603516,84.54545593261719,87.30000305175781,60.82175827026367,99.98915100097656,9.758095741271973,38.95976590084364,193639.0,19.90972900390625,22.493637084960938,21.65045166015625,22.956024169921875,34.25
1972-03-18 07:49:46,26.419864654541016,93.13253021240234,169.23014068603516,84.54545593261719,87.19999694824219,60.82175827026367,99.98915100097656,9.75643825531006,40.330637619374144,193639.0,17.27142333984375,26.546295166015625,24.424774169921875,19.800933837890625,34.25
1972-03-18 07:49:47,26.265186309814453,93.13253021240234,170.89029693603516,84.6212158203125,88.0,60.82175827026367,99.98915100097656,9.748931884765623,40.04518550567654,193639.0,23.44561767578125,27.280670166015625,22.98321533203125,20.426513671875,34.25
1972-03-18 07:49:48,26.15192031860352,92.9518051147461,170.7275390625,84.6212158203125,87.0,60.82175827026367,99.98915100097656,9.745741844177246,41.62049875072368,193639.0,20.48091125488281,25.975128173828125,20.34490966796875,21.296875,34.25
1972-03-18 07:49:49,26.146772384643555,92.89157104492188,170.47525787353516,84.6212158203125,86.5999984741211,60.81814193725586,99.98915100097656,9.742526054382324,41.42580216463742,193639.0,19.12095642089844,25.512725830078125,23.472808837890625,22.4664306640625,34.25
1972-03-18 07:49:50,26.209352493286133,92.9518051147461,170.21484375,84.6212158203125,86.4000015258789,60.82175827026367,99.98915100097656,9.741500854492188,41.876032084128596,193639.0,19.311355590820312,27.38946533203125,21.976852416992188,18.74017333984375,34.25
1972-03-18 07:49:51,26.29641342163086,93.0722885131836,169.384765625,84.6212158203125,86.9000015258789,60.82175827026367,99.98915100097656,9.733131408691406,39.50520458052409,193639.0,25.1319580078125,20.372100830078125,21.840850830078125,21.895263671875,34.25
1972-03-18 07:49:52,26.311635971069336,93.13253021240234,170.44271087646484,84.6212158203125,87.0999984741211,60.82175827026367,99.98915100097656,9.726170539855955,40.45483703186872,193639.0,18.549774169921875,22.357635498046875,25.376739501953125,18.495361328125,34.25
1972-03-18 07:49:53,26.288423538208008,93.01204681396484,170.2311248779297,84.54545593261719,86.9000015258789,60.82175827026367,99.98915100097656,9.72206687927246,40.53866378189187,193639.0,23.7991943359375,21.51446533203125,21.46006774902344,21.94964599609375,34.25
1972-03-18 07:49:54,26.325101852416992,93.01204681396484,171.17513275146484,84.54545593261719,87.19999694824219,60.81814193725586,99.98915100097656,9.720137596130373,39.86233176724858,193639.0,23.092025756835938,25.675933837890625,22.738433837890625,19.501739501953125,34.25
1972-03-18 07:49:55,26.359209060668945,92.9518051147461,170.35318756103516,84.6212158203125,87.19999694824219,60.82175827026367,99.98915100097656,9.717482566833496,41.279472803438715,193639.0,26.6007080078125,22.303253173828125,22.05844116210937,19.447341918945312,34.25
1972-03-18 07:49:56,26.4735050201416,92.89157104492188,170.4833984375,84.6212158203125,86.0999984741211,60.81814193725586,99.98915100097656,9.70822811126709,42.38022380965178,193639.0,23.25521850585937,22.439239501953125,22.54803466796875,21.86805725097656,34.25
1972-03-18 07:49:57,26.550687789916992,93.01204681396484,169.4905548095703,84.6212158203125,86.79999542236328,60.82175827026367,99.98915100097656,9.69959545135498,40.27581859953663,193639.0,18.767364501953125,26.0023193359375,24.28877258300781,20.807296752929688,34.25
1972-03-18 07:49:58,26.553993225097656,93.13253021240234,170.361328125,84.6212158203125,86.69999694824219,60.82175827026367,99.98915100097656,9.696017265319824,38.75423022940768,193639.0,21.21528625488281,26.21990966796875,20.698486328125,19.773727416992188,34.25
1972-03-18 07:49:59,26.450740814208984,93.0722885131836,170.0032501220703,84.6212158203125,86.5999984741211,60.81814193725586,99.98915100097656,9.69168758392334,39.91298695698512,193639.0,19.71932983398437,22.956024169921875,22.11285400390625,20.072921752929688,34.25
1972-03-18 07:50:00,26.39273262023925,92.9518051147461,169.2545623779297,84.6212158203125,86.29999542236328,60.82175827026367,99.98915100097656,9.682958602905272,39.69616169751052,193639.0,22.49365234375,19.964111328125,25.567138671875,20.508102416992188,34.25
1972-03-18 07:50:01,26.36711311340332,92.89157104492188,169.71028900146484,84.54545593261719,86.5999984741211,60.82175827026367,99.98915100097656,9.676318168640137,38.9957597536625,193639.0,19.71932983398437,25.02314758300781,20.290496826171875,23.173614501953125,34.25
1972-03-18 07:50:02,26.41802215576172,92.89157104492188,169.4987030029297,84.6212158203125,86.79999542236328,60.82175827026367,99.98915100097656,9.674027442932127,39.56992104054019,193639.0,20.888900756835938,26.0023193359375,27.33506774902344,22.901611328125,34.25
1972-03-18 07:50:03,26.48095703125,93.01204681396484,170.166015625,84.6212158203125,87.19999694824219,60.82175827026367,99.98915100097656,9.668083190917969,38.49542699440378,193639.0,21.160888671875,24.179977416992188,23.445602416992188,21.18807983398437,34.25
1972-03-18 07:50:04,26.46161842346192,93.0722885131836,169.31966400146484,84.6212158203125,85.9000015258789,60.82175827026367,99.98915100097656,9.654754638671877,41.85956271048657,193639.0,19.284149169921875,27.19906616210937,21.677658081054688,20.018524169921875,34.25
1972-03-18 07:50:05,26.35350608825684,93.01204681396484,170.01953125,84.6212158203125,86.0,60.82175827026367,99.98915100097656,9.6500883102417,40.169669635438,193639.0,18.6585693359375,24.45196533203125,22.24884033203125,19.773727416992188,34.25
1972-03-18 07:50:06,26.286033630371094,92.89157104492188,168.26985931396484,84.6212158203125,86.0,60.82175827026367,99.98915100097656,9.642460823059082,41.616589456611685,193639.0,19.61053466796875,22.221649169921875,21.432861328125,16.23785400390625,34.25
1972-03-18 07:50:07,26.284826278686523,92.89157104492188,169.9381561279297,84.6212158203125,87.9000015258789,60.81814193725586,99.99276733398438,9.637697219848633,37.567953399576616,193639.0,22.738433837890625,23.228012084960938,21.94964599609375,22.60243225097656,34.25
1972-03-18 07:50:08,26.35697555541992,93.0722885131836,169.69400787353516,84.54545593261719,86.79999542236328,60.82175827026367,99.98915100097656,9.629985809326172,40.9000440419416,193639.0,18.468170166015625,23.962387084960938,23.037612915039062,20.100128173828125,34.25
1972-03-18 07:50:09,26.427898406982425,93.13253021240234,168.74185943603516,84.54545593261719,87.4000015258789,60.81814193725586,99.98915100097656,9.627333641052246,39.695718408785325,193639.0,23.14642333984375,22.65682983398437,23.146408081054688,19.420135498046875,34.25
1972-03-18 07:50:10,26.437179565429688,93.01204681396484,169.9300079345703,84.6212158203125,87.30000305175781,60.82175827026367,99.98915100097656,9.61735725402832,40.05365863301525,193639.0,16.509857177734375,24.99594116210937,25.86631774902344,18.903350830078125,34.25
1972-03-18 07:50:11,26.32926368713379,92.9518051147461,168.48958587646484,84.6212158203125,87.19999694824219,60.82175827026367,99.98915100097656,9.614614486694336,40.22741302467952,193639.0,24.451980590820312,21.13368225097656,22.65682983398437,23.0648193359375,34.25
1972-03-18 07:50:12,26.273483276367188,92.89157104492188,169.36849212646484,84.6212158203125,86.9000015258789,60.82175827026367,99.98915100097656,9.611871719360352,42.4518656870278,193639.0,21.296875,24.75115966796875,22.711227416992188,22.4664306640625,34.25
1972-03-18 07:50:13,26.27929306030273,93.01204681396484,168.23729705810547,84.6212158203125,86.4000015258789,60.82175827026367,99.98915100097656,9.609128952026367,39.958876950784585,193639.0,22.03125,19.47454833984375,21.677658081054688,21.487274169921875,34.25
1972-03-18 07:50:14,26.370004653930664,93.13253021240234,170.23111724853516,84.6212158203125,86.9000015258789,60.82175827026367,99.98915100097656,9.606385231018066,38.704446580758116,193639.0,22.68403625488281,25.975128173828125,21.487274169921875,18.84896850585937,34.25
1972-03-18 07:50:15,26.46826362609864,93.01204681396484,170.36946868896484,84.6212158203125,86.29999542236328,60.81814193725586,99.98915100097656,9.602167129516602,40.91110574171219,193639.0,22.3304443359375,21.92245483398437,20.888885498046875,25.213546752929688,34.25
1972-03-18 07:50:16,26.494613647460938,92.89157104492188,170.74381256103516,84.6212158203125,88.4000015258789,60.81814193725586,99.98915100097656,9.592832565307615,38.90297828607235,193639.0,20.31771850585937,24.45196533203125,23.2008056640625,23.472808837890625,34.25
1972-03-18 07:50:17,26.43218994140625,92.89157104492188,170.0764923095703,84.6212158203125,87.9000015258789,60.82175827026367,99.98915100097656,9.58852195739746,38.60689373996975,193639.0,24.72396850585937,24.424774169921875,20.072906494140625,18.38656616210937,34.25
1972-03-18 07:50:18,26.399072647094727,92.89157104492188,170.62987518310547,84.6212158203125,87.0999984741211,60.82175827026367,99.98915100097656,9.58566188812256,40.72847728914622,193639.0,20.834503173828125,26.056716918945312,25.077545166015625,20.61689758300781,34.25
1972-03-18 07:50:19,26.41837501525879,93.01204681396484,168.9697265625,84.6212158203125,86.5999984741211,60.82175827026367,99.98915100097656,9.582808494567873,40.47410030166408,193639.0,24.15278625488281,22.874420166015625,22.004058837890625,19.85531616210937,34.25
1972-03-18 07:50:20,26.494016647338867,93.0722885131836,170.14974212646484,84.6212158203125,86.5999984741211,60.82175827026367,99.99276733398438,9.579940795898438,39.65482597992368,193639.0,20.91610717773437,25.512725830078125,23.55439758300781,21.37847900390625,34.25
1972-03-18 07:50:21,26.544878005981445,92.9518051147461,170.0439453125,84.6212158203125,86.79999542236328,60.82175827026367,99.99276733398438,9.574136734008787,41.28954188285959,193639.0,20.045730590820312,26.029510498046875,20.61689758300781,20.072921752929688,34.25
1972-03-18 07:50:22,26.527368545532227,92.9518051147461,169.3359375,84.6212158203125,86.79999542236328,60.82175827026367,99.98915100097656,9.569053649902344,39.478045878837484,193639.0,19.229766845703125,23.228012084960938,21.21527099609375,19.692138671875,34.25
1972-03-18 07:50:23,26.40721702575684,92.9518051147461,169.88932037353516,84.6212158203125,87.4000015258789,60.82175827026367,99.98915100097656,9.56613063812256,39.40411038305778,193639.0,22.765625,23.98959350585937,22.68402099609375,24.179977416992188,34.25
1972-03-18 07:50:24,26.337547302246094,93.01204681396484,169.4091796875,84.6212158203125,87.5999984741211,60.82175827026367,99.99276733398438,9.55661678314209,40.09811767568578,193639.0,16.346649169921875,23.472808837890625,25.18634033203125,22.357635498046875,34.25
1972-03-18 07:50:25,26.31576156616211,93.13253021240234,169.4498748779297,84.6212158203125,86.5999984741211,60.82175827026367,99.98915100097656,9.552878379821776,39.0535758472217,193639.0,19.55615234375,25.45834350585937,17.597808837890625,23.55439758300781,34.25
1972-03-18 07:50:26,26.355175018310547,93.13253021240234,168.9208984375,84.6212158203125,86.79999542236328,60.82175827026367,99.98915100097656,9.549863815307615,41.897731185692095,193639.0,17.57061767578125,25.567138671875,26.05670166015625,20.535308837890625,34.25
1972-03-18 07:50:27,26.38825416564941,93.01204681396484,169.69400787353516,84.6212158203125,86.79999542236328,60.82175827026367,99.98915100097656,9.546849250793455,41.74845401659337,193639.0,23.88079833984375,25.92071533203125,23.907989501953125,19.14814758300781,34.25
1972-03-18 07:50:28,26.39064598083496,92.9518051147461,169.6858673095703,84.6212158203125,86.19999694824219,60.81814193725586,99.99276733398438,9.543835639953612,41.260139723780185,193639.0,19.637741088867188,25.2679443359375,24.28877258300781,22.493637084960938,34.25
1972-03-18 07:50:29,26.2968807220459,92.9518051147461,169.3684844970703,84.6212158203125,85.79999542236328,60.82175827026367,99.98915100097656,9.540821075439451,41.457834290348416,193639.0,21.487274169921875,24.5335693359375,22.79281616210937,19.964111328125,34.25
1972-03-18 07:50:30,26.23144721984864,93.0722885131836,168.7255859375,84.6212158203125,86.0999984741211,60.82175827026367,99.99276733398438,9.543654441833496,40.452926171647675,193639.0,22.221649169921875,22.05844116210937,20.698486328125,21.704864501953125,34.25
1972-03-18 07:50:31,26.23371124267578,93.0722885131836,169.76725006103516,84.6212158203125,86.9000015258789,60.82175827026367,99.99276733398438,9.542187690734863,41.20942691663964,193639.0,20.8616943359375,25.78472900390625,22.276031494140625,20.2633056640625,34.25
1972-03-18 07:50:32,26.326080322265625,93.01204681396484,169.677734375,84.6212158203125,86.9000015258789,60.82175827026367,99.98915100097656,9.550249099731444,41.10043942929544,193639.0,18.84896850585937,25.18634033203125,25.431121826171875,20.834503173828125,34.25
1972-03-18 07:50:33,26.42700958251953,92.9518051147461,168.56282806396484,84.6212158203125,86.9000015258789,60.82175827026367,99.99276733398438,9.551121711730955,39.938136594606966,193639.0,21.160888671875,23.71759033203125,22.68402099609375,21.4600830078125,34.25
1972-03-18 07:50:34,26.47711753845215,92.9518051147461,169.27083587646484,84.6212158203125,86.29999542236328,60.82175827026367,99.98915100097656,9.548378944396973,42.25450935714705,193639.0,18.6585693359375,25.648727416992188,23.71759033203125,19.936920166015625,34.25
1972-03-18 07:50:35,26.44752311706543,92.9518051147461,167.67578125,84.6212158203125,85.79999542236328,60.82175827026367,99.99276733398438,9.545636177062988,42.125015947144256,193639.0,25.757537841796875,23.907989501953125,19.474533081054688,19.71932983398437,34.25
1972-03-18 07:50:36,26.42959976196289,93.0722885131836,169.44173431396484,84.6212158203125,87.0999984741211,60.82175827026367,99.98915100097656,9.542893409729004,39.69223861170052,193639.0,18.84896850585937,24.6695556640625,19.773727416992188,24.28877258300781,34.25
1972-03-18 07:50:37,26.45182228088379,93.01204681396484,168.5465545654297,84.6212158203125,86.0,60.82175827026367,99.98915100097656,9.540149688720703,41.5423166077232,193639.0,23.309616088867188,25.567138671875,19.5289306640625,18.631378173828125,34.25
1972-03-18 07:50:38,26.53352165222168,93.01204681396484,168.6279296875,84.54545593261719,86.79999542236328,60.82175827026367,99.98915100097656,9.53740692138672,38.862338400974124,193639.0,20.970489501953125,19.420135498046875,20.154510498046875,21.94964599609375,34.25
1972-03-18 07:50:39,26.60375022888184,92.9518051147461,169.39290618896484,84.54545593261719,87.0,60.82175827026367,99.98915100097656,9.534664154052734,40.227134633450305,193639.0,22.49365234375,26.029510498046875,20.834487915039062,19.71932983398437,34.25
1972-03-18 07:50:40,26.59266471862793,92.9518051147461,169.19759368896484,84.6212158203125,87.0,60.82175827026367,99.98915100097656,9.53192138671875,40.73113102903663,193639.0,19.17535400390625,22.3304443359375,23.7991943359375,23.744796752929688,34.25
1972-03-18 07:50:41,26.45110511779785,93.01204681396484,168.6686248779297,84.6212158203125,87.5,60.82175827026367,99.99276733398438,9.52917766571045,38.410113587420014,193639.0,20.8616943359375,23.472808837890625,22.221649169921875,23.33680725097656,34.25
1972-03-18 07:50:42,26.37114906311035,93.01204681396484,168.56282806396484,84.6212158203125,87.5999984741211,60.82175827026367,99.98915100097656,9.526434898376465,40.325809844686965,193639.0,21.487274169921875,26.682281494140625,25.48553466796875,20.45370483398437,34.25
1972-03-18 07:50:43,26.32891273498535,92.89157104492188,168.06640625,84.6212158203125,85.9000015258789,60.82175827026367,99.98915100097656,9.52369213104248,40.845645078109264,193639.0,24.58798217773437,22.19444274902344,20.34490966796875,21.92245483398437,34.25
1972-03-18 07:50:44,26.370126724243164,92.9518051147461,168.85580444335938,84.6212158203125,85.9000015258789,60.82175827026367,99.99276733398438,9.52094841003418,42.814547076313325,193639.0,22.874420166015625,24.5335693359375,23.227996826171875,20.45370483398437,34.25
1972-03-18 07:50:45,26.421289443969727,93.13253021240234,170.01953125,84.6212158203125,86.5,60.82175827026367,99.99276733398438,9.513802528381348,41.669958595517805,193639.0,19.74653625488281,23.41839599609375,18.223388671875,21.67767333984375,34.25
1972-03-18 07:50:46,26.435518264770508,93.13253021240234,168.75,84.6212158203125,86.69999694824219,60.82175827026367,99.99276733398438,9.50295639038086,40.044871273627194,193639.0,22.03125,21.13368225097656,20.698486328125,20.916091918945312,34.25
1972-03-18 07:50:47,26.34892845153809,92.9518051147461,168.29427337646484,84.6212158203125,86.5,60.82175827026367,99.98915100097656,9.502994537353516,40.46647841419698,193639.0,21.54168701171875,23.037628173828125,22.54803466796875,20.34490966796875,34.25
1972-03-18 07:50:48,26.28446578979492,92.83132934570312,168.84765625,84.54545593261719,87.30000305175781,60.82175827026367,99.98915100097656,9.495004653930664,39.50642488768656,193639.0,20.29052734375,26.709503173828125,21.32406616210937,20.181716918945312,34.25
1972-03-18 07:50:49,26.27238273620605,92.89157104492188,168.12337493896484,84.54545593261719,86.79999542236328,60.82175827026367,99.99276733398438,9.49208164215088,40.63684449911956,193639.0,21.296875,23.037628173828125,20.91607666015625,22.575225830078125,34.25
1972-03-18 07:50:50,26.344621658325195,92.9518051147461,168.83951568603516,84.6212158203125,87.5,60.82175827026367,99.98915100097656,9.488415718078612,39.09382936163031,193639.0,20.58970642089844,26.682281494140625,24.26156616210937,19.229736328125,34.25
1972-03-18 07:50:51,26.42000198364257,93.13253021240234,168.9127655029297,84.6212158203125,87.30000305175781,60.82175827026367,99.99276733398438,9.478900909423828,41.46067851648428,193639.0,23.173614501953125,20.34490966796875,20.8616943359375,16.917816162109375,34.25
1972-03-18 07:50:52,26.441844940185547,93.13253021240234,168.42447662353516,84.6212158203125,86.5999984741211,60.82175827026367,99.98915100097656,9.472951889038086,40.04828357092497,193639.0,19.284149169921875,22.84722900390625,26.763885498046875,19.447341918945312,34.25
1972-03-18 07:50:53,26.373050689697266,92.9518051147461,168.0826873779297,84.6212158203125,86.19999694824219,60.82175827026367,99.99276733398438,9.469901084899902,40.718086704388796,193639.0,19.03936767578125,23.28240966796875,20.78009033203125,20.888885498046875,34.25
1972-03-18 07:50:54,26.34123039245605,92.83132934570312,167.98502349853516,84.6212158203125,87.69999694824219,60.82175827026367,99.98915100097656,9.46391487121582,39.804311695447296,193639.0,22.085662841796875,22.738433837890625,23.092010498046875,20.535308837890625,34.25
1972-03-18 07:50:55,26.35575485229492,92.89157104492188,168.26985931396484,84.54545593261719,87.69999694824219,60.82175827026367,99.99276733398438,9.461569786071776,39.06272714022559,193639.0,20.535308837890625,19.58334350585937,23.826385498046875,20.7257080078125,34.25
1972-03-18 07:50:56,26.42015838623047,93.0722885131836,168.89649200439453,84.54545593261719,86.0999984741211,60.82175827026367,99.98915100097656,9.456298828125,40.77830966319688,193639.0,20.671295166015625,27.55267333984375,21.269683837890625,22.11285400390625,34.25
1972-03-18 07:50:57,26.49741172790528,93.1927719116211,168.1233673095703,84.54545593261719,87.4000015258789,60.82175827026367,99.98915100097656,9.45319366455078,39.43562936955969,193639.0,22.84722900390625,23.58160400390625,20.72569274902344,22.11285400390625,34.25
1972-03-18 07:50:58,26.51742172241211,93.0722885131836,167.69205474853516,84.6212158203125,86.29999542236328,60.82175827026367,99.98915100097656,9.45008945465088,40.326301111591754,193639.0,20.26332092285156,23.744781494140625,20.9976806640625,20.372100830078125,34.25
1972-03-18 07:50:59,26.441591262817383,92.89157104492188,167.9280548095703,84.6212158203125,86.79999542236328,60.82175827026367,99.99276733398438,9.446985244750977,41.02168800438635,193639.0,23.96240234375,24.642364501953125,22.4664306640625,19.338546752929688,34.25
1972-03-18 07:51:00,26.36820602416992,92.9518051147461,168.81510162353516,84.6212158203125,86.69999694824219,60.82175827026367,99.98915100097656,9.445332527160645,41.818003268681615,193639.0,20.970489501953125,20.72569274902344,24.696746826171875,23.173614501953125,34.25
1972-03-18 07:51:01,26.351089477539062,93.0722885131836,168.3349609375,84.6212158203125,86.19999694824219,60.82175827026367,99.99276733398438,9.443720817565918,41.496445167622596,193639.0,23.96240234375,24.99594116210937,19.14814758300781,22.493637084960938,34.25
1972-03-18 07:51:02,26.408334732055664,93.0722885131836,169.1650390625,84.6212158203125,86.19999694824219,60.82175827026367,99.99276733398438,9.437725067138672,41.38339467785118,193639.0,20.18173217773437,24.45196533203125,23.744781494140625,24.07118225097656,34.25
1972-03-18 07:51:03,26.46904754638672,93.0722885131836,169.1650390625,84.6212158203125,87.80000305175781,60.82175827026367,99.98915100097656,9.437725067138672,39.31024721914848,193639.0,20.18173217773437,24.45196533203125,23.744781494140625,24.07118225097656,34.25
1972-03-18 07:51:04,26.493667602539062,92.9518051147461,169.09180450439453,84.6212158203125,87.5999984741211,60.82175827026367,99.98915100097656,9.43151569366455,38.29671846103961,193639.0,20.1273193359375,25.59432983398437,22.65682983398437,19.039352416992188,34.25
1972-03-18 07:51:05,26.413578033447266,92.89157104492188,169.09180450439453,84.54545593261719,87.19999694824219,60.82175827026367,99.98915100097656,9.43151569366455,39.81148763005366,193639.0,20.1273193359375,25.59432983398437,23.826385498046875,21.81365966796875,34.25
1972-03-18 07:51:06,26.327957153320312,92.89157104492188,168.896484375,84.54545593261719,87.0,60.82175827026367,99.98915100097656,9.428411483764648,41.20947486103456,193639.0,20.7257080078125,24.696762084960938,20.943283081054688,22.03125,34.25
1972-03-18 07:51:07,26.327957153320312,93.01204681396484,168.4651641845703,84.6212158203125,87.19999694824219,60.82175827026367,99.99276733398438,9.432629585266112,40.911422318739284,193639.0,19.90972900390625,26.111114501953125,22.98321533203125,24.424774169921875,34.25
1972-03-18 07:51:08,26.357158660888672,93.13253021240234,168.45703125,84.54545593261719,86.79999542236328,60.82175827026367,99.98915100097656,9.435462951660156,40.81077568421207,193639.0,23.28240966796875,22.3304443359375,18.19618225097656,21.51446533203125,34.25
1972-03-18 07:51:09,26.357158660888672,93.01204681396484,168.0582733154297,84.6212158203125,85.79999542236328,60.82175827026367,99.98915100097656,9.433996200561523,42.43652598767674,193639.0,19.420150756835938,23.39120483398437,22.98321533203125,21.7320556640625,34.25
1972-03-18 07:51:10,26.41903114318848,92.9518051147461,170.18228912353516,84.6212158203125,86.69999694824219,60.82175827026367,99.99276733398438,9.432524681091309,40.35999861672445,193640.0,22.357650756835938,21.46006774902344,19.74652099609375,22.874420166015625,34.25
1972-03-18 07:51:11,26.44195556640625,92.89157104492188,168.02571868896484,84.6212158203125,86.79999542236328,60.82175827026367,99.99276733398438,9.4428129196167,38.333966616654166,193640.0,19.692138671875,23.608795166015625,21.976852416992188,21.32406616210937,34.25
1972-03-18 07:51:12,26.38351058959961,92.89157104492188,167.919921875,84.6212158203125,86.5,60.82175827026367,99.99276733398438,9.444480895996094,40.72080854459457,193640.0,21.07928466796875,21.07928466796875,21.21527099609375,20.508102416992188,34.25
1972-03-18 07:51:13,26.326107025146484,92.9518051147461,169.24642181396484,84.54545593261719,87.80000305175781,60.82175827026367,99.99276733398438,9.44105052947998,39.114821254353025,193640.0,20.698516845703125,25.13194274902344,24.043975830078125,21.106475830078125,34.25
1972-03-18 07:51:14,26.323177337646484,93.13253021240234,167.78971099853516,84.54545593261719,85.79999542236328,60.82175827026367,99.99276733398438,9.44200611114502,42.270952108575905,193640.0,22.3304443359375,25.59432983398437,18.495361328125,19.88252258300781,34.25
1972-03-18 07:51:15,26.38776206970215,93.1927719116211,169.1650390625,84.54545593261719,87.19999694824219,60.82175827026367,99.98915100097656,9.445935249328612,40.75563129378139,193640.0,19.800933837890625,22.3304443359375,26.627899169921875,21.487274169921875,34.25
1972-03-18 07:51:16,26.45852851867676,92.9518051147461,168.48958587646484,84.6212158203125,86.9000015258789,60.82175827026367,99.99276733398438,9.44410514831543,40.5196037828734,193640.0,24.506378173828125,25.159149169921875,20.78009033203125,21.895263671875,34.25
1972-03-18 07:51:17,26.49069595336914,92.89157104492188,168.36751556396484,84.6212158203125,86.5999984741211,60.82175827026367,99.99276733398438,9.441543579101562,41.688912338716634,193640.0,16.863433837890625,21.81365966796875,22.11285400390625,20.39930725097656,34.25
1972-03-18 07:51:18,26.430635452270508,92.83132934570312,168.5953826904297,84.6212158203125,87.0,60.82175827026367,99.99276733398438,9.443376541137695,40.78949836060723,193640.0,21.405670166015625,23.5,22.05844116210937,20.04571533203125,34.25
1972-03-18 07:51:19,26.367706298828125,93.01204681396484,168.48958587646484,84.6212158203125,88.80000305175781,60.82175827026367,99.99276733398438,9.4401273727417,37.875701953781004,193640.0,21.351287841796875,26.627899169921875,19.474533081054688,19.365753173828125,34.25
1972-03-18 07:51:20,26.347148895263672,93.0722885131836,168.77440643310547,84.6212158203125,86.29999542236328,60.82175827026367,99.99276733398438,9.440552711486816,40.522475921008834,193640.0,19.229766845703125,23.010406494140625,24.31597900390625,20.072921752929688,34.25
1972-03-18 07:51:21,26.40439224243164,93.0722885131836,168.5791015625,84.6212158203125,87.30000305175781,60.82175827026367,99.99276733398438,9.438072204589844,39.095298546480926,193640.0,20.26332092285156,25.05035400390625,24.39756774902344,22.41204833984375,34.25
1972-03-18 07:51:22,26.46650695800781,93.01204681396484,168.78255462646484,84.54545593261719,87.30000305175781,60.82175827026367,99.99276733398438,9.436317443847656,40.93652439970044,193640.0,19.365753173828125,22.629638671875,23.309600830078125,21.78646850585937,34.25
1972-03-18 07:51:23,26.505535125732425,92.89157104492188,167.4153594970703,84.54545593261719,86.69999694824219,60.82175827026367,99.99276733398438,9.433845520019531,38.53241995450088,193640.0,18.930572509765625,22.52084350585937,21.432861328125,18.41377258300781,34.25
1972-03-18 07:51:24,26.452606201171875,92.83132934570312,168.29427337646484,84.54545593261719,86.69999694824219,60.82175827026367,99.98915100097656,9.431373596191406,40.88927421466799,193640.0,21.54168701171875,24.343170166015625,21.21527099609375,20.916091918945312,34.25
1972-03-18 07:51:25,26.391468048095703,93.01204681396484,167.48046875,84.6212158203125,87.5999984741211,60.82175827026367,99.98915100097656,9.428902626037598,39.24428329525834,193640.0,19.74653625488281,22.221649169921875,24.370361328125,21.86805725097656,34.25
1972-03-18 07:51:26,26.37572860717773,93.0722885131836,167.24446868896484,84.6212158203125,86.4000015258789,60.81814193725586,99.98915100097656,9.426430702209473,40.49677195133116,193640.0,21.133697509765625,20.61689758300781,17.352996826171875,19.447341918945312,34.25
1972-03-18 07:51:27,26.42566680908203,93.01204681396484,168.2861328125,84.6212158203125,87.5999984741211,60.82175827026367,99.98915100097656,9.421764373779297,39.151836277469094,193640.0,22.38485717773437,25.648727416992188,22.221649169921875,24.179977416992188,34.25
1972-03-18 07:51:28,26.483661651611328,92.9518051147461,168.33496856689453,84.6212158203125,87.80000305175781,60.82175827026367,99.99276733398438,9.421460151672363,37.77569339605588,193640.0,23.93519592285156,23.39120483398437,23.092010498046875,21.024887084960938,34.25
1972-03-18 07:51:29,26.52011680603028,92.89157104492188,168.8639373779297,84.6212158203125,86.4000015258789,60.82175827026367,99.99276733398438,9.417520523071287,39.03609770846591,193640.0,19.2569580078125,23.9351806640625,21.18807983398437,24.642364501953125,34.25
1972-03-18 07:51:30,26.46285820007324,93.0722885131836,167.578125,84.54545593261719,87.5,60.82175827026367,99.98915100097656,9.416498184204102,39.99031220559027,193640.0,23.826400756835938,25.05035400390625,20.508102416992188,20.48089599609375,34.25
1972-03-18 07:51:31,26.380836486816406,93.1927719116211,168.0419921875,84.54545593261719,87.9000015258789,60.82175827026367,99.99276733398438,9.411832809448242,39.805321695453365,193640.0,22.004058837890625,25.34954833984375,23.66319274902344,22.68402099609375,34.25
1972-03-18 07:51:32,26.341873168945312,93.01204681396484,167.47232818603516,84.54545593261719,86.5999984741211,60.82175827026367,99.98915100097656,9.411527633666992,41.12803394578476,193640.0,24.941558837890625,24.043975830078125,19.066558837890625,20.04571533203125,34.25
1972-03-18 07:51:33,26.380596160888672,92.77108001708984,168.2047576904297,84.6212158203125,86.4000015258789,60.82175827026367,99.98915100097656,9.408329010009766,40.85433781865848,193640.0,19.33856201171875,24.832763671875,25.947906494140625,19.338546752929688,34.25
1972-03-18 07:51:34,26.42645835876465,92.89157104492188,168.1803436279297,84.6212158203125,87.0999984741211,60.82175827026367,99.99276733398438,9.404380798339844,38.88267945139236,193640.0,21.97686767578125,22.629638671875,22.79281616210937,18.5225830078125,34.25
1972-03-18 07:51:35,26.44546699523925,93.13253021240234,167.1223907470703,84.6212158203125,87.5999984741211,60.82175827026367,99.99276733398438,9.403349876403809,38.69488204182015,193640.0,21.21528625488281,25.648727416992188,23.66319274902344,19.14814758300781,34.25
1972-03-18 07:51:36,26.38799285888672,93.25301361083984,167.5130157470703,84.6212158203125,87.30000305175781,60.82175827026367,99.99276733398438,9.400869369506836,40.7379164357291,193640.0,23.173614501953125,22.4664306640625,21.32406616210937,21.487274169921875,34.25
1972-03-18 07:51:37,26.277029037475582,93.01204681396484,168.14779663085938,84.54545593261719,88.70000457763672,60.82175827026367,99.98915100097656,9.396920204162598,37.73657219553754,193640.0,19.692138671875,23.309600830078125,24.12557983398437,23.309600830078125,34.25
1972-03-18 07:51:38,26.24386405944824,92.9518051147461,167.2444610595703,84.54545593261719,86.29999542236328,60.82175827026367,99.99276733398438,9.391478538513184,41.39087106121274,193640.0,20.698516845703125,26.27430725097656,22.412033081054688,18.604171752929688,34.25
1972-03-18 07:51:39,26.28436851501465,92.89157104492188,168.42447662353516,84.54545593261719,87.30000305175781,60.82175827026367,99.98915100097656,9.386756896972656,40.447172357562046,193640.0,19.90972900390625,23.092010498046875,24.370361328125,21.568878173828125,34.25
1972-03-18 07:51:40,26.33685111999512,92.89157104492188,167.34212493896484,84.6212158203125,87.30000305175781,60.82175827026367,99.99276733398438,9.38125991821289,39.87077826448905,193640.0,22.46644592285156,25.05035400390625,18.93055725097656,19.09375,34.25
1972-03-18 07:51:41,26.377286911010746,92.9518051147461,168.17221069335938,84.6212158203125,87.4000015258789,60.82175827026367,99.98915100097656,9.374273300170898,40.76831205061429,193640.0,16.15625,23.52719116210937,24.96875,22.140045166015625,34.25
1972-03-18 07:51:42,26.346853256225582,93.13253021240234,166.92708587646484,84.6212158203125,86.79999542236328,60.82175827026367,99.98915100097656,9.371621131896973,40.515763639768785,193640.0,21.623275756835938,20.9976806640625,20.78009033203125,21.269683837890625,34.25
1972-03-18 07:51:43,26.322593688964844,93.13253021240234,167.96875,84.6212158203125,87.5,60.82175827026367,99.99276733398438,9.36896800994873,38.85931733501828,193640.0,19.90972900390625,24.99594116210937,22.493621826171875,20.94329833984375,34.25
1972-03-18 07:51:44,26.33376693725586,93.01204681396484,167.22005462646484,84.6212158203125,86.4000015258789,60.82175827026367,99.99276733398438,9.364863395690918,41.58860992644178,193640.0,17.951400756835938,21.432861328125,20.9976806640625,21.05209350585937,34.25
1972-03-18 07:51:45,26.40812110900879,92.89157104492188,167.7571563720703,84.6212158203125,86.9000015258789,60.82175827026367,99.98915100097656,9.356322288513184,40.10097258588934,193640.0,22.3304443359375,23.635986328125,21.35127258300781,24.3975830078125,34.25
1972-03-18 07:51:46,26.45402908325196,92.89157104492188,168.1559295654297,84.54545593261719,87.5999984741211,60.82175827026367,99.98915100097656,9.3506441116333,38.759248222542496,193640.0,23.472808837890625,26.763885498046875,20.58969116210937,18.549774169921875,34.25
1972-03-18 07:51:47,26.499717712402344,93.01204681396484,168.4000701904297,84.54545593261719,87.5999984741211,60.82175827026367,99.99276733398438,9.334678649902344,37.377884337722634,193640.0,22.46644592285156,22.738433837890625,21.65045166015625,23.173614501953125,34.25
1972-03-18 07:51:48,26.50008010864257,93.13253021240234,167.03287506103516,84.6212158203125,87.0999984741211,60.82175827026367,99.99276733398438,9.325888633728027,39.09700673846242,193640.0,23.74481201171875,23.33680725097656,17.84259033203125,20.236114501953125,34.25
1972-03-18 07:51:49,26.46527099609375,93.13253021240234,169.20572662353516,84.6212158203125,87.69999694824219,60.82175827026367,99.99276733398438,9.31847858428955,37.883160903767696,193640.0,17.625,23.228012084960938,25.2679443359375,23.445602416992188,34.25
1972-03-18 07:51:50,26.454923629760746,93.01204681396484,167.1630859375,84.6212158203125,86.29999542236328,60.82175827026367,99.98915100097656,9.312482833862305,40.55789045118171,193640.0,20.45370483398437,24.28877258300781,19.85531616210937,16.999420166015625,34.25
1972-03-18 07:51:51,26.497827529907227,92.89157104492188,167.236328125,84.6212158203125,88.5999984741211,60.82175827026367,99.98915100097656,9.310830116271973,37.181894423124774,193640.0,21.4600830078125,24.72396850585937,21.21527099609375,21.92245483398437,34.25
1972-03-18 07:51:52,26.542131423950195,92.9518051147461,167.24446868896484,84.6212158203125,86.9000015258789,60.82175827026367,99.98915100097656,9.306291580200195,39.49009569823942,193640.0,22.41204833984375,27.117477416992188,22.05844116210937,20.64410400390625,34.25
1972-03-18 07:51:53,26.570293426513672,93.01204681396484,167.12239837646484,84.6212158203125,87.19999694824219,60.82175827026367,99.98915100097656,9.303186416625977,39.7201056732694,193640.0,17.244232177734375,21.650466918945312,20.807281494140625,21.568878173828125,34.25
1972-03-18 07:51:54,26.48286437988281,93.0722885131836,167.9931640625,84.54545593261719,88.4000015258789,60.82175827026367,99.98915100097656,9.29934024810791,36.59237483010013,193640.0,21.02490234375,24.31597900390625,21.13368225097656,19.01214599609375,34.25
1972-03-18 07:51:55,26.34197235107422,93.0722885131836,167.5699920654297,84.6212158203125,87.9000015258789,60.82175827026367,99.99276733398438,9.289645195007324,38.97407199303732,193640.0,19.74653625488281,22.52084350585937,22.711227416992188,21.07928466796875,34.25
1972-03-18 07:51:56,26.280441284179688,93.01204681396484,166.6748046875,84.6212158203125,87.0999984741211,60.81814193725586,99.99276733398438,9.27912712097168,36.88843547783071,193640.0,23.472808837890625,21.51446533203125,18.84896850585937,17.244216918945312,34.25
1972-03-18 07:51:57,26.347288131713867,92.89157104492188,169.0348358154297,84.6212158203125,87.19999694824219,60.82175827026367,99.98915100097656,9.26925277709961,40.51307356021801,193640.0,18.196197509765625,23.635986328125,21.81365966796875,19.773727416992188,34.25
1972-03-18 07:51:58,26.38870620727539,92.89157104492188,166.796875,84.6212158203125,86.79999542236328,60.82175827026367,99.99276733398438,9.265151977539062,39.23930874701362,193640.0,22.41204833984375,24.207183837890625,19.936920166015625,21.759262084960938,34.25
1972-03-18 07:51:59,26.378662109375,93.01204681396484,166.60970306396484,84.6212158203125,87.9000015258789,60.82175827026367,99.99276733398438,9.255163192749023,37.19922420914047,193640.0,19.44735717773437,22.11285400390625,18.957763671875,18.032989501953125,34.25
1972-03-18 07:52:00,26.294818878173828,93.13253021240234,167.236328125,84.6212158203125,87.30000305175781,60.82175827026367,99.98915100097656,9.24440574645996,39.159752410732644,193640.0,21.02490234375,26.383102416992188,21.51446533203125,21.21527099609375,34.25
1972-03-18 07:52:01,26.184558868408203,93.01204681396484,168.07454681396484,84.6212158203125,86.69999694824219,60.82175827026367,99.98915100097656,9.240124702453612,40.78619955201865,193640.0,21.106491088867188,21.18807983398437,23.58160400390625,22.65682983398437,34.25
1972-03-18 07:52:02,26.150909423828125,92.89157104492188,167.3421173095703,84.6212158203125,87.69999694824219,60.82175827026367,99.98915100097656,9.236567497253418,38.77833937050786,193640.0,20.18173217773437,28.39584350585937,20.671295166015625,19.71932983398437,34.25
1972-03-18 07:52:03,26.206010818481445,92.89157104492188,168.5791015625,84.6212158203125,87.0,60.82175827026367,99.98915100097656,9.226414680480955,41.328624184713604,193640.0,21.18807983398437,22.629638671875,25.567138671875,23.5,34.25
1972-03-18 07:52:04,26.267269134521484,93.0722885131836,165.771484375,84.54545593261719,86.0999984741211,60.82175827026367,99.98915100097656,9.216890335083008,41.336973720001154,193640.0,22.27606201171875,22.575225830078125,20.04571533203125,19.74652099609375,34.25
1972-03-18 07:52:05,26.33399200439453,93.0722885131836,167.96875,84.6212158203125,86.5999984741211,60.82175827026367,99.98915100097656,9.19929027557373,38.76710725800914,193640.0,17.325820922851562,24.31597900390625,23.364013671875,20.671295166015625,34.25
1972-03-18 07:52:06,26.376264572143555,93.0722885131836,166.15396881103516,84.6212158203125,87.0,60.82175827026367,99.98915100097656,9.185133934020996,40.211985760978266,193640.0,19.44735717773437,25.59432983398437,16.917816162109375,18.468170166015625,34.25
1972-03-18 07:52:07,26.384519577026367,92.9518051147461,167.93619537353516,84.6212158203125,87.19999694824219,60.81814193725586,99.98915100097656,9.179672241210938,38.04429958403356,193640.0,18.25057983398437,20.20892333984375,23.826385498046875,20.372100830078125,34.25
1972-03-18 07:52:08,26.412784576416016,92.89157104492188,166.8701171875,84.6212158203125,86.69999694824219,60.81814193725586,99.99276733398438,9.16539478302002,38.57466811227633,193640.0,20.399322509765625,24.07118225097656,19.90972900390625,21.269683837890625,34.25
1972-03-18 07:52:09,26.519006729125977,92.9518051147461,167.14681243896484,84.6212158203125,86.5999984741211,60.82175827026367,99.98915100097656,9.155370712280272,40.69152536570213,193640.0,19.311355590820312,24.26156616210937,19.66493225097656,22.98321533203125,34.25
1972-03-18 07:52:10,26.64035987854004,93.13253021240234,167.6025390625,84.6212158203125,85.5999984741211,60.82175827026367,99.98915100097656,9.146748542785645,41.54640797908188,193640.0,21.704864501953125,21.106475830078125,22.65682983398437,21.35127258300781,34.25
1972-03-18 07:52:11,26.77237129211425,93.13253021240234,167.54557037353516,84.6212158203125,86.69999694824219,60.82175827026367,99.99276733398438,9.142468452453612,39.81631045437257,193640.0,17.217025756835938,22.901611328125,22.303237915039062,24.914352416992188,34.25
1972-03-18 07:52:12,26.774959564208984,92.9518051147461,165.65755462646484,84.6212158203125,87.0,60.82175827026367,99.98915100097656,9.138188362121582,38.9286840734902,193640.0,25.023162841796875,23.28240966796875,20.39930725097656,14.17071533203125,34.25
1972-03-18 07:52:13,26.715124130249023,92.83132934570312,166.9759063720703,84.6212158203125,87.0,60.82175827026367,99.98915100097656,9.13390827178955,37.65871576453625,193640.0,18.08740234375,20.752899169921875,25.104736328125,22.68402099609375,34.25
1972-03-18 07:52:14,26.664400100708008,92.89157104492188,167.30956268310547,84.6212158203125,87.4000015258789,60.82175827026367,99.98915100097656,9.129627227783203,39.7157787025231,193640.0,22.167266845703125,24.80555725097656,21.32406616210937,19.5289306640625,34.25
1972-03-18 07:52:15,26.658035278320312,93.01204681396484,167.8466796875,84.54545593261719,87.19999694824219,60.82175827026367,99.99276733398438,9.125347137451172,38.950349901921,193640.0,20.45370483398437,20.018524169921875,23.037612915039062,20.508102416992188,34.25
1972-03-18 07:52:16,26.67612648010254,93.13253021240234,167.70833587646484,84.6212158203125,88.0999984741211,60.82175827026367,99.99276733398438,9.12106704711914,37.0916301640222,193640.0,20.99769592285156,23.9351806640625,24.207183837890625,19.338546752929688,34.25
1972-03-18 07:52:17,26.675928115844727,93.0722885131836,165.966796875,84.6212158203125,86.19999694824219,60.82175827026367,99.98915100097656,9.11459255218506,39.64381133557021,193640.0,20.671295166015625,21.759262084960938,16.645843505859375,21.94964599609375,34.25
1972-03-18 07:52:18,26.58780670166016,92.89157104492188,166.8619842529297,84.6212158203125,87.9000015258789,60.82175827026367,99.98915100097656,9.10515594482422,39.225232910855546,193640.0,19.90972900390625,26.1383056640625,22.08564758300781,18.44097900390625,34.25
1972-03-18 07:52:19,26.42510414123535,92.89157104492188,167.10611724853516,84.6212158203125,86.79999542236328,60.82175827026367,99.99276733398438,9.100785255432127,39.527751723012926,193640.0,20.48091125488281,21.92245483398437,22.276031494140625,21.35127258300781,34.25
1972-03-18 07:52:20,26.28825569152832,93.01204681396484,167.02474212646484,84.6212158203125,87.0,60.82175827026367,99.99276733398438,9.09641456604004,40.39456454459991,193640.0,22.38485717773437,24.560760498046875,19.039352416992188,17.679397583007812,34.25
1972-03-18 07:52:21,26.20442771911621,93.1927719116211,166.89453125,84.6212158203125,87.19999694824219,60.82175827026367,99.99276733398438,9.089850425720217,38.70452992273559,193640.0,17.217025756835938,21.51446533203125,20.58969116210937,20.970489501953125,34.25
1972-03-18 07:52:22,26.17740249633789,93.13253021240234,166.2109375,84.6212158203125,87.0,60.82175827026367,99.99276733398438,9.080323219299316,37.906005159532974,193640.0,22.05845642089844,28.85821533203125,17.516204833984375,20.58969116210937,34.25
1972-03-18 07:52:23,26.19334602355957,92.9518051147461,166.69921875,84.54545593261719,87.19999694824219,60.82175827026367,99.98915100097656,9.075861930847168,38.166586894482336,193640.0,20.29052734375,23.25521850585937,23.39120483398437,21.18807983398437,34.25
1972-03-18 07:52:24,26.17000389099121,92.77108001708984,167.97689056396484,84.54545593261719,87.4000015258789,60.81814193725586,99.99276733398438,9.07140064239502,39.40287577404489,193640.0,22.52084350585937,28.368637084960938,21.37847900390625,22.004058837890625,34.25
1972-03-18 07:52:25,26.10198402404785,92.9518051147461,167.236328125,84.6212158203125,87.19999694824219,60.82175827026367,99.99276733398438,9.066939353942873,40.08269123534696,193640.0,22.765625,25.62152099609375,23.092010498046875,19.501739501953125,34.25
1972-03-18 07:52:26,26.085918426513672,93.13253021240234,166.943359375,84.6212158203125,86.5999984741211,60.82175827026367,99.99276733398438,9.062478065490724,40.265623000681316,193640.0,20.94329833984375,23.41839599609375,23.52719116210937,20.154510498046875,34.25
1972-03-18 07:52:27,26.134016036987305,93.0722885131836,167.8873748779297,84.6212158203125,87.4000015258789,60.82175827026367,99.99276733398438,9.05801773071289,40.595796989742404,193640.0,22.248855590820312,19.556137084960938,24.28877258300781,24.88714599609375,34.25
1972-03-18 07:52:28,26.2700138092041,92.9518051147461,167.0654296875,84.6212158203125,87.5,60.82175827026367,99.99276733398438,9.053556442260742,38.25657042051606,193640.0,22.52084350585937,26.791091918945312,21.46006774902344,18.27777099609375,34.25
1972-03-18 07:52:29,26.39981842041016,92.83132934570312,167.529296875,84.6212158203125,87.19999694824219,60.82175827026367,99.99276733398438,9.049095153808594,38.790772241644234,193640.0,18.06019592285156,19.5289306640625,26.05670166015625,22.1944580078125,34.25
1972-03-18 07:52:30,26.47783851623535,92.89157104492188,165.82032012939453,84.6212158203125,86.9000015258789,60.82175827026367,99.99276733398438,9.044633865356444,38.24474692539187,193640.0,21.94966125488281,26.21990966796875,18.25057983398437,19.01214599609375,34.25
1972-03-18 07:52:31,26.50233459472656,93.13253021240234,166.9352264404297,84.6212158203125,87.0999984741211,60.82175827026367,99.98915100097656,9.040172576904297,40.91841354815049,193640.0,19.12095642089844,24.12557983398437,23.71759033203125,19.47454833984375,34.25
1972-03-18 07:52:32,26.52186584472656,93.13253021240234,168.5791015625,84.6212158203125,88.20000457763672,60.81814193725586,99.98915100097656,9.035711288452148,37.11877976246982,193640.0,19.284149169921875,22.05844116210937,24.043975830078125,22.384841918945312,34.25
1972-03-18 07:52:33,26.55681228637696,93.01204681396484,167.1549530029297,84.6212158203125,86.5,60.82175827026367,99.98915100097656,9.031250953674316,38.4738745902766,193640.0,17.761016845703125,23.28240966796875,19.12094116210937,22.3304443359375,34.25
1972-03-18 07:52:34,26.60655403137207,92.89157104492188,166.42252349853516,84.6212158203125,86.79999542236328,60.82175827026367,99.99276733398438,9.026789665222168,39.76984130682275,193640.0,20.94329833984375,23.88079833984375,23.52719116210937,15.5850830078125,34.25
1972-03-18 07:52:35,26.634401321411133,92.89157104492188,167.0817108154297,84.6212158203125,87.19999694824219,60.82175827026367,99.98915100097656,9.02232837677002,36.8226787596792,193640.0,22.303253173828125,22.711227416992188,20.888885498046875,22.03125,34.25
1972-03-18 07:52:36,26.599342346191406,93.01204681396484,167.17122650146484,84.6212158203125,86.79999542236328,60.82175827026367,99.99276733398438,9.013479232788086,39.23403660306864,193640.0,22.303253173828125,25.975128173828125,22.4664306640625,17.54339599609375,34.25
1972-03-18 07:52:37,26.47515296936035,93.13253021240234,166.650390625,84.54545593261719,86.5,60.82175827026367,99.99276733398438,8.998705863952637,38.14337559493985,193640.0,17.1898193359375,19.964111328125,20.8616943359375,23.962387084960938,34.25
1972-03-18 07:52:38,26.367572784423828,93.0722885131836,167.34212493896484,84.6212158203125,87.19999694824219,60.82175827026367,99.99276733398438,8.994063377380371,38.606515008967605,193640.0,22.71124267578125,25.675933837890625,20.970489501953125,17.434600830078125,34.25
1972-03-18 07:52:39,26.32757377624512,92.89157104492188,167.94434356689453,84.6212158203125,88.30000305175781,60.82175827026367,99.99276733398438,8.989421844482422,37.13888654040492,193640.0,18.06019592285156,21.704864501953125,25.2679443359375,23.6632080078125,34.25
1972-03-18 07:52:40,26.34854316711425,92.83132934570312,167.09798431396484,84.6212158203125,88.30000305175781,60.82175827026367,99.99276733398438,8.984779357910156,36.72033646476731,193640.0,24.3975830078125,25.376739501953125,23.39120483398437,20.372100830078125,34.25
1972-03-18 07:52:41,26.35368537902832,92.89157104492188,166.3411407470703,84.6212158203125,87.4000015258789,60.82175827026367,99.99276733398438,8.980137825012207,38.764582355215026,193640.0,20.8616943359375,22.357635498046875,21.94964599609375,22.41204833984375,34.25
1972-03-18 07:52:42,26.289257049560547,93.13253021240234,166.69107818603516,84.6212158203125,87.4000015258789,60.82175827026367,99.99276733398438,8.975496292114258,38.72967600565967,193640.0,21.568878173828125,26.21990966796875,24.45196533203125,19.066558837890625,34.25
1972-03-18 07:52:43,26.17382049560547,93.25301361083984,166.7561798095703,84.6212158203125,87.30000305175781,60.82175827026367,99.98915100097656,8.970853805541992,37.08258743592696,193640.0,22.27606201171875,19.338531494140625,22.711227416992188,21.160888671875,34.25
1972-03-18 07:52:44,26.13640785217285,93.13253021240234,166.47949981689453,84.6212158203125,87.30000305175781,60.82175827026367,99.98915100097656,8.966212272644043,41.21591285998947,193640.0,20.535308837890625,25.512725830078125,21.976852416992188,20.181716918945312,34.25
1972-03-18 07:52:45,26.13986587524414,92.89157104492188,167.64322662353516,84.6212158203125,87.80000305175781,60.82175827026367,99.99276733398438,8.961569786071777,38.73257886387108,193640.0,20.100128173828125,19.284149169921875,22.765625,24.234375,34.25
1972-03-18 07:52:46,26.22918510437012,92.77108001708984,166.552734375,84.6212158203125,87.5999984741211,60.82175827026367,99.98915100097656,8.956928253173828,37.496395449941375,193640.0,22.79283142089844,26.627899169921875,19.692138671875,18.38656616210937,34.25
1972-03-18 07:52:47,26.302913665771484,92.9518051147461,167.5699920654297,84.6212158203125,87.4000015258789,60.82175827026367,99.98915100097656,8.952285766601562,38.741466430539376,193640.0,18.957763671875,21.840850830078125,23.635986328125,22.167236328125,34.25
1972-03-18 07:52:48,26.41728973388672,93.13253021240234,167.04102325439453,84.6212158203125,87.30000305175781,60.82175827026367,99.98915100097656,8.947644233703613,38.76003958912564,193640.0,18.06019592285156,23.88079833984375,22.05844116210937,20.916091918945312,34.25
1972-03-18 07:52:49,26.4309024810791,93.1927719116211,166.7724609375,84.6212158203125,87.4000015258789,60.82175827026367,99.99276733398438,8.943002700805664,38.444584105032654,193640.0,20.970489501953125,23.092010498046875,20.372100830078125,21.78646850585937,34.25
1972-03-18 07:52:50,26.4069881439209,93.01204681396484,167.22005462646484,84.6212158203125,86.9000015258789,60.82175827026367,99.99276733398438,8.938360214233398,40.64410831826698,193640.0,18.631378173828125,25.18634033203125,22.738433837890625,20.698486328125,34.25
1972-03-18 07:52:51,26.423171997070312,92.89157104492188,167.4560546875,84.54545593261719,87.30000305175781,60.82175827026367,99.99276733398438,8.931516647338867,39.14374889196492,193640.0,22.11285400390625,19.637725830078125,23.146408081054688,23.092010498046875,34.25
1972-03-18 07:52:52,26.50102996826172,92.89157104492188,166.73990631103516,84.54545593261719,87.30000305175781,60.82175827026367,99.99276733398438,8.92172622680664,38.74649183844852,193640.0,21.296875,27.498260498046875,22.167236328125,18.98495483398437,34.25
1972-03-18 07:52:53,26.554563522338867,93.01204681396484,168.4326171875,84.54545593261719,87.5999984741211,60.82175827026367,99.99276733398438,8.911138534545898,39.12997428071735,193640.0,20.834503173828125,24.506378173828125,24.28877258300781,25.159149169921875,34.25
1972-03-18 07:52:54,26.5686092376709,93.0722885131836,166.69107818603516,84.6212158203125,88.4000015258789,60.82175827026367,99.99276733398438,8.904866218566895,35.956539321328826,193640.0,22.03125,27.33506774902344,21.86805725097656,16.727432250976562,34.25
1972-03-18 07:52:55,26.49411392211914,93.01204681396484,167.7978515625,84.6212158203125,87.9000015258789,60.81814193725586,99.98915100097656,8.900043487548828,36.5151231636251,193640.0,19.2569580078125,20.31771850585937,24.832763671875,20.181716918945312,34.25
1972-03-18 07:52:56,26.39330291748047,93.01204681396484,166.89452362060547,84.6212158203125,86.9000015258789,60.82175827026367,99.99276733398438,8.895220756530762,39.159773465112536,193640.0,20.64410400390625,24.31597900390625,23.472808837890625,18.903350830078125,34.25
1972-03-18 07:52:57,26.362060546875,92.89157104492188,166.7724609375,84.6212158203125,87.0,60.81814193725586,99.99276733398438,8.890398025512695,39.68883417145926,193640.0,20.80731201171875,22.738433837890625,22.221649169921875,22.54803466796875,34.25
1972-03-18 07:52:58,26.40594482421875,92.9518051147461,167.5699920654297,84.6212158203125,87.30000305175781,60.82175827026367,99.99276733398438,8.885575294494629,39.5965457313902,193640.0,19.90972900390625,26.682281494140625,22.140045166015625,21.18807983398437,34.25
1972-03-18 07:52:59,26.42848777770996,93.01204681396484,166.25162506103516,84.6212158203125,87.30000305175781,60.82175827026367,99.98915100097656,8.880752563476562,38.82688503630052,193640.0,18.413787841796875,19.03936767578125,20.78009033203125,22.24884033203125,34.25
1972-03-18 07:53:00,26.42806625366211,93.13253021240234,167.6513671875,84.54545593261719,87.0,60.82175827026367,99.99276733398438,8.86934757232666,40.279676597393255,193640.0,20.64410400390625,24.72396850585937,24.506362915039062,16.97222900390625,34.25
1972-03-18 07:53:01,26.349306106567383,93.0722885131836,166.41439056396484,84.54545593261719,87.5,60.81814193725586,99.98915100097656,8.857831954956055,38.65691005003755,193640.0,14.46990966796875,23.445602416992188,20.671295166015625,24.560760498046875,34.25
1972-03-18 07:53:02,26.301389694213867,92.89157104492188,166.14583587646484,84.54545593261719,87.5999984741211,60.81814193725586,99.98915100097656,8.846272468566895,36.527643237033274,193640.0,23.52720642089844,22.765625,21.242477416992188,16.80902099609375,34.25
1972-03-18 07:53:03,26.284862518310547,92.83132934570312,166.75618743896484,84.6212158203125,87.30000305175781,60.82175827026367,99.99276733398438,8.839003562927246,38.57638628362078,193640.0,20.018524169921875,20.58969116210937,23.608795166015625,24.6695556640625,34.25
1972-03-18 07:53:04,26.34507751464844,93.01204681396484,165.7552032470703,84.6212158203125,86.4000015258789,60.82175827026367,99.99276733398438,8.83390998840332,40.6304005789577,193640.0,22.439239501953125,27.4710693359375,19.09375,17.162628173828125,34.25
1972-03-18 07:53:05,26.392452239990234,93.13253021240234,166.7561798095703,84.6212158203125,86.5999984741211,60.82175827026367,99.99276733398438,8.828815460205078,41.27065804857412,193640.0,22.03125,22.276031494140625,22.738433837890625,21.81365966796875,34.25
1972-03-18 07:53:06,26.40481948852539,93.1927719116211,165.87728118896484,84.6212158203125,86.5999984741211,60.82175827026367,99.99276733398438,8.823721885681152,40.70099691340412,193640.0,21.351287841796875,27.79745483398437,20.5625,17.760986328125,34.25
1972-03-18 07:53:07,26.34251976013184,93.01204681396484,166.17024993896484,84.6212158203125,86.9000015258789,60.82175827026367,99.99276733398438,8.818628311157227,39.8621800907924,193640.0,21.5960693359375,19.01214599609375,22.4664306640625,20.072921752929688,34.25
1972-03-18 07:53:08,26.287691116333008,92.83132934570312,166.73990631103516,84.54545593261719,87.0,60.82175827026367,99.99276733398438,8.813533782958984,40.079929352973274,193640.0,21.94966125488281,28.259841918945312,24.88714599609375,18.903350830078125,34.25
1972-03-18 07:53:09,26.29420280456543,92.89157104492188,166.5283203125,84.54545593261719,87.19999694824219,60.82175827026367,99.99276733398438,8.808440208435059,40.387194879344484,193640.0,21.92245483398437,21.92245483398437,24.179977416992188,17.869796752929688,34.25
1972-03-18 07:53:10,26.389577865600582,93.01204681396484,165.86100006103516,84.54545593261719,87.80000305175781,60.82175827026367,99.99276733398438,8.803345680236816,35.87221412603982,193640.0,23.44561767578125,24.043975830078125,19.09375,19.14814758300781,34.25
1972-03-18 07:53:11,26.49136543273925,93.0722885131836,167.58626556396484,84.6212158203125,87.4000015258789,60.82175827026367,99.99276733398438,8.79605770111084,40.32923086116781,193640.0,21.75927734375,23.58160400390625,26.165496826171875,22.60243225097656,34.25
1972-03-18 07:53:12,26.54722213745117,93.01204681396484,166.30859375,84.6212158203125,87.19999694824219,60.82175827026367,99.99276733398438,8.789461135864258,39.91900988548245,193640.0,21.623275756835938,27.4710693359375,22.956024169921875,19.47454833984375,34.25
1972-03-18 07:53:13,26.50718879699707,92.9518051147461,167.26888275146484,84.6212158203125,86.69999694824219,60.81814193725586,99.99276733398438,8.787991523742676,40.01334177519955,193640.0,18.168991088867188,23.33680725097656,24.80555725097656,22.765625,34.25
1972-03-18 07:53:14,26.45332145690918,92.89157104492188,166.8050079345703,84.6212158203125,86.19999694824219,60.82175827026367,99.99276733398438,8.7807035446167,41.086628684551094,193640.0,20.671295166015625,26.709503173828125,21.432861328125,21.67767333984375,34.25
1972-03-18 07:53:15,26.435895919799805,92.9518051147461,165.966796875,84.54545593261719,86.4000015258789,60.81814193725586,99.99276733398438,8.770453453063965,38.19343459963955,193640.0,18.685775756835938,21.05209350585937,21.86805725097656,21.13368225097656,34.25
1972-03-18 07:53:16,26.488012313842773,93.01204681396484,166.71549224853516,84.54545593261719,87.0999984741211,60.82175827026367,99.99276733398438,8.770398139953613,38.08838160377213,193640.0,21.24249267578125,27.38946533203125,23.364013671875,20.426513671875,34.25
1972-03-18 07:53:17,26.523441314697266,93.1927719116211,166.4306640625,84.54545593261719,86.79999542236328,60.82175827026367,99.99276733398438,8.762341499328613,39.1283438811177,193640.0,18.549774169921875,21.05209350585937,21.21527099609375,21.895263671875,34.25
1972-03-18 07:53:18,26.52064514160156,93.01204681396484,165.12045288085938,84.6212158203125,88.0,60.82175827026367,99.99276733398438,8.754990577697754,36.59549514198902,193640.0,21.37847900390625,26.49189758300781,18.957763671875,18.604171752929688,34.25
1972-03-18 07:53:19,26.41847801208496,92.89157104492188,167.91178131103516,84.6212158203125,87.9000015258789,60.82175827026367,99.98915100097656,8.74980640411377,38.26629882510807,193640.0,19.77374267578125,23.472808837890625,25.512725830078125,23.364013671875,34.25
1972-03-18 07:53:20,26.33685111999512,92.89157104492188,166.30859375,84.6212158203125,87.4000015258789,60.82175827026367,99.99276733398438,8.744622230529785,40.287511782037996,193640.0,19.664947509765625,25.295135498046875,22.493621826171875,17.869796752929688,34.25
1972-03-18 07:53:21,26.283695220947266,93.0722885131836,166.41439056396484,84.6212158203125,86.5999984741211,60.82175827026367,99.99276733398438,8.739437103271484,39.72279728939134,193640.0,20.91610717773437,19.66493225097656,21.541656494140625,22.956024169921875,34.25
1972-03-18 07:53:22,26.303253173828125,93.13253021240234,167.0817108154297,84.6212158203125,87.19999694824219,60.82175827026367,99.99276733398438,8.7342529296875,39.14470576803708,193640.0,20.5625,26.410308837890625,23.41839599609375,19.3929443359375,34.25
1972-03-18 07:53:23,26.33040428161621,92.9518051147461,166.50390625,84.54545593261719,88.0999984741211,60.82175827026367,99.99276733398438,8.722487449645996,38.081147781754275,193640.0,23.554412841796875,18.98495483398437,20.290496826171875,25.2679443359375,34.25
1972-03-18 07:53:24,26.345632553100582,92.89157104492188,166.86197662353516,84.54545593261719,88.20000457763672,60.82175827026367,99.99276733398438,8.716480255126953,37.43529226257664,193640.0,19.800933837890625,24.179977416992188,24.72396850585937,19.229736328125,34.25
1972-03-18 07:53:25,26.276899337768555,92.9518051147461,165.7552032470703,84.54545593261719,87.19999694824219,60.82175827026367,99.99276733398438,8.71120548248291,39.546385071624385,193640.0,20.236114501953125,22.65682983398437,21.05209350585937,21.242477416992188,34.25
1972-03-18 07:53:26,26.21772575378418,93.0722885131836,166.23534393310547,84.6212158203125,87.0999984741211,60.82175827026367,99.99276733398438,8.705930709838867,39.58789227623394,193640.0,23.717605590820312,20.31771850585937,22.84722900390625,19.61053466796875,34.25
1972-03-18 07:53:27,26.21009826660156,93.01204681396484,165.771484375,84.6212158203125,87.0,60.82175827026367,99.99276733398438,8.700655937194824,38.63696225486915,193640.0,21.37847900390625,21.32406616210937,18.168975830078125,20.970489501953125,34.25
1972-03-18 07:53:28,26.31280899047852,92.9518051147461,166.68294525146484,84.6212158203125,86.5,60.81814193725586,99.99276733398438,8.695381164550781,39.70044369572954,193640.0,21.05209350585937,24.234375,21.432861328125,19.5289306640625,34.25
1972-03-18 07:53:29,26.414306640625,92.9518051147461,165.72266387939453,84.6212158203125,87.0999984741211,60.82175827026367,99.99276733398438,8.690106391906738,36.860819467294554,193640.0,21.07928466796875,21.32406616210937,20.834487915039062,22.03125,34.25
1972-03-18 07:53:30,26.50435256958008,92.89157104492188,166.23534393310547,84.6212158203125,88.0999984741211,60.82175827026367,99.99276733398438,8.684831619262695,37.78450758978502,193640.0,17.026641845703125,28.232635498046875,20.91607666015625,19.828125,34.25
1972-03-18 07:53:31,26.50415802001953,92.9518051147461,165.38899993896484,84.54545593261719,87.0999984741211,60.82175827026367,99.99276733398438,8.68687915802002,37.730027003819565,193640.0,24.26158142089844,21.759262084960938,20.671295166015625,20.9976806640625,34.25
1972-03-18 07:53:32,26.469633102416992,93.01204681396484,167.1142578125,84.6212158203125,87.5,60.82175827026367,99.99276733398438,8.681694984436035,38.91858289886567,193640.0,19.85533142089844,23.7991943359375,26.083908081054688,21.32406616210937,34.25
1972-03-18 07:53:33,26.470516204833984,93.13253021240234,166.53646087646484,84.6212158203125,87.19999694824219,60.82175827026367,99.99276733398438,8.67651081085205,38.77038665173099,193640.0,25.023162841796875,27.117477416992188,23.55439758300781,17.978591918945312,34.25
1972-03-18 07:53:34,26.537458419799805,93.13253021240234,166.552734375,84.6212158203125,88.0999984741211,60.82175827026367,99.99276733398438,8.671326637268066,37.144315955608135,193640.0,22.9288330078125,23.853591918945312,21.895263671875,18.468170166015625,34.25
1972-03-18 07:53:35,26.573013305664062,92.9518051147461,167.2688751220703,84.54545593261719,87.0,60.82175827026367,99.99276733398438,8.666141510009766,40.104675366884315,193640.0,23.52720642089844,24.587966918945312,24.043975830078125,22.140045166015625,34.25
1972-03-18 07:53:36,26.5703125,92.77108001708984,167.00846099853516,84.6212158203125,87.80000305175781,60.82175827026367,99.99276733398438,8.660957336425781,38.83891671911754,193640.0,19.71932983398437,27.55267333984375,22.956024169921875,19.66493225097656,34.25
1972-03-18 07:53:37,26.48721504211425,92.89157104492188,166.4632110595703,84.6212158203125,86.19999694824219,60.82175827026367,99.98915100097656,8.658700942993164,40.04458782787758,193640.0,21.92245483398437,22.303253173828125,22.3304443359375,23.71759033203125,34.25
1972-03-18 07:53:38,26.401094436645508,93.13253021240234,165.84473419189453,84.54545593261719,87.5,60.82175827026367,99.99276733398438,8.657947540283203,39.27230903951133,193640.0,22.357650756835938,30.299774169921875,20.2633056640625,18.38656616210937,34.25
1972-03-18 07:53:39,26.342851638793945,93.1927719116211,166.78873443603516,84.54545593261719,87.5999984741211,60.82175827026367,99.99276733398438,8.649918556213379,36.41684740712294,193640.0,23.96240234375,20.04571533203125,22.03125,24.479171752929688,34.25
1972-03-18 07:53:40,26.37799072265625,93.01204681396484,166.04817962646484,84.6212158203125,87.80000305175781,60.82175827026367,99.99276733398438,8.645529747009277,38.32612477063795,193640.0,20.100128173828125,25.78472900390625,24.6695556640625,19.90972900390625,34.25
1972-03-18 07:53:41,26.41586685180664,92.83132934570312,164.97396087646484,84.6212158203125,87.9000015258789,60.82175827026367,99.99276733398438,8.638933181762695,37.63271613273007,193640.0,23.309616088867188,24.28877258300781,20.535308837890625,17.815399169921875,34.25
1972-03-18 07:53:42,26.440059661865234,92.89157104492188,166.48763275146484,84.6212158203125,87.0999984741211,60.82175827026367,99.99276733398438,8.635269165039062,39.47972754120087,193640.0,21.24249267578125,25.18634033203125,22.03125,18.332183837890625,34.25
1972-03-18 07:53:43,26.380016326904297,93.13253021240234,167.20377349853516,84.6212158203125,87.19999694824219,60.82175827026367,99.99276733398438,8.632342338562012,39.46262806449929,193640.0,20.372116088867188,24.343170166015625,23.39120483398437,24.778350830078125,34.25
1972-03-18 07:53:44,26.331525802612305,93.13253021240234,167.12239837646484,84.6212158203125,87.4000015258789,60.82175827026367,99.99276733398438,8.627248764038086,39.418853465222746,193640.0,20.970489501953125,25.4039306640625,23.744781494140625,19.14814758300781,34.25
1972-03-18 07:53:45,26.29860115051269,92.9518051147461,166.7724609375,84.6212158203125,87.9000015258789,60.82175827026367,99.99276733398438,8.621428489685059,39.05663045243339,193640.0,19.33856201171875,22.84722900390625,22.4664306640625,24.6695556640625,34.25
1972-03-18 07:53:46,26.35035514831543,92.9518051147461,166.3004608154297,84.6212158203125,87.19999694824219,60.82175827026367,99.99276733398438,8.615598678588867,39.27790708405793,193640.0,18.767364501953125,26.21990966796875,20.508102416992188,19.71932983398437,34.25
1972-03-18 07:53:47,26.404539108276367,92.89157104492188,166.30859375,84.6212158203125,87.30000305175781,60.82175827026367,99.99276733398438,8.61048698425293,40.30527573678,193640.0,20.616912841796875,20.5625,18.359375,24.560760498046875,34.25
1972-03-18 07:53:48,26.4473819732666,92.9518051147461,166.51204681396484,84.6212158203125,87.0,60.82175827026367,99.99276733398438,8.606827735900879,39.56521113266256,193640.0,19.09375,26.35589599609375,23.58160400390625,20.508102416992188,34.25
1972-03-18 07:53:49,26.42198944091797,93.01204681396484,167.31771087646484,84.6212158203125,87.0,60.82175827026367,99.99276733398438,8.601733207702637,38.91828211214943,193640.0,21.296875,25.811920166015625,24.696746826171875,23.744796752929688,34.25
1972-03-18 07:53:50,26.375141143798828,93.01204681396484,166.76432037353516,84.6212158203125,87.30000305175781,60.82175827026367,99.99276733398438,8.596639633178711,38.03888193448591,193640.0,20.5625,27.38946533203125,23.962371826171875,20.100128173828125,34.25
1972-03-18 07:53:51,26.3374080657959,93.01204681396484,165.90982818603516,84.6212158203125,86.5,60.82175827026367,99.99276733398438,8.595207214355469,39.042843454488924,193640.0,21.92245483398437,19.692138671875,23.364013671875,21.895263671875,34.25
1972-03-18 07:53:52,26.36633682250977,92.9518051147461,166.162109375,84.6212158203125,86.29999542236328,60.82175827026367,99.99276733398438,8.593819618225098,40.88545290161994,193640.0,20.834503173828125,24.07118225097656,20.48089599609375,20.372100830078125,34.25
1972-03-18 07:53:53,26.418437957763672,93.01204681396484,166.56900787353516,84.6212158203125,87.19999694824219,60.82175827026367,99.99276733398438,8.593945503234863,38.64414062076967,193640.0,21.54168701171875,20.61689758300781,23.2008056640625,24.01678466796875,34.25
1972-03-18 07:53:54,26.459646224975582,93.0722885131836,165.8040313720703,84.6212158203125,87.9000015258789,60.81814193725586,99.99276733398438,8.594861030578613,37.7610995874925,193640.0,22.27606201171875,26.056716918945312,20.91607666015625,20.752899169921875,34.25
1972-03-18 07:53:55,26.441381454467773,93.0722885131836,165.47037506103516,84.6212158203125,87.80000305175781,60.82175827026367,99.99276733398438,8.59658145904541,36.14813972171333,193640.0,24.941558837890625,23.092010498046875,20.34490966796875,21.269683837890625,34.25
1972-03-18 07:53:56,26.378171920776367,93.01204681396484,166.1865234375,84.6212158203125,86.5,60.82175827026367,99.99276733398438,8.596190452575684,41.17700084289249,193640.0,18.495391845703125,27.770263671875,24.12557983398437,20.04571533203125,34.25
1972-03-18 07:53:57,26.34076499938965,92.83132934570312,166.7236328125,84.6212158203125,87.4000015258789,60.82175827026367,99.98915100097656,8.592933654785156,39.705998350343414,193640.0,23.772003173828125,24.12557983398437,22.276031494140625,20.9976806640625,34.25
1972-03-18 07:53:58,26.381929397583008,92.9518051147461,166.9921875,84.6212158203125,87.69999694824219,60.82175827026367,99.99276733398438,8.59846305847168,39.747703269779215,193640.0,20.616912841796875,25.893524169921875,24.88714599609375,22.221649169921875,34.25
1972-03-18 07:53:59,26.4205379486084,93.13253021240234,165.8854217529297,84.6212158203125,86.69999694824219,60.82175827026367,99.99276733398438,8.602665901184082,38.777702032440004,193640.0,22.248855590820312,20.535308837890625,21.94964599609375,22.41204833984375,34.25
1972-03-18 07:54:00,26.46473503112793,93.0722885131836,166.56087493896484,84.6212158203125,87.0,60.82175827026367,99.99276733398438,8.59964656829834,40.32367046595484,193640.0,18.87615966796875,27.579864501953125,24.26156616210937,18.25057983398437,34.25
1972-03-18 07:54:01,26.43874931335449,92.9518051147461,166.27603912353516,84.6212158203125,86.5999984741211,60.82175827026367,99.98915100097656,8.599580764770508,39.54472680807926,193640.0,15.394683837890623,21.92245483398437,22.738433837890625,24.07118225097656,34.25
1972-03-18 07:54:02,26.37018775939941,92.89157104492188,165.44596099853516,84.6212158203125,87.30000305175781,60.82175827026367,99.99276733398438,8.598101615905762,37.97540123653465,193640.0,23.092025756835938,25.34954833984375,19.501739501953125,20.100128173828125,34.25
1972-03-18 07:54:03,26.331296920776367,92.9518051147461,166.3167266845703,84.6212158203125,87.5,60.82175827026367,99.99276733398438,8.602537155151367,39.036266596393546,193640.0,19.964141845703125,19.447341918945312,24.75115966796875,21.895263671875,34.25
1972-03-18 07:54:04,26.34119987487793,93.0722885131836,166.4876251220703,84.6212158203125,87.0,60.82175827026367,99.99276733398438,8.604130744934082,38.371748486192445,193640.0,21.296875,25.78472900390625,24.234375,19.09375,34.25
1972-03-18 07:54:05,26.39320373535156,93.0722885131836,166.38997650146484,84.6212158203125,87.4000015258789,60.82175827026367,99.99276733398438,8.605795860290527,39.50420505230661,193640.0,20.99769592285156,23.52719116210937,21.568862915039062,24.26156616210937,34.25
1972-03-18 07:54:06,26.43238067626953,93.0722885131836,167.00846099853516,84.6212158203125,86.69999694824219,60.82175827026367,99.99276733398438,8.614856719970703,40.91943862758313,193640.0,21.67767333984375,24.506378173828125,24.75115966796875,20.807296752929688,34.25
1972-03-18 07:54:07,26.412616729736328,92.83132934570312,166.68294525146484,84.6212158203125,87.30000305175781,60.82175827026367,99.99276733398438,8.624088287353516,38.341643715999155,193640.0,24.234375,23.28240966796875,22.54803466796875,24.01678466796875,34.25
1972-03-18 07:54:08,26.357452392578125,92.83132934570312,165.9912109375,84.54545593261719,86.79999542236328,60.81814193725586,99.99276733398438,8.632030487060547,38.49297035016401,193640.0,19.066558837890625,25.59432983398437,21.242477416992188,19.9913330078125,34.25
1972-03-18 07:54:09,26.32308959960937,92.9518051147461,165.95865631103516,84.54545593261719,86.79999542236328,60.81814193725586,99.99276733398438,8.630577087402344,40.278183999860886,193640.0,18.38658142089844,25.53993225097656,24.75115966796875,20.2633056640625,34.25
1972-03-18 07:54:10,26.345508575439453,93.13253021240234,166.06444549560547,84.6212158203125,86.5,60.82175827026367,99.99276733398438,8.633546829223633,39.32480003451912,193640.0,20.29052734375,22.11285400390625,18.52256774902344,22.167236328125,34.25
1972-03-18 07:54:11,26.40945816040039,93.1927719116211,166.4469451904297,84.6212158203125,87.69999694824219,60.82175827026367,99.99276733398438,8.637323379516602,37.73698531044198,193640.0,22.84722900390625,25.05035400390625,22.65682983398437,23.7991943359375,34.25
1972-03-18 07:54:12,26.462785720825195,93.13253021240234,166.0563201904297,84.6212158203125,88.0,60.82175827026367,99.99276733398438,8.647068977355957,37.09831476891401,193640.0,19.311355590820312,24.207183837890625,24.07118225097656,18.5225830078125,34.25
1972-03-18 07:54:13,26.44327163696289,92.9518051147461,165.41341400146484,84.6212158203125,87.69999694824219,60.82175827026367,99.99276733398438,8.646711349487305,38.570037990780364,193640.0,24.424774169921875,19.90972900390625,20.8616943359375,20.535308837890625,34.25
1972-03-18 07:54:14,26.390514373779297,92.83132934570312,166.0888671875,84.6212158203125,86.79999542236328,60.82175827026367,99.99276733398438,8.659567832946777,41.59328574329857,193640.0,21.4600830078125,27.579864501953125,25.159149169921875,17.679397583007812,34.25
1972-03-18 07:54:15,26.34578514099121,92.9518051147461,165.20182037353516,84.54545593261719,87.19999694824219,60.82175827026367,99.99276733398438,8.666775703430176,40.59289734527715,193640.0,21.704864501953125,23.907989501953125,21.78646850585937,20.39930725097656,34.25
1972-03-18 07:54:16,26.36481666564941,93.13253021240234,165.2425079345703,84.54545593261719,85.9000015258789,60.82175827026367,99.99276733398438,8.683634757995605,39.65643771354731,193640.0,19.77374267578125,24.12557983398437,19.229736328125,20.698486328125,34.25
1972-03-18 07:54:17,26.423067092895508,93.13253021240234,165.03092193603516,84.54545593261719,86.5999984741211,60.82175827026367,99.99276733398438,8.685342788696289,38.45114372412574,193640.0,19.58334350585937,26.383102416992188,20.2633056640625,21.759262084960938,34.25
1972-03-18 07:54:18,26.490026473999023,92.9518051147461,165.2994842529297,84.6212158203125,87.0,60.82175827026367,99.99276733398438,8.68783950805664,37.4940064743225,193640.0,19.311355590820312,26.4375,21.677658081054688,20.61689758300781,34.25
1972-03-18 07:54:19,26.48291778564453,92.89157104492188,164.9169921875,84.6212158203125,86.79999542236328,60.82175827026367,99.99276733398438,8.699923515319824,39.30503210877949,193640.0,20.99769592285156,26.247100830078125,20.018524169921875,21.81365966796875,34.22499990463257
1972-03-18 07:54:20,26.429405212402344,92.89157104492188,165.7145233154297,84.6212158203125,87.5,60.82175827026367,99.99276733398438,8.704864501953125,39.24209136138539,193640.0,20.99769592285156,25.839111328125,21.269683837890625,19.9913330078125,34.25
1972-03-18 07:54:21,26.391143798828125,93.01204681396484,165.13671875,84.6212158203125,87.19999694824219,60.81814193725586,99.99276733398438,8.704049110412598,38.623669033343546,193640.0,21.840866088867188,22.84722900390625,20.154510498046875,23.173614501953125,34.22499990463257
1972-03-18 07:54:22,26.40202522277832,93.01204681396484,165.5029296875,84.6212158203125,86.79999542236328,60.82175827026367,99.99276733398438,8.714221000671387,38.21550085914408,193640.0,21.78646850585937,24.098388671875,22.08564758300781,19.09375,34.25
1972-03-18 07:54:23,26.4595890045166,92.9518051147461,165.869140625,84.6212158203125,87.0999984741211,60.82175827026367,99.99276733398438,8.726021766662598,37.11362921244236,193640.0,21.78646850585937,23.7991943359375,19.637725830078125,22.98321533203125,34.25
1972-03-18 07:54:24,26.503921508789062,92.9518051147461,165.29134368896484,84.6212158203125,87.69999694824219,60.82175827026367,99.99276733398438,8.731389999389648,37.50192534547408,193640.0,19.936920166015625,20.535308837890625,21.65045166015625,20.290512084960938,34.25
1972-03-18 07:54:25,26.496320724487305,93.01204681396484,164.599609375,84.54545593261719,87.0,60.82175827026367,99.99276733398438,8.731734275817871,38.95331925826517,193640.0,18.495391845703125,25.567138671875,21.541656494140625,19.828125,34.25
1972-03-18 07:54:26,26.43076515197754,93.13253021240234,164.9495391845703,84.6212158203125,86.9000015258789,60.82175827026367,99.99276733398438,8.742349624633789,39.150567573139796,193640.0,22.49365234375,23.364013671875,21.5960693359375,15.884262084960938,34.25
1972-03-18 07:54:27,26.35777282714844,93.0722885131836,165.6656951904297,84.6212158203125,87.69999694824219,60.82175827026367,99.99276733398438,8.748730659484863,39.3091464081793,193640.0,22.1944580078125,22.901611328125,23.28240966796875,23.7991943359375,34.25
1972-03-18 07:54:28,26.336345672607425,92.9518051147461,165.88541412353516,84.6212158203125,87.5999984741211,60.82175827026367,99.99276733398438,8.754491806030273,39.13409637864892,193640.0,17.489013671875,24.370361328125,23.11920166015625,17.489013671875,34.22499990463257
1972-03-18 07:54:29,26.37298393249512,92.9518051147461,165.0471954345703,84.6212158203125,86.29999542236328,60.82175827026367,99.99276733398438,8.755207061767578,39.38786547141437,193640.0,22.004058837890625,22.41204833984375,21.759246826171875,21.160888671875,34.22499990463257
1972-03-18 07:54:30,26.4090518951416,93.01204681396484,166.05631256103516,84.6212158203125,87.5999984741211,60.82175827026367,99.99276733398438,8.758870124816895,37.98347978892599,193640.0,18.30499267578125,24.696762084960938,22.38482666015625,21.568878173828125,34.25
1972-03-18 07:54:31,26.392236709594727,93.01204681396484,165.6494140625,84.54545593261719,87.0,60.82175827026367,99.99276733398438,8.766975402832031,40.227223226083034,193640.0,22.54803466796875,22.874420166015625,23.66319274902344,19.3929443359375,34.25
1972-03-18 07:54:32,26.321048736572266,92.9518051147461,165.6005859375,84.54545593261719,87.5,60.82175827026367,99.99276733398438,8.774511337280273,39.37707751048746,193640.0,23.636016845703125,21.432861328125,21.541656494140625,21.840850830078125,34.25
1972-03-18 07:54:33,26.265928268432617,92.9518051147461,165.46224212646484,84.6212158203125,86.4000015258789,60.82175827026367,99.99276733398438,8.777737617492676,41.10773281448119,193640.0,20.91610717773437,22.439239501953125,20.208908081054688,19.09375,34.25
1972-03-18 07:54:34,26.26032066345215,93.0722885131836,165.7552032470703,84.6212158203125,87.5,60.82175827026367,99.99276733398438,8.786872863769531,37.47959681205023,193640.0,23.39120483398437,26.08392333984375,21.106475830078125,22.82002258300781,34.25
1972-03-18 07:54:35,26.3169059753418,93.01204681396484,166.69922637939453,84.6212158203125,87.5999984741211,60.82175827026367,99.99276733398438,8.795400619506836,38.94178075986628,193640.0,18.767364501953125,21.13368225097656,26.0023193359375,21.37847900390625,34.25
1972-03-18 07:54:36,26.37512969970703,92.9518051147461,165.87728118896484,84.6212158203125,87.0999984741211,60.82175827026367,99.99276733398438,8.805514335632324,39.13276382895083,193640.0,21.623275756835938,27.74305725097656,22.05844116210937,21.37847900390625,34.25
1972-03-18 07:54:37,26.40156555175781,92.89157104492188,165.3076171875,84.6212158203125,87.5,60.82175827026367,99.99276733398438,8.810641288757324,38.007068908419754,193640.0,19.311355590820312,23.690399169921875,22.24884033203125,20.916091918945312,34.25
1972-03-18 07:54:38,26.37568473815918,93.01204681396484,165.3401641845703,84.6212158203125,87.0999984741211,60.82175827026367,99.99276733398438,8.815834045410156,38.74667835271547,193640.0,20.34490966796875,26.056716918945312,21.677658081054688,19.74652099609375,34.25
1972-03-18 07:54:39,26.35466384887696,93.01204681396484,165.673828125,84.54545593261719,86.9000015258789,60.82175827026367,99.99276733398438,8.825501441955566,39.04055297097854,193640.0,19.637741088867188,19.99131774902344,22.221649169921875,22.439239501953125,34.25
1972-03-18 07:54:40,26.332984924316406,93.0722885131836,164.37174224853516,84.6212158203125,86.69999694824219,60.82175827026367,99.99276733398438,8.833093643188477,37.99829437316983,193640.0,21.405670166015625,25.077545166015625,19.5289306640625,18.44097900390625,34.25
1972-03-18 07:54:41,26.365747451782227,93.01204681396484,164.8518829345703,84.6212158203125,88.0,60.82175827026367,99.99276733398438,8.837850570678711,38.68316187696883,193640.0,20.91610717773437,25.240753173828125,21.21527099609375,20.181716918945312,34.25
1972-03-18 07:54:42,26.45944595336914,92.9518051147461,164.74609375,84.6212158203125,86.79999542236328,60.82175827026367,99.99276733398438,8.841217994689941,39.22767515572321,193640.0,25.73033142089844,26.301513671875,20.34490966796875,18.25057983398437,34.25
1972-03-18 07:54:43,26.512725830078125,92.9518051147461,164.990234375,84.6212158203125,87.5,60.82175827026367,99.99276733398438,8.849002838134766,37.16432575863089,193640.0,17.380218505859375,21.86805725097656,22.08564758300781,23.962387084960938,34.25
1972-03-18 07:54:44,26.5044002532959,93.01204681396484,165.29134368896484,84.6212158203125,87.30000305175781,60.82175827026367,99.99276733398438,8.857636451721191,39.32301991250825,193640.0,22.46644592285156,26.92709350585937,21.106475830078125,19.773727416992188,34.25
1972-03-18 07:54:45,26.487598419189453,93.01204681396484,164.76236724853516,84.6212158203125,86.5,60.82175827026367,99.99276733398438,8.866378784179688,39.075063890091045,193640.0,20.045730590820312,23.52719116210937,21.487274169921875,22.05844116210937,34.22499990463257
1972-03-18 07:54:46,26.47566795349121,93.0722885131836,164.02994537353516,84.54545593261719,86.79999542236328,60.82175827026367,99.99276733398438,8.870834350585938,38.09177130404243,193640.0,20.31771850585937,23.010406494140625,20.018524169921875,21.4600830078125,34.25
1972-03-18 07:54:47,26.51370048522949,93.01204681396484,165.77962493896484,84.54545593261719,87.5999984741211,60.82175827026367,99.99276733398438,8.876811981201172,38.071157266678256,193640.0,21.75927734375,25.811920166015625,21.541656494140625,18.11459350585937,34.22499990463257
1972-03-18 07:54:48,26.529386520385746,92.9518051147461,166.9677734375,84.6212158203125,87.4000015258789,60.82175827026367,99.99276733398438,8.885055541992188,39.626159219195515,193640.0,20.154525756835938,23.119216918945312,22.439239501953125,21.568878173828125,34.22499990463257
1972-03-18 07:54:49,26.470264434814453,92.9518051147461,167.15494537353516,84.6212158203125,87.0,60.82175827026367,99.99276733398438,8.896318435668945,36.6529494578558,193641.0,16.265045166015625,22.874420166015625,22.276031494140625,21.32406616210937,34.22499990463257
1972-03-18 07:54:50,26.37017250061035,92.9518051147461,167.98502349853516,84.6212158203125,87.4000015258789,60.82175827026367,99.99276733398438,8.899667739868164,38.04176118661335,193641.0,19.936920166015625,21.18807983398437,23.0648193359375,19.447341918945312,34.22499990463257
1972-03-18 07:54:51,26.36334991455078,93.01204681396484,168.82324981689453,84.6212158203125,86.69999694824219,60.82175827026367,99.99276733398438,8.905261993408203,40.71167287947291,193641.0,20.26332092285156,18.957763671875,23.309600830078125,22.84722900390625,34.22499990463257
1972-03-18 07:54:52,26.36043930053711,93.0722885131836,170.0439453125,84.6212158203125,87.69999694824219,60.82175827026367,99.99276733398438,8.912364959716797,38.43592392208017,193641.0,20.1273193359375,25.62152099609375,23.39120483398437,21.4600830078125,34.22499990463257
1972-03-18 07:54:53,26.35923957824707,93.01204681396484,168.91275787353516,84.6212158203125,86.79999542236328,60.82175827026367,99.99276733398438,8.915176391601562,39.52669312284743,193641.0,20.888900756835938,24.5335693359375,18.93055725097656,23.173614501953125,34.22499990463257
1972-03-18 07:54:54,26.354278564453125,92.9518051147461,170.29622650146484,84.6212158203125,86.0,60.82175827026367,99.99276733398438,8.917274475097656,40.05996989845723,193641.0,16.67303466796875,26.32870483398437,24.560760498046875,18.25057983398437,34.25
1972-03-18 07:54:55,26.309467315673828,92.9518051147461,170.29622650146484,84.6212158203125,85.79999542236328,60.82175827026367,99.99276733398438,8.923043251037598,43.0476693119733,193641.0,23.690399169921875,20.290512084960938,21.13368225097656,21.623260498046875,34.25
1972-03-18 07:54:56,26.249223709106445,93.01204681396484,170.29622650146484,84.6212158203125,86.79999542236328,60.82175827026367,99.99276733398438,8.92960262298584,40.13818128602407,193641.0,18.631378173828125,23.445602416992188,19.420135498046875,20.072921752929688,34.25
1972-03-18 07:54:57,26.217227935791016,93.01204681396484,171.6471405029297,84.6212158203125,86.9000015258789,60.82175827026367,99.99276733398438,8.93038558959961,38.403039916399536,193641.0,18.11459350585937,19.99131774902344,23.364013671875,20.807296752929688,34.22499990463257
1972-03-18 07:54:58,26.212541580200195,93.0722885131836,170.82520294189453,84.6212158203125,87.19999694824219,60.82175827026367,99.99276733398438,8.93483829498291,37.70978280381587,193641.0,23.554412841796875,27.25347900390625,20.1273193359375,21.7320556640625,34.25
1972-03-18 07:54:59,26.255126953125,93.01204681396484,172.02149200439453,84.6212158203125,87.19999694824219,60.82175827026367,99.99276733398438,8.93932056427002,39.630337208599514,193641.0,18.495391845703125,20.426513671875,23.010406494140625,20.426513671875,34.22499990463257
1972-03-18 07:55:00,26.36905860900879,92.9518051147461,171.45995330810547,84.6212158203125,88.0999984741211,60.82175827026367,99.98915100097656,8.940194129943848,39.18830977055231,193641.0,20.45370483398437,26.51910400390625,20.72569274902344,21.37847900390625,34.22499990463257
1972-03-18 07:55:01,26.464365005493164,92.9518051147461,171.04491424560547,84.6212158203125,86.79999542236328,60.82175827026367,99.99276733398438,8.948421478271484,38.9147112540738,193641.0,21.54168701171875,24.6695556640625,19.365737915039062,21.487274169921875,34.22499990463257
1972-03-18 07:55:02,26.49227905273437,93.01204681396484,170.9716796875,84.54545593261719,86.29999542236328,60.82175827026367,99.99276733398438,8.949385643005371,40.89612619067641,193641.0,18.549774169921875,21.242477416992188,20.48089599609375,17.978591918945312,34.22499990463257
1972-03-18 07:55:03,26.52216148376465,93.01204681396484,170.88216400146484,84.54545593261719,87.4000015258789,60.82175827026367,99.99276733398438,8.95108413696289,39.970180617379725,193641.0,23.608795166015625,24.26156616210937,20.698486328125,21.487274169921875,34.25
1972-03-18 07:55:04,26.57860565185547,93.01204681396484,171.7610626220703,84.6212158203125,87.0,60.82175827026367,99.99276733398438,8.95863151550293,39.28709571488565,193641.0,20.94329833984375,25.567138671875,23.690399169921875,22.60243225097656,34.22499990463257
1972-03-18 07:55:05,26.6798152923584,93.01204681396484,171.72037506103516,84.6212158203125,87.0999984741211,60.82175827026367,99.99276733398438,8.959686279296875,38.344368031614735,193641.0,20.752899169921875,20.39930725097656,19.85531616210937,21.7320556640625,34.22499990463257
1972-03-18 07:55:06,26.76981735229492,92.9518051147461,170.4915313720703,84.6212158203125,86.9000015258789,60.82175827026367,99.99276733398438,8.96074104309082,39.280412229515534,193641.0,21.75927734375,27.25347900390625,21.5960693359375,19.556137084960938,34.22499990463257
1972-03-18 07:55:07,26.790796279907227,92.9518051147461,170.4182891845703,84.6212158203125,87.19999694824219,60.82175827026367,99.99276733398438,8.961795806884766,38.26540675759444,193641.0,19.664947509765625,19.800933837890625,21.46006774902344,22.65682983398437,34.22499990463257
1972-03-18 07:55:08,26.745756149291992,92.9518051147461,171.02864837646484,84.54545593261719,86.5,60.82175827026367,99.99276733398438,8.970157623291016,40.118813228388504,193641.0,22.575241088867188,23.39120483398437,18.359375,18.5225830078125,34.22499990463257
1972-03-18 07:55:09,26.67181968688965,93.01204681396484,171.02051544189453,84.6212158203125,86.5,60.82175827026367,99.99276733398438,8.977914810180664,39.54259365268815,193641.0,19.882537841796875,24.479156494140625,20.64410400390625,19.58334350585937,34.25
1972-03-18 07:55:10,26.59397315979004,93.0722885131836,170.88216400146484,84.54545593261719,86.79999542236328,60.82175827026367,99.99276733398438,8.979883193969727,39.683058783821245,193641.0,18.11459350585937,20.154510498046875,18.71295166015625,20.39930725097656,34.25
1972-03-18 07:55:11,26.574790954589844,92.9518051147461,170.4020233154297,84.6212158203125,86.9000015258789,60.82175827026367,99.99276733398438,8.981119155883789,39.4232686449371,193641.0,21.67767333984375,19.66493225097656,20.943283081054688,18.359375,34.22499990463257
1972-03-18 07:55:12,26.537322998046875,92.89157104492188,170.62174224853516,84.6212158203125,86.19999694824219,60.82175827026367,99.99276733398438,8.988936424255371,41.27225929333295,193641.0,20.58970642089844,24.99594116210937,20.61689758300781,21.18807983398437,34.22499990463257
1972-03-18 07:55:13,26.439359664916992,92.9518051147461,170.34505462646484,84.6212158203125,86.0,60.82175827026367,99.99276733398438,8.99537467956543,41.35384085762358,193641.0,18.00579833984375,22.384841918945312,24.5335693359375,21.13368225097656,34.22499990463257
1972-03-18 07:55:14,26.1617488861084,93.01204681396484,170.41016387939453,84.6212158203125,87.30000305175781,60.82175827026367,99.99276733398438,8.998222351074219,40.02719029510237,193641.0,21.21528625488281,23.309600830078125,19.338531494140625,20.671295166015625,34.22499990463257
1972-03-18 07:55:15,26.038875579833984,93.0722885131836,170.32064056396484,84.6212158203125,86.9000015258789,60.82175827026367,99.99276733398438,9.024643898010254,40.77224175149632,193641.0,16.727447509765625,23.472808837890625,21.895263671875,19.90972900390625,34.22499990463257
1972-03-18 07:55:16,25.99457359313965,92.9518051147461,170.9716796875,84.6212158203125,86.9000015258789,60.82175827026367,99.99276733398438,9.026331901550291,39.97839623504703,193641.0,22.303253173828125,21.86805725097656,19.66493225097656,22.738433837890625,34.22499990463257
1972-03-18 07:55:17,25.998027801513672,92.83132934570312,170.2880859375,84.6212158203125,88.4000015258789,60.82175827026367,99.99276733398438,9.029495239257812,39.62023994211785,193641.0,19.311355590820312,25.240753173828125,21.541656494140625,19.828125,34.22499990463257
1972-03-18 07:55:18,26.01658821105957,92.9518051147461,170.99609375,84.6212158203125,87.0,60.82175827026367,99.99276733398438,9.03704833984375,39.45415432415323,193641.0,21.54168701171875,21.568878173828125,20.236114501953125,21.21527099609375,34.22499990463257
1972-03-18 07:55:19,26.007343292236328,93.13253021240234,170.8984375,84.6212158203125,87.0999984741211,60.82175827026367,99.99276733398438,9.04906940460205,40.90111825610777,193641.0,15.7210693359375,22.65682983398437,21.840850830078125,17.897003173828125,34.22499990463257
1972-03-18 07:55:20,26.006072998046875,93.1927719116211,170.7275390625,84.6212158203125,87.69999694824219,60.82175827026367,99.99276733398438,9.059046745300291,38.201451857441086,193641.0,20.91610717773437,26.21990966796875,20.1273193359375,25.648727416992188,34.22499990463257
1972-03-18 07:55:21,26.04507827758789,93.01204681396484,171.03678131103516,84.6212158203125,87.9000015258789,60.82175827026367,99.99276733398438,9.064704895019531,37.650689755829355,193641.0,23.173614501953125,28.151031494140625,20.58969116210937,21.759262084960938,34.22499990463257
1972-03-18 07:55:22,26.14976501464844,92.83132934570312,171.31346893310547,84.6212158203125,86.9000015258789,60.82175827026367,99.99276733398438,9.078472137451172,41.657513985403945,193641.0,18.495391845703125,23.962387084960938,25.104736328125,20.807296752929688,34.22499990463257
1972-03-18 07:55:23,26.3149356842041,92.89157104492188,170.2392578125,84.6212158203125,86.69999694824219,60.81814193725586,99.99276733398438,9.093852996826172,39.09831512897557,193641.0,23.6632080078125,20.290512084960938,18.52256774902344,20.20892333984375,34.22499990463257
1972-03-18 07:55:24,26.4683895111084,93.0722885131836,170.3287811279297,84.54545593261719,86.69999694824219,60.82175827026367,99.99276733398438,9.104985237121582,38.35349651536396,193641.0,19.3929443359375,24.5335693359375,21.21527099609375,19.800933837890625,34.22499990463257
1972-03-18 07:55:25,26.539051055908203,93.13253021240234,170.07649993896484,84.6212158203125,87.0999984741211,60.82175827026367,99.99276733398438,9.110384941101074,39.15343278253019,193641.0,25.62153625488281,22.629638671875,20.888885498046875,20.970489501953125,34.22499990463257
1972-03-18 07:55:26,26.55821418762207,93.01204681396484,170.67057037353516,84.6212158203125,87.5,60.82175827026367,99.99276733398438,9.12166976928711,36.012379065355,193641.0,20.372116088867188,24.99594116210937,21.92245483398437,22.901611328125,34.22499990463257
1972-03-18 07:55:27,26.567028045654297,92.9518051147461,170.6868438720703,84.6212158203125,87.69999694824219,60.82175827026367,99.99276733398438,9.13307762145996,38.742705136862725,193641.0,21.07928466796875,22.84722900390625,20.807281494140625,21.21527099609375,34.22499990463257
1972-03-18 07:55:28,26.61109161376953,92.89157104492188,170.99609375,84.6212158203125,87.30000305175781,60.81814193725586,99.99276733398438,9.14018440246582,40.032959438572995,193641.0,19.637741088867188,23.33680725097656,20.1273193359375,22.4664306640625,34.22499990463257
1972-03-18 07:55:29,26.64646339416504,92.9518051147461,169.86490631103516,84.6212158203125,87.0,60.82175827026367,99.99276733398438,9.149538040161133,39.774418108087076,193641.0,24.31597900390625,25.240753173828125,19.501739501953125,21.5960693359375,34.22499990463257
1972-03-18 07:55:30,26.65745735168457,93.0722885131836,170.54036712646484,84.6212158203125,86.5999984741211,60.82175827026367,99.99276733398438,9.156068801879885,39.58912535860108,193641.0,19.61053466796875,21.432861328125,23.826385498046875,18.304977416992188,34.22499990463257
1972-03-18 07:55:31,26.57689666748047,93.01204681396484,169.24642181396484,84.6212158203125,86.19999694824219,60.82175827026367,99.99276733398438,9.164097785949709,39.411045168246645,193641.0,20.50811767578125,22.60243225097656,19.58334350585937,19.85531616210937,34.22499990463257
1972-03-18 07:55:32,26.48538589477539,93.01204681396484,169.73470306396484,84.6212158203125,86.19999694824219,60.82175827026367,99.99276733398438,9.172189712524414,40.55713097464563,193641.0,19.47454833984375,26.546295166015625,20.58969116210937,19.85531616210937,34.22499990463257
1972-03-18 07:55:33,26.41888427734375,92.9518051147461,169.47428131103516,84.6212158203125,86.79999542236328,60.82175827026367,99.99276733398438,9.18254566192627,38.59856109664616,193641.0,19.55615234375,22.08564758300781,20.45370483398437,21.568878173828125,34.22499990463257
1972-03-18 07:55:34,26.40351676940918,92.9518051147461,169.2301483154297,84.6212158203125,86.0,60.82175827026367,99.99276733398438,9.187122344970703,41.24738289193123,193641.0,19.3929443359375,22.004058837890625,19.5289306640625,22.493637084960938,34.22499990463257
1972-03-18 07:55:35,26.37691116333008,92.9518051147461,169.27083587646484,84.6212158203125,86.5999984741211,60.82175827026367,99.99276733398438,9.19317626953125,37.74476860312942,193641.0,18.00579833984375,23.66319274902344,20.372100830078125,21.21527099609375,34.22499990463257
1972-03-18 07:55:36,26.35140991210937,93.0722885131836,169.00228118896484,84.6212158203125,86.4000015258789,60.82175827026367,99.99276733398438,9.2044038772583,40.91030425613475,193641.0,17.434616088867188,25.05035400390625,18.7945556640625,23.228012084960938,34.22499990463257
1972-03-18 07:55:37,26.31230735778809,93.13253021240234,169.17317962646484,84.6212158203125,86.69999694824219,60.82175827026367,99.99276733398438,9.21132755279541,39.42414140774921,193641.0,20.426513671875,22.98321533203125,20.2633056640625,15.693878173828123,34.22499990463257
1972-03-18 07:55:38,26.27577781677246,93.01204681396484,170.88216400146484,84.6212158203125,87.19999694824219,60.82175827026367,99.99276733398438,9.217601776123049,37.251855408743054,193641.0,17.325820922851562,23.28240966796875,25.104736328125,22.9288330078125,34.22499990463257
1972-03-18 07:55:39,26.25116729736328,92.89157104492188,168.798828125,84.6212158203125,87.0999984741211,60.82175827026367,99.99276733398438,9.232640266418455,39.66253578753503,193641.0,17.27142333984375,25.240753173828125,16.754638671875,20.181716918945312,34.22499990463257
1972-03-18 07:55:40,26.31122398376465,93.01204681396484,170.38574981689453,84.6212158203125,87.4000015258789,60.82175827026367,99.99276733398438,9.245668411254885,38.14364443513971,193641.0,16.61865234375,19.202545166015625,19.202545166015625,16.428253173828125,34.22499990463257
1972-03-18 07:55:41,26.40130615234375,93.0722885131836,170.0439453125,84.6212158203125,87.19999694824219,60.82175827026367,99.99276733398438,9.254426956176758,40.186766718528574,193641.0,19.44735717773437,26.247100830078125,18.740158081054688,21.623260498046875,34.22499990463257
1972-03-18 07:55:42,26.52932357788086,93.01204681396484,170.36947631835938,84.6212158203125,86.79999542236328,60.82175827026367,99.99276733398438,9.270556449890137,40.20692909327956,193641.0,17.978607177734375,18.74017333984375,19.420135498046875,21.13368225097656,34.22499990463257
1972-03-18 07:55:43,26.52256965637207,92.89157104492188,170.0439453125,84.6212158203125,86.9000015258789,60.82175827026367,99.99276733398438,9.28902530670166,39.27608663212629,193641.0,17.325820922851562,26.81829833984375,23.309600830078125,18.495361328125,34.22499990463257
1972-03-18 07:55:44,26.489856719970703,92.89157104492188,170.3125,84.6212158203125,86.19999694824219,60.82175827026367,99.99276733398438,9.287915229797363,39.64149456874319,193641.0,19.202545166015625,17.0538330078125,20.58969116210937,23.0648193359375,34.22499990463257
1972-03-18 07:55:45,26.447715759277344,93.0722885131836,168.2535858154297,84.54545593261719,86.29999542236328,60.82175827026367,99.99276733398438,9.299186706542969,37.5098266146073,193641.0,21.106491088867188,23.853591918945312,18.57696533203125,17.298614501953125,34.22499990463257
1972-03-18 07:55:46,26.46981239318848,93.13253021240234,170.458984375,84.6212158203125,87.0999984741211,60.82175827026367,99.99276733398438,9.301765441894531,38.82396992896211,193641.0,19.501739501953125,20.290512084960938,23.55439758300781,21.541671752929688,34.22499990463257
1972-03-18 07:55:47,26.51691246032715,93.0722885131836,170.166015625,84.6212158203125,87.5999984741211,60.82175827026367,99.99276733398438,9.310173988342283,37.50051282147188,193641.0,20.045730590820312,22.901611328125,21.78646850585937,21.242477416992188,34.22499990463257
1972-03-18 07:55:48,26.548398971557617,92.9518051147461,169.01856231689453,84.6212158203125,87.5999984741211,60.82175827026367,99.99276733398438,9.318643569946287,36.297145478840555,193641.0,19.664947509765625,24.80555725097656,18.359375,20.100128173828125,34.22499990463257
1972-03-18 07:55:49,26.492860794067383,92.83132934570312,170.3369140625,84.6212158203125,87.5,60.82175827026367,99.99276733398438,9.322772979736328,40.54858148974409,193641.0,24.91436767578125,23.309600830078125,22.493621826171875,21.160888671875,34.22499990463257
1972-03-18 07:55:50,26.393442153930664,92.89157104492188,167.68392181396484,84.6212158203125,86.5,60.82175827026367,99.99276733398438,9.329837799072266,40.170205809970035,193641.0,18.957763671875,23.119216918945312,15.884246826171877,22.03125,34.22499990463257
1972-03-18 07:55:51,26.348125457763672,93.0722885131836,170.068359375,84.6212158203125,87.5,60.82175827026367,99.99276733398438,9.339116096496582,38.81018380909926,193641.0,20.58970642089844,25.13194274902344,21.7320556640625,20.888885498046875,34.22499990463257
1972-03-18 07:55:52,26.346065521240234,93.13253021240234,169.4091796875,84.6212158203125,86.79999542236328,60.82175827026367,99.99276733398438,9.352862358093262,39.705727808865404,193641.0,20.018524169921875,22.65682983398437,20.45370483398437,22.765625,34.22499990463257
1972-03-18 07:55:53,26.383146286010746,93.01204681396484,169.49056243896484,84.6212158203125,87.19999694824219,60.82175827026367,99.99276733398438,9.361611366271973,39.502580722446126,193641.0,23.52720642089844,21.623260498046875,17.461807250976562,20.2633056640625,34.22499990463257
1972-03-18 07:55:54,26.42859649658203,92.9518051147461,169.775390625,84.6212158203125,86.19999694824219,60.82175827026367,99.99276733398438,9.366011619567873,40.82842361640958,193641.0,16.15625,22.52084350585937,23.2008056640625,20.290512084960938,34.22499990463257
1972-03-18 07:55:55,26.401100158691406,92.9518051147461,168.408203125,84.6212158203125,87.19999694824219,60.82175827026367,99.99276733398438,9.377008438110352,38.766979246888766,193641.0,23.20082092285156,24.26156616210937,16.23785400390625,22.79281616210937,34.22499990463257
1972-03-18 07:55:56,26.35012435913086,93.01204681396484,169.2708282470703,84.6212158203125,86.79999542236328,60.81814193725586,99.99276733398438,9.38076400756836,38.23146605145372,193641.0,17.026641845703125,20.807281494140625,24.58795166015625,16.727432250976562,34.22499990463257
1972-03-18 07:55:57,26.31938934326172,92.9518051147461,169.7591094970703,84.6212158203125,87.19999694824219,60.82175827026367,99.99276733398438,9.386689186096191,39.019530485674984,193641.0,22.05845642089844,24.832763671875,20.426513671875,22.1944580078125,34.22499990463257
1972-03-18 07:55:58,26.34148597717285,93.01204681396484,169.88118743896484,84.6212158203125,87.9000015258789,60.82175827026367,99.99276733398438,9.391180038452148,38.72619035119954,193641.0,19.77374267578125,23.608795166015625,21.976852416992188,18.0601806640625,34.22499990463257
1972-03-18 07:55:59,26.38652801513672,93.13253021240234,169.7102813720703,84.6212158203125,87.5,60.81814193725586,99.99276733398438,9.395670890808104,39.36730060560324,193641.0,17.244232177734375,25.431137084960938,20.58969116210937,20.5625,34.22499990463257
1972-03-18 07:56:00,26.42631149291992,93.0722885131836,170.70313262939453,84.6212158203125,87.4000015258789,60.82175827026367,99.99276733398438,9.400160789489746,39.71293117472843,193641.0,18.87615966796875,23.826385498046875,22.98321533203125,22.167236328125,34.22499990463257
1972-03-18 07:56:01,26.38863754272461,92.9518051147461,169.49869537353516,84.6212158203125,87.0999984741211,60.82175827026367,99.99276733398438,9.404651641845703,38.26821308417646,193641.0,21.868072509765625,26.7366943359375,20.508102416992188,20.61689758300781,34.22499990463257
1972-03-18 07:56:02,26.339733123779297,92.83132934570312,170.27994537353516,84.6212158203125,86.5999984741211,60.82175827026367,99.99276733398438,9.40914249420166,39.46861699023129,193641.0,18.38658142089844,22.439239501953125,24.31597900390625,20.58969116210937,34.22499990463257
1972-03-18 07:56:03,26.31601905822754,92.83132934570312,169.46614837646484,84.6212158203125,85.69999694824219,60.81814193725586,99.99276733398438,9.413633346557615,41.69695168713185,193641.0,19.936920166015625,25.240753173828125,18.57696533203125,19.66493225097656,34.22499990463257
1972-03-18 07:56:04,26.34366607666016,93.01204681396484,167.9362030029297,84.6212158203125,86.5,60.82175827026367,99.99276733398438,9.412253379821776,40.386518123661816,193641.0,17.625,24.99594116210937,20.18170166015625,21.432861328125,34.22499990463257
1972-03-18 07:56:05,26.402774810791016,93.25301361083984,168.84764862060547,84.6212158203125,86.5999984741211,60.82175827026367,99.99276733398438,9.4152193069458,38.044019291670715,193641.0,20.154525756835938,22.629638671875,21.106475830078125,19.58334350585937,34.22499990463257
1972-03-18 07:56:06,26.458955764770508,93.1927719116211,169.58008575439453,84.54545593261719,86.4000015258789,60.81814193725586,99.99276733398438,9.4196195602417,39.362916233453404,193641.0,21.868072509765625,23.092010498046875,19.61053466796875,22.439239501953125,34.22499990463257
1972-03-18 07:56:07,26.44303131103516,92.9518051147461,168.71744537353516,84.6212158203125,87.80000305175781,60.82175827026367,99.99276733398438,9.424019813537598,36.87252913422357,193641.0,16.210662841796875,22.575225830078125,21.92245483398437,17.70660400390625,34.22499990463257
1972-03-18 07:56:08,26.38410186767578,92.7108383178711,170.57291412353516,84.6212158203125,87.80000305175781,60.82175827026367,99.99276733398438,9.428420066833496,38.12514382411514,193641.0,19.44735717773437,24.696762084960938,20.48089599609375,24.914352416992188,34.22499990463257
1972-03-18 07:56:09,26.326316833496094,92.9518051147461,168.86392974853516,84.6212158203125,86.69999694824219,60.82175827026367,99.99276733398438,9.430619239807127,41.07922306074549,193641.0,24.17999267578125,23.41839599609375,18.359375,18.821762084960938,34.22499990463257
1972-03-18 07:56:10,26.311399459838867,93.0722885131836,170.4020233154297,84.6212158203125,86.5999984741211,60.82175827026367,99.99276733398438,9.437193870544434,37.44110277887582,193641.0,18.685775756835938,21.650466918945312,22.84722900390625,22.05844116210937,34.22499990463257
1972-03-18 07:56:11,26.34527015686035,93.1927719116211,168.4244842529297,84.6212158203125,86.5999984741211,60.82175827026367,99.99276733398438,9.441594123840332,40.08867063905623,193641.0,22.05845642089844,26.111114501953125,19.01214599609375,17.27142333984375,34.22499990463257
1972-03-18 07:56:12,26.372692108154297,93.01204681396484,170.12532806396484,84.6212158203125,87.19999694824219,60.82175827026367,99.99276733398438,9.44599437713623,39.5747600725138,193641.0,18.87615966796875,21.07928466796875,24.15277099609375,22.11285400390625,34.22499990463257
1972-03-18 07:56:13,26.34592628479004,92.89157104492188,170.03580474853516,84.6212158203125,87.5,60.82175827026367,99.99276733398438,9.445272445678713,38.02118432737972,193641.0,23.173614501953125,24.832763671875,20.1273193359375,21.18807983398437,34.22499990463257
1972-03-18 07:56:14,26.293519973754883,92.9518051147461,169.27896881103516,84.6212158203125,87.0999984741211,60.82175827026367,99.99276733398438,9.44740867614746,39.4912095621324,193641.0,18.06019592285156,21.405670166015625,22.140045166015625,18.332183837890625,34.22499990463257
1972-03-18 07:56:15,26.24246025085449,93.01204681396484,168.56282806396484,84.6212158203125,86.79999542236328,60.82175827026367,99.99276733398438,9.4517183303833,38.918138442358305,193641.0,17.1898193359375,25.893524169921875,20.18170166015625,21.32406616210937,34.22499990463257
1972-03-18 07:56:16,26.248477935791016,92.9518051147461,169.2545623779297,84.54545593261719,87.30000305175781,60.82175827026367,99.99276733398438,9.45602798461914,38.49559932805116,193641.0,18.767364501953125,24.39756774902344,20.58969116210937,22.276046752929688,34.22499990463257
1972-03-18 07:56:17,26.30228042602539,93.01204681396484,169.84049224853516,84.6212158203125,87.4000015258789,60.82175827026367,99.99276733398438,9.46033763885498,38.11898677081966,193641.0,22.05845642089844,25.839111328125,21.623260498046875,21.32406616210937,34.22499990463257
1972-03-18 07:56:18,26.3693790435791,93.01204681396484,169.3115234375,84.6212158203125,86.79999542236328,60.82175827026367,99.99276733398438,9.464648246765137,38.29980349578872,193641.0,18.82177734375,18.631378173828125,23.227996826171875,24.72396850585937,34.22499990463257
1972-03-18 07:56:19,26.359375,92.9518051147461,168.6116485595703,84.6212158203125,86.4000015258789,60.82175827026367,99.99276733398438,9.468957901000977,40.40257776030861,193641.0,21.704864501953125,24.179977416992188,16.564239501953125,19.338546752929688,34.22499990463257
1972-03-18 07:56:20,26.32792282104492,92.9518051147461,169.4173126220703,84.6212158203125,85.9000015258789,60.82175827026367,99.99276733398438,9.469598770141602,39.7033555611677,193641.0,17.951400756835938,19.284149169921875,25.02314758300781,22.24884033203125,34.22499990463257
1972-03-18 07:56:21,26.32090377807617,93.01204681396484,169.2545623779297,84.6212158203125,86.5,60.82175827026367,99.99276733398438,9.473878860473633,39.75380510957675,193641.0,21.106491088867188,23.608795166015625,19.85531616210937,21.269683837890625,34.22499990463257
1972-03-18 07:56:22,26.369850158691406,92.9518051147461,169.43359375,84.6212158203125,87.0,60.82175827026367,99.99276733398438,9.478869438171388,40.85212488669402,193641.0,19.664947509765625,24.45196533203125,21.18807983398437,19.773727416992188,34.22499990463257
1972-03-18 07:56:23,26.4461612701416,92.9518051147461,169.24642181396484,84.6212158203125,86.4000015258789,60.82175827026367,99.99276733398438,9.48460292816162,40.77921575316408,193641.0,19.066558837890625,27.09027099609375,22.05844116210937,17.516204833984375,34.22499990463257
1972-03-18 07:56:24,26.53127098083496,93.01204681396484,168.22103118896484,84.6212158203125,86.9000015258789,60.82175827026367,99.99276733398438,9.488153457641602,40.02581418425716,193641.0,21.73207092285156,24.26156616210937,16.836227416992188,20.834503173828125,34.22499990463257
1972-03-18 07:56:25,26.53471565246582,93.01204681396484,169.92186737060547,84.6212158203125,87.4000015258789,60.82175827026367,99.99276733398438,9.49464511871338,40.66896964619975,193641.0,19.52894592285156,26.029510498046875,20.943283081054688,19.338546752929688,34.22499990463257
1972-03-18 07:56:26,26.4946403503418,92.9518051147461,168.8151092529297,84.6212158203125,87.4000015258789,60.82175827026367,99.99276733398438,9.506278038024902,39.02209962808536,193641.0,20.236114501953125,22.711227416992188,21.86805725097656,21.92245483398437,34.22499990463257
1972-03-18 07:56:27,26.46202087402344,92.89157104492188,168.90462493896484,84.6212158203125,86.79999542236328,60.82175827026367,99.99276733398438,9.5106782913208,38.61112693639485,193641.0,18.08740234375,25.86631774902344,19.284149169921875,19.284149169921875,34.22499990463257
1972-03-18 07:56:28,26.439573287963867,92.89157104492188,169.88118743896484,84.6212158203125,85.9000015258789,60.82175827026367,99.99276733398438,9.5150785446167,38.9917670319279,193641.0,17.162628173828125,22.901611328125,20.943283081054688,20.78009033203125,34.22499990463257
1972-03-18 07:56:29,26.45987892150879,93.01204681396484,170.1904296875,84.6212158203125,87.69999694824219,60.82175827026367,99.99276733398438,9.519478797912598,38.0972479774335,193641.0,22.765625,19.420135498046875,23.907989501953125,20.1273193359375,34.22499990463257
1972-03-18 07:56:30,26.47189140319824,93.13253021240234,170.10904693603516,84.6212158203125,88.0,60.82175827026367,99.99276733398438,9.523879051208496,37.86369289485943,193641.0,19.71932983398437,24.96875,21.242477416992188,23.228012084960938,34.22499990463257
1972-03-18 07:56:31,26.442852020263672,93.13253021240234,168.5953826904297,84.6212158203125,86.19999694824219,60.82175827026367,99.99276733398438,9.530473709106444,38.062447966519684,193641.0,22.05845642089844,23.119216918945312,17.489013671875,18.87615966796875,34.22499990463257
1972-03-18 07:56:32,26.36910629272461,93.01204681396484,169.7509765625,84.6212158203125,88.0999984741211,60.82175827026367,99.99276733398438,9.540771484375,36.59364531198033,193641.0,19.882537841796875,22.629638671875,22.493621826171875,21.18807983398437,34.22499990463257
1972-03-18 07:56:33,26.314054489135746,92.83132934570312,169.384765625,84.54545593261719,88.30000305175781,60.82175827026367,99.99276733398438,9.552578926086426,38.885646372323045,193641.0,22.52084350585937,27.307861328125,18.27777099609375,21.37847900390625,34.22499990463257
1972-03-18 07:56:34,26.307920455932617,92.83132934570312,169.88932037353516,84.54545593261719,87.0999984741211,60.82175827026367,99.99276733398438,9.565241813659668,40.69204904803745,193641.0,19.311355590820312,19.365753173828125,25.567138671875,21.7320556640625,34.22499990463257
1972-03-18 07:56:35,26.356353759765625,93.01204681396484,169.12435150146484,84.54545593261719,87.30000305175781,60.82175827026367,99.99276733398438,9.572843551635742,39.81568729049552,193641.0,22.49365234375,25.240753173828125,19.09375,20.64410400390625,34.22499990463257
1972-03-18 07:56:36,26.39464569091797,93.13253021240234,170.4264373779297,84.6212158203125,86.79999542236328,60.82175827026367,99.99276733398438,9.582690238952637,40.4707987833272,193641.0,19.09375,22.221649169921875,23.2008056640625,19.61053466796875,34.22499990463257
1972-03-18 07:56:37,26.382875442504883,93.13253021240234,168.6197967529297,84.6212158203125,86.79999542236328,60.82175827026367,99.99276733398438,9.599939346313477,39.705245974526875,193641.0,22.738433837890625,25.18634033203125,18.032989501953125,22.221649169921875,34.22499990463257
1972-03-18 07:56:38,26.341835021972656,92.9518051147461,168.75,84.6212158203125,86.69999694824219,60.82175827026367,99.99276733398438,9.611478805541992,39.71442101302844,193641.0,18.468170166015625,24.28877258300781,23.092010498046875,23.52719116210937,34.22499990463257
1972-03-18 07:56:39,26.30952262878418,92.89157104492188,169.3278045654297,84.6212158203125,87.4000015258789,60.81814193725586,99.99276733398438,9.618704795837402,37.83286233557519,193641.0,20.99769592285156,27.74305725097656,19.61053466796875,22.901611328125,34.22499990463257
1972-03-18 07:56:40,26.297025680541992,92.89157104492188,168.6197967529297,84.6212158203125,86.5,60.82175827026367,99.99276733398438,9.62960433959961,41.00982453671753,193641.0,19.229766845703125,26.51910400390625,22.167236328125,17.27142333984375,34.22499990463257
1972-03-18 07:56:41,26.359020233154297,92.9518051147461,169.34407806396484,84.6212158203125,87.0,60.81814193725586,99.99276733398438,9.64789867401123,39.68498662563158,193641.0,21.92245483398437,27.19906616210937,22.4664306640625,21.7320556640625,34.22499990463257
1972-03-18 07:56:42,26.41523742675781,93.0722885131836,169.53125,84.54545593261719,85.9000015258789,60.82175827026367,99.99276733398438,9.661982536315918,39.9259126453009,193641.0,18.98495483398437,21.81365966796875,21.759246826171875,20.100128173828125,34.22499990463257
1972-03-18 07:56:43,26.42544937133789,93.01204681396484,167.22818756103516,84.54545593261719,86.4000015258789,60.82175827026367,99.99276733398438,9.66957950592041,40.81273078165102,193641.0,23.636016845703125,23.173614501953125,18.495361328125,20.888885498046875,34.22499990463257
1972-03-18 07:56:44,26.39092445373535,93.01204681396484,169.1162109375,84.54545593261719,87.19999694824219,60.82175827026367,99.99276733398438,9.68012237548828,39.771649292863884,193641.0,16.020263671875,26.029510498046875,21.976852416992188,21.4600830078125,34.22499990463257
1972-03-18 07:56:45,26.35641098022461,93.01204681396484,168.55467987060547,84.6212158203125,86.9000015258789,60.82175827026367,99.99276733398438,9.692946434020996,40.63091526846548,193641.0,23.717605590820312,23.826385498046875,23.55439758300781,20.372100830078125,34.22499990463257
1972-03-18 07:56:46,26.35281181335449,93.01204681396484,169.6207733154297,84.6212158203125,87.5,60.82175827026367,99.99276733398438,9.70436954498291,39.78752854475129,193641.0,17.679412841796875,25.104736328125,23.010406494140625,25.8663330078125,34.22499990463257
1972-03-18 07:56:47,26.411510467529297,92.9518051147461,169.6370391845703,84.6212158203125,87.30000305175781,60.82175827026367,99.99276733398438,9.711477279663086,39.53999664048527,193641.0,21.67767333984375,26.65509033203125,18.685760498046875,22.276046752929688,34.22499990463257
1972-03-18 07:56:48,26.478614807128903,92.89157104492188,168.0012969970703,84.6212158203125,87.19999694824219,60.82175827026367,99.99276733398438,9.724467277526855,37.126587583432865,193641.0,18.767364501953125,22.03125,22.38482666015625,23.2008056640625,34.22499990463257
1972-03-18 07:56:49,26.485576629638672,92.89157104492188,169.18131256103516,84.54545593261719,87.0999984741211,60.82175827026367,99.99276733398438,9.736109733581545,40.553465307318774,193641.0,20.31771850585937,24.85995483398437,22.84722900390625,17.760986328125,34.22499990463257
1972-03-18 07:56:50,26.4531192779541,93.01204681396484,168.51399993896484,84.54545593261719,86.0999984741211,60.82175827026367,99.99276733398438,9.74925422668457,40.68142951072434,193641.0,16.428253173828125,23.25521850585937,23.39120483398437,24.26156616210937,34.22499990463257
1972-03-18 07:56:51,26.426502227783203,93.13253021240234,168.4977264404297,84.6212158203125,87.5,60.82175827026367,99.99276733398438,9.758100509643556,37.670194176901525,193641.0,22.46644592285156,24.5335693359375,18.6585693359375,20.04571533203125,34.22499990463257
1972-03-18 07:56:52,26.42078018188477,93.1927719116211,170.06021881103516,84.6212158203125,86.5999984741211,60.82175827026367,99.99276733398438,9.777250289916992,40.30077754286751,193641.0,18.74017333984375,24.696762084960938,23.635986328125,23.33680725097656,34.22499990463257
1972-03-18 07:56:53,26.47184944152832,93.01204681396484,168.63607025146484,84.6212158203125,87.19999694824219,60.82175827026367,99.99276733398438,9.787014961242676,40.767480039625696,193641.0,21.75927734375,23.33680725097656,21.5960693359375,20.61689758300781,34.22499990463257
1972-03-18 07:56:54,26.51161193847656,92.89157104492188,170.01953887939453,84.6212158203125,86.9000015258789,60.82175827026367,99.99276733398438,9.80123519897461,40.30643092091064,193641.0,16.645843505859375,25.675933837890625,23.173614501953125,25.02314758300781,34.22499990463257
1972-03-18 07:56:55,26.494592666625977,92.83132934570312,169.3603515625,84.6212158203125,87.69999694824219,60.82175827026367,99.99276733398438,9.810425758361816,39.44403780431029,193641.0,18.631378173828125,29.02142333984375,22.357635498046875,22.276046752929688,34.22499990463257
1972-03-18 07:56:56,26.446504592895508,92.89157104492188,168.58724212646484,84.6212158203125,86.0,60.81814193725586,99.99276733398438,9.829911231994627,40.60932517452383,193641.0,20.7257080078125,23.364013671875,19.66493225097656,22.493637084960938,34.22499990463257
1972-03-18 07:56:57,26.40062141418457,93.01204681396484,168.68489837646484,84.6212158203125,87.30000305175781,60.82175827026367,99.99276733398438,9.84444522857666,39.335533234803755,193641.0,19.664947509765625,26.35589599609375,23.11920166015625,21.4600830078125,34.22499990463257
1972-03-18 07:56:58,26.379344940185547,93.1927719116211,169.78353118896484,84.6212158203125,87.0999984741211,60.82175827026367,99.99276733398438,9.856854438781738,41.43979649429581,193641.0,21.5960693359375,20.34490966796875,23.635986328125,21.67767333984375,34.22499990463257
1972-03-18 07:56:59,26.417633056640625,93.13253021240234,168.5628204345703,84.6212158203125,87.0,60.82175827026367,99.99276733398438,9.864213943481444,40.30633550625944,193641.0,21.02490234375,24.914352416992188,18.304977416992188,22.84722900390625,34.22499990463257
1972-03-18 07:57:00,26.476476669311523,92.89157104492188,169.8811798095703,84.6212158203125,86.69999694824219,60.82175827026367,99.99276733398438,9.882575035095217,39.24446033472804,193641.0,20.888900756835938,21.13368225097656,23.55439758300781,19.9913330078125,34.22499990463257
1972-03-18 07:57:01,26.46620750427246,92.89157104492188,168.81510162353516,84.6212158203125,86.69999694824219,60.82175827026367,99.99276733398438,9.896700859069824,40.0012793390562,193641.0,22.41204833984375,25.975128173828125,19.74652099609375,20.04571533203125,34.22499990463257
1972-03-18 07:57:02,26.42549514770508,92.9518051147461,169.22200775146484,84.6212158203125,87.5,60.82175827026367,99.99276733398438,9.915297508239746,38.69695804344703,193641.0,19.71932983398437,22.60243225097656,25.349533081054688,21.5960693359375,34.22499990463257
1972-03-18 07:57:03,26.38764190673828,93.0722885131836,168.18033599853516,84.6212158203125,87.19999694824219,60.82175827026367,99.99276733398438,9.929635047912598,38.45259132021716,193641.0,19.311355590820312,29.565399169921875,16.999420166015625,20.834503173828125,34.22499990463257
1972-03-18 07:57:04,26.37450408935547,93.1927719116211,169.08365631103516,84.6212158203125,87.4000015258789,60.82175827026367,99.99276733398438,9.944812774658203,37.40155495046369,193641.0,19.936920166015625,24.39756774902344,22.38482666015625,23.55439758300781,34.22499990463257
1972-03-18 07:57:05,26.4163875579834,93.01204681396484,168.5384063720703,84.6212158203125,87.69999694824219,60.82175827026367,99.99276733398438,9.964454650878906,39.250812882067926,193641.0,21.4600830078125,22.901611328125,21.677658081054688,22.08564758300781,34.22499990463257
1972-03-18 07:57:06,26.45641326904297,92.83132934570312,169.7021484375,84.6212158203125,86.5999984741211,60.82175827026367,99.99276733398438,9.976964950561523,40.17395705216289,193641.0,20.48091125488281,24.96875,23.037612915039062,23.037628173828125,34.22499990463257
1972-03-18 07:57:07,26.44460868835449,92.9518051147461,168.1721954345703,84.54545593261719,87.0,60.82175827026367,99.99276733398438,9.988048553466797,39.74753456484941,193641.0,22.221649169921875,25.240753173828125,20.72569274902344,19.773727416992188,34.22499990463257
1972-03-18 07:57:08,26.393129348754883,93.13253021240234,169.08365631103516,84.6212158203125,87.19999694824219,60.82175827026367,99.99276733398438,10.00505542755127,39.29002014149707,193641.0,18.74017333984375,23.962387084960938,25.295135498046875,18.087387084960938,34.22499990463257
1972-03-18 07:57:09,26.36066436767578,93.13253021240234,168.19661712646484,84.6212158203125,88.0,60.82175827026367,99.99276733398438,10.022149085998535,39.25870491687035,193641.0,25.05035400390625,23.173614501953125,21.92245483398437,21.024887084960938,34.22499990463257
1972-03-18 07:57:10,26.334571838378903,92.9518051147461,169.34407806396484,84.6212158203125,86.5999984741211,60.82175827026367,99.99276733398438,10.032793998718262,40.012357444466176,193641.0,19.664947509765625,22.221649169921875,21.94964599609375,22.52084350585937,34.22499990463257
1972-03-18 07:57:11,26.383441925048828,92.83132934570312,168.5953826904297,84.6212158203125,86.0999984741211,60.81814193725586,99.99276733398438,10.040539741516112,42.21657742528803,193641.0,20.8616943359375,27.00868225097656,20.72569274902344,20.94329833984375,34.22499990463257
1972-03-18 07:57:12,26.448959350585938,92.83132934570312,168.00130462646484,84.6212158203125,87.4000015258789,60.82175827026367,99.99276733398438,10.057802200317385,39.90419295714275,193641.0,19.9913330078125,21.37847900390625,21.759246826171875,23.309600830078125,34.22499990463257
1972-03-18 07:57:13,26.45664405822754,93.0722885131836,168.7744140625,84.6212158203125,86.9000015258789,60.82175827026367,99.99276733398438,10.07667350769043,40.10028793371101,193641.0,20.99769592285156,23.52719116210937,23.010406494140625,22.439239501953125,34.22499990463257
1972-03-18 07:57:14,26.424644470214844,93.13253021240234,168.5872344970703,84.6212158203125,88.0,60.82175827026367,99.99276733398438,10.096375465393066,37.972229352068744,193641.0,17.543411254882812,23.744781494140625,22.575225830078125,21.07928466796875,34.22499990463257
1972-03-18 07:57:15,26.39776992797852,93.0722885131836,167.65950775146484,84.6212158203125,86.0,60.82175827026367,99.99276733398438,10.108906745910645,40.93270565664795,193641.0,22.357650756835938,22.52084350585937,18.84896850585937,21.32406616210937,34.22499990463257
1972-03-18 07:57:16,26.383445739746094,92.89157104492188,168.52213287353516,84.6212158203125,87.5999984741211,60.81814193725586,99.99276733398438,10.12150764465332,38.254782713552494,193641.0,18.27778625488281,26.056716918945312,23.608795166015625,23.0648193359375,34.22499990463257
1972-03-18 07:57:17,26.436315536499023,92.83132934570312,168.68489837646484,84.6212158203125,87.0999984741211,60.81814193725586,99.99276733398438,10.142937660217283,40.740832321626684,193641.0,22.41204833984375,24.80555725097656,21.160888671875,20.236114501953125,34.22499990463257
1972-03-18 07:57:18,26.48128700256348,93.01204681396484,168.5384063720703,84.6212158203125,86.19999694824219,60.82175827026367,99.99276733398438,10.156481742858888,40.46722930236567,193641.0,19.365753173828125,20.508102416992188,25.75752258300781,22.54803466796875,34.22499990463257
1972-03-18 07:57:19,26.489728927612305,93.13253021240234,168.79068756103516,84.6212158203125,87.5999984741211,60.82175827026367,99.99276733398438,10.1715726852417,40.12299738044693,193641.0,19.33856201171875,26.165512084960938,21.677658081054688,21.35127258300781,34.22499990463257
1972-03-18 07:57:20,26.444799423217773,93.13253021240234,169.66146087646484,84.6212158203125,87.19999694824219,60.81814193725586,99.99276733398438,10.180131912231444,39.438395273288094,193641.0,19.09375,23.58160400390625,23.146408081054688,25.376739501953125,34.22499990463257
1972-03-18 07:57:21,26.39767837524414,92.9518051147461,169.091796875,84.6212158203125,86.9000015258789,60.82175827026367,99.99276733398438,10.190144538879396,41.24915704394499,193641.0,22.140045166015625,24.587966918945312,20.752899169921875,20.834503173828125,34.22499990463257
1972-03-18 07:57:22,26.35286521911621,92.89157104492188,168.09896087646484,84.6212158203125,87.0999984741211,60.82175827026367,99.99276733398438,10.206052780151367,39.02608122424138,193641.0,18.11459350585937,25.240753173828125,23.25521850585937,18.549774169921875,34.22499990463257
1972-03-18 07:57:23,26.36709785461425,92.9518051147461,168.115234375,84.6212158203125,87.0999984741211,60.82175827026367,99.99276733398438,10.220568656921388,37.43621393967414,193641.0,21.18807983398437,25.893524169921875,18.304977416992188,19.828125,34.22499990463257
1972-03-18 07:57:24,26.39170837402344,93.0722885131836,167.9850311279297,84.6212158203125,87.69999694824219,60.82175827026367,99.99276733398438,10.2307767868042,38.34334186899104,193641.0,18.79457092285156,25.62152099609375,22.98321533203125,22.60243225097656,34.22499990463257
1972-03-18 07:57:25,26.388914108276367,93.13253021240234,168.64420318603516,84.54545593261719,87.30000305175781,60.82175827026367,99.99276733398438,10.245406150817873,39.59199374994173,193641.0,22.3304443359375,21.895263671875,16.700225830078125,20.2633056640625,34.22499990463257
1972-03-18 07:57:26,26.334226608276367,93.01204681396484,168.9208984375,84.6212158203125,87.0999984741211,60.82175827026367,99.99276733398438,10.261560440063477,40.040395549442266,193641.0,16.3194580078125,23.173614501953125,24.098388671875,22.24884033203125,34.22499990463257
1972-03-18 07:57:27,26.28766632080078,92.89157104492188,167.5048828125,84.6212158203125,86.5,60.82175827026367,99.99276733398438,10.270482063293455,41.03487877356971,193641.0,18.87615966796875,26.7366943359375,19.773727416992188,21.5960693359375,34.22499990463257
1972-03-18 07:57:28,26.252803802490234,92.89157104492188,169.15689849853516,84.6212158203125,86.69999694824219,60.82175827026367,99.99276733398438,10.27940273284912,39.54697643059482,193641.0,22.085662841796875,27.55267333984375,22.276031494140625,23.962387084960938,34.22499990463257
1972-03-18 07:57:29,26.288928985595703,93.0722885131836,167.62694549560547,84.6212158203125,87.0999984741211,60.81814193725586,99.99276733398438,10.288324356079102,40.431286290255294,193641.0,20.426513671875,25.86631774902344,23.33680725097656,18.087387084960938,34.22499990463257
1972-03-18 07:57:30,26.36493492126465,93.13253021240234,168.05013275146484,84.6212158203125,86.9000015258789,60.82175827026367,99.99276733398438,10.297245979309082,40.43005728426307,193641.0,20.8616943359375,27.33506774902344,21.78646850585937,23.14642333984375,34.22499990463257
1972-03-18 07:57:31,26.403356552124023,92.9518051147461,167.13052368164062,84.6212158203125,86.4000015258789,60.82175827026367,99.99276733398438,10.306167602539062,41.01100681985497,193641.0,21.05209350585937,21.78646850585937,20.91607666015625,20.698486328125,34.22499990463257
1972-03-18 07:57:32,26.395652770996094,92.83132934570312,168.92903900146484,84.6212158203125,87.0999984741211,60.81814193725586,99.99276733398438,10.315814971923828,39.8858032604269,193641.0,18.74017333984375,25.02314758300781,21.86805725097656,20.9976806640625,34.22499990463257
1972-03-18 07:57:33,26.36116600036621,92.89157104492188,167.60254669189453,84.6212158203125,87.19999694824219,60.82175827026367,99.99276733398438,10.331342697143556,38.79208048307907,193641.0,23.20082092285156,23.772003173828125,19.800933837890625,21.78646850585937,34.22499990463257
1972-03-18 07:57:34,26.320161819458008,93.0722885131836,168.53841400146484,84.6212158203125,86.5,60.82175827026367,99.99276733398438,10.340353965759276,40.45117329844279,193641.0,18.00579833984375,25.567138671875,23.39120483398437,24.01678466796875,34.22499990463257
1972-03-18 07:57:35,26.38203811645508,93.13253021240234,166.07259368896484,84.6212158203125,86.29999542236328,60.81814193725586,99.99276733398438,10.358156204223633,40.78906903273373,193641.0,18.168991088867188,22.05844116210937,19.773727416992188,18.41377258300781,34.22499990463257
1972-03-18 07:57:36,26.46599769592285,93.13253021240234,167.9117889404297,84.6212158203125,86.29999542236328,60.82175827026367,99.99276733398438,10.37020492553711,40.48373279964658,193641.0,18.06019592285156,24.99594116210937,21.18807983398437,23.98959350585937,34.22499990463257
1972-03-18 07:57:37,26.511768341064453,92.9518051147461,167.30142974853516,84.54545593261719,85.79999542236328,60.82175827026367,99.99276733398438,10.380821228027344,42.53358846406589,193641.0,20.752899169921875,24.5335693359375,20.671295166015625,21.976852416992188,34.22499990463257
1972-03-18 07:57:38,26.49623107910156,92.83132934570312,167.87923431396484,84.54545593261719,86.9000015258789,60.81814193725586,99.99276733398438,10.39146327972412,39.763393795527335,193641.0,18.08740234375,26.92709350585937,22.439239501953125,22.03125,34.22499990463257
1972-03-18 07:57:39,26.467618942260746,92.9518051147461,168.9697265625,84.54545593261719,87.5999984741211,60.81814193725586,99.99276733398438,10.40065574645996,38.52236536831102,193641.0,20.399322509765625,26.08392333984375,20.34490966796875,20.1273193359375,34.22499990463257
1972-03-18 07:57:40,26.42999839782715,93.01204681396484,168.7581329345703,84.6212158203125,87.0999984741211,60.82175827026367,99.99276733398438,10.4098482131958,40.25570625992148,193641.0,21.81365966796875,26.383102416992188,22.765625,20.5625,34.22499990463257
1972-03-18 07:57:41,26.42527961730957,93.0722885131836,168.896484375,84.6212158203125,87.30000305175781,60.82175827026367,99.99276733398438,10.419041633605955,41.1545833950764,193641.0,22.03125,24.31597900390625,21.18807983398437,20.39930725097656,34.22499990463257
1972-03-18 07:57:42,26.41282844543457,93.01204681396484,167.7815704345703,84.6212158203125,86.5,60.82175827026367,99.99276733398438,10.432621955871582,41.85310366625941,193641.0,18.196197509765625,27.22627258300781,25.02314758300781,22.276046752929688,34.22499990463257
1972-03-18 07:57:43,26.36753845214844,92.89157104492188,168.1315155029297,84.6212158203125,86.79999542236328,60.82175827026367,99.99276733398438,10.444804191589355,41.394629296022096,193641.0,21.21528625488281,25.240753173828125,21.21527099609375,22.874420166015625,34.22499990463257
1972-03-18 07:57:44,26.352096557617188,92.83132934570312,167.7490234375,84.54545593261719,86.0999984741211,60.82175827026367,99.99276733398438,10.454087257385254,41.254543833247155,193641.0,19.936920166015625,25.431137084960938,19.964111328125,23.41839599609375,34.22499990463257
1972-03-18 07:57:45,26.344844818115234,93.01204681396484,168.1477813720703,84.54545593261719,86.4000015258789,60.82175827026367,99.99276733398438,10.464821815490724,40.082108928239684,193641.0,19.692138671875,23.9351806640625,20.372100830078125,23.14642333984375,34.22499990463257
1972-03-18 07:57:46,26.28411865234375,93.1927719116211,166.90267181396484,84.6212158203125,86.0999984741211,60.82175827026367,99.99276733398438,10.472670555114746,41.23113617206059,193641.0,19.47454833984375,22.575225830078125,20.8616943359375,20.94329833984375,34.22499990463257
1972-03-18 07:57:47,26.264354705810547,93.0722885131836,167.43978118896484,84.6212158203125,87.30000305175781,60.82175827026367,99.99276733398438,10.481953620910645,40.88943061067302,193641.0,20.236114501953125,22.167236328125,21.05209350585937,20.1273193359375,34.22499990463257
1972-03-18 07:57:48,26.268770217895508,92.9518051147461,168.26171875,84.6212158203125,87.4000015258789,60.82175827026367,99.99276733398438,10.493431091308594,38.0395838024176,193641.0,19.882537841796875,19.88252258300781,24.01678466796875,18.468170166015625,34.22499990463257
1972-03-18 07:57:49,26.272680282592773,92.9518051147461,168.16407012939453,84.6212158203125,87.30000305175781,60.82175827026367,99.99276733398438,10.503475189208984,40.388984504718195,193641.0,23.93519592285156,21.160888671875,18.19618225097656,19.31134033203125,34.22499990463257
1972-03-18 07:57:50,26.248233795166016,93.01204681396484,167.96060943603516,84.6212158203125,87.80000305175781,60.82175827026367,99.99276733398438,10.517189025878906,37.22100384300295,193641.0,19.202545166015625,19.556137084960938,26.301513671875,24.506378173828125,34.22499990463257
1972-03-18 07:57:51,26.228748321533203,93.0722885131836,166.3981170654297,84.54545593261719,87.4000015258789,60.82175827026367,99.99276733398438,10.530223846435549,36.49724835649676,193641.0,22.1944580078125,22.79281616210937,20.04571533203125,18.332183837890625,34.22499990463257
1972-03-18 07:57:52,26.20852279663086,93.01204681396484,168.05826568603516,84.54545593261719,87.5,60.82175827026367,99.99276733398438,10.543304443359377,38.872240902176536,193641.0,21.487274169921875,24.207183837890625,22.68402099609375,23.772003173828125,34.22499990463257
1972-03-18 07:57:53,26.26653480529785,93.01204681396484,166.5608673095703,84.6212158203125,86.4000015258789,60.81814193725586,99.99276733398438,10.55276870727539,41.37967976569121,193641.0,24.207183837890625,25.376739501953125,22.52084350585937,20.39930725097656,34.22499990463257
1972-03-18 07:57:54,26.40600204467773,92.89157104492188,168.5546875,84.6212158203125,87.5,60.82175827026367,99.99276733398438,10.566627502441406,38.81946613600495,193641.0,18.413787841796875,22.4664306640625,20.508102416992188,25.2679443359375,34.22499990463257
1972-03-18 07:57:55,26.488874435424805,92.89157104492188,168.10709381103516,84.6212158203125,87.0,60.82175827026367,99.99276733398438,10.579072952270508,40.381440716415895,193641.0,20.236114501953125,24.179977416992188,19.936920166015625,20.426513671875,34.22499990463257
1972-03-18 07:57:56,26.515155792236328,93.01204681396484,167.9524688720703,84.6212158203125,86.69999694824219,60.82175827026367,99.99276733398438,10.588627815246582,39.81762703485892,193641.0,20.18173217773437,24.15277099609375,23.092010498046875,22.901611328125,34.22499990463257
1972-03-18 07:57:57,26.573671340942383,93.0722885131836,167.31771087646484,84.6212158203125,86.5999984741211,60.82175827026367,99.99276733398438,10.59818172454834,39.91727399228998,193641.0,21.840866088867188,24.370361328125,21.86805725097656,19.338546752929688,34.22499990463257
1972-03-18 07:57:58,26.628982543945312,93.01204681396484,168.19661712646484,84.6212158203125,86.0999984741211,60.82175827026367,99.99276733398438,10.607736587524414,39.99086815684778,193641.0,17.597808837890625,21.21527099609375,23.907989501953125,19.61053466796875,34.22499990463257
1972-03-18 07:57:59,26.695186614990234,92.89157104492188,166.73990631103516,84.6212158203125,86.69999694824219,60.82175827026367,99.99276733398438,10.617290496826172,38.02932959397015,193641.0,24.343170166015625,24.098388671875,19.31134033203125,18.685760498046875,34.22499990463257
1972-03-18 07:58:00,26.74347877502441,93.01204681396484,167.4723358154297,84.6212158203125,86.5999984741211,60.82175827026367,99.99276733398438,10.62684440612793,38.91909479052741,193641.0,18.14178466796875,23.2008056640625,24.26156616210937,23.55439758300781,34.22499990463257
1972-03-18 07:58:01,26.76547813415528,93.13253021240234,167.81412506103516,84.6212158203125,85.9000015258789,60.82175827026367,99.99276733398438,10.636399269104004,39.96932875710859,193641.0,20.671295166015625,26.49189758300781,21.78646850585937,21.405670166015625,34.22499990463257
1972-03-18 07:58:02,26.706701278686523,93.0722885131836,167.236328125,84.6212158203125,86.5,60.82175827026367,99.99276733398438,10.645953178405762,39.46825750572972,193641.0,19.17535400390625,22.60243225097656,22.54803466796875,21.650466918945312,34.22499990463257
1972-03-18 07:58:03,26.652551651000977,92.9518051147461,167.95247650146484,84.6212158203125,87.0,60.82175827026367,99.99276733398438,10.65550708770752,39.32543344373427,193641.0,18.98495483398437,27.19906616210937,22.167236328125,23.9351806640625,34.22499990463257
1972-03-18 07:58:04,26.59585952758789,92.89157104492188,168.212890625,84.6212158203125,86.29999542236328,60.82175827026367,99.99276733398438,10.665061950683594,39.92384607164858,193641.0,20.58970642089844,22.874420166015625,21.21527099609375,17.10821533203125,34.22499990463257
1972-03-18 07:58:05,26.54591941833496,93.01204681396484,167.43978118896484,84.6212158203125,87.4000015258789,60.82175827026367,99.99276733398438,10.67755126953125,39.11331816368889,193641.0,19.33856201171875,25.53993225097656,20.1273193359375,21.92245483398437,34.22499990463257
1972-03-18 07:58:06,26.49334526062012,93.0722885131836,168.0338592529297,84.6212158203125,86.5,60.82175827026367,99.99276733398438,10.691529273986816,40.508150276062665,193641.0,20.07293701171875,24.5335693359375,19.338531494140625,23.25521850585937,34.22499990463257
1972-03-18 07:58:07,26.40863990783692,93.0722885131836,167.28515625,84.54545593261719,86.29999542236328,60.82175827026367,99.99276733398438,10.701173782348633,41.58784630615077,193641.0,18.413787841796875,24.12557983398437,17.652191162109375,23.14642333984375,34.22499990463257
1972-03-18 07:58:08,26.28435707092285,93.0722885131836,168.4651641845703,84.54545593261719,86.0999984741211,60.82175827026367,99.99276733398438,10.710819244384766,40.37904838935217,193641.0,19.74653625488281,25.34954833984375,18.685760498046875,21.18807983398437,34.22499990463257
1972-03-18 07:58:09,26.162517547607425,93.01204681396484,167.4886016845703,84.6212158203125,86.69999694824219,60.82175827026367,99.99276733398438,10.720463752746582,40.97937170574775,193641.0,21.160888671875,26.35589599609375,21.432861328125,20.7257080078125,34.22499990463257
1972-03-18 07:58:10,26.082393646240234,92.89157104492188,167.431640625,84.6212158203125,86.19999694824219,60.82175827026367,99.99276733398438,10.730108261108398,40.220660569463895,193641.0,19.61053466796875,22.24884033203125,19.501739501953125,23.39120483398437,34.22499990463257
1972-03-18 07:58:11,26.064809799194336,92.9518051147461,168.33495330810547,84.6212158203125,87.5999984741211,60.82175827026367,99.99276733398438,10.739752769470217,40.7881830895351,193641.0,19.311355590820312,28.55902099609375,20.698486328125,23.6632080078125,34.22499990463257
1972-03-18 07:58:12,26.08742332458496,93.01204681396484,167.5130157470703,84.6212158203125,87.19999694824219,60.82175827026367,99.99276733398438,10.742074966430664,40.297739842804035,193641.0,18.631378173828125,25.648727416992188,21.35127258300781,23.88079833984375,34.22499990463257
1972-03-18 07:58:13,26.1479721069336,93.01204681396484,167.5048828125,84.6212158203125,87.69999694824219,60.82175827026367,99.99276733398438,10.749435424804688,37.96683129735733,193641.0,24.31597900390625,23.173614501953125,19.25694274902344,22.738433837890625,34.22499990463257
1972-03-18 07:58:14,26.158246994018555,93.01204681396484,167.1630859375,84.54545593261719,86.5999984741211,60.82175827026367,99.99276733398438,10.753832817077637,39.57718669826836,193641.0,16.727447509765625,24.39756774902344,19.88252258300781,22.24884033203125,34.22499990463257
1972-03-18 07:58:15,26.18840980529785,92.9518051147461,167.00032806396484,84.54545593261719,85.5999984741211,60.82175827026367,99.99276733398438,10.763297080993652,39.30222109996534,193641.0,19.501739501953125,23.853591918945312,19.773727416992188,21.21527099609375,34.22499990463257
1972-03-18 07:58:16,26.253297805786133,92.9518051147461,167.52115631103516,84.6212158203125,86.4000015258789,60.82175827026367,99.99276733398438,10.772760391235352,39.28908467411575,193641.0,18.84896850585937,22.221649169921875,22.52084350585937,24.560760498046875,34.22499990463257
1972-03-18 07:58:17,26.353111267089844,92.89157104492188,166.68294525146484,84.6212158203125,86.5999984741211,60.82175827026367,99.99276733398438,10.782224655151367,41.131941097026626,193641.0,21.487274169921875,23.9351806640625,19.44732666015625,19.31134033203125,34.22499990463257
1972-03-18 07:58:18,26.5142879486084,93.01204681396484,167.0817108154297,84.6212158203125,86.4000015258789,60.82175827026367,99.99276733398438,10.791687965393066,40.19515905297723,193641.0,17.35302734375,23.0648193359375,21.895263671875,23.962387084960938,34.22499990463257
1972-03-18 07:58:19,26.62181663513184,93.13253021240234,166.6015625,84.6212158203125,87.5,60.82175827026367,99.99276733398438,10.801152229309082,38.17280975624644,193641.0,20.100128173828125,26.21990966796875,20.31771850585937,21.405670166015625,34.22499990463257
1972-03-18 07:58:20,26.639291763305664,93.0722885131836,166.9189453125,84.6212158203125,87.4000015258789,60.82175827026367,99.99276733398438,10.810616493225098,39.23255028528293,193641.0,22.1944580078125,23.14642333984375,22.140045166015625,23.39120483398437,34.22499990463257
1972-03-18 07:58:21,26.61903190612793,93.01204681396484,167.54557037353516,84.6212158203125,86.69999694824219,60.82175827026367,99.99276733398438,10.820079803466797,39.58090673148735,193641.0,19.52894592285156,21.432861328125,20.807281494140625,20.671295166015625,34.22499990463257
1972-03-18 07:58:22,26.58699989318848,92.89157104492188,166.6341094970703,84.54545593261719,87.0999984741211,60.82175827026367,99.99276733398438,10.829544067382812,41.01601270370095,193641.0,20.045730590820312,23.472808837890625,24.6695556640625,23.962387084960938,34.22499990463257
1972-03-18 07:58:23,26.56535148620605,92.89157104492188,165.75521087646484,84.54545593261719,85.79999542236328,60.82175827026367,99.99276733398438,10.839007377624512,41.03105630822174,193641.0,21.487274169921875,21.78646850585937,22.4664306640625,18.19618225097656,34.22499990463257
1972-03-18 07:58:24,26.553367614746094,93.01204681396484,166.8863983154297,84.54545593261719,87.19999694824219,60.82175827026367,99.99276733398438,10.85506820678711,38.13647126496558,193641.0,19.12095642089844,22.98321533203125,22.54803466796875,22.575225830078125,34.22499990463257
1972-03-18 07:58:25,26.523366928100582,93.0722885131836,168.49771881103516,84.6212158203125,87.0999984741211,60.82175827026367,99.99276733398438,10.86534023284912,40.3880397958188,193641.0,20.236114501953125,25.78472900390625,22.79281616210937,19.74652099609375,34.22499990463257
1972-03-18 07:58:26,26.452861785888672,93.0722885131836,167.02474212646484,84.6212158203125,87.5,60.82175827026367,99.99276733398438,10.87489414215088,39.49064447565412,193641.0,16.83624267578125,24.179977416992188,20.61689758300781,24.15277099609375,34.22499990463257
1972-03-18 07:58:27,26.382173538208008,93.01204681396484,167.3421173095703,84.6212158203125,86.69999694824219,60.82175827026367,99.99276733398438,10.89177131652832,41.30177502558044,193642.0,21.24249267578125,23.39120483398437,23.85357666015625,20.752899169921875,34.22499990463257
1972-03-18 07:58:28,26.31078338623047,92.9518051147461,167.38280487060547,84.54545593261719,86.79999542236328,60.82175827026367,99.99276733398438,10.901415824890137,40.7737828636316,193642.0,21.65048217773437,23.98959350585937,21.21527099609375,22.82002258300781,34.22499990463257
1972-03-18 07:58:29,26.257673263549805,92.9518051147461,167.2526092529297,84.54545593261719,86.5999984741211,60.82175827026367,99.99276733398438,10.911060333251951,39.246253191514555,193642.0,21.94966125488281,26.056716918945312,18.957763671875,18.332183837890625,34.22499990463257
1972-03-18 07:58:30,26.24936485290528,92.9518051147461,167.0979766845703,84.54545593261719,86.79999542236328,60.82175827026367,99.99276733398438,10.928028106689451,40.026538146769404,193642.0,20.045730590820312,22.24884033203125,24.07118225097656,20.372100830078125,34.22499990463257
1972-03-18 07:58:31,26.27594947814941,93.01204681396484,167.41536712646484,84.6212158203125,86.9000015258789,60.82175827026367,99.99276733398438,10.937763214111328,39.67619812916004,193642.0,21.106491088867188,23.7991943359375,18.87615966796875,22.357635498046875,34.22499990463257
1972-03-18 07:58:32,26.263097763061523,92.9518051147461,168.1640625,84.6212158203125,86.69999694824219,60.82175827026367,99.99276733398438,10.947498321533203,40.932709400325805,193642.0,19.01216125488281,22.167236328125,24.914352416992188,22.79281616210937,34.22499990463257
1972-03-18 07:58:33,26.242372512817383,92.89157104492188,167.39095306396484,84.6212158203125,86.4000015258789,60.82175827026367,99.99276733398438,10.957233428955078,42.11780359879205,193642.0,23.85360717773437,28.042236328125,20.8616943359375,20.9976806640625,34.22499990463257
1972-03-18 07:58:34,26.25389289855957,93.01204681396484,167.53743743896484,84.6212158203125,87.19999694824219,60.82175827026367,99.99276733398438,10.966968536376951,38.88838768374034,193642.0,22.602447509765625,25.567138671875,24.696746826171875,22.60243225097656,34.22499990463257
1972-03-18 07:58:35,26.295242309570312,93.0722885131836,167.29329681396484,84.6212158203125,87.80000305175781,60.82175827026367,99.99276733398438,10.97890567779541,39.14966648000766,193642.0,20.07293701171875,25.648727416992188,20.671295166015625,20.7257080078125,34.22499990463257
1972-03-18 07:58:36,26.42841529846192,93.01204681396484,167.1875,84.54545593261719,86.19999694824219,60.82175827026367,99.99276733398438,10.98646640777588,40.65056858347091,193642.0,22.357650756835938,24.560760498046875,23.146408081054688,17.760986328125,34.22499990463257
1972-03-18 07:58:37,26.4953670501709,93.01204681396484,166.1051483154297,84.54545593261719,86.29999542236328,60.81814193725586,99.99276733398438,10.99840259552002,38.86071883047134,193642.0,21.895263671875,21.541656494140625,19.284149169921875,22.493637084960938,34.22499990463257
1972-03-18 07:58:38,26.498842239379883,93.01204681396484,167.0166015625,84.54545593261719,86.69999694824219,60.82175827026367,99.99276733398438,11.015480041503906,40.2190107625949,193642.0,17.108230590820312,23.33680725097656,24.179977416992188,21.106475830078125,34.22499990463257
1972-03-18 07:58:39,26.45995140075684,92.9518051147461,166.4387969970703,84.6212158203125,85.9000015258789,60.82175827026367,99.99276733398438,11.030462265014648,41.020499422063644,193642.0,19.828125,25.975128173828125,18.19618225097656,19.88252258300781,34.22499990463257
1972-03-18 07:58:40,26.440519332885746,93.01204681396484,167.53743743896484,84.6212158203125,86.0999984741211,60.82175827026367,99.99276733398438,11.040377616882324,37.93062494666345,193642.0,18.30499267578125,23.364013671875,20.943283081054688,23.14642333984375,34.22499990463257
1972-03-18 07:58:41,26.432035446166992,93.01204681396484,167.1061248779297,84.6212158203125,87.0,60.82175827026367,99.99276733398438,11.050293922424316,39.95371727188031,193642.0,23.826400756835938,26.46469116210937,20.154510498046875,21.18807983398437,34.22499990463257
1972-03-18 07:58:42,26.455949783325195,93.01204681396484,167.30142974853516,84.6212158203125,86.29999542236328,60.82175827026367,99.99276733398438,11.060210227966309,41.16580922569905,193642.0,18.79457092285156,23.58160400390625,21.976852416992188,24.506378173828125,34.22499990463257
1972-03-18 07:58:43,26.449687957763672,93.01204681396484,166.64225006103516,84.6212158203125,87.0999984741211,60.81814193725586,99.99276733398438,11.070125579833984,40.6464853099251,193642.0,21.840866088867188,21.35127258300781,24.26156616210937,19.5289306640625,34.22499990463257
1972-03-18 07:58:44,26.392656326293945,93.01204681396484,166.3818359375,84.6212158203125,86.0999984741211,60.82175827026367,99.99276733398438,11.085905075073242,40.65877903093171,193642.0,18.495391845703125,26.627899169921875,18.631362915039062,23.690399169921875,34.22499990463257
1972-03-18 07:58:45,26.339580535888672,93.01204681396484,167.724609375,84.6212158203125,86.4000015258789,60.82175827026367,99.99276733398438,11.104676246643066,41.503915195930695,193642.0,20.31771850585937,25.05035400390625,20.2633056640625,19.5289306640625,34.22499990463257
1972-03-18 07:58:46,26.3117733001709,92.89157104492188,167.4153594970703,84.6212158203125,87.0,60.81814193725586,99.99276733398438,11.11477279663086,39.50740412413328,193642.0,18.14178466796875,22.629638671875,23.7991943359375,20.1273193359375,34.22499990463257
1972-03-18 07:58:47,26.300556182861328,92.89157104492188,166.20279693603516,84.6212158203125,87.0,60.82175827026367,99.99276733398438,11.124869346618652,39.682317134460014,193642.0,21.868072509765625,25.62152099609375,22.140045166015625,19.90972900390625,34.22499990463257
1972-03-18 07:58:48,26.351675033569336,93.01204681396484,167.0654296875,84.6212158203125,87.0999984741211,60.81814193725586,99.99276733398438,11.134965896606444,39.6651282181567,193642.0,18.223388671875,21.67767333984375,22.575225830078125,20.018524169921875,34.22499990463257
1972-03-18 07:58:49,26.39187812805176,93.0722885131836,167.3014373779297,84.6212158203125,86.19999694824219,60.82175827026367,99.99276733398438,11.145062446594238,40.841145932140364,193642.0,22.167266845703125,24.01678466796875,22.765625,20.072921752929688,34.22499990463257
1972-03-18 07:58:50,26.3821964263916,93.0722885131836,167.3014373779297,84.6212158203125,86.19999694824219,60.82175827026367,99.99276733398438,11.145062446594238,40.85613375893019,193642.0,22.167266845703125,24.01678466796875,22.765625,20.072921752929688,34.22499990463257
1972-03-18 07:58:51,26.346586227416992,93.0722885131836,164.81119537353516,84.6212158203125,85.79999542236328,60.82175827026367,99.99276733398438,11.155159950256348,40.09486245727727,193642.0,16.67303466796875,22.575225830078125,23.010406494140625,22.711227416992188,34.22499990463257
1972-03-18 07:58:52,26.346586227416992,92.9518051147461,167.6188201904297,84.6212158203125,86.79999542236328,60.82175827026367,99.99276733398438,11.16525650024414,38.246161805096705,193642.0,20.154525756835938,22.68402099609375,21.568862915039062,18.5225830078125,34.22499990463257
1972-03-18 07:58:53,26.333288192749023,92.89157104492188,166.65853118896484,84.6212158203125,86.4000015258789,60.82175827026367,99.99276733398438,11.175353050231934,40.45573261978092,193642.0,22.54803466796875,24.098388671875,19.365737915039062,18.821762084960938,34.22499990463257
1972-03-18 07:58:54,26.32234573364257,93.01204681396484,166.14583587646484,84.54545593261719,86.0999984741211,60.82175827026367,99.99276733398438,11.185449600219728,41.10590638448346,193642.0,17.679412841796875,23.7991943359375,20.1273193359375,20.78009033203125,34.22499990463257
1972-03-18 07:58:55,26.35973358154297,93.01204681396484,166.73177337646484,84.54545593261719,86.19999694824219,60.82175827026367,99.99276733398438,11.19554615020752,40.50332660592998,193642.0,19.85533142089844,20.508102416992188,21.976852416992188,21.024887084960938,34.22499990463257
1972-03-18 07:58:56,26.41094398498535,93.01204681396484,167.5048828125,84.6212158203125,86.5,60.82175827026367,99.99276733398438,11.203449249267578,41.83000014226969,193642.0,21.75927734375,26.49189758300781,20.9976806640625,19.3929443359375,34.22499990463257
1972-03-18 07:58:57,26.40654182434082,92.9518051147461,166.17838287353516,84.6212158203125,86.29999542236328,60.82175827026367,99.99276733398438,11.208389282226562,40.491589628991974,193642.0,16.591445922851562,21.160888671875,22.140045166015625,20.45370483398437,34.22499990463257
1972-03-18 07:58:58,26.387550354003903,93.01204681396484,167.6513671875,84.6212158203125,86.5999984741211,60.82175827026367,99.99276733398438,11.21107292175293,40.377416861804356,193642.0,21.487274169921875,27.79745483398437,17.135406494140625,17.869796752929688,34.22499990463257
1972-03-18 07:58:59,26.41838836669922,93.01204681396484,166.7236328125,84.6212158203125,86.69999694824219,60.82175827026367,99.99276733398438,11.222448348999023,38.7944634998416,193642.0,20.31771850585937,24.343170166015625,17.869781494140625,22.357635498046875,34.22499990463257
1972-03-18 07:59:00,26.44507026672364,93.0722885131836,165.74706268310547,84.6212158203125,87.5,60.82175827026367,99.99276733398438,11.23092269897461,37.700882080584734,193642.0,19.148162841796875,21.92245483398437,21.160888671875,21.568878173828125,34.22499990463257
1972-03-18 07:59:01,26.5148868560791,93.01204681396484,166.9921875,84.6212158203125,86.9000015258789,60.82175827026367,99.99276733398438,11.24158000946045,39.39527359653538,193642.0,21.487274169921875,24.587966918945312,20.426513671875,22.167236328125,34.22499990463257
1972-03-18 07:59:02,26.55483055114746,92.89157104492188,167.2281951904297,84.54545593261719,86.79999542236328,60.82175827026367,99.99276733398438,11.252239227294922,40.49851681239248,193642.0,18.00579833984375,25.703125,21.840850830078125,18.84896850585937,34.22499990463257
1972-03-18 07:59:03,26.52884292602539,92.89157104492188,167.1875,84.6212158203125,86.9000015258789,60.82175827026367,99.99276733398438,11.260697364807127,39.85030060924221,193642.0,22.874420166015625,24.098388671875,23.472808837890625,24.587966918945312,34.22499990463257
1972-03-18 07:59:04,26.47648811340332,93.01204681396484,165.95052337646484,84.6212158203125,85.79999542236328,60.82175827026367,99.99276733398438,11.27207374572754,40.701120824014744,193642.0,21.21528625488281,23.66319274902344,19.284149169921875,18.98495483398437,34.22499990463257
1972-03-18 07:59:05,26.43851089477539,93.0722885131836,165.10416412353516,84.6212158203125,86.4000015258789,60.82175827026367,99.99276733398438,11.280547142028809,40.377851029990204,193642.0,20.399322509765625,20.72569274902344,22.167236328125,23.55439758300781,34.22499990463257
1972-03-18 07:59:06,26.40518379211425,93.0722885131836,166.064453125,84.6212158203125,86.69999694824219,60.82175827026367,99.99276733398438,11.2904634475708,39.56166551369371,193642.0,21.840866088867188,22.92881774902344,16.67303466796875,20.698486328125,34.22499990463257
1972-03-18 07:59:07,26.41530990600586,93.01204681396484,166.7887420654297,84.54545593261719,86.19999694824219,60.82175827026367,99.99276733398438,11.300379753112791,39.08292533231089,193642.0,15.965866088867188,25.322341918945312,21.623260498046875,23.472808837890625,34.22499990463257
1972-03-18 07:59:08,26.42214584350586,92.89157104492188,166.24349212646484,84.6212158203125,86.69999694824219,60.82175827026367,99.99276733398438,11.310295104980469,39.431501931665295,193642.0,21.568878173828125,24.941558837890625,20.535308837890625,21.242477416992188,34.22499990463257
1972-03-18 07:59:09,26.37345123291016,92.89157104492188,167.05728912353516,84.6212158203125,87.5,60.82175827026367,99.99276733398438,11.309226989746094,40.491454142404244,193642.0,21.868072509765625,23.772003173828125,20.807281494140625,23.58160400390625,34.22499990463257
1972-03-18 07:59:10,26.30548477172852,93.0722885131836,166.2516326904297,84.6212158203125,85.79999542236328,60.82175827026367,99.99276733398438,11.308022499084473,40.53317072286492,193642.0,16.53704833984375,25.077545166015625,21.07928466796875,18.98495483398437,34.22499990463257
1972-03-18 07:59:11,26.27285385131836,93.13253021240234,167.4072265625,84.6212158203125,86.69999694824219,60.82175827026367,99.99276733398438,11.317667007446287,41.823628110466395,193642.0,21.65048217773437,24.12557983398437,20.535308837890625,22.9288330078125,34.22499990463257
1972-03-18 07:59:12,26.261869430541992,93.01204681396484,166.44693756103516,84.6212158203125,87.19999694824219,60.82175827026367,99.99276733398438,11.32511043548584,41.27832968244179,193642.0,17.108230590820312,26.51910400390625,21.81365966796875,17.081024169921875,34.22499990463257
1972-03-18 07:59:13,26.29399299621582,92.89157104492188,167.09798431396484,84.54545593261719,86.69999694824219,60.82175827026367,99.99276733398438,11.32960605621338,40.94257271614453,193642.0,19.637741088867188,22.711227416992188,22.711227416992188,21.81365966796875,34.22499990463257
1972-03-18 07:59:14,26.32730293273925,92.9518051147461,167.34212493896484,84.54545593261719,87.30000305175781,60.82175827026367,99.99276733398438,11.339159965515137,40.37267165342484,193642.0,18.468170166015625,22.303253173828125,21.106475830078125,21.650466918945312,34.22499990463257
1972-03-18 07:59:15,26.323591232299805,93.01204681396484,166.2516326904297,84.6212158203125,85.79999542236328,60.82175827026367,99.99276733398438,11.348714828491213,41.190317062869354,193642.0,17.597808837890625,22.11285400390625,22.956024169921875,23.98959350585937,34.22499990463257
1972-03-18 07:59:16,26.31618309020996,93.0722885131836,167.56998443603516,84.6212158203125,86.69999694824219,60.82175827026367,99.99276733398438,11.350945472717283,39.92793525148727,193642.0,19.882537841796875,27.280670166015625,22.65682983398437,17.489013671875,34.22499990463257
1972-03-18 07:59:17,26.344650268554688,93.01204681396484,166.49576568603516,84.6212158203125,86.9000015258789,60.82175827026367,99.99276733398438,11.354561805725098,39.52220141289748,193642.0,23.11923217773437,22.92881774902344,20.970489501953125,22.956024169921875,34.22499990463257
1972-03-18 07:59:18,26.39699363708496,92.9518051147461,166.8212890625,84.6212158203125,86.5,60.82175827026367,99.99276733398438,11.362478256225586,39.08004587117846,193642.0,18.71298217773437,25.648727416992188,24.26156616210937,18.223388671875,34.22499990463257
1972-03-18 07:59:19,26.485843658447266,93.01204681396484,166.5283203125,84.6212158203125,86.19999694824219,60.81814193725586,99.99276733398438,11.371851921081545,39.7485103566776,193642.0,21.514480590820312,23.28240966796875,21.13368225097656,22.54803466796875,34.22499990463257
1972-03-18 07:59:20,26.556686401367188,93.13253021240234,166.5283203125,84.6212158203125,86.79999542236328,60.82175827026367,99.99276733398438,11.376829147338867,40.29197609885895,193642.0,19.800933837890625,27.66146850585937,21.677658081054688,21.895263671875,34.22499990463257
1972-03-18 07:59:21,26.56070137023925,93.01204681396484,166.6259765625,84.6212158203125,86.69999694824219,60.82175827026367,99.99276733398438,11.383220672607422,39.85245353168662,193642.0,19.800933837890625,24.778350830078125,21.46006774902344,22.357635498046875,34.22499990463257
1972-03-18 07:59:22,26.517478942871094,92.9518051147461,166.95963287353516,84.54545593261719,87.0,60.81814193725586,99.99276733398438,11.388116836547852,39.43870355286807,193642.0,23.28240966796875,24.370361328125,19.936920166015625,22.140045166015625,34.22499990463257
1972-03-18 07:59:23,26.48054313659668,92.9518051147461,166.552734375,84.6212158203125,86.29999542236328,60.82175827026367,99.99276733398438,11.394410133361816,41.15813000403143,193642.0,18.5225830078125,27.416656494140625,23.0648193359375,19.229736328125,34.22499990463257
1972-03-18 07:59:24,26.43722343444824,92.9518051147461,167.0817108154297,84.6212158203125,87.80000305175781,60.81814193725586,99.99276733398438,11.400667190551758,40.13993862800336,193642.0,20.7257080078125,23.092010498046875,21.487274169921875,21.94964599609375,34.22499990463257
1972-03-18 07:59:25,26.45054244995117,93.01204681396484,166.7154998779297,84.6212158203125,87.30000305175781,60.82175827026367,99.99276733398438,11.40104866027832,39.93283746651032,193642.0,24.043991088867188,22.65682983398437,21.242477416992188,20.807296752929688,34.22499990463257
1972-03-18 07:59:26,26.45364189147949,93.01204681396484,167.0654296875,84.6212158203125,86.5999984741211,60.82175827026367,99.99276733398438,11.407160758972168,40.69630213491975,193642.0,18.30499267578125,22.82002258300781,24.80555725097656,18.7945556640625,34.22499990463257
1972-03-18 07:59:27,26.407161712646484,93.01204681396484,167.1875,84.6212158203125,86.5999984741211,60.82175827026367,99.99276733398438,11.416172981262209,42.19919800406762,193642.0,18.549774169921875,26.410308837890625,20.671295166015625,22.1944580078125,34.22499990463257
1972-03-18 07:59:28,26.34330940246582,93.0722885131836,165.65755462646484,84.6212158203125,85.5,60.82175827026367,99.99276733398438,11.42518424987793,39.49277604624732,193642.0,18.767364501953125,25.18634033203125,21.81365966796875,21.21527099609375,34.22499990463257
1972-03-18 07:59:29,26.325931549072266,93.01204681396484,166.11328125,84.6212158203125,86.29999542236328,60.82175827026367,99.99276733398438,11.434196472167969,38.15906978294307,193642.0,18.196197509765625,25.75752258300781,24.85995483398437,22.629638671875,34.22499990463257
1972-03-18 07:59:30,26.310436248779297,92.9518051147461,166.1051483154297,84.6212158203125,87.0,60.82175827026367,99.99276733398438,11.443207740783691,39.27595274145466,193642.0,21.05209350585937,23.364013671875,21.46006774902344,19.9913330078125,34.22499990463257
1972-03-18 07:59:31,26.340007781982425,93.01204681396484,166.50390625,84.6212158203125,87.9000015258789,60.82175827026367,99.99276733398438,11.45221996307373,37.48485569977733,193642.0,17.0538330078125,26.247100830078125,20.290496826171875,21.704864501953125,34.22499990463257
1972-03-18 07:59:32,26.38174057006836,92.9518051147461,167.08170318603516,84.6212158203125,86.9000015258789,60.81814193725586,99.99276733398438,11.46123218536377,41.17920360796233,193642.0,17.815399169921875,25.811920166015625,21.78646850585937,21.568878173828125,34.22499990463257
1972-03-18 07:59:33,26.388288497924805,92.89157104492188,166.2109375,84.6212158203125,86.5999984741211,60.82175827026367,99.99276733398438,11.470243453979492,42.483319230277445,193642.0,22.65682983398437,21.432861328125,22.84722900390625,21.704864501953125,34.22499990463257
1972-03-18 07:59:34,26.345932006835938,92.9518051147461,165.83658599853516,84.6212158203125,86.5,60.81814193725586,99.99276733398438,11.479255676269531,41.73969684473653,193642.0,20.45370483398437,24.832763671875,25.53993225097656,21.94964599609375,34.22499990463257
1972-03-18 07:59:35,26.33952522277832,93.13253021240234,167.7653045654297,84.6212158203125,87.19999694824219,60.82175827026367,99.99276733398438,11.488266944885254,41.70819632315355,193642.0,22.140045166015625,22.3304443359375,22.765625,24.179977416992188,34.22499990463257
1972-03-18 07:59:36,26.334571838378903,93.25301361083984,165.43782806396484,84.6212158203125,86.19999694824219,60.82175827026367,99.99276733398438,11.497279167175291,37.292816490305576,193642.0,19.420150756835938,22.874420166015625,20.78009033203125,19.9913330078125,34.22499990463257
1972-03-18 07:59:37,26.39062690734864,93.01204681396484,167.13866424560547,84.6212158203125,86.79999542236328,60.81814193725586,99.99276733398438,11.506291389465332,39.373589406812755,193642.0,22.004058837890625,25.431137084960938,22.874420166015625,23.309600830078125,34.22499990463257
1972-03-18 07:59:38,26.44188690185547,92.83132934570312,167.236328125,84.6212158203125,86.5999984741211,60.82175827026367,99.99276733398438,11.515302658081056,40.88375049159052,193642.0,22.303253173828125,25.159149169921875,23.71759033203125,22.11285400390625,34.22499990463257
1972-03-18 07:59:39,26.43232536315918,92.83132934570312,166.8212890625,84.6212158203125,86.4000015258789,60.82175827026367,99.99276733398438,11.524314880371094,39.655068702888286,193642.0,19.90972900390625,24.234375,21.840850830078125,21.650466918945312,34.22499990463257
1972-03-18 07:59:40,26.363815307617188,92.9518051147461,166.88639068603516,84.6212158203125,86.79999542236328,60.82175827026367,99.99276733398438,11.533326148986816,39.024521365290354,193642.0,22.901641845703125,23.119216918945312,21.976852416992188,19.01214599609375,34.22499990463257
1972-03-18 07:59:41,26.35620880126953,93.13253021240234,165.79589080810547,84.6212158203125,86.69999694824219,60.81814193725586,99.99276733398438,11.542338371276855,39.11578490002058,193642.0,22.765625,23.98959350585937,19.936920166015625,23.7991943359375,34.22499990463257
1972-03-18 07:59:42,26.364463806152344,93.01204681396484,167.1305389404297,84.54545593261719,87.19999694824219,60.82175827026367,99.99276733398438,11.549156188964844,40.10733791077377,193642.0,18.06019592285156,26.301513671875,25.4039306640625,20.100128173828125,34.22499990463257
1972-03-18 07:59:43,26.41747283935547,92.9518051147461,165.35645294189453,84.6212158203125,86.5999984741211,60.82175827026367,99.99276733398438,11.560335159301758,40.61735301685934,193642.0,23.608795166015625,24.39756774902344,20.943283081054688,22.98321533203125,34.22499990463257
1972-03-18 07:59:44,26.475265502929688,93.01204681396484,166.70735931396484,84.6212158203125,86.69999694824219,60.82175827026367,99.99276733398438,11.567878723144531,40.30817142465231,193642.0,18.71298217773437,26.51910400390625,22.3304443359375,17.9241943359375,34.22499990463257
1972-03-18 07:59:45,26.48017692565918,92.89157104492188,166.748046875,84.6212158203125,87.69999694824219,60.82175827026367,99.99276733398438,11.584203720092772,38.25245578499369,193642.0,21.32408142089844,25.648727416992188,20.64410400390625,23.309600830078125,34.22499990463257
1972-03-18 07:59:46,26.43862533569336,92.9518051147461,166.43880462646484,84.6212158203125,87.5,60.82175827026367,99.99276733398438,11.602070808410645,40.21783154927326,193642.0,18.27778625488281,26.763885498046875,19.773727416992188,22.82002258300781,34.22499990463257
1972-03-18 07:59:47,26.43684196472168,93.0722885131836,165.79590606689453,84.6212158203125,87.0999984741211,60.82175827026367,99.99276733398438,11.609795570373535,37.002550337400784,193642.0,19.01216125488281,24.370361328125,22.412033081054688,20.970489501953125,34.22499990463257
1972-03-18 07:59:48,26.429088592529297,93.0722885131836,167.11426544189453,84.6212158203125,87.69999694824219,60.82175827026367,99.99276733398438,11.618969917297363,39.033335079811906,193642.0,20.100128173828125,27.416656494140625,23.826385498046875,20.39930725097656,34.22499990463257
1972-03-18 07:59:49,26.4534854888916,93.01204681396484,166.78060150146484,84.6212158203125,86.5,60.82175827026367,99.99276733398438,11.62961196899414,40.56269739268431,193642.0,23.772003173828125,26.845489501953125,21.487274169921875,21.92245483398437,34.22499990463257
1972-03-18 07:59:50,26.48008155822754,92.89157104492188,166.5771484375,84.6212158203125,87.0999984741211,60.81814193725586,99.99276733398438,11.638805389404297,37.36305455468481,193642.0,19.2569580078125,23.092010498046875,28.096649169921875,19.066558837890625,34.22499990463257
1972-03-18 07:59:51,26.46270179748535,92.9518051147461,166.04817962646484,84.6212158203125,87.19999694824219,60.81814193725586,99.99276733398438,11.647997856140137,39.884727755222926,193642.0,22.140045166015625,24.96875,18.332183837890625,23.010421752929688,34.22499990463257
1972-03-18 07:59:52,26.400850296020508,92.9518051147461,166.73990631103516,84.54545593261719,86.5,60.81814193725586,99.99276733398438,11.659383773803713,40.22600327460984,193642.0,18.549774169921875,28.259841918945312,21.296875,17.54339599609375,34.22499990463257
1972-03-18 07:59:53,26.37126541137696,93.0722885131836,166.455078125,84.54545593261719,87.5,60.81814193725586,99.99276733398438,11.67373275756836,40.92944927932875,193642.0,24.15278625488281,22.303253173828125,21.86805725097656,21.5960693359375,34.22499990463257
1972-03-18 07:59:54,26.3575382232666,93.01204681396484,166.05631256103516,84.6212158203125,86.9000015258789,60.82175827026367,99.99276733398438,11.683015823364258,41.04356173168407,193642.0,21.568878173828125,21.67767333984375,22.493621826171875,22.711227416992188,34.22499990463257
1972-03-18 07:59:55,26.38673210144043,92.89157104492188,165.1529998779297,84.6212158203125,86.9000015258789,60.82175827026367,99.99276733398438,11.695968627929688,39.617580342464606,193642.0,21.02490234375,20.64410400390625,22.03125,21.704864501953125,34.22499990463257
1972-03-18 07:59:56,26.42523002624512,92.9518051147461,166.0400390625,84.6212158203125,87.5,60.82175827026367,99.99276733398438,11.701627731323242,38.979532973963344,193642.0,20.970489501953125,24.07118225097656,24.343170166015625,21.704864501953125,34.22499990463257
1972-03-18 07:59:57,26.41905212402344,93.01204681396484,165.85286712646484,84.6212158203125,87.5,60.81814193725586,99.99276733398438,11.71237850189209,38.75631757902135,193642.0,24.01678466796875,20.100128173828125,21.18807983398437,23.309600830078125,34.22499990463257
1972-03-18 07:59:58,26.380077362060547,93.13253021240234,166.30859375,84.6212158203125,86.79999542236328,60.82175827026367,99.99276733398438,11.727534294128418,41.09681363812454,193642.0,19.9913330078125,22.738433837890625,24.28877258300781,20.48089599609375,34.22499990463257
1972-03-18 07:59:59,26.379981994628903,93.0722885131836,166.06444549560547,84.6212158203125,86.5999984741211,60.82175827026367,99.99276733398438,11.74423122406006,41.351941057536614,193642.0,22.9288330078125,21.86805725097656,19.99131774902344,24.31597900390625,34.22499990463257
1972-03-18 08:00:00,26.38801383972168,93.01204681396484,165.9586639404297,84.54545593261719,86.79999542236328,60.82175827026367,99.99276733398438,11.753695487976074,39.70858607845843,193642.0,18.576980590820312,22.711227416992188,21.81365966796875,24.424774169921875,34.22499990463257
1972-03-18 08:00:01,26.42217254638672,92.89157104492188,166.25975799560547,84.54545593261719,86.9000015258789,60.82175827026367,99.99276733398438,11.770482063293455,38.53360035943563,193642.0,20.64410400390625,24.75115966796875,21.07928466796875,22.84722900390625,34.22499990463257
1972-03-18 08:00:02,26.447525024414062,92.83132934570312,167.0491485595703,84.6212158203125,87.19999694824219,60.82175827026367,99.99276733398438,11.780035972595217,40.07849809463642,193642.0,18.413787841796875,25.34954833984375,19.039352416992188,20.807296752929688,34.22499990463257
1972-03-18 08:00:03,26.4426212310791,92.9518051147461,166.1458282470703,84.6212158203125,86.79999542236328,60.82175827026367,99.99276733398438,11.789590835571287,38.19667864267656,193642.0,17.86981201171875,25.2679443359375,22.874420166015625,22.956024169921875,34.22499990463257
1972-03-18 08:00:04,26.392297744750977,93.13253021240234,166.6910858154297,84.6212158203125,87.30000305175781,60.82175827026367,99.99276733398438,11.799144744873049,38.266255551624916,193642.0,18.549774169921875,26.165512084960938,19.88252258300781,21.7320556640625,34.22499990463257
1972-03-18 08:00:05,26.379619598388672,93.0722885131836,166.2841796875,84.6212158203125,86.5999984741211,60.82175827026367,99.99276733398438,11.808698654174805,40.85357829692279,193642.0,21.895263671875,24.80555725097656,23.907989501953125,20.888885498046875,34.22499990463257
1972-03-18 08:00:06,26.381704330444336,92.9518051147461,166.69921875,84.6212158203125,86.4000015258789,60.82175827026367,99.99276733398438,11.81825351715088,40.83604346594189,193642.0,19.44735717773437,22.439239501953125,23.010406494140625,21.86805725097656,34.22499990463257
1972-03-18 08:00:07,26.42705345153809,92.89157104492188,166.46321868896484,84.6212158203125,87.30000305175781,60.82175827026367,99.99276733398438,11.827807426452637,39.58595902084871,193642.0,23.5,28.096649169921875,21.541656494140625,22.276046752929688,34.22499990463257
1972-03-18 08:00:08,26.473682403564453,92.9518051147461,165.29947662353516,84.6212158203125,86.5,60.82175827026367,99.99276733398438,11.837362289428713,39.95480839324159,193642.0,18.767364501953125,23.88079833984375,21.487274169921875,18.767364501953125,34.22499990463257
1972-03-18 08:00:09,26.48497772216797,93.01204681396484,165.478515625,84.6212158203125,86.5,60.82175827026367,99.99276733398438,11.853497505187988,40.34441624928452,193642.0,21.5960693359375,20.807281494140625,22.05844116210937,18.767364501953125,34.22499990463257
1972-03-18 08:00:10,26.4434757232666,93.0722885131836,165.9423828125,84.6212158203125,87.0999984741211,60.82175827026367,99.99276733398438,11.86167335510254,39.04216222781929,193642.0,19.964141845703125,25.213531494140625,21.92245483398437,20.58969116210937,34.22499990463257
1972-03-18 08:00:11,26.41859245300293,93.01204681396484,166.943359375,84.6212158203125,86.9000015258789,60.81814193725586,99.99276733398438,11.871298789978027,39.77015253320873,193642.0,18.30499267578125,25.2679443359375,24.560760498046875,21.7320556640625,34.22499990463257
1972-03-18 08:00:12,26.403383255004883,92.9518051147461,166.6910858154297,84.54545593261719,87.9000015258789,60.82175827026367,99.99276733398438,11.880908012390137,37.48482569898079,193642.0,23.74481201171875,24.587966918945312,21.106475830078125,23.744796752929688,34.22499990463257
1972-03-18 08:00:13,26.422611236572266,92.89157104492188,166.08072662353516,84.54545593261719,87.69999694824219,60.82175827026367,99.99276733398438,11.891993522644045,38.86880745031169,193642.0,24.098388671875,21.405670166015625,22.738433837890625,18.304977416992188,34.22499990463257
1972-03-18 08:00:14,26.440698623657227,93.01204681396484,166.14583587646484,84.54545593261719,87.4000015258789,60.82175827026367,99.99276733398438,11.902362823486328,39.6805861205388,193642.0,18.413787841796875,18.14178466796875,27.362274169921875,22.956024169921875,34.22499990463257
1972-03-18 08:00:15,26.430828094482425,93.0722885131836,166.2028045654297,84.6212158203125,87.80000305175781,60.82175827026367,99.99276733398438,11.910531997680664,39.0311857246175,193642.0,23.472808837890625,22.276031494140625,19.71932983398437,20.8616943359375,34.22499990463257
1972-03-18 08:00:16,26.36240196228028,93.0722885131836,165.66568756103516,84.6212158203125,86.9000015258789,60.82175827026367,99.99276733398438,11.920158386230469,39.522032319089156,193642.0,19.01216125488281,22.41204833984375,24.778350830078125,21.07928466796875,34.22499990463257
1972-03-18 08:00:17,26.32814216613769,93.0722885131836,166.015625,84.6212158203125,87.5,60.82175827026367,99.99276733398438,11.92759895324707,39.41994572547354,193642.0,22.820037841796875,22.68402099609375,19.99131774902344,19.88252258300781,34.22499990463257
1972-03-18 08:00:18,26.29762840270996,93.01204681396484,166.0807342529297,84.6212158203125,87.5,60.82175827026367,99.99276733398438,11.9408597946167,40.30080236990945,193642.0,21.24249267578125,21.487274169921875,23.907989501953125,21.67767333984375,34.22499990463257
1972-03-18 08:00:19,26.307126998901367,92.89157104492188,166.3004608154297,84.6212158203125,87.4000015258789,60.82175827026367,99.99276733398438,11.94831085205078,39.07353896618245,193642.0,20.48091125488281,25.893524169921875,21.623260498046875,23.39120483398437,34.22499990463257
1972-03-18 08:00:20,26.336774826049805,92.83132934570312,165.63314056396484,84.6212158203125,87.5,60.82175827026367,99.99276733398438,11.958662033081056,37.97491246956939,193642.0,20.45370483398437,25.13194274902344,23.33680725097656,22.03125,34.22499990463257
1972-03-18 08:00:21,26.344350814819336,92.89157104492188,165.1285858154297,84.6212158203125,87.0,60.82175827026367,99.99276733398438,11.969748497009276,38.62146012312313,193642.0,22.79283142089844,23.25521850585937,20.154510498046875,18.38656616210937,34.22499990463257
1972-03-18 08:00:22,26.29689216613769,93.01204681396484,166.455078125,84.6212158203125,86.19999694824219,60.82175827026367,99.99276733398438,11.979393005371094,39.86698667490623,193642.0,19.85533142089844,23.55439758300781,23.5,22.384841918945312,34.22499990463257
1972-03-18 08:00:23,26.27694129943848,93.13253021240234,166.5120391845703,84.6212158203125,87.0999984741211,60.82175827026367,99.99276733398438,11.99123191833496,38.261869963637835,193642.0,22.738433837890625,25.48553466796875,18.821746826171875,23.58160400390625,34.22499990463257
1972-03-18 08:00:24,26.28146171569824,93.13253021240234,167.2526092529297,84.6212158203125,87.5999984741211,60.82175827026367,99.99276733398438,12.006032943725586,38.445949014645784,193642.0,16.781829833984375,27.22627258300781,22.439239501953125,18.304977416992188,34.22499990463257
1972-03-18 08:00:25,26.33245086669922,93.01204681396484,166.4713592529297,84.6212158203125,87.30000305175781,60.82175827026367,99.99276733398438,12.01576805114746,37.750271407905146,193642.0,24.071197509765625,21.13368225097656,19.474533081054688,21.81365966796875,34.22499990463257
1972-03-18 08:00:26,26.40785789489746,92.83132934570312,166.1376953125,84.6212158203125,87.69999694824219,60.82175827026367,99.99276733398438,12.025503158569336,39.87665870994848,193642.0,20.426513671875,24.098388671875,23.173614501953125,18.712966918945312,34.22499990463257
1972-03-18 08:00:27,26.46057510375977,92.89157104492188,165.8121795654297,84.6212158203125,87.0,60.82175827026367,99.99276733398438,12.04181957244873,40.223889173775575,193642.0,20.80731201171875,20.48089599609375,24.85995483398437,23.25521850585937,34.22499990463257
1972-03-18 08:00:28,26.405452728271484,93.0722885131836,165.78775787353516,84.6212158203125,87.4000015258789,60.82175827026367,99.99276733398438,12.059700965881348,39.51085440096989,193642.0,20.970489501953125,23.39120483398437,21.541656494140625,22.03125,34.22499990463257
1972-03-18 08:00:29,26.365943908691406,93.13253021240234,166.1702423095703,84.6212158203125,87.30000305175781,60.81814193725586,99.99276733398438,12.069616317749023,39.60086413219142,193642.0,22.52084350585937,24.424774169921875,22.412033081054688,20.34490966796875,34.22499990463257
1972-03-18 08:00:30,26.390932083129883,93.0722885131836,165.96678924560547,84.6212158203125,87.0,60.82175827026367,99.99276733398438,12.082468032836914,38.64055495741718,193642.0,18.98495483398437,24.234375,22.575225830078125,22.765625,34.22499990463257
1972-03-18 08:00:31,26.452157974243164,93.01204681396484,166.03189849853516,84.6212158203125,87.5999984741211,60.82175827026367,99.99276733398438,12.096807479858398,38.584568580317956,193642.0,22.983230590820312,22.140045166015625,19.828125,20.1273193359375,34.22499990463257
1972-03-18 08:00:32,26.52107810974121,93.01204681396484,165.44596099853516,84.6212158203125,86.9000015258789,60.81814193725586,99.99276733398438,12.10681438446045,39.16268626907927,193642.0,18.903366088867188,25.2679443359375,24.28877258300781,20.752899169921875,34.22499990463257
1972-03-18 08:00:33,26.54778861999512,93.01204681396484,165.59243774414062,84.54545593261719,87.0,60.81814193725586,99.99276733398438,12.116820335388184,40.983875275016956,193642.0,23.092025756835938,21.840850830078125,21.78646850585937,21.94964599609375,34.22499990463257
1972-03-18 08:00:34,26.498743057250977,93.01204681396484,166.32486724853516,84.54545593261719,87.19999694824219,60.81814193725586,99.99276733398438,12.126826286315918,37.936431316752724,193642.0,19.58334350585937,26.65509033203125,22.167236328125,20.698486328125,34.22499990463257
1972-03-18 08:00:35,26.46540641784668,93.01204681396484,165.7958984375,84.54545593261719,87.5,60.82175827026367,99.99276733398438,12.136833190917969,39.77935634008012,193642.0,19.3929443359375,26.682281494140625,24.642364501953125,19.202545166015625,34.22499990463257
1972-03-18 08:00:36,26.425762176513672,92.9518051147461,165.4541015625,84.6212158203125,87.5,60.82175827026367,99.99276733398438,12.153435707092283,39.79870542219938,193642.0,18.08740234375,23.28240966796875,22.303237915039062,22.221649169921875,34.22499990463257
1972-03-18 08:00:37,26.40005874633789,92.9518051147461,165.07161712646484,84.6212158203125,86.5,60.82175827026367,99.99276733398438,12.162797927856444,40.534106279830254,193642.0,23.25521850585937,22.19444274902344,23.173614501953125,19.447341918945312,34.22499990463257
1972-03-18 08:00:38,26.377111434936523,93.01204681396484,166.28418731689453,84.6212158203125,86.9000015258789,60.82175827026367,99.99276733398438,12.175804138183594,40.176329322810574,193642.0,18.332183837890625,24.72396850585937,24.832763671875,20.181716918945312,34.22499990463257
1972-03-18 08:00:39,26.434513092041016,93.01204681396484,163.8916015625,84.6212158203125,86.69999694824219,60.82175827026367,99.99276733398438,12.191766738891602,40.12041288094101,193642.0,21.133697509765625,21.32406616210937,19.420135498046875,24.941558837890625,34.22499990463257
1972-03-18 08:00:40,26.406009674072266,93.01204681396484,165.56803131103516,84.54545593261719,86.19999694824219,60.82175827026367,99.99276733398438,12.201953887939451,39.68331884607978,193642.0,16.83624267578125,25.53993225097656,22.79281616210937,20.78009033203125,34.22499990463257
1972-03-18 08:00:41,26.33839607238769,93.01204681396484,164.83560943603516,84.54545593261719,86.79999542236328,60.82175827026367,99.99276733398438,12.21433448791504,40.31801435378114,193642.0,21.623275756835938,21.160888671875,20.752899169921875,24.587966918945312,34.22499990463257
1972-03-18 08:00:42,26.28173828125,92.89157104492188,165.82845306396484,84.6212158203125,87.19999694824219,60.82175827026367,99.99276733398438,12.2296781539917,40.754673856247095,193642.0,22.79283142089844,24.39756774902344,21.35127258300781,20.04571533203125,34.22499990463257
1972-03-18 08:00:43,26.26278686523437,92.9518051147461,165.5598907470703,84.6212158203125,86.79999542236328,60.82175827026367,99.99276733398438,12.23995590209961,40.63922516119962,193642.0,20.045730590820312,25.73031616210937,19.61053466796875,21.487274169921875,34.22499990463257
1972-03-18 08:00:44,26.267358779907227,93.0722885131836,165.6656951904297,84.6212158203125,86.5999984741211,60.82175827026367,99.99276733398438,12.25023365020752,39.49985161557491,193642.0,20.64410400390625,20.72569274902344,22.140045166015625,19.61053466796875,34.22499990463257
1972-03-18 08:00:45,26.29852867126465,93.01204681396484,165.478515625,84.6212158203125,86.5999984741211,60.82175827026367,99.99276733398438,12.260510444641112,39.394200450928246,193642.0,21.37847900390625,27.416656494140625,18.740158081054688,22.1944580078125,34.22499990463257
1972-03-18 08:00:46,26.27144241333008,92.9518051147461,166.2353515625,84.6212158203125,87.19999694824219,60.82175827026367,99.99276733398438,12.270788192749023,39.172889664015784,193642.0,20.236114501953125,22.874420166015625,25.45834350585937,20.426513671875,34.22499990463257
1972-03-18 08:00:47,26.24870681762696,92.9518051147461,165.3401641845703,84.54545593261719,86.9000015258789,60.81814193725586,99.99276733398438,12.281065940856934,39.156707781682755,193642.0,24.071197509765625,25.02314758300781,17.54339599609375,21.160888671875,34.22499990463257
1972-03-18 08:00:48,26.29953384399414,93.0722885131836,165.4459686279297,84.54545593261719,86.4000015258789,60.82175827026367,99.99276733398438,12.291343688964844,41.24560210551814,193642.0,22.27606201171875,20.752899169921875,24.506362915039062,19.501739501953125,34.22499990463257
1972-03-18 08:00:49,26.392318725585938,93.0722885131836,166.61783599853516,84.6212158203125,87.5,60.82175827026367,99.99276733398438,12.302362442016602,38.26737290903866,193642.0,24.88716125488281,25.839111328125,20.834487915039062,25.2679443359375,34.22499990463257
1972-03-18 08:00:50,26.51077461242676,93.01204681396484,165.35645294189453,84.6212158203125,86.9000015258789,60.81814193725586,99.99276733398438,12.319231033325195,41.306291023255085,193642.0,19.637741088867188,27.06307983398437,22.60243225097656,20.888885498046875,34.22499990463257
1972-03-18 08:00:51,26.59717559814453,92.9518051147461,166.943359375,84.6212158203125,87.9000015258789,60.82175827026367,99.99276733398438,12.329598426818848,37.00598411712651,193642.0,21.623275756835938,24.85995483398437,22.711227416992188,22.575225830078125,34.22499990463257
1972-03-18 08:00:52,26.633602142333984,92.9518051147461,165.4296875,84.6212158203125,86.69999694824219,60.81814193725586,99.99276733398438,12.339966773986816,41.70024960472448,193642.0,21.133697509765625,22.3304443359375,21.759246826171875,22.276046752929688,34.22499990463257
1972-03-18 08:00:53,26.69949531555176,93.0722885131836,165.13671875,84.6212158203125,87.0,60.82175827026367,99.99276733398438,12.350334167480469,39.27805218161588,193642.0,23.20082092285156,22.167236328125,22.303237915039062,22.765625,34.22499990463257
1972-03-18 08:00:54,26.738739013671875,93.01204681396484,166.7073516845703,84.6212158203125,86.79999542236328,60.82175827026367,99.99276733398438,12.360702514648438,37.110281621822125,193642.0,18.06019592285156,25.2679443359375,21.5960693359375,22.05844116210937,34.22499990463257
1972-03-18 08:00:55,26.77703666687012,92.9518051147461,165.2099609375,84.54545593261719,87.30000305175781,60.82175827026367,99.99276733398438,12.37106990814209,39.60917335351348,193642.0,25.34954833984375,24.72396850585937,20.48089599609375,21.106475830078125,34.22499990463257
1972-03-18 08:00:56,26.81222343444824,93.01204681396484,166.9596405029297,84.6212158203125,87.5,60.81814193725586,99.99276733398438,12.376317024230955,38.013030926861134,193642.0,18.359375,27.33506774902344,21.568862915039062,20.671295166015625,34.22499990463257
1972-03-18 08:00:57,26.809720993041992,93.01204681396484,166.0074920654297,84.6212158203125,87.80000305175781,60.81814193725586,99.99276733398438,12.384419441223145,38.444992410722385,193642.0,25.59432983398437,22.765625,21.94964599609375,22.52084350585937,34.22499990463257
1972-03-18 08:00:58,26.74281120300293,93.01204681396484,165.73892974853516,84.6212158203125,87.5,60.82175827026367,99.99276733398438,12.387373924255373,38.88216399262959,193642.0,18.576980590820312,24.99594116210937,21.432861328125,23.14642333984375,34.22499990463257
1972-03-18 08:00:59,26.66626167297364,93.01204681396484,166.30860137939453,84.6212158203125,87.80000305175781,60.82175827026367,99.99276733398438,12.39243984222412,37.72431121793378,193642.0,21.05209350585937,26.35589599609375,23.173614501953125,23.0648193359375,34.22499990463257
1972-03-18 08:01:00,26.566219329833984,92.9518051147461,165.55989837646484,84.6212158203125,88.30000305175781,60.81814193725586,99.99276733398438,12.395233154296877,38.686598340794134,193642.0,19.03936767578125,23.7991943359375,23.0648193359375,19.637725830078125,34.22499990463257
1972-03-18 08:01:01,26.47749328613281,92.9518051147461,165.39712524414062,84.6212158203125,87.0999984741211,60.82175827026367,99.99276733398438,12.403072357177734,38.12657075809591,193642.0,20.535308837890625,24.832763671875,22.82002258300781,21.94964599609375,34.22499990463257
1972-03-18 08:01:02,26.394607543945312,92.9518051147461,166.17024993896484,84.6212158203125,86.69999694824219,60.82175827026367,99.99276733398438,12.407957077026367,39.23954169188639,193642.0,15.93865966796875,25.53993225097656,25.240737915039062,22.357635498046875,34.22499990463257
1972-03-18 08:01:03,26.305389404296875,93.01204681396484,164.94140625,84.6212158203125,86.0999984741211,60.82175827026367,99.99276733398438,12.406182289123535,40.07652962672931,193642.0,23.14642333984375,24.31597900390625,15.693862915039062,20.39930725097656,34.22499990463257
1972-03-18 08:01:04,26.21029281616211,92.9518051147461,165.64127349853516,84.6212158203125,87.5999984741211,60.82175827026367,99.99276733398438,12.41085147857666,39.02444056947074,193642.0,20.48091125488281,21.160888671875,26.383102416992188,22.901611328125,34.22499990463257
1972-03-18 08:01:05,26.09625625610352,92.9518051147461,165.6982421875,84.6212158203125,86.9000015258789,60.82175827026367,99.99276733398438,12.42058563232422,40.90725681434099,193642.0,21.81365966796875,25.159149169921875,19.66493225097656,21.405670166015625,34.22499990463257
1972-03-18 08:01:06,26.04710578918457,93.01204681396484,165.869140625,84.6212158203125,87.9000015258789,60.82175827026367,99.99276733398438,12.424449920654297,38.27457053342496,193642.0,17.162628173828125,26.19271850585937,24.45196533203125,21.18807983398437,34.22499990463257
1972-03-18 08:01:07,26.035829544067383,93.01204681396484,166.19466400146484,84.6212158203125,88.0999984741211,60.82175827026367,99.99276733398438,12.428998947143556,39.61864044770387,193642.0,19.44735717773437,27.96064758300781,22.08564758300781,20.372100830078125,34.22499990463257
1972-03-18 08:01:08,26.0749454498291,93.0722885131836,165.07162475585938,84.6212158203125,87.0999984741211,60.81814193725586,99.99276733398438,12.437138557434082,40.151744220026636,193642.0,19.58334350585937,24.07118225097656,21.840850830078125,21.92245483398437,34.22499990463257
1972-03-18 08:01:09,26.1400089263916,93.01204681396484,164.80306243896484,84.6212158203125,87.19999694824219,60.82175827026367,99.99276733398438,12.444518089294434,40.29259724975598,193642.0,24.098388671875,22.629638671875,19.09375,21.623260498046875,34.22499990463257
1972-03-18 08:01:10,26.168434143066406,93.01204681396484,166.21092987060547,84.54545593261719,87.5,60.82175827026367,99.99276733398438,12.449677467346191,38.764336291880724,193642.0,20.236114501953125,26.92709350585937,23.962371826171875,21.895263671875,34.22499990463257
1972-03-18 08:01:11,26.197717666625977,92.89157104492188,164.19271087646484,84.54545593261719,86.69999694824219,60.82175827026367,99.99276733398438,12.451862335205078,39.19372538295726,193642.0,23.7991943359375,23.25521850585937,18.685760498046875,21.4600830078125,34.22499990463257
1972-03-18 08:01:12,26.29103279113769,92.89157104492188,165.85286712646484,84.54545593261719,87.4000015258789,60.82175827026367,99.99276733398438,12.458335876464844,37.71115663708398,193642.0,17.1898193359375,21.86805725097656,25.53993225097656,21.759262084960938,34.22499990463257
1972-03-18 08:01:13,26.38682556152344,92.89157104492188,165.3401641845703,84.6212158203125,87.0999984741211,60.82175827026367,99.99276733398438,12.4677095413208,40.05705574031378,193642.0,26.19271850585937,27.74305725097656,19.88252258300781,24.01678466796875,34.22499990463257
1972-03-18 08:01:14,26.4987850189209,93.01204681396484,165.6901092529297,84.6212158203125,87.5,60.82175827026367,99.99276733398438,12.471946716308594,39.37065837855696,193642.0,16.509857177734375,25.62152099609375,21.81365966796875,26.4375,34.22499990463257
1972-03-18 08:01:15,26.576637268066406,93.13253021240234,165.77962493896484,84.6212158203125,87.30000305175781,60.82175827026367,99.99276733398438,12.47613525390625,38.9741037126093,193642.0,21.160888671875,24.642364501953125,21.623260498046875,21.704864501953125,34.22499990463257
1972-03-18 08:01:16,26.57291030883789,93.0722885131836,164.4287109375,84.6212158203125,87.0999984741211,60.82175827026367,99.99276733398438,12.473670959472656,40.09836491299294,193642.0,18.685775756835938,22.52084350585937,20.290496826171875,21.07928466796875,34.22499990463257
1972-03-18 08:01:17,26.516746520996094,92.9518051147461,165.55989837646484,84.6212158203125,87.5999984741211,60.82175827026367,99.99276733398438,12.475449562072754,38.41108118504904,193642.0,20.780105590820312,24.098388671875,23.364013671875,20.752899169921875,34.22499990463257
1972-03-18 08:01:18,26.49051094055176,92.89157104492188,165.9749298095703,84.54545593261719,87.30000305175781,60.82175827026367,99.99276733398438,12.481534004211426,40.08569669479201,193642.0,20.535308837890625,23.52719116210937,18.168975830078125,22.9288330078125,34.22499990463257
1972-03-18 08:01:19,26.45484733581543,92.9518051147461,165.5029296875,84.54545593261719,87.9000015258789,60.82175827026367,99.99276733398438,12.489768028259276,39.780563302314015,193642.0,22.004058837890625,25.213531494140625,22.65682983398437,22.901611328125,34.22499990463257
1972-03-18 08:01:20,26.405527114868164,93.0722885131836,166.65853118896484,84.6212158203125,88.0999984741211,60.82175827026367,99.99276733398438,12.493605613708496,37.67670937968453,193642.0,20.5625,24.75115966796875,25.05035400390625,23.52719116210937,34.22499990463257
1972-03-18 08:01:21,26.40143585205078,93.0722885131836,165.0960235595703,84.6212158203125,87.30000305175781,60.82175827026367,99.99276733398438,12.496661186218262,39.55185582153274,193642.0,22.004058837890625,25.86631774902344,21.05209350585937,21.37847900390625,34.22499990463257
1972-03-18 08:01:22,26.365550994873047,93.01204681396484,166.12955474853516,84.6212158203125,87.0,60.82175827026367,99.99276733398438,12.505492210388184,38.72256148421249,193642.0,18.631378173828125,26.627899169921875,24.75115966796875,23.55439758300781,34.22499990463257
1972-03-18 08:01:23,26.287824630737305,93.01204681396484,165.95865631103516,84.6212158203125,87.30000305175781,60.82175827026367,99.99276733398438,12.512128829956056,37.947074205049034,193642.0,23.717605590820312,25.73031616210937,23.173614501953125,22.575225830078125,34.22499990463257
1972-03-18 08:01:24,26.237594604492188,92.89157104492188,165.60872650146484,84.6212158203125,87.5,60.82175827026367,99.99276733398438,12.513602256774902,39.10765614795404,193642.0,22.140045166015625,27.525466918945312,22.54803466796875,19.2569580078125,34.22499990463257
1972-03-18 08:01:25,26.18945503234864,92.89157104492188,165.55176544189453,84.6212158203125,87.30000305175781,60.82175827026367,99.99276733398438,12.517194747924805,40.17544272857179,193642.0,20.045730590820312,24.941558837890625,22.38482666015625,18.19618225097656,34.22499990463257
1972-03-18 08:01:26,26.207189559936523,92.9518051147461,165.2099609375,84.6212158203125,86.9000015258789,60.82175827026367,99.99276733398438,12.52365016937256,40.42202092195007,193642.0,19.01216125488281,24.696762084960938,25.648727416992188,21.895263671875,34.22499990463257
1972-03-18 08:01:27,26.25489044189453,93.0722885131836,165.20996856689453,84.6212158203125,86.5,60.82175827026367,99.9963836669922,12.527144432067873,40.0626522507171,193642.0,22.11285400390625,23.364013671875,18.38656616210937,21.05209350585937,34.22499990463257
1972-03-18 08:01:28,26.27625846862793,93.1927719116211,166.10514068603516,84.6212158203125,87.0999984741211,60.82175827026367,99.99276733398438,12.531285285949709,39.800567742040386,193642.0,21.432891845703125,24.12557983398437,26.845489501953125,22.60243225097656,34.22499990463257
1972-03-18 08:01:29,26.264986038208008,93.0722885131836,165.26692962646484,84.6212158203125,88.80000305175781,60.82175827026367,99.99276733398438,12.536855697631836,37.013320221166865,193642.0,22.84722900390625,23.33680725097656,17.461807250976562,22.08564758300781,34.22499990463257
1972-03-18 08:01:30,26.339956283569336,92.89157104492188,167.00032806396484,84.54545593261719,87.5999984741211,60.82175827026367,99.99276733398438,12.543864250183104,38.996544101572496,193642.0,16.945037841796875,22.493637084960938,26.410308837890625,22.52084350585937,34.22499990463257
1972-03-18 08:01:31,26.42548179626465,92.83132934570312,166.34928131103516,84.54545593261719,86.79999542236328,60.82175827026367,99.99276733398438,12.546467781066896,39.05431401914301,193642.0,22.3304443359375,23.52719116210937,19.74652099609375,24.479171752929688,34.22499990463257
1972-03-18 08:01:32,26.49054527282715,92.9518051147461,167.79784393310547,84.54545593261719,86.79999542236328,60.82175827026367,99.99276733398438,12.554120063781738,39.99448385105131,193642.0,19.01216125488281,22.60243225097656,23.98959350585937,22.439239501953125,34.22499990463257
1972-03-18 08:01:33,26.560274124145508,93.0722885131836,167.7815704345703,84.6212158203125,87.0,60.82175827026367,99.99276733398438,12.549296379089355,39.4991845378817,193642.0,23.826400756835938,21.704864501953125,19.12094116210937,22.24884033203125,34.22499990463257
1972-03-18 08:01:34,26.554256439208984,93.13253021240234,167.10611724853516,84.6212158203125,87.0,60.82175827026367,99.99276733398438,12.556761741638184,39.39283402951772,193642.0,18.576980590820312,20.698486328125,22.874420166015625,23.690399169921875,34.22499990463257
1972-03-18 08:01:35,26.504657745361328,93.01204681396484,169.07552337646484,84.6212158203125,86.9000015258789,60.82175827026367,99.99276733398438,12.564959526062012,39.342984068737685,193642.0,24.31597900390625,25.92071533203125,16.863433837890625,19.61053466796875,34.22499990463257
1972-03-18 08:01:36,26.50188636779785,92.9518051147461,170.8414764404297,84.6212158203125,87.9000015258789,60.82175827026367,99.99276733398438,12.57315731048584,38.7961911303662,193642.0,16.509857177734375,24.479156494140625,21.677658081054688,21.840850830078125,34.22499990463257
1972-03-18 08:01:37,26.49843978881836,92.89157104492188,169.93001556396484,84.6212158203125,87.30000305175781,60.82175827026367,99.99276733398438,12.571127891540527,39.41638087143468,193642.0,23.0648193359375,26.21990966796875,20.2633056640625,21.18807983398437,34.22499990463257
1972-03-18 08:01:38,26.49443817138672,92.9518051147461,170.45899200439453,84.54545593261719,87.4000015258789,60.82175827026367,99.99276733398438,12.574795722961426,38.92510393272744,193642.0,15.231491088867188,24.75115966796875,25.077545166015625,23.6632080078125,34.22499990463257
1972-03-18 08:01:39,26.50152015686035,93.0722885131836,171.2646484375,84.54545593261719,87.0999984741211,60.82175827026367,99.99276733398438,12.582813262939451,38.805973242945065,193642.0,22.248855590820312,23.037628173828125,18.0601806640625,19.936920166015625,34.22499990463257
1972-03-18 08:01:40,26.478395462036133,93.0722885131836,171.7529296875,84.6212158203125,86.69999694824219,60.82175827026367,99.99276733398438,12.583491325378418,40.0473649008576,193642.0,17.57061767578125,27.09027099609375,22.08564758300781,23.608795166015625,34.22499990463257
1972-03-18 08:01:41,26.39903450012207,92.9518051147461,171.10189056396484,84.6212158203125,88.0,60.82175827026367,99.99276733398438,12.581159591674805,39.747058403200356,193642.0,22.65682983398437,23.608795166015625,20.48089599609375,21.242477416992188,34.22499990463257
1972-03-18 08:01:42,26.384716033935547,92.9518051147461,171.37044525146484,84.6212158203125,86.69999694824219,60.82175827026367,99.99276733398438,12.584571838378906,39.654185621682345,193642.0,18.98495483398437,23.364013671875,20.8616943359375,20.181716918945312,34.22499990463257
1972-03-18 08:01:43,26.37631225585937,92.89157104492188,170.36946868896484,84.6212158203125,87.9000015258789,60.82175827026367,99.99276733398438,12.586470603942873,38.593700067916316,193642.0,20.07293701171875,25.78472900390625,22.65682983398437,20.9976806640625,34.22499990463257
1972-03-18 08:01:44,26.39737892150879,93.01204681396484,172.07845306396484,84.54545593261719,87.0,60.82175827026367,99.99276733398438,12.582425117492676,41.0726998144269,193642.0,20.970489501953125,26.92709350585937,22.901611328125,22.41204833984375,34.22499990463257
1972-03-18 08:01:45,26.447010040283203,93.13253021240234,169.580078125,84.6212158203125,86.9000015258789,60.82175827026367,99.99276733398438,12.57968044281006,40.14570819675678,193642.0,22.820037841796875,23.826385498046875,19.5289306640625,18.604171752929688,34.22499990463257
1972-03-18 08:01:46,26.44558334350586,93.13253021240234,172.7294921875,84.6212158203125,87.0,60.82175827026367,99.99276733398438,12.585630416870115,39.94665801953711,193642.0,18.903366088867188,28.2054443359375,22.357635498046875,22.711227416992188,34.22499990463257
1972-03-18 08:01:47,26.39424514770508,93.01204681396484,166.3492889404297,84.6212158203125,87.69999694824219,60.82175827026367,99.9963836669922,12.584223747253418,39.78887680798624,193642.0,21.75927734375,25.75752258300781,21.86805725097656,18.087387084960938,34.22499990463257
1972-03-18 08:01:48,26.36220932006836,92.9518051147461,170.1253204345703,84.6212158203125,87.0,60.82175827026367,99.99276733398438,12.584183692932127,39.93190930868747,193642.0,18.903366088867188,27.79745483398437,21.432861328125,18.74017333984375,34.22499990463257
1972-03-18 08:01:49,26.344879150390625,92.9518051147461,170.41829681396484,84.6212158203125,87.9000015258789,60.82175827026367,99.99276733398438,12.580376625061035,39.532928901651744,193642.0,21.07928466796875,26.383102416992188,20.970489501953125,19.01214599609375,34.22499990463257
1972-03-18 08:01:50,26.359922409057617,92.9518051147461,169.140625,84.6212158203125,87.5,60.82175827026367,99.99276733398438,12.580110549926758,40.39937103618901,193642.0,18.74017333984375,26.35589599609375,24.696746826171875,18.74017333984375,34.22499990463257
1972-03-18 08:01:51,26.3875789642334,92.9518051147461,169.46614837646484,84.54545593261719,87.5999984741211,60.82175827026367,99.99276733398438,12.580472946166992,37.15005922430794,193642.0,20.7257080078125,25.675933837890625,17.760986328125,22.765625,34.22499990463257
1972-03-18 08:01:52,26.39659309387207,93.01204681396484,170.58919525146484,84.6212158203125,87.30000305175781,60.82175827026367,99.99276733398438,12.574164390563965,39.679254696928346,193642.0,18.79457092285156,25.13194274902344,24.479156494140625,20.94329833984375,34.22499990463257
1972-03-18 08:01:53,26.354127883911133,93.0722885131836,169.09993743896484,84.6212158203125,87.69999694824219,60.82175827026367,99.99276733398438,12.573556900024414,38.71739612349954,193642.0,20.399322509765625,23.5,19.692138671875,21.51446533203125,34.22499990463257
1972-03-18 08:01:54,26.357080459594727,93.0722885131836,168.85580444335938,84.6212158203125,87.4000015258789,60.81814193725586,99.99276733398438,12.575793266296388,39.12337780519312,193642.0,18.196197509765625,22.738433837890625,26.111114501953125,21.432861328125,34.22499990463257
1972-03-18 08:01:55,26.37556838989257,93.01204681396484,168.57910919189453,84.6212158203125,87.0999984741211,60.81814193725586,99.99276733398438,12.577226638793944,40.3296293119794,193642.0,21.160888671875,23.14642333984375,18.38656616210937,21.86805725097656,34.22499990463257
1972-03-18 08:01:56,26.40522003173828,92.9518051147461,169.29524993896484,84.6212158203125,86.9000015258789,60.82175827026367,99.99276733398438,12.578612327575684,39.109339971135384,193642.0,20.29052734375,25.811920166015625,23.85357666015625,19.3929443359375,34.22499990463257
1972-03-18 08:01:57,26.42724800109864,92.9518051147461,170.3857421875,84.6212158203125,88.0,60.82175827026367,99.99276733398438,12.57481288909912,39.72632030525951,193642.0,23.690399169921875,21.568878173828125,20.018524169921875,24.5335693359375,34.22499990463257
1972-03-18 08:01:58,26.41831398010254,93.0722885131836,168.2210235595703,84.6212158203125,86.5,60.82175827026367,99.99276733398438,12.57234001159668,38.393291220257595,193642.0,18.11459350585937,22.79281616210937,23.28240966796875,20.698486328125,34.22499990463257
1972-03-18 08:01:59,26.34183883666992,93.13253021240234,168.7906951904297,84.6212158203125,87.4000015258789,60.82175827026367,99.99276733398438,12.57341194152832,37.882395619052176,193642.0,20.94329833984375,19.88252258300781,19.71932983398437,22.384841918945312,34.22499990463257
1972-03-18 08:02:00,26.30051612854004,92.9518051147461,169.3603515625,84.6212158203125,86.69999694824219,60.82175827026367,99.99276733398438,12.574427604675291,40.971561844928345,193642.0,20.045730590820312,24.01678466796875,25.512725830078125,21.13368225097656,34.22499990463257
1972-03-18 08:02:01,26.28532600402832,92.89157104492188,168.8639373779297,84.54545593261719,87.0999984741211,60.82175827026367,99.99276733398438,12.5717191696167,40.01358819384343,193642.0,25.104766845703125,19.66493225097656,19.692138671875,23.28240966796875,34.22499990463257
1972-03-18 08:02:02,26.29781723022461,92.9518051147461,169.67774200439453,84.54545593261719,87.0999984741211,60.82175827026367,99.99276733398438,12.56745719909668,39.3078359369957,193642.0,18.413787841796875,25.34954833984375,23.962371826171875,22.60243225097656,34.22499990463257
1972-03-18 08:02:03,26.319799423217773,93.0722885131836,167.99317169189453,84.54545593261719,86.69999694824219,60.82175827026367,99.99276733398438,12.56962776184082,39.84722078996866,193642.0,23.7991943359375,22.68402099609375,22.98321533203125,22.4664306640625,34.22499990463257
1972-03-18 08:02:04,26.31987571716309,93.0722885131836,168.29427337646484,84.6212158203125,87.19999694824219,60.82175827026367,99.99276733398438,12.56443691253662,37.301226484588405,193642.0,19.828125,24.6695556640625,22.765625,20.970489501953125,34.22499990463257
1972-03-18 08:02:05,26.26652336120605,93.01204681396484,169.2138671875,84.6212158203125,87.19999694824219,60.82175827026367,99.99276733398438,12.559125900268556,41.33057013164336,193642.0,21.895263671875,25.213531494140625,21.024871826171875,22.1944580078125,34.22499990463257
1972-03-18 08:02:06,26.271286010742188,92.89157104492188,168.7255859375,84.6212158203125,86.69999694824219,60.82175827026367,99.99276733398438,12.55951976776123,41.159143934971816,193642.0,20.94329833984375,24.696762084960938,22.82002258300781,17.570602416992188,34.22499990463257
1972-03-18 08:02:07,26.29563331604004,92.9518051147461,168.0094451904297,84.6212158203125,87.69999694824219,60.82175827026367,99.99276733398438,12.562801361083984,38.5516396673989,193643.0,20.698516845703125,21.106475830078125,23.58160400390625,20.7257080078125,34.22499990463257
1972-03-18 08:02:08,26.326141357421875,93.0722885131836,168.80696868896484,84.6212158203125,86.69999694824219,60.81814193725586,99.99276733398438,12.563838005065918,40.48864363505689,193643.0,21.67767333984375,24.479156494140625,26.05670166015625,22.11285400390625,34.22499990463257
1972-03-18 08:02:09,26.373685836791992,93.01204681396484,168.0908203125,84.6212158203125,86.9000015258789,60.82175827026367,99.99276733398438,12.562626838684082,40.842408847877266,193643.0,22.84722900390625,20.752899169921875,21.21527099609375,19.936920166015625,34.22499990463257
1972-03-18 08:02:10,26.40862274169922,92.89157104492188,170.12532806396484,84.54545593261719,87.9000015258789,60.82175827026367,99.99276733398438,12.559155464172363,39.938723897717445,193643.0,20.07293701171875,25.295135498046875,27.144683837890625,23.28240966796875,34.22499990463257
1972-03-18 08:02:11,26.39391326904297,92.89157104492188,168.08267974853516,84.54545593261719,86.9000015258789,60.82175827026367,99.99276733398438,12.55920696258545,40.46645240660291,193643.0,21.94966125488281,20.39930725097656,20.5625,20.5625,34.22499990463257
1972-03-18 08:02:12,26.43020820617676,93.01204681396484,168.52213287353516,84.6212158203125,86.9000015258789,60.82175827026367,99.99276733398438,12.554838180541992,38.854454569341314,193643.0,19.692138671875,23.41839599609375,24.99594116210937,16.80902099609375,34.22499990463257
1972-03-18 08:02:13,26.47578239440918,93.0722885131836,168.88021087646484,84.6212158203125,87.4000015258789,60.82175827026367,99.99276733398438,12.552507400512695,40.674090902377976,193643.0,22.03125,27.307861328125,23.364013671875,21.81365966796875,34.22499990463257
1972-03-18 08:02:14,26.541654586791992,93.13253021240234,169.22200775146484,84.6212158203125,87.0999984741211,60.82175827026367,99.99276733398438,12.546454429626465,40.21930138045633,193643.0,20.535308837890625,22.140045166015625,23.28240966796875,21.405670166015625,34.22499990463257
1972-03-18 08:02:15,26.60468864440918,93.01204681396484,168.75814056396484,84.6212158203125,86.5999984741211,60.82175827026367,99.99276733398438,12.546114921569824,39.810697752212974,193643.0,21.81365966796875,20.5625,18.98495483398437,19.338546752929688,34.22499990463257
1972-03-18 08:02:16,26.613933563232425,92.89157104492188,169.8567657470703,84.6212158203125,87.80000305175781,60.82175827026367,99.99276733398438,12.545726776123049,37.1966027408727,193643.0,23.28240966796875,27.38946533203125,24.560760498046875,15.1226806640625,34.22499990463257
1972-03-18 08:02:17,26.553253173828125,92.9518051147461,167.96060943603516,84.6212158203125,86.4000015258789,60.81814193725586,99.99276733398438,12.54379177093506,40.36751893754374,193643.0,20.29052734375,23.608795166015625,18.359375,23.28240966796875,34.22499990463257
1972-03-18 08:02:18,26.49413681030273,93.0722885131836,170.23111724853516,84.6212158203125,87.4000015258789,60.82175827026367,99.99276733398438,12.548373222351074,40.023148530102254,193643.0,17.026641845703125,23.41839599609375,25.376739501953125,22.711227416992188,34.22499990463257
1972-03-18 08:02:19,26.475032806396484,93.01204681396484,169.20572662353516,84.6212158203125,87.0999984741211,60.82175827026367,99.99276733398438,12.552212715148926,40.485390411988234,193643.0,22.983230590820312,24.61517333984375,19.365737915039062,21.07928466796875,34.22499990463257
1972-03-18 08:02:20,26.475265502929688,93.01204681396484,168.6686248779297,84.54545593261719,86.5999984741211,60.81814193725586,99.99276733398438,12.545065879821776,38.279517175835394,193643.0,17.625,20.535308837890625,21.7320556640625,20.888885498046875,34.22499990463257
1972-03-18 08:02:21,26.46274757385254,93.01204681396484,168.40819549560547,84.6212158203125,86.79999542236328,60.82175827026367,99.99276733398438,12.547307014465332,40.17160059595933,193643.0,24.642364501953125,24.80555725097656,22.738433837890625,19.420135498046875,34.22499990463257
1972-03-18 08:02:22,26.44260025024414,93.01204681396484,167.7734375,84.6212158203125,87.4000015258789,60.82175827026367,99.99276733398438,12.54511833190918,40.62322619233272,193643.0,20.34490966796875,24.96875,23.907989501953125,23.037628173828125,34.22499990463257
1972-03-18 08:02:23,26.359973907470703,92.89157104492188,167.5048828125,84.6212158203125,87.80000305175781,60.82175827026367,99.99276733398438,12.54870319366455,38.648701199937655,193643.0,22.629638671875,23.52719116210937,23.962371826171875,26.0023193359375,34.22499990463257
1972-03-18 08:02:24,26.32599449157715,92.9518051147461,169.7835235595703,84.6212158203125,87.5,60.82175827026367,99.99276733398438,12.553013801574709,38.90036785623489,193643.0,20.970489501953125,25.648727416992188,20.48089599609375,20.154510498046875,34.22499990463257
1972-03-18 08:02:25,26.31789779663086,93.01204681396484,167.87109375,84.6212158203125,87.5,60.82175827026367,99.99276733398438,12.550000190734863,39.85910133801918,193643.0,22.820037841796875,19.828125,23.309600830078125,22.24884033203125,34.22499990463257
1972-03-18 08:02:26,26.329343795776367,93.0722885131836,168.7418670654297,84.6212158203125,86.9000015258789,60.82175827026367,99.99276733398438,12.549098014831545,40.1619711856405,193643.0,19.77374267578125,23.7991943359375,21.21527099609375,24.370361328125,34.22499990463257
1972-03-18 08:02:27,26.347211837768555,93.0722885131836,167.3828125,84.6212158203125,87.19999694824219,60.82175827026367,99.99276733398438,12.548858642578123,38.404152683091,193643.0,22.46644592285156,24.96875,20.018524169921875,20.372100830078125,34.22499990463257
1972-03-18 08:02:28,26.35344123840332,92.9518051147461,168.46517181396484,84.6212158203125,86.79999542236328,60.82175827026367,99.99276733398438,12.547831535339355,39.03235128441166,193643.0,20.50811767578125,22.41204833984375,22.004058837890625,25.839111328125,34.22499990463257
1972-03-18 08:02:29,26.309551239013672,92.9518051147461,168.70931243896484,84.6212158203125,86.29999542236328,60.82175827026367,99.99276733398438,12.544547080993652,40.84519285573746,193643.0,22.629638671875,26.32870483398437,20.208908081054688,20.61689758300781,34.22499990463257
1972-03-18 08:02:30,26.29695510864257,93.01204681396484,168.2861328125,84.6212158203125,87.0,60.82175827026367,99.99276733398438,12.548495292663574,40.861971898817885,193643.0,19.882537841796875,26.165512084960938,21.13368225097656,20.5625,34.22499990463257
1972-03-18 08:02:31,26.324657440185547,92.9518051147461,168.88021087646484,84.6212158203125,88.20000457763672,60.82175827026367,99.99276733398438,12.552443504333496,36.056281609326156,193643.0,23.092025756835938,25.18634033203125,18.957763671875,22.303253173828125,34.22499990463257
1972-03-18 08:02:32,26.37747383117676,92.9518051147461,169.0592498779297,84.6212158203125,87.4000015258789,60.82175827026367,99.99276733398438,12.561513900756836,38.95777001926259,193643.0,21.269683837890625,26.383102416992188,22.412033081054688,15.041091918945312,34.22499990463257
1972-03-18 08:02:33,26.422956466674805,92.9518051147461,167.26073455810547,84.6212158203125,87.19999694824219,60.82175827026367,99.99276733398438,12.547951698303224,38.810406721489464,193643.0,21.32408142089844,20.1273193359375,21.269683837890625,19.828125,34.22499990463257
1972-03-18 08:02:34,26.43273162841797,93.01204681396484,168.75,84.6212158203125,87.4000015258789,60.82175827026367,99.99276733398438,12.542228698730469,39.33630304413999,193643.0,17.0538330078125,22.493637084960938,26.32870483398437,21.86805725097656,34.22499990463257
1972-03-18 08:02:35,26.38963890075684,93.01204681396484,168.2698516845703,84.6212158203125,86.5,60.82175827026367,99.99276733398438,12.545906066894531,39.06047910159831,193643.0,20.1273193359375,28.55902099609375,19.501739501953125,18.74017333984375,34.22499990463257
1972-03-18 08:02:36,26.36130142211914,93.01204681396484,168.8639373779297,84.6212158203125,87.5,60.82175827026367,99.99276733398438,12.541510581970217,37.49778762822777,193643.0,18.44097900390625,26.60069274902344,24.370361328125,20.31771850585937,34.22499990463257
1972-03-18 08:02:37,26.385272979736328,93.01204681396484,168.408203125,84.6212158203125,87.5,60.82175827026367,99.99276733398438,12.538498878479004,36.49357074379393,193643.0,22.11285400390625,25.48553466796875,20.34490966796875,18.41377258300781,34.22499990463257
1972-03-18 08:02:38,26.430463790893555,93.01204681396484,168.1071014404297,84.6212158203125,87.5,60.82175827026367,99.99276733398438,12.533204078674316,40.44478113323964,193643.0,19.284149169921875,26.95428466796875,22.03125,19.284149169921875,34.22499990463257
1972-03-18 08:02:39,26.46593475341797,92.89157104492188,167.2526092529297,84.6212158203125,87.19999694824219,60.82175827026367,99.99276733398438,12.530720710754396,39.19634799418728,193643.0,21.133697509765625,22.24884033203125,22.60243225097656,24.098388671875,34.22499990463257
1972-03-18 08:02:40,26.47832679748535,92.9518051147461,168.9697265625,84.6212158203125,87.5,60.82175827026367,99.99276733398438,12.534035682678224,39.222799673453956,193643.0,21.704864501953125,26.165512084960938,23.445602416992188,17.217010498046875,34.22499990463257
1972-03-18 08:02:41,26.429725646972656,93.01204681396484,168.6442108154297,84.6212158203125,87.9000015258789,60.82175827026367,99.99276733398438,12.530027389526367,38.88544935521854,193643.0,22.602447509765625,22.711227416992188,20.18170166015625,24.207183837890625,34.22499990463257
1972-03-18 08:02:42,26.390043258666992,93.0722885131836,168.3430938720703,84.6212158203125,87.30000305175781,60.82175827026367,99.99276733398438,12.530332565307615,39.9671323678267,193643.0,19.52894592285156,23.608795166015625,21.94964599609375,22.765625,34.22499990463257
1972-03-18 08:02:43,26.40795135498047,93.01204681396484,168.4814453125,84.6212158203125,86.9000015258789,60.82175827026367,99.99276733398438,12.527665138244627,39.143717915271615,193643.0,20.100128173828125,23.445602416992188,18.005783081054688,21.13368225097656,34.22499990463257
1972-03-18 08:02:44,26.438594818115234,92.9518051147461,167.4479217529297,84.6212158203125,86.79999542236328,60.82175827026367,99.99276733398438,12.521990776062012,39.8519977508827,193643.0,17.625,24.696762084960938,24.39756774902344,21.35127258300781,34.22499990463257
1972-03-18 08:02:45,26.458812713623047,92.9518051147461,167.36653900146484,84.6212158203125,87.19999694824219,60.82175827026367,99.99276733398438,12.515466690063477,37.02448652461881,193643.0,22.738433837890625,23.445602416992188,22.92881774902344,22.167236328125,34.22499990463257
1972-03-18 08:02:46,26.472488403320312,92.9518051147461,168.5791015625,84.6212158203125,86.79999542236328,60.82175827026367,99.99276733398438,12.514702796936035,40.80360089711171,193643.0,20.045730590820312,25.73031616210937,22.357635498046875,19.71932983398437,34.22499990463257
1972-03-18 08:02:47,26.422260284423828,93.01204681396484,167.98502349853516,84.6212158203125,87.0999984741211,60.82175827026367,99.99276733398438,12.514619827270508,40.27626888110005,193643.0,22.49365234375,19.936920166015625,24.615158081054688,19.447341918945312,34.22499990463257
1972-03-18 08:02:48,26.381458282470703,93.01204681396484,168.22916412353516,84.6212158203125,87.30000305175781,60.82175827026367,99.99276733398438,12.511557579040527,39.6903546561388,193643.0,20.399322509765625,21.21527099609375,24.99594116210937,23.52719116210937,34.22499990463257
1972-03-18 08:02:49,26.39815902709961,92.9518051147461,167.7408905029297,84.6212158203125,87.0,60.82175827026367,99.99276733398438,12.506260871887209,40.25141446267037,193643.0,20.07293701171875,24.560760498046875,22.874420166015625,24.207183837890625,34.22499990463257
1972-03-18 08:02:50,26.434144973754883,92.83132934570312,167.7734375,84.6212158203125,86.4000015258789,60.82175827026367,99.99276733398438,12.500824928283691,39.91444757796409,193643.0,19.77374267578125,26.51910400390625,23.9351806640625,19.637725830078125,34.22499990463257
1972-03-18 08:02:51,26.455078125,93.01204681396484,167.78157806396484,84.6212158203125,86.79999542236328,60.82175827026367,99.99276733398438,12.498974800109863,38.572390498108156,193643.0,24.01678466796875,24.28877258300781,17.162612915039062,20.834503173828125,34.22499990463257
1972-03-18 08:02:52,26.46676445007324,93.13253021240234,167.9850311279297,84.6212158203125,88.70000457763672,60.82175827026367,99.99276733398438,12.498531341552734,35.868266018228184,193643.0,18.359375,21.92245483398437,22.3304443359375,21.568878173828125,34.22499990463257
1972-03-18 08:02:53,26.434085845947266,93.0722885131836,168.115234375,84.54545593261719,87.9000015258789,60.82175827026367,99.99276733398438,12.495848655700684,38.761020830107405,193643.0,24.12557983398437,22.68402099609375,16.781829833984375,23.58160400390625,34.22499990463257
1972-03-18 08:02:54,26.381244659423828,92.9518051147461,167.8629608154297,84.54545593261719,87.5999984741211,60.82175827026367,99.99276733398438,12.490167617797852,39.38827057623359,193643.0,16.23785400390625,27.035888671875,22.38482666015625,20.61689758300781,34.22499990463257
1972-03-18 08:02:55,26.382858276367188,92.89157104492188,168.83138275146484,84.6212158203125,87.5,60.81814193725586,99.99276733398438,12.488064765930176,38.65655047607701,193643.0,22.140045166015625,26.81829833984375,19.692138671875,20.426513671875,34.22499990463257
1972-03-18 08:02:56,26.384004592895508,92.9518051147461,168.4244842529297,84.6212158203125,87.0,60.82175827026367,99.99276733398438,12.4881010055542,41.356536850013995,193643.0,20.671295166015625,22.874420166015625,24.99594116210937,21.7320556640625,34.22499990463257
1972-03-18 08:02:57,26.39195251464844,93.13253021240234,167.71646881103516,84.6212158203125,87.19999694824219,60.82175827026367,99.99276733398438,12.482239723205566,40.96895306086933,193643.0,23.74481201171875,25.567138671875,19.88252258300781,19.773727416992188,34.22499990463257
1972-03-18 08:02:58,26.400310516357425,93.13253021240234,167.2770233154297,84.6212158203125,86.69999694824219,60.82175827026367,99.99276733398438,12.479955673217772,39.1984203004241,193643.0,19.2569580078125,21.32406616210937,25.159149169921875,20.64410400390625,34.22499990463257
1972-03-18 08:02:59,26.32347297668457,93.01204681396484,166.63411712646484,84.6212158203125,87.30000305175781,60.82175827026367,99.99276733398438,12.482004165649414,39.629205857135396,193643.0,22.765625,23.55439758300781,19.99131774902344,16.80902099609375,34.22499990463257
1972-03-18 08:03:00,26.344158172607425,92.89157104492188,167.6188201904297,84.6212158203125,87.0,60.82175827026367,99.99276733398438,12.483327865600586,37.55441348295668,193643.0,16.999420166015625,22.4664306640625,24.72396850585937,19.90972900390625,34.22499990463257
1972-03-18 08:03:01,26.38514709472656,92.9518051147461,168.05826568603516,84.54545593261719,86.79999542236328,60.82175827026367,99.99276733398438,12.47192096710205,39.11203870396149,193643.0,17.842605590820312,27.851852416992188,22.901611328125,20.888885498046875,34.22499990463257
1972-03-18 08:03:02,26.421113967895508,93.13253021240234,168.20475006103516,84.6212158203125,87.0,60.82175827026367,99.99276733398438,12.46791648864746,39.468383131057266,193643.0,20.91610717773437,23.14642333984375,23.0648193359375,23.28240966796875,34.22499990463257
1972-03-18 08:03:03,26.44550323486328,92.9518051147461,167.9443359375,84.6212158203125,87.5999984741211,60.82175827026367,99.99276733398438,12.468218803405762,40.00375331949519,193643.0,21.296875,24.370361328125,22.92881774902344,21.895263671875,34.22499990463257
1972-03-18 08:03:04,26.41114997863769,92.89157104492188,168.603515625,84.6212158203125,87.19999694824219,60.82175827026367,99.99276733398438,12.469978332519531,39.59568829430734,193643.0,22.575241088867188,25.34954833984375,21.106475830078125,23.58160400390625,34.22499990463257
1972-03-18 08:03:05,26.371082305908203,92.9518051147461,168.5791015625,84.6212158203125,86.4000015258789,60.81814193725586,99.99276733398438,12.45856761932373,40.267755298298674,193643.0,19.664947509765625,24.72396850585937,24.5335693359375,19.501739501953125,34.22499990463257
1972-03-18 08:03:06,26.38582992553711,93.0722885131836,168.4814453125,84.6212158203125,87.80000305175781,60.82175827026367,99.99276733398438,12.457963943481444,38.09681204854149,193643.0,22.820037841796875,22.24884033203125,23.010406494140625,20.807296752929688,34.22499990463257
1972-03-18 08:03:07,26.4156436920166,93.13253021240234,167.9931640625,84.6212158203125,87.9000015258789,60.82175827026367,99.99276733398438,12.45953369140625,36.604525320762875,193643.0,19.420150756835938,21.840850830078125,25.05035400390625,21.67767333984375,34.22499990463257
1972-03-18 08:03:08,26.44318008422852,93.01204681396484,167.39908599853516,84.6212158203125,87.30000305175781,60.82175827026367,99.99276733398438,12.461103439331056,39.94263177552081,193643.0,22.68403625488281,22.004058837890625,21.86805725097656,20.807296752929688,34.22499990463257
1972-03-18 08:03:09,26.459211349487305,92.83132934570312,168.4244842529297,84.6212158203125,86.9000015258789,60.82175827026367,99.99276733398438,12.46487522125244,41.33401474180787,193643.0,19.74653625488281,23.608795166015625,21.759246826171875,22.004058837890625,34.22499990463257
1972-03-18 08:03:10,26.409761428833008,92.83132934570312,167.7734375,84.6212158203125,86.69999694824219,60.82175827026367,99.99276733398438,12.464271545410156,41.49105657741143,193643.0,22.901641845703125,27.22627258300781,22.65682983398437,20.45370483398437,34.22499990463257
1972-03-18 08:03:11,26.34719467163086,93.01204681396484,167.9850311279297,84.6212158203125,86.19999694824219,60.82175827026367,99.99276733398438,12.464381217956545,41.279192454811295,193643.0,22.820037841796875,20.61689758300781,21.405670166015625,21.05209350585937,34.22499990463257
1972-03-18 08:03:12,26.34676551818848,93.13253021240234,167.68392181396484,84.6212158203125,86.5,60.82175827026367,99.99276733398438,12.469594955444336,38.04632219123998,193643.0,20.26332092285156,23.228012084960938,22.711227416992188,24.07118225097656,34.22499990463257
1972-03-18 08:03:13,26.35751724243164,93.0722885131836,167.62696075439453,84.6212158203125,86.79999542236328,60.81814193725586,99.99276733398438,12.457990646362305,38.39699036032457,193643.0,23.25521850585937,24.61517333984375,22.439239501953125,22.24884033203125,34.22499990463257
1972-03-18 08:03:14,26.380176544189453,92.89157104492188,167.26888275146484,84.6212158203125,87.80000305175781,60.82175827026367,99.99276733398438,12.457964897155762,37.72353824541007,193643.0,22.874420166015625,22.82002258300781,21.106475830078125,21.37847900390625,34.22499990463257
1972-03-18 08:03:15,26.38679885864257,92.83132934570312,168.0419921875,84.6212158203125,87.5,60.82175827026367,99.99276733398438,12.459381103515623,40.21318533191677,193643.0,20.45370483398437,25.431137084960938,24.207183837890625,18.332183837890625,34.22499990463257
1972-03-18 08:03:16,26.35381126403809,92.9518051147461,167.83853912353516,84.54545593261719,87.19999694824219,60.82175827026367,99.99276733398438,12.460797309875488,39.974946202091665,193643.0,24.66957092285156,23.962387084960938,21.296875,20.698486328125,34.22499990463257
1972-03-18 08:03:17,26.308162689208984,93.1927719116211,167.92806243896484,84.6212158203125,87.30000305175781,60.81814193725586,99.99276733398438,12.462213516235352,39.77714638106978,193643.0,19.52894592285156,23.39120483398437,21.46006774902344,22.004058837890625,34.22499990463257
1972-03-18 08:03:18,26.341270446777344,93.0722885131836,167.41536712646484,84.6212158203125,87.0,60.82175827026367,99.99276733398438,12.463629722595217,40.83555334916873,193643.0,20.100128173828125,24.506378173828125,22.765625,22.629638671875,34.22499990463257
1972-03-18 08:03:19,26.400951385498047,92.9518051147461,167.1142578125,84.54545593261719,86.4000015258789,60.82175827026367,99.99276733398438,12.465045928955078,39.806857856064234,193643.0,21.840866088867188,25.18634033203125,19.637725830078125,19.039352416992188,34.22499990463257
1972-03-18 08:03:20,26.466527938842773,92.83132934570312,168.06640625,84.6212158203125,87.0,60.82175827026367,99.99276733398438,12.466463088989258,38.367603595337386,193643.0,20.34490966796875,25.159149169921875,23.28240966796875,18.98495483398437,34.22499990463257
1972-03-18 08:03:21,26.473203659057617,92.9518051147461,167.51302337646484,84.6212158203125,87.69999694824219,60.82175827026367,99.99276733398438,12.46787929534912,39.939166616172834,193643.0,22.52084350585937,22.11285400390625,21.487274169921875,20.58969116210937,34.22499990463257
1972-03-18 08:03:22,26.402666091918945,93.0722885131836,167.3095703125,84.6212158203125,86.79999542236328,60.81814193725586,99.99276733398438,12.469295501708984,38.20248723487732,193643.0,22.820037841796875,21.92245483398437,21.623260498046875,19.66493225097656,34.22499990463257
1972-03-18 08:03:23,26.373046875,93.01204681396484,167.626953125,84.6212158203125,87.69999694824219,60.82175827026367,99.99276733398438,12.472912788391112,38.62812618607902,193643.0,21.37847900390625,20.8616943359375,26.19271850585937,20.916091918945312,34.22499990463257
1972-03-18 08:03:24,26.41545867919922,93.01204681396484,167.32584381103516,84.6212158203125,86.0999984741211,60.82175827026367,99.99276733398438,12.47215461730957,41.396372295280024,193643.0,19.74653625488281,24.12557983398437,21.92245483398437,18.84896850585937,34.22499990463257
1972-03-18 08:03:25,26.476612091064453,92.9518051147461,167.28515625,84.6212158203125,87.5999984741211,60.82175827026367,99.99276733398438,12.473570823669434,38.83366137492193,193643.0,19.936920166015625,25.811920166015625,18.84896850585937,21.405670166015625,34.22499990463257
1972-03-18 08:03:26,26.526094436645508,92.89157104492188,168.1803436279297,84.6212158203125,87.5999984741211,60.82175827026367,99.99276733398438,12.477931022644045,39.619285479517146,193643.0,23.0648193359375,24.370361328125,18.0601806640625,21.296875,34.22499990463257
1972-03-18 08:03:27,26.547494888305664,93.01204681396484,167.4886016845703,84.6212158203125,87.80000305175781,60.82175827026367,99.99276733398438,12.49110221862793,39.918639557775236,193643.0,22.004058837890625,25.893524169921875,22.3304443359375,20.78009033203125,34.22499990463257
1972-03-18 08:03:28,26.511394500732425,93.13253021240234,167.0003204345703,84.6212158203125,86.0999984741211,60.82175827026367,99.99276733398438,12.492698669433594,40.49266346110817,193643.0,19.17535400390625,22.384841918945312,23.826385498046875,22.4664306640625,34.22499990463257
1972-03-18 08:03:29,26.40618896484375,93.13253021240234,168.46517181396484,84.6212158203125,87.0,60.82175827026367,99.99276733398438,12.494296073913574,40.167172573438826,193643.0,20.18173217773437,26.46469116210937,21.677658081054688,20.5625,34.22499990463257
1972-03-18 08:03:30,26.37024688720703,93.0722885131836,166.98404693603516,84.6212158203125,87.5,60.82175827026367,99.99276733398438,12.499563217163086,39.392051153786845,193643.0,21.18807983398437,22.84722900390625,21.623260498046875,23.364013671875,34.22499990463257
1972-03-18 08:03:31,26.315902709960938,92.89157104492188,168.4733123779297,84.6212158203125,87.80000305175781,60.82175827026367,99.99276733398438,12.50485897064209,38.27398284510556,193643.0,22.38485717773437,23.173614501953125,25.53993225097656,22.3304443359375,34.22499990463257
1972-03-18 08:03:32,26.352453231811523,92.83132934570312,166.4794921875,84.6212158203125,86.69999694824219,60.82175827026367,99.99276733398438,12.506546974182127,41.06652451547179,193643.0,22.71124267578125,24.5335693359375,21.92245483398437,24.99594116210937,34.22499990463257
1972-03-18 08:03:33,26.41975212097168,92.9518051147461,167.90364837646484,84.6212158203125,86.5999984741211,60.82175827026367,99.99276733398438,12.508234977722168,39.943221842393335,193643.0,16.83624267578125,21.650466918945312,20.45370483398437,21.4600830078125,34.22499990463257
1972-03-18 08:03:34,26.36919593811035,93.01204681396484,167.12239837646484,84.6212158203125,86.5999984741211,60.81814193725586,99.99276733398438,12.510663986206056,40.23381364252275,193643.0,22.38485717773437,25.92071533203125,23.907989501953125,22.4664306640625,34.22499990463257
1972-03-18 08:03:35,26.248003005981445,92.9518051147461,167.8629608154297,84.6212158203125,86.79999542236328,60.82175827026367,99.99276733398438,12.515280723571776,41.05740073784038,193643.0,22.3304443359375,20.9976806640625,21.51446533203125,18.712966918945312,34.22499990463257
1972-03-18 08:03:36,26.209163665771484,92.9518051147461,166.87825775146484,84.6212158203125,86.5,60.82175827026367,99.99276733398438,12.518473625183104,39.1809181909811,193643.0,20.34490966796875,21.7320556640625,22.79281616210937,21.296875,34.22499990463257
1972-03-18 08:03:37,26.18978881835937,93.01204681396484,167.35025787353516,84.6212158203125,87.0,60.81814193725586,99.99276733398438,12.522425651550291,38.947040388633255,193643.0,21.54168701171875,24.5335693359375,20.48089599609375,21.78646850585937,34.22499990463257
1972-03-18 08:03:38,26.221738815307617,93.01204681396484,166.2923126220703,84.54545593261719,86.5999984741211,60.82175827026367,99.99276733398438,12.52420425415039,40.010455243453414,193643.0,21.73207092285156,24.85995483398437,19.800933837890625,19.3929443359375,34.22499990463257
1972-03-18 08:03:39,26.260622024536133,93.01204681396484,167.58626556396484,84.6212158203125,87.69999694824219,60.82175827026367,99.99276733398438,12.525981903076172,39.021974300211745,193643.0,20.045730590820312,25.839111328125,20.1273193359375,21.5960693359375,34.19999980926514
1972-03-18 08:03:40,26.24095916748047,92.9518051147461,167.626953125,84.6212158203125,87.5,60.82175827026367,99.99276733398438,12.52776050567627,38.880553314405915,193643.0,21.37847900390625,26.4375,22.52084350585937,22.004058837890625,34.22499990463257
1972-03-18 08:03:41,26.241662979125977,92.9518051147461,167.3177032470703,84.6212158203125,87.5,60.82175827026367,99.99276733398438,12.52953815460205,39.40749614647684,193643.0,20.80731201171875,24.778350830078125,20.31771850585937,21.92245483398437,34.22499990463257
1972-03-18 08:03:42,26.32933616638184,93.01204681396484,167.6920623779297,84.6212158203125,88.0999984741211,60.81814193725586,99.99276733398438,12.531316757202148,39.77083566505881,193643.0,22.765625,24.098388671875,20.888885498046875,19.800933837890625,34.22499990463257
1972-03-18 08:03:43,26.418651580810547,93.01204681396484,166.8050079345703,84.6212158203125,87.4000015258789,60.82175827026367,99.99276733398438,12.53309440612793,40.911900975685334,193643.0,25.1319580078125,23.39120483398437,22.738433837890625,20.5625,34.22499990463257
1972-03-18 08:03:44,26.52402687072754,93.01204681396484,166.88639068603516,84.6212158203125,86.5,60.82175827026367,99.99276733398438,12.534873008728027,38.36563514091419,193643.0,18.495391845703125,22.738433837890625,24.914352416992188,20.61689758300781,34.22499990463257
1972-03-18 08:03:45,26.641403198242188,92.89157104492188,167.1793670654297,84.6212158203125,86.5,60.82175827026367,99.99276733398438,12.538103103637695,38.22148578069166,193643.0,21.5960693359375,26.35589599609375,19.474533081054688,18.549774169921875,34.22499990463257
1972-03-18 08:03:46,26.70229148864746,92.9518051147461,167.61881256103516,84.6212158203125,86.79999542236328,60.82175827026367,99.99276733398438,12.545769691467283,38.83301281435426,193643.0,19.9913330078125,25.104736328125,22.52084350585937,19.90972900390625,34.22499990463257
1972-03-18 08:03:47,26.71147727966309,93.13253021240234,166.63411712646484,84.6212158203125,87.4000015258789,60.82175827026367,99.99276733398438,12.54763889312744,38.88297003243313,193643.0,22.167266845703125,23.66319274902344,25.376739501953125,19.066558837890625,34.22499990463257
1972-03-18 08:03:48,26.72175979614257,93.13253021240234,167.6350860595703,84.6212158203125,87.80000305175781,60.81814193725586,99.99276733398438,12.553153038024902,38.16282573934515,193643.0,21.487274169921875,26.35589599609375,21.895263671875,24.098388671875,34.22499990463257
1972-03-18 08:03:49,26.72959327697754,93.01204681396484,166.5771484375,84.6212158203125,86.5,60.82175827026367,99.99276733398438,12.560937881469728,39.665957162138874,193643.0,18.25057983398437,24.424774169921875,23.364013671875,19.5289306640625,34.22499990463257
1972-03-18 08:03:50,26.7421932220459,92.9518051147461,167.47232818603516,84.6212158203125,87.5999984741211,60.82175827026367,99.99276733398438,12.565858840942385,38.70997462236132,193643.0,22.004058837890625,21.78646850585937,21.81365966796875,21.650466918945312,34.22499990463257
1972-03-18 08:03:51,26.747020721435547,92.9518051147461,166.70735931396484,84.6212158203125,87.0,60.81814193725586,99.99276733398438,12.568622589111328,39.847489100516846,193643.0,22.65682983398437,26.4375,23.39120483398437,17.70660400390625,34.22499990463257
1972-03-18 08:03:52,26.696533203125,93.01204681396484,166.97591400146484,84.6212158203125,87.80000305175781,60.82175827026367,99.99276733398438,12.57210636138916,38.05796935157157,193643.0,21.54168701171875,19.01214599609375,23.146408081054688,21.35127258300781,34.22499990463257
1972-03-18 08:03:53,26.550167083740234,93.01204681396484,167.7408905029297,84.6212158203125,87.0999984741211,60.82175827026367,99.99276733398438,12.5697603225708,40.551285659831436,193643.0,20.29052734375,24.832763671875,23.71759033203125,18.332183837890625,34.22499990463257
1972-03-18 08:03:54,26.45634078979492,93.01204681396484,167.02474212646484,84.54545593261719,87.19999694824219,60.82175827026367,99.99276733398438,12.574698448181152,38.74871380348651,193643.0,20.5625,21.21527099609375,21.78646850585937,21.35127258300781,34.22499990463257
1972-03-18 08:03:55,26.37001037597656,92.9518051147461,168.0012969970703,84.6212158203125,87.5999984741211,60.82175827026367,99.99276733398438,12.578182220458984,39.966461634605096,193643.0,21.54168701171875,22.41204833984375,24.39756774902344,22.004058837890625,34.22499990463257
1972-03-18 08:03:56,26.2797966003418,93.01204681396484,167.36653900146484,84.6212158203125,87.0999984741211,60.81814193725586,99.99276733398438,12.58023166656494,41.25664198658429,193643.0,22.46644592285156,24.424774169921875,22.901611328125,22.303253173828125,34.22499990463257
1972-03-18 08:03:57,26.213319778442383,93.0722885131836,167.2281951904297,84.6212158203125,86.79999542236328,60.82175827026367,99.9963836669922,12.582281112670898,38.55593488302579,193643.0,16.373855590820312,21.840850830078125,22.60243225097656,18.41377258300781,34.22499990463257
1972-03-18 08:03:58,26.143722534179688,93.0722885131836,165.966796875,84.6212158203125,86.4000015258789,60.82175827026367,99.99276733398438,12.582862854003906,39.40789007532006,193643.0,22.357650756835938,22.303253173828125,22.303237915039062,24.179977416992188,34.22499990463257
1972-03-18 08:03:59,26.05366325378418,92.9518051147461,166.92708587646484,84.6212158203125,87.0999984741211,60.82175827026367,99.99276733398438,12.586360931396484,40.64146909471806,193643.0,18.71298217773437,22.60243225097656,23.907989501953125,20.5625,34.22499990463257
1972-03-18 08:04:00,26.025379180908203,92.89157104492188,166.97591400146484,84.6212158203125,88.30000305175781,60.82175827026367,99.99276733398438,12.589152336120604,38.15552715563167,193643.0,21.296875,25.4039306640625,22.68402099609375,22.738433837890625,34.22499990463257
1972-03-18 08:04:01,26.06236457824707,92.9518051147461,166.3899688720703,84.54545593261719,87.0,60.82175827026367,99.99276733398438,12.597792625427246,39.80733618580252,193643.0,19.03936767578125,25.34954833984375,21.18807983398437,18.25057983398437,34.19999980926514
1972-03-18 08:04:02,26.14315795898437,93.13253021240234,167.08170318603516,84.6212158203125,87.5,60.82175827026367,99.99276733398438,12.603601455688477,38.08267642083957,193643.0,19.828125,25.4039306640625,22.629638671875,21.840850830078125,34.22499990463257
1972-03-18 08:04:03,26.24063873291016,93.13253021240234,167.41536712646484,84.6212158203125,86.9000015258789,60.82175827026367,99.99276733398438,12.61528778076172,39.38854958680449,193643.0,21.868072509765625,24.31597900390625,24.01678466796875,20.04571533203125,34.22499990463257
1972-03-18 08:04:04,26.330690383911133,92.9518051147461,166.73990631103516,84.6212158203125,87.5,60.82175827026367,99.99276733398438,12.619065284729004,37.77080514731582,193643.0,19.800933837890625,26.27430725097656,22.79281616210937,21.5960693359375,34.22499990463257
1972-03-18 08:04:05,26.39124298095703,92.83132934570312,167.2526092529297,84.6212158203125,87.0999984741211,60.82175827026367,99.99276733398438,12.62798309326172,37.399679198925284,193643.0,19.964141845703125,23.010406494140625,22.60243225097656,18.25057983398437,34.22499990463257
1972-03-18 08:04:06,26.482452392578125,92.83132934570312,165.87728118896484,84.6212158203125,87.0999984741211,60.82175827026367,99.99276733398438,12.638434410095217,37.82001755635376,193643.0,20.535308837890625,23.5,22.03125,22.03125,34.22499990463257
1972-03-18 08:04:07,26.590545654296875,93.0722885131836,167.236328125,84.6212158203125,87.0,60.82175827026367,99.99276733398438,12.640935897827148,40.25470794852402,193643.0,21.269683837890625,25.4039306640625,19.66493225097656,21.568878173828125,34.22499990463257
1972-03-18 08:04:08,26.67691421508789,93.25301361083984,167.1142578125,84.54545593261719,86.9000015258789,60.82175827026367,99.99276733398438,12.643436431884766,38.841312258935226,193643.0,19.311355590820312,22.357635498046875,22.221649169921875,20.072921752929688,34.22499990463257
1972-03-18 08:04:09,26.719358444213867,93.1927719116211,166.66666412353516,84.54545593261719,87.0,60.82175827026367,99.99276733398438,12.653261184692385,36.575264734853974,193643.0,20.7257080078125,26.247100830078125,21.92245483398437,18.57696533203125,34.22499990463257
1972-03-18 08:04:10,26.71437644958496,92.9518051147461,166.2190704345703,84.6212158203125,87.0,60.82175827026367,99.99276733398438,12.668313026428224,37.47747052036955,193643.0,20.154525756835938,24.85995483398437,22.357635498046875,15.748260498046877,34.22499990463257
1972-03-18 08:04:11,26.632080078125,92.83132934570312,168.22916412353516,84.6212158203125,88.0999984741211,60.82175827026367,99.99276733398438,12.679092407226562,38.49213400100839,193643.0,23.28240966796875,22.738433837890625,25.78472900390625,18.87615966796875,34.19999980926514
1972-03-18 08:04:12,26.547941207885746,92.89157104492188,166.7724609375,84.6212158203125,87.5,60.82175827026367,99.99276733398438,12.683412551879885,39.444984027680036,193643.0,23.554412841796875,25.811920166015625,20.100112915039062,22.711227416992188,34.19999980926514
1972-03-18 08:04:13,26.4747371673584,93.0722885131836,166.82942962646484,84.6212158203125,87.19999694824219,60.82175827026367,99.99276733398438,12.692146301269531,40.190968594751716,193643.0,18.82177734375,22.98321533203125,24.28877258300781,19.12094116210937,34.22499990463257
1972-03-18 08:04:14,26.446866989135746,93.13253021240234,166.4713592529297,84.6212158203125,87.30000305175781,60.82175827026367,99.99276733398438,12.706066131591797,39.38413986957094,193643.0,21.97686767578125,21.024887084960938,20.508102416992188,23.853591918945312,34.19999980926514
1972-03-18 08:04:15,26.43198585510254,93.0722885131836,166.3248748779297,84.54545593261719,85.5999984741211,60.82175827026367,99.99276733398438,12.718639373779297,41.65418723214427,193643.0,18.495391845703125,27.68865966796875,24.370361328125,21.05209350585937,34.22499990463257
1972-03-18 08:04:16,26.400529861450195,92.89157104492188,167.6676483154297,84.6212158203125,87.4000015258789,60.82175827026367,99.99276733398438,12.72476291656494,38.75502903193669,193643.0,22.602447509765625,23.55439758300781,23.39120483398437,19.447341918945312,34.19999980926514
1972-03-18 08:04:17,26.2529296875,92.89157104492188,166.7236328125,84.6212158203125,87.0999984741211,60.82175827026367,99.9963836669922,12.73092269897461,36.94199139558457,193643.0,21.269683837890625,22.303253173828125,20.372100830078125,22.05844116210937,34.19999980926514
1972-03-18 08:04:18,26.17158508300781,92.9518051147461,167.05728912353516,84.54545593261719,87.19999694824219,60.82175827026367,99.9963836669922,12.7356595993042,37.83964199696709,193643.0,21.18807983398437,22.765625,20.91607666015625,21.35127258300781,34.22499990463257
1972-03-18 08:04:19,26.15878868103028,93.13253021240234,167.48860931396484,84.6212158203125,87.69999694824219,60.82175827026367,99.9963836669922,12.74626922607422,40.03029018634623,193643.0,22.956024169921875,19.773727416992188,26.60069274902344,21.840850830078125,34.19999980926514
1972-03-18 08:04:20,26.194812774658203,93.0722885131836,166.14583587646484,84.6212158203125,86.69999694824219,60.82175827026367,99.99276733398438,12.75257396697998,40.690844937819044,193643.0,21.514480590820312,21.106475830078125,22.60243225097656,20.834503173828125,34.19999980926514
1972-03-18 08:04:21,26.22991943359375,93.01204681396484,166.95963287353516,84.6212158203125,87.69999694824219,60.82175827026367,99.9963836669922,12.761085510253906,39.70910655239895,193643.0,20.99769592285156,22.52084350585937,22.84722900390625,21.840850830078125,34.19999980926514
1972-03-18 08:04:22,26.26342391967773,92.89157104492188,166.1214141845703,84.6212158203125,87.19999694824219,60.82175827026367,99.99276733398438,12.77040195465088,39.27636275220236,193643.0,22.602447509765625,21.78646850585937,23.146408081054688,24.560760498046875,34.19999980926514
1972-03-18 08:04:23,26.26206016540528,92.89157104492188,166.12955474853516,84.6212158203125,86.79999542236328,60.82175827026367,99.9963836669922,12.776144981384276,38.95504087005459,193643.0,20.94329833984375,22.493637084960938,22.439239501953125,17.026611328125,34.19999980926514
1972-03-18 08:04:24,26.31801986694336,93.0722885131836,166.8131561279297,84.6212158203125,87.19999694824219,60.82175827026367,99.99276733398438,12.780439376831056,38.65928566738526,193643.0,25.1319580078125,21.106475830078125,25.05035400390625,20.535308837890625,34.19999980926514
1972-03-18 08:04:25,26.388900756835938,93.13253021240234,165.66568756103516,84.6212158203125,87.30000305175781,60.82175827026367,99.99276733398438,12.784749984741213,39.24665943496762,193643.0,19.202545166015625,23.39120483398437,19.936920166015625,19.85531616210937,34.22499990463257
1972-03-18 08:04:26,26.454010009765625,93.01204681396484,165.73079681396484,84.6212158203125,86.9000015258789,60.82175827026367,99.9963836669922,12.792747497558594,36.50818297965611,193643.0,19.066558837890625,26.383102416992188,20.61689758300781,19.828125,34.22499990463257
1972-03-18 08:04:27,26.4858341217041,92.89157104492188,166.15396881103516,84.6212158203125,87.0999984741211,60.82175827026367,99.9963836669922,12.808114051818848,38.68021205217696,193643.0,19.501739501953125,24.88714599609375,23.58160400390625,17.081024169921875,34.19999980926514
1972-03-18 08:04:28,26.505653381347656,92.89157104492188,164.8112030029297,84.6212158203125,86.69999694824219,60.82175827026367,99.9963836669922,12.825085639953612,39.23214274920275,193643.0,22.738433837890625,21.160888671875,20.671295166015625,22.167236328125,34.19999980926514
1972-03-18 08:04:29,26.45067977905273,93.01204681396484,166.36556243896484,84.6212158203125,87.30000305175781,60.82175827026367,99.9963836669922,12.829033851623535,38.88634181664628,193643.0,19.3929443359375,26.546295166015625,21.18807983398437,20.290512084960938,34.19999980926514
1972-03-18 08:04:30,26.416215896606445,93.0722885131836,166.1376953125,84.6212158203125,85.9000015258789,60.82175827026367,99.9963836669922,12.834442138671877,40.871847450902386,193643.0,24.31597900390625,19.61053466796875,20.943283081054688,18.087387084960938,34.22499990463257
1972-03-18 08:04:31,26.414180755615234,93.01204681396484,166.0074920654297,84.6212158203125,86.0999984741211,60.82175827026367,99.99276733398438,12.846466064453123,40.448324376736544,193643.0,21.07928466796875,26.682281494140625,23.11920166015625,17.489013671875,34.22499990463257
1972-03-18 08:04:32,26.418607711791992,92.9518051147461,167.05728912353516,84.6212158203125,87.30000305175781,60.82175827026367,99.99276733398438,12.853466987609863,39.209516828401554,193643.0,21.4600830078125,24.45196533203125,20.64410400390625,16.67303466796875,34.19999980926514
1972-03-18 08:04:33,26.44782829284668,92.9518051147461,166.85384368896484,84.6212158203125,86.5,60.82175827026367,99.9963836669922,12.859036445617676,39.56900232571406,193643.0,19.44735717773437,23.826385498046875,24.343170166015625,22.140045166015625,34.19999980926514
1972-03-18 08:04:34,26.46103477478028,92.9518051147461,165.1611328125,84.6212158203125,87.19999694824219,60.82175827026367,99.9963836669922,12.87339973449707,36.905897506149074,193643.0,20.31771850585937,23.88079833984375,20.970489501953125,20.45370483398437,34.19999980926514
1972-03-18 08:04:35,26.399078369140625,93.01204681396484,166.38997650146484,84.6212158203125,87.30000305175781,60.82175827026367,99.9963836669922,12.88277530670166,38.32383907773584,193643.0,22.52084350585937,23.472808837890625,21.432861328125,18.685760498046875,34.19999980926514
1972-03-18 08:04:36,26.34672737121582,92.9518051147461,165.25064849853516,84.6212158203125,86.79999542236328,60.82175827026367,99.99276733398438,12.888545036315918,38.63550962903578,193643.0,18.223388671875,23.66319274902344,20.91607666015625,22.24884033203125,34.22499990463257
1972-03-18 08:04:37,26.360260009765625,92.9518051147461,166.9189453125,84.6212158203125,87.5,60.82175827026367,99.9963836669922,12.897260665893556,37.706616350592114,193643.0,20.236114501953125,27.171875,25.975112915039062,21.242477416992188,34.19999980926514
1972-03-18 08:04:38,26.409269332885746,93.01204681396484,165.83658599853516,84.6212158203125,87.69999694824219,60.82175827026367,99.9963836669922,12.903844833374023,38.26767551180433,193643.0,22.765625,18.549774169921875,21.32406616210937,24.179977416992188,34.19999980926514
1972-03-18 08:04:39,26.44042587280273,93.13253021240234,166.1458282470703,84.54545593261719,87.0,60.82175827026367,99.9963836669922,12.914124488830566,38.12277515044656,193643.0,20.018524169921875,26.029510498046875,23.5,18.11459350585937,34.19999980926514
1972-03-18 08:04:40,26.470928192138672,93.0722885131836,166.455078125,84.6212158203125,86.69999694824219,60.82175827026367,99.99276733398438,12.92591381072998,40.81788521579232,193643.0,21.32408142089844,22.765625,22.92881774902344,20.372100830078125,34.19999980926514
1972-03-18 08:04:41,26.41039085388184,92.9518051147461,166.0319061279297,84.6212158203125,86.19999694824219,60.82175827026367,99.9963836669922,12.928292274475098,41.43976070459203,193643.0,20.372116088867188,26.247100830078125,19.474533081054688,21.650466918945312,34.19999980926514
1972-03-18 08:04:42,26.34295654296875,92.83132934570312,166.3655548095703,84.6212158203125,87.0,60.82175827026367,99.99276733398438,12.935771942138672,38.33047876173242,193643.0,21.895263671875,19.773727416992188,21.94964599609375,23.010421752929688,34.19999980926514
1972-03-18 08:04:43,26.34412384033203,92.89157104492188,165.9586639404297,84.6212158203125,86.69999694824219,60.82175827026367,99.9963836669922,12.940353393554688,38.61007516123044,193643.0,20.888900756835938,24.424774169921875,21.92245483398437,19.90972900390625,34.19999980926514
1972-03-18 08:04:44,26.383813858032227,93.0722885131836,166.25161743164062,84.6212158203125,86.69999694824219,60.82175827026367,99.99276733398438,12.944934844970703,39.388771562376355,193643.0,21.623275756835938,20.372100830078125,22.54803466796875,21.67767333984375,34.22499990463257
1972-03-18 08:04:45,26.424591064453125,93.13253021240234,167.0572967529297,84.6212158203125,86.5999984741211,60.82175827026367,99.99276733398438,12.950242042541504,38.021765981699566,193643.0,19.74653625488281,25.811920166015625,24.6695556640625,17.10821533203125,34.19999980926514
1972-03-18 08:04:46,26.46113014221192,93.01204681396484,166.162109375,84.54545593261719,86.79999542236328,60.82175827026367,99.99276733398438,12.96142864227295,40.52743347216401,193643.0,23.58160400390625,21.78646850585937,22.19444274902344,22.629638671875,34.22499990463257
1972-03-18 08:04:47,26.42954635620117,93.01204681396484,164.26595306396484,84.54545593261719,86.29999542236328,60.82175827026367,99.9963836669922,12.966100692749023,40.17472190697146,193643.0,20.426513671875,20.100128173828125,22.004058837890625,17.489013671875,34.19999980926514
1972-03-18 08:04:48,26.393016815185547,93.01204681396484,164.5914764404297,84.6212158203125,86.79999542236328,60.82175827026367,99.99276733398438,12.9773530960083,39.10104453522165,193643.0,22.738433837890625,23.962387084960938,23.880783081054688,24.587966918945312,34.19999980926514
1972-03-18 08:04:49,26.401641845703125,93.01204681396484,165.8121795654297,84.6212158203125,86.9000015258789,60.82175827026367,99.99276733398438,12.982847213745115,40.405537353388915,193643.0,18.06019592285156,24.098388671875,20.61689758300781,19.692138671875,34.19999980926514
1972-03-18 08:04:50,26.43155670166016,93.01204681396484,165.73892974853516,84.6212158203125,87.0999984741211,60.82175827026367,99.99276733398438,12.989062309265137,38.72820316836472,193643.0,19.09375,23.309600830078125,24.615158081054688,19.800933837890625,34.19999980926514
1972-03-18 08:04:51,26.451295852661133,93.01204681396484,167.1875,84.6212158203125,87.5,60.82175827026367,99.99276733398438,13.007035255432127,40.02207310779554,193643.0,18.5225830078125,25.13194274902344,26.981475830078125,21.7320556640625,34.19999980926514
1972-03-18 08:04:52,26.45889472961425,92.9518051147461,164.33106231689453,84.6212158203125,87.5999984741211,60.82175827026367,99.99276733398438,13.017115592956545,38.19502639870688,193643.0,19.47454833984375,23.2008056640625,16.999420166015625,21.5960693359375,34.22499990463257
1972-03-18 08:04:53,26.39382743835449,92.9518051147461,166.95963287353516,84.6212158203125,88.0,60.82175827026367,99.9963836669922,13.024307250976562,37.993700519736755,193643.0,20.780105590820312,22.84722900390625,21.840850830078125,19.3929443359375,34.19999980926514
1972-03-18 08:04:54,26.33082771301269,93.0722885131836,165.1774139404297,84.54545593261719,86.69999694824219,60.82175827026367,99.9963836669922,13.029340744018556,40.71517892475714,193643.0,21.5960693359375,22.41204833984375,18.7945556640625,21.81365966796875,34.19999980926514
1972-03-18 08:04:55,26.31744766235352,93.01204681396484,166.68294525146484,84.54545593261719,85.9000015258789,60.82175827026367,99.9963836669922,13.040236473083496,40.56731136761028,193643.0,17.434616088867188,25.2679443359375,22.52084350585937,21.623260498046875,34.19999980926514
1972-03-18 08:04:56,26.32962226867676,92.9518051147461,167.0654296875,84.54545593261719,86.79999542236328,60.82175827026367,99.9963836669922,13.058512687683104,38.26240929912806,193643.0,23.608795166015625,23.853591918945312,19.01214599609375,19.9913330078125,34.19999980926514
1972-03-18 08:04:57,26.341947555541992,92.89157104492188,166.4306640625,84.6212158203125,86.5999984741211,60.82175827026367,99.99276733398438,13.066717147827148,38.480476138653266,193643.0,20.752899169921875,26.383102416992188,25.839111328125,18.495361328125,34.19999980926514
1972-03-18 08:04:58,26.357282638549805,93.01204681396484,166.12955474853516,84.6212158203125,87.4000015258789,60.82175827026367,99.99276733398438,13.077892303466797,38.087611036177,193643.0,22.085662841796875,20.5625,19.66493225097656,20.807296752929688,34.19999980926514
1972-03-18 08:04:59,26.334980010986328,93.0722885131836,166.80501556396484,84.6212158203125,87.5999984741211,60.82175827026367,99.99276733398438,13.090583801269531,39.56713372541141,193643.0,20.780105590820312,30.245361328125,24.207183837890625,20.236114501953125,34.19999980926514
1972-03-18 08:05:00,26.27515411376953,93.0722885131836,164.85189056396484,84.6212158203125,86.5,60.82175827026367,99.9963836669922,13.106294631958008,40.15345663988627,193643.0,21.81365966796875,20.698486328125,16.537033081054688,20.181716918945312,34.19999980926514
1972-03-18 08:05:01,26.280332565307617,92.9518051147461,165.6901092529297,84.6212158203125,88.0,60.82175827026367,99.99276733398438,13.117751121520996,38.8670525877959,193643.0,18.549774169921875,26.682281494140625,23.907989501953125,16.863433837890625,34.19999980926514
1972-03-18 08:05:02,26.310312271118164,92.83132934570312,165.478515625,84.6212158203125,86.79999542236328,60.82175827026367,99.99276733398438,13.130013465881348,40.19445503868624,193643.0,22.49365234375,23.309600830078125,18.168975830078125,22.738433837890625,34.19999980926514
1972-03-18 08:05:03,26.37546157836914,92.83132934570312,166.42252349853516,84.6212158203125,87.19999694824219,60.82175827026367,99.9963836669922,13.144559860229492,37.204490084057824,193643.0,18.903366088867188,23.71759033203125,21.296875,20.834503173828125,34.19999980926514
1972-03-18 08:05:04,26.46070671081543,93.01204681396484,166.10514068603516,84.6212158203125,87.5999984741211,60.82175827026367,99.99276733398438,13.15992546081543,38.96018051138212,193643.0,22.085662841796875,23.88079833984375,23.55439758300781,23.608795166015625,34.19999980926514
1972-03-18 08:05:05,26.47052001953125,93.13253021240234,165.22623443603516,84.6212158203125,87.0999984741211,60.82175827026367,99.99276733398438,13.170286178588867,38.91081234306295,193643.0,20.018524169921875,28.450225830078125,23.690399169921875,20.072921752929688,34.19999980926514
1972-03-18 08:05:06,26.466487884521484,93.1927719116211,165.55176544189453,84.6212158203125,87.0,60.82175827026367,99.99276733398438,13.176313400268556,39.24111307660632,193643.0,20.888900756835938,22.05844116210937,22.493621826171875,22.03125,34.19999980926514
1972-03-18 08:05:07,26.500951766967773,93.0722885131836,166.5608673095703,84.6212158203125,87.4000015258789,60.82175827026367,99.9963836669922,13.187494277954102,38.203071642263914,193643.0,20.5625,27.6070556640625,23.98959350585937,20.807296752929688,34.19999980926514
1972-03-18 08:05:08,26.53835678100586,92.9518051147461,166.42252349853516,84.6212158203125,87.5999984741211,60.82175827026367,99.99276733398438,13.19871425628662,38.17287944537134,193643.0,20.671295166015625,23.71759033203125,20.372100830078125,23.364013671875,34.19999980926514
1972-03-18 08:05:09,26.57939338684082,92.89157104492188,167.10611724853516,84.6212158203125,87.69999694824219,60.82175827026367,99.99276733398438,13.209263801574709,36.1370561016564,193643.0,20.20892333984375,25.648727416992188,23.907989501953125,21.487274169921875,34.19999980926514
1972-03-18 08:05:10,26.59113883972168,92.89157104492188,166.71549224853516,84.54545593261719,86.5999984741211,60.82175827026367,99.99276733398438,13.220579147338867,39.13397226895548,193643.0,23.22802734375,24.26156616210937,21.895263671875,22.276046752929688,34.19999980926514
1972-03-18 08:05:11,26.51010704040528,93.01204681396484,165.41341400146484,84.54545593261719,86.5,60.82175827026367,99.99276733398438,13.236383438110352,40.6576334539685,193643.0,21.02490234375,27.66146850585937,21.86805725097656,21.568878173828125,34.19999980926514
1972-03-18 08:05:12,26.42285346984864,93.0722885131836,166.39810943603516,84.6212158203125,86.79999542236328,60.82175827026367,99.99276733398438,13.253772735595703,40.603989046562205,193643.0,21.405670166015625,20.9976806640625,24.15277099609375,24.098388671875,34.19999980926514
1972-03-18 08:05:13,26.36091995239257,93.01204681396484,165.4459686279297,84.6212158203125,86.69999694824219,60.82175827026367,99.9963836669922,13.263952255249023,39.444361123455714,193643.0,22.248855590820312,24.832763671875,22.357635498046875,18.304977416992188,34.19999980926514
1972-03-18 08:05:14,26.33728790283203,92.9518051147461,166.6096954345703,84.6212158203125,87.69999694824219,60.82175827026367,99.99276733398438,13.274184226989746,39.228251741485785,193643.0,24.071197509765625,22.357635498046875,24.207183837890625,22.98321533203125,34.19999980926514
1972-03-18 08:05:15,26.33594512939453,92.89157104492188,166.455078125,84.6212158203125,88.20000457763672,60.82175827026367,99.99276733398438,13.291776657104492,39.35507147502611,193643.0,19.692138671875,26.383102416992188,23.173614501953125,22.140045166015625,34.19999980926514
1972-03-18 08:05:16,26.334117889404297,92.89157104492188,165.34017181396484,84.54545593261719,86.9000015258789,60.82175827026367,99.99276733398438,13.30805206298828,40.041442022698895,193643.0,19.85533142089844,21.5960693359375,21.024871826171875,21.78646850585937,34.19999980926514
1972-03-18 08:05:17,26.304874420166016,93.01204681396484,165.73079681396484,84.54545593261719,87.30000305175781,60.82175827026367,99.99276733398438,13.321510314941406,40.045547891320126,193643.0,19.9913330078125,26.573486328125,24.72396850585937,17.84259033203125,34.19999980926514
1972-03-18 08:05:18,26.24640846252441,93.13253021240234,164.453125,84.6212158203125,87.19999694824219,60.82175827026367,99.99276733398438,13.338719367980955,39.60035934278525,193643.0,20.58970642089844,23.28240966796875,18.41377258300781,19.202545166015625,34.19999980926514
1972-03-18 08:05:19,26.241605758666992,93.0722885131836,166.83756256103516,84.6212158203125,87.19999694824219,60.82175827026367,99.99276733398438,13.353126525878906,39.265862387547635,193643.0,19.77374267578125,25.02314758300781,27.144683837890625,16.781829833984375,34.19999980926514
1972-03-18 08:05:20,26.281932830810547,93.01204681396484,165.39713287353516,84.6212158203125,86.69999694824219,60.82175827026367,99.99276733398438,13.374939918518066,39.884003558380535,193643.0,20.80731201171875,20.64410400390625,20.508102416992188,23.173614501953125,34.19999980926514
1972-03-18 08:05:21,26.342283248901367,92.9518051147461,166.1539764404297,84.6212158203125,87.5,60.82175827026367,99.9963836669922,13.390336990356444,37.215792433579665,193643.0,20.07293701171875,25.53993225097656,24.31597900390625,17.3258056640625,34.19999980926514
1972-03-18 08:05:22,26.39411354064941,92.83132934570312,166.2434844970703,84.6212158203125,87.9000015258789,60.82175827026367,99.9963836669922,13.405841827392578,39.0570078284495,193643.0,22.38485717773437,25.02314758300781,23.85357666015625,22.357635498046875,34.19999980926514
1972-03-18 08:05:23,26.404634475708008,92.89157104492188,166.00748443603516,84.6212158203125,87.0,60.82175827026367,99.99276733398438,13.428034782409668,40.607804468668014,193643.0,21.73207092285156,26.573486328125,23.472808837890625,19.88252258300781,34.19999980926514
1972-03-18 08:05:24,26.37613105773925,93.01204681396484,165.5924530029297,84.6212158203125,86.5,60.82175827026367,99.9963836669922,13.44602108001709,38.56622721069222,193643.0,18.71298217773437,22.84722900390625,19.365737915039062,21.840850830078125,34.19999980926514
1972-03-18 08:05:25,26.392940521240234,93.13253021240234,166.24349212646484,84.54545593261719,86.0999984741211,60.82175827026367,99.99276733398438,13.467061042785645,40.862425024401084,193643.0,22.221649169921875,25.975128173828125,22.54803466796875,19.47454833984375,34.19999980926514
1972-03-18 08:05:26,26.44350814819336,93.0722885131836,164.31478118896484,84.6212158203125,87.19999694824219,60.82175827026367,99.99276733398438,13.480934143066406,38.89790344989554,193643.0,23.5,24.234375,17.679397583007812,16.999420166015625,34.19999980926514
1972-03-18 08:05:27,26.48812866210937,92.9518051147461,166.3981170654297,84.6212158203125,87.19999694824219,60.82175827026367,99.9963836669922,13.499274253845217,39.99729582366991,193643.0,20.18173217773437,25.73031616210937,22.629638671875,22.140045166015625,34.19999980926514
1972-03-18 08:05:28,26.50782966613769,92.83132934570312,166.38182830810547,84.6212158203125,87.0,60.82175827026367,99.99276733398438,13.517748832702637,40.23544710912288,193643.0,21.296875,23.744781494140625,23.41839599609375,20.31771850585937,34.19999980926514
1972-03-18 08:05:29,26.488454818725582,92.89157104492188,165.1204376220703,84.6212158203125,86.9000015258789,60.82175827026367,99.99276733398438,13.53632640838623,39.96030222402336,193643.0,15.258697509765623,25.839111328125,20.943283081054688,20.58969116210937,34.19999980926514
1972-03-18 08:05:30,26.416263580322266,92.9518051147461,166.552734375,84.6212158203125,87.0999984741211,60.82175827026367,99.9963836669922,13.546262741088867,38.85166165694205,193643.0,19.828125,22.68402099609375,24.179977416992188,18.712966918945312,34.19999980926514
1972-03-18 08:05:31,26.384401321411133,93.13253021240234,165.234375,84.54545593261719,85.79999542236328,60.82175827026367,99.9963836669922,13.563549041748049,42.176592610799155,193643.0,19.09375,21.46006774902344,21.106475830078125,20.372100830078125,34.19999980926514
1972-03-18 08:05:32,26.41265106201172,93.1927719116211,166.3167266845703,84.54545593261719,86.0999984741211,60.82175827026367,99.99276733398438,13.589734077453612,39.81863144537529,193643.0,20.426513671875,19.66493225097656,21.623260498046875,23.55439758300781,34.19999980926514
1972-03-18 08:05:33,26.449392318725582,93.0722885131836,165.7633514404297,84.6212158203125,85.79999542236328,60.82175827026367,99.99276733398438,13.60733699798584,40.067144829643176,193643.0,20.8616943359375,22.738433837890625,21.18807983398437,21.13368225097656,34.19999980926514
1972-03-18 08:05:34,26.46843338012696,92.89157104492188,165.4459686279297,84.6212158203125,86.5,60.82175827026367,99.99276733398438,13.619912147521973,39.64073470200723,193643.0,19.09375,20.1273193359375,21.623260498046875,19.71932983398437,34.19999980926514
1972-03-18 08:05:35,26.43017196655273,92.89157104492188,166.66665649414062,84.6212158203125,86.69999694824219,60.82175827026367,99.99276733398438,13.642799377441406,39.995289175408686,193643.0,20.616912841796875,26.546295166015625,23.092010498046875,20.508102416992188,34.19999980926514
1972-03-18 08:05:36,26.36004447937012,92.9518051147461,166.87010955810547,84.6212158203125,86.9000015258789,60.82175827026367,99.99276733398438,13.663656234741213,40.309085179687344,193643.0,26.627899169921875,20.834503173828125,24.642364501953125,22.384841918945312,34.19999980926514
1972-03-18 08:05:37,26.313024520874023,93.0722885131836,166.1702423095703,84.6212158203125,88.20000457763672,60.82175827026367,99.9963836669922,13.694908142089844,36.903785358276835,193643.0,20.7257080078125,27.93344116210937,23.364013671875,21.432861328125,34.19999980926514
1972-03-18 08:05:38,26.321435928344727,93.0722885131836,166.1946563720703,84.6212158203125,87.9000015258789,60.82175827026367,99.99276733398438,13.704462051391602,39.45784167014915,193643.0,25.077545166015625,22.68402099609375,22.3304443359375,24.424774169921875,34.19999980926514
1972-03-18 08:05:39,26.36546897888184,93.01204681396484,165.29134368896484,84.54545593261719,87.0,60.82175827026367,99.99276733398438,13.722065925598145,40.084272274979725,193643.0,21.32408142089844,24.5335693359375,23.146408081054688,18.223388671875,34.19999980926514
1972-03-18 08:05:40,26.37896728515625,92.83132934570312,164.99837493896484,84.6212158203125,86.5,60.82175827026367,99.99276733398438,13.738316535949709,40.28707472703167,193643.0,20.045730590820312,25.05035400390625,19.556121826171875,23.037628173828125,34.19999980926514
1972-03-18 08:05:41,26.363983154296875,92.89157104492188,165.9261016845703,84.6212158203125,87.0999984741211,60.82175827026367,99.9963836669922,13.761956214904783,39.3370257670203,193643.0,22.629638671875,26.029510498046875,22.24884033203125,18.631378173828125,34.19999980926514
1972-03-18 08:05:42,26.311174392700195,93.01204681396484,165.0716094970703,84.6212158203125,86.5999984741211,60.82175827026367,99.9963836669922,13.774806022644045,40.43111346275033,193643.0,21.32408142089844,24.560760498046875,20.04571533203125,20.9976806640625,34.19999980926514
1972-03-18 08:05:43,26.303476333618164,93.01204681396484,165.3076171875,84.6212158203125,87.5,60.82175827026367,99.99276733398438,13.794265747070312,39.13560000339362,193643.0,21.65048217773437,23.907989501953125,26.682281494140625,18.44097900390625,34.19999980926514
1972-03-18 08:05:44,26.349063873291016,93.01204681396484,164.5345001220703,84.54545593261719,86.69999694824219,60.82175827026367,99.99276733398438,13.82044792175293,41.14561556996136,193643.0,20.8616943359375,25.947906494140625,18.14178466796875,19.66493225097656,34.19999980926514
1972-03-18 08:05:45,26.400123596191406,92.9518051147461,165.5517578125,84.54545593261719,87.30000305175781,60.82175827026367,99.9963836669922,13.839483261108398,39.08264170594775,193644.0,19.85533142089844,24.179977416992188,24.914352416992188,20.535308837890625,34.19999980926514
1972-03-18 08:05:46,26.43909454345703,92.9518051147461,165.82845306396484,84.6212158203125,87.5,60.81814193725586,99.9963836669922,13.84985065460205,38.90254052533239,193644.0,22.1944580078125,23.88079833984375,25.811920166015625,19.66493225097656,34.19999980926514
1972-03-18 08:05:47,26.45523452758789,93.01204681396484,166.08072662353516,84.6212158203125,86.5,60.82175827026367,99.99276733398438,13.873405456542969,39.65237276969079,193644.0,20.94329833984375,22.140045166015625,26.029510498046875,19.58334350585937,34.19999980926514
1972-03-18 08:05:48,26.40438461303711,93.13253021240234,165.6494140625,84.6212158203125,87.0,60.82175827026367,99.99276733398438,13.89567756652832,39.604116212790665,193644.0,20.45370483398437,21.86805725097656,22.11285400390625,20.671295166015625,34.19999980926514
1972-03-18 08:05:49,26.382200241088867,93.13253021240234,165.73892974853516,84.6212158203125,87.0,60.82175827026367,99.9963836669922,13.92611312866211,39.43095565307109,193644.0,20.154525756835938,25.431137084960938,23.41839599609375,18.7945556640625,34.19999980926514
1972-03-18 08:05:50,26.40151023864746,93.01204681396484,166.11328125,84.6212158203125,87.5,60.82175827026367,99.99276733398438,13.95021915435791,40.130415305019255,193644.0,24.26158142089844,21.976852416992188,21.704864501953125,23.173614501953125,34.19999980926514
1972-03-18 08:05:51,26.451696395874023,92.83132934570312,166.84569549560547,84.6212158203125,88.0,60.82175827026367,99.9963836669922,13.972293853759766,38.91440663954151,193644.0,18.685775756835938,26.845489501953125,25.104736328125,22.956024169921875,34.19999980926514
1972-03-18 08:05:52,26.4818172454834,92.9518051147461,165.40528106689453,84.54545593261719,86.79999542236328,60.82175827026367,99.9963836669922,13.998165130615234,40.64610559172763,193644.0,22.65682983398437,24.15277099609375,21.269683837890625,20.61689758300781,34.19999980926514
1972-03-18 08:05:53,26.479990005493164,93.0722885131836,165.66568756103516,84.54545593261719,86.9000015258789,60.82175827026367,99.9963836669922,14.02713108062744,39.29296475487788,193644.0,20.26332092285156,23.39120483398437,21.160888671875,21.21527099609375,34.19999980926514
1972-03-18 08:05:54,26.428485870361328,93.13253021240234,166.9759063720703,84.6212158203125,88.20000457763672,60.82175827026367,99.9963836669922,14.047537803649902,38.923462944725294,193644.0,26.35591125488281,24.12557983398437,24.941558837890625,21.81365966796875,34.19999980926514
1972-03-18 08:05:55,26.414480209350582,93.0722885131836,165.9830780029297,84.6212158203125,86.79999542236328,60.82175827026367,99.99276733398438,14.069504737854004,40.65533167326111,193644.0,22.956024169921875,23.690399169921875,23.907989501953125,19.637725830078125,34.19999980926514
1972-03-18 08:05:56,26.44782447814941,92.9518051147461,165.44596099853516,84.6212158203125,87.80000305175781,60.82175827026367,99.9963836669922,14.0967435836792,37.867641905610284,193644.0,24.99595642089844,22.54803466796875,23.173614501953125,24.07118225097656,34.19999980926514
1972-03-18 08:05:57,26.494287490844727,92.89157104492188,166.5283203125,84.6212158203125,87.0999984741211,60.82175827026367,99.9963836669922,14.12781810760498,41.09178794320232,193644.0,21.868072509765625,25.34954833984375,24.778350830078125,19.773727416992188,34.19999980926514
1972-03-18 08:05:58,26.512651443481445,92.9518051147461,165.4052734375,84.6212158203125,86.9000015258789,60.82175827026367,99.9963836669922,14.154013633728027,38.81860755892064,193644.0,22.84722900390625,19.61053466796875,20.45370483398437,23.33680725097656,34.19999980926514
1972-03-18 08:05:59,26.511777877807617,92.9518051147461,167.2281951904297,84.6212158203125,88.4000015258789,60.82175827026367,99.99276733398438,14.173784255981444,39.15117066013938,193644.0,19.2569580078125,23.309600830078125,27.035888671875,21.94964599609375,34.19999980926514
1972-03-18 08:06:00,26.433496475219727,93.01204681396484,165.4622344970703,84.6212158203125,86.9000015258789,60.82175827026367,99.99276733398438,14.206831932067873,39.72140533445801,193644.0,25.34954833984375,23.907989501953125,23.010406494140625,21.37847900390625,34.19999980926514
1972-03-18 08:06:01,26.379470825195312,93.0722885131836,165.3564453125,84.6212158203125,86.29999542236328,60.82175827026367,99.9963836669922,14.233551025390623,38.54113390463355,193644.0,21.351287841796875,19.71932983398437,22.60243225097656,22.41204833984375,34.19999980926514
1972-03-18 08:06:02,26.37858009338379,93.01204681396484,164.9658203125,84.6212158203125,86.5,60.82175827026367,99.99276733398438,14.257491111755373,41.341407680260836,193644.0,26.35591125488281,25.512725830078125,21.13368225097656,22.493637084960938,34.19999980926514
1972-03-18 08:06:03,26.39881896972656,92.9518051147461,164.86002349853516,84.6212158203125,86.9000015258789,60.82175827026367,99.99276733398438,14.282293319702148,39.272421163731245,193644.0,21.54168701171875,25.59432983398437,23.227996826171875,18.38656616210937,34.19999980926514
1972-03-18 08:06:04,26.39592742919922,92.89157104492188,165.1611328125,84.6212158203125,86.5,60.82175827026367,99.99276733398438,14.308737754821776,40.554724928008156,193644.0,19.692138671875,23.28240966796875,19.3929443359375,21.21527099609375,34.19999980926514
1972-03-18 08:06:05,26.355573654174805,93.01204681396484,166.4469451904297,84.6212158203125,88.30000305175781,60.82175827026367,99.9963836669922,14.33827304840088,39.2100748079793,193644.0,21.05209350585937,27.362274169921875,25.75752258300781,20.2633056640625,34.19999980926514
1972-03-18 08:06:06,26.28134727478028,93.13253021240234,164.29036712646484,84.6212158203125,86.9000015258789,60.82175827026367,99.99276733398438,14.36212158203125,39.79482161071979,193644.0,22.221649169921875,24.479156494140625,17.9241943359375,24.96875,34.19999980926514
1972-03-18 08:06:07,26.23135566711425,93.0722885131836,164.7216796875,84.6212158203125,87.30000305175781,60.82175827026367,99.9963836669922,14.380256652832031,37.9273851805289,193644.0,19.365753173828125,23.41839599609375,20.208908081054688,20.970489501953125,34.19999980926514
1972-03-18 08:06:08,26.24091148376465,92.89157104492188,165.0227813720703,84.6212158203125,86.0999984741211,60.82175827026367,99.9963836669922,14.411616325378418,41.62262819005517,193644.0,21.02490234375,26.546295166015625,18.549774169921875,22.493637084960938,34.19999980926514
1972-03-18 08:06:09,26.2857608795166,93.01204681396484,164.6240234375,84.54545593261719,86.0999984741211,60.82175827026367,99.9963836669922,14.441725730895996,39.838516645987696,193644.0,18.930572509765625,25.376739501953125,21.81365966796875,20.807296752929688,34.19999980926514
1972-03-18 08:06:10,26.30561065673828,92.9518051147461,166.650390625,84.6212158203125,86.29999542236328,60.82175827026367,99.9963836669922,14.467645645141602,41.12235040222696,193644.0,25.48553466796875,21.92245483398437,25.675933837890625,25.18634033203125,34.19999980926514
1972-03-18 08:06:11,26.30514335632324,92.9518051147461,165.29134368896484,84.6212158203125,86.29999542236328,60.82175827026367,99.9963836669922,14.487848281860352,41.329929925531516,193644.0,19.800933837890625,22.384841918945312,23.5,17.434600830078125,34.19999980926514
1972-03-18 08:06:12,26.263427734375,92.9518051147461,164.48567962646484,84.6212158203125,86.29999542236328,60.82175827026367,99.9963836669922,14.513985633850098,39.46776028352313,193644.0,22.65682983398437,20.671295166015625,22.11285400390625,23.52719116210937,34.19999980926514
1972-03-18 08:06:13,26.26208877563477,93.01204681396484,166.064453125,84.6212158203125,85.9000015258789,60.81814193725586,99.9963836669922,14.543194770812988,40.432213384106696,193644.0,19.17535400390625,26.46469116210937,21.840850830078125,23.7991943359375,34.19999980926514
1972-03-18 08:06:14,26.304073333740234,93.01204681396484,164.3717498779297,84.6212158203125,87.0,60.82175827026367,99.9963836669922,14.569658279418944,39.59292055419113,193644.0,22.738433837890625,22.004058837890625,20.943283081054688,21.487274169921875,34.19999980926514
1972-03-18 08:06:15,26.39289283752441,92.9518051147461,165.87728118896484,84.54545593261719,87.4000015258789,60.82175827026367,99.9963836669922,14.587474822998049,38.85677006003335,193644.0,20.48091125488281,24.26156616210937,24.75115966796875,21.568878173828125,34.19999980926514
1972-03-18 08:06:16,26.40676498413086,92.9518051147461,165.09603118896484,84.54545593261719,86.79999542236328,60.82175827026367,99.99276733398438,14.61850643157959,38.84622792033081,193644.0,21.73207092285156,24.75115966796875,22.140045166015625,19.202545166015625,34.19999980926514
1972-03-18 08:06:17,26.413198471069336,92.9518051147461,164.60774993896484,84.54545593261719,86.4000015258789,60.82175827026367,99.99276733398438,14.643888473510742,40.756750644112564,193644.0,20.834503173828125,22.79281616210937,20.208908081054688,21.86805725097656,34.19999980926514
1972-03-18 08:06:18,26.41920280456543,93.01204681396484,165.18553924560547,84.6212158203125,87.0999984741211,60.82175827026367,99.99276733398438,14.666478157043455,40.96137906766823,193644.0,25.839141845703125,25.295135498046875,21.024871826171875,22.08564758300781,34.19999980926514
1972-03-18 08:06:19,26.42944526672364,93.01204681396484,164.8030548095703,84.6212158203125,86.29999542236328,60.82175827026367,99.9963836669922,14.686214447021484,40.26583715346308,193644.0,21.92245483398437,26.35589599609375,22.629638671875,21.13368225097656,34.19999980926514
1972-03-18 08:06:20,26.47828483581543,93.01204681396484,164.59146881103516,84.6212158203125,87.19999694824219,60.82175827026367,99.9963836669922,14.710392951965332,40.03616734380248,193644.0,23.20082092285156,22.79281616210937,18.304977416992188,22.65682983398437,34.19999980926514
1972-03-18 08:06:21,26.54144287109375,92.89157104492188,166.21907806396484,84.6212158203125,87.5,60.82175827026367,99.9963836669922,14.739809036254885,39.11846535051914,193644.0,22.221649169921875,27.634262084960938,23.25521850585937,22.05844116210937,34.19999980926514
1972-03-18 08:06:22,26.57250213623047,92.83132934570312,165.2994842529297,84.6212158203125,86.5999984741211,60.82175827026367,99.9963836669922,14.765002250671388,40.70176183083633,193644.0,21.05209350585937,22.439239501953125,19.964111328125,22.9288330078125,34.19999980926514
1972-03-18 08:06:23,26.558841705322266,92.9518051147461,166.56087493896484,84.6212158203125,87.30000305175781,60.82175827026367,99.99276733398438,14.784456253051758,38.81008428177077,193644.0,18.71298217773437,24.914352416992188,26.92709350585937,22.711227416992188,34.19999980926514
1972-03-18 08:06:24,26.48107147216797,93.1927719116211,164.68912506103516,84.6212158203125,86.9000015258789,60.82175827026367,99.9963836669922,14.820077896118164,40.70325852430777,193644.0,21.895263671875,25.648727416992188,18.71295166015625,20.20892333984375,34.19999980926514
1972-03-18 08:06:25,26.36247634887696,93.1927719116211,165.17740631103516,84.6212158203125,86.0999984741211,60.82175827026367,99.9963836669922,14.849347114562988,40.67988392023169,193644.0,20.45370483398437,22.874420166015625,23.635986328125,20.671295166015625,34.19999980926514
1972-03-18 08:06:26,26.340648651123047,93.13253021240234,164.63216400146484,84.6212158203125,87.0,60.82175827026367,99.9963836669922,14.87877082824707,39.597279843152315,193644.0,23.11923217773437,22.3304443359375,19.31134033203125,20.39930725097656,34.19999980926514
1972-03-18 08:06:27,26.432615280151367,92.89157104492188,165.2099609375,84.6212158203125,86.79999542236328,60.82175827026367,99.9963836669922,14.895194053649902,39.388027668322735,193644.0,18.00579833984375,25.322341918945312,24.615158081054688,18.38656616210937,34.19999980926514
1972-03-18 08:06:28,26.447927474975582,92.7108383178711,165.35645294189453,84.6212158203125,86.69999694824219,60.82175827026367,99.99276733398438,14.920385360717772,39.69650327833657,193644.0,24.96875,24.179977416992188,22.84722900390625,22.08564758300781,34.19999980926514
1972-03-18 08:06:29,26.400379180908203,92.9518051147461,165.39713287353516,84.6212158203125,87.19999694824219,60.82175827026367,99.99276733398438,14.950096130371094,38.97726906566257,193644.0,20.18173217773437,25.92071533203125,24.370361328125,19.066558837890625,34.19999980926514
1972-03-18 08:06:30,26.30792617797852,93.25301361083984,164.1357421875,84.6212158203125,86.69999694824219,60.82175827026367,99.9963836669922,14.981422424316406,38.228158919098405,193644.0,22.738433837890625,25.839111328125,19.25694274902344,19.828125,34.19999980926514
1972-03-18 08:06:31,26.233774185180664,93.0722885131836,164.697265625,84.6212158203125,86.5,60.82175827026367,99.9963836669922,14.99974250793457,40.570448434363314,193644.0,21.5960693359375,23.71759033203125,22.004058837890625,24.179977416992188,34.19999980926514
1972-03-18 08:06:32,26.233774185180664,93.0722885131836,164.697265625,84.6212158203125,86.5,60.82175827026367,99.9963836669922,14.99974250793457,40.570448434363314,193644.0,21.5960693359375,23.71759033203125,22.004058837890625,24.179977416992188,34.19999980926514
1972-03-18 08:06:33,26.236364364624023,92.83132934570312,163.83463287353516,84.6212158203125,86.69999694824219,60.82175827026367,99.9963836669922,15.023195266723633,40.91298049909232,193644.0,22.629638671875,26.35589599609375,16.781829833984375,19.556137084960938,34.19999980926514
1972-03-18 08:06:34,26.312623977661133,92.89157104492188,165.21810150146484,84.6212158203125,86.5999984741211,60.82175827026367,99.9963836669922,15.048227310180664,39.74770374428623,193644.0,18.168991088867188,24.479156494140625,20.58969116210937,22.79281616210937,34.19999980926514
1972-03-18 08:06:35,26.338422775268555,93.01204681396484,166.05631256103516,84.54545593261719,86.5,60.82175827026367,99.9963836669922,15.070392608642578,40.64440989189668,193644.0,23.608795166015625,22.08564758300781,25.213531494140625,23.119216918945312,34.19999980926514
1972-03-18 08:06:36,26.3542537689209,93.0722885131836,164.60774993896484,84.54545593261719,86.69999694824219,60.82175827026367,99.9963836669922,15.089715957641602,40.360473116913035,193644.0,20.1273193359375,25.62152099609375,20.943283081054688,21.650466918945312,34.19999980926514
1972-03-18 08:06:37,26.37310028076172,93.13253021240234,166.63411712646484,84.6212158203125,87.19999694824219,60.82175827026367,99.9963836669922,15.11420440673828,40.13345401421846,193644.0,21.81365966796875,27.117477416992188,23.9351806640625,19.17535400390625,34.19999980926514
1972-03-18 08:06:38,26.399158477783203,93.01204681396484,167.13053131103516,84.6212158203125,86.29999542236328,60.82175827026367,99.9963836669922,15.13875961303711,42.517111413374494,193644.0,18.84896850585937,23.58160400390625,23.9351806640625,18.93055725097656,34.19999980926514
1972-03-18 08:06:39,26.45984268188477,93.01204681396484,167.2607421875,84.6212158203125,85.9000015258789,60.82175827026367,99.9963836669922,15.170736312866213,41.47737010381199,193644.0,21.54168701171875,23.14642333984375,23.364013671875,20.290512084960938,34.19999980926514
1972-03-18 08:06:40,26.559234619140625,92.9518051147461,168.5953826904297,84.6212158203125,87.0,60.82175827026367,99.9963836669922,15.188240051269531,39.51176184342515,193644.0,20.18173217773437,24.15277099609375,25.45834350585937,20.94329833984375,34.19999980926514
1972-03-18 08:06:41,26.684871673583984,92.9518051147461,168.00943756103516,84.6212158203125,87.0,60.82175827026367,99.9963836669922,15.211629867553713,41.42262803242015,193644.0,22.65682983398437,22.82002258300781,18.44097900390625,21.51446533203125,34.19999980926514
1972-03-18 08:06:42,26.75328826904297,93.01204681396484,169.09993743896484,84.6212158203125,87.0,60.82175827026367,99.9963836669922,15.236520767211914,38.74093746462036,193644.0,18.495391845703125,19.284149169921875,24.560760498046875,20.78009033203125,34.19999980926514
1972-03-18 08:06:43,26.74308586120605,93.0722885131836,169.43359375,84.6212158203125,86.69999694824219,60.82175827026367,99.9963836669922,15.255661964416504,38.93972140089932,193644.0,22.54803466796875,20.072906494140625,21.7320556640625,20.61689758300781,34.19999980926514
1972-03-18 08:06:44,26.694625854492188,92.9518051147461,170.78450775146484,84.6212158203125,87.30000305175781,60.82175827026367,99.9963836669922,15.273354530334473,40.90789495495465,193644.0,18.930572509765625,25.18634033203125,25.376739501953125,21.92245483398437,34.19999980926514
1972-03-18 08:06:45,26.67719078063965,92.89157104492188,170.4264373779297,84.6212158203125,88.0999984741211,60.82175827026367,99.9963836669922,15.291046142578123,38.120748883336404,193644.0,23.96240234375,26.056716918945312,23.309600830078125,19.14814758300781,34.19999980926514
1972-03-18 08:06:46,26.68660545349121,92.89157104492188,171.45182037353516,84.54545593261719,87.0999984741211,60.82175827026367,99.9963836669922,15.31093978881836,39.22312034899557,193644.0,20.671295166015625,18.84896850585937,24.914352416992188,20.64410400390625,34.19999980926514
1972-03-18 08:06:47,26.68425750732422,92.9518051147461,170.71939849853516,84.6212158203125,86.29999542236328,60.82175827026367,99.9963836669922,15.327925682067873,39.56662603833131,193644.0,20.7257080078125,21.405670166015625,19.66493225097656,20.807296752929688,34.19999980926514
1972-03-18 08:06:48,26.651222229003903,93.13253021240234,173.1363983154297,84.6212158203125,87.5999984741211,60.82175827026367,99.9963836669922,15.344167709350586,40.79266489543057,193644.0,21.73207092285156,21.487274169921875,25.02314758300781,22.60243225097656,34.19999980926514
1972-03-18 08:06:49,26.50941467285156,93.13253021240234,171.7122344970703,84.6212158203125,88.0,60.82175827026367,99.9963836669922,15.360400199890137,39.26824245490615,193644.0,23.41841125488281,21.487274169921875,18.84896850585937,23.25521850585937,34.19999980926514
1972-03-18 08:06:50,26.34894561767578,93.0722885131836,173.44564819335938,84.6212158203125,87.5,60.82175827026367,99.9963836669922,15.373686790466309,39.929306415404874,193644.0,19.936920166015625,27.144683837890625,23.71759033203125,22.493637084960938,34.19999980926514
1972-03-18 08:06:51,26.26894760131836,92.83132934570312,170.7926483154297,84.6212158203125,87.0,60.82175827026367,99.99276733398438,15.383983612060549,40.79964979472854,193644.0,25.186355590820312,20.290512084960938,22.3304443359375,20.807296752929688,34.19999980926514
1972-03-18 08:06:52,26.210350036621094,92.77108001708984,171.3623046875,84.6212158203125,87.30000305175781,60.82175827026367,99.99276733398438,15.392722129821776,41.01769888192003,193644.0,19.71932983398437,25.077545166015625,23.2008056640625,21.405670166015625,34.19999980926514
1972-03-18 08:06:53,26.172771453857425,92.9518051147461,169.74283599853516,84.6212158203125,87.30000305175781,60.82175827026367,99.99276733398438,15.40500545501709,40.811312578933055,193644.0,22.602447509765625,26.763885498046875,18.84896850585937,20.916091918945312,34.19999980926514
1972-03-18 08:06:54,26.13943862915039,93.0722885131836,170.1904296875,84.6212158203125,87.4000015258789,60.81814193725586,99.99276733398438,15.41724967956543,39.51371897627905,193644.0,20.752899169921875,21.67767333984375,22.11285400390625,20.426513671875,34.19999980926514
1972-03-18 08:06:55,26.095897674560547,93.1927719116211,170.51595306396484,84.6212158203125,86.9000015258789,60.82175827026367,99.99276733398438,15.422825813293455,39.9420758986815,193644.0,21.92245483398437,24.506378173828125,22.439239501953125,20.78009033203125,34.19999980926514
1972-03-18 08:06:56,26.01627349853516,93.01204681396484,170.8333282470703,84.6212158203125,86.19999694824219,60.82175827026367,99.99276733398438,15.432652473449709,40.29350924705388,193644.0,21.568878173828125,22.493637084960938,23.744781494140625,20.7257080078125,34.19999980926514
1972-03-18 08:06:57,26.03531265258789,92.89157104492188,169.7916717529297,84.6212158203125,85.0999984741211,60.82175827026367,99.99276733398438,15.443848609924316,42.153994995751646,193644.0,20.752899169921875,21.81365966796875,20.236114501953125,21.67767333984375,34.19999980926514
1972-03-18 08:06:58,26.116146087646484,92.83132934570312,169.82421875,84.6212158203125,87.0,60.82175827026367,99.9963836669922,15.44692325592041,39.59847789814803,193644.0,19.420150756835938,25.512725830078125,21.18807983398437,18.032989501953125,34.19999980926514
1972-03-18 08:06:59,26.231225967407227,93.01204681396484,171.0123748779297,84.6212158203125,85.9000015258789,60.82175827026367,99.9963836669922,15.449825286865234,43.31458460171906,193644.0,23.01043701171875,23.28240966796875,22.98321533203125,19.202545166015625,34.19999980926514
1972-03-18 08:07:00,26.32909774780273,93.0722885131836,170.71126556396484,84.6212158203125,86.0999984741211,60.82175827026367,99.9963836669922,15.45621109008789,41.66333324398745,193644.0,17.461822509765625,21.46006774902344,23.25521850585937,19.447341918945312,34.19999980926514
1972-03-18 08:07:01,26.385467529296875,93.13253021240234,169.53125762939453,84.6212158203125,86.19999694824219,60.82175827026367,99.99276733398438,15.470525741577148,42.572356953917364,193644.0,22.54803466796875,24.88714599609375,20.208908081054688,23.826385498046875,34.19999980926514
1972-03-18 08:07:02,26.40541648864746,93.0722885131836,171.0205078125,84.6212158203125,87.0,60.82175827026367,99.99276733398438,15.477490425109863,40.438045157762076,193644.0,20.970489501953125,24.5335693359375,23.11920166015625,20.181716918945312,34.19999980926514
1972-03-18 08:07:03,26.4560489654541,92.89157104492188,170.49967193603516,84.6212158203125,87.69999694824219,60.82175827026367,99.9963836669922,15.480684280395508,38.38025292220828,193644.0,23.309616088867188,23.33680725097656,21.46006774902344,21.650466918945312,34.19999980926514
1972-03-18 08:07:04,26.542404174804688,92.83132934570312,171.9889373779297,84.54545593261719,87.19999694824219,60.82175827026367,99.9963836669922,15.485167503356934,40.73242897458613,193644.0,20.34490966796875,25.4039306640625,26.0023193359375,21.623260498046875,34.19999980926514
1972-03-18 08:07:05,26.59785842895508,92.89157104492188,170.9228515625,84.6212158203125,86.69999694824219,60.82175827026367,99.99276733398438,15.499046325683594,40.62880752858133,193644.0,19.90972900390625,23.39120483398437,23.0648193359375,22.276046752929688,34.19999980926514
1972-03-18 08:07:06,26.609580993652344,93.0722885131836,171.15071868896484,84.6212158203125,87.5999984741211,60.82175827026367,99.9963836669922,15.490904808044434,37.495439207447966,193644.0,19.74653625488281,21.840850830078125,24.5335693359375,19.74652099609375,34.19999980926514
1972-03-18 08:07:07,26.56368827819824,93.13253021240234,170.5240936279297,84.6212158203125,86.69999694824219,60.82175827026367,99.99276733398438,15.486861228942873,41.57524705746519,193644.0,25.295150756835938,24.26156616210937,22.4664306640625,20.48089599609375,34.19999980926514
1972-03-18 08:07:08,26.43854331970215,93.0722885131836,170.458984375,84.6212158203125,85.9000015258789,60.82175827026367,99.99276733398438,15.47673225402832,41.96729726865468,193644.0,18.06019592285156,22.05844116210937,24.207183837890625,21.51446533203125,34.19999980926514
1972-03-18 08:07:09,26.376752853393555,92.89157104492188,170.30435943603516,84.6212158203125,86.79999542236328,60.82175827026367,99.9963836669922,15.488242149353027,40.98786182529992,193644.0,22.248855590820312,23.55439758300781,21.296875,21.623260498046875,34.19999980926514
1972-03-18 08:07:10,26.37833595275879,92.77108001708984,169.95442962646484,84.6212158203125,86.19999694824219,60.82175827026367,99.99276733398438,15.480664253234863,42.57144819772022,193644.0,19.692138671875,24.26156616210937,20.508102416992188,20.181716918945312,34.19999980926514
1972-03-18 08:07:11,26.410324096679688,93.01204681396484,169.4091796875,84.6212158203125,86.69999694824219,60.82175827026367,99.9963836669922,15.47061252593994,38.09954576627242,193644.0,19.420150756835938,22.05844116210937,21.432861328125,21.05209350585937,34.19999980926514
1972-03-18 08:07:12,26.39620780944824,93.1927719116211,170.30435943603516,84.54545593261719,87.30000305175781,60.82175827026367,99.9963836669922,15.463937759399414,41.35957205665206,193644.0,22.65682983398437,24.28877258300781,20.31771850585937,19.556137084960938,34.19999980926514
1972-03-18 08:07:13,26.31664657592773,93.25301361083984,170.27994537353516,84.6212158203125,86.69999694824219,60.82175827026367,99.9963836669922,15.476019859313965,40.21476235335933,193644.0,16.482650756835938,26.247100830078125,20.698486328125,22.874420166015625,34.19999980926514
1972-03-18 08:07:14,26.21173858642578,93.01204681396484,169.89746856689453,84.54545593261719,87.4000015258789,60.81814193725586,99.9963836669922,15.47488784790039,38.672032308531925,193644.0,21.32408142089844,23.98959350585937,20.372100830078125,22.60243225097656,34.19999980926514
1972-03-18 08:07:15,26.19706916809082,92.89157104492188,170.27181243896484,84.6212158203125,88.30000305175781,60.82175827026367,99.9963836669922,15.463338851928713,38.28082196119364,193644.0,22.303253173828125,24.96875,21.32406616210937,20.5625,34.19999980926514
1972-03-18 08:07:16,26.24561882019043,92.77108001708984,170.58919525146484,84.6212158203125,86.5,60.82175827026367,99.9963836669922,15.45216941833496,40.30608324855419,193644.0,18.79457092285156,21.18807983398437,24.85995483398437,21.67767333984375,34.19999980926514
1972-03-18 08:07:17,26.329044342041016,92.9518051147461,170.1334686279297,84.6212158203125,87.80000305175781,60.82175827026367,99.99276733398438,15.46562671661377,39.53446659888922,193644.0,22.05845642089844,25.34954833984375,20.8616943359375,20.94329833984375,34.19999980926514
1972-03-18 08:07:18,26.39398002624512,93.1927719116211,169.73470306396484,84.6212158203125,86.5,60.82175827026367,99.9963836669922,15.452689170837402,42.77618684197271,193644.0,20.154525756835938,24.098388671875,21.81365966796875,20.8616943359375,34.19999980926514
1972-03-18 08:07:19,26.44714736938477,93.13253021240234,170.08463287353516,84.6212158203125,87.4000015258789,60.82175827026367,99.9963836669922,15.452619552612305,39.221387802412266,193644.0,20.780105590820312,23.28240966796875,21.568862915039062,23.173614501953125,34.19999980926514
1972-03-18 08:07:20,26.46524429321289,92.89157104492188,170.63802337646484,84.6212158203125,86.5999984741211,60.82175827026367,99.99276733398438,15.441411018371582,39.79988857986899,193644.0,20.07293701171875,24.80555725097656,24.01678466796875,17.869796752929688,34.19999980926514
1972-03-18 08:07:21,26.461071014404297,92.89157104492188,168.310546875,84.6212158203125,86.0,60.82175827026367,99.9963836669922,15.451857566833496,40.37469421306745,193644.0,21.623275756835938,24.642364501953125,17.24420166015625,17.978591918945312,34.19999980926514
1972-03-18 08:07:22,26.50672912597656,93.01204681396484,168.6767578125,84.6212158203125,86.4000015258789,60.82175827026367,99.9963836669922,15.430813789367676,40.64920775179965,193644.0,19.936920166015625,23.71759033203125,20.78009033203125,20.7257080078125,34.19999980926514
1972-03-18 08:07:23,26.565414428710938,93.1927719116211,170.10091400146484,84.6212158203125,85.9000015258789,60.82175827026367,99.9963836669922,15.41812229156494,41.172847820580344,193644.0,23.44561767578125,22.711227416992188,21.51446533203125,19.066558837890625,34.19999980926514
1972-03-18 08:07:24,26.58724975585937,93.1927719116211,169.1162109375,84.6212158203125,86.4000015258789,60.82175827026367,99.9963836669922,15.408050537109377,38.90734922424075,193644.0,17.461822509765625,20.834503173828125,21.81365966796875,22.3304443359375,34.19999980926514
1972-03-18 08:07:25,26.57063102722168,92.89157104492188,169.27083587646484,84.6212158203125,86.9000015258789,60.82175827026367,99.9963836669922,15.405037879943848,38.479816359063456,193644.0,25.811920166015625,24.39756774902344,22.167236328125,18.93055725097656,34.19999980926514
1972-03-18 08:07:26,26.49026870727539,92.77108001708984,169.28711700439453,84.6212158203125,86.5999984741211,60.82175827026367,99.9963836669922,15.39890956878662,40.2954900194621,193644.0,20.698516845703125,21.024887084960938,21.160888671875,20.181716918945312,34.19999980926514
1972-03-18 08:07:27,26.41694450378418,92.9518051147461,169.18131256103516,84.54545593261719,87.0,60.82175827026367,99.9963836669922,15.3837890625,38.759258624151606,193644.0,22.71124267578125,21.94964599609375,21.92245483398437,20.58969116210937,34.19999980926514
1972-03-18 08:07:28,26.40647315979004,93.0722885131836,169.86490631103516,84.6212158203125,86.79999542236328,60.82175827026367,99.99276733398438,15.362441062927246,41.28615054667174,193644.0,20.888900756835938,25.05035400390625,22.52084350585937,21.67767333984375,34.19999980926514
1972-03-18 08:07:29,26.44841957092285,93.13253021240234,169.69400787353516,84.6212158203125,86.5999984741211,60.82175827026367,99.9963836669922,15.361984252929688,41.239261219900584,193644.0,20.07293701171875,26.383102416992188,21.704864501953125,19.800933837890625,34.19999980926514
1972-03-18 08:07:30,26.439207077026367,93.01204681396484,169.6044921875,84.6212158203125,86.79999542236328,60.82175827026367,99.9963836669922,15.351852416992188,38.099570047351136,193644.0,20.07293701171875,20.20892333984375,22.629638671875,21.568878173828125,34.19999980926514
1972-03-18 08:07:31,26.399797439575195,92.89157104492188,169.93002319335938,84.6212158203125,86.79999542236328,60.82175827026367,99.9963836669922,15.345129013061523,41.046424860688425,193644.0,22.901641845703125,24.587966918945312,23.227996826171875,20.154510498046875,34.19999980926514
1972-03-18 08:07:32,26.31619644165039,92.89157104492188,169.73470306396484,84.6212158203125,86.9000015258789,60.82175827026367,99.9963836669922,15.334527015686035,41.08632565321275,193644.0,18.14178466796875,24.01678466796875,20.943283081054688,22.05844116210937,34.19999980926514
1972-03-18 08:07:33,26.283370971679688,93.01204681396484,169.32779693603516,84.54545593261719,86.9000015258789,60.82175827026367,99.9963836669922,15.328091621398926,40.574863991844445,193644.0,21.67767333984375,23.52719116210937,21.160888671875,20.64410400390625,34.19999980926514
1972-03-18 08:07:34,26.314741134643555,93.0722885131836,169.24642181396484,84.54545593261719,86.5,60.82175827026367,99.9963836669922,15.317046165466309,43.06566265378988,193644.0,20.780105590820312,26.111114501953125,21.541656494140625,17.951385498046875,34.19999980926514
1972-03-18 08:07:35,26.38336563110352,93.0722885131836,170.00325775146484,84.6212158203125,87.0,60.82175827026367,99.9963836669922,15.296964645385742,40.0917969746861,193644.0,19.61053466796875,21.160888671875,19.88252258300781,23.33680725097656,34.19999980926514
1972-03-18 08:07:36,26.405208587646484,93.01204681396484,170.37760162353516,84.6212158203125,87.4000015258789,60.82175827026367,99.9963836669922,15.286015510559082,41.51595940864786,193644.0,19.311355590820312,22.738433837890625,21.024871826171875,20.535308837890625,34.19999980926514
1972-03-18 08:07:37,26.388267517089844,92.9518051147461,169.62076568603516,84.6212158203125,86.5,60.82175827026367,99.99276733398438,15.283635139465332,40.62585193029994,193644.0,19.828125,22.4664306640625,21.32406616210937,21.623260498046875,34.19999980926514
1972-03-18 08:07:38,26.325586318969727,92.89157104492188,170.06021881103516,84.6212158203125,87.19999694824219,60.82175827026367,99.9963836669922,15.276739120483398,41.05803622889094,193644.0,21.97686767578125,24.696762084960938,23.227996826171875,21.242477416992188,34.19999980926514
1972-03-18 08:07:39,26.29913330078125,92.83132934570312,170.3450469970703,84.6212158203125,86.5,60.82175827026367,99.99276733398438,15.263768196105955,40.600994319830114,193644.0,21.296875,24.370361328125,22.412033081054688,22.60243225097656,34.19999980926514
1972-03-18 08:07:40,26.335420608520508,93.01204681396484,168.65235137939453,84.54545593261719,86.69999694824219,60.82175827026367,99.9963836669922,15.252751350402832,39.02032287887353,193644.0,17.733795166015625,24.207183837890625,22.98321533203125,21.895263671875,34.19999980926514
1972-03-18 08:07:41,26.443647384643555,93.0722885131836,169.41732025146484,84.6212158203125,87.19999694824219,60.82175827026367,99.9963836669922,15.24295139312744,37.29331963943965,193644.0,22.05845642089844,24.207183837890625,22.4664306640625,20.61689758300781,34.19999980926514
1972-03-18 08:07:42,26.486730575561523,93.01204681396484,168.79068756103516,84.6212158203125,86.0999984741211,60.82175827026367,99.99276733398438,15.235870361328123,40.16908914480968,193644.0,18.6585693359375,24.85995483398437,19.828125,20.018524169921875,34.19999980926514
1972-03-18 08:07:43,26.52297782897949,92.9518051147461,169.23828125,84.6212158203125,86.79999542236328,60.82175827026367,99.9963836669922,15.217631340026855,40.07558537774388,193644.0,20.236114501953125,23.7991943359375,20.31771850585937,20.916091918945312,34.19999980926514
1972-03-18 08:07:44,26.471885681152344,92.9518051147461,169.62890625,84.6212158203125,87.0999984741211,60.82175827026367,99.9963836669922,15.204923629760742,40.04386805517328,193644.0,19.882537841796875,23.71759033203125,23.7991943359375,21.650466918945312,34.19999980926514
1972-03-18 08:07:45,26.430519104003903,93.01204681396484,168.51399993896484,84.6212158203125,86.5999984741211,60.82175827026367,99.9963836669922,15.191238403320312,40.45997100136507,193644.0,18.98495483398437,25.53993225097656,19.202545166015625,17.353012084960938,34.19999980926514
1972-03-18 08:07:46,26.43348503112793,93.01204681396484,169.3033905029297,84.54545593261719,86.9000015258789,60.82175827026367,99.9963836669922,15.184622764587402,39.908715347456436,193644.0,21.5960693359375,19.556137084960938,24.07118225097656,22.41204833984375,34.19999980926514
1972-03-18 08:07:47,26.49095344543457,93.01204681396484,169.5068359375,84.6212158203125,87.5,60.81814193725586,99.99276733398438,15.175634384155272,40.27390988580872,193644.0,21.840866088867188,24.560760498046875,22.05844116210937,18.25057983398437,34.19999980926514
1972-03-18 08:07:48,26.491676330566406,92.9518051147461,168.5465545654297,84.6212158203125,86.4000015258789,60.82175827026367,99.9963836669922,15.162802696228027,40.72251568621183,193644.0,19.202545166015625,19.365753173828125,19.88252258300781,23.092010498046875,34.19999980926514
1972-03-18 08:07:49,26.45947456359864,92.89157104492188,169.4254608154297,84.6212158203125,87.0,60.82175827026367,99.9963836669922,15.13657283782959,38.85262685543977,193644.0,22.54803466796875,21.86805725097656,22.79281616210937,17.951385498046875,34.19999980926514
1972-03-18 08:07:50,26.36601448059082,92.9518051147461,168.310546875,84.6212158203125,86.5,60.82175827026367,99.99276733398438,15.136286735534668,41.84200816225548,193644.0,19.882537841796875,22.357635498046875,19.338531494140625,21.296875,34.19999980926514
1972-03-18 08:07:51,26.309812545776367,93.0722885131836,167.822265625,84.6212158203125,86.4000015258789,60.82175827026367,99.99276733398438,15.113241195678713,39.982494315067385,193644.0,20.64410400390625,20.8616943359375,19.25694274902344,17.10821533203125,34.19999980926514
1972-03-18 08:07:52,26.286481857299805,93.0722885131836,168.6767578125,84.6212158203125,86.9000015258789,60.82175827026367,99.9963836669922,15.096424102783203,40.652558137476206,193644.0,21.21528625488281,21.106475830078125,20.508102416992188,21.92245483398437,34.19999980926514
1972-03-18 08:07:53,26.32966423034668,93.0722885131836,168.9046173095703,84.6212158203125,86.5999984741211,60.82175827026367,99.9963836669922,15.083745956420898,39.95315512302773,193644.0,18.168991088867188,25.34954833984375,18.93055725097656,21.21527099609375,34.19999980926514
1972-03-18 08:07:54,26.34836769104004,92.89157104492188,168.408203125,84.6212158203125,87.5999984741211,60.82175827026367,99.9963836669922,15.079634666442873,37.93687435903505,193644.0,19.066558837890625,22.738433837890625,21.759246826171875,20.671295166015625,34.19999980926514
1972-03-18 08:07:55,26.350141525268555,92.89157104492188,168.47330474853516,84.6212158203125,86.9000015258789,60.82175827026367,99.9963836669922,15.066608428955078,40.37348725807475,193644.0,23.173614501953125,22.03125,19.14814758300781,20.48089599609375,34.19999980926514
1972-03-18 08:07:56,26.286163330078125,92.9518051147461,168.98600006103516,84.6212158203125,86.5999984741211,60.82175827026367,99.9963836669922,15.051194190979004,40.53370426484162,193644.0,18.74017333984375,22.629638671875,21.92245483398437,22.65682983398437,34.19999980926514
1972-03-18 08:07:57,26.221900939941406,92.9518051147461,169.80794525146484,84.6212158203125,87.0,60.82175827026367,99.9963836669922,15.031133651733398,40.43169190071333,193644.0,22.248855590820312,20.181716918945312,22.221649169921875,21.242477416992188,34.19999980926514
1972-03-18 08:07:58,26.24165153503418,93.0722885131836,169.88118743896484,84.6212158203125,87.4000015258789,60.82175827026367,99.9963836669922,15.023944854736328,40.659220479913664,193644.0,18.71298217773437,25.53993225097656,22.221649169921875,21.4600830078125,34.19999980926514
1972-03-18 08:07:59,26.33882141113281,93.0722885131836,168.3675079345703,84.6212158203125,87.0,60.82175827026367,99.9963836669922,14.999780654907228,40.16447584525251,193644.0,23.364013671875,21.024887084960938,21.07928466796875,21.296875,34.19999980926514
1972-03-18 08:08:00,26.41985893249512,92.9518051147461,169.42545318603516,84.6212158203125,86.69999694824219,60.82175827026367,99.9963836669922,14.987716674804688,40.642527387600644,193644.0,17.7882080078125,21.35127258300781,22.54803466796875,19.828125,34.19999980926514
1972-03-18 08:08:01,26.467988967895508,92.83132934570312,169.091796875,84.6212158203125,86.19999694824219,60.82175827026367,99.9963836669922,14.961543083190918,41.15529699861979,193644.0,20.99769592285156,23.744781494140625,19.99131774902344,20.9976806640625,34.19999980926514
1972-03-18 08:08:02,26.460803985595703,92.89157104492188,169.4010467529297,84.6212158203125,87.5,60.82175827026367,99.9963836669922,14.955533027648926,39.10462938228146,193644.0,22.46644592285156,21.759262084960938,25.48553466796875,19.58334350585937,34.19999980926514
1972-03-18 08:08:03,26.428316116333008,93.01204681396484,168.57909393310547,84.6212158203125,87.5999984741211,60.82175827026367,99.9963836669922,14.937687873840332,39.9631495240815,193644.0,22.983230590820312,23.14642333984375,20.807281494140625,19.12094116210937,34.19999980926514
1972-03-18 08:08:04,26.45054054260254,93.0722885131836,168.58724212646484,84.6212158203125,87.9000015258789,60.82175827026367,99.9963836669922,14.910806655883787,39.12940219867735,193644.0,20.426513671875,23.853591918945312,21.5960693359375,19.501739501953125,34.19999980926514
1972-03-18 08:08:05,26.51822662353516,93.13253021240234,167.85482025146484,84.6212158203125,88.0999984741211,60.82175827026367,99.9963836669922,14.883563995361328,38.55343911051192,193644.0,22.11285400390625,26.247100830078125,20.45370483398437,17.217010498046875,34.19999980926514
1972-03-18 08:08:06,26.5320053100586,93.01204681396484,168.0419921875,84.6212158203125,86.69999694824219,60.82175827026367,99.99276733398438,14.882323265075684,37.6637385003406,193644.0,20.888900756835938,19.3929443359375,20.9976806640625,18.98495483398437,34.19999980926514
1972-03-18 08:08:07,26.513656616210938,92.9518051147461,167.92806243896484,84.6212158203125,86.5,60.82175827026367,99.99276733398438,14.85468292236328,38.90049257625033,193644.0,18.495391845703125,24.26156616210937,20.39930725097656,19.85531616210937,34.19999980926514
1972-03-18 08:08:08,26.44365501403809,93.01204681396484,168.98600006103516,84.6212158203125,86.9000015258789,60.82175827026367,99.9963836669922,14.829607963562012,39.66154492205799,193644.0,17.244232177734375,22.956024169921875,22.03125,22.738433837890625,34.19999980926514
1972-03-18 08:08:09,26.35350227355957,93.13253021240234,168.63607788085938,84.6212158203125,87.0,60.82175827026367,99.9963836669922,14.804177284240724,40.67794504164307,193644.0,19.3929443359375,27.68865966796875,20.8616943359375,20.072921752929688,34.19999980926514
1972-03-18 08:08:10,26.31235122680664,93.0722885131836,169.091796875,84.6212158203125,87.80000305175781,60.82175827026367,99.9963836669922,14.799686431884766,38.89608017252315,193644.0,21.568878173828125,21.568878173828125,22.575225830078125,21.78646850585937,34.19999980926514
1972-03-18 08:08:11,26.342697143554688,93.0722885131836,167.64322662353516,84.6212158203125,86.4000015258789,60.82175827026367,99.9963836669922,14.774639129638672,41.11267511201087,193644.0,26.05673217773437,24.560760498046875,21.432861328125,19.501739501953125,34.19999980926514
1972-03-18 08:08:12,26.389158248901367,93.01204681396484,168.798828125,84.6212158203125,86.5,60.82175827026367,99.9963836669922,14.747065544128418,38.9958274785355,193644.0,19.311355590820312,24.479156494140625,20.154510498046875,23.41839599609375,34.19999980926514
1972-03-18 08:08:13,26.40741729736328,92.89157104492188,168.92903900146484,84.6212158203125,87.4000015258789,60.82175827026367,99.9963836669922,14.726487159729004,39.18788867564044,193644.0,23.88079833984375,24.098388671875,20.807281494140625,20.154510498046875,34.19999980926514
1972-03-18 08:08:14,26.36542510986328,92.89157104492188,169.0266876220703,84.6212158203125,86.9000015258789,60.82175827026367,99.9963836669922,14.721746444702148,38.98924031091199,193644.0,19.311355590820312,20.04571533203125,22.19444274902344,22.357635498046875,34.19999980926514
1972-03-18 08:08:15,26.30583000183105,93.01204681396484,168.2454376220703,84.6212158203125,86.5999984741211,60.81814193725586,99.99276733398438,14.69719123840332,40.56918765898452,193644.0,23.44561767578125,22.493637084960938,19.637725830078125,19.17535400390625,34.19999980926514
1972-03-18 08:08:16,26.30683708190918,93.0722885131836,169.4987030029297,84.6212158203125,87.0999984741211,60.82175827026367,99.9963836669922,14.664273262023926,42.01086021615301,193644.0,20.64410400390625,23.092010498046875,24.234375,23.228012084960938,34.19999980926514
1972-03-18 08:08:17,26.35996627807617,93.01204681396484,167.8303985595703,84.6212158203125,86.29999542236328,60.82175827026367,99.9963836669922,14.64559555053711,40.38665407062438,193644.0,21.5960693359375,23.826385498046875,17.271408081054688,21.623260498046875,34.19999980926514
1972-03-18 08:08:18,26.40556907653809,92.9518051147461,169.1813201904297,84.6212158203125,87.4000015258789,60.82175827026367,99.9963836669922,14.634038925170898,39.9585645114537,193644.0,19.828125,20.100128173828125,25.13194274902344,20.508102416992188,34.19999980926514
1972-03-18 08:08:19,26.417848587036133,92.89157104492188,167.724609375,84.6212158203125,86.5,60.82175827026367,99.9963836669922,14.609896659851074,40.951074111727316,193644.0,23.11923217773437,27.00868225097656,21.024871826171875,19.066558837890625,34.19999980926514
1972-03-18 08:08:20,26.38873863220215,92.9518051147461,168.3186798095703,84.6212158203125,86.9000015258789,60.82175827026367,99.9963836669922,14.583287239074709,40.50992436086853,193644.0,19.800933837890625,25.2679443359375,21.21527099609375,21.21527099609375,34.19999980926514
1972-03-18 08:08:21,26.33089256286621,93.13253021240234,169.4987030029297,84.6212158203125,87.69999694824219,60.82175827026367,99.9963836669922,14.558548927307127,39.885947170769136,193644.0,21.81365966796875,28.3414306640625,22.439239501953125,20.916091918945312,34.19999980926514
1972-03-18 08:08:22,26.328292846679688,93.0722885131836,168.5709686279297,84.6212158203125,87.5,60.82175827026367,99.9963836669922,14.549667358398438,38.247527892707474,193644.0,19.61053466796875,19.148162841796875,18.903350830078125,22.68402099609375,34.19999980926514
1972-03-18 08:08:23,26.36320686340332,92.9518051147461,169.0592498779297,84.6212158203125,86.19999694824219,60.82175827026367,99.99276733398438,14.526050567626951,38.9020713702944,193644.0,20.834503173828125,25.295135498046875,24.6695556640625,21.78646850585937,34.19999980926514
1972-03-18 08:08:24,26.409936904907227,92.9518051147461,168.75814056396484,84.6212158203125,86.9000015258789,60.82175827026367,99.9963836669922,14.501445770263672,39.82214094003985,193644.0,22.303253173828125,21.94964599609375,20.91607666015625,21.704864501953125,34.19999980926514
1972-03-18 08:08:25,26.43390274047852,93.01204681396484,168.54654693603516,84.6212158203125,87.0,60.82175827026367,99.9963836669922,14.470690727233888,38.63189248153795,193644.0,17.597808837890625,28.151031494140625,21.65045166015625,21.840850830078125,34.19999980926514
1972-03-18 08:08:26,26.39647483825684,93.01204681396484,169.46614837646484,84.6212158203125,87.4000015258789,60.82175827026367,99.9963836669922,14.457915306091309,39.6610862283683,193644.0,23.52720642089844,23.772003173828125,24.31597900390625,20.31771850585937,34.19999980926514
1972-03-18 08:08:27,26.334369659423828,92.9518051147461,168.3349609375,84.6212158203125,85.9000015258789,60.82175827026367,99.99276733398438,14.4435396194458,39.998920096874045,193644.0,19.12095642089844,24.506378173828125,21.86805725097656,21.67767333984375,34.19999980926514
1972-03-18 08:08:28,26.33880424499512,92.9518051147461,168.2454376220703,84.6212158203125,86.19999694824219,60.82175827026367,99.9963836669922,14.413671493530272,38.117707291826505,193644.0,21.351287841796875,25.240753173828125,19.556121826171875,21.269683837890625,34.19999980926514
1972-03-18 08:08:29,26.39661026000977,93.0722885131836,169.140625,84.6212158203125,86.79999542236328,60.81814193725586,99.99276733398438,14.385640144348145,40.02099682457928,193644.0,23.608795166015625,22.82002258300781,24.234375,21.78646850585937,34.19999980926514
1972-03-18 08:08:30,26.456871032714844,93.0722885131836,169.30338287353516,84.6212158203125,86.19999694824219,60.82175827026367,99.9963836669922,14.369793891906738,41.01789601629873,193644.0,18.223388671875,24.043975830078125,23.690399169921875,21.024887084960938,34.19999980926514
1972-03-18 08:08:31,26.47264289855957,93.01204681396484,169.36849212646484,84.6212158203125,86.79999542236328,60.82175827026367,99.9963836669922,14.355262756347656,39.887894113307965,193644.0,22.3304443359375,26.27430725097656,22.03125,19.936920166015625,34.19999980926514
1972-03-18 08:08:32,26.44090843200684,92.89157104492188,168.5953826904297,84.6212158203125,86.29999542236328,60.82175827026367,99.99276733398438,14.330354690551758,42.356100864113216,193644.0,20.1273193359375,27.00868225097656,24.5335693359375,20.7257080078125,34.19999980926514
1972-03-18 08:08:33,26.363096237182617,92.83132934570312,167.6676483154297,84.6212158203125,86.0999984741211,60.82175827026367,99.9963836669922,14.303717613220217,41.04480852967999,193644.0,20.58970642089844,19.420135498046875,20.208908081054688,21.269683837890625,34.19999980926514
1972-03-18 08:08:34,26.34815788269043,92.9518051147461,169.7998046875,84.6212158203125,86.9000015258789,60.82175827026367,99.9963836669922,14.28560733795166,40.03967359834279,193644.0,21.67767333984375,20.39930725097656,25.62152099609375,22.65682983398437,34.19999980926514
1972-03-18 08:08:35,26.382080078125,93.0722885131836,167.32584381103516,84.6212158203125,85.79999542236328,60.82175827026367,99.9963836669922,14.274658203125,40.49056855040209,193644.0,19.71932983398437,24.207183837890625,17.869781494140625,23.173614501953125,34.19999980926514
1972-03-18 08:08:36,26.43448257446289,93.0722885131836,167.90364837646484,84.6212158203125,87.19999694824219,60.82175827026367,99.9963836669922,14.255572319030762,37.3725853907872,193644.0,20.31771850585937,27.416656494140625,22.004058837890625,20.94329833984375,34.19999980926514
1972-03-18 08:08:37,26.44386100769043,93.0722885131836,168.09896087646484,84.6212158203125,87.80000305175781,60.82175827026367,99.9963836669922,14.23045825958252,38.6069764290025,193644.0,24.72396850585937,24.5335693359375,20.34490966796875,19.936920166015625,34.19999980926514
1972-03-18 08:08:38,26.405420303344727,92.9518051147461,168.95345306396484,84.6212158203125,86.5,60.82175827026367,99.9963836669922,14.213165283203123,41.090796945545904,193644.0,20.888900756835938,23.71759033203125,21.487274169921875,24.506378173828125,34.19999980926514
1972-03-18 08:08:39,26.34769058227539,92.9518051147461,168.25357818603516,84.6212158203125,87.5999984741211,60.82175827026367,99.9963836669922,14.203035354614258,40.86692257541709,193644.0,24.941558837890625,24.642364501953125,22.140045166015625,20.61689758300781,34.19999980926514
1972-03-18 08:08:40,26.34141159057617,93.01204681396484,168.9534454345703,84.6212158203125,87.5999984741211,60.82175827026367,99.9963836669922,14.17529296875,38.257828001129,193644.0,20.64410400390625,25.92071533203125,20.18170166015625,24.72396850585937,34.19999980926514
1972-03-18 08:08:41,26.38446807861328,93.0722885131836,168.4895782470703,84.6212158203125,86.19999694824219,60.82175827026367,99.9963836669922,14.15676498413086,39.709952823164215,193644.0,20.31771850585937,22.08564758300781,23.98959350585937,18.685760498046875,34.19999980926514
1972-03-18 08:08:42,26.4545955657959,93.01204681396484,170.2880859375,84.6212158203125,87.80000305175781,60.82175827026367,99.9963836669922,14.138136863708496,38.75430371265626,193644.0,25.077545166015625,26.4375,22.738433837890625,23.0648193359375,34.19999980926514
1972-03-18 08:08:43,26.47535514831543,92.89157104492188,170.59732818603516,84.92424774169922,88.0,60.81814193725586,99.9963836669922,14.129568099975586,38.89089615078075,193644.0,21.94966125488281,25.59432983398437,21.5960693359375,24.479171752929688,34.19999980926514
1972-03-18 08:08:44,26.4432430267334,92.89157104492188,169.091796875,85.07575988769531,86.9000015258789,60.82175827026367,99.9963836669922,14.118036270141602,41.58553405883997,193644.0,21.92245483398437,24.506378173828125,23.880783081054688,17.7882080078125,34.19999980926514
1972-03-18 08:08:45,26.361377716064453,92.9518051147461,169.33592987060547,85.2272720336914,87.0999984741211,60.82175827026367,99.9963836669922,14.09695529937744,40.88691634455914,193644.0,23.690399169921875,23.2008056640625,19.338531494140625,22.004058837890625,34.19999980926514
1972-03-18 08:08:46,26.34349250793457,93.01204681396484,169.40103912353516,85.15151977539062,86.9000015258789,60.82175827026367,99.9963836669922,14.086654663085938,42.899573886457716,193644.0,20.671295166015625,24.234375,24.99594116210937,20.236114501953125,34.19999980926514
1972-03-18 08:08:47,26.366140365600582,93.01204681396484,169.48242950439453,85.07575988769531,86.4000015258789,60.82175827026367,99.9963836669922,14.074849128723145,41.23841767153514,193644.0,24.424774169921875,24.207183837890625,23.58160400390625,23.28240966796875,34.19999980926514
1972-03-18 08:08:48,26.42943000793457,93.01204681396484,167.9036407470703,84.92424774169922,86.0999984741211,60.82175827026367,99.9963836669922,14.06152057647705,42.42522220224783,193644.0,20.698516845703125,22.05844116210937,25.431121826171875,19.3929443359375,34.19999980926514
1972-03-18 08:08:49,26.461816787719727,92.9518051147461,167.2526092529297,84.8484878540039,87.0999984741211,60.82175827026367,99.9963836669922,14.053973197937012,38.66944940730291,193644.0,22.1944580078125,23.0648193359375,23.309600830078125,17.679397583007812,34.19999980926514
