time,feed_rate,classifier_speed,tension_pressure,mill_fan_speed,main_drive_speed,recirculation_damper_position,stack_damper_position,hotgas_generator_load,total_specific_energy,tonnage,roller_height_1,roller_height_2,roller_height_3,roller_height_4,roller_temperature
1972-03-18 10:49:00,24.075618743896484,81.02410125732422,152.04264068603516,90.98484802246094,97.39999389648438,60.81814193725586,99.98915100097656,0.0,44.706551635571806,193688.0,13.30035400390625,19.01214599609375,12.321182250976562,15.557861328125,35.374999046325684
1972-03-18 10:49:01,24.044193267822266,81.02410125732422,152.26236724853516,90.98484802246094,97.0999984741211,60.82175827026367,99.98915100097656,0.0,41.759444211135545,193688.0,13.273162841796877,17.54339599609375,15.231475830078123,13.681137084960938,35.374999046325684
1972-03-18 10:49:02,24.014942169189453,80.96385955810547,150.9765625,90.98484802246094,96.6999969482422,60.82175827026367,99.98915100097656,0.0,46.263717257102954,193688.0,10.090866088867188,15.80267333984375,17.951385498046875,12.6475830078125,35.374999046325684
1972-03-18 10:49:03,24.034975051879883,80.96385955810547,151.6276092529297,90.98484802246094,97.0999984741211,60.82175827026367,99.98915100097656,0.0,40.445435369144754,193688.0,12.13079833984375,16.10186767578125,10.036468505859377,14.9866943359375,35.374999046325684
1972-03-18 10:49:04,24.09542655944824,81.02410125732422,151.3427734375,90.98484802246094,96.4000015258789,60.82175827026367,99.98915100097656,0.0,41.76996595330162,193688.0,13.028366088867188,15.666656494140623,14.524307250976562,12.620361328125,35.374999046325684
1972-03-18 10:49:05,24.14459609985352,81.08433532714844,151.9612579345703,90.98484802246094,96.5999984741211,60.81814193725586,99.98915100097656,0.0,44.57115686717821,193688.0,13.871536254882812,11.23321533203125,14.959487915039062,13.21875,35.374999046325684
1972-03-18 10:49:06,24.159461975097656,80.96385955810547,151.8961639404297,90.98484802246094,97.5,60.82175827026367,99.98915100097656,0.0,41.99982094523861,193688.0,9.79168701171875,15.80267333984375,15.7210693359375,15.63946533203125,35.374999046325684
1972-03-18 10:49:07,24.12249565124512,80.96385955810547,151.6194610595703,90.98484802246094,96.8000030517578,60.82175827026367,99.98915100097656,0.0,42.85253766959868,193688.0,12.076400756835938,18.57696533203125,10.226852416992188,12.239593505859377,35.374999046325684
1972-03-18 10:49:08,24.09611320495605,80.96385955810547,152.00196075439453,90.98484802246094,97.1999969482422,60.82175827026367,99.98915100097656,0.0,43.955568072736014,193688.0,10.553253173828123,17.352996826171875,10.254058837890623,14.33392333984375,35.374999046325684
1972-03-18 10:49:09,24.07907485961914,81.02410125732422,152.8564453125,90.98484802246094,96.9000015258789,60.82175827026367,99.98915100097656,0.0,43.892245553639505,193688.0,11.886016845703123,15.394683837890623,10.852432250976562,9.356475830078123,35.374999046325684
1972-03-18 10:49:10,24.1192569732666,81.02410125732422,151.39974212646484,90.98484802246094,96.20000457763672,60.82175827026367,99.98915100097656,0.0,43.41322723761939,193688.0,18.08740234375,15.9930419921875,11.586807250976562,13.681137084960938,35.374999046325684
1972-03-18 10:49:11,24.16423988342285,80.96385955810547,152.1240234375,90.98484802246094,97.0,60.82175827026367,99.98915100097656,0.0,43.462162388080344,193688.0,12.72918701171875,14.415496826171877,15.34027099609375,10.19964599609375,35.374999046325684
1972-03-18 10:49:12,24.206586837768555,80.90361022949219,151.9368438720703,90.98484802246094,97.1999969482422,60.81814193725586,99.98915100097656,0.0,42.58586512899505,193688.0,14.76910400390625,13.245941162109377,13.245941162109377,13.490753173828123,35.374999046325684
1972-03-18 10:49:13,24.192970275878903,80.96385955810547,151.8961639404297,90.98484802246094,97.79999542236328,60.81814193725586,99.98915100097656,0.0,41.35344641363145,193688.0,11.967605590820312,17.815399169921875,15.77545166015625,12.9195556640625,35.374999046325684
1972-03-18 10:49:14,24.156213760375977,81.14457702636719,150.81380462646484,90.98484802246094,97.39999389648438,60.82175827026367,99.98915100097656,0.0,42.298926166537164,193688.0,11.151641845703123,15.20428466796875,9.927658081054688,11.124420166015623,35.374999046325684
1972-03-18 10:49:15,24.124719619750977,81.08433532714844,151.18814849853516,90.98484802246094,97.1999969482422,60.81814193725586,99.98915100097656,0.0,42.54185743998344,193688.0,11.3148193359375,11.260406494140623,12.756362915039062,13.354736328125,35.374999046325684
1972-03-18 10:49:16,24.11122703552246,80.90361022949219,151.86360931396484,90.98484802246094,96.5999984741211,60.82175827026367,99.98915100097656,0.0,43.503337452922885,193688.0,11.559616088867188,18.5225830078125,14.633102416992188,12.674774169921877,35.374999046325684
1972-03-18 10:49:17,24.15272331237793,80.90361022949219,151.7578125,90.98484802246094,96.10000610351562,60.81814193725586,99.98915100097656,0.0,43.92888887239286,193688.0,10.52606201171875,14.361114501953123,13.73553466796875,12.973968505859377,35.374999046325684
1972-03-18 10:49:18,24.182994842529297,80.90361022949219,151.3427734375,90.98484802246094,97.5999984741211,60.81814193725586,99.98915100097656,0.0,42.390257983884034,193688.0,12.973968505859377,12.076385498046877,11.804397583007812,11.885986328125,35.374999046325684
1972-03-18 10:49:19,24.185176849365234,81.02410125732422,152.34375,90.98484802246094,97.1999969482422,60.82175827026367,99.98915100097656,0.0,40.4557189204604,193688.0,10.22686767578125,16.700225830078125,14.46990966796875,11.83160400390625,35.374999046325684
1972-03-18 10:49:20,24.12410354614257,81.08433532714844,151.99381256103516,90.98484802246094,98.1999969482422,60.81814193725586,99.98915100097656,0.0,42.60531477837802,193688.0,14.714706420898438,15.50347900390625,13.953125,12.973968505859377,35.374999046325684
1972-03-18 10:49:21,24.072813034057617,81.02410125732422,150.1953125,90.98484802246094,96.4000015258789,60.81814193725586,99.99276733398438,0.0,43.98367398941153,193688.0,13.953125,11.505218505859377,8.023727416992188,6.609375,35.374999046325684
1972-03-18 10:49:22,24.035051345825195,80.96385955810547,151.13932037353516,90.98484802246094,96.3000030517578,60.81814193725586,99.98915100097656,0.0,43.889785243398514,193688.0,14.41552734375,15.911468505859377,12.021987915039062,13.30035400390625,35.374999046325684
1972-03-18 10:49:23,24.04511260986328,80.90361022949219,151.6438751220703,90.98484802246094,96.20000457763672,60.82175827026367,99.98915100097656,0.0,43.86904837828928,193688.0,11.886016845703123,16.999420166015625,13.273147583007812,11.260421752929688,35.374999046325684
1972-03-18 10:49:24,24.077516555786133,80.96385955810547,151.09862518310547,90.98484802246094,97.39999389648438,60.82175827026367,99.98915100097656,0.0,42.646073890607504,193688.0,11.26043701171875,10.743621826171877,13.817138671875,14.089111328125,35.374999046325684
1972-03-18 10:49:25,24.096879959106445,81.02410125732422,152.14029693603516,90.98484802246094,97.1999969482422,60.81814193725586,99.98915100097656,0.0,40.794136795183995,193688.0,10.00927734375,19.09375,13.43634033203125,11.722808837890623,35.374999046325684
1972-03-18 10:49:26,24.08373641967773,80.96385955810547,152.06705474853516,90.98484802246094,97.89999389648438,60.81814193725586,99.98915100097656,0.0,40.351979763066126,193688.0,10.66204833984375,14.741912841796877,12.729156494140623,15.367477416992188,35.374999046325684
1972-03-18 10:49:27,24.03352737426757,80.96385955810547,151.45670318603516,90.98484802246094,96.8000030517578,60.82175827026367,99.98915100097656,0.0,41.4993912935132,193688.0,10.770843505859377,19.964111328125,13.245941162109377,10.06365966796875,35.374999046325684
1972-03-18 10:49:28,24.0117416381836,81.02410125732422,151.416015625,90.98484802246094,97.0,60.81814193725586,99.98915100097656,0.0,43.47432963266223,193688.0,10.825241088867188,11.5867919921875,11.614013671875,11.151611328125,35.374999046325684
1972-03-18 10:49:29,23.99266242980957,80.96385955810547,152.43326568603516,90.98484802246094,96.8000030517578,60.82175827026367,99.98915100097656,0.0,39.07949088425889,193688.0,11.124420166015623,14.823486328125,16.67303466796875,8.866897583007812,35.374999046325684
1972-03-18 10:49:30,24.0389461517334,81.02410125732422,151.92057037353516,90.98484802246094,97.0,60.82175827026367,99.98915100097656,0.0,43.206503026858535,193688.0,12.13079833984375,13.708343505859377,12.674774169921877,12.103591918945312,35.374999046325684
1972-03-18 10:49:31,24.09483337402344,81.08433532714844,151.0986328125,90.98484802246094,96.8000030517578,60.82175827026367,99.98915100097656,0.0,43.54597284239737,193688.0,10.199661254882812,16.7274169921875,11.260406494140623,10.93402099609375,35.374999046325684
1972-03-18 10:49:32,24.149763107299805,81.02410125732422,151.2858123779297,90.98484802246094,96.5999984741211,60.81814193725586,99.99276733398438,0.0,42.39504365659774,193688.0,10.06365966796875,12.40277099609375,15.829864501953123,11.423614501953123,35.374999046325684
1972-03-18 10:49:33,24.15327453613281,80.90361022949219,151.7578125,90.98484802246094,97.6999969482422,60.82175827026367,99.99276733398438,0.0,40.447561893956006,193688.0,10.66204833984375,13.626739501953123,18.0601806640625,16.401046752929688,35.374999046325684
1972-03-18 10:49:34,24.147890090942383,80.90361022949219,151.6357421875,90.98484802246094,97.39999389648438,60.81814193725586,99.98915100097656,0.0,41.48901196158209,193688.0,10.689239501953123,18.087371826171875,10.526031494140623,9.954864501953123,35.374999046325684
1972-03-18 10:49:35,24.11466407775879,81.02410125732422,151.2939453125,90.98484802246094,96.8000030517578,60.82175827026367,99.98915100097656,0.0,41.02703663813474,193688.0,9.7100830078125,13.30035400390625,11.559600830078123,13.21875,35.374999046325684
1972-03-18 10:49:36,24.088228225708008,81.08433532714844,151.4485626220703,90.98484802246094,97.1999969482422,60.81814193725586,99.98915100097656,0.0,41.678011039364506,193688.0,9.546875,11.96759033203125,13.626739501953123,13.898727416992188,35.374999046325684
1972-03-18 10:49:37,24.128767013549805,81.08433532714844,151.03353118896484,90.98484802246094,97.0,60.81814193725586,99.98915100097656,0.0,41.024684471025196,193688.0,14.007537841796877,17.733795166015625,14.089111328125,10.607635498046877,35.374999046325684
1972-03-18 10:49:38,24.214630126953125,81.02410125732422,150.39063262939453,90.98484802246094,96.8000030517578,60.81814193725586,99.98915100097656,0.0,40.899286042862634,193688.0,10.390045166015623,9.084503173828123,16.101852416992188,11.53240966796875,35.374999046325684
1972-03-18 10:49:39,24.25865936279297,80.90361022949219,150.2604217529297,90.98484802246094,96.5,60.81814193725586,99.99276733398438,0.0,42.1790003305415,193688.0,13.409149169921877,14.279510498046877,11.913192749023438,10.961227416992188,35.374999046325684
1972-03-18 10:49:40,24.241369247436523,80.90361022949219,150.76497650146484,90.98484802246094,97.0999984741211,60.81814193725586,99.98915100097656,0.0,43.28441336488044,193688.0,10.825241088867188,14.30670166015625,13.082763671875,7.914932250976562,35.374999046325684
1972-03-18 10:49:41,24.22015953063965,80.96385955810547,151.86360931396484,90.98484802246094,96.20000457763672,60.81814193725586,99.98915100097656,0.0,44.46726079686485,193688.0,9.32928466796875,19.964111328125,13.43634033203125,11.369216918945312,35.374999046325684
1972-03-18 10:49:42,24.176921844482425,81.08433532714844,151.03353881835938,90.98484802246094,97.29999542236328,60.81814193725586,99.98915100097656,0.0,42.09747555750504,193688.0,8.89410400390625,15.829864501953123,11.260406494140623,15.911468505859377,35.374999046325684
1972-03-18 10:49:43,24.168651580810547,81.02410125732422,150.60221099853516,90.98484802246094,97.29999542236328,60.81814193725586,99.98915100097656,0.0,39.558953303574825,193688.0,13.137161254882812,16.5914306640625,17.54339599609375,13.30035400390625,35.374999046325684
1972-03-18 10:49:44,24.17134475708008,80.96385955810547,151.5055389404297,90.98484802246094,96.9000015258789,60.81814193725586,99.98915100097656,0.0,44.98829243480457,193688.0,9.49249267578125,15.557861328125,11.614013671875,17.244216918945312,35.374999046325684
1972-03-18 10:49:45,24.15049743652344,81.02410125732422,151.1393280029297,90.98484802246094,96.20000457763672,60.81814193725586,99.98915100097656,0.0,42.6439882715086,193688.0,10.52606201171875,10.28125,15.449066162109377,13.13714599609375,35.374999046325684
1972-03-18 10:49:46,24.080835342407227,81.02410125732422,151.96126556396484,90.98484802246094,96.4000015258789,60.82175827026367,99.98915100097656,0.0,41.395788675953895,193688.0,13.626739501953123,14.30670166015625,13.327545166015623,11.124420166015623,35.374999046325684
1972-03-18 10:49:47,24.058488845825195,80.96385955810547,152.5146484375,90.98484802246094,97.39999389648438,60.81814193725586,99.98915100097656,0.0,45.02567043432644,193688.0,15.66668701171875,14.225128173828123,16.4554443359375,15.666671752929688,35.374999046325684
1972-03-18 10:49:48,24.08181571960449,81.02410125732422,151.20442962646484,90.98484802246094,97.39999389648438,60.81814193725586,99.98915100097656,0.0,42.51969897844946,193688.0,13.00115966796875,13.273162841796877,15.993057250976562,15.965850830078123,35.374999046325684
1972-03-18 10:49:49,24.03597068786621,81.02410125732422,152.2216796875,90.98484802246094,97.1999969482422,60.81814193725586,99.98915100097656,0.0,43.32054764366056,193688.0,12.620391845703123,18.44097900390625,12.538772583007812,14.3883056640625,35.374999046325684
1972-03-18 10:49:50,24.025707244873047,81.02410125732422,151.83919525146484,91.06060791015624,97.5,60.81814193725586,99.98915100097656,0.0,38.33125125531998,193688.0,12.42999267578125,14.60589599609375,16.101852416992188,14.197921752929688,35.374999046325684
1972-03-18 10:49:51,24.02427101135254,80.96385955810547,151.47298431396484,90.98484802246094,97.5,60.82175827026367,99.98915100097656,0.0,44.78061061937558,193688.0,5.95660400390625,16.700225830078125,15.993057250976562,12.9195556640625,35.374999046325684
1972-03-18 10:49:52,24.01386070251465,80.96385955810547,150.87890625,90.98484802246094,97.0,60.81814193725586,99.98915100097656,0.0,42.56498958434189,193688.0,15.421875,14.17071533203125,12.83795166015625,15.748260498046877,35.374999046325684
1972-03-18 10:49:53,23.98232650756836,81.02410125732422,151.8717498779297,90.98484802246094,97.1999969482422,60.81814193725586,99.99276733398438,0.0,41.0681692486014,193688.0,9.818878173828123,12.0491943359375,16.101852416992188,12.86517333984375,35.374999046325684
1972-03-18 10:49:54,23.967041015625,81.14457702636719,151.98567962646484,90.98484802246094,96.8000030517578,60.81814193725586,99.98915100097656,0.0,43.930759391966916,193688.0,10.553253173828123,11.124420166015623,12.212371826171877,11.1788330078125,35.374999046325684
1972-03-18 10:49:55,23.94383430480957,81.02410125732422,151.52993774414062,90.98484802246094,96.8000030517578,60.81814193725586,99.98915100097656,0.0,42.626681000026686,193688.0,13.055572509765623,15.77545166015625,14.197906494140623,15.285888671875,35.374999046325684
1972-03-18 10:49:56,23.93286895751953,80.90361022949219,151.00098419189453,90.98484802246094,96.5,60.81814193725586,99.98915100097656,0.0,44.20781989327779,193688.0,14.741912841796877,13.953125,17.570602416992188,11.287628173828123,35.374999046325684
1972-03-18 10:49:57,24.01980972290039,80.90361022949219,151.69271087646484,90.98484802246094,97.0,60.81814193725586,99.98915100097656,0.0,43.455450113226895,193688.0,10.906829833984377,15.36749267578125,13.409149169921877,13.925933837890623,35.374999046325684
1972-03-18 10:49:58,24.1065731048584,81.02410125732422,151.1474609375,90.98484802246094,97.29999542236328,60.81814193725586,99.99276733398438,0.0,41.0042326846714,193688.0,9.438079833984377,12.620361328125,13.00115966796875,13.953125,35.374999046325684
1972-03-18 10:49:59,24.169994354248047,81.08433532714844,150.54524993896484,90.98484802246094,97.39999389648438,60.81814193725586,99.99276733398438,0.0,41.63376427690637,193688.0,13.30035400390625,14.8507080078125,15.829864501953123,12.293975830078123,35.374999046325684
1972-03-18 10:50:00,24.17973518371582,81.08433532714844,151.40787506103516,90.98484802246094,96.8000030517578,60.82175827026367,99.98915100097656,0.0,44.1577605998827,193688.0,11.804412841796877,14.63311767578125,14.361114501953123,12.103591918945312,35.374999046325684
1972-03-18 10:50:01,24.208620071411133,81.02410125732422,150.8219451904297,90.98484802246094,97.0999984741211,60.81814193725586,99.98915100097656,0.0,39.96504854246543,193689.0,8.866912841796875,13.16436767578125,15.585067749023438,8.9757080078125,35.374999046325684
1972-03-18 10:50:02,24.235286712646484,80.90361022949219,151.1962890625,90.98484802246094,96.9000015258789,60.81814193725586,99.98915100097656,0.0,41.954436116972175,193689.0,10.06365966796875,11.96759033203125,12.756362915039062,13.545135498046877,35.374999046325684
1972-03-18 10:50:03,24.31067657470703,80.96385955810547,150.9358673095703,90.98484802246094,97.5,60.81814193725586,99.98915100097656,0.0,42.23798819626487,193689.0,11.26043701171875,18.168975830078125,15.50347900390625,10.852432250976562,35.374999046325684
1972-03-18 10:50:04,24.37854766845703,80.96385955810547,151.6031951904297,90.98484802246094,98.1999969482422,60.81814193725586,99.98915100097656,0.0,39.23173702683122,193689.0,14.741912841796877,8.8125,14.551513671875,11.015625,35.374999046325684
1972-03-18 10:50:05,24.405420303344727,81.08433532714844,151.8310546875,90.98484802246094,97.5999984741211,60.81814193725586,99.98915100097656,0.0,41.971192693288536,193689.0,8.350128173828125,13.817138671875,14.633102416992188,10.118057250976562,35.374999046325684
1972-03-18 10:50:06,24.39570617675781,81.08433532714844,150.76497650146484,90.98484802246094,97.0,60.81814193725586,99.98915100097656,0.0,42.749665998872906,193689.0,12.6475830078125,14.796295166015623,14.30670166015625,11.66839599609375,35.374999046325684
1972-03-18 10:50:07,24.33937644958496,81.02410125732422,151.00098419189453,90.98484802246094,96.5,60.81814193725586,99.99276733398438,0.0,41.8862398040631,193689.0,12.674774169921877,12.56597900390625,12.647567749023438,12.076385498046877,35.374999046325684
1972-03-18 10:50:08,24.28753471374512,80.96385955810547,151.52181243896484,90.98484802246094,96.5,60.81814193725586,99.98915100097656,0.0,42.16131862449948,193689.0,8.350128173828125,14.9866943359375,13.57232666015625,13.409149169921877,35.374999046325684
1972-03-18 10:50:09,24.236143112182617,80.96385955810547,150.7731170654297,90.98484802246094,97.1999969482422,60.81814193725586,99.98915100097656,0.0,42.88675164690429,193689.0,11.614013671875,14.8507080078125,11.586807250976562,14.714691162109377,35.374999046325684
1972-03-18 10:50:10,24.223369598388672,80.96385955810547,151.35091400146484,90.98484802246094,97.6999969482422,60.81814193725586,99.99276733398438,0.0,42.59644266757963,193689.0,8.45892333984375,17.27142333984375,13.354736328125,12.103591918945312,35.374999046325684
1972-03-18 10:50:11,24.19199562072754,80.96385955810547,151.54622650146484,90.98484802246094,97.1999969482422,60.81814193725586,99.99276733398438,0.0,42.21647385953469,193689.0,9.954864501953123,15.884246826171877,14.524307250976562,14.76910400390625,35.374999046325684
1972-03-18 10:50:12,24.126127243041992,81.02410125732422,151.01725006103516,90.98484802246094,97.1999969482422,60.82175827026367,99.98915100097656,0.0,41.822191077124515,193689.0,13.30035400390625,12.810760498046877,14.932281494140623,10.7164306640625,35.374999046325684
1972-03-18 10:50:13,24.02503204345703,81.08433532714844,150.0732421875,90.98484802246094,97.39999389648438,60.81814193725586,99.99276733398438,0.0,41.789884134977065,193689.0,15.285888671875,16.917816162109375,12.239593505859377,10.879638671875,35.374999046325684
1972-03-18 10:50:14,23.914031982421875,81.08433532714844,151.5380859375,90.98484802246094,96.4000015258789,60.82175827026367,99.98915100097656,0.0,44.54226700930942,193689.0,2.2303466796875,16.7274169921875,19.99131774902344,6.9629669189453125,35.374999046325684
1972-03-18 10:50:15,23.82293701171875,80.96385955810547,151.38346099853516,90.98484802246094,96.9000015258789,60.81814193725586,99.98915100097656,0.0,43.336736594161124,193689.0,9.982070922851562,12.484375,9.90045166015625,11.369216918945312,35.374999046325684
1972-03-18 10:50:16,23.771154403686523,80.96385955810547,149.61751556396484,90.98484802246094,96.8000030517578,60.81814193725586,99.98915100097656,0.0,42.19846406916639,193689.0,11.559616088867188,13.30035400390625,9.546875,14.089111328125,35.374999046325684
1972-03-18 10:50:17,23.77955436706543,81.02410125732422,151.4404296875,90.98484802246094,96.9000015258789,60.81814193725586,99.99276733398438,0.0,43.15180630022375,193689.0,11.287628173828123,17.298614501953125,10.7164306640625,11.804397583007812,35.374999046325684
1972-03-18 10:50:18,23.80742073059082,81.02410125732422,151.49739837646484,90.98484802246094,97.0,60.82175827026367,99.98915100097656,0.0,40.473967638857566,193689.0,5.1678466796875,15.7210693359375,13.00115966796875,13.00115966796875,35.374999046325684
1972-03-18 10:50:19,23.83094596862793,80.96385955810547,151.1067657470703,90.98484802246094,96.3000030517578,60.82175827026367,99.98915100097656,0.0,44.28137622026849,193689.0,14.33392333984375,14.5242919921875,9.927658081054688,9.76446533203125,35.374999046325684
1972-03-18 10:50:20,23.82876205444336,80.96385955810547,151.07421875,90.98484802246094,97.0,60.81814193725586,99.99276733398438,0.0,42.83401690880767,193689.0,13.30035400390625,11.477996826171877,12.021987915039062,11.09722900390625,35.374999046325684
1972-03-18 10:50:21,23.84615707397461,81.02410125732422,152.75064849853516,90.98484802246094,97.29999542236328,60.81814193725586,99.98915100097656,0.0,42.73450283444889,193689.0,9.954864501953123,16.401031494140625,12.946746826171877,10.634841918945312,35.374999046325684
1972-03-18 10:50:22,23.87953186035156,81.02410125732422,150.34180450439453,90.98484802246094,97.0999984741211,60.81814193725586,99.99276733398438,0.0,43.03265511968608,193689.0,13.354766845703123,11.23321533203125,15.367477416992188,13.00115966796875,35.374999046325684
1972-03-18 10:50:23,23.981319427490234,80.96385955810547,150.927734375,90.98484802246094,96.5999984741211,60.82175827026367,99.99276733398438,0.0,44.31131482262395,193689.0,13.59954833984375,14.2523193359375,13.789932250976562,7.6429443359375,35.374999046325684
1972-03-18 10:50:24,24.09765625,80.96385955810547,150.48828887939453,90.98484802246094,97.1999969482422,60.82175827026367,99.99276733398438,0.0,39.898859690336764,193689.0,7.86053466796875,13.59954833984375,16.781829833984375,13.354736328125,35.374999046325684
1972-03-18 10:50:25,24.22791290283203,81.02410125732422,151.91244506835938,90.98484802246094,97.39999389648438,60.81814193725586,99.99276733398438,0.0,42.06866613595348,193689.0,8.078125,14.63311767578125,13.490737915039062,10.906829833984377,35.374999046325684
1972-03-18 10:50:26,24.28008270263672,81.02410125732422,150.439453125,90.98484802246094,96.4000015258789,60.81814193725586,99.98915100097656,0.0,41.78788430823026,193689.0,10.689239501953123,15.06829833984375,9.32928466796875,10.66204833984375,35.374999046325684
1972-03-18 10:50:27,24.277755737304688,81.08433532714844,150.04068756103516,90.98484802246094,96.6999969482422,60.81814193725586,99.99276733398438,0.0,40.95057090619063,193689.0,8.730926513671875,14.497100830078123,10.5804443359375,12.321182250976562,35.374999046325684
1972-03-18 10:50:28,24.273305892944336,81.08433532714844,151.0660858154297,90.98484802246094,97.6999969482422,60.82175827026367,99.99276733398438,0.0,41.75510511658505,193689.0,10.79803466796875,15.285888671875,13.762725830078123,15.231475830078123,35.374999046325684
1972-03-18 10:50:29,24.252975463867188,80.96385955810547,151.0416717529297,90.98484802246094,97.0,60.81814193725586,99.99276733398438,0.0,42.65995713592749,193689.0,10.74365234375,16.781829833984375,14.660308837890623,8.050933837890625,35.374999046325684
1972-03-18 10:50:30,24.269981384277344,80.90361022949219,152.09146881103516,90.98484802246094,97.0,60.82175827026367,99.99276733398438,0.0,41.08422455648412,193689.0,10.553253173828123,10.36285400390625,11.994781494140623,10.118057250976562,35.374999046325684
1972-03-18 10:50:31,24.274763107299805,80.96385955810547,150.89517974853516,90.98484802246094,98.1999969482422,60.81814193725586,99.98915100097656,0.0,41.29363327491931,193689.0,13.055572509765623,13.626739501953123,13.545135498046877,11.23321533203125,35.374999046325684
1972-03-18 10:50:32,24.24022674560547,81.08433532714844,151.45670318603516,90.98484802246094,97.29999542236328,60.82175827026367,99.99276733398438,0.0,39.417594575752666,193689.0,15.06829833984375,12.1851806640625,11.287612915039062,13.626739501953123,35.374999046325684
1972-03-18 10:50:33,24.15873336791992,81.02410125732422,151.48926544189453,90.98484802246094,98.0,60.81814193725586,99.99276733398438,0.0,40.13697526017016,193689.0,12.157989501953123,17.10821533203125,15.884246826171877,7.615753173828125,35.374999046325684
1972-03-18 10:50:34,24.09928703308105,81.08433532714844,149.9593048095703,90.98484802246094,97.39999389648438,60.81814193725586,99.98915100097656,0.0,42.49923264540383,193689.0,9.62847900390625,10.36285400390625,14.823486328125,14.551513671875,35.374999046325684
1972-03-18 10:50:35,24.056528091430664,80.96385955810547,151.8147735595703,90.98484802246094,97.1999969482422,60.82175827026367,99.99276733398438,0.0,43.324300345631954,193689.0,13.653945922851562,21.81365966796875,12.429977416992188,13.73553466796875,35.374999046325684
1972-03-18 10:50:36,24.019887924194336,80.90361022949219,150.86263275146484,90.98484802246094,96.8000030517578,60.82175827026367,99.99276733398438,0.0,47.25021561001415,193689.0,14.1163330078125,13.681121826171877,9.9820556640625,13.681137084960938,35.374999046325684
1972-03-18 10:50:37,24.00919914245605,80.96385955810547,149.8046875,90.98484802246094,96.5,60.82175827026367,99.99276733398438,0.0,43.42302630298462,193689.0,8.404510498046875,14.497100830078123,13.980316162109377,11.804397583007812,35.374999046325684
1972-03-18 10:50:38,24.006481170654297,81.08433532714844,151.2532501220703,90.98484802246094,96.8000030517578,60.82175827026367,99.99276733398438,0.0,41.76073519562127,193689.0,11.26043701171875,13.327545166015623,11.586807250976562,13.082763671875,35.374999046325684
1972-03-18 10:50:39,23.995576858520508,81.08433532714844,153.57259368896484,90.98484802246094,97.0,60.82175827026367,99.99276733398438,0.0,41.79781994378166,193689.0,7.86053466796875,17.434600830078125,17.352996826171875,8.404510498046875,35.374999046325684
1972-03-18 10:50:40,23.95530891418457,80.96385955810547,152.30306243896484,90.98484802246094,96.5,60.82175827026367,99.99276733398438,0.0,42.387590219691404,193689.0,14.551513671875,16.428253173828125,9.62847900390625,12.321182250976562,35.374999046325684
1972-03-18 10:50:41,23.94420623779297,80.90361022949219,153.49935150146484,90.98484802246094,97.29999542236328,60.82175827026367,99.99276733398438,0.0,44.22604579062998,193689.0,11.042831420898438,13.844329833984377,19.039352416992188,12.321182250976562,35.374999046325684
1972-03-18 10:50:42,23.93844223022461,80.90361022949219,154.150390625,90.98484802246094,97.0999984741211,60.82175827026367,99.99276733398438,0.0,43.99696302291565,193689.0,16.645843505859375,19.17535400390625,11.940399169921877,8.5133056640625,35.374999046325684
1972-03-18 10:50:43,24.010040283203125,81.02410125732422,154.9723358154297,90.98484802246094,97.5,60.82175827026367,99.99276733398438,0.0,45.459805773290746,193689.0,13.980331420898438,10.879638671875,15.829864501953123,13.245941162109377,35.374999046325684
1972-03-18 10:50:44,24.117752075195312,81.14457702636719,154.36197662353516,90.98484802246094,96.3000030517578,60.82175827026367,99.99276733398438,0.0,44.52140684343289,193689.0,8.2413330078125,18.087371826171875,12.212371826171877,8.948486328125,35.374999046325684
1972-03-18 10:50:45,24.192110061645508,81.02410125732422,154.0771484375,90.98484802246094,96.6999969482422,60.81814193725586,99.99276733398438,0.0,43.10867391070051,193689.0,9.818878173828123,12.157989501953123,11.614013671875,11.042816162109377,35.374999046325684
1972-03-18 10:50:46,24.172822952270508,80.96385955810547,155.2327423095703,90.98484802246094,97.5999984741211,60.82175827026367,99.99276733398438,0.0,44.28741420793795,193689.0,14.061920166015623,15.449066162109377,16.50982666015625,13.21875,35.374999046325684
1972-03-18 10:50:47,24.146753311157227,80.90361022949219,155.3466796875,90.98484802246094,97.29999542236328,60.82175827026367,99.99276733398438,0.0,43.27624831030818,193689.0,9.2476806640625,12.973968505859377,12.076385498046877,11.858795166015623,35.374999046325684
1972-03-18 10:50:48,24.129762649536133,80.96385955810547,155.8675079345703,90.98484802246094,97.39999389648438,60.82175827026367,99.99276733398438,0.0,39.41167802089093,193689.0,12.593170166015623,16.020263671875,14.415496826171877,10.172454833984377,35.374999046325684
1972-03-18 10:50:49,24.117338180541992,81.08433532714844,156.65689849853516,90.98484802246094,97.0,60.82175827026367,99.99276733398438,0.0,43.72498944396944,193689.0,10.36285400390625,12.022003173828123,14.850692749023438,9.682861328125,35.374999046325684
1972-03-18 10:50:50,24.149682998657227,81.08433532714844,157.16146087646484,90.98484802246094,97.1999969482422,60.82175827026367,99.99276733398438,0.0,42.1760150485859,193689.0,12.26678466796875,15.557861328125,14.225112915039062,10.961227416992188,35.374999046325684
1972-03-18 10:50:51,24.19590950012207,80.96385955810547,157.5032501220703,90.98484802246094,97.5999984741211,60.82175827026367,99.99276733398438,0.0,42.60233839483668,193689.0,7.86053466796875,14.1163330078125,10.770843505859377,10.009262084960938,35.374999046325684
1972-03-18 10:50:52,24.182403564453125,80.96385955810547,158.9111328125,90.98484802246094,96.5,60.81814193725586,99.98915100097656,0.0,45.20536356540625,193689.0,11.886016845703123,11.994781494140623,11.4508056640625,12.0491943359375,35.374999046325684
1972-03-18 10:50:53,24.115291595458984,80.96385955810547,156.52669525146484,90.98484802246094,96.3000030517578,60.82175827026367,99.98915100097656,0.0,41.828667194269116,193689.0,9.519683837890623,12.3211669921875,8.89410400390625,12.457183837890623,35.374999046325684
1972-03-18 10:50:54,24.087289810180664,80.96385955810547,157.24283599853516,90.98484802246094,96.8000030517578,60.81814193725586,99.98915100097656,0.0,43.152925441041845,193689.0,6.799774169921875,19.66493225097656,12.157989501953123,11.614013671875,35.374999046325684
1972-03-18 10:50:55,24.060182571411133,80.96385955810547,156.0139923095703,90.98484802246094,96.9000015258789,60.82175827026367,99.99276733398438,0.0,42.62810138995193,193689.0,11.641204833984377,12.022003173828123,12.56597900390625,8.703704833984375,35.374999046325684
1972-03-18 10:50:56,24.06595993041992,81.02410125732422,157.3811798095703,90.98484802246094,97.29999542236328,60.81814193725586,99.99276733398438,0.0,42.279311010569934,193689.0,11.287628173828123,11.36920166015625,16.101852416992188,13.028350830078123,35.374999046325684
1972-03-18 10:50:57,24.112106323242188,81.02410125732422,155.88379669189453,90.98484802246094,96.5999984741211,60.82175827026367,99.98915100097656,0.0,41.78750472247061,193689.0,11.015625,17.380218505859375,14.143524169921877,5.684600830078125,35.374999046325684
1972-03-18 10:50:58,24.15081024169922,80.96385955810547,156.39647674560547,90.98484802246094,96.9000015258789,60.82175827026367,99.99276733398438,0.0,43.74794929387031,193689.0,9.574081420898438,11.804412841796877,13.762725830078123,11.1788330078125,35.374999046325684
1972-03-18 10:50:59,24.144161224365234,80.96385955810547,155.75357818603516,90.98484802246094,97.5,60.82175827026367,99.99276733398438,0.0,41.941992467666374,193689.0,13.789947509765623,9.49249267578125,16.618621826171875,6.9629669189453125,35.374999046325684
1972-03-18 10:51:00,24.10796165466309,80.96385955810547,154.5084686279297,90.98484802246094,97.0999984741211,60.82175827026367,99.99276733398438,0.0,41.64805777753339,193689.0,7.751739501953125,9.76446533203125,15.63946533203125,10.879638671875,35.374999046325684
1972-03-18 10:51:01,24.095090866088867,81.02410125732422,154.51660919189453,90.98484802246094,97.1999969482422,60.82175827026367,99.98915100097656,0.0,43.156531106763865,193689.0,9.2476806640625,17.9241943359375,13.354736328125,13.789932250976562,35.374999046325684
1972-03-18 10:51:02,24.08211898803711,81.14457702636719,154.8665313720703,90.98484802246094,96.9000015258789,60.82175827026367,99.98915100097656,0.0,46.375976935150945,193689.0,12.6475830078125,12.83795166015625,13.00115966796875,11.83160400390625,35.374999046325684
1972-03-18 10:51:03,24.103700637817383,81.02410125732422,154.94791412353516,90.98484802246094,95.70000457763672,60.82175827026367,99.99276733398438,0.0,44.69724080678431,193689.0,9.27490234375,12.13079833984375,10.79803466796875,9.92767333984375,35.374999046325684
1972-03-18 10:51:04,24.135818481445312,80.90361022949219,155.62337493896484,90.98484802246094,97.1999969482422,60.81814193725586,99.99276733398438,0.0,43.17873388271962,193689.0,13.572357177734377,15.1226806640625,8.73089599609375,12.348388671875,35.374999046325684
1972-03-18 10:51:05,24.146934509277344,80.90361022949219,155.5745391845703,90.98484802246094,97.39999389648438,60.81814193725586,99.99276733398438,0.0,44.76246355830214,193689.0,13.46356201171875,16.890625,14.551513671875,13.925933837890623,35.374999046325684
1972-03-18 10:51:06,24.11444854736328,80.96385955810547,156.6162109375,90.98484802246094,97.0999984741211,60.81814193725586,99.99276733398438,0.0,42.97514181063926,193689.0,11.47802734375,18.168975830078125,15.829864501953123,12.9195556640625,35.374999046325684
1972-03-18 10:51:07,24.07687187194824,81.08433532714844,155.09439849853516,90.98484802246094,96.8000030517578,60.82175827026367,99.99276733398438,0.0,44.98749993563447,193689.0,10.036468505859377,15.965850830078123,11.342010498046877,15.367477416992188,35.374999046325684
1972-03-18 10:51:08,24.07892227172852,81.02410125732422,155.65592193603516,90.98484802246094,97.0999984741211,60.81814193725586,99.99276733398438,0.0,43.570708293298075,193689.0,9.62847900390625,16.5914306640625,15.177093505859377,9.818878173828123,35.374999046325684
1972-03-18 10:51:09,24.0927848815918,80.96385955810547,155.59896087646484,90.98484802246094,97.0,60.81814193725586,99.98915100097656,0.0,45.560161224767356,193689.0,13.3819580078125,18.57696533203125,14.497100830078123,13.055557250976562,35.374999046325684
1972-03-18 10:51:10,24.15381622314453,80.96385955810547,155.68033599853516,90.98484802246094,96.5,60.82175827026367,99.98915100097656,0.0,44.99054246690266,193689.0,7.017364501953125,15.557861328125,13.708343505859377,12.348388671875,35.374999046325684
1972-03-18 10:51:11,24.19763565063477,80.96385955810547,155.88378143310547,90.98484802246094,97.39999389648438,60.82175827026367,99.99276733398438,0.0,42.406409948189136,193689.0,13.436355590820312,15.93865966796875,9.438079833984377,8.105316162109375,35.374999046325684
1972-03-18 10:51:12,24.20366477966309,81.02410125732422,155.1025390625,90.98484802246094,96.8000030517578,60.81814193725586,99.98915100097656,0.0,44.81343998053222,193689.0,16.183456420898438,10.390045166015623,12.647567749023438,16.07464599609375,35.374999046325684
1972-03-18 10:51:13,24.149076461791992,80.96385955810547,156.96614837646484,90.98484802246094,96.6999969482422,60.82175827026367,99.99276733398438,0.0,44.28473665458475,193689.0,10.66204833984375,13.925933837890623,23.33680725097656,10.5804443359375,35.374999046325684
1972-03-18 10:51:14,24.11918258666992,80.96385955810547,154.45963287353516,90.98484802246094,96.5999984741211,60.82175827026367,99.99276733398438,0.0,43.720468505617625,193689.0,18.359375,10.526031494140623,9.954864501953123,9.138885498046877,35.374999046325684
1972-03-18 10:51:15,24.08692741394043,80.96385955810547,155.615234375,90.98484802246094,97.1999969482422,60.82175827026367,99.99276733398438,0.0,43.408823163059836,193689.0,11.668411254882812,15.095489501953123,14.578704833984377,12.40277099609375,35.374999046325684
1972-03-18 10:51:16,24.08574485778809,80.96385955810547,155.419921875,91.06060791015624,96.4000015258789,60.81814193725586,99.99276733398438,0.0,43.08516442246342,193689.0,15.14990234375,14.3883056640625,12.7835693359375,10.49884033203125,35.374999046325684
1972-03-18 10:51:17,24.12095069885254,81.02410125732422,156.0302734375,90.98484802246094,96.9000015258789,60.81814193725586,99.99276733398438,0.0,45.48945768830075,193689.0,9.818878173828123,14.415496826171877,18.087371826171875,10.254058837890623,35.374999046325684
1972-03-18 10:51:18,24.149986267089844,81.02410125732422,154.50032806396484,90.98484802246094,97.0,60.81814193725586,99.98915100097656,0.0,43.24137806846367,193689.0,11.858795166015623,16.7274169921875,10.988433837890623,8.404510498046875,35.374999046325684
1972-03-18 10:51:19,24.11528205871582,80.96385955810547,155.62337493896484,90.98484802246094,97.0999984741211,60.82175827026367,99.99276733398438,0.0,43.67518031015981,193689.0,11.26043701171875,14.33392333984375,9.737274169921877,14.007522583007812,35.374999046325684
1972-03-18 10:51:20,24.05463409423828,81.02410125732422,154.8095703125,90.98484802246094,96.3000030517578,60.82175827026367,99.99276733398438,0.0,42.73325900467793,193689.0,7.7789306640625,17.135406494140625,10.118057250976562,14.143524169921877,35.374999046325684
1972-03-18 10:51:21,24.003650665283203,81.02410125732422,154.10970306396484,90.98484802246094,96.3000030517578,60.81814193725586,99.99276733398438,0.0,44.56709190893859,193689.0,16.591445922851562,11.75,14.551513671875,10.93402099609375,35.374999046325684
1972-03-18 10:51:22,23.95800971984864,81.02410125732422,155.46875,90.98484802246094,97.1999969482422,60.82175827026367,99.99276733398438,0.0,43.40755313891992,193689.0,9.438079833984377,9.1116943359375,13.817138671875,13.463546752929688,35.374999046325684
1972-03-18 10:51:23,23.989133834838867,81.02410125732422,155.9244842529297,90.98484802246094,97.39999389648438,60.82175827026367,99.99276733398438,0.0,45.38075416536968,193689.0,10.498855590820312,15.285888671875,15.802658081054688,10.471649169921877,35.374999046325684
1972-03-18 10:51:24,24.0299129486084,81.02410125732422,155.37109375,90.98484802246094,96.6999969482422,60.81814193725586,99.99276733398438,0.0,42.53155839996444,193689.0,10.96124267578125,11.39642333984375,14.061920166015623,8.132522583007812,35.374999046325684
1972-03-18 10:51:25,24.042449951171875,81.02410125732422,154.0608673095703,90.98484802246094,96.9000015258789,60.82175827026367,99.99276733398438,0.0,41.89310273373588,193689.0,6.663787841796875,17.625,12.40277099609375,10.79803466796875,35.374999046325684
1972-03-18 10:51:26,24.00178909301757,80.96385955810547,154.8177032470703,90.98484802246094,97.0999984741211,60.81814193725586,99.99276733398438,0.0,42.66191706035912,193689.0,8.54052734375,12.729156494140623,12.538772583007812,15.8570556640625,35.374999046325684
1972-03-18 10:51:27,23.977479934692383,80.96385955810547,155.0130157470703,90.98484802246094,96.5999984741211,60.81814193725586,99.99276733398438,0.0,43.71109962091638,193689.0,10.22686767578125,15.1226806640625,10.145263671875,8.948486328125,35.374999046325684
1972-03-18 10:51:28,23.989728927612305,81.08433532714844,154.3375701904297,90.98484802246094,96.5999984741211,60.81814193725586,99.99276733398438,0.0,42.670257754167416,193689.0,7.207763671875,14.959503173828123,10.19964599609375,12.321182250976562,35.374999046325684
1972-03-18 10:51:29,24.022289276123047,81.02410125732422,154.88282012939453,90.98484802246094,97.0,60.82175827026367,99.99276733398438,0.0,44.35386369616561,193689.0,10.417266845703123,13.87152099609375,12.973968505859377,13.73553466796875,35.374999046325684
1972-03-18 10:51:30,24.11663627624512,80.96385955810547,155.4524688720703,90.98484802246094,96.9000015258789,60.81814193725586,99.99276733398438,0.0,42.997317476194155,193689.0,13.545150756835938,13.73553466796875,12.1851806640625,11.042816162109377,35.374999046325684
1972-03-18 10:51:31,24.19691276550293,80.96385955810547,155.55826568603516,90.98484802246094,97.29999542236328,60.82175827026367,99.99276733398438,0.0,42.9026590492262,193689.0,11.614013671875,16.3194580078125,16.645843505859375,10.879638671875,35.374999046325684
1972-03-18 10:51:32,24.22731208801269,81.02410125732422,154.70377349853516,90.98484802246094,97.29999542236328,60.82175827026367,99.99276733398438,0.0,43.73129309674968,193689.0,17.217025756835938,11.206024169921877,13.13714599609375,11.641204833984377,35.374999046325684
1972-03-18 10:51:33,24.205955505371094,81.02410125732422,154.345703125,90.98484802246094,96.20000457763672,60.82175827026367,99.99276733398438,0.0,44.13336934866359,193689.0,10.28125,16.50982666015625,10.090850830078123,8.839691162109375,35.374999046325684
1972-03-18 10:51:34,24.17417907714844,80.96385955810547,155.2734375,90.98484802246094,97.6999969482422,60.82175827026367,99.99276733398438,0.0,40.110077833512904,193689.0,10.308456420898438,13.681121826171877,12.729156494140623,12.429977416992188,35.374999046325684
1972-03-18 10:51:35,24.14193153381348,80.96385955810547,154.7770233154297,90.98484802246094,97.5,60.82175827026367,99.99276733398438,0.0,40.818245956392836,193689.0,13.21875,13.3819580078125,11.36920166015625,13.327545166015623,35.374999046325684
1972-03-18 10:51:36,24.12627220153809,81.02410125732422,154.58984375,90.98484802246094,96.8000030517578,60.81814193725586,99.99276733398438,0.0,42.087091231283765,193689.0,8.703704833984375,12.756378173828123,10.607635498046877,14.061920166015623,35.374999046325684
1972-03-18 10:51:37,24.160194396972656,81.02410125732422,154.1015625,90.98484802246094,96.20000457763672,60.81814193725586,99.99276733398438,0.0,44.156395250613805,193689.0,7.996551513671875,18.821746826171875,13.381942749023438,8.540512084960938,35.374999046325684
1972-03-18 10:51:38,24.17964172363281,81.02410125732422,154.58170318603516,90.98484802246094,96.10000610351562,60.82175827026367,99.99276733398438,0.0,44.074605335480626,193689.0,9.954864501953123,15.20428466796875,11.885986328125,10.19964599609375,35.374999046325684
1972-03-18 10:51:39,24.14060401916504,80.90361022949219,154.9072265625,90.98484802246094,96.6999969482422,60.81814193725586,99.99276733398438,0.0,39.66000836399645,193689.0,10.308456420898438,13.844329833984377,11.287612915039062,15.313079833984377,35.374999046325684
1972-03-18 10:51:40,24.064186096191406,80.90361022949219,156.0302734375,90.98484802246094,97.6999969482422,60.82175827026367,99.99276733398438,0.0,40.22500508062259,193689.0,8.866912841796875,16.482635498046875,15.068283081054688,12.40277099609375,35.374999046325684
1972-03-18 10:51:41,24.018516540527344,80.96385955810547,154.11783599853516,90.98484802246094,97.79999542236328,60.82175827026367,99.99276733398438,0.0,41.761283037207505,193689.0,13.245956420898438,12.3211669921875,16.129058837890625,10.770843505859377,35.374999046325684
1972-03-18 10:51:42,23.99084854125977,81.08433532714844,154.248046875,90.98484802246094,96.0,60.82175827026367,99.99276733398438,0.0,42.983722042907225,193689.0,9.818878173828123,14.551513671875,9.438079833984377,9.438079833984377,35.374999046325684
1972-03-18 10:51:43,24.038122177124023,81.08433532714844,154.3375701904297,90.98484802246094,97.1999969482422,60.82175827026367,99.99276733398438,0.0,42.68271093817383,193689.0,10.498855590820312,10.770843505859377,12.892364501953123,11.53240966796875,35.374999046325684
1972-03-18 10:51:44,24.084836959838867,81.02410125732422,153.27147674560547,90.98484802246094,96.4000015258789,60.82175827026367,99.99276733398438,0.0,45.57776946956026,193689.0,12.6475830078125,12.13079833984375,15.177093505859377,11.777191162109377,35.374999046325684
1972-03-18 10:51:45,24.10382461547852,80.90361022949219,153.4749298095703,90.98484802246094,96.4000015258789,60.81814193725586,99.99276733398438,0.0,43.55235980719369,193689.0,13.545150756835938,19.501739501953125,11.804397583007812,7.6429443359375,35.374999046325684
1972-03-18 10:51:46,24.064077377319336,80.90361022949219,153.7923126220703,90.98484802246094,95.9000015258789,60.82175827026367,99.99276733398438,0.0,45.42474268036312,193689.0,10.852447509765623,16.020263671875,13.028350830078123,13.681137084960938,35.374999046325684
1972-03-18 10:51:47,24.0264949798584,81.02410125732422,154.52474212646484,90.98484802246094,96.9000015258789,60.81814193725586,99.99276733398438,0.0,42.46772978826453,193689.0,11.015625,15.421875,16.319442749023438,11.75,35.374999046325684
1972-03-18 10:51:48,24.01250457763672,81.14457702636719,154.9072265625,90.98484802246094,98.0,60.82175827026367,99.99276733398438,0.0,41.932286495346744,193689.0,15.857070922851562,15.748260498046877,10.689239501953123,12.9195556640625,35.374999046325684
1972-03-18 10:51:49,24.026439666748047,81.08433532714844,154.2236328125,90.98484802246094,97.29999542236328,60.81814193725586,99.99276733398438,0.0,39.75856024725061,193689.0,5.9022216796875,14.578704833984377,18.0601806640625,5.902191162109375,35.374999046325684
1972-03-18 10:51:50,24.09324836730957,80.90361022949219,154.28060150146484,91.06060791015624,97.0,60.82175827026367,99.99276733398438,0.0,43.13575775932505,193689.0,12.6475830078125,12.973968505859377,11.614013671875,12.348388671875,35.374999046325684
1972-03-18 10:51:51,24.158836364746094,80.84336853027344,155.1839141845703,90.98484802246094,96.10000610351562,60.82175827026367,99.99276733398438,0.0,45.99043690177344,193689.0,11.668411254882812,13.89874267578125,16.781829833984375,10.335647583007812,35.374999046325684
1972-03-18 10:51:52,24.169818878173828,80.96385955810547,154.6468048095703,90.98484802246094,97.0,60.81814193725586,99.99276733398438,0.0,43.20166949890727,193689.0,12.42999267578125,18.7945556640625,12.130783081054688,13.925933837890623,35.39999961853027
1972-03-18 10:51:53,24.13162612915039,81.02410125732422,155.06998443603516,90.98484802246094,96.8000030517578,60.82175827026367,99.99276733398438,0.0,41.83683293336775,193689.0,7.670135498046875,11.641204833984377,11.777191162109377,17.461807250976562,35.39999961853027
1972-03-18 10:51:54,24.09551239013672,81.14457702636719,153.5237579345703,90.98484802246094,96.8000030517578,60.82175827026367,99.99276733398438,0.0,41.93265892439698,193689.0,9.982070922851562,16.047454833984375,10.770843505859377,6.6637725830078125,35.39999961853027
1972-03-18 10:51:55,24.070192337036133,81.08433532714844,154.55728912353516,90.98484802246094,97.89999389648438,60.82175827026367,99.99276733398438,0.0,40.46411007920703,193689.0,10.22686767578125,15.748260498046877,12.9195556640625,12.756378173828123,35.39999961853027
1972-03-18 10:51:56,24.10289764404297,80.96385955810547,153.49935150146484,90.98484802246094,96.4000015258789,60.82175827026367,99.99276733398438,0.0,43.538054706628074,193689.0,10.716445922851562,14.714691162109377,11.342010498046877,11.994796752929688,35.39999961853027
1972-03-18 10:51:57,24.168901443481445,80.90361022949219,153.78417205810547,90.98484802246094,97.5999984741211,60.82175827026367,99.99276733398438,0.0,41.031115186760175,193689.0,15.20428466796875,15.34027099609375,11.23321533203125,11.124420166015623,35.374999046325684
1972-03-18 10:51:58,24.21078872680664,81.02410125732422,153.4342498779297,90.98484802246094,96.4000015258789,60.81814193725586,99.99276733398438,0.0,44.21816938941465,193689.0,13.00115966796875,12.86517333984375,12.946746826171877,8.59490966796875,35.39999961853027
1972-03-18 10:51:59,24.1975040435791,81.08433532714844,153.16568756103516,90.98484802246094,96.3000030517578,60.82175827026367,99.99276733398438,0.0,43.8406689619745,193689.0,8.15972900390625,11.042816162109377,9.492477416992188,8.29571533203125,35.39999961853027
1972-03-18 10:52:00,24.14640617370605,81.02410125732422,154.81771087646484,90.98484802246094,96.5999984741211,60.82175827026367,99.99276733398438,0.0,42.3153736775624,193689.0,15.14990234375,12.42999267578125,13.463531494140623,6.39178466796875,35.39999961853027
1972-03-18 10:52:01,24.120668411254883,80.90361022949219,155.53385162353516,90.98484802246094,97.6999969482422,60.82175827026367,99.99276733398438,0.0,39.31451180858848,193689.0,7.670135498046875,14.3883056640625,16.319442749023438,9.492477416992188,35.374999046325684
1972-03-18 10:52:02,24.09338760375977,80.96385955810547,154.55728912353516,90.98484802246094,97.0999984741211,60.82175827026367,99.99276733398438,0.0,41.42071026040949,193689.0,8.5133056640625,14.3883056640625,8.758102416992188,14.877899169921877,35.39999961853027
1972-03-18 10:52:03,24.129011154174805,81.02410125732422,153.90625,90.98484802246094,97.29999542236328,60.81814193725586,99.99276733398438,0.0,41.24276412940432,193689.0,11.777206420898438,14.197906494140623,9.601272583007812,14.823486328125,35.39999961853027
1972-03-18 10:52:04,24.176633834838867,81.08433532714844,153.8167266845703,90.98484802246094,97.0999984741211,60.82175827026367,99.99276733398438,0.0,44.48727488002661,193689.0,17.543411254882812,15.449066162109377,14.30670166015625,7.887725830078125,35.39999961853027
1972-03-18 10:52:05,24.180397033691406,81.02410125732422,155.224609375,90.98484802246094,96.20000457763672,60.82175827026367,99.99276733398438,0.0,42.69188661290419,193689.0,9.32928466796875,9.410888671875,17.570602416992188,9.19329833984375,35.39999961853027
1972-03-18 10:52:06,24.13095664978028,80.96385955810547,153.84114837646484,90.98484802246094,97.0,60.82175827026367,99.99276733398438,0.0,42.37556482115935,193689.0,11.53240966796875,11.1788330078125,11.695602416992188,13.5179443359375,35.39999961853027
1972-03-18 10:52:07,24.07493782043457,80.96385955810547,154.1422576904297,90.98484802246094,96.6999969482422,60.81814193725586,99.98915100097656,0.0,40.317140964559194,193689.0,11.39642333984375,14.76910400390625,16.80902099609375,6.854171752929688,35.39999961853027
1972-03-18 10:52:08,24.02322769165039,80.96385955810547,154.76889038085938,90.98484802246094,96.9000015258789,60.82175827026367,99.99276733398438,0.0,44.58553912675495,193689.0,15.775482177734377,11.83160400390625,15.476272583007812,12.756378173828123,35.39999961853027
1972-03-18 10:52:09,24.006635665893555,80.96385955810547,154.7119140625,90.98484802246094,97.29999542236328,60.82175827026367,99.99276733398438,0.0,42.02395666875437,193689.0,9.519683837890623,13.30035400390625,12.26678466796875,12.620361328125,35.39999961853027
1972-03-18 10:52:10,24.0633602142334,81.08433532714844,154.3863983154297,90.98484802246094,98.0999984741211,60.82175827026367,99.99276733398438,0.0,39.6266966473319,193689.0,10.79803466796875,16.10186767578125,14.007522583007812,10.090850830078123,35.39999961853027
1972-03-18 10:52:11,24.105993270874023,81.02410125732422,154.9560546875,90.98484802246094,97.5999984741211,60.81814193725586,99.99276733398438,0.0,42.52947865657611,193689.0,8.050933837890625,10.471649169921877,13.273147583007812,17.026611328125,35.39999961853027
1972-03-18 10:52:12,24.115102767944336,80.96385955810547,153.45052337646484,90.98484802246094,96.5999984741211,60.82175827026367,99.99276733398438,0.0,45.93318249669646,193689.0,9.05731201171875,17.84259033203125,12.076385498046877,13.708343505859377,35.39999961853027
1972-03-18 10:52:13,24.072240829467773,80.90361022949219,153.71907806396484,90.98484802246094,97.0,60.82175827026367,99.99276733398438,0.0,40.581802703745815,193689.0,11.26043701171875,14.143524169921877,11.124420166015623,12.212387084960938,35.39999961853027
1972-03-18 10:52:14,24.04337882995605,80.96385955810547,153.1005859375,90.98484802246094,97.89999389648438,60.82175827026367,99.99276733398438,0.0,39.359774720155364,193689.0,10.770843505859377,16.863433837890625,15.149871826171877,11.83160400390625,35.39999961853027
1972-03-18 10:52:15,24.01628494262696,81.08433532714844,155.1920623779297,90.98484802246094,96.4000015258789,60.81814193725586,99.99276733398438,0.0,45.35106449217523,193689.0,14.279525756835938,15.80267333984375,10.879638671875,14.633102416992188,35.39999961853027
1972-03-18 10:52:16,24.04492950439453,81.08433532714844,155.0537109375,90.98484802246094,96.9000015258789,60.82175827026367,99.99276733398438,0.0,42.132905663981376,193689.0,10.52606201171875,16.020263671875,13.73553466796875,14.306716918945312,35.39999961853027
1972-03-18 10:52:17,24.114011764526367,81.02410125732422,153.9794921875,90.98484802246094,96.0,60.82175827026367,99.99276733398438,0.0,45.09074890488074,193689.0,13.409149169921877,13.463531494140623,15.993057250976562,8.89410400390625,35.39999961853027
1972-03-18 10:52:18,24.144142150878903,80.90361022949219,155.1513671875,90.98484802246094,96.5999984741211,60.81814193725586,99.99276733398438,0.0,45.3423610599816,193689.0,14.63311767578125,12.538787841796877,13.354736328125,10.118057250976562,35.39999961853027
1972-03-18 10:52:19,24.1290225982666,80.96385955810547,154.5003204345703,90.98484802246094,96.8000030517578,60.82175827026367,99.99276733398438,0.0,43.67846372298074,193689.0,9.05731201171875,18.6585693359375,14.877899169921877,14.061920166015623,35.39999961853027
1972-03-18 10:52:20,24.0734977722168,80.96385955810547,154.10157012939453,90.98484802246094,96.5,60.82175827026367,99.99276733398438,0.0,46.353414418601474,193689.0,9.383697509765623,11.260406494140623,13.953125,13.925933837890623,35.39999961853027
1972-03-18 10:52:21,24.04608154296875,80.96385955810547,154.2805938720703,90.98484802246094,97.1999969482422,60.82175827026367,99.99276733398438,0.0,42.25383340398151,193689.0,15.530670166015623,19.01214599609375,12.593170166015623,10.5804443359375,35.39999961853027
1972-03-18 10:52:22,24.026762008666992,80.96385955810547,154.15853118896484,90.98484802246094,96.8000030517578,60.82175827026367,99.99276733398438,0.0,43.30968561181868,193689.0,4.5694580078125,17.652191162109375,12.538772583007812,14.17071533203125,35.39999961853027
1972-03-18 10:52:23,24.088048934936523,81.02410125732422,154.7607421875,90.98484802246094,96.5,60.82175827026367,99.99276733398438,0.0,43.26501948875907,193689.0,9.05731201171875,11.260406494140623,12.620361328125,11.641204833984377,35.39999961853027
1972-03-18 10:52:24,24.147741317749023,81.02410125732422,153.173828125,90.98484802246094,97.0999984741211,60.82175827026367,99.99276733398438,0.0,43.6272886473864,193689.0,12.701980590820312,13.245941162109377,9.954864501953123,7.588546752929687,35.39999961853027
1972-03-18 10:52:25,24.191329956054688,81.02410125732422,154.26432037353516,90.98484802246094,96.9000015258789,60.82175827026367,99.99276733398438,0.0,44.43682757633233,193689.0,9.954864501953123,15.80267333984375,13.762725830078123,9.519683837890623,35.39999961853027
1972-03-18 10:52:26,24.16375160217285,80.96385955810547,154.4514923095703,90.98484802246094,96.6999969482422,60.81814193725586,99.99276733398438,0.0,43.59731355029476,193689.0,7.098968505859375,14.361114501953123,12.212371826171877,12.457183837890623,35.39999961853027
1972-03-18 10:52:27,24.122032165527344,80.90361022949219,154.25618743896484,90.98484802246094,96.8000030517578,60.82175827026367,99.99276733398438,0.0,44.317828601683324,193689.0,10.74365234375,11.722808837890623,11.913192749023438,14.90509033203125,35.39999961853027
1972-03-18 10:52:28,24.07661247253418,80.90361022949219,154.86653900146484,90.98484802246094,97.6999969482422,60.82175827026367,99.99276733398438,0.0,43.17879203639619,193689.0,10.934036254882812,16.564239501953125,14.524307250976562,9.519683837890623,35.39999961853027
1972-03-18 10:52:29,24.07916831970215,81.02410125732422,153.80859375,90.98484802246094,96.4000015258789,60.81814193725586,99.99276733398438,0.0,43.26778974937381,193689.0,7.534149169921875,16.4554443359375,12.076385498046877,14.089111328125,35.39999961853027
1972-03-18 10:52:30,24.11917304992676,81.14457702636719,153.08431243896484,90.98484802246094,96.6999969482422,60.82175827026367,99.99276733398438,0.0,42.37287042008104,193689.0,10.934036254882812,16.428253173828125,9.873260498046877,9.601272583007812,35.39999961853027
1972-03-18 10:52:31,24.16661262512207,81.08433532714844,153.62142181396484,90.98484802246094,97.39999389648438,60.82175827026367,99.99276733398438,0.0,40.28851622282565,193689.0,14.089141845703123,13.490753173828123,13.762725830078123,11.804397583007812,35.39999961853027
1972-03-18 10:52:32,24.14940071105957,81.02410125732422,154.150390625,90.98484802246094,96.8000030517578,60.82175827026367,99.99276733398438,0.0,42.67748769650621,193689.0,5.1678466796875,9.302093505859377,15.285888671875,13.082763671875,35.39999961853027
1972-03-18 10:52:33,24.0853214263916,80.90361022949219,154.345703125,90.98484802246094,96.5999984741211,60.82175827026367,99.99276733398438,0.0,45.02487170014678,193689.0,11.99481201171875,15.449066162109377,12.83795166015625,11.804397583007812,35.39999961853027
1972-03-18 10:52:34,24.02547836303711,80.96385955810547,153.1575469970703,90.98484802246094,97.6999969482422,60.82175827026367,99.99276733398438,0.0,43.44195646806555,193689.0,13.817138671875,15.06829833984375,14.497100830078123,8.622100830078125,35.39999961853027
1972-03-18 10:52:35,23.96762084960937,81.02410125732422,154.63867950439453,90.98484802246094,97.89999389648438,60.82175827026367,99.99276733398438,0.0,41.35962144005827,193689.0,9.574081420898438,12.40277099609375,15.20428466796875,12.810760498046877,35.39999961853027
1972-03-18 10:52:36,23.98292350769043,81.02410125732422,154.6793670654297,90.98484802246094,96.9000015258789,60.82175827026367,99.99276733398438,0.0,42.4195097184586,193689.0,10.28125,15.50347900390625,13.463531494140623,10.66204833984375,35.39999961853027
1972-03-18 10:52:37,24.02432441711425,81.02410125732422,154.1341094970703,90.98484802246094,96.6999969482422,60.82175827026367,99.99276733398438,0.0,43.71720587995951,193689.0,9.1116943359375,15.149871826171877,11.342010498046877,9.92767333984375,35.39999961853027
1972-03-18 10:52:38,24.061243057250977,80.96385955810547,153.04361724853516,90.98484802246094,95.70000457763672,60.82175827026367,99.99276733398438,0.0,45.314412080645766,193689.0,5.412628173828125,16.618621826171875,13.925933837890623,10.335647583007812,35.39999961853027
1972-03-18 10:52:39,24.04890823364257,80.96385955810547,153.8981170654297,90.98484802246094,96.4000015258789,60.82175827026367,99.99276733398438,0.0,44.16621541217178,193689.0,10.172454833984377,9.1116943359375,12.10357666015625,13.409149169921877,35.39999961853027
1972-03-18 10:52:40,23.988475799560547,80.96385955810547,154.45963287353516,90.98484802246094,96.9000015258789,60.82175827026367,99.99276733398438,0.0,44.51537043795475,193689.0,12.72918701171875,14.660308837890623,15.258682250976562,6.25579833984375,35.39999961853027
1972-03-18 10:52:41,23.95136451721192,81.02410125732422,153.61328125,90.98484802246094,96.4000015258789,60.82175827026367,99.99276733398438,0.0,43.220675707647736,193689.0,12.457183837890623,14.60589599609375,15.829864501953123,6.52777099609375,35.39999961853027
1972-03-18 10:52:42,23.936355590820312,81.08433532714844,154.58985137939453,90.98484802246094,97.0999984741211,60.82175827026367,99.99276733398438,0.0,43.30956176575021,193689.0,14.089141845703123,12.0491943359375,12.511566162109377,14.551513671875,35.39999961853027
1972-03-18 10:52:43,23.99832344055176,80.96385955810547,154.15853118896484,90.98484802246094,97.6999969482422,60.82175827026367,99.99276733398438,0.0,43.112916569206256,193689.0,14.33392333984375,15.50347900390625,14.197906494140623,9.8460693359375,35.39999961853027
1972-03-18 10:52:44,24.108617782592773,80.96385955810547,153.5725860595703,90.98484802246094,96.9000015258789,60.82175827026367,99.99276733398438,0.0,42.38507454869552,193689.0,12.72918701171875,13.817138671875,14.279510498046877,7.370941162109375,35.39999961853027
1972-03-18 10:52:45,24.16555404663086,81.02410125732422,154.07714080810547,90.98484802246094,98.0,60.82175827026367,99.99276733398438,0.0,41.12073267659638,193689.0,12.919570922851562,14.46990966796875,15.285888671875,10.93402099609375,35.39999961853027
1972-03-18 10:52:46,24.145505905151367,80.96385955810547,153.564453125,90.98484802246094,96.9000015258789,60.82175827026367,99.99276733398438,0.0,42.10085938296728,193689.0,13.762741088867188,11.505218505859377,12.212371826171877,8.268524169921875,35.39999961853027
1972-03-18 10:52:47,24.08234214782715,81.02410125732422,152.55533599853516,90.98484802246094,97.1999969482422,60.81814193725586,99.99276733398438,0.0,42.65655571882428,193689.0,11.858795166015623,10.7164306640625,9.193283081054688,8.45892333984375,35.39999961853027
1972-03-18 10:52:48,24.035058975219727,81.08433532714844,153.173828125,90.98484802246094,97.0,60.81814193725586,99.99276733398438,0.0,42.195640558472846,193689.0,8.8397216796875,18.14178466796875,10.879638671875,12.674774169921877,35.39999961853027
1972-03-18 10:52:49,24.07952690124512,81.02410125732422,153.4586639404297,90.98484802246094,96.8000030517578,60.81814193725586,99.99276733398438,0.0,44.26404243712299,193689.0,9.49249267578125,10.93402099609375,12.620361328125,11.206024169921877,35.39999961853027
1972-03-18 10:52:50,24.18673324584961,80.90361022949219,153.37728118896484,90.98484802246094,96.5,60.82175827026367,99.99276733398438,0.0,44.23665247357149,193689.0,11.559616088867188,17.081024169921875,12.511566162109377,8.15972900390625,35.39999961853027
1972-03-18 10:52:51,24.252580642700195,80.96385955810547,152.6774139404297,90.98484802246094,96.3000030517578,60.81814193725586,99.99276733398438,0.0,41.88332389460067,193689.0,12.457183837890623,15.476287841796877,9.138885498046877,13.082763671875,35.39999961853027
1972-03-18 10:52:52,24.274696350097656,81.02410125732422,154.443359375,90.98484802246094,96.8000030517578,60.82175827026367,99.99276733398438,0.0,43.33215868521966,193689.0,6.9085693359375,14.714691162109377,15.34027099609375,16.4554443359375,35.39999961853027
1972-03-18 10:52:53,24.22438621520996,81.08433532714844,153.47493743896484,90.98484802246094,97.39999389648438,60.81814193725586,99.99276733398438,0.0,45.43336869924188,193689.0,11.015625,15.8570556640625,10.743621826171877,11.124420166015623,35.39999961853027
1972-03-18 10:52:54,24.191390991210938,81.02410125732422,153.79232025146484,90.98484802246094,96.9000015258789,60.82175827026367,99.99276733398438,0.0,41.2018734779145,193689.0,10.36285400390625,16.564239501953125,9.62847900390625,13.925933837890623,35.39999961853027
1972-03-18 10:52:55,24.127723693847656,80.96385955810547,153.3610076904297,90.98484802246094,96.5999984741211,60.82175827026367,99.99276733398438,0.0,40.34405491405607,193689.0,10.308456420898438,16.754638671875,9.46527099609375,13.980316162109377,35.39999961853027
1972-03-18 10:52:56,24.107154846191406,81.02410125732422,153.1005859375,90.98484802246094,95.8000030517578,60.82175827026367,99.99276733398438,0.0,45.12889668023621,193689.0,11.505218505859377,12.348388671875,10.417236328125,8.59490966796875,35.39999961853027
1972-03-18 10:52:57,24.101531982421875,81.02410125732422,152.10774993896484,90.98484802246094,95.70000457763672,60.82175827026367,99.99276733398438,0.0,44.97049083961056,193689.0,11.287628173828123,14.007537841796877,9.356475830078123,12.946762084960938,35.39999961853027
1972-03-18 10:52:58,24.096281051635746,81.02410125732422,152.6285858154297,90.98484802246094,97.79999542236328,60.82175827026367,99.99276733398438,0.0,41.49821659125408,193689.0,10.906829833984377,16.945037841796875,10.770843505859377,7.1805572509765625,35.39999961853027
1972-03-18 10:52:59,24.10931396484375,80.96385955810547,153.25521087646484,90.98484802246094,97.0999984741211,60.82175827026367,99.99276733398438,0.0,42.65815732379426,193689.0,12.13079833984375,12.157989501953123,11.124420166015623,12.1851806640625,35.39999961853027
1972-03-18 10:53:00,24.06453895568848,80.96385955810547,153.80859375,90.98484802246094,97.6999969482422,60.81814193725586,99.99276733398438,0.0,40.712852573987156,193689.0,12.13079833984375,12.83795166015625,16.50982666015625,9.1116943359375,35.39999961853027
1972-03-18 10:53:01,23.99278259277344,81.02410125732422,151.96939849853516,90.98484802246094,96.9000015258789,60.82175827026367,99.99276733398438,0.0,43.42834900797575,193689.0,11.586822509765623,14.061920166015623,9.927658081054688,6.745361328125,35.39999961853027
1972-03-18 10:53:02,23.93693733215332,81.08433532714844,152.94596099853516,90.98484802246094,97.5999984741211,60.82175827026367,99.99276733398438,0.0,42.24906036718051,193689.0,7.5069580078125,16.10186767578125,8.676513671875,13.73553466796875,35.39999961853027
1972-03-18 10:53:03,23.946447372436523,80.96385955810547,152.7099609375,90.98484802246094,96.6999969482422,60.82175827026367,99.99276733398438,0.0,44.789670513391854,193689.0,13.89874267578125,16.346649169921875,7.12615966796875,14.03472900390625,35.39999961853027
1972-03-18 10:53:04,23.993772506713867,80.96385955810547,152.96224212646484,90.98484802246094,96.9000015258789,60.81814193725586,99.99276733398438,0.0,41.92889840231606,193689.0,8.3773193359375,15.93865966796875,9.791656494140623,11.342010498046877,35.39999961853027
1972-03-18 10:53:05,24.014049530029297,81.02410125732422,153.2145233154297,90.98484802246094,96.9000015258789,60.81814193725586,99.99276733398438,0.0,41.854835612049236,193689.0,7.234954833984375,14.578704833984377,12.70196533203125,10.79803466796875,35.39999961853027
1972-03-18 10:53:06,23.98275756835937,81.02410125732422,153.40982818603516,90.98484802246094,96.6999969482422,60.81814193725586,99.99276733398438,0.0,41.51163786302263,193689.0,13.89874267578125,12.10357666015625,14.2523193359375,8.322921752929688,35.39999961853027
1972-03-18 10:53:07,23.957239151000977,81.02410125732422,152.36817169189453,90.98484802246094,96.3000030517578,60.81814193725586,99.99276733398438,0.0,46.349077699418324,193689.0,10.4444580078125,12.457183837890623,8.214111328125,7.7789306640625,35.39999961853027
1972-03-18 10:53:08,23.952112197875977,80.96385955810547,152.5634765625,90.98484802246094,96.6999969482422,60.82175827026367,99.99276733398438,0.0,42.91438782494234,193689.0,6.69097900390625,10.5804443359375,14.714691162109377,10.852432250976562,35.39999961853027
1972-03-18 10:53:09,24.03081512451172,80.96385955810547,153.89810943603516,90.98484802246094,96.8000030517578,60.82175827026367,99.99276733398438,0.0,41.278892375213786,193689.0,13.21875,10.906829833984377,14.877899169921877,9.7100830078125,35.39999961853027
1972-03-18 10:53:10,24.165468215942383,80.96385955810547,153.96321868896484,90.98484802246094,97.1999969482422,60.81814193725586,99.99276733398438,0.0,42.16384726825847,193689.0,10.553253173828123,10.607635498046877,12.457183837890623,12.837966918945312,35.39999961853027
1972-03-18 10:53:11,24.2803897857666,81.02410125732422,152.54720306396484,90.98484802246094,97.79999542236328,60.82175827026367,99.99276733398438,0.0,39.58646446791444,193689.0,12.13079833984375,13.273162841796877,9.737274169921877,10.390045166015623,35.39999961853027
1972-03-18 10:53:12,24.33260536193848,81.02410125732422,153.18196868896484,90.98484802246094,97.0999984741211,60.82175827026367,99.99276733398438,0.0,42.202645028220324,193689.0,13.245956420898438,12.157989501953123,12.076385498046877,12.56597900390625,35.39999961853027
1972-03-18 10:53:13,24.351667404174805,81.08433532714844,153.09244537353516,90.98484802246094,96.3000030517578,60.82175827026367,99.99276733398438,0.0,45.09323742781062,193689.0,13.409149169921877,15.77545166015625,11.015625,9.356475830078123,35.39999961853027
1972-03-18 10:53:14,24.37094688415528,81.02410125732422,152.3112030029297,90.98484802246094,97.39999389648438,60.81814193725586,99.99276733398438,0.0,44.37146726699768,193689.0,15.041107177734377,10.1180419921875,10.471649169921877,9.7100830078125,35.39999961853027
1972-03-18 10:53:15,24.376644134521484,80.96385955810547,153.48307037353516,90.98484802246094,96.5,60.82175827026367,99.99276733398438,0.0,42.2716810029622,193689.0,12.892364501953123,11.287628173828123,13.327545166015623,12.7835693359375,35.39999961853027
1972-03-18 10:53:16,24.412084579467773,80.96385955810547,153.7190704345703,90.98484802246094,97.39999389648438,60.82175827026367,99.99276733398438,0.0,41.76123690645875,193689.0,15.421875,12.457183837890623,13.925933837890623,10.607635498046877,35.39999961853027
1972-03-18 10:53:17,24.464399337768555,80.96385955810547,153.15755462646484,90.98484802246094,97.1999969482422,60.82175827026367,99.99276733398438,0.0,41.228932362969445,193689.0,12.56597900390625,17.869781494140625,12.70196533203125,11.070022583007812,35.39999961853027
1972-03-18 10:53:18,24.470382690429688,81.02410125732422,152.6123046875,90.98484802246094,97.0,60.82175827026367,99.99276733398438,0.0,38.96966326430715,193689.0,8.59490966796875,13.028350830078123,9.546875,12.674774169921877,35.39999961853027
1972-03-18 10:53:19,24.40415000915528,81.02410125732422,152.60416412353516,90.98484802246094,96.8000030517578,60.82175827026367,99.99276733398438,0.0,43.018219037839025,193689.0,12.21240234375,8.5133056640625,12.130783081054688,10.770843505859377,35.39999961853027
1972-03-18 10:53:20,24.29428100585937,81.02410125732422,153.1168670654297,90.98484802246094,96.6999969482422,60.82175827026367,99.99276733398438,0.0,43.03343395722766,193689.0,10.553253173828123,17.135406494140625,12.348388671875,6.4461822509765625,35.39999961853027
1972-03-18 10:53:21,24.21918487548828,80.90361022949219,152.7994842529297,90.98484802246094,96.5,60.81814193725586,99.99276733398438,0.0,43.13967057988185,193689.0,7.28936767578125,11.39642333984375,13.164352416992188,13.273147583007812,35.39999961853027
1972-03-18 10:53:22,24.12787818908692,80.90361022949219,153.4423828125,90.98484802246094,98.0,60.81814193725586,99.99276733398438,0.0,40.90277595410007,193689.0,13.327545166015623,11.559600830078123,13.30035400390625,11.206024169921877,35.39999961853027
1972-03-18 10:53:23,24.08089828491211,80.96385955810547,153.8492889404297,90.98484802246094,97.0999984741211,60.81814193725586,99.99276733398438,0.0,44.354164637016105,193689.0,11.287628173828123,10.607635498046877,14.415496826171877,10.036468505859377,35.39999961853027
1972-03-18 10:53:24,24.047155380249023,81.02410125732422,152.3681640625,90.98484802246094,97.1999969482422,60.82175827026367,99.99276733398438,0.0,41.68754512642538,193689.0,9.05731201171875,16.292236328125,10.825225830078123,12.26678466796875,35.39999961853027
1972-03-18 10:53:25,23.98603057861328,81.08433532714844,152.734375,90.98484802246094,97.1999969482422,60.82175827026367,99.99276733398438,0.0,43.51640638990399,193689.0,11.668411254882812,11.260406494140623,14.197906494140623,9.410888671875,35.39999961853027
1972-03-18 10:53:26,23.87221336364746,80.96385955810547,153.02734375,90.98484802246094,96.4000015258789,60.82175827026367,99.99276733398438,0.0,45.186734329851234,193689.0,8.32293701171875,11.505218505859377,11.206024169921877,10.526046752929688,35.39999961853027
1972-03-18 10:53:27,23.79228973388672,80.90361022949219,153.76790618896484,90.98484802246094,97.0,60.81814193725586,99.99276733398438,0.0,44.06548213998832,193689.0,12.701980590820312,15.748260498046877,11.885986328125,13.21875,35.39999961853027
1972-03-18 10:53:28,23.735668182373047,80.90361022949219,151.8880157470703,90.98484802246094,95.9000015258789,60.82175827026367,99.99276733398438,0.0,44.362130660993614,193689.0,9.8460693359375,12.86517333984375,12.457183837890623,8.59490966796875,35.39999961853027
1972-03-18 10:53:29,23.71830368041992,81.02410125732422,152.6448516845703,90.98484802246094,96.8000030517578,60.81814193725586,99.99276733398438,0.0,45.74459241660504,193689.0,10.74365234375,15.911468505859377,9.954864501953123,7.452545166015625,35.39999961853027
1972-03-18 10:53:30,23.78122901916504,81.08433532714844,154.08528900146484,90.98484802246094,97.29999542236328,60.82175827026367,99.99276733398438,0.0,41.675562167569645,193689.0,13.273162841796877,11.66839599609375,14.633102416992188,15.367477416992188,35.39999961853027
1972-03-18 10:53:31,23.86569595336914,81.08433532714844,153.67838287353516,90.98484802246094,97.6999969482422,60.82175827026367,99.99276733398438,0.0,44.41388522100063,193689.0,11.015625,19.229736328125,12.457183837890623,8.948486328125,35.39999961853027
1972-03-18 10:53:32,23.92681884765625,80.96385955810547,152.392578125,90.98484802246094,96.5,60.82175827026367,99.99276733398438,0.0,40.609391541055615,193689.0,10.79803466796875,11.36920166015625,9.410888671875,10.118057250976562,35.39999961853027
1972-03-18 10:53:33,23.951152801513672,80.90361022949219,153.515625,90.98484802246094,98.0999984741211,60.82175827026367,99.99276733398438,0.0,40.65814758616142,193689.0,9.682891845703123,12.076385498046877,15.231475830078123,11.4508056640625,35.39999961853027
1972-03-18 10:53:34,23.98803329467773,80.96385955810547,152.7099609375,90.98484802246094,97.29999542236328,60.82175827026367,99.99276733398438,0.0,44.053747988929956,193689.0,13.925933837890623,16.97222900390625,8.948486328125,12.593170166015623,35.39999961853027
1972-03-18 10:53:35,24.05180931091309,81.08433532714844,153.23892974853516,90.98484802246094,96.5999984741211,60.82175827026367,99.99276733398438,0.0,41.82319264556317,193689.0,10.825241088867188,12.56597900390625,14.60589599609375,10.79803466796875,35.39999961853027
1972-03-18 10:53:36,24.18213081359864,81.14457702636719,153.4261016845703,90.98484802246094,97.0,60.81814193725586,99.99276733398438,0.0,42.33967863928581,193689.0,9.92767333984375,14.415496826171877,13.381942749023438,10.145263671875,35.39999961853027
1972-03-18 10:53:37,24.30158424377441,81.02410125732422,153.5888671875,90.98484802246094,96.8000030517578,60.82175827026367,99.99276733398438,0.0,41.60593175009649,193689.0,7.7789306640625,14.3883056640625,13.708343505859377,16.482635498046875,35.39999961853027
1972-03-18 10:53:38,24.37307357788086,80.90361022949219,152.98665618896484,90.98484802246094,98.0,60.82175827026367,99.99276733398438,0.0,40.420729646883714,193689.0,13.68115234375,18.223388671875,10.172454833984377,8.948486328125,35.39999961853027
1972-03-18 10:53:39,24.34524726867676,80.90361022949219,152.55533599853516,90.98484802246094,97.0,60.82175827026367,99.99276733398438,0.0,40.11900684750399,193689.0,6.500579833984375,16.15625,9.954864501953123,15.1226806640625,35.39999961853027
1972-03-18 10:53:40,24.290733337402344,81.02410125732422,152.21353912353516,90.98484802246094,97.39999389648438,60.82175827026367,99.99276733398438,0.0,40.32355429851107,193690.0,10.118072509765623,18.631378173828125,10.417236328125,11.641204833984377,35.39999961853027
1972-03-18 10:53:41,24.222286224365234,81.08433532714844,152.45767974853516,90.98484802246094,97.0999984741211,60.82175827026367,99.99276733398438,0.0,46.394571924115795,193690.0,10.52606201171875,10.553253173828123,13.925933837890623,9.492477416992188,35.39999961853027
1972-03-18 10:53:42,24.17244529724121,81.02410125732422,153.01920318603516,90.98484802246094,97.0,60.81814193725586,99.99276733398438,0.0,44.65644559047379,193690.0,13.137161254882812,13.028350830078123,13.028350830078123,8.59490966796875,35.39999961853027
1972-03-18 10:53:43,24.17085075378418,80.90361022949219,152.09146881103516,90.98484802246094,96.9000015258789,60.82175827026367,99.99276733398438,0.0,40.88105862724499,193690.0,13.844329833984377,10.906829833984377,11.777191162109377,11.423614501953123,35.39999961853027
1972-03-18 10:53:44,24.181385040283203,80.96385955810547,152.81575775146484,90.98484802246094,96.20000457763672,60.82175827026367,99.99276733398438,0.0,42.25710083838079,193690.0,9.383697509765623,16.50982666015625,14.30670166015625,10.93402099609375,35.39999961853027
1972-03-18 10:53:45,24.16614532470703,81.02410125732422,153.1656951904297,90.98484802246094,96.8000030517578,60.82175827026367,99.99276733398438,0.0,44.45822153398337,193690.0,7.07177734375,16.265045166015625,12.70196533203125,12.348388671875,35.39999961853027
1972-03-18 10:53:46,24.10435485839844,81.08433532714844,153.3203125,90.98484802246094,97.0999984741211,60.82175827026367,99.99276733398438,0.0,43.27292028944681,193690.0,12.56597900390625,17.081024169921875,10.93402099609375,12.7835693359375,35.39999961853027
1972-03-18 10:53:47,24.019006729125977,81.02410125732422,152.7425079345703,90.98484802246094,96.8000030517578,60.82175827026367,99.99276733398438,0.0,39.94332160950989,193690.0,11.042831420898438,14.361114501953123,8.89410400390625,11.994796752929688,35.39999961853027
1972-03-18 10:53:48,23.933618545532227,80.96385955810547,152.7506561279297,90.98484802246094,96.4000015258789,60.82175827026367,99.99276733398438,0.0,42.86040693462258,193690.0,9.79168701171875,12.973968505859377,15.93865966796875,9.356475830078123,35.39999961853027
1972-03-18 10:53:49,23.916824340820312,80.96385955810547,153.8818359375,90.98484802246094,96.3000030517578,60.81814193725586,99.99276733398438,0.0,43.288532840419215,193690.0,13.572357177734377,11.23321533203125,14.551513671875,10.988433837890623,35.39999961853027
1972-03-18 10:53:50,23.96502685546875,81.02410125732422,152.8889923095703,91.06060791015624,97.1999969482422,60.82175827026367,99.99276733398438,0.0,43.28692165975199,193690.0,12.837982177734377,14.089111328125,12.26678466796875,12.593170166015623,35.39999961853027
1972-03-18 10:53:51,24.0393009185791,81.02410125732422,153.31217193603516,91.06060791015624,96.5999984741211,60.82175827026367,99.99276733398438,0.0,43.260165158661664,193690.0,11.124420166015623,11.5867919921875,17.597808837890625,11.09722900390625,35.39999961853027
1972-03-18 10:53:52,24.04079818725586,80.96385955810547,153.271484375,90.98484802246094,96.9000015258789,60.82175827026367,99.99276733398438,0.0,43.31917062920263,193690.0,14.578704833984377,13.327545166015623,13.055557250976562,11.53240966796875,35.39999961853027
1972-03-18 10:53:53,24.01090812683105,80.96385955810547,152.7180938720703,90.98484802246094,96.5,60.82175827026367,99.99276733398438,0.0,42.365592890918805,193690.0,6.935760498046875,15.80267333984375,10.7164306640625,14.225128173828123,35.39999961853027
1972-03-18 10:53:54,24.005369186401367,80.96385955810547,153.0680389404297,90.98484802246094,97.89999389648438,60.82175827026367,99.99276733398438,0.0,40.40113900452473,193690.0,8.2413330078125,12.157989501953123,11.96759033203125,9.46527099609375,35.39999961853027
1972-03-18 10:53:55,24.03606986999512,81.02410125732422,152.58788299560547,90.98484802246094,97.5999984741211,60.82175827026367,99.99276733398438,0.0,40.54452375660251,193690.0,10.906829833984377,10.8524169921875,11.777191162109377,9.873260498046877,35.39999961853027
1972-03-18 10:53:56,24.13846969604492,81.02410125732422,151.87174224853516,90.98484802246094,96.8000030517578,60.82175827026367,99.99276733398438,0.0,40.13446941292766,193690.0,10.607650756835938,20.34490966796875,5.630218505859375,8.9757080078125,35.39999961853027
1972-03-18 10:53:57,24.215068817138672,80.96385955810547,152.4495391845703,90.98484802246094,96.9000015258789,60.82175827026367,99.99276733398438,0.0,39.89558093428705,193690.0,10.879638671875,8.785308837890625,12.946746826171877,12.022003173828123,35.39999961853027
1972-03-18 10:53:58,24.26253128051757,80.96385955810547,151.7985076904297,90.98484802246094,96.5999984741211,60.82175827026367,99.99276733398438,0.0,43.92973828026674,193690.0,11.423614501953123,16.020263671875,10.879638671875,6.3373870849609375,35.39999961853027
1972-03-18 10:53:59,24.230731964111328,80.96385955810547,153.05175018310547,90.98484802246094,97.5,60.82175827026367,99.99276733398438,0.0,39.18166604507189,193690.0,16.83624267578125,12.484375,14.796295166015623,13.572341918945312,35.39999961853027
1972-03-18 10:54:00,24.1849422454834,81.02410125732422,152.4983673095703,90.98484802246094,98.0,60.82175827026367,99.99276733398438,0.0,38.77800049290707,193690.0,4.5694580078125,13.708343505859377,13.13714599609375,9.410888671875,35.39999961853027
1972-03-18 10:54:01,24.14663887023925,81.08433532714844,152.35189056396484,90.98484802246094,97.79999542236328,60.82175827026367,99.99276733398438,0.0,42.1688494432729,193690.0,13.082763671875,12.620361328125,11.940399169921877,13.572341918945312,35.39999961853027
1972-03-18 10:54:02,24.12779998779297,81.08433532714844,152.4088592529297,90.98484802246094,96.5999984741211,60.82175827026367,99.99276733398438,0.0,44.97988207984938,193690.0,7.0445556640625,10.879638671875,12.348388671875,8.622100830078125,35.39999961853027
1972-03-18 10:54:03,24.16908836364746,80.96385955810547,151.82291412353516,90.98484802246094,97.1999969482422,60.82175827026367,99.99276733398438,0.0,42.13599324724188,193690.0,9.954864501953123,17.026611328125,8.948486328125,10.7164306640625,35.39999961853027
1972-03-18 10:54:04,24.15797996520996,80.90361022949219,152.83203125,90.98484802246094,96.6999969482422,60.82175827026367,99.99276733398438,0.0,41.890814898364795,193690.0,10.52606201171875,17.57061767578125,12.892364501953123,14.8507080078125,35.39999961853027
1972-03-18 10:54:05,24.089677810668945,80.96385955810547,152.76692962646484,90.98484802246094,96.4000015258789,60.82175827026367,99.99276733398438,0.0,43.88269443161557,193690.0,5.875,13.5179443359375,10.689239501953123,15.013885498046877,35.39999961853027
1972-03-18 10:54:06,24.043081283569336,81.02410125732422,151.9368438720703,90.98484802246094,96.9000015258789,60.82175827026367,99.99276733398438,0.0,41.904837484021854,193690.0,11.342025756835938,12.7835693359375,8.921295166015625,13.898727416992188,35.39999961853027
1972-03-18 10:54:07,23.996694564819336,80.96385955810547,152.70182037353516,90.98484802246094,96.20000457763672,60.82175827026367,99.99276733398438,0.0,44.77890903547275,193690.0,13.5179443359375,15.965850830078123,14.116317749023438,7.5069580078125,35.39999961853027
1972-03-18 10:54:08,24.006874084472656,80.96385955810547,153.0924530029297,90.98484802246094,97.1999969482422,60.82175827026367,99.99276733398438,0.0,41.397867209639266,193690.0,5.875,12.293975830078123,14.877899169921877,11.478012084960938,35.39999961853027
1972-03-18 10:54:09,24.04895782470703,81.02410125732422,152.88086700439453,90.98484802246094,97.1999969482422,60.82175827026367,99.99276733398438,0.0,42.70012586667174,193690.0,12.375579833984377,6.147003173828125,11.36920166015625,14.279510498046877,35.39999961853027
1972-03-18 10:54:10,24.09407615661621,81.08433532714844,151.94498443603516,90.98484802246094,97.0,60.82175827026367,99.99276733398438,0.0,43.07153524297165,193690.0,11.586822509765623,16.945037841796875,10.5804443359375,5.467010498046875,35.39999961853027
1972-03-18 10:54:11,24.068634033203125,81.02410125732422,152.14029693603516,90.98484802246094,96.9000015258789,60.82175827026367,99.99276733398438,0.0,40.29875973302261,193690.0,7.7789306640625,14.660308837890623,13.844329833984377,7.42535400390625,35.39999961853027
1972-03-18 10:54:12,24.029821395874023,80.96385955810547,152.1321563720703,90.98484802246094,96.9000015258789,60.82175827026367,99.99276733398438,0.0,44.385613356841866,193690.0,10.254058837890623,12.810760498046877,12.293975830078123,10.634841918945312,35.39999961853027
1972-03-18 10:54:13,23.985246658325195,80.90361022949219,151.74153900146484,90.98484802246094,97.5999984741211,60.82175827026367,99.99276733398438,0.0,43.87077684870758,193690.0,11.75,15.34027099609375,7.370941162109375,14.877899169921877,35.39999961853027
1972-03-18 10:54:14,23.96419143676757,80.96385955810547,152.99478912353516,90.98484802246094,96.5999984741211,60.81814193725586,99.99276733398438,0.0,46.18315215894637,193690.0,13.817138671875,15.693878173828123,15.149871826171877,7.2893524169921875,35.39999961853027
1972-03-18 10:54:15,23.995838165283203,81.02410125732422,152.38443756103516,90.98484802246094,97.0,60.82175827026367,99.99276733398438,0.0,43.39517317357578,193690.0,6.282989501953125,13.5179443359375,14.089111328125,11.994796752929688,35.39999961853027
1972-03-18 10:54:16,24.06581687927246,81.02410125732422,151.86360931396484,90.98484802246094,96.6999969482422,60.82175827026367,99.99276733398438,0.0,43.44756340421127,193690.0,10.335662841796877,14.197906494140623,9.220489501953123,10.634841918945312,35.39999961853027
1972-03-18 10:54:17,24.10770797729492,81.02410125732422,152.2135467529297,90.98484802246094,97.39999389648438,60.81814193725586,99.99276733398438,0.0,42.591509853883686,193690.0,12.86517333984375,15.421875,13.109954833984377,7.72454833984375,35.39999961853027
1972-03-18 10:54:18,24.09514617919922,80.96385955810547,152.41698455810547,90.98484802246094,96.6999969482422,60.82175827026367,99.99276733398438,0.0,41.90979898670096,193690.0,14.2523193359375,14.3883056640625,11.722808837890623,12.0491943359375,35.39999961853027
1972-03-18 10:54:19,24.10062026977539,81.02410125732422,152.2705078125,90.98484802246094,97.39999389648438,60.82175827026367,99.99276733398438,0.0,42.641214163147396,193690.0,10.906829833984377,14.1163330078125,8.59490966796875,15.149887084960938,35.39999961853027
1972-03-18 10:54:20,24.113845825195312,80.96385955810547,153.08431243896484,90.98484802246094,97.6999969482422,60.81814193725586,99.99276733398438,0.0,41.44230925600747,193690.0,12.973968505859377,17.516204833984375,15.612274169921877,9.873260498046877,35.39999961853027
1972-03-18 10:54:21,24.147985458374023,80.96385955810547,153.1901092529297,90.98484802246094,96.8000030517578,60.82175827026367,99.99276733398438,0.0,42.36837655451021,193690.0,9.954864501953123,13.844329833984377,14.877899169921877,12.674774169921877,35.39999961853027
1972-03-18 10:54:22,24.20070075988769,81.02410125732422,152.1240234375,90.98484802246094,96.6999969482422,60.82175827026367,99.99276733398438,0.0,42.290610039913666,193690.0,10.06365966796875,14.76910400390625,9.8460693359375,11.722808837890623,35.39999961853027
1972-03-18 10:54:23,24.261905670166016,80.96385955810547,152.0751953125,90.98484802246094,96.0,60.82175827026367,99.99276733398438,0.0,42.75029571015484,193690.0,12.6475830078125,11.477996826171877,12.647567749023438,10.49884033203125,35.39999961853027
1972-03-18 10:54:24,24.256053924560547,80.96385955810547,152.81575775146484,90.98484802246094,96.0,60.82175827026367,99.99276733398438,0.0,43.01512507747407,193690.0,8.785308837890625,15.2586669921875,13.545135498046877,10.308441162109377,35.39999961853027
1972-03-18 10:54:25,24.19490432739257,80.96385955810547,151.87989044189453,90.98484802246094,96.8000030517578,60.81814193725586,99.99276733398438,0.0,43.12116043565451,193690.0,13.980331420898438,13.028350830078123,9.383682250976562,11.09722900390625,35.39999961853027
1972-03-18 10:54:26,24.135929107666016,80.90361022949219,152.3030548095703,90.98484802246094,96.9000015258789,60.82175827026367,99.99276733398438,0.0,41.5964004141557,193690.0,9.05731201171875,10.689239501953123,15.8570556640625,9.9820556640625,35.39999961853027
1972-03-18 10:54:27,24.09039878845215,80.96385955810547,152.05892181396484,90.98484802246094,98.0,60.82175827026367,99.99276733398438,0.0,39.89061770232505,193690.0,11.042831420898438,13.490753173828123,13.708343505859377,9.46527099609375,35.39999961853027
1972-03-18 10:54:28,24.081802368164062,81.02410125732422,151.7496795654297,90.98484802246094,96.5999984741211,60.82175827026367,99.99276733398438,0.0,45.87165177652109,193690.0,11.342025756835938,14.2523193359375,13.626739501953123,8.2413330078125,35.39999961853027
1972-03-18 10:54:29,24.10972213745117,81.08433532714844,151.2451171875,90.98484802246094,96.5999984741211,60.82175827026367,99.99276733398438,0.0,42.23569650039026,193690.0,10.52606201171875,15.013885498046877,9.03009033203125,10.471649169921877,35.39999961853027
1972-03-18 10:54:30,24.11835289001465,81.08433532714844,152.54720306396484,90.98484802246094,97.79999542236328,60.82175827026367,99.99276733398438,0.0,40.092564683660996,193690.0,12.511581420898438,9.302093505859377,16.047454833984375,11.722808837890623,35.39999961853027
1972-03-18 10:54:31,24.065868377685547,80.96385955810547,152.0263671875,90.98484802246094,96.4000015258789,60.82175827026367,99.99276733398438,0.0,44.61241656988268,193690.0,7.262176513671875,18.957763671875,11.722808837890623,6.582183837890625,35.39999961853027
1972-03-18 10:54:32,23.98541259765625,80.96385955810547,152.0263671875,90.98484802246094,96.8000030517578,60.82175827026367,99.99276733398438,0.0,43.42278007046214,193690.0,7.5069580078125,15.177093505859377,6.69097900390625,8.59490966796875,35.39999961853027
1972-03-18 10:54:33,23.95678901672364,80.96385955810547,150.830078125,90.98484802246094,97.6999969482422,60.82175827026367,99.99276733398438,0.0,42.94389024046242,193690.0,12.239593505859377,15.829864501953123,9.383682250976562,11.3148193359375,35.39999961853027
1972-03-18 10:54:34,23.932334899902344,81.02410125732422,152.79947662353516,90.98484802246094,97.5999984741211,60.82175827026367,99.99276733398438,0.0,43.51140559712757,193690.0,13.409149169921877,10.036468505859377,13.327545166015623,10.825225830078123,35.39999961853027
1972-03-18 10:54:35,23.966371536254883,81.08433532714844,152.0751953125,90.98484802246094,96.5,60.82175827026367,99.99276733398438,0.0,40.29720409754466,193690.0,4.48785400390625,13.5179443359375,16.781829833984375,5.22222900390625,35.39999961853027
1972-03-18 10:54:36,24.02679252624512,81.02410125732422,151.57064056396484,90.98484802246094,97.1999969482422,60.81814193725586,99.99276733398438,0.0,41.391372314540355,193690.0,14.442718505859377,9.410888671875,10.662033081054688,9.92767333984375,35.39999961853027
1972-03-18 10:54:37,24.05974006652832,80.96385955810547,151.46484375,90.98484802246094,97.39999389648438,60.82175827026367,99.99276733398438,0.0,39.90275310437028,193690.0,10.634857177734377,12.10357666015625,13.409149169921877,13.109954833984377,35.39999961853027
1972-03-18 10:54:38,24.03912734985352,80.96385955810547,151.06607818603516,90.98484802246094,96.6999969482422,60.81814193725586,99.99276733398438,0.0,42.66861288351278,193690.0,12.375579833984377,18.11459350585937,11.124420166015623,7.479736328125,35.39999961853027
1972-03-18 10:54:39,24.04295539855957,81.02410125732422,152.1321563720703,90.98484802246094,96.6999969482422,60.82175827026367,99.99276733398438,0.0,41.07535750656086,193690.0,11.39642333984375,12.40277099609375,11.66839599609375,13.6539306640625,35.39999961853027
1972-03-18 10:54:40,24.052305221557617,80.96385955810547,151.0498046875,90.98484802246094,97.0999984741211,60.82175827026367,99.99276733398438,0.0,42.23068943053456,193690.0,10.74365234375,15.693878173828123,8.350112915039062,9.274887084960938,35.39999961853027
1972-03-18 10:54:41,24.1004695892334,80.96385955810547,151.8717498779297,90.98484802246094,96.5999984741211,60.82175827026367,99.99276733398438,0.0,42.29209414647693,193690.0,12.321197509765623,13.57232666015625,12.212371826171877,12.239593505859377,35.39999961853027
1972-03-18 10:54:42,24.17148399353028,81.02410125732422,151.953125,90.98484802246094,96.9000015258789,60.81814193725586,99.99276733398438,0.0,42.11721946001121,193690.0,13.68115234375,11.66839599609375,12.348388671875,8.921295166015625,35.39999961853027
1972-03-18 10:54:43,24.227516174316406,81.08433532714844,151.40787506103516,90.98484802246094,97.0999984741211,60.81814193725586,99.99276733398438,0.0,39.3789001523831,193690.0,10.716445922851562,11.858795166015623,10.93402099609375,9.084503173828123,35.39999961853027
1972-03-18 10:54:44,24.21158027648925,80.96385955810547,151.7578125,90.98484802246094,96.10000610351562,60.82175827026367,99.99276733398438,0.0,42.863286376440364,193690.0,12.239593505859377,17.679412841796875,13.082763671875,6.881378173828125,35.39999961853027
1972-03-18 10:54:45,24.15156936645508,80.90361022949219,153.14127349853516,90.98484802246094,97.5,60.82175827026367,99.99276733398438,0.0,41.02086519609507,193690.0,8.62213134765625,13.708343505859377,14.442718505859377,12.022003173828123,35.39999961853027
1972-03-18 10:54:46,24.1040096282959,80.96385955810547,151.806640625,90.98484802246094,96.9000015258789,60.82175827026367,99.99276733398438,0.0,43.017577843872374,193690.0,13.21875,12.56597900390625,8.59490966796875,10.28125,35.39999961853027
1972-03-18 10:54:47,24.04414367675781,80.96385955810547,152.86458587646484,90.98484802246094,97.89999389648438,60.81814193725586,99.99276733398438,0.0,40.49176324458658,193690.0,8.078125,14.089111328125,18.38656616210937,11.804397583007812,35.39999961853027
1972-03-18 10:54:48,24.056983947753903,81.02410125732422,151.8310546875,90.98484802246094,96.5,60.82175827026367,99.99276733398438,0.0,42.639438956716,193690.0,3.75347900390625,10.743621826171877,15.313079833984377,8.622100830078125,35.39999961853027
1972-03-18 10:54:49,24.09432411193848,81.08433532714844,151.8880157470703,90.98484802246094,96.5999984741211,60.82175827026367,99.99276733398438,0.0,41.64652636303653,193690.0,12.810775756835938,10.335662841796877,9.710067749023438,14.306716918945312,35.39999961853027
1972-03-18 10:54:50,24.11343574523925,80.96385955810547,151.84732818603516,90.98484802246094,96.8000030517578,60.82175827026367,99.99276733398438,0.0,42.90116050096562,193690.0,12.402786254882812,16.863433837890625,11.66839599609375,6.065399169921875,35.39999961853027
1972-03-18 10:54:51,24.06538200378418,80.96385955810547,153.0598907470703,90.98484802246094,96.9000015258789,60.81814193725586,99.99276733398438,0.0,44.44516873842997,193690.0,5.5758056640625,11.641204833984377,16.564239501953125,11.423614501953123,35.39999961853027
1972-03-18 10:54:52,24.03203010559082,80.96385955810547,152.1240234375,90.98484802246094,97.29999542236328,60.82175827026367,99.99276733398438,0.0,41.57406169430157,193690.0,15.122695922851562,10.879638671875,9.9820556640625,12.729171752929688,35.39999961853027
1972-03-18 10:54:53,24.00730323791504,80.96385955810547,151.57877349853516,90.98484802246094,97.29999542236328,60.81814193725586,99.99276733398438,0.0,41.94268993061826,193690.0,12.022003173828123,18.14178466796875,7.34375,7.99652099609375,35.39999961853027
1972-03-18 10:54:54,24.01274299621582,81.02410125732422,152.2623748779297,90.98484802246094,96.6999969482422,60.82175827026367,99.99276733398438,0.0,41.2284679893941,193690.0,8.59490966796875,13.327545166015623,14.143524169921877,10.308441162109377,35.39999961853027
1972-03-18 10:54:55,24.070741653442383,81.02410125732422,152.13216400146484,90.98484802246094,96.8000030517578,60.82175827026367,99.99276733398438,0.0,41.804429967953254,193690.0,6.527801513671875,8.9757080078125,14.17071533203125,13.762725830078123,35.39999961853027
1972-03-18 10:54:56,24.1392765045166,81.02410125732422,151.92057037353516,90.98484802246094,96.4000015258789,60.82175827026367,99.99276733398438,0.0,42.744114795803675,193690.0,13.21875,20.018524169921875,8.5133056640625,9.954864501953123,35.39999961853027
1972-03-18 10:54:57,24.155179977416992,81.02410125732422,152.21353912353516,90.98484802246094,96.5999984741211,60.82175827026367,99.99276733398438,0.0,43.04498048091359,193690.0,7.615753173828125,13.5179443359375,12.130783081054688,17.625,35.39999961853027
1972-03-18 10:54:58,24.1141300201416,80.96385955810547,152.880859375,90.98484802246094,96.8000030517578,60.82175827026367,99.99276733398438,0.0,41.99143643522465,193690.0,9.166107177734377,16.781829833984375,15.394683837890623,11.287628173828123,35.39999961853027
1972-03-18 10:54:59,24.07002639770508,80.96385955810547,152.5146484375,90.98484802246094,97.39999389648438,60.82175827026367,99.99276733398438,0.0,42.47890967608706,193690.0,11.99481201171875,12.946746826171877,12.348388671875,14.578704833984377,35.39999961853027
1972-03-18 10:55:00,24.04241180419922,80.96385955810547,151.89615631103516,90.98484802246094,97.0999984741211,60.82175827026367,99.99276733398438,0.0,43.061830293464226,193690.0,9.1116943359375,18.359375,15.77545166015625,8.59490966796875,35.39999961853027
1972-03-18 10:55:01,24.07819366455078,81.08433532714844,151.99380493164062,90.98484802246094,98.0,60.82175827026367,99.99276733398438,0.0,42.283157006530786,193690.0,13.082763671875,11.124420166015623,13.490737915039062,13.082763671875,35.39999961853027
1972-03-18 10:55:02,24.14869880676269,81.08433532714844,152.98665618896484,90.98484802246094,96.5,60.82175827026367,99.99276733398438,0.0,41.89910569358054,193690.0,10.498855590820312,14.089111328125,16.836227416992188,13.327545166015623,35.39999961853027
1972-03-18 10:55:03,24.19139862060547,80.96385955810547,152.06705474853516,90.98484802246094,96.8000030517578,60.82175827026367,99.99276733398438,0.0,42.52339706037722,193690.0,11.83160400390625,17.3258056640625,12.1851806640625,9.519683837890623,35.39999961853027
1972-03-18 10:55:04,24.166976928710938,80.96385955810547,153.3610076904297,90.98484802246094,97.29999542236328,60.82175827026367,99.99276733398438,0.0,41.94054239247585,193690.0,6.473388671875,15.06829833984375,16.401031494140625,17.40740966796875,35.39999961853027
1972-03-18 10:55:05,24.09772682189941,80.96385955810547,151.9775390625,90.98484802246094,96.6999969482422,60.82175827026367,99.99276733398438,0.0,41.82629419678366,193690.0,9.900482177734377,17.97857666015625,10.662033081054688,11.614013671875,35.39999961853027
1972-03-18 10:55:06,24.07131004333496,80.96385955810547,151.20442962646484,90.98484802246094,97.0999984741211,60.82175827026367,99.99276733398438,0.0,42.84161619308703,193690.0,8.3773193359375,11.53240966796875,11.178817749023438,11.3148193359375,35.39999961853027
1972-03-18 10:55:07,24.06461334228516,81.02410125732422,150.87891387939453,90.98484802246094,96.5,60.82175827026367,99.99276733398438,0.0,42.251296367982086,193690.0,8.921295166015625,17.7882080078125,8.404510498046875,11.260421752929688,35.39999961853027
1972-03-18 10:55:08,24.11496925354004,81.02410125732422,152.1321563720703,90.98484802246094,97.0999984741211,60.81814193725586,99.99276733398438,0.0,41.96999823383167,193690.0,14.007537841796877,14.578704833984377,15.04107666015625,8.9757080078125,35.39999961853027
1972-03-18 10:55:09,24.19514846801757,80.96385955810547,152.0751953125,90.98484802246094,97.0999984741211,60.82175827026367,99.99276733398438,0.0,40.44392177167361,193690.0,10.335662841796877,13.545135498046877,13.789932250976562,9.46527099609375,35.39999961853027
1972-03-18 10:55:10,24.21601867675781,81.02410125732422,151.01725006103516,90.98484802246094,96.8000030517578,60.82175827026367,99.99276733398438,0.0,41.95875038830615,193690.0,10.471649169921877,11.777191162109377,12.647567749023438,11.3148193359375,35.39999961853027
1972-03-18 10:55:11,24.15646743774414,80.96385955810547,153.3365936279297,90.98484802246094,97.29999542236328,60.82175827026367,99.99276733398438,0.0,42.162752055950335,193690.0,11.804412841796877,15.748260498046877,17.217010498046875,9.954864501953123,35.39999961853027
1972-03-18 10:55:12,24.107601165771484,80.96385955810547,151.8636016845703,90.98484802246094,96.6999969482422,60.81814193725586,99.99276733398438,0.0,43.94252343835423,193690.0,9.2476806640625,14.877899169921877,14.30670166015625,15.5850830078125,35.39999961853027
1972-03-18 10:55:13,24.07158088684082,81.02410125732422,152.1728515625,90.98484802246094,96.5,60.82175827026367,99.99276733398438,0.0,43.15289156694287,193690.0,10.22686767578125,14.2523193359375,11.695602416992188,13.21875,35.39999961853027
1972-03-18 10:55:14,24.061494827270508,81.08433532714844,152.2705078125,90.98484802246094,96.5,60.82175827026367,99.99276733398438,0.0,42.46996663457035,193690.0,11.124420166015623,14.46990966796875,10.390045166015623,15.20428466796875,35.39999961853027
1972-03-18 10:55:15,24.101491928100582,80.96385955810547,153.11685943603516,90.98484802246094,97.1999969482422,60.82175827026367,99.99276733398438,0.0,43.1120502704825,193690.0,6.69097900390625,18.767364501953125,15.666656494140623,10.308441162109377,35.39999961853027
1972-03-18 10:55:16,24.146085739135746,80.96385955810547,150.5208282470703,90.98484802246094,96.6999969482422,60.82175827026367,99.99276733398438,0.0,41.48116478190336,193690.0,10.06365966796875,12.7835693359375,8.404510498046875,9.492477416992188,35.39999961853027
1972-03-18 10:55:17,24.12974548339844,80.96385955810547,151.9612579345703,90.98484802246094,96.8000030517578,60.82175827026367,99.99276733398438,0.0,41.678485765796296,193690.0,12.022003173828123,10.66204833984375,10.308441162109377,12.26678466796875,35.39999961853027
1972-03-18 10:55:18,24.05693817138672,80.96385955810547,152.9134063720703,90.98484802246094,97.29999542236328,60.82175827026367,99.99276733398438,0.0,43.636617556627556,193690.0,9.32928466796875,14.143524169921877,16.15625,9.46527099609375,35.39999961853027
1972-03-18 10:55:19,24.023107528686523,81.02410125732422,151.31021881103516,90.98484802246094,97.0,60.82175827026367,99.99276733398438,0.0,43.027160164086986,193690.0,17.434616088867188,6.0382080078125,15.993057250976562,5.902191162109375,35.39999961853027
1972-03-18 10:55:20,24.00994300842285,81.02410125732422,149.853515625,91.06060791015624,97.0,60.82175827026367,99.99276733398438,0.0,42.20315090611191,193690.0,7.56134033203125,15.911468505859377,10.5804443359375,14.197921752929688,35.39999961853027
1972-03-18 10:55:21,24.063995361328125,80.96385955810547,151.91243743896484,90.98484802246094,97.89999389648438,60.81814193725586,99.99276733398438,0.0,41.617007031447166,193690.0,10.988433837890623,14.03472900390625,11.206024169921877,11.478012084960938,35.39999961853027
1972-03-18 10:55:22,24.14858627319336,80.96385955810547,152.9866485595703,90.98484802246094,97.6999969482422,60.82175827026367,99.99276733398438,0.0,43.63383286414286,193690.0,11.124420166015623,15.557861328125,16.537033081054688,13.245941162109377,35.39999961853027
1972-03-18 10:55:23,24.203893661499023,80.96385955810547,150.2360076904297,90.98484802246094,96.10000610351562,60.81814193725586,99.99276733398438,0.0,41.68300607471616,193690.0,9.873275756835938,17.434600830078125,8.29571533203125,8.567718505859375,35.39999961853027
1972-03-18 10:55:24,24.18528938293457,81.02410125732422,151.3427734375,90.98484802246094,96.8000030517578,60.82175827026367,99.99276733398438,0.0,40.774125305588136,193690.0,9.302093505859377,12.973968505859377,10.879638671875,10.254058837890623,35.39999961853027
1972-03-18 10:55:25,24.15256118774414,81.02410125732422,152.5960235595703,90.98484802246094,98.0,60.82175827026367,99.99276733398438,0.0,39.924784042325854,193690.0,13.327545166015623,15.666656494140623,12.756362915039062,12.511566162109377,35.39999961853027
1972-03-18 10:55:26,24.14260482788086,80.96385955810547,151.0660858154297,90.98484802246094,97.29999542236328,60.82175827026367,99.99276733398438,0.0,43.0764055619048,193690.0,15.557891845703123,14.17071533203125,11.178817749023438,11.994796752929688,35.39999961853027
1972-03-18 10:55:27,24.14020538330078,80.96385955810547,151.5462188720703,90.98484802246094,96.6999969482422,60.82175827026367,99.99276733398438,0.0,44.26820009133704,193690.0,10.00927734375,15.50347900390625,14.3883056640625,6.119796752929688,35.39999961853027
1972-03-18 10:55:28,24.17532730102539,81.02410125732422,151.34278106689453,90.98484802246094,97.5,60.82175827026367,99.99276733398438,0.0,38.36412397984857,193690.0,10.417266845703123,11.3148193359375,12.130783081054688,12.26678466796875,35.39999961853027
1972-03-18 10:55:29,24.223907470703125,81.08433532714844,151.57064056396484,90.98484802246094,97.0999984741211,60.82175827026367,99.99276733398438,0.0,41.81863922312411,193690.0,12.293991088867188,16.83624267578125,13.00115966796875,7.153350830078125,35.39999961853027
1972-03-18 10:55:30,24.226377487182617,81.02410125732422,152.05892181396484,90.98484802246094,96.4000015258789,60.82175827026367,99.99276733398438,0.0,46.23054270568611,193690.0,12.157989501953123,6.364593505859375,10.417236328125,12.56597900390625,35.39999961853027
1972-03-18 10:55:31,24.14594078063965,81.02410125732422,152.09146881103516,90.98484802246094,96.8000030517578,60.82175827026367,99.99276733398438,0.0,39.788614603172796,193690.0,8.02374267578125,13.0555419921875,17.352996826171875,12.40277099609375,35.39999961853027
1972-03-18 10:55:32,24.082950592041016,80.96385955810547,151.81478118896484,90.98484802246094,97.5999984741211,60.81814193725586,99.99276733398438,0.0,43.00669264292393,193690.0,12.837982177734377,12.538787841796877,11.96759033203125,10.009262084960938,35.39999961853027
1972-03-18 10:55:33,24.036884307861328,80.96385955810547,151.35904693603516,90.98484802246094,96.3000030517578,60.82175827026367,99.99276733398438,0.0,45.81924021504096,193690.0,8.3773193359375,16.129058837890625,11.66839599609375,11.559600830078123,35.39999961853027
1972-03-18 10:55:34,24.04573440551757,81.02410125732422,150.85448455810547,90.98484802246094,96.6999969482422,60.82175827026367,99.99276733398438,0.0,43.35232131001382,193690.0,8.350128173828125,13.00115966796875,11.614013671875,11.505218505859377,35.39999961853027
1972-03-18 10:55:35,24.09736633300781,80.96385955810547,152.7262420654297,90.98484802246094,97.1999969482422,60.82175827026367,99.99276733398438,0.0,42.724008149463835,193690.0,15.122695922851562,11.641204833984377,15.231475830078123,12.076385498046877,35.39999961853027
1972-03-18 10:55:36,24.148679733276367,81.02410125732422,152.9947967529297,90.98484802246094,96.9000015258789,60.81814193725586,99.99276733398438,0.0,43.61971075747364,193690.0,10.22686767578125,13.6539306640625,9.220489501953123,10.5804443359375,35.39999961853027
1972-03-18 10:55:37,24.14094352722168,81.02410125732422,150.81381225585938,90.98484802246094,96.3000030517578,60.82175827026367,99.99276733398438,0.0,43.72249920536831,193690.0,11.423614501953123,10.090850830078123,8.866897583007812,11.423614501953123,35.39999961853027
1972-03-18 10:55:38,24.077299118041992,80.96385955810547,151.09049224853516,90.98484802246094,96.9000015258789,60.82175827026367,99.99276733398438,0.0,42.76761633656248,193690.0,12.185195922851562,15.63946533203125,11.913192749023438,10.553253173828123,35.39999961853027
1972-03-18 10:55:39,24.029720306396484,80.96385955810547,151.1962890625,90.98484802246094,97.89999389648438,60.82175827026367,99.99276733398438,0.0,39.352650007215146,193690.0,7.42535400390625,19.773727416992188,16.319442749023438,8.8125,35.39999961853027
1972-03-18 10:55:40,24.0028018951416,81.02410125732422,150.7487030029297,90.98484802246094,96.8000030517578,60.82175827026367,99.99276733398438,0.0,41.54619674976465,193690.0,10.906829833984377,16.346649169921875,7.234954833984375,10.79803466796875,35.39999961853027
1972-03-18 10:55:41,24.025020599365234,81.02410125732422,152.2623748779297,90.98484802246094,97.5999984741211,60.82175827026367,99.99276733398438,0.0,42.3701585340778,193690.0,8.3773193359375,14.63311767578125,9.1116943359375,15.394683837890623,35.39999961853027
1972-03-18 10:55:42,24.093963623046875,81.02410125732422,151.08235931396484,90.98484802246094,96.9000015258789,60.81814193725586,99.99276733398438,0.0,39.21830379817381,193690.0,8.866912841796875,13.7899169921875,14.089111328125,8.2413330078125,35.39999961853027
1972-03-18 10:55:43,24.134315490722656,80.96385955810547,150.66732025146484,90.98484802246094,97.0999984741211,60.82175827026367,99.99276733398438,0.0,41.27116754701449,193690.0,11.450820922851562,11.015625,17.026611328125,9.546875,35.39999961853027
1972-03-18 10:55:44,24.0936336517334,80.96385955810547,152.01822662353516,90.98484802246094,97.39999389648438,60.82175827026367,99.99276733398438,0.0,44.833128839503914,193690.0,14.660308837890623,14.2523193359375,13.082763671875,8.73089599609375,35.39999961853027
1972-03-18 10:55:45,24.036348342895508,80.96385955810547,151.85547637939453,90.98484802246094,96.0,60.82175827026367,99.99276733398438,0.0,41.53096535946089,193690.0,10.825241088867188,8.078125,13.5179443359375,10.7164306640625,35.39999961853027
1972-03-18 10:55:46,23.991804122924805,80.96385955810547,151.46484375,90.98484802246094,96.20000457763672,60.82175827026367,99.99276733398438,0.0,46.139728022520764,193690.0,7.86053466796875,9.084503173828123,16.945022583007812,11.994796752929688,35.39999961853027
1972-03-18 10:55:47,23.97078895568848,81.02410125732422,151.416015625,90.98484802246094,97.29999542236328,60.82175827026367,99.99276733398438,0.0,40.24175846822586,193690.0,8.078125,16.67303466796875,7.207763671875,15.367477416992188,35.39999961853027
1972-03-18 10:55:48,24.011972427368164,80.96385955810547,150.8382110595703,90.98484802246094,96.6999969482422,60.82175827026367,99.99276733398438,0.0,42.342323957484474,193690.0,12.293991088867188,16.07464599609375,10.743621826171877,9.9820556640625,35.39999961853027
1972-03-18 10:55:49,24.07569694519043,80.96385955810547,151.35904693603516,90.98484802246094,97.29999542236328,60.82175827026367,99.99276733398438,0.0,41.00228494939909,193690.0,10.471649169921877,9.410888671875,11.260406494140623,11.124420166015623,35.39999961853027
1972-03-18 10:55:50,24.086145401000977,81.02410125732422,150.7975311279297,90.98484802246094,96.4000015258789,60.82175827026367,99.99276733398438,0.0,43.52118244131707,193690.0,10.036468505859377,18.549774169921875,9.1116943359375,9.410888671875,35.39999961853027
1972-03-18 10:55:51,24.02180862426757,81.02410125732422,151.8310546875,91.06060791015624,97.29999542236328,60.82175827026367,99.99276733398438,0.0,40.898289994573766,193690.0,14.76910400390625,14.3883056640625,12.892364501953123,10.553253173828123,35.39999961853027
1972-03-18 10:55:52,23.97684097290039,81.02410125732422,152.37630462646484,91.06060791015624,97.29999542236328,60.82175827026367,99.99276733398438,0.0,42.59881049450431,193690.0,6.82696533203125,8.2413330078125,16.945022583007812,8.29571533203125,35.39999961853027
1972-03-18 10:55:53,23.949350357055664,80.96385955810547,151.4811248779297,90.98484802246094,96.8000030517578,60.81814193725586,99.99276733398438,0.0,39.91474684894671,193690.0,15.20428466796875,8.322906494140625,12.457183837890623,13.082763671875,35.39999961853027
1972-03-18 10:55:54,24.00459671020508,80.96385955810547,151.52181243896484,90.98484802246094,96.5,60.82175827026367,99.99276733398438,0.0,46.51870305741878,193690.0,14.143524169921877,17.597808837890625,15.93865966796875,6.418975830078125,35.39999961853027
1972-03-18 10:55:55,24.08074188232422,81.02410125732422,150.91146087646484,90.98484802246094,96.9000015258789,60.82175827026367,99.99276733398438,0.0,41.087982458002394,193690.0,7.398162841796875,7.806121826171875,11.36920166015625,11.151611328125,35.39999961853027
1972-03-18 10:55:56,24.17637825012207,81.08433532714844,151.87174224853516,90.98484802246094,97.1999969482422,60.81814193725586,99.99276733398438,0.0,43.24027159727298,193690.0,8.32293701171875,14.551513671875,9.873260498046877,10.417236328125,35.39999961853027
1972-03-18 10:55:57,24.127864837646484,81.02410125732422,152.42513275146484,90.98484802246094,97.5,60.82175827026367,99.99276733398438,0.0,43.12040877631927,193690.0,16.020263671875,15.313079833984377,9.574066162109377,13.925933837890623,35.39999961853027
1972-03-18 10:55:58,24.06653594970703,81.02410125732422,152.25423431396484,90.98484802246094,96.6999969482422,60.81814193725586,99.99276733398438,0.0,44.330632069182286,193690.0,7.017364501953125,16.3194580078125,15.693862915039062,12.293975830078123,35.39999961853027
1972-03-18 10:55:59,24.05876922607422,80.90361022949219,151.57877349853516,90.98484802246094,97.0,60.82175827026367,99.99276733398438,0.0,43.21540577548708,193690.0,9.519683837890623,14.9866943359375,11.477996826171877,10.607635498046877,35.39999961853027
1972-03-18 10:56:00,24.08484649658203,80.90361022949219,152.69368743896484,90.98484802246094,96.6999969482422,60.82175827026367,99.99276733398438,0.0,41.37817258601853,193690.0,10.852447509765623,13.16436767578125,14.17071533203125,10.879638671875,35.39999961853027
1972-03-18 10:56:01,24.17585182189941,81.02410125732422,151.46484375,90.98484802246094,97.0999984741211,60.81814193725586,99.99276733398438,0.0,43.18168616932604,193690.0,12.185195922851562,13.953125,10.36285400390625,11.342010498046877,35.39999961853027
1972-03-18 10:56:02,24.253097534179688,81.08433532714844,151.45670318603516,90.98484802246094,96.9000015258789,60.82175827026367,99.99276733398438,0.0,42.6797452390794,193690.0,10.199661254882812,11.858795166015623,12.810760498046877,16.020263671875,35.39999961853027
1972-03-18 10:56:03,24.304187774658203,81.02410125732422,151.12303924560547,90.98484802246094,95.70000457763672,60.82175827026367,99.99276733398438,0.0,43.29811878364458,193690.0,7.697357177734375,16.999420166015625,12.293975830078123,13.844329833984377,35.39999961853027
1972-03-18 10:56:04,24.24416923522949,81.02410125732422,152.62044525146484,90.98484802246094,98.1999969482422,60.82175827026367,99.99276733398438,0.0,40.32129135821487,193690.0,12.484375,12.70196533203125,12.130783081054688,14.60589599609375,35.39999961853027
1972-03-18 10:56:05,24.17483901977539,80.96385955810547,151.4729766845703,90.98484802246094,98.0999984741211,60.82175827026367,99.99276733398438,0.0,39.580999698767094,193690.0,7.12615966796875,20.48089599609375,15.476272583007812,11.423614501953123,35.39999961853027
1972-03-18 10:56:06,24.0879020690918,80.90361022949219,152.05078125,90.98484802246094,97.6999969482422,60.82175827026367,99.99276733398438,0.0,41.060020438676126,193690.0,9.519683837890623,18.359375,13.43634033203125,10.770843505859377,35.39999961853027
1972-03-18 10:56:07,24.027223587036133,81.02410125732422,152.1484375,90.98484802246094,97.79999542236328,60.82175827026367,99.99276733398438,0.0,39.77985708711907,193690.0,11.287628173828123,11.83160400390625,13.245941162109377,15.095489501953123,35.39999961853027
1972-03-18 10:56:08,24.037761688232425,81.08433532714844,150.7731170654297,90.98484802246094,96.10000610351562,60.82175827026367,99.99276733398438,0.0,44.8325174506118,193690.0,8.2413330078125,19.03936767578125,10.526031494140623,6.6637725830078125,35.39999961853027
1972-03-18 10:56:09,24.13652229309082,81.08433532714844,152.0263671875,90.98484802246094,97.29999542236328,60.81814193725586,99.99276733398438,0.0,42.01804150290067,193690.0,11.614013671875,12.3211669921875,14.225112915039062,14.714691162109377,35.39999961853027
1972-03-18 10:56:10,24.156354904174805,80.96385955810547,151.57877349853516,90.98484802246094,96.5,60.82175827026367,99.99276733398438,0.0,42.59593520258017,193690.0,10.770843505859377,10.009246826171877,16.265045166015625,11.015625,35.39999961853027
1972-03-18 10:56:11,24.040342330932617,80.84336853027344,151.5869140625,90.98484802246094,97.39999389648438,60.81814193725586,99.99276733398438,0.0,43.204535632676546,193690.0,9.302093505859377,12.157989501953123,13.21875,13.327545166015623,35.39999961853027
1972-03-18 10:56:12,23.94802474975586,80.90361022949219,151.4485626220703,90.98484802246094,97.5999984741211,60.81814193725586,99.99276733398438,0.0,42.63134918732282,193690.0,6.282989501953125,16.754638671875,15.77545166015625,8.486114501953125,35.39999961853027
1972-03-18 10:56:13,23.87958335876465,81.08433532714844,150.6266326904297,90.98484802246094,96.8000030517578,60.82175827026367,99.99276733398438,0.0,42.73740462990601,193690.0,15.88427734375,11.260406494140623,13.409149169921877,10.145263671875,35.39999961853027
1972-03-18 10:56:14,23.886280059814453,81.08433532714844,151.171875,90.98484802246094,96.5999984741211,60.82175827026367,99.99276733398438,0.0,41.48196368526162,193690.0,11.3148193359375,15.04107666015625,11.641204833984377,13.13714599609375,35.39999961853027
1972-03-18 10:56:15,23.962188720703125,80.96385955810547,150.76497650146484,90.98484802246094,97.39999389648438,60.82175827026367,99.99276733398438,0.0,44.08003199531835,193690.0,8.730926513671875,13.245941162109377,10.335647583007812,7.99652099609375,35.39999961853027
1972-03-18 10:56:16,24.0555362701416,80.96385955810547,150.76497650146484,90.98484802246094,97.39999389648438,60.82175827026367,99.99276733398438,0.0,43.90897935613691,193690.0,8.730926513671875,13.245941162109377,10.335647583007812,7.99652099609375,35.39999961853027
1972-03-18 10:56:17,24.03219223022461,80.96385955810547,151.1311798095703,90.98484802246094,97.29999542236328,60.81814193725586,99.99276733398438,0.0,40.24198538229606,193690.0,13.191558837890623,15.36749267578125,10.118057250976562,15.476272583007812,35.39999961853027
1972-03-18 10:56:18,23.99902534484864,80.96385955810547,151.1311798095703,90.98484802246094,97.39999389648438,60.81814193725586,99.99276733398438,0.0,40.30043947891979,193690.0,13.191558837890623,15.36749267578125,10.118057250976562,15.476272583007812,35.39999961853027
1972-03-18 10:56:19,24.02210807800293,81.02410125732422,152.32747650146484,90.98484802246094,98.0,60.82175827026367,99.99276733398438,0.0,40.06512349078007,193690.0,5.467010498046875,13.817138671875,15.7210693359375,9.954864501953123,35.39999961853027
1972-03-18 10:56:20,24.09119415283203,81.02410125732422,152.32747650146484,90.98484802246094,98.0,60.82175827026367,99.99276733398438,0.0,39.950229139675606,193690.0,5.467010498046875,13.817138671875,15.7210693359375,9.954864501953123,35.39999961853027
1972-03-18 10:56:21,24.09119415283203,81.02410125732422,150.22786712646484,90.98484802246094,97.5,60.82175827026367,99.99276733398438,0.0,42.8977569298482,193690.0,11.641204833984377,14.823486328125,11.804397583007812,11.614013671875,35.39999961853027
1972-03-18 10:56:22,24.211668014526367,80.96385955810547,150.0,90.98484802246094,95.9000015258789,60.81814193725586,99.99276733398438,0.0,41.9165826038943,193690.0,7.72454833984375,15.34027099609375,10.553237915039062,8.268524169921875,35.39999961853027
1972-03-18 10:56:23,24.37179374694824,81.02410125732422,150.39876556396484,90.98484802246094,97.5999984741211,60.82175827026367,99.99276733398438,0.0,39.96817231771351,193690.0,8.050933837890625,12.810760498046877,13.354736328125,10.526046752929688,35.39999961853027
1972-03-18 10:56:24,24.449966430664062,80.96385955810547,151.12303924560547,90.98484802246094,97.39999389648438,60.81814193725586,99.99276733398438,0.0,41.55769601018003,193690.0,9.05731201171875,15.177093505859377,8.268524169921875,10.226852416992188,35.39999961853027
1972-03-18 10:56:25,24.45634078979492,80.96385955810547,151.54622650146484,90.98484802246094,96.8000030517578,60.81814193725586,99.99276733398438,0.0,41.67555645434633,193690.0,8.703704833984375,16.047454833984375,9.710067749023438,7.914932250976562,35.39999961853027
1972-03-18 10:56:26,24.42733764648437,81.02410125732422,151.4973907470703,90.98484802246094,96.3000030517578,60.81814193725586,99.99276733398438,0.0,40.585391224771534,193690.0,7.697357177734375,12.538787841796877,11.66839599609375,5.6030120849609375,35.39999961853027
1972-03-18 10:56:27,24.380889892578125,81.02410125732422,150.85448455810547,90.98484802246094,97.5,60.82175827026367,99.99276733398438,0.0,41.500213649671494,193690.0,12.484375,9.873260498046877,11.260406494140623,10.526046752929688,35.39999961853027
1972-03-18 10:56:28,24.3834285736084,80.96385955810547,151.16373443603516,90.98484802246094,97.0,60.82175827026367,99.99276733398438,0.0,41.068615549557926,193690.0,12.620391845703123,14.3883056640625,9.438079833984377,10.79803466796875,35.39999961853027
1972-03-18 10:56:29,24.427881240844727,80.90361022949219,150.2034454345703,90.98484802246094,97.0,60.82175827026367,99.99276733398438,0.0,40.94665480358969,193690.0,11.151641845703123,13.028350830078123,12.484375,7.751739501953125,35.39999961853027
1972-03-18 10:56:30,24.45120620727539,80.96385955810547,151.59505462646484,90.98484802246094,97.79999542236328,60.82175827026367,99.99276733398438,0.0,40.71519455478438,193690.0,15.530670166015623,8.9757080078125,14.850692749023438,11.287628173828123,35.39999961853027
1972-03-18 10:56:31,24.407865524291992,81.02410125732422,151.4892578125,90.98484802246094,96.6999969482422,60.81814193725586,99.99276733398438,0.0,41.78663052832707,193690.0,11.3148193359375,14.660308837890623,12.076385498046877,15.421875,35.39999961853027
1972-03-18 10:56:32,24.2618350982666,81.02410125732422,150.927734375,90.98484802246094,96.4000015258789,60.81814193725586,99.99276733398438,0.0,42.235118047381214,193690.0,7.3709716796875,14.442718505859377,12.70196533203125,10.36285400390625,35.39999961853027
1972-03-18 10:56:33,24.14033508300781,81.02410125732422,150.4150390625,90.98484802246094,97.1999969482422,60.82175827026367,99.99276733398438,0.0,41.345344774948636,193690.0,14.578704833984377,10.553253173828123,10.553237915039062,12.70196533203125,35.39999961853027
1972-03-18 10:56:34,23.98636245727539,80.96385955810547,150.96028900146484,90.98484802246094,97.79999542236328,60.81814193725586,99.99276733398438,0.0,39.9083661093459,193690.0,10.471649169921877,18.1961669921875,8.758102416992188,13.245941162109377,35.39999961853027
1972-03-18 10:56:35,23.933305740356445,80.90361022949219,151.0009765625,90.98484802246094,95.70000457763672,60.82175827026367,99.99276733398438,0.0,46.29453014019427,193690.0,14.061920166015623,14.442718505859377,11.83160400390625,8.404510498046875,35.39999961853027
1972-03-18 10:56:36,23.92013359069824,80.90361022949219,152.04264068603516,90.98484802246094,96.4000015258789,60.81814193725586,99.99276733398438,0.0,44.042150016438036,193690.0,13.30035400390625,14.551513671875,13.6539306640625,14.061920166015623,35.39999961853027
1972-03-18 10:56:37,23.90437889099121,81.02410125732422,151.20442962646484,90.98484802246094,97.79999542236328,60.81814193725586,99.99276733398438,0.0,41.89418619765018,193690.0,18.30499267578125,13.681121826171877,12.973968505859377,14.3883056640625,35.39999961853027
1972-03-18 10:56:38,23.815261840820312,81.08433532714844,151.7740936279297,90.98484802246094,97.1999969482422,60.82175827026367,99.99276733398438,0.0,42.09533747085549,193690.0,11.75,15.93865966796875,19.365737915039062,9.62847900390625,35.39999961853027
1972-03-18 10:56:39,23.737380981445312,81.02410125732422,150.87890625,90.98484802246094,97.0999984741211,60.81814193725586,99.99276733398438,0.0,43.89397932893775,193690.0,10.417266845703123,10.689239501953123,12.946746826171877,10.28125,35.39999961853027
1972-03-18 10:56:40,23.67265510559082,80.96385955810547,151.0172576904297,90.98484802246094,96.5,60.82175827026367,99.99276733398438,0.0,41.5289729374604,193690.0,10.906829833984377,15.313079833984377,15.231475830078123,9.76446533203125,35.39999961853027
1972-03-18 10:56:41,23.671417236328125,80.90361022949219,151.61946868896484,90.98484802246094,97.0,60.82175827026367,99.99276733398438,0.0,44.202189250514074,193690.0,12.0491943359375,16.50982666015625,11.36920166015625,9.19329833984375,35.39999961853027
1972-03-18 10:56:42,23.74124526977539,81.02410125732422,150.8463592529297,90.98484802246094,97.29999542236328,60.82175827026367,99.99276733398438,0.0,41.818687581594325,193690.0,8.89410400390625,10.308441162109377,15.013885498046877,11.885986328125,35.39999961853027
1972-03-18 10:56:43,23.894914627075195,81.02410125732422,151.0904998779297,90.98484802246094,96.5,60.81814193725586,99.99276733398438,0.0,43.94750234617891,193690.0,10.417266845703123,16.5914306640625,10.770843505859377,11.260421752929688,35.39999961853027
1972-03-18 10:56:44,24.000776290893555,81.02410125732422,151.13118743896484,90.98484802246094,97.0999984741211,60.81814193725586,99.99276733398438,0.0,41.421902599783095,193690.0,13.46356201171875,12.13079833984375,8.186920166015625,16.15625,35.39999961853027
1972-03-18 10:56:45,24.031827926635746,81.02410125732422,150.830078125,90.98484802246094,96.8000030517578,60.81814193725586,99.99276733398438,0.0,42.406910092932314,193690.0,7.316558837890625,16.15625,10.743621826171877,9.76446533203125,35.39999961853027
1972-03-18 10:56:46,24.081892013549805,80.96385955810547,150.56966400146484,90.98484802246094,96.6999969482422,60.82175827026367,99.99276733398438,0.0,44.909183597742,193690.0,13.109954833984377,13.73553466796875,7.452545166015625,12.429977416992188,35.39999961853027
1972-03-18 10:56:47,24.142946243286133,80.96385955810547,152.54720306396484,90.98484802246094,96.9000015258789,60.82175827026367,99.99276733398438,0.0,41.674386983515454,193690.0,7.6429443359375,16.23785400390625,10.145263671875,9.954864501953123,35.39999961853027
1972-03-18 10:56:48,24.235824584960938,80.90361022949219,150.61034393310547,90.98484802246094,97.0999984741211,60.81814193725586,99.99276733398438,0.0,42.82006330277482,193690.0,11.206024169921877,11.1788330078125,9.791656494140623,13.354736328125,35.39999961853027
1972-03-18 10:56:49,24.33381462097168,80.96385955810547,150.82193756103516,90.98484802246094,96.5999984741211,60.82175827026367,99.99276733398438,0.0,43.98355712491536,193690.0,13.409149169921877,12.511566162109377,14.823486328125,8.785308837890625,35.39999961853027
1972-03-18 10:56:50,24.43491172790528,81.08433532714844,151.4892578125,90.98484802246094,96.5999984741211,60.82175827026367,99.99276733398438,0.0,40.95402574566984,193690.0,10.906829833984377,9.655670166015623,8.5133056640625,9.138885498046877,35.39999961853027
1972-03-18 10:56:51,24.422191619873047,81.08433532714844,152.14029693603516,90.98484802246094,96.6999969482422,60.82175827026367,99.99276733398438,0.0,44.03259313188062,193690.0,12.13079833984375,9.16607666015625,16.890625,10.226852416992188,35.39999961853027
1972-03-18 10:56:52,24.352258682250977,81.02410125732422,150.537109375,90.98484802246094,97.1999969482422,60.81814193725586,99.99276733398438,0.0,41.6940984274488,193690.0,11.505218505859377,12.9195556640625,14.524307250976562,10.28125,35.39999961853027
1972-03-18 10:56:53,24.267581939697266,80.96385955810547,151.416015625,90.98484802246094,96.9000015258789,60.82175827026367,99.99276733398438,0.0,41.680092244075034,193690.0,8.3773193359375,14.03472900390625,14.089111328125,13.21875,35.39999961853027
1972-03-18 10:56:54,24.175518035888672,80.96385955810547,150.98470306396484,90.98484802246094,97.0,60.81814193725586,99.99276733398438,0.0,43.130253301516206,193690.0,13.082763671875,12.83795166015625,13.6539306640625,12.212387084960938,35.39999961853027
1972-03-18 10:56:55,24.14119338989257,80.96385955810547,151.7008514404297,90.98484802246094,97.1999969482422,60.81814193725586,99.99276733398438,0.0,41.67600860492484,193690.0,10.634857177734377,15.7210693359375,13.817138671875,12.0491943359375,35.39999961853027
1972-03-18 10:56:56,24.18353843688965,81.02410125732422,151.54622650146484,90.98484802246094,97.1999969482422,60.82175827026367,99.99276733398438,0.0,42.63645094513121,193690.0,11.042831420898438,15.04107666015625,13.490737915039062,8.540512084960938,35.39999961853027
1972-03-18 10:56:57,24.196462631225582,81.02410125732422,150.59407806396484,90.98484802246094,96.10000610351562,60.81814193725586,99.99276733398438,0.0,43.5979777572213,193690.0,10.716445922851562,18.032989501953125,12.40277099609375,11.342010498046877,35.39999961853027
1972-03-18 10:56:58,24.10716819763184,81.02410125732422,150.21973419189453,90.98484802246094,96.6999969482422,60.81814193725586,99.99276733398438,0.0,42.123177372057924,193690.0,7.914947509765625,11.83160400390625,13.082763671875,11.53240966796875,35.39999961853027
1972-03-18 10:56:59,23.97333335876465,81.02410125732422,150.6510467529297,90.98484802246094,96.10000610351562,60.82175827026367,99.99276733398438,0.0,42.71597274263022,193690.0,12.837982177734377,17.24420166015625,9.32928466796875,9.438079833984377,35.39999961853027
1972-03-18 10:57:00,23.871789932250977,80.96385955810547,151.1311798095703,91.06060791015624,97.0999984741211,60.82175827026367,99.99276733398438,0.0,41.310531825924464,193690.0,8.2413330078125,15.149871826171877,12.647567749023438,15.313079833984377,35.42500019073486
1972-03-18 10:57:01,23.833511352539062,80.96385955810547,150.6673126220703,90.98484802246094,97.39999389648438,60.81814193725586,99.99276733398438,0.0,43.813696618912346,193690.0,13.3819580078125,15.50347900390625,10.36285400390625,11.042816162109377,35.42500019073486
1972-03-18 10:57:02,23.88346672058105,81.02410125732422,152.18911743164062,90.98484802246094,97.0,60.81814193725586,99.99276733398438,0.0,44.20538963401073,193690.0,10.988433837890623,12.42999267578125,18.223388671875,11.53240966796875,35.39999961853027
1972-03-18 10:57:03,23.971574783325195,81.02410125732422,151.4078826904297,90.98484802246094,97.0999984741211,60.82175827026367,99.99276733398438,0.0,40.81151588927093,193690.0,12.375579833984377,11.66839599609375,8.050933837890625,11.9132080078125,35.42500019073486
1972-03-18 10:57:04,24.025060653686523,80.96385955810547,150.4150390625,90.98484802246094,96.5,60.82175827026367,99.99276733398438,0.0,40.91401106584913,193690.0,10.934036254882812,11.09722900390625,14.46990966796875,12.484375,35.42500019073486
1972-03-18 10:57:05,23.991622924804688,80.90361022949219,150.8463592529297,90.98484802246094,96.4000015258789,60.82175827026367,99.99276733398438,0.0,42.36905414945478,193690.0,13.817138671875,17.70660400390625,10.63482666015625,8.948486328125,35.42500019073486
1972-03-18 10:57:06,24.005809783935547,80.96385955810547,151.70899200439453,90.98484802246094,97.0999984741211,60.82175827026367,99.99276733398438,0.0,42.960749590933005,193690.0,6.7725830078125,11.09722900390625,9.32928466796875,10.553253173828123,35.39999961853027
1972-03-18 10:57:07,24.036029815673828,81.02410125732422,151.43228912353516,90.98484802246094,97.39999389648438,60.82175827026367,99.99276733398438,0.0,41.841938795737306,193690.0,10.335662841796877,13.980316162109377,12.429977416992188,10.118057250976562,35.42500019073486
1972-03-18 10:57:08,24.08226776123047,81.02410125732422,151.67642974853516,90.98484802246094,96.5999984741211,60.82175827026367,99.99276733398438,0.0,42.59649633725338,193690.0,13.00115966796875,13.490753173828123,11.423614501953123,15.095489501953123,35.42500019073486
1972-03-18 10:57:09,24.152076721191406,80.96385955810547,151.69271087646484,90.98484802246094,97.1999969482422,60.81814193725586,99.99276733398438,0.0,40.6531691959436,193690.0,9.737274169921877,13.980316162109377,16.346649169921875,14.089111328125,35.42500019073486
1972-03-18 10:57:10,24.235301971435547,80.96385955810547,150.16275787353516,90.98484802246094,97.5999984741211,60.82175827026367,99.99276733398438,0.0,39.82950837373462,193690.0,12.620391845703123,11.53240966796875,11.804397583007812,14.17071533203125,35.42500019073486
1972-03-18 10:57:11,24.22610664367676,80.96385955810547,150.146484375,90.98484802246094,96.10000610351562,60.82175827026367,99.99276733398438,0.0,42.552156732885045,193690.0,11.342025756835938,16.83624267578125,12.457183837890623,12.13079833984375,35.42500019073486
1972-03-18 10:57:12,24.187145233154297,81.02410125732422,151.18001556396484,90.98484802246094,96.5999984741211,60.82175827026367,99.99276733398438,0.0,44.48655755881028,193690.0,10.607650756835938,14.60589599609375,14.877899169921877,11.342010498046877,35.42500019073486
1972-03-18 10:57:13,24.13200569152832,80.96385955810547,151.0416717529297,90.98484802246094,97.1999969482422,60.82175827026367,99.99276733398438,0.0,43.90901667791511,193690.0,15.340286254882812,12.375579833984377,12.157989501953123,13.490753173828123,35.42500019073486
1972-03-18 10:57:14,24.089672088623047,80.96385955810547,151.91243743896484,90.98484802246094,96.5,60.82175827026367,99.99276733398438,0.0,44.774323935072935,193690.0,9.982070922851562,13.327545166015623,9.927658081054688,13.681137084960938,35.42500019073486
1972-03-18 10:57:15,24.096168518066406,80.96385955810547,153.80859375,90.98484802246094,97.1999969482422,60.82175827026367,99.99276733398438,0.0,42.35143800542881,193690.0,10.852447509765623,13.57232666015625,16.537033081054688,13.21875,35.42500019073486
1972-03-18 10:57:16,24.165843963623047,81.02410125732422,153.0517578125,90.98484802246094,97.6999969482422,60.82175827026367,99.99276733398438,0.0,42.556488855206155,193690.0,9.49249267578125,13.844329833984377,12.1851806640625,16.618637084960938,35.42500019073486
1972-03-18 10:57:17,24.208852767944336,81.08433532714844,153.45052337646484,90.98484802246094,97.5999984741211,60.82175827026367,99.99276733398438,0.0,41.84771561526017,193690.0,6.85418701171875,20.100128173828125,12.40277099609375,13.87152099609375,35.42500019073486
1972-03-18 10:57:18,24.148555755615234,81.02410125732422,152.9541015625,90.98484802246094,96.20000457763672,60.82175827026367,99.99276733398438,0.0,44.98500015559841,193690.0,9.764480590820312,14.714691162109377,12.130783081054688,10.335647583007812,35.42500019073486
1972-03-18 10:57:19,24.093564987182617,80.96385955810547,154.54915618896484,90.98484802246094,96.4000015258789,60.82175827026367,99.99276733398438,0.0,42.37956479778644,193691.0,9.682891845703123,16.183441162109375,10.906829833984377,11.4508056640625,35.42500019073486
1972-03-18 10:57:20,24.042335510253903,80.90361022949219,154.6549530029297,90.98484802246094,97.0999984741211,60.82175827026367,99.99276733398438,0.0,45.22378189857636,193691.0,13.16436767578125,14.741912841796877,10.7164306640625,12.892364501953123,35.42500019073486
1972-03-18 10:57:21,24.04998588562012,81.02410125732422,155.01302337646484,90.98484802246094,97.39999389648438,60.82175827026367,99.99276733398438,0.0,40.04885392865274,193691.0,8.214141845703125,16.67303466796875,15.449066162109377,9.2476806640625,35.42500019073486
1972-03-18 10:57:22,24.09209251403809,81.08433532714844,156.3720703125,90.98484802246094,97.6999969482422,60.82175827026367,99.99276733398438,0.0,41.332264049442664,193691.0,11.777206420898438,13.463531494140623,12.076385498046877,13.164352416992188,35.42500019073486
1972-03-18 10:57:23,24.18359375,81.02410125732422,155.72103118896484,90.98484802246094,97.1999969482422,60.82175827026367,99.99276733398438,0.0,42.11981464398926,193691.0,10.716445922851562,12.157989501953123,10.988433837890623,12.076385498046877,35.42500019073486
1972-03-18 10:57:24,24.19489479064941,80.96385955810547,155.8024139404297,90.98484802246094,95.8000030517578,60.82175827026367,99.99276733398438,0.0,43.410497029860174,193691.0,7.6429443359375,17.135406494140625,9.03009033203125,10.308441162109377,35.42500019073486
1972-03-18 10:57:25,24.13302421569824,80.96385955810547,158.28450775146484,90.98484802246094,97.6999969482422,60.82175827026367,99.99276733398438,0.0,42.70957739699692,193691.0,8.785308837890625,14.46990966796875,12.7835693359375,16.020263671875,35.42500019073486
1972-03-18 10:57:26,24.06415367126465,81.02410125732422,157.2428436279297,90.98484802246094,96.8000030517578,60.82175827026367,99.99276733398438,0.0,42.19484665653764,193691.0,16.890625,12.56597900390625,11.83160400390625,8.540512084960938,35.42500019073486
1972-03-18 10:57:27,24.020994186401367,80.96385955810547,158.60189056396484,90.98484802246094,96.20000457763672,60.82175827026367,99.99276733398438,0.0,46.35849245973394,193691.0,4.5694580078125,14.442718505859377,13.925933837890623,10.743637084960938,35.42500019073486
1972-03-18 10:57:28,24.04023170471192,80.96385955810547,157.6090545654297,90.98484802246094,97.89999389648438,60.82175827026367,99.99276733398438,0.0,42.59526547315713,193691.0,12.538787841796877,13.5179443359375,8.404510498046875,11.885986328125,35.42500019073486
1972-03-18 10:57:29,24.10666847229004,81.02410125732422,158.1624298095703,90.98484802246094,97.39999389648438,60.81814193725586,99.99276733398438,0.0,42.892577457878446,193691.0,13.028366088867188,17.815399169921875,12.83795166015625,10.79803466796875,35.42500019073486
1972-03-18 10:57:30,24.18673515319824,80.96385955810547,159.0494842529297,90.98484802246094,96.4000015258789,60.81814193725586,99.99276733398438,0.0,46.19644596975826,193691.0,8.268524169921875,15.884246826171877,12.946746826171877,11.586807250976562,35.45000076293945
1972-03-18 10:57:31,24.177143096923828,81.02410125732422,157.01497650146484,90.98484802246094,97.5,60.82175827026367,99.99276733398438,0.0,41.451307713778064,193691.0,11.940399169921877,6.147003173828125,13.191558837890623,14.46990966796875,35.42500019073486
1972-03-18 10:57:32,24.129314422607425,80.96385955810547,156.79524993896484,90.98484802246094,96.5999984741211,60.81814193725586,99.99276733398438,0.0,42.792882691959576,193691.0,13.327545166015623,17.24420166015625,11.940399169921877,6.554977416992188,35.42500019073486
1972-03-18 10:57:33,24.087438583374023,81.02410125732422,157.080078125,90.98484802246094,96.10000610351562,60.81814193725586,99.99276733398438,0.0,45.633634907003895,193691.0,9.900482177734377,13.980316162109377,12.130783081054688,15.530670166015623,35.42500019073486
1972-03-18 10:57:34,24.05592918395996,80.96385955810547,155.9895782470703,90.98484802246094,96.6999969482422,60.81814193725586,99.99276733398438,0.0,43.74557427767561,193691.0,6.33740234375,12.10357666015625,12.593170166015623,6.4461822509765625,35.45000076293945
1972-03-18 10:57:35,24.074586868286133,80.96385955810547,156.72200775146484,90.98484802246094,96.5,60.81814193725586,99.99276733398438,0.0,44.52269371844452,193691.0,10.634857177734377,15.36749267578125,7.833343505859375,10.825225830078123,35.42500019073486
1972-03-18 10:57:36,24.12912940979004,81.02410125732422,158.21126556396484,90.98484802246094,97.1999969482422,60.82175827026367,99.99276733398438,0.0,42.965066356863495,193691.0,13.572357177734377,13.708343505859377,16.727432250976562,13.245941162109377,35.42500019073486
1972-03-18 10:57:37,24.15501976013184,81.02410125732422,156.45345306396484,90.98484802246094,97.1999969482422,60.82175827026367,99.99276733398438,0.0,42.99252529988699,193691.0,11.83160400390625,14.007537841796877,13.599533081054688,4.92303466796875,35.42500019073486
1972-03-18 10:57:38,24.081764221191406,81.02410125732422,156.9173126220703,90.98484802246094,98.0,60.82175827026367,99.99276733398438,0.0,39.54822490174865,193691.0,11.233230590820312,10.4444580078125,9.057281494140623,7.452545166015625,35.45000076293945
1972-03-18 10:57:39,24.010189056396484,80.96385955810547,157.7880859375,90.98484802246094,97.0999984741211,60.81814193725586,99.99276733398438,0.0,42.881054830955904,193691.0,9.601287841796877,15.530670166015623,17.679397583007812,7.153350830078125,35.42500019073486
1972-03-18 10:57:40,23.94391250610352,80.96385955810547,155.76171875,90.98484802246094,96.20000457763672,60.82175827026367,99.99276733398438,0.0,43.00586290395687,193691.0,12.157989501953123,9.9820556640625,9.76446533203125,13.59954833984375,35.42500019073486
1972-03-18 10:57:41,23.92641830444336,81.02410125732422,155.1188201904297,90.98484802246094,96.5,60.81814193725586,99.99276733398438,0.0,45.2841368860236,193691.0,8.921295166015625,14.823486328125,8.43170166015625,12.157989501953123,35.42500019073486
1972-03-18 10:57:42,23.94676399230957,81.08433532714844,156.74642944335938,90.98484802246094,97.6999969482422,60.82175827026367,99.99276733398438,0.0,40.68543594699833,193691.0,10.716445922851562,15.34027099609375,10.770843505859377,10.390045166015623,35.42500019073486
1972-03-18 10:57:43,24.0026912689209,81.02410125732422,156.5266876220703,90.98484802246094,97.6999969482422,60.82175827026367,99.99276733398438,0.0,42.987109834990726,193691.0,8.785308837890625,13.409149169921877,16.5914306640625,14.33392333984375,35.45000076293945
1972-03-18 10:57:44,24.01425552368164,80.96385955810547,155.3303985595703,90.98484802246094,96.8000030517578,60.81814193725586,99.99276733398438,0.0,43.03073067021138,193691.0,11.124420166015623,19.03936767578125,7.724533081054687,9.655670166015623,35.45000076293945
1972-03-18 10:57:45,23.9612045288086,80.96385955810547,156.48600006103516,90.98484802246094,96.5,60.81814193725586,99.99276733398438,0.0,42.929667268772654,193691.0,12.157989501953123,10.19964599609375,13.273147583007812,10.553253173828123,35.42500019073486
1972-03-18 10:57:46,23.930944442749023,81.02410125732422,158.74837493896484,90.98484802246094,97.5,60.82175827026367,99.99276733398438,0.0,41.533526765230114,193691.0,11.151641845703123,15.666656494140623,8.703704833984375,13.109954833984377,35.45000076293945
1972-03-18 10:57:47,23.90922737121582,81.02410125732422,156.7138671875,90.98484802246094,97.0,60.81814193725586,99.99276733398438,0.0,45.246627030931236,193691.0,11.233230590820312,10.308441162109377,11.777191162109377,7.0717620849609375,35.45000076293945
1972-03-18 10:57:48,23.952606201171875,81.02410125732422,155.93260955810547,90.98484802246094,97.29999542236328,60.81814193725586,99.99276733398438,0.0,42.067725725876215,193691.0,6.500579833984375,16.183441162109375,12.021987915039062,10.19964599609375,35.45000076293945
1972-03-18 10:57:49,24.028942108154297,80.90361022949219,156.38021087646484,90.98484802246094,97.5,60.81814193725586,99.99276733398438,0.0,41.56761955744706,193691.0,10.471649169921877,10.036468505859377,14.061920166015623,13.245941162109377,35.45000076293945
1972-03-18 10:57:50,24.135772705078125,80.90361022949219,157.2591094970703,90.98484802246094,97.89999389648438,60.81814193725586,99.99276733398438,0.0,42.12228111751325,193691.0,8.676513671875,11.39642333984375,13.599533081054688,12.348388671875,35.42500019073486
1972-03-18 10:57:51,24.142555236816406,80.96385955810547,156.03841400146484,90.98484802246094,96.3000030517578,60.82175827026367,99.99276733398438,0.0,44.85599951713003,193691.0,9.818878173828123,19.066558837890625,9.03009033203125,9.791671752929688,35.42500019073486
1972-03-18 10:57:52,24.13580894470215,81.14457702636719,156.7464141845703,90.98484802246094,97.0,60.82175827026367,99.99276733398438,0.0,41.45822042869059,193691.0,8.9757080078125,16.23785400390625,15.394683837890623,15.041091918945312,35.45000076293945
1972-03-18 10:57:53,24.1306266784668,81.08433532714844,155.33040618896484,90.98484802246094,96.5,60.82175827026367,99.99276733398438,0.0,44.65519707782491,193691.0,6.446197509765625,17.597808837890625,14.03472900390625,11.369216918945312,35.42500019073486
1972-03-18 10:57:54,24.1549015045166,80.96385955810547,155.42806243896484,90.98484802246094,96.6999969482422,60.81814193725586,99.99276733398438,0.0,43.375607473868115,193691.0,8.75811767578125,16.863433837890625,10.009246826171877,6.0382080078125,35.42500019073486
1972-03-18 10:57:55,24.20955467224121,80.90361022949219,156.3802032470703,90.98484802246094,97.5,60.82175827026367,99.99276733398438,0.0,41.5999969746578,193691.0,11.53240966796875,12.42999267578125,16.5914306640625,10.770843505859377,35.42500019073486
1972-03-18 10:57:56,24.29083251953125,80.90361022949219,157.0475311279297,90.98484802246094,97.1999969482422,60.82175827026367,99.99276733398438,0.0,40.74033834215704,193691.0,15.20428466796875,10.308441162109377,11.641204833984377,12.674774169921877,35.45000076293945
1972-03-18 10:57:57,24.29819679260254,81.02410125732422,156.7138671875,90.98484802246094,97.0,60.81814193725586,99.99276733398438,0.0,42.40925358810285,193691.0,6.881378173828125,11.641204833984377,12.756362915039062,9.166091918945312,35.45000076293945
1972-03-18 10:57:58,24.202741622924805,81.14457702636719,155.9407501220703,90.98484802246094,96.5,60.82175827026367,99.99276733398438,0.0,42.20593580040108,193691.0,18.14178466796875,9.92767333984375,12.40277099609375,10.226852416992188,35.45000076293945
1972-03-18 10:57:59,24.11945343017578,81.08433532714844,156.83592987060547,90.98484802246094,97.6999969482422,60.82175827026367,99.99276733398438,0.0,43.33871823583651,193691.0,9.682891845703123,12.83795166015625,13.708343505859377,16.754638671875,35.45000076293945
1972-03-18 10:58:00,24.06160926818848,80.96385955810547,156.25,90.98484802246094,96.5999984741211,60.82175827026367,99.99276733398438,0.0,43.684532318241466,193691.0,9.546875,16.50982666015625,6.418975830078125,9.818878173828123,35.45000076293945
1972-03-18 10:58:01,24.055879592895508,80.84336853027344,157.64974212646484,90.98484802246094,96.9000015258789,60.82175827026367,99.99276733398438,0.0,42.89496463307895,193691.0,11.151641845703123,15.911468505859377,8.540496826171875,16.428253173828125,35.42500019073486
1972-03-18 10:58:02,24.09825897216797,80.84336853027344,155.810546875,90.98484802246094,96.20000457763672,60.81814193725586,99.99276733398438,0.0,42.74093880625225,193691.0,12.56597900390625,15.612274169921877,10.254058837890623,10.009262084960938,35.45000076293945
1972-03-18 10:58:03,24.146146774291992,81.08433532714844,156.51854705810547,90.98484802246094,96.8000030517578,60.82175827026367,99.99276733398438,0.0,43.1570352307569,193691.0,13.572357177734377,13.0555419921875,12.40277099609375,10.090850830078123,35.45000076293945
1972-03-18 10:58:04,24.122377395629883,81.14457702636719,157.74739837646484,90.98484802246094,97.1999969482422,60.81814193725586,99.99276733398438,0.0,43.85853967949738,193691.0,10.36285400390625,13.327545166015623,18.14178466796875,7.969329833984375,35.45000076293945
1972-03-18 10:58:05,24.063840866088867,81.08433532714844,156.39647674560547,90.98484802246094,97.6999969482422,60.81814193725586,99.99276733398438,0.0,39.81807424520958,193691.0,16.183456420898438,14.932281494140623,11.858795166015623,10.852432250976562,35.45000076293945
1972-03-18 10:58:06,24.011377334594727,80.96385955810547,156.2825469970703,90.98484802246094,96.6999969482422,60.82175827026367,99.99276733398438,0.0,42.801179247362576,193691.0,10.852447509765623,12.022003173828123,17.516204833984375,10.634841918945312,35.45000076293945
1972-03-18 10:58:07,23.983476638793945,80.78313446044922,155.1920623779297,90.98484802246094,97.0,60.81814193725586,99.99276733398438,0.0,42.90479479132313,193691.0,12.674774169921877,8.105316162109375,11.641204833984377,10.879638671875,35.45000076293945
1972-03-18 10:58:08,24.01768493652344,80.90361022949219,155.43619537353516,90.98484802246094,96.9000015258789,60.82175827026367,99.99276733398438,0.0,43.71215541323093,193691.0,11.151641845703123,15.63946533203125,8.5133056640625,14.007522583007812,35.45000076293945
1972-03-18 10:58:09,24.090381622314453,81.08433532714844,156.51856231689453,90.98484802246094,97.5999984741211,60.82175827026367,99.99276733398438,0.0,40.39977900758953,193691.0,8.214141845703125,18.631378173828125,8.540496826171875,10.79803466796875,35.45000076293945
1972-03-18 10:58:10,24.129817962646484,81.14457702636719,155.06185150146484,90.98484802246094,96.5999984741211,60.82175827026367,99.99276733398438,0.0,41.92027040763818,193691.0,7.07177734375,9.682861328125,12.70196533203125,11.09722900390625,35.45000076293945
1972-03-18 10:58:11,24.08497810363769,81.02410125732422,154.74446868896484,90.98484802246094,96.5,60.81814193725586,99.99276733398438,0.0,43.35963053550337,193691.0,7.34375,9.356475830078123,5.875,11.151611328125,35.45000076293945
1972-03-18 10:58:12,24.0401554107666,80.84336853027344,154.8095703125,90.98484802246094,97.39999389648438,60.82175827026367,99.99276733398438,0.0,41.41524329843823,193691.0,9.546875,12.511566162109377,9.438079833984377,7.7789306640625,35.45000076293945
1972-03-18 10:58:13,24.013324737548828,80.90361022949219,156.0139923095703,90.98484802246094,97.6999969482422,60.81814193725586,99.99276733398438,0.0,41.829713791168125,193691.0,7.914947509765625,14.60589599609375,12.647567749023438,9.954864501953123,35.45000076293945
1972-03-18 10:58:14,24.042510986328125,80.96385955810547,154.89095306396484,90.98484802246094,97.5999984741211,60.82175827026367,99.99276733398438,0.0,42.065672420905656,193691.0,12.42999267578125,10.22686767578125,8.921295166015625,9.9820556640625,35.45000076293945
1972-03-18 10:58:15,24.11471366882324,81.08433532714844,155.33853912353516,90.98484802246094,97.29999542236328,60.82175827026367,99.99276733398438,0.0,39.581382110573756,193691.0,8.649322509765625,10.988433837890623,10.93402099609375,6.554977416992188,35.45000076293945
1972-03-18 10:58:16,24.171085357666016,81.08433532714844,155.89192962646484,90.98484802246094,97.29999542236328,60.82175827026367,99.99276733398438,0.0,40.82523513309413,193691.0,8.8125,11.505218505859377,11.505218505859377,13.762725830078123,35.45000076293945
1972-03-18 10:58:17,24.17768287658692,81.02410125732422,154.248046875,90.98484802246094,97.5,60.81814193725586,99.99276733398438,0.0,44.76527123669016,193691.0,8.214141845703125,15.5850830078125,16.047454833984375,8.45892333984375,35.45000076293945
1972-03-18 10:58:18,24.11635398864746,81.02410125732422,155.2815704345703,90.98484802246094,96.6999969482422,60.82175827026367,99.99276733398438,0.0,40.629186766915154,193691.0,10.390045166015623,13.43634033203125,7.2893524169921875,13.354736328125,35.45000076293945
1972-03-18 10:58:19,24.084487915039062,80.90361022949219,155.88378143310547,90.98484802246094,97.79999542236328,60.82175827026367,99.99276733398438,0.0,39.39623422691699,193691.0,6.609375,16.265045166015625,12.321182250976562,12.375579833984377,35.45000076293945
1972-03-18 10:58:20,24.066482543945312,80.96385955810547,155.1025390625,90.98484802246094,96.5,60.82175827026367,99.99276733398438,0.0,43.35286502335437,193691.0,9.35650634765625,15.34027099609375,8.322906494140625,11.804397583007812,35.45000076293945
1972-03-18 10:58:21,24.106460571289062,80.96385955810547,155.94889068603516,90.98484802246094,97.0999984741211,60.82175827026367,99.99276733398438,0.0,44.407683431433924,193691.0,15.14990234375,16.10186767578125,12.70196533203125,14.9866943359375,35.45000076293945
1972-03-18 10:58:22,24.17415809631348,81.02410125732422,155.94075775146484,90.98484802246094,97.29999542236328,60.81814193725586,99.99276733398438,0.0,43.71107462935986,193691.0,10.716445922851562,12.86517333984375,16.15625,12.484375,35.45000076293945
1972-03-18 10:58:23,24.22773551940918,81.02410125732422,155.96517181396484,90.98484802246094,97.0999984741211,60.82175827026367,99.99276733398438,0.0,41.60794378282818,193691.0,9.32928466796875,15.1226806640625,11.777191162109377,9.900466918945312,35.45000076293945
1972-03-18 10:58:24,24.17741775512696,81.08433532714844,155.5989532470703,90.98484802246094,97.39999389648438,60.82175827026367,99.99276733398438,0.0,40.940301737229525,193691.0,8.404510498046875,9.002899169921875,13.43634033203125,8.486114501953125,35.45000076293945
1972-03-18 10:58:25,24.11703872680664,81.02410125732422,155.224609375,90.98484802246094,96.4000015258789,60.82175827026367,99.99276733398438,0.0,43.499115172606984,193691.0,10.74365234375,8.45892333984375,11.695602416992188,6.82696533203125,35.45000076293945
1972-03-18 10:58:26,24.05677032470703,80.96385955810547,155.859375,90.98484802246094,97.29999542236328,60.82175827026367,99.99276733398438,0.0,44.69562486184534,193691.0,8.62213134765625,18.223388671875,13.87152099609375,13.980316162109377,35.45000076293945
1972-03-18 10:58:27,24.04058837890625,81.02410125732422,155.8024139404297,90.98484802246094,97.1999969482422,60.81814193725586,99.99276733398438,0.0,44.23778834851135,193691.0,10.308456420898438,17.0538330078125,14.551513671875,9.138885498046877,35.45000076293945
1972-03-18 10:58:28,24.07647705078125,81.08433532714844,155.6477813720703,90.98484802246094,97.5,60.81814193725586,99.99276733398438,0.0,40.77672247375586,193691.0,12.593170166015623,12.1851806640625,9.574066162109377,12.293975830078123,35.45000076293945
1972-03-18 10:58:29,24.134157180786133,81.08433532714844,155.57454681396484,90.98484802246094,96.8000030517578,60.82175827026367,99.99276733398438,0.0,43.47719751662201,193691.0,8.89410400390625,11.9132080078125,8.023727416992188,12.946762084960938,35.45000076293945
1972-03-18 10:58:30,24.14717483520508,80.96385955810547,155.98958587646484,90.98484802246094,97.89999389648438,60.82175827026367,99.99276733398438,0.0,38.69979440878465,193691.0,14.361114501953123,10.988433837890623,12.892364501953123,8.703704833984375,35.45000076293945
1972-03-18 10:58:31,24.09204864501953,80.90361022949219,155.97330474853516,91.06060791015624,97.89999389648438,60.82175827026367,99.99276733398438,0.0,44.13435776189256,193691.0,9.737274169921877,12.70196533203125,15.612274169921877,11.804397583007812,35.45000076293945
1972-03-18 10:58:32,24.05483627319336,80.96385955810547,155.0862579345703,90.98484802246094,96.6999969482422,60.81814193725586,99.99276733398438,0.0,40.727094731844225,193691.0,10.5804443359375,10.66204833984375,8.404510498046875,9.1116943359375,35.45000076293945
1972-03-18 10:58:33,24.02545166015625,81.08433532714844,154.74446868896484,90.98484802246094,96.0,60.81814193725586,99.99276733398438,0.0,44.95076211534602,193691.0,7.3709716796875,13.545135498046877,14.225112915039062,8.431716918945312,35.45000076293945
1972-03-18 10:58:34,24.05174827575684,81.08433532714844,155.46875,90.98484802246094,96.5,60.81814193725586,99.99276733398438,0.0,43.351216486732035,193691.0,10.716445922851562,11.151611328125,11.260406494140623,10.743637084960938,35.45000076293945
1972-03-18 10:58:35,24.124950408935547,80.96385955810547,155.6396484375,90.98484802246094,97.39999389648438,60.81814193725586,99.99276733398438,0.0,43.98792805932629,193691.0,6.663787841796875,12.157989501953123,9.873260498046877,15.8570556640625,35.45000076293945
1972-03-18 10:58:36,24.196434020996094,80.90361022949219,154.8258514404297,90.98484802246094,96.5,60.81814193725586,99.99276733398438,0.0,43.43334528886401,193691.0,10.145263671875,16.50982666015625,8.948486328125,6.82696533203125,35.45000076293945
1972-03-18 10:58:37,24.18635368347168,80.90361022949219,155.5908203125,90.98484802246094,96.9000015258789,60.81814193725586,99.99276733398438,0.0,43.125189117404794,193691.0,10.988433837890623,12.674774169921877,11.913192749023438,14.279510498046877,35.45000076293945
1972-03-18 10:58:38,24.13402557373047,81.08433532714844,155.37109375,90.98484802246094,96.9000015258789,60.82175827026367,99.99276733398438,0.0,42.74032290696884,193691.0,10.906829833984377,15.1226806640625,16.15625,10.689239501953123,35.45000076293945
1972-03-18 10:58:39,24.083858489990234,81.02410125732422,155.27342987060547,90.98484802246094,97.29999542236328,60.82175827026367,99.99276733398438,0.0,41.53174648555249,193691.0,8.29571533203125,14.007537841796877,8.758102416992188,5.847808837890625,35.45000076293945
1972-03-18 10:58:40,24.06781959533692,81.02410125732422,156.15234375,90.98484802246094,97.6999969482422,60.81814193725586,99.99276733398438,0.0,43.36303857464799,193691.0,10.79803466796875,13.409149169921877,13.898727416992188,12.674774169921877,35.45000076293945
1972-03-18 10:58:41,24.10745620727539,81.02410125732422,155.25716400146484,90.98484802246094,97.5,60.82175827026367,99.99276733398438,0.0,42.75195759242044,193691.0,13.245956420898438,11.505218505859377,11.940399169921877,10.417236328125,35.45000076293945
1972-03-18 10:58:42,24.168088912963867,80.96385955810547,154.9235076904297,90.98484802246094,96.10000610351562,60.81814193725586,99.99276733398438,0.0,43.89492566473831,193691.0,7.86053466796875,12.9195556640625,9.519683837890623,15.829864501953123,35.45000076293945
1972-03-18 10:58:43,24.201566696166992,81.02410125732422,155.1106719970703,90.98484802246094,97.0999984741211,60.81814193725586,99.99276733398438,0.0,42.26055501355509,193691.0,6.41900634765625,14.714691162109377,11.287612915039062,11.1788330078125,35.45000076293945
1972-03-18 10:58:44,24.155048370361328,80.96385955810547,155.62337493896484,90.98484802246094,97.1999969482422,60.81814193725586,99.99276733398438,0.0,41.37811249378366,193691.0,11.47802734375,12.13079833984375,14.850692749023438,15.06829833984375,35.45000076293945
1972-03-18 10:58:45,24.106618881225582,80.96385955810547,154.5654296875,90.98484802246094,96.6999969482422,60.81814193725586,99.99276733398438,0.0,45.88787829804561,193691.0,10.689239501953123,16.020263671875,6.010986328125,10.4444580078125,35.45000076293945
1972-03-18 10:58:46,24.074825286865234,80.96385955810547,155.126953125,90.98484802246094,97.39999389648438,60.82175827026367,99.99276733398438,0.0,41.07127728399823,193691.0,9.220489501953123,13.273162841796877,13.21875,13.028350830078123,35.45000076293945
1972-03-18 10:58:47,24.09453392028809,80.96385955810547,155.42806243896484,90.98484802246094,97.29999542236328,60.81814193725586,99.99276733398438,0.0,41.56338057269062,193691.0,11.886016845703123,12.348388671875,14.633102416992188,8.676513671875,35.45000076293945
1972-03-18 10:58:48,24.155393600463867,81.02410125732422,154.53287506103516,90.98484802246094,97.0999984741211,60.81814193725586,99.99276733398438,0.0,41.211695192730666,193691.0,13.46356201171875,13.73553466796875,11.66839599609375,9.873260498046877,35.45000076293945
1972-03-18 10:58:49,24.20405960083008,81.02410125732422,155.0048828125,90.98484802246094,96.9000015258789,60.81814193725586,99.99276733398438,0.0,42.496420853816154,193691.0,13.055572509765623,11.260406494140623,12.293975830078123,7.969329833984375,35.45000076293945
1972-03-18 10:58:50,24.2063102722168,81.08433532714844,154.67122650146484,90.98484802246094,96.5999984741211,60.82175827026367,99.99276733398438,0.0,42.00382938313041,193691.0,8.431732177734375,6.364593505859375,14.30670166015625,11.342010498046877,35.45000076293945
1972-03-18 10:58:51,24.129573822021484,81.02410125732422,155.48502349853516,90.98484802246094,97.5999984741211,60.82175827026367,99.99276733398438,0.0,42.83833760999067,193691.0,9.002899169921875,13.57232666015625,10.553237915039062,10.145263671875,35.45000076293945
1972-03-18 10:58:52,24.07550811767578,80.96385955810547,154.4270782470703,90.98484802246094,97.39999389648438,60.81814193725586,99.99276733398438,0.0,43.61006567637156,193691.0,11.69561767578125,13.73553466796875,9.873260498046877,9.166091918945312,35.45000076293945
1972-03-18 10:58:53,24.02371597290039,80.96385955810547,154.64681243896484,90.98484802246094,96.5999984741211,60.82175827026367,99.99276733398438,0.0,44.30030695464817,193691.0,9.03009033203125,13.13714599609375,11.4508056640625,11.070022583007812,35.45000076293945
1972-03-18 10:58:54,24.02714729309082,80.96385955810547,155.11067962646484,90.98484802246094,96.5,60.81814193725586,99.99276733398438,0.0,41.78995637503577,193691.0,11.47802734375,11.804412841796877,9.90045166015625,11.23321533203125,35.45000076293945
1972-03-18 10:58:55,24.07500267028809,80.96385955810547,154.5817108154297,90.98484802246094,96.8000030517578,60.81814193725586,99.9963836669922,0.0,41.29663209407842,193691.0,9.737274169921877,11.3148193359375,11.96759033203125,10.553253173828123,35.45000076293945
1972-03-18 10:58:56,24.106943130493164,81.08433532714844,155.419921875,90.98484802246094,97.39999389648438,60.81814193725586,99.99276733398438,0.0,40.820149187659986,193691.0,7.42535400390625,13.545135498046877,11.423614501953123,10.417236328125,35.45000076293945
1972-03-18 10:58:57,24.05772018432617,81.08433532714844,156.0628204345703,90.98484802246094,97.6999969482422,60.81814193725586,99.99276733398438,0.0,41.77679456415967,193691.0,16.53704833984375,11.858795166015623,11.423614501953123,10.49884033203125,35.45000076293945
1972-03-18 10:58:58,23.98713493347168,81.02410125732422,155.46875,90.98484802246094,97.5,60.82175827026367,99.99276733398438,0.0,43.0600892942977,193691.0,7.86053466796875,9.302093505859377,13.409149169921877,12.40277099609375,35.45000076293945
1972-03-18 10:58:59,23.9291934967041,80.96385955810547,154.26432037353516,90.98484802246094,97.0,60.81814193725586,99.99276733398438,0.0,41.32913944272457,193691.0,13.844329833984377,15.06829833984375,7.833343505859375,9.954864501953123,35.45000076293945
1972-03-18 10:59:00,23.91401481628418,80.96385955810547,154.80957794189453,90.98484802246094,96.5999984741211,60.82175827026367,99.99276733398438,0.0,43.80696940324048,193691.0,10.145263671875,9.274871826171877,13.463531494140623,10.961227416992188,35.45000076293945
1972-03-18 10:59:01,23.975669860839844,80.96385955810547,154.85025787353516,90.98484802246094,96.5999984741211,60.82175827026367,99.99276733398438,0.0,44.13914274413142,193691.0,8.730926513671875,18.74017333984375,11.614013671875,10.66204833984375,35.45000076293945
1972-03-18 10:59:02,24.03549766540528,81.02410125732422,155.46875,90.98484802246094,97.1999969482422,60.81814193725586,99.99276733398438,0.0,42.635054667598496,193691.0,6.663787841796875,7.9149169921875,12.1851806640625,13.545135498046877,35.45000076293945
1972-03-18 10:59:03,24.073841094970703,81.08433532714844,154.44335174560547,90.98484802246094,97.39999389648438,60.82175827026367,99.99276733398438,0.0,42.19915009365671,193691.0,10.553253173828123,21.432861328125,10.689239501953123,4.9774322509765625,35.45000076293945
1972-03-18 10:59:04,24.03792190551757,81.02410125732422,155.52571868896484,90.98484802246094,97.0999984741211,60.82175827026367,99.99276733398438,0.0,42.079187916584225,193691.0,7.5069580078125,11.614013671875,11.505218505859377,9.900466918945312,35.45000076293945
1972-03-18 10:59:05,24.02467536926269,80.96385955810547,154.1666717529297,90.98484802246094,96.9000015258789,60.81814193725586,99.99276733398438,0.0,43.928575358437534,193691.0,9.49249267578125,10.526031494140623,17.081024169921875,9.220489501953123,35.45000076293945
1972-03-18 10:59:06,24.03606605529785,80.90361022949219,153.93065643310547,90.98484802246094,97.1999969482422,60.81814193725586,99.99276733398438,0.0,41.95567172395164,193691.0,13.16436767578125,13.245941162109377,10.607635498046877,10.36285400390625,35.45000076293945
1972-03-18 10:59:07,24.11617660522461,80.90361022949219,154.931640625,90.98484802246094,96.8000030517578,60.82175827026367,99.99276733398438,0.0,42.53571309371486,193691.0,10.689239501953123,13.3819580078125,16.401031494140625,8.676513671875,35.45000076293945
1972-03-18 10:59:08,24.18197059631348,81.02410125732422,154.9886016845703,90.98484802246094,97.0999984741211,60.82175827026367,99.99276733398438,0.0,45.036829967258264,193691.0,13.327545166015623,9.90045166015625,10.19964599609375,11.722808837890623,35.45000076293945
1972-03-18 10:59:09,24.225873947143555,81.14457702636719,153.97135162353516,90.98484802246094,96.4000015258789,60.82175827026367,99.99276733398438,0.0,42.63226700185453,193691.0,8.75811767578125,10.009246826171877,12.511566162109377,9.8460693359375,35.45000076293945
1972-03-18 10:59:10,24.21402359008789,81.02410125732422,155.31412506103516,90.98484802246094,97.5,60.82175827026367,99.99276733398438,0.0,41.90373979864077,193691.0,8.8397216796875,13.953125,14.225112915039062,8.948486328125,35.45000076293945
1972-03-18 10:59:11,24.185131072998047,80.90361022949219,155.3792266845703,90.98484802246094,96.4000015258789,60.82175827026367,99.99276733398438,0.0,40.85279362560207,193691.0,10.607650756835938,15.095489501953123,8.540496826171875,13.898727416992188,35.45000076293945
1972-03-18 10:59:12,24.167272567749023,80.90361022949219,154.50846099853516,90.98484802246094,96.5,60.81814193725586,99.99276733398438,0.0,40.19542696086243,193691.0,10.118072509765623,12.42999267578125,7.398147583007812,13.817138671875,35.45000076293945
1972-03-18 10:59:13,24.173725128173828,80.96385955810547,155.4606170654297,90.98484802246094,97.5,60.81814193725586,99.99276733398438,0.0,42.19724153254294,193691.0,6.201385498046875,17.40740966796875,11.260406494140623,11.124420166015623,35.45000076293945
1972-03-18 10:59:14,24.21902847290039,81.08433532714844,156.5755157470703,90.98484802246094,96.6999969482422,60.82175827026367,99.99276733398438,0.0,44.22785122650902,193691.0,9.05731201171875,12.973968505859377,11.4508056640625,13.191558837890623,35.45000076293945
1972-03-18 10:59:15,24.27350425720215,81.08433532714844,155.58267974853516,90.98484802246094,97.6999969482422,60.82175827026367,99.99276733398438,0.0,39.97553854389965,193691.0,12.538787841796877,10.689239501953123,10.553237915039062,7.7789306640625,35.45000076293945
1972-03-18 10:59:16,24.287782669067383,80.96385955810547,154.86653900146484,90.98484802246094,96.4000015258789,60.82175827026367,99.99276733398438,0.0,41.24378635650823,193691.0,10.471649169921877,10.93402099609375,10.417236328125,6.718170166015625,35.45000076293945
1972-03-18 10:59:17,24.187074661254883,80.90361022949219,154.4677734375,90.98484802246094,97.5,60.82175827026367,99.9963836669922,0.0,39.24098120707109,193691.0,6.33740234375,11.124420166015623,16.101852416992188,12.86517333984375,35.45000076293945
1972-03-18 10:59:18,24.081302642822266,80.90361022949219,155.86751556396484,90.98484802246094,97.39999389648438,60.81814193725586,99.99276733398438,0.0,42.87983062583155,193691.0,12.13079833984375,16.23785400390625,11.151611328125,12.0491943359375,35.45000076293945
1972-03-18 10:59:19,23.972856521606445,81.02410125732422,155.3792266845703,90.98484802246094,97.0,60.81814193725586,99.99276733398438,0.0,42.39317427182693,193691.0,9.410888671875,16.50982666015625,6.500579833984375,11.423614501953123,35.45000076293945
1972-03-18 10:59:20,23.978168487548828,81.08433532714844,154.45963287353516,90.98484802246094,97.0999984741211,60.82175827026367,99.99276733398438,0.0,40.131245870608886,193691.0,8.9757080078125,14.03472900390625,12.9195556640625,11.96759033203125,35.45000076293945
1972-03-18 10:59:21,24.087121963500977,81.02410125732422,154.60611724853516,90.98484802246094,97.39999389648438,60.82175827026367,99.99276733398438,0.0,44.34292588031806,193691.0,7.098968505859375,14.007537841796877,11.83160400390625,6.418975830078125,35.45000076293945
1972-03-18 10:59:22,24.1345272064209,80.90361022949219,153.62955474853516,90.98484802246094,97.0,60.82175827026367,99.99276733398438,0.0,41.64116817849497,193691.0,15.095489501953123,10.7164306640625,8.839691162109375,10.172454833984377,35.45000076293945
1972-03-18 10:59:23,24.093795776367188,80.90361022949219,155.91634368896484,90.98484802246094,96.8000030517578,60.82175827026367,99.99276733398438,0.0,41.657604981852565,193691.0,5.983795166015625,15.911468505859377,14.197906494140623,8.486114501953125,35.45000076293945
1972-03-18 10:59:24,23.9826889038086,80.96385955810547,154.23177337646484,90.98484802246094,97.5,60.82175827026367,99.99276733398438,0.0,41.38463560364553,193691.0,15.50347900390625,13.87152099609375,8.567718505859375,14.225128173828123,35.45000076293945
1972-03-18 10:59:25,23.90365219116211,81.08433532714844,154.33756256103516,90.98484802246094,96.5,60.81814193725586,99.99276733398438,0.0,43.81849938056548,193691.0,7.5069580078125,12.42999267578125,10.308441162109377,15.013885498046877,35.45000076293945
1972-03-18 10:59:26,23.85893821716309,81.02410125732422,154.1096954345703,90.98484802246094,96.5999984741211,60.81814193725586,99.99276733398438,0.0,42.56702866066749,193691.0,12.973968505859377,14.143524169921877,9.574066162109377,10.172454833984377,35.45000076293945
1972-03-18 10:59:27,23.905975341796875,80.90361022949219,155.37109375,90.98484802246094,97.0999984741211,60.82175827026367,99.99276733398438,0.0,42.85344740097351,193691.0,4.895843505859375,11.4508056640625,14.46990966796875,12.0491943359375,35.45000076293945
1972-03-18 10:59:28,23.98820304870605,80.90361022949219,154.2724609375,90.98484802246094,97.39999389648438,60.82175827026367,99.99276733398438,0.0,39.60678895232441,193691.0,10.689239501953123,19.936920166015625,10.63482666015625,8.023727416992188,35.45000076293945
1972-03-18 10:59:29,24.053281784057617,81.02410125732422,154.2724609375,90.98484802246094,97.39999389648438,60.81814193725586,99.99276733398438,0.0,41.39141613564894,193691.0,12.810775756835938,9.601287841796877,12.0491943359375,18.6585693359375,35.45000076293945
1972-03-18 10:59:30,24.066865921020508,81.02410125732422,154.0283203125,90.98484802246094,95.70000457763672,60.81814193725586,99.99276733398438,0.0,43.5938182285913,193691.0,6.609375,16.346649169921875,9.302093505859377,6.9085693359375,35.45000076293945
1972-03-18 10:59:31,24.08007431030273,80.96385955810547,155.33040618896484,90.98484802246094,97.0,60.81814193725586,99.99276733398438,0.0,43.33964776258716,193691.0,15.911468505859377,11.4508056640625,13.273147583007812,13.055557250976562,35.45000076293945
1972-03-18 10:59:32,24.102893829345703,80.96385955810547,155.32225799560547,90.98484802246094,97.29999542236328,60.81814193725586,99.99276733398438,0.0,42.00112994859956,193691.0,12.593170166015623,16.890625,16.50982666015625,6.82696533203125,35.45000076293945
1972-03-18 10:59:33,24.159496307373047,80.90361022949219,155.4036407470703,90.98484802246094,97.89999389648438,60.82175827026367,99.99276733398438,0.0,41.781304262081484,193691.0,10.199661254882812,12.892364501953123,11.36920166015625,11.641204833984377,35.45000076293945
1972-03-18 10:59:34,24.287090301513672,81.08433532714844,155.13509368896484,90.98484802246094,97.39999389648438,60.81814193725586,99.99276733398438,0.0,39.50310725389781,193691.0,11.83160400390625,12.022003173828123,16.265045166015625,10.607635498046877,35.45000076293945
1972-03-18 10:59:35,24.412673950195312,81.08433532714844,154.7119140625,90.98484802246094,96.9000015258789,60.82175827026367,99.99276733398438,0.0,42.429262617436365,193691.0,16.265045166015625,9.90045166015625,14.714691162109377,10.226852416992188,35.45000076293945
1972-03-18 10:59:36,24.48959350585937,81.02410125732422,154.3538360595703,90.98484802246094,97.29999542236328,60.81814193725586,99.99276733398438,0.0,39.80835773700116,193691.0,10.74365234375,15.557861328125,11.994781494140623,12.6475830078125,35.45000076293945
1972-03-18 10:59:37,24.44598388671875,80.96385955810547,154.97232818603516,90.98484802246094,97.1999969482422,60.81814193725586,99.99276733398438,0.0,39.48967709095358,193691.0,9.682891845703123,13.082763671875,11.777191162109377,10.906829833984377,35.45000076293945
1972-03-18 10:59:38,24.39957618713379,81.02410125732422,154.53287506103516,90.98484802246094,96.20000457763672,60.81814193725586,99.99276733398438,0.0,42.688939022802984,193691.0,6.011016845703125,13.13714599609375,11.151611328125,10.607635498046877,35.45000076293945
1972-03-18 10:59:39,24.338598251342773,80.90361022949219,153.80045318603516,90.98484802246094,96.4000015258789,60.81814193725586,99.9963836669922,0.0,41.716012972911976,193691.0,9.982070922851562,11.9132080078125,5.5758056640625,13.273147583007812,35.45000076293945
1972-03-18 10:59:40,24.33601760864257,80.90361022949219,153.61328125,90.98484802246094,97.79999542236328,60.82175827026367,99.99276733398438,0.0,41.66196055484244,193691.0,11.9132080078125,11.124420166015623,8.15972900390625,11.042816162109377,35.45000076293945
1972-03-18 10:59:41,24.354236602783203,81.02410125732422,155.1839141845703,90.98484802246094,97.5999984741211,60.81814193725586,99.99276733398438,0.0,41.10749207785265,193691.0,10.5804443359375,8.15972900390625,14.741897583007812,11.804397583007812,35.45000076293945
1972-03-18 10:59:42,24.380359649658203,81.08433532714844,153.7841796875,90.98484802246094,96.4000015258789,60.82175827026367,99.9963836669922,0.0,43.83145568922098,193691.0,12.375579833984377,9.302093505859377,10.988433837890623,10.553253173828123,35.45000076293945
1972-03-18 10:59:43,24.295351028442383,81.02410125732422,154.736328125,90.98484802246094,96.9000015258789,60.81814193725586,99.99276733398438,0.0,41.832897241516775,193691.0,8.404510498046875,18.767364501953125,7.942138671875,9.274887084960938,35.45000076293945
1972-03-18 10:59:44,24.16545295715332,80.96385955810547,154.78515625,90.98484802246094,97.0999984741211,60.81814193725586,99.99276733398438,0.0,44.11129346279856,193691.0,8.02374267578125,17.298614501953125,13.273147583007812,13.463546752929688,35.45000076293945
1972-03-18 10:59:45,24.012598037719727,80.96385955810547,155.05370330810547,90.98484802246094,98.0999984741211,60.82175827026367,99.9963836669922,0.0,40.67624667411784,193691.0,9.92767333984375,13.57232666015625,8.785308837890625,10.988433837890623,35.45000076293945
1972-03-18 10:59:46,23.872188568115234,80.96385955810547,154.01204681396484,90.98484802246094,96.6999969482422,60.82175827026367,99.9963836669922,0.0,45.24455928146449,193691.0,7.86053466796875,17.84259033203125,5.385406494140625,10.852432250976562,35.45000076293945
1972-03-18 10:59:47,23.835119247436523,80.96385955810547,154.2724609375,90.98484802246094,97.1999969482422,60.81814193725586,99.99276733398438,0.0,41.84396573847632,193691.0,6.228607177734375,12.538787841796877,12.674774169921877,13.490753173828123,35.45000076293945
1972-03-18 10:59:48,23.83359718322754,80.96385955810547,153.72721099853516,90.98484802246094,97.1999969482422,60.81814193725586,99.99276733398438,0.0,41.91833114337456,193691.0,11.39642333984375,7.534149169921875,16.618621826171875,11.369216918945312,35.45000076293945
1972-03-18 10:59:49,23.86104202270508,81.02410125732422,153.48307037353516,90.98484802246094,96.8000030517578,60.82175827026367,99.99276733398438,0.0,42.41565186987941,193691.0,10.254058837890623,11.151611328125,11.23321533203125,12.538772583007812,35.45000076293945
1972-03-18 10:59:50,23.820661544799805,81.02410125732422,155.6966094970703,90.98484802246094,96.6999969482422,60.82175827026367,99.99276733398438,0.0,42.42822759145791,193691.0,8.730926513671875,15.748260498046877,12.865158081054688,11.151611328125,35.45000076293945
1972-03-18 10:59:51,23.75814437866211,81.02410125732422,153.4912109375,90.98484802246094,96.6999969482422,60.81814193725586,99.9963836669922,0.0,42.80494560500831,193691.0,14.905105590820312,9.737274169921877,13.490737915039062,9.410888671875,35.45000076293945
1972-03-18 10:59:52,23.72312355041504,81.02410125732422,153.72721099853516,90.98484802246094,97.1999969482422,60.81814193725586,99.9963836669922,0.0,44.199546155819675,193691.0,8.32293701171875,13.13714599609375,10.770843505859377,12.293975830078123,35.45000076293945
1972-03-18 10:59:53,23.766775131225582,80.96385955810547,153.65396881103516,90.98484802246094,96.8000030517578,60.82175827026367,99.99276733398438,0.0,42.20603765377929,193691.0,7.670135498046875,13.762725830078123,7.452545166015625,8.921295166015625,35.45000076293945
1972-03-18 10:59:54,23.87582397460937,80.96385955810547,154.32942962646484,90.98484802246094,97.1999969482422,60.82175827026367,99.99276733398438,0.0,42.59269003007556,193691.0,7.58856201171875,11.042816162109377,11.75,13.626739501953123,35.45000076293945
1972-03-18 10:59:55,24.03068733215332,80.96385955810547,154.4596405029297,90.98484802246094,96.5,60.81814193725586,99.99276733398438,0.0,41.801549662548645,193691.0,10.390045166015623,16.020263671875,8.567718505859375,9.46527099609375,35.45000076293945
1972-03-18 10:59:56,24.13271713256836,80.96385955810547,154.23990631103516,90.98484802246094,96.6999969482422,60.81814193725586,99.99276733398438,0.0,42.53308691551247,193691.0,6.6365966796875,14.33392333984375,11.804397583007812,9.057296752929688,35.45000076293945
1972-03-18 10:59:57,24.154146194458008,81.02410125732422,155.1106719970703,90.98484802246094,97.1999969482422,60.82175827026367,99.99276733398438,0.0,39.52570810698808,193691.0,11.967605590820312,11.477996826171877,6.96295166015625,10.689239501953123,35.45000076293945
1972-03-18 10:59:58,24.17613220214844,81.02410125732422,153.85742950439453,90.98484802246094,97.39999389648438,60.81814193725586,99.99276733398438,0.0,40.28688043854893,193691.0,11.83160400390625,10.79803466796875,12.946746826171877,7.7789306640625,35.45000076293945
1972-03-18 10:59:59,24.19501686096192,80.96385955810547,153.55631256103516,90.98484802246094,96.8000030517578,60.81814193725586,99.9963836669922,0.0,38.160266286022306,193691.0,10.607650756835938,11.9132080078125,13.381942749023438,6.799774169921875,35.45000076293945
1972-03-18 11:00:00,24.258235931396484,80.96385955810547,153.3203125,90.98484802246094,96.5,60.82175827026367,99.9963836669922,0.0,41.48126723205661,193691.0,4.759857177734375,12.13079833984375,12.10357666015625,13.789932250976562,35.45000076293945
1972-03-18 11:00:01,24.33123016357422,80.96385955810547,153.6214141845703,90.98484802246094,96.8000030517578,60.81814193725586,99.9963836669922,0.0,42.97983400242636,193691.0,11.804412841796877,9.92767333984375,14.197906494140623,9.900466918945312,35.45000076293945
1972-03-18 11:00:02,24.39076232910156,81.02410125732422,154.541015625,90.98484802246094,96.5999984741211,60.81814193725586,99.99276733398438,0.0,43.168661044008886,193691.0,9.873275756835938,8.540496826171875,14.061920166015623,8.486114501953125,35.45000076293945
1972-03-18 11:00:03,24.34476089477539,81.02410125732422,154.0852813720703,90.98484802246094,96.5,60.81814193725586,99.99276733398438,0.0,37.858552785696524,193691.0,8.45892333984375,11.4508056640625,10.879638671875,12.973968505859377,35.45000076293945
1972-03-18 11:00:04,24.22593116760254,81.02410125732422,153.6214141845703,90.98484802246094,96.8000030517578,60.81814193725586,99.9963836669922,0.0,41.04558565162091,193691.0,10.79803466796875,16.020263671875,12.293975830078123,8.622100830078125,35.45000076293945
1972-03-18 11:00:05,24.11799049377441,81.02410125732422,153.59700775146484,90.98484802246094,96.6999969482422,60.81814193725586,99.99276733398438,0.0,44.0026181569254,193691.0,12.103607177734377,10.172454833984377,12.021987915039062,12.484375,35.45000076293945
1972-03-18 11:00:06,24.047487258911133,80.96385955810547,153.662109375,90.98484802246094,96.9000015258789,60.81814193725586,99.99276733398438,0.0,42.40358043177843,193691.0,9.002899169921875,10.79803466796875,13.43634033203125,8.3773193359375,35.45000076293945
1972-03-18 11:00:07,24.059314727783203,80.96385955810547,153.88997650146484,90.98484802246094,97.89999389648438,60.82175827026367,99.9963836669922,0.0,39.958028890099186,193691.0,11.015625,12.973968505859377,10.009246826171877,6.2285919189453125,35.45000076293945
1972-03-18 11:00:08,24.104145050048828,80.96385955810547,153.82486724853516,90.98484802246094,97.1999969482422,60.82175827026367,99.99276733398438,0.0,41.74282022556019,193691.0,7.15338134765625,14.63311767578125,15.394683837890623,11.042816162109377,35.45000076293945
1972-03-18 11:00:09,24.105093002319336,80.96385955810547,153.23079681396484,90.98484802246094,96.8000030517578,60.82175827026367,99.9963836669922,0.0,42.84052079081115,193691.0,10.770843505859377,11.940399169921877,13.354736328125,11.09722900390625,35.45000076293945
1972-03-18 11:00:10,23.996658325195312,80.90361022949219,153.71907806396484,90.98484802246094,97.0,60.82175827026367,99.99276733398438,0.0,39.83888743168357,193691.0,7.42535400390625,11.804412841796877,12.348388671875,6.25579833984375,35.45000076293945
1972-03-18 11:00:11,23.89838409423828,80.96385955810547,153.62955474853516,90.98484802246094,96.5,60.82175827026367,99.99276733398438,0.0,42.993673878475,193691.0,9.383697509765623,18.685760498046875,10.090850830078123,7.12615966796875,35.45000076293945
1972-03-18 11:00:12,23.852333068847656,81.08433532714844,154.150390625,90.98484802246094,97.1999969482422,60.81814193725586,99.99276733398438,0.0,40.83502592301046,193691.0,6.69097900390625,7.479736328125,10.607635498046877,14.03472900390625,35.45000076293945
1972-03-18 11:00:13,23.88028717041016,81.08433532714844,152.60416412353516,90.98484802246094,95.5999984741211,60.81814193725586,99.9963836669922,0.0,43.446267807696834,193691.0,5.68463134765625,15.285888671875,14.225112915039062,13.953125,35.45000076293945
1972-03-18 11:00:14,23.967514038085938,81.02410125732422,153.4016876220703,90.98484802246094,97.39999389648438,60.82175827026367,99.99276733398438,0.0,43.14577912569593,193691.0,16.809036254882812,11.015625,9.655670166015623,10.988433837890623,35.45000076293945
1972-03-18 11:00:15,24.06210327148437,80.96385955810547,153.20638275146484,90.98484802246094,97.89999389648438,60.81814193725586,99.9963836669922,0.0,42.05684828914844,193691.0,6.364593505859375,8.45892333984375,17.380218505859375,9.492477416992188,35.45000076293945
1972-03-18 11:00:16,24.14466667175293,80.90361022949219,154.09342193603516,90.98484802246094,97.29999542236328,60.81814193725586,99.9963836669922,0.0,40.776576361079314,193691.0,14.361114501953123,12.7835693359375,8.404510498046875,12.892364501953123,35.45000076293945
1972-03-18 11:00:17,24.16095733642578,80.96385955810547,153.11685943603516,90.98484802246094,97.29999542236328,60.81814193725586,99.99276733398438,0.0,42.38572576634326,193691.0,12.56597900390625,11.804412841796877,16.537033081054688,7.6429443359375,35.45000076293945
1972-03-18 11:00:18,24.146806716918945,81.02410125732422,153.41796875,90.98484802246094,97.0,60.82175827026367,99.9963836669922,0.0,39.10048980713168,193691.0,10.145263671875,10.49884033203125,15.93865966796875,10.009262084960938,35.45000076293945
1972-03-18 11:00:19,24.127748489379883,81.08433532714844,154.52474212646484,90.98484802246094,96.5999984741211,60.81814193725586,99.9963836669922,0.0,44.15758881362516,193691.0,10.390045166015623,14.551513671875,10.471649169921877,11.9132080078125,35.45000076293945
1972-03-18 11:00:20,24.186674118041992,81.02410125732422,153.30403900146484,90.98484802246094,97.5999984741211,60.81814193725586,99.9963836669922,0.0,40.91509459628794,193691.0,11.69561767578125,18.87615966796875,11.3148193359375,10.036468505859377,35.45000076293945
1972-03-18 11:00:21,24.26215553283692,80.96385955810547,154.736328125,90.98484802246094,97.1999969482422,60.82175827026367,99.99276733398438,0.0,38.65144665358054,193691.0,5.22222900390625,13.327545166015623,12.593170166015623,15.63946533203125,35.45000076293945
1972-03-18 11:00:22,24.32852554321289,80.96385955810547,154.9723358154297,90.98484802246094,96.5,60.81814193725586,99.99276733398438,0.0,44.31194088287762,193691.0,12.239593505859377,14.877899169921877,8.8125,10.66204833984375,35.45000076293945
1972-03-18 11:00:23,24.287416458129883,80.96385955810547,154.54915618896484,90.98484802246094,97.6999969482422,60.81814193725586,99.9963836669922,0.0,40.73971714678354,193691.0,12.457183837890623,13.273162841796877,9.519683837890623,12.321182250976562,35.45000076293945
1972-03-18 11:00:24,24.203798294067383,81.02410125732422,154.02017974853516,90.98484802246094,97.39999389648438,60.81814193725586,99.9963836669922,0.0,42.049786595665594,193691.0,7.479766845703125,14.143524169921877,15.367477416992188,11.23321533203125,35.45000076293945
1972-03-18 11:00:25,24.0985050201416,81.02410125732422,152.72623443603516,90.98484802246094,98.0,60.81814193725586,99.9963836669922,0.0,39.87071022751332,193691.0,13.980331420898438,8.785308837890625,11.586807250976562,14.089111328125,35.45000076293945
1972-03-18 11:00:26,24.07659912109375,81.02410125732422,154.345703125,90.98484802246094,96.10000610351562,60.81814193725586,99.99276733398438,0.0,42.29361204625942,193691.0,8.785308837890625,15.557861328125,14.9866943359375,6.52777099609375,35.45000076293945
1972-03-18 11:00:27,24.11270332336425,80.96385955810547,154.3375701904297,90.98484802246094,96.20000457763672,60.82175827026367,99.9963836669922,0.0,41.67545675720166,193691.0,9.1116943359375,16.945037841796875,11.4508056640625,8.540512084960938,35.45000076293945
1972-03-18 11:00:28,24.1795711517334,80.96385955810547,155.72916412353516,90.98484802246094,97.1999969482422,60.81814193725586,99.9963836669922,0.0,44.37371901479673,193691.0,11.668411254882812,14.90509033203125,15.367477416992188,11.042816162109377,35.45000076293945
1972-03-18 11:00:29,24.198719024658203,80.96385955810547,154.80956268310547,90.98484802246094,97.29999542236328,60.82175827026367,99.9963836669922,0.0,42.48921029852532,193691.0,14.306732177734377,15.80267333984375,12.457183837890623,11.722808837890623,35.45000076293945
1972-03-18 11:00:30,24.1265811920166,80.96385955810547,154.4677734375,90.98484802246094,97.1999969482422,60.81814193725586,99.9963836669922,0.0,42.340763744836956,193691.0,9.601287841796877,15.5850830078125,13.381942749023438,11.695602416992188,35.45000076293945
1972-03-18 11:00:31,24.055599212646484,81.02410125732422,153.3528594970703,90.98484802246094,96.6999969482422,60.82175827026367,99.9963836669922,0.0,41.745172518181406,193691.0,6.85418701171875,13.0555419921875,15.285888671875,13.273147583007812,35.45000076293945
1972-03-18 11:00:32,24.00211906433105,80.96385955810547,154.8502655029297,90.98484802246094,97.29999542236328,60.82175827026367,99.99276733398438,0.0,41.97422279027939,193691.0,7.398162841796875,16.83624267578125,10.090850830078123,12.973968505859377,35.45000076293945
1972-03-18 11:00:33,24.020675659179688,81.02410125732422,155.28157806396484,90.98484802246094,97.5999984741211,60.82175827026367,99.9963836669922,0.0,43.49070928187247,193691.0,11.804412841796877,17.40740966796875,16.401031494140625,10.335647583007812,35.45000076293945
1972-03-18 11:00:34,24.107057571411133,81.02410125732422,154.17479705810547,90.98484802246094,97.39999389648438,60.82175827026367,99.99276733398438,0.0,41.15223868646363,193691.0,13.245956420898438,14.714691162109377,11.96759033203125,11.287628173828123,35.45000076293945
1972-03-18 11:00:35,24.17884063720703,81.02410125732422,153.74349212646484,90.98484802246094,97.39999389648438,60.82175827026367,99.99276733398438,0.0,42.976277219674934,193691.0,7.7789306640625,11.994781494140623,16.999420166015625,10.335647583007812,35.45000076293945
1972-03-18 11:00:36,24.170225143432617,80.96385955810547,154.3619842529297,90.98484802246094,96.20000457763672,60.81814193725586,99.9963836669922,0.0,44.691914219195006,193691.0,13.245956420898438,17.026611328125,7.887725830078125,9.46527099609375,35.45000076293945
1972-03-18 11:00:37,24.082250595092773,80.90361022949219,154.76889038085938,90.98484802246094,97.0,60.81814193725586,99.9963836669922,0.0,44.57962163101877,193691.0,11.450820922851562,14.061920166015623,14.633102416992188,16.700225830078125,35.45000076293945
1972-03-18 11:00:38,24.0236759185791,80.96385955810547,154.3375701904297,90.98484802246094,97.1999969482422,60.81814193725586,99.9963836669922,0.0,40.04508807831477,193691.0,9.32928466796875,15.557861328125,12.83795166015625,9.03009033203125,35.45000076293945
1972-03-18 11:00:39,23.994348526000977,81.02410125732422,154.23177337646484,91.06060791015624,97.29999542236328,60.81814193725586,99.99276733398438,0.0,38.607549124404244,193691.0,11.722808837890623,14.33392333984375,11.885986328125,13.844329833984377,35.47500133514404
1972-03-18 11:00:40,24.059955596923828,81.08433532714844,153.38541412353516,90.98484802246094,96.5999984741211,60.82175827026367,99.9963836669922,0.0,41.76537436027203,193691.0,9.818878173828123,15.80267333984375,9.057281494140623,12.511566162109377,35.45000076293945
1972-03-18 11:00:41,24.161970138549805,81.02410125732422,153.3447265625,90.98484802246094,97.5999984741211,60.81814193725586,99.9963836669922,0.0,40.72166576898602,193691.0,11.586822509765623,13.545135498046877,12.729156494140623,12.9195556640625,35.45000076293945
1972-03-18 11:00:42,24.245241165161133,81.02410125732422,154.15853118896484,90.98484802246094,96.6999969482422,60.82175827026367,99.99276733398438,0.0,42.987162086204066,193691.0,11.777206420898438,11.505218505859377,19.12094116210937,11.260421752929688,35.45000076293945
1972-03-18 11:00:43,24.22506332397461,80.96385955810547,154.1341094970703,90.98484802246094,97.0999984741211,60.81814193725586,99.99276733398438,0.0,43.68656143536172,193691.0,12.402786254882812,16.346649169921875,9.818862915039062,9.62847900390625,35.45000076293945
1972-03-18 11:00:44,24.166088104248047,80.96385955810547,153.88997650146484,90.98484802246094,95.8000030517578,60.81814193725586,99.9963836669922,0.0,43.87918743424422,193691.0,8.75811767578125,13.43634033203125,15.1226806640625,7.534149169921875,35.45000076293945
1972-03-18 11:00:45,24.11326026916504,80.96385955810547,154.1748046875,90.98484802246094,96.4000015258789,60.81814193725586,99.9963836669922,0.0,44.442737405310886,193691.0,12.56597900390625,8.622100830078125,12.647567749023438,15.149887084960938,35.45000076293945
1972-03-18 11:00:46,24.0965633392334,80.96385955810547,154.91536712646484,90.98484802246094,97.29999542236328,60.81814193725586,99.99276733398438,0.0,43.24180975734511,193691.0,12.076400756835938,10.8524169921875,13.055557250976562,12.348388671875,35.45000076293945
1972-03-18 11:00:47,24.134668350219727,80.96385955810547,153.99576568603516,90.98484802246094,97.0999984741211,60.82175827026367,99.99276733398438,0.0,43.025414673248555,193691.0,8.921295166015625,19.17535400390625,9.8460693359375,5.9293975830078125,35.45000076293945
1972-03-18 11:00:48,24.184192657470703,81.02410125732422,154.58983612060547,90.98484802246094,97.39999389648438,60.81814193725586,99.99276733398438,0.0,41.132052082253836,193691.0,8.486114501953125,12.076385498046877,12.538772583007812,16.53704833984375,35.45000076293945
1972-03-18 11:00:49,24.19937515258789,80.96385955810547,154.31314849853516,90.98484802246094,97.1999969482422,60.82175827026367,99.9963836669922,0.0,43.750337380852656,193691.0,12.0491943359375,15.2586669921875,8.785308837890625,9.138885498046877,35.45000076293945
1972-03-18 11:00:50,24.10660552978516,81.02410125732422,152.9459686279297,90.98484802246094,96.5,60.81814193725586,99.9963836669922,0.0,42.65609633633055,193691.0,10.553253173828123,11.39642333984375,8.15972900390625,11.559600830078123,35.45000076293945
1972-03-18 11:00:51,24.03431701660156,81.08433532714844,153.90625,90.98484802246094,97.0999984741211,60.82175827026367,99.9963836669922,0.0,44.63170785207157,193691.0,8.1053466796875,17.380218505859375,11.885986328125,10.607635498046877,35.47500133514404
1972-03-18 11:00:52,23.95882034301757,81.08433532714844,153.74349212646484,90.98484802246094,96.9000015258789,60.82175827026367,99.9963836669922,0.0,41.785660856397136,193691.0,13.055572509765623,13.00115966796875,14.9866943359375,11.940399169921877,35.45000076293945
1972-03-18 11:00:53,23.95519256591797,80.96385955810547,153.7516326904297,90.98484802246094,96.4000015258789,60.82175827026367,99.9963836669922,0.0,43.2080928100183,193691.0,11.1788330078125,11.1788330078125,12.0491943359375,14.007522583007812,35.45000076293945
1972-03-18 11:00:54,24.001605987548828,80.90361022949219,153.271484375,90.98484802246094,97.6999969482422,60.82175827026367,99.9963836669922,0.0,40.054458232416174,193691.0,9.084503173828123,15.013885498046877,12.892364501953123,9.302093505859377,35.45000076293945
1972-03-18 11:00:55,24.06733512878418,80.96385955810547,153.88997650146484,90.98484802246094,97.39999389648438,60.82175827026367,99.9963836669922,0.0,40.81599861787107,193691.0,8.45892333984375,9.302093505859377,15.013885498046877,11.586807250976562,35.45000076293945
1972-03-18 11:00:56,24.06522750854492,81.02410125732422,153.369140625,90.98484802246094,97.39999389648438,60.81814193725586,99.9963836669922,0.0,42.751274895756644,193691.0,13.137161254882812,16.428253173828125,7.86053466796875,9.03009033203125,35.45000076293945
1972-03-18 11:00:57,24.00497055053711,81.02410125732422,153.3447265625,90.98484802246094,96.0,60.82175827026367,99.99276733398438,0.0,43.46450507639018,193691.0,9.92767333984375,13.13714599609375,11.75,11.23321533203125,35.47500133514404
1972-03-18 11:00:58,23.94404029846192,81.02410125732422,154.2399139404297,90.98484802246094,97.5,60.82175827026367,99.9963836669922,0.0,40.795322734013645,193692.0,10.689239501953123,13.16436767578125,18.27777099609375,11.1788330078125,35.47500133514404
1972-03-18 11:00:59,23.928112030029297,80.96385955810547,153.06803131103516,90.98484802246094,97.0999984741211,60.81814193725586,99.9963836669922,0.0,41.47674190221584,193692.0,15.476287841796877,11.614013671875,11.641204833984377,9.7100830078125,35.45000076293945
1972-03-18 11:01:00,23.99381446838379,80.96385955810547,153.3610076904297,90.98484802246094,96.9000015258789,60.82175827026367,99.9963836669922,0.0,41.56587697180267,193692.0,9.138885498046877,14.3883056640625,14.007522583007812,11.206024169921877,35.45000076293945
1972-03-18 11:01:01,24.093578338623047,80.96385955810547,153.369140625,90.98484802246094,97.1999969482422,60.82175827026367,99.9963836669922,0.0,42.805328525850356,193692.0,16.074661254882812,11.124420166015623,10.770843505859377,14.17071533203125,35.45000076293945
1972-03-18 11:01:02,24.171964645385746,81.02410125732422,154.36197662353516,90.98484802246094,96.5999984741211,60.81814193725586,99.9963836669922,0.0,44.611397505782136,193692.0,10.988433837890623,12.022003173828123,12.212371826171877,9.302093505859377,35.45000076293945
1972-03-18 11:01:03,24.180795669555664,80.96385955810547,152.62857818603516,90.98484802246094,96.8000030517578,60.82175827026367,99.99276733398438,0.0,42.05669908132397,193692.0,11.151641845703123,11.3148193359375,12.9195556640625,13.164352416992188,35.45000076293945
1972-03-18 11:01:04,24.147884368896484,80.96385955810547,153.42610931396484,90.98484802246094,97.39999389648438,60.82175827026367,99.9963836669922,0.0,41.841837404464265,193692.0,10.934036254882812,10.28125,13.327545166015623,14.2523193359375,35.45000076293945
1972-03-18 11:01:05,24.111862182617188,81.02410125732422,154.39453125,90.98484802246094,96.5,60.82175827026367,99.9963836669922,0.0,46.08320879701556,193692.0,12.72918701171875,18.71295166015625,9.138885498046877,14.061920166015623,35.45000076293945
1972-03-18 11:01:06,24.11971664428711,81.02410125732422,152.57975006103516,90.98484802246094,97.1999969482422,60.82175827026367,99.9963836669922,0.0,41.45511201534627,193692.0,6.745391845703125,14.959503173828123,8.404510498046875,12.86517333984375,35.45000076293945
1972-03-18 11:01:07,24.184295654296875,80.96385955810547,153.03548431396484,90.98484802246094,96.4000015258789,60.81814193725586,99.9963836669922,0.0,43.88007250423044,193692.0,9.546875,11.505218505859377,8.486114501953125,11.369216918945312,35.47500133514404
1972-03-18 11:01:08,24.235633850097656,80.90361022949219,153.11685943603516,90.98484802246094,97.79999542236328,60.81814193725586,99.9963836669922,0.0,36.81784033812114,193692.0,13.953125,12.86517333984375,8.975692749023438,9.057296752929688,35.45000076293945
1972-03-18 11:01:09,24.230506896972656,81.02410125732422,152.88899993896484,90.98484802246094,96.8000030517578,60.81814193725586,99.9963836669922,0.0,40.26178225603058,193692.0,9.873275756835938,11.940399169921877,13.599533081054688,9.574066162109377,35.45000076293945
1972-03-18 11:01:10,24.141828536987305,81.08433532714844,153.369140625,90.98484802246094,96.5999984741211,60.82175827026367,99.9963836669922,0.0,40.863293517220264,193692.0,8.75811767578125,11.39642333984375,8.15972900390625,9.220489501953123,35.45000076293945
1972-03-18 11:01:11,24.05845832824707,81.08433532714844,153.3772735595703,90.98484802246094,98.1999969482422,60.82175827026367,99.9963836669922,0.0,38.24127778031914,193692.0,13.327545166015623,10.254058837890623,13.490737915039062,12.729171752929688,35.45000076293945
1972-03-18 11:01:12,23.99343490600586,80.96385955810547,153.71907806396484,90.98484802246094,97.39999389648438,60.82175827026367,99.9963836669922,0.0,42.86502134032674,193692.0,12.321197509765623,13.191558837890623,15.149871826171877,7.751739501953125,35.45000076293945
1972-03-18 11:01:13,23.995059967041016,81.02410125732422,153.62142181396484,90.98484802246094,97.5,60.81814193725586,99.9963836669922,0.0,40.80717639818758,193692.0,9.655670166015623,9.19329833984375,13.028350830078123,15.7210693359375,35.45000076293945
1972-03-18 11:01:14,24.058692932128903,81.02410125732422,153.1819610595703,90.98484802246094,96.9000015258789,60.82175827026367,99.9963836669922,0.0,42.410230904785635,193692.0,11.287628173828123,15.313079833984377,10.961227416992188,4.950225830078125,35.45000076293945
1972-03-18 11:01:15,24.11736297607422,80.96385955810547,153.0517578125,90.98484802246094,97.0,60.82175827026367,99.9963836669922,0.0,42.68353048975503,193692.0,8.32293701171875,20.2633056640625,11.83160400390625,12.1851806640625,35.45000076293945
1972-03-18 11:01:16,24.10124969482422,80.96385955810547,153.4830780029297,90.98484802246094,96.0,60.82175827026367,99.9963836669922,0.0,42.97269348613279,193692.0,11.151641845703123,12.70196533203125,13.708343505859377,5.65740966796875,35.47500133514404
1972-03-18 11:01:17,24.029600143432617,81.02410125732422,154.11783599853516,90.98484802246094,97.0,60.82175827026367,99.9963836669922,0.0,42.867966336443004,193692.0,15.993072509765623,13.59954833984375,9.193283081054688,14.089111328125,35.45000076293945
1972-03-18 11:01:18,23.97464370727539,81.02410125732422,154.04459381103516,90.98484802246094,97.1999969482422,60.82175827026367,99.9963836669922,0.0,40.19955228551894,193692.0,8.89410400390625,13.082763671875,13.381942749023438,11.151611328125,35.45000076293945
1972-03-18 11:01:19,23.951208114624023,81.02410125732422,152.978515625,91.06060791015624,97.0999984741211,60.82175827026367,99.9963836669922,0.0,41.85332177673743,193692.0,12.375579833984377,6.799774169921875,9.90045166015625,9.383682250976562,35.45000076293945
1972-03-18 11:01:20,24.00479507446289,81.08433532714844,152.68553924560547,90.98484802246094,96.5999984741211,60.82175827026367,99.9963836669922,0.0,44.48693488802048,193692.0,9.682891845703123,16.83624267578125,9.03009033203125,9.791671752929688,35.47500133514404
1972-03-18 11:01:21,24.080076217651367,80.96385955810547,153.3203125,90.98484802246094,95.4000015258789,60.82175827026367,99.9963836669922,0.0,44.683996025313476,193692.0,6.282989501953125,10.009246826171877,9.16607666015625,12.892364501953123,35.45000076293945
1972-03-18 11:01:22,24.14796638488769,80.96385955810547,153.6051483154297,90.98484802246094,96.5999984741211,60.82175827026367,99.9963836669922,0.0,41.397404871170465,193692.0,8.921295166015625,11.342010498046877,12.26678466796875,12.429977416992188,35.45000076293945
1972-03-18 11:01:23,24.122095108032227,80.90361022949219,153.076171875,90.98484802246094,97.1999969482422,60.82175827026367,99.9963836669922,0.0,41.95199473389776,193692.0,14.170730590820312,17.815399169921875,6.582183837890625,9.084503173828123,35.47500133514404
1972-03-18 11:01:24,24.07961654663086,80.96385955810547,152.86458587646484,90.98484802246094,97.0,60.82175827026367,99.9963836669922,0.0,40.67283032073592,193692.0,10.96124267578125,12.892364501953123,15.911468505859377,9.8460693359375,35.45000076293945
1972-03-18 11:01:25,24.04142189025879,81.08433532714844,152.98665618896484,90.98484802246094,97.29999542236328,60.82175827026367,99.9963836669922,0.0,42.572948477896496,193692.0,12.076400756835938,8.3773193359375,13.844329833984377,10.852432250976562,35.45000076293945
1972-03-18 11:01:26,24.04734992980957,81.08433532714844,154.19921875,90.98484802246094,97.5,60.82175827026367,99.9963836669922,0.0,40.43708192834289,193692.0,7.58856201171875,16.10186767578125,11.015625,9.519683837890623,35.45000076293945
1972-03-18 11:01:27,24.10128402709961,81.02410125732422,152.8727264404297,90.98484802246094,96.5999984741211,60.82175827026367,99.9963836669922,0.0,42.92242039301318,193692.0,11.858795166015623,17.1898193359375,11.885986328125,7.914932250976562,35.47500133514404
1972-03-18 11:01:28,24.168113708496094,80.96385955810547,153.49935150146484,90.98484802246094,96.20000457763672,60.82175827026367,99.9963836669922,0.0,43.42044030756089,193692.0,14.442718505859377,9.7100830078125,13.844329833984377,8.866897583007812,35.45000076293945
1972-03-18 11:01:29,24.20197296142578,80.96385955810547,153.71907806396484,90.98484802246094,97.29999542236328,60.82175827026367,99.9963836669922,0.0,39.28470752641463,193692.0,13.00115966796875,13.708343505859377,9.1116943359375,13.817138671875,35.47500133514404
1972-03-18 11:01:30,24.146352767944336,80.96385955810547,154.1259765625,90.98484802246094,97.89999389648438,60.82175827026367,99.9963836669922,0.0,44.493365729191574,193692.0,9.35650634765625,18.57696533203125,14.089111328125,9.2476806640625,35.45000076293945
1972-03-18 11:01:31,24.095643997192383,81.02410125732422,153.4261016845703,90.98484802246094,97.6999969482422,60.82175827026367,99.9963836669922,0.0,40.754045754721126,193692.0,11.369232177734377,11.151611328125,15.612274169921877,10.5804443359375,35.47500133514404
1972-03-18 11:01:32,24.052091598510746,81.02410125732422,152.79135131835938,90.98484802246094,97.0999984741211,60.82175827026367,99.9963836669922,0.0,44.81402826896875,193692.0,7.07177734375,7.588531494140625,9.927658081054688,9.7100830078125,35.45000076293945
1972-03-18 11:01:33,24.07622718811035,80.96385955810547,152.83203125,90.98484802246094,96.3000030517578,60.82175827026367,99.9963836669922,0.0,41.98386873293624,193692.0,12.756378173828123,17.7882080078125,10.825225830078123,11.614013671875,35.45000076293945
1972-03-18 11:01:34,24.143409729003903,80.96385955810547,153.84928131103516,90.98484802246094,96.8000030517578,60.82175827026367,99.9963836669922,0.0,44.19700357873615,193692.0,6.282989501953125,15.34027099609375,10.308441162109377,13.5179443359375,35.45000076293945
1972-03-18 11:01:35,24.203243255615234,80.96385955810547,151.5380859375,90.98484802246094,97.5999984741211,60.82175827026367,99.9963836669922,0.0,38.39479994042304,193692.0,15.013900756835938,10.254058837890623,11.505218505859377,11.4508056640625,35.47500133514404
1972-03-18 11:01:36,24.15371894836425,80.96385955810547,154.23177337646484,90.98484802246094,97.5999984741211,60.82175827026367,99.9963836669922,0.0,39.96750788979829,193692.0,8.45892333984375,10.1180419921875,11.260406494140623,8.89410400390625,35.47500133514404
1972-03-18 11:01:37,24.094661712646484,81.02410125732422,152.29491424560547,90.98484802246094,96.5999984741211,60.82175827026367,99.9963836669922,0.0,44.72620601617632,193692.0,11.070037841796877,11.39642333984375,11.260406494140623,10.308441162109377,35.47500133514404
1972-03-18 11:01:38,24.025768280029297,81.02410125732422,153.10872650146484,90.98484802246094,97.29999542236328,60.82175827026367,99.9963836669922,0.0,41.08611508887206,193692.0,11.586822509765623,12.26678466796875,13.082763671875,7.8061370849609375,35.47500133514404
1972-03-18 11:01:39,24.021915435791016,81.08433532714844,152.62044525146484,90.98484802246094,96.20000457763672,60.82175827026367,99.9963836669922,0.0,40.87377058474075,193692.0,8.404510498046875,13.953125,9.383682250976562,10.254058837890623,35.45000076293945
1972-03-18 11:01:40,24.05861473083496,81.02410125732422,153.2307891845703,90.98484802246094,97.5999984741211,60.82175827026367,99.9963836669922,0.0,42.232195012971275,193692.0,9.62847900390625,14.03472900390625,8.322906494140625,12.26678466796875,35.47500133514404
1972-03-18 11:01:41,24.12946510314941,80.96385955810547,152.61231231689453,90.98484802246094,96.6999969482422,60.82175827026367,99.9963836669922,0.0,41.66303200535556,193692.0,5.711822509765625,16.863433837890625,8.921295166015625,9.818878173828123,35.47500133514404
1972-03-18 11:01:42,24.16523170471192,80.96385955810547,153.49935150146484,90.98484802246094,98.1999969482422,60.82175827026367,99.9963836669922,0.0,41.569129852454786,193692.0,10.906829833984377,13.953125,16.292236328125,11.586807250976562,35.47500133514404
1972-03-18 11:01:43,24.1291561126709,80.96385955810547,154.15853118896484,90.98484802246094,97.5999984741211,60.81814193725586,99.9963836669922,0.0,42.502002707059496,193692.0,11.940399169921877,14.578704833984377,15.013885498046877,12.103591918945312,35.47500133514404
1972-03-18 11:01:44,24.081430435180664,81.08433532714844,152.40071868896484,90.98484802246094,97.39999389648438,60.82175827026367,99.9963836669922,0.0,43.23259130948576,193692.0,14.143524169921877,12.729156494140623,9.492477416992188,11.614013671875,35.47500133514404
1972-03-18 11:01:45,24.046157836914062,81.02410125732422,153.21451568603516,90.98484802246094,96.20000457763672,60.81814193725586,99.9963836669922,0.0,39.76829816376661,193692.0,10.36285400390625,12.375579833984377,12.56597900390625,10.172454833984377,35.47500133514404
1972-03-18 11:01:46,24.06045722961425,80.90361022949219,152.001953125,90.98484802246094,95.5999984741211,60.82175827026367,99.9963836669922,0.0,45.15343741530159,193692.0,6.6365966796875,8.132537841796875,11.124420166015623,9.655670166015623,35.45000076293945
1972-03-18 11:01:47,24.136749267578125,80.96385955810547,152.22167205810547,90.98484802246094,98.4000015258789,60.82175827026367,99.9963836669922,0.0,36.745024579188865,193692.0,10.52606201171875,16.618621826171875,11.23321533203125,12.457183837890623,35.47500133514404
1972-03-18 11:01:48,24.2149715423584,81.02410125732422,153.1494140625,90.98484802246094,97.79999542236328,60.81814193725586,99.9963836669922,0.0,44.68033169552426,193692.0,10.770843505859377,17.24420166015625,15.04107666015625,10.19964599609375,35.47500133514404
1972-03-18 11:01:49,24.22771072387696,81.08433532714844,153.759765625,90.98484802246094,97.0,60.82175827026367,99.9963836669922,0.0,41.72575017528323,193692.0,11.722808837890623,10.63482666015625,16.537033081054688,13.028350830078123,35.47500133514404
1972-03-18 11:01:50,24.10994529724121,81.02410125732422,151.953125,90.98484802246094,95.70000457763672,60.82175827026367,99.9963836669922,0.0,44.98831269671308,193692.0,11.070037841796877,14.279510498046877,9.193283081054688,9.057296752929688,35.47500133514404
1972-03-18 11:01:51,24.072650909423828,80.96385955810547,153.51561737060547,90.98484802246094,97.39999389648438,60.82175827026367,99.9963836669922,0.0,40.446507020599476,193692.0,11.423614501953123,15.04107666015625,14.415496826171877,9.655670166015623,35.45000076293945
1972-03-18 11:01:52,24.100679397583008,80.96385955810547,153.21451568603516,90.98484802246094,97.0,60.81814193725586,99.9963836669922,0.0,42.176442106834315,193692.0,11.53240966796875,14.143524169921877,14.143524169921877,10.4444580078125,35.47500133514404
1972-03-18 11:01:53,24.167797088623047,81.02410125732422,151.9694061279297,90.98484802246094,97.0,60.82175827026367,99.9963836669922,0.0,41.052909796520936,193692.0,10.118072509765623,13.7899169921875,9.32928466796875,8.89410400390625,35.47500133514404
1972-03-18 11:01:54,24.22271156311035,81.08433532714844,152.6204376220703,90.98484802246094,96.5999984741211,60.81814193725586,99.9963836669922,0.0,44.057565086104155,193692.0,2.6383056640625,12.076385498046877,15.965850830078123,14.361114501953123,35.47500133514404
1972-03-18 11:01:55,24.200708389282227,81.02410125732422,153.89810943603516,90.98484802246094,97.0999984741211,60.81814193725586,99.9963836669922,0.0,43.58128586370533,193692.0,12.484375,14.76910400390625,10.172454833984377,14.796295166015623,35.47500133514404
1972-03-18 11:01:56,24.137601852416992,80.96385955810547,152.4169921875,90.98484802246094,97.0999984741211,60.82175827026367,99.9963836669922,0.0,41.975550876705,193692.0,10.498855590820312,11.342010498046877,12.756362915039062,8.921295166015625,35.47500133514404
1972-03-18 11:01:57,24.08812713623047,80.96385955810547,152.5227813720703,90.98484802246094,96.8000030517578,60.82175827026367,99.9963836669922,0.0,40.33219656862761,193692.0,5.847808837890625,13.762725830078123,9.438079833984377,11.09722900390625,35.47500133514404
1972-03-18 11:01:58,24.07861518859864,81.02410125732422,152.9459686279297,90.98484802246094,96.5999984741211,60.81814193725586,99.99276733398438,0.0,39.77669936674442,193692.0,13.055572509765623,12.0491943359375,15.095489501953123,12.674774169921877,35.47500133514404
1972-03-18 11:01:59,24.133207321166992,81.08433532714844,153.6783905029297,90.98484802246094,97.5999984741211,60.81814193725586,99.99276733398438,0.0,40.38984028058404,193692.0,14.41552734375,14.061920166015623,8.8125,10.036468505859377,35.47500133514404
1972-03-18 11:02:00,24.18898200988769,81.02410125732422,153.7272186279297,90.98484802246094,96.5999984741211,60.81814193725586,99.99276733398438,0.0,42.366185346419925,193692.0,7.34375,9.32928466796875,12.7835693359375,11.206024169921877,35.47500133514404
1972-03-18 11:02:01,24.21402740478516,80.96385955810547,153.3610076904297,90.98484802246094,96.6999969482422,60.81814193725586,99.99276733398438,0.0,42.3433939676367,193692.0,14.089141845703123,9.791656494140623,15.394683837890623,13.5179443359375,35.47500133514404
1972-03-18 11:02:02,24.144773483276367,80.90361022949219,152.79134368896484,90.98484802246094,97.5999984741211,60.81814193725586,99.99276733398438,0.0,43.53918395995202,193692.0,12.810775756835938,14.932281494140623,8.73089599609375,15.911468505859377,35.47500133514404
1972-03-18 11:02:03,24.084089279174805,80.90361022949219,153.45052337646484,90.98484802246094,96.8000030517578,60.81814193725586,99.9963836669922,0.0,42.516183457367816,193692.0,4.48785400390625,13.327545166015623,15.449066162109377,12.593170166015623,35.47500133514404
1972-03-18 11:02:04,24.032543182373047,80.96385955810547,153.49935150146484,90.98484802246094,97.29999542236328,60.81814193725586,99.9963836669922,0.0,42.638854572239595,193692.0,12.348388671875,13.21875,15.77545166015625,8.9757080078125,35.47500133514404
1972-03-18 11:02:05,24.03464698791504,81.08433532714844,153.40982818603516,90.98484802246094,97.6999969482422,60.81814193725586,99.99276733398438,0.0,39.63180099605772,193692.0,10.716445922851562,15.013885498046877,11.75,12.593170166015623,35.47500133514404
1972-03-18 11:02:06,24.07296371459961,81.02410125732422,152.490234375,90.98484802246094,96.6999969482422,60.82175827026367,99.9963836669922,0.0,41.85748503743632,193692.0,8.8397216796875,12.457183837890623,10.036468505859377,12.348388671875,35.47500133514404
1972-03-18 11:02:07,24.137939453125,81.02410125732422,152.65299224853516,90.98484802246094,96.8000030517578,60.81814193725586,99.9963836669922,0.0,42.613271570209065,193692.0,8.45892333984375,8.268524169921875,10.5804443359375,13.87152099609375,35.47500133514404
1972-03-18 11:02:08,24.11583709716797,80.96385955810547,153.8655548095703,90.98484802246094,97.1999969482422,60.81814193725586,99.99276733398438,0.0,42.827021703553186,193692.0,16.346649169921875,16.020263671875,13.626739501953123,13.00115966796875,35.47500133514404
1972-03-18 11:02:09,24.05623245239257,80.96385955810547,153.4342498779297,90.98484802246094,96.5999984741211,60.82175827026367,99.9963836669922,0.0,43.54072248297985,193692.0,7.88775634765625,12.3211669921875,14.333908081054688,7.697341918945312,35.47500133514404
1972-03-18 11:02:10,23.98415184020996,80.96385955810547,152.28678131103516,90.98484802246094,97.5,60.81814193725586,99.9963836669922,0.0,39.33821624428222,193692.0,7.452545166015625,10.28125,10.770843505859377,12.7835693359375,35.47500133514404
1972-03-18 11:02:11,23.951690673828125,80.96385955810547,153.27149200439453,90.98484802246094,97.6999969482422,60.82175827026367,99.9963836669922,0.0,41.854892549394854,193692.0,9.438079833984377,9.410888671875,13.381942749023438,10.335647583007812,35.47500133514404
1972-03-18 11:02:12,23.97092628479004,81.08433532714844,153.02734375,90.98484802246094,96.8000030517578,60.81814193725586,99.9963836669922,0.0,43.34302359490849,193692.0,9.954864501953123,13.245941162109377,11.3148193359375,7.5069580078125,35.47500133514404
1972-03-18 11:02:13,24.02718162536621,81.02410125732422,152.8645782470703,90.98484802246094,97.29999542236328,60.81814193725586,99.99276733398438,0.0,40.66416597133815,193692.0,6.0382080078125,10.28125,12.946746826171877,13.6539306640625,35.47500133514404
1972-03-18 11:02:14,24.09000015258789,80.96385955810547,152.79134368896484,90.98484802246094,97.29999542236328,60.82175827026367,99.99276733398438,0.0,41.54530534917465,193692.0,11.39642333984375,11.69561767578125,14.741897583007812,9.8460693359375,35.47500133514404
1972-03-18 11:02:15,24.081504821777344,80.96385955810547,153.857421875,90.98484802246094,96.20000457763672,60.81814193725586,99.99276733398438,0.0,45.92690178813849,193692.0,11.858795166015623,12.756378173828123,12.484375,12.429977416992188,35.47500133514404
1972-03-18 11:02:16,24.05282020568848,80.96385955810547,153.271484375,90.98484802246094,96.20000457763672,60.81814193725586,99.99276733398438,0.0,42.63990094051791,193692.0,10.417266845703123,12.892364501953123,9.574066162109377,6.3101806640625,35.47500133514404
1972-03-18 11:02:17,24.028234481811523,81.02410125732422,151.78223419189453,90.98484802246094,97.0,60.81814193725586,99.99276733398438,0.0,40.42357951422143,193692.0,11.206024169921877,9.574066162109377,15.177093505859377,11.369216918945312,35.47500133514404
1972-03-18 11:02:18,24.020658493041992,81.02410125732422,152.7587890625,90.98484802246094,97.0999984741211,60.81814193725586,99.9963836669922,0.0,40.71311197949648,193692.0,9.62847900390625,12.457183837890623,12.076385498046877,11.53240966796875,35.47500133514404
1972-03-18 11:02:19,24.02860641479492,81.02410125732422,151.6357421875,90.98484802246094,96.9000015258789,60.82175827026367,99.9963836669922,0.0,45.58972789931029,193692.0,10.553253173828123,11.23321533203125,9.9820556640625,9.383682250976562,35.47500133514404
1972-03-18 11:02:20,24.118408203125,80.96385955810547,153.08431243896484,90.98484802246094,97.1999969482422,60.81814193725586,99.9963836669922,0.0,41.15134703129903,193692.0,8.866912841796875,16.10186767578125,15.068283081054688,7.12615966796875,35.47500133514404
1972-03-18 11:02:21,24.181215286254883,80.96385955810547,153.857421875,90.98484802246094,98.0,60.82175827026367,99.9963836669922,0.0,41.05681491468514,193692.0,14.007537841796877,13.57232666015625,11.722808837890623,9.138885498046877,35.47500133514404
1972-03-18 11:02:22,24.17344284057617,80.96385955810547,153.0192108154297,90.98484802246094,97.79999542236328,60.81814193725586,99.9963836669922,0.0,41.7701894121169,193692.0,6.99017333984375,12.26678466796875,10.553237915039062,10.36285400390625,35.47500133514404
1972-03-18 11:02:23,24.14228057861328,80.96385955810547,151.5869140625,90.98484802246094,96.8000030517578,60.81814193725586,99.9963836669922,0.0,41.68772399748829,193692.0,12.348388671875,15.177093505859377,7.99652099609375,10.090850830078123,35.47500133514404
1972-03-18 11:02:24,24.13071060180664,81.02410125732422,152.5146484375,90.98484802246094,96.9000015258789,60.81814193725586,99.9963836669922,0.0,40.53563862522549,193692.0,7.234954833984375,9.438079833984377,15.802658081054688,14.9866943359375,35.500000953674316
1972-03-18 11:02:25,24.15503120422364,81.08433532714844,152.6041717529297,90.98484802246094,96.8000030517578,60.82175827026367,99.9963836669922,0.0,42.16518849641662,193692.0,10.417266845703123,15.884246826171877,15.8570556640625,6.4461822509765625,35.500000953674316
1972-03-18 11:02:26,24.211132049560547,81.02410125732422,152.24609375,90.98484802246094,96.5999984741211,60.81814193725586,99.99276733398438,0.0,41.33668336641298,193692.0,12.402786254882812,13.59954833984375,9.9820556640625,9.302093505859377,35.47500133514404
1972-03-18 11:02:27,24.238019943237305,80.96385955810547,153.1412811279297,90.98484802246094,97.39999389648438,60.81814193725586,99.99276733398438,0.0,40.817956714915354,193692.0,10.28125,14.46990966796875,15.557861328125,10.090850830078123,35.500000953674316
1972-03-18 11:02:28,24.19523048400879,80.96385955810547,151.99381256103516,90.98484802246094,96.5999984741211,60.81814193725586,99.9963836669922,0.0,42.11350835366597,193692.0,12.810775756835938,7.56134033203125,9.8460693359375,13.980316162109377,35.47500133514404
1972-03-18 11:02:29,24.09083747863769,80.96385955810547,152.8401641845703,90.98484802246094,97.5,60.82175827026367,99.9963836669922,0.0,42.176285220493796,193692.0,8.1053466796875,16.428253173828125,11.23321533203125,13.572341918945312,35.47500133514404
1972-03-18 11:02:30,24.057353973388672,81.02410125732422,153.45052337646484,91.06060791015624,97.29999542236328,60.81814193725586,99.9963836669922,0.0,41.89850742671321,193692.0,8.567718505859375,18.767364501953125,10.28125,13.545135498046877,35.47500038146973
1972-03-18 11:02:31,24.077022552490234,81.08433532714844,153.80859375,90.98484802246094,97.5,60.81814193725586,99.9963836669922,0.0,43.10648860749025,193692.0,11.641204833984377,9.873260498046877,14.497100830078123,14.8507080078125,35.500000953674316
1972-03-18 11:02:32,24.08946418762207,81.02410125732422,152.001953125,90.98484802246094,97.0,60.81814193725586,99.9963836669922,0.0,42.16376112179614,193692.0,8.1053466796875,17.897003173828125,11.342010498046877,12.022003173828123,35.500000953674316
1972-03-18 11:02:33,24.099830627441406,80.96385955810547,152.8238983154297,90.98484802246094,96.5999984741211,60.82175827026367,99.9963836669922,0.0,44.29196212311397,193692.0,9.79168701171875,13.953125,12.56597900390625,10.961227416992188,35.500000953674316
1972-03-18 11:02:34,24.1052303314209,80.96385955810547,152.44140625,90.98484802246094,97.6999969482422,60.82175827026367,99.9963836669922,0.0,41.556459314280495,193692.0,11.69561767578125,13.6539306640625,14.932281494140623,13.898727416992188,35.500000953674316
1972-03-18 11:02:35,24.021970748901367,81.02410125732422,152.55533599853516,90.98484802246094,97.29999542236328,60.82175827026367,99.9963836669922,0.0,42.42828151585411,193692.0,11.614013671875,7.316558837890625,12.647567749023438,9.601272583007812,35.500000953674316
1972-03-18 11:02:36,23.93657493591309,80.96385955810547,152.5146484375,90.98484802246094,96.9000015258789,60.81814193725586,99.9963836669922,0.0,46.38498575937401,193692.0,10.199661254882812,15.50347900390625,15.013885498046877,5.331024169921875,35.500000953674316
1972-03-18 11:02:37,23.9008903503418,80.96385955810547,151.4729766845703,90.98484802246094,96.5,60.82175827026367,99.9963836669922,0.0,42.480153859045,193692.0,9.166107177734377,12.375579833984377,11.342010498046877,11.042816162109377,35.500000953674316
1972-03-18 11:02:38,23.90986633300781,81.02410125732422,152.84017181396484,90.98484802246094,97.79999542236328,60.81814193725586,99.9963836669922,0.0,42.761511403950465,193692.0,12.593170166015623,12.375579833984377,11.913192749023438,8.622100830078125,35.500000953674316
1972-03-18 11:02:39,23.959930419921875,80.96385955810547,152.9052734375,90.98484802246094,96.5999984741211,60.82175827026367,99.9963836669922,0.0,45.84877817884932,193692.0,8.921295166015625,11.206024169921877,10.662033081054688,10.090850830078123,35.500000953674316
1972-03-18 11:02:40,24.05341529846192,81.02410125732422,153.0436248779297,90.98484802246094,97.89999389648438,60.81814193725586,99.9963836669922,0.0,39.83012012528509,193692.0,11.3148193359375,12.83795166015625,12.021987915039062,15.367477416992188,35.500000953674316
1972-03-18 11:02:41,24.13216590881348,80.96385955810547,152.7180938720703,90.98484802246094,96.10000610351562,60.81814193725586,99.9963836669922,0.0,42.90524118128025,193692.0,10.934036254882812,10.825225830078123,10.988433837890623,6.500579833984375,35.500000953674316
1972-03-18 11:02:42,24.149526596069336,80.96385955810547,152.7587890625,90.98484802246094,96.3000030517578,60.81814193725586,99.9963836669922,0.0,44.823029170685146,193692.0,11.26043701171875,13.43634033203125,9.9820556640625,8.758102416992188,35.500000953674316
1972-03-18 11:02:43,24.151065826416016,80.96385955810547,152.88085174560547,90.98484802246094,96.9000015258789,60.81814193725586,99.9963836669922,0.0,41.96298295845386,193692.0,12.402786254882812,14.33392333984375,11.940399169921877,12.7835693359375,35.500000953674316
1972-03-18 11:02:44,24.185869216918945,81.02410125732422,153.02733612060547,90.98484802246094,97.5,60.81814193725586,99.9963836669922,0.0,41.62836018627545,193692.0,13.21875,11.777191162109377,13.245941162109377,12.13079833984375,35.500000953674316
1972-03-18 11:02:45,24.284278869628903,81.08433532714844,152.4983673095703,90.98484802246094,96.6999969482422,60.81814193725586,99.9963836669922,0.0,42.88281250736337,193692.0,6.473388671875,15.5850830078125,11.23321533203125,11.66839599609375,35.500000953674316
1972-03-18 11:02:46,24.39348793029785,80.96385955810547,152.60416412353516,90.98484802246094,98.29999542236328,60.81814193725586,99.9963836669922,0.0,38.5748237205839,193692.0,12.26678466796875,12.674774169921877,8.676513671875,13.953125,35.500000953674316
1972-03-18 11:02:47,24.491596221923828,80.96385955810547,151.953125,90.98484802246094,96.5999984741211,60.81814193725586,99.9963836669922,0.0,40.18518104613084,193692.0,11.233230590820312,11.3148193359375,13.191558837890623,9.166091918945312,35.500000953674316
1972-03-18 11:02:48,24.47248268127441,80.96385955810547,152.0345001220703,90.98484802246094,96.4000015258789,60.81814193725586,99.9963836669922,0.0,41.8050773660434,193692.0,6.582183837890625,13.89874267578125,12.429977416992188,8.45892333984375,35.500000953674316
1972-03-18 11:02:49,24.42485237121582,80.96385955810547,151.8310546875,90.98484802246094,96.5,60.82175827026367,99.9963836669922,0.0,41.73644624403106,193692.0,10.145263671875,11.124420166015623,14.442718505859377,11.777191162109377,35.500000953674316
1972-03-18 11:02:50,24.32645797729492,81.08433532714844,151.9775390625,90.98484802246094,96.4000015258789,60.81814193725586,99.9963836669922,0.0,41.32322740897612,193692.0,12.620391845703123,18.38656616210937,7.098968505859375,14.17071533203125,35.500000953674316
1972-03-18 11:02:51,24.284299850463867,81.02410125732422,153.30403900146484,90.98484802246094,97.6999969482422,60.81814193725586,99.9963836669922,0.0,42.0289082590302,193692.0,11.559616088867188,15.476287841796877,16.292236328125,9.873260498046877,35.500000953674316
1972-03-18 11:02:52,24.29218864440918,80.90361022949219,152.4332733154297,90.98484802246094,97.29999542236328,60.81814193725586,99.9963836669922,0.0,42.61583829841828,193692.0,12.0491943359375,12.239593505859377,18.27777099609375,10.28125,35.500000953674316
1972-03-18 11:02:53,24.3050594329834,80.84336853027344,152.44139862060547,90.98484802246094,97.0999984741211,60.81814193725586,99.9963836669922,0.0,39.67491882311109,193692.0,10.634857177734377,10.988433837890623,9.193283081054688,9.900466918945312,35.500000953674316
1972-03-18 11:02:54,24.26913452148437,80.96385955810547,151.7171173095703,90.98484802246094,96.8000030517578,60.81814193725586,99.9963836669922,0.0,43.10782083266793,193692.0,9.764480590820312,11.124420166015623,15.095489501953123,5.4398193359375,35.500000953674316
1972-03-18 11:02:55,24.137067794799805,81.08433532714844,152.5797576904297,90.98484802246094,95.8000030517578,60.81814193725586,99.9963836669922,0.0,42.81090845155287,193692.0,13.789947509765623,11.477996826171877,13.599533081054688,9.166091918945312,35.500000953674316
1972-03-18 11:02:56,23.98736000061035,81.08433532714844,152.26236724853516,90.98484802246094,98.0,60.81814193725586,99.9963836669922,0.0,42.847330272811085,193692.0,12.973968505859377,14.660308837890623,14.633102416992188,11.804397583007812,35.500000953674316
1972-03-18 11:02:57,23.84963607788086,80.90361022949219,151.56250762939453,90.98484802246094,97.39999389648438,60.81814193725586,99.9963836669922,0.0,40.65646975330768,193692.0,7.42535400390625,11.5867919921875,12.729156494140623,10.226852416992188,35.500000953674316
1972-03-18 11:02:58,23.77399635314941,80.84336853027344,152.55533599853516,90.98484802246094,96.8000030517578,60.81814193725586,99.9963836669922,0.0,42.83700454277018,193692.0,9.03009033203125,10.79803466796875,9.9820556640625,14.76910400390625,35.500000953674316
1972-03-18 11:02:59,23.76815223693848,81.02410125732422,152.57975006103516,90.98484802246094,96.5999984741211,60.81814193725586,99.9963836669922,0.0,44.958112667825816,193692.0,9.465301513671877,15.313079833984377,8.5133056640625,10.417236328125,35.500000953674316
1972-03-18 11:03:00,23.8129997253418,81.08433532714844,151.05794525146484,90.98484802246094,96.9000015258789,60.82175827026367,99.9963836669922,0.0,39.783866151589876,193692.0,14.007537841796877,12.457183837890623,9.954864501953123,11.722808837890623,35.500000953674316
1972-03-18 11:03:01,23.82685279846192,81.02410125732422,152.62857818603516,90.98484802246094,96.5999984741211,60.81814193725586,99.9963836669922,0.0,43.37157769613883,193692.0,6.25579833984375,11.206024169921877,15.884246826171877,12.076385498046877,35.500000953674316
1972-03-18 11:03:02,23.79281234741211,80.96385955810547,153.62142181396484,90.98484802246094,97.0999984741211,60.81814193725586,99.9963836669922,0.0,41.192508092246726,193692.0,15.612274169921877,13.13714599609375,11.287612915039062,12.26678466796875,35.500000953674316
1972-03-18 11:03:03,23.774309158325195,80.96385955810547,152.23795318603516,90.98484802246094,96.9000015258789,60.82175827026367,99.9963836669922,0.0,41.03749864115011,193692.0,13.980331420898438,9.92767333984375,11.695602416992188,9.166091918945312,35.500000953674316
1972-03-18 11:03:04,23.79769515991211,80.96385955810547,153.02734375,90.98484802246094,96.3000030517578,60.81814193725586,99.9963836669922,0.0,44.33529347080184,193692.0,8.2413330078125,14.2523193359375,14.9866943359375,10.145263671875,35.500000953674316
1972-03-18 11:03:05,23.89113426208496,80.96385955810547,153.3203125,90.98484802246094,96.5,60.82175827026367,99.9963836669922,0.0,43.652099041700616,193692.0,12.919570922851562,12.511566162109377,13.055557250976562,12.593170166015623,35.500000953674316
1972-03-18 11:03:06,24.036909103393555,81.02410125732422,152.01822662353516,90.98484802246094,96.6999969482422,60.82175827026367,99.9963836669922,0.0,43.53414549434495,193692.0,15.258697509765623,18.0601806640625,7.071746826171875,11.369216918945312,35.500000953674316
1972-03-18 11:03:07,24.19533920288086,81.02410125732422,152.40885162353516,90.98484802246094,96.4000015258789,60.81814193725586,99.9963836669922,0.0,40.50387400371106,193692.0,5.38543701171875,8.622100830078125,12.10357666015625,11.124420166015623,35.500000953674316
1972-03-18 11:03:08,24.2540340423584,81.02410125732422,153.84928131103516,90.98484802246094,97.29999542236328,60.81814193725586,99.9963836669922,0.0,43.52877238530464,193692.0,10.254058837890623,12.0491943359375,15.367477416992188,9.03009033203125,35.500000953674316
1972-03-18 11:03:09,24.270368576049805,81.02410125732422,152.81575775146484,91.06060791015624,97.1999969482422,60.82175827026367,99.9963836669922,0.0,42.224396748267516,193692.0,12.239593505859377,16.129058837890625,8.5133056640625,12.484375,35.500000953674316
1972-03-18 11:03:10,24.2593936920166,80.96385955810547,152.93782806396484,90.98484802246094,97.5,60.81814193725586,99.9963836669922,0.0,40.39696942560089,193692.0,9.438079833984377,18.7945556640625,12.429977416992188,9.356475830078123,35.500000953674316
1972-03-18 11:03:11,24.26027488708496,80.96385955810547,152.6448516845703,90.98484802246094,97.5999984741211,60.81814193725586,99.9963836669922,0.0,41.9067613484975,193692.0,14.442718505859377,7.942138671875,8.404510498046875,15.530670166015623,35.500000953674316
1972-03-18 11:03:12,24.30340576171875,80.96385955810547,152.7506561279297,90.98484802246094,95.4000015258789,60.81814193725586,99.9963836669922,0.0,42.18206654473903,193692.0,7.3709716796875,13.626739501953123,13.381942749023438,11.586807250976562,35.500000953674316
1972-03-18 11:03:13,24.3542537689209,80.96385955810547,152.0751953125,90.98484802246094,97.1999969482422,60.81814193725586,99.9963836669922,0.0,41.723484711727004,193692.0,11.9132080078125,12.593170166015623,12.756362915039062,11.478012084960938,35.500000953674316
1972-03-18 11:03:14,24.35522651672364,81.02410125732422,153.6865234375,90.98484802246094,97.39999389648438,60.82175827026367,99.9963836669922,0.0,41.43929436823256,193692.0,12.293991088867188,14.551513671875,14.660308837890623,11.4508056640625,35.500000953674316
1972-03-18 11:03:15,24.25790023803711,81.02410125732422,153.19010162353516,90.98484802246094,96.9000015258789,60.81814193725586,99.9963836669922,0.0,41.17917828459947,193692.0,13.925933837890623,17.40740966796875,12.10357666015625,10.879638671875,35.500000953674316
1972-03-18 11:03:16,24.13925170898437,81.02410125732422,151.9775390625,90.98484802246094,95.8000030517578,60.81814193725586,99.9963836669922,0.0,43.576546074880376,193692.0,9.465301513671877,13.59954833984375,9.76446533203125,9.438079833984377,35.500000953674316
1972-03-18 11:03:17,24.060789108276367,80.96385955810547,151.83919525146484,90.98484802246094,96.6999969482422,60.81814193725586,99.9963836669922,0.0,40.98664804618518,193692.0,8.078125,12.6475830078125,10.090850830078123,9.76446533203125,35.500000953674316
1972-03-18 11:03:18,24.029197692871094,81.02410125732422,152.61231231689453,90.98484802246094,97.5999984741211,60.81814193725586,99.9963836669922,0.0,43.02084183321136,193692.0,14.8507080078125,15.36749267578125,16.183441162109375,10.49884033203125,35.500000953674316
1972-03-18 11:03:19,24.034507751464844,80.96385955810547,152.74251556396484,90.98484802246094,96.6999969482422,60.82175827026367,99.9963836669922,0.0,43.70059004822156,193692.0,12.919570922851562,15.63946533203125,16.292236328125,7.8061370849609375,35.500000953674316
1972-03-18 11:03:20,24.036535263061523,80.96385955810547,152.4251251220703,90.98484802246094,97.0,60.81814193725586,99.9963836669922,0.0,42.133651725546294,193692.0,5.766204833984375,14.741912841796877,14.9866943359375,10.607635498046877,35.52500057220459
1972-03-18 11:03:21,24.00301742553711,81.02410125732422,152.294921875,90.98484802246094,96.9000015258789,60.82175827026367,99.9963836669922,0.0,41.693443375633535,193692.0,9.383697509765623,15.8570556640625,15.367477416992188,9.1116943359375,35.500000953674316
1972-03-18 11:03:22,23.94379997253418,81.02410125732422,151.60318756103516,90.98484802246094,98.0999984741211,60.81814193725586,99.9963836669922,0.0,41.998590904952245,193692.0,9.465301513671877,19.31134033203125,10.444442749023438,16.047454833984375,35.500000953674316
1972-03-18 11:03:23,23.89230155944824,80.96385955810547,151.84732818603516,90.98484802246094,97.5999984741211,60.81814193725586,99.9963836669922,0.0,38.467856687534784,193692.0,8.1053466796875,14.007537841796877,9.16607666015625,13.59954833984375,35.500000953674316
1972-03-18 11:03:24,23.87219619750977,81.02410125732422,151.18001556396484,90.98484802246094,97.0,60.82175827026367,99.9963836669922,0.0,40.99869446127192,193692.0,9.7100830078125,11.75,15.449066162109377,12.13079833984375,35.500000953674316
1972-03-18 11:03:25,23.93277931213379,80.96385955810547,152.29492950439453,90.98484802246094,96.9000015258789,60.82175827026367,99.9963836669922,0.0,42.40952203951188,193692.0,8.567718505859375,15.2586669921875,12.620361328125,13.164352416992188,35.500000953674316
1972-03-18 11:03:26,24.02538108825684,80.90361022949219,150.8626251220703,90.98484802246094,96.20000457763672,60.82175827026367,99.9963836669922,0.0,44.722786893432065,193692.0,11.39642333984375,15.666656494140623,9.03009033203125,10.852432250976562,35.500000953674316
1972-03-18 11:03:27,24.146867752075195,81.02410125732422,152.21353912353516,90.98484802246094,96.5999984741211,60.81814193725586,99.9963836669922,0.0,44.48767791690196,193692.0,14.823516845703123,11.940399169921877,9.519683837890623,13.87152099609375,35.52500057220459
1972-03-18 11:03:28,24.192441940307617,81.02410125732422,152.3681640625,90.98484802246094,96.9000015258789,60.81814193725586,99.9963836669922,0.0,38.79076676269199,193692.0,7.15338134765625,9.16607666015625,14.46990966796875,12.56597900390625,35.500000953674316
1972-03-18 11:03:29,24.15228843688965,80.96385955810547,151.8310546875,90.98484802246094,96.6999969482422,60.81814193725586,99.9963836669922,0.0,43.74048135654524,193692.0,9.519683837890623,13.89874267578125,7.34375,8.567718505859375,35.52500057220459
1972-03-18 11:03:30,24.101024627685547,80.96385955810547,151.5055389404297,90.98484802246094,96.8000030517578,60.81814193725586,99.9963836669922,0.0,43.37924772619679,193692.0,11.124420166015623,16.07464599609375,8.703704833984375,12.375579833984377,35.500000953674316
1972-03-18 11:03:31,24.08652877807617,81.02410125732422,152.54720306396484,91.06060791015624,98.0999984741211,60.81814193725586,99.9963836669922,0.0,40.67516299530309,193692.0,7.479766845703125,13.626739501953123,14.089111328125,9.492477416992188,35.500000953674316
1972-03-18 11:03:32,24.13983726501465,81.02410125732422,151.5462188720703,90.98484802246094,97.39999389648438,60.82175827026367,99.9963836669922,0.0,41.015313173507394,193692.0,10.607650756835938,13.21875,10.28125,12.429977416992188,35.52500057220459
1972-03-18 11:03:33,24.21058654785156,81.08433532714844,151.09049224853516,90.98484802246094,97.1999969482422,60.82175827026367,99.9963836669922,0.0,41.04195135709177,193692.0,8.59490966796875,16.129058837890625,12.9195556640625,10.879638671875,35.500000953674316
1972-03-18 11:03:34,24.248083114624023,81.02410125732422,152.34375,90.98484802246094,96.3000030517578,60.81814193725586,99.9963836669922,0.0,43.70090841808202,193692.0,7.751739501953125,11.3148193359375,14.60589599609375,8.2413330078125,35.500000953674316
1972-03-18 11:03:35,24.182680130004883,80.90361022949219,152.87271881103516,90.98484802246094,97.29999542236328,60.81814193725586,99.9963836669922,0.0,42.41843237893129,193692.0,10.553253173828123,11.83160400390625,17.3258056640625,11.885986328125,35.500000953674316
1972-03-18 11:03:36,24.09417152404785,80.90361022949219,151.7822265625,90.98484802246094,97.39999389648438,60.82175827026367,99.9963836669922,0.0,40.435954381966525,193692.0,13.055572509765623,13.6539306640625,13.57232666015625,7.153350830078125,35.52500057220459
1972-03-18 11:03:37,24.052322387695312,81.02410125732422,152.40885162353516,90.98484802246094,96.4000015258789,60.81814193725586,99.9963836669922,0.0,41.45143820025845,193692.0,5.766204833984375,14.497100830078123,10.335647583007812,9.32928466796875,35.500000953674316
1972-03-18 11:03:38,24.064373016357425,81.08433532714844,152.05078125,90.98484802246094,97.29999542236328,60.82175827026367,99.9963836669922,0.0,39.78104430474558,193692.0,15.394683837890623,12.375579833984377,12.946746826171877,12.892364501953123,35.52500057220459
1972-03-18 11:03:39,24.109678268432617,81.02410125732422,151.1800079345703,90.98484802246094,96.20000457763672,60.82175827026367,99.9963836669922,0.0,41.99238181657802,193692.0,8.730926513671875,10.335662841796877,10.090850830078123,16.401046752929688,35.52500057220459
1972-03-18 11:03:40,24.17464065551757,80.96385955810547,153.0924530029297,90.98484802246094,97.6999969482422,60.81814193725586,99.9963836669922,0.0,40.177576047731854,193692.0,7.56134033203125,16.020263671875,12.076385498046877,10.689239501953123,35.52500057220459
1972-03-18 11:03:41,24.18223762512207,80.96385955810547,153.4912109375,90.98484802246094,97.89999389648438,60.82175827026367,99.9963836669922,0.0,39.691858165390315,193692.0,12.0491943359375,12.10357666015625,13.5179443359375,13.980316162109377,35.52500057220459
1972-03-18 11:03:42,24.119871139526367,80.96385955810547,151.44042205810547,90.98484802246094,97.0,60.82175827026367,99.9963836669922,0.0,42.47115890789948,193692.0,10.417266845703123,14.361114501953123,9.03009033203125,9.302093505859377,35.52500057220459
1972-03-18 11:03:43,24.07096099853516,81.08433532714844,151.58690643310547,90.98484802246094,97.89999389648438,60.81814193725586,99.9963836669922,0.0,38.720222064519845,193692.0,11.967605590820312,14.8507080078125,11.477996826171877,8.758102416992188,35.52500057220459
1972-03-18 11:03:44,24.0419979095459,80.96385955810547,151.49739837646484,90.98484802246094,97.89999389648438,60.81814193725586,99.9963836669922,0.0,39.147895295896504,193692.0,7.58856201171875,17.7882080078125,11.53240966796875,11.722808837890623,35.52500057220459
1972-03-18 11:03:45,24.074676513671875,80.90361022949219,151.56249237060547,90.98484802246094,96.6999969482422,60.82175827026367,99.9963836669922,0.0,41.879784082856816,193692.0,11.53240966796875,15.9930419921875,9.274871826171877,10.770843505859377,35.500000953674316
1972-03-18 11:03:46,24.13265037536621,80.96385955810547,151.1962890625,90.98484802246094,95.9000015258789,60.81814193725586,99.9963836669922,0.0,44.11975648370012,193692.0,11.586822509765623,9.92767333984375,13.327545166015623,11.505218505859377,35.52500057220459
1972-03-18 11:03:47,24.17120742797852,81.02410125732422,151.09862518310547,90.98484802246094,95.5999984741211,60.82175827026367,99.9963836669922,0.0,43.2014144765343,193692.0,9.05731201171875,13.626739501953123,10.662033081054688,9.737274169921877,35.500000953674316
1972-03-18 11:03:48,24.13861846923828,81.02410125732422,151.81478118896484,90.98484802246094,96.4000015258789,60.82175827026367,99.9963836669922,0.0,41.447822337452834,193692.0,11.505218505859377,13.925933837890623,13.327545166015623,8.948486328125,35.52500057220459
1972-03-18 11:03:49,24.05781364440918,81.02410125732422,151.91243743896484,90.98484802246094,96.20000457763672,60.82175827026367,99.9963836669922,0.0,42.78186019544727,193692.0,11.070037841796877,15.34027099609375,11.505218505859377,7.534149169921875,35.52500057220459
1972-03-18 11:03:50,24.01543235778809,81.02410125732422,151.513671875,90.98484802246094,96.8000030517578,60.82175827026367,99.9963836669922,0.0,41.76010481452509,193692.0,11.042831420898438,12.946746826171877,10.79803466796875,8.567718505859375,35.500000953674316
1972-03-18 11:03:51,24.029634475708008,81.02410125732422,152.22982025146484,90.98484802246094,97.39999389648438,60.82175827026367,99.9963836669922,0.0,41.15143618075527,193692.0,13.00115966796875,10.471649169921877,12.973968505859377,9.03009033203125,35.500000953674316
1972-03-18 11:03:52,24.101634979248047,81.02410125732422,150.97657012939453,90.98484802246094,95.9000015258789,60.82175827026367,99.9963836669922,0.0,43.58955074936306,193692.0,7.615753173828125,13.273162841796877,11.994781494140623,9.356475830078123,35.52500057220459
1972-03-18 11:03:53,24.19254302978516,80.96385955810547,150.89517211914062,90.98484802246094,96.3000030517578,60.82175827026367,99.9963836669922,0.0,40.95889453210615,193692.0,10.090866088867188,11.1788330078125,11.396408081054688,9.546875,35.52500057220459
1972-03-18 11:03:54,24.246320724487305,80.96385955810547,151.16373443603516,90.98484802246094,97.5,60.81814193725586,99.9963836669922,0.0,38.68050138234928,193692.0,8.676513671875,11.858795166015623,11.015625,8.703704833984375,35.52500057220459
1972-03-18 11:03:55,24.208553314208984,80.96385955810547,152.05892181396484,90.98484802246094,97.1999969482422,60.82175827026367,99.9963836669922,0.0,42.037110744868485,193692.0,8.45892333984375,13.57232666015625,14.007522583007812,9.084503173828123,35.500000953674316
1972-03-18 11:03:56,24.138341903686523,80.96385955810547,151.66015625,90.98484802246094,97.0,60.82175827026367,99.9963836669922,0.0,42.2689067462909,193692.0,9.49249267578125,12.42999267578125,10.63482666015625,11.858795166015623,35.52500057220459
1972-03-18 11:03:57,24.09687232971192,80.96385955810547,150.6428985595703,90.98484802246094,96.10000610351562,60.82175827026367,99.9963836669922,0.0,41.16118966247498,193692.0,5.739013671875,13.30035400390625,11.994781494140623,11.777191162109377,35.52500057220459
1972-03-18 11:03:58,24.09364891052246,81.02410125732422,151.9694061279297,90.98484802246094,97.39999389648438,60.81814193725586,99.9963836669922,0.0,41.83422560350842,193692.0,4.895843505859375,14.30670166015625,13.5179443359375,10.66204833984375,35.52500057220459
1972-03-18 11:03:59,24.13430404663086,80.96385955810547,151.46485137939453,90.98484802246094,98.5,60.82175827026367,99.9963836669922,0.0,39.22137697234703,193692.0,8.567718505859375,6.52777099609375,10.79803466796875,9.737274169921877,35.52500057220459
1972-03-18 11:04:00,24.17806625366211,81.08433532714844,150.8626251220703,90.98484802246094,98.0,60.82175827026367,99.9963836669922,0.0,37.14708159419135,193692.0,10.390045166015623,12.756378173828123,7.1805572509765625,8.486114501953125,35.52500057220459
1972-03-18 11:04:01,24.16820526123047,81.02410125732422,150.6591796875,90.98484802246094,96.6999969482422,60.82175827026367,99.9963836669922,0.0,40.32782268311354,193692.0,8.32293701171875,12.42999267578125,9.574066162109377,10.417236328125,35.52500057220459
1972-03-18 11:04:02,24.086275100708008,81.02410125732422,151.83919525146484,90.98484802246094,97.0999984741211,60.82175827026367,99.9963836669922,0.0,41.87157242809613,193692.0,8.486114501953125,10.145263671875,13.626739501953123,8.540512084960938,35.52500057220459
1972-03-18 11:04:03,24.004240036010746,80.96385955810547,151.4973907470703,90.98484802246094,96.0,60.82175827026367,99.9963836669922,0.0,41.017678316521824,193692.0,14.660308837890623,10.49884033203125,10.526031494140623,11.151611328125,35.52500057220459
1972-03-18 11:04:04,23.93587875366211,81.02410125732422,152.92154693603516,90.98484802246094,97.6999969482422,60.81814193725586,99.9963836669922,0.0,39.21089664486305,193692.0,12.0491943359375,13.327545166015623,12.810760498046877,10.553253173828123,35.52500057220459
1972-03-18 11:04:05,23.95915985107422,81.02410125732422,152.92154693603516,90.98484802246094,97.6999969482422,60.82175827026367,99.9963836669922,0.0,39.173031087051704,193692.0,12.0491943359375,13.327545166015623,12.810760498046877,10.553253173828123,35.52500057220459
1972-03-18 11:04:06,24.005165100097656,81.02410125732422,151.71712493896484,90.98484802246094,96.9000015258789,60.82175827026367,99.9963836669922,0.0,42.65022104592384,193692.0,8.132537841796875,13.5179443359375,10.825225830078123,9.682861328125,35.52500057220459
1972-03-18 11:04:07,24.005165100097656,80.96385955810547,151.4567108154297,90.98484802246094,97.1999969482422,60.82175827026367,99.9963836669922,0.0,42.64669678569669,193692.0,10.553253173828123,13.681121826171877,8.785308837890625,12.239593505859377,35.52500057220459
1972-03-18 11:04:08,24.06541633605957,80.96385955810547,152.490234375,90.98484802246094,97.6999969482422,60.82175827026367,99.9963836669922,0.0,40.63530207037071,193692.0,10.471649169921877,16.645843505859375,11.53240966796875,10.308441162109377,35.52500057220459
1972-03-18 11:04:09,24.03144645690918,80.96385955810547,151.3346405029297,90.98484802246094,97.29999542236328,60.81814193725586,99.9963836669922,0.0,40.14320691010738,193692.0,2.88311767578125,10.090850830078123,12.1851806640625,12.511566162109377,35.52500057220459
1972-03-18 11:04:10,23.9738883972168,81.02410125732422,152.01822662353516,90.98484802246094,97.1999969482422,60.82175827026367,99.9963836669922,0.0,42.6286655610029,193692.0,9.873275756835938,16.428253173828125,6.500579833984375,4.2430572509765625,35.52500057220459
1972-03-18 11:04:11,23.93391227722168,81.08433532714844,151.18001556396484,90.98484802246094,97.0999984741211,60.82175827026367,99.9963836669922,0.0,42.193227381351505,193692.0,12.103607177734377,11.124420166015623,10.335647583007812,10.36285400390625,35.52500057220459
1972-03-18 11:04:12,23.96134185791016,81.02410125732422,151.0416717529297,90.98484802246094,97.0,60.81814193725586,99.9963836669922,0.0,42.08625564809446,193692.0,4.678253173828125,12.022003173828123,14.116317749023438,7.670135498046875,35.52500057220459
1972-03-18 11:04:13,24.03546714782715,80.96385955810547,151.3020782470703,90.98484802246094,96.5999984741211,60.81814193725586,99.9963836669922,0.0,41.57385112748816,193692.0,12.892364501953123,12.0491943359375,9.62847900390625,14.089111328125,35.52500057220459
1972-03-18 11:04:14,24.132715225219727,80.90361022949219,152.5146484375,90.98484802246094,96.6999969482422,60.81814193725586,99.9963836669922,0.0,43.441092202145455,193692.0,11.287628173828123,20.5625,13.327545166015623,9.546875,35.52500057220459
1972-03-18 11:04:15,24.194854736328125,80.96385955810547,151.8880157470703,90.98484802246094,97.0,60.81814193725586,99.9963836669922,0.0,39.06868151792911,193692.0,7.452545166015625,10.36285400390625,10.145263671875,15.149887084960938,35.52500057220459
1972-03-18 11:04:16,24.19070625305176,81.08433532714844,153.32845306396484,90.98484802246094,96.8000030517578,60.81814193725586,99.9963836669922,0.0,41.45309726949607,193692.0,11.641204833984377,10.879638671875,11.885986328125,10.879638671875,35.52500057220459
1972-03-18 11:04:17,24.127073287963867,81.08433532714844,150.69986724853516,90.98484802246094,97.89999389648438,60.82175827026367,99.9963836669922,0.0,39.42143762596807,193692.0,13.59954833984375,15.9930419921875,9.9820556640625,13.3819580078125,35.52500057220459
1972-03-18 11:04:18,24.084556579589844,81.02410125732422,151.6764373779297,90.98484802246094,96.20000457763672,60.81814193725586,99.9963836669922,0.0,42.30228924062923,193692.0,9.954864501953123,8.2413330078125,12.892364501953123,12.538772583007812,35.52500057220459
1972-03-18 11:04:19,24.08419609069824,80.96385955810547,152.12401580810547,90.98484802246094,97.0999984741211,60.81814193725586,99.9963836669922,0.0,43.11050937847345,193692.0,8.050933837890625,6.1741943359375,13.028350830078123,11.4508056640625,35.52500057220459
1972-03-18 11:04:20,24.116714477539062,80.96385955810547,151.31021881103516,90.98484802246094,97.1999969482422,60.81814193725586,99.9963836669922,0.0,39.78545431135334,193692.0,10.471649169921877,15.8570556640625,13.73553466796875,12.511566162109377,35.52500057220459
1972-03-18 11:04:21,24.176212310791016,81.02410125732422,151.4892578125,90.98484802246094,97.0999984741211,60.81814193725586,99.9963836669922,0.0,42.33093683477895,193692.0,11.369232177734377,18.495361328125,11.885986328125,7.8061370849609375,35.52500057220459
1972-03-18 11:04:22,24.16558265686035,81.02410125732422,150.634765625,90.98484802246094,96.9000015258789,60.82175827026367,99.9963836669922,0.0,40.70004281860893,193692.0,6.33740234375,11.015625,12.620361328125,10.961227416992188,35.52500057220459
1972-03-18 11:04:23,24.097118377685547,80.96385955810547,151.708984375,90.98484802246094,96.3000030517578,60.81814193725586,99.9963836669922,0.0,42.58992759915243,193692.0,10.22686767578125,13.21875,11.804397583007812,9.03009033203125,35.52500057220459
1972-03-18 11:04:24,24.016319274902344,80.96385955810547,152.3844451904297,90.98484802246094,97.39999389648438,60.81814193725586,99.9963836669922,0.0,41.01416197062964,193692.0,14.33392333984375,13.980316162109377,15.313079833984377,9.7100830078125,35.52500057220459
1972-03-18 11:04:25,23.9707088470459,80.96385955810547,151.9287109375,90.98484802246094,97.29999542236328,60.81814193725586,99.9963836669922,0.0,40.65224293826444,193692.0,7.452545166015625,11.505218505859377,11.342010498046877,13.245941162109377,35.52500057220459
1972-03-18 11:04:26,24.00995635986328,81.08433532714844,152.3193359375,90.98484802246094,97.6999969482422,60.81814193725586,99.9963836669922,0.0,42.848358120172236,193692.0,11.559616088867188,15.9930419921875,16.292236328125,10.19964599609375,35.52500057220459
1972-03-18 11:04:27,24.082683563232425,81.08433532714844,151.0660858154297,90.98484802246094,96.5999984741211,60.82175827026367,99.9963836669922,0.0,41.50753263317361,193692.0,9.764480590820312,10.79803466796875,8.73089599609375,13.00115966796875,35.52500057220459
1972-03-18 11:04:28,24.132543563842773,80.96385955810547,151.6194610595703,90.98484802246094,97.39999389648438,60.81814193725586,99.9963836669922,0.0,41.23214926050016,193692.0,9.220489501953123,16.265045166015625,13.273147583007812,12.620361328125,35.52500057220459
1972-03-18 11:04:29,24.113422393798828,80.96385955810547,151.7008514404297,90.98484802246094,96.6999969482422,60.81814193725586,99.9963836669922,0.0,41.44979022142828,193692.0,13.354766845703123,15.530670166015623,10.93402099609375,12.293975830078123,35.52500057220459
1972-03-18 11:04:30,24.05627822875977,80.90361022949219,152.83202362060547,90.98484802246094,97.5999984741211,60.82175827026367,99.9963836669922,0.0,40.959795813935116,193692.0,8.1053466796875,10.417236328125,13.73553466796875,14.714691162109377,35.52500057220459
1972-03-18 11:04:31,24.010984420776367,81.02410125732422,151.5055389404297,90.98484802246094,97.0999984741211,60.81814193725586,99.9963836669922,0.0,40.51987012767273,193692.0,11.342025756835938,17.27142333984375,9.655670166015623,9.166091918945312,35.52500057220459
1972-03-18 11:04:32,24.011125564575195,81.02410125732422,151.31021881103516,90.98484802246094,96.5,60.81814193725586,99.9963836669922,0.0,40.01544792590524,193692.0,10.36285400390625,13.708343505859377,14.007522583007812,12.484375,35.52500057220459
1972-03-18 11:04:33,24.08651733398437,81.02410125732422,152.18912506103516,90.98484802246094,97.0,60.82175827026367,99.9963836669922,0.0,41.39457520395507,193692.0,10.28125,16.645843505859375,14.225112915039062,10.090850830078123,35.52500057220459
1972-03-18 11:04:34,24.166236877441406,81.02410125732422,150.21158599853516,90.98484802246094,96.4000015258789,60.82175827026367,99.9963836669922,0.0,44.4449448100831,193692.0,11.26043701171875,10.825225830078123,9.46527099609375,11.3148193359375,35.52500057220459
1972-03-18 11:04:35,24.20165061950684,80.96385955810547,151.45670318603516,90.98484802246094,96.8000030517578,60.82175827026367,99.9963836669922,0.0,41.88336988178791,193692.0,11.09722900390625,15.530670166015623,12.293975830078123,9.46527099609375,35.52500057220459
1972-03-18 11:04:36,24.18155288696289,80.90361022949219,151.904296875,90.98484802246094,96.4000015258789,60.81814193725586,99.9963836669922,0.0,41.17215784260384,193692.0,10.390045166015623,10.471649169921877,10.172454833984377,12.076385498046877,35.52500057220459
1972-03-18 11:04:37,24.11669158935547,81.02410125732422,151.74153900146484,90.98484802246094,96.5,60.81814193725586,99.9963836669922,0.0,41.99339090541258,193693.0,7.670135498046875,14.877899169921877,17.081024169921875,10.390045166015623,35.52500057220459
1972-03-18 11:04:38,24.06967735290528,81.02410125732422,151.4729766845703,90.98484802246094,97.0999984741211,60.82175827026367,99.9963836669922,0.0,40.097689810873575,193693.0,9.138885498046877,11.39642333984375,11.3148193359375,11.994796752929688,35.52500057220459
1972-03-18 11:04:39,24.089052200317383,80.96385955810547,152.1728515625,90.98484802246094,98.0,60.81814193725586,99.9963836669922,0.0,42.26444477541293,193693.0,14.089141845703123,17.516204833984375,13.708343505859377,11.777191162109377,35.52500057220459
1972-03-18 11:04:40,24.149734497070312,80.96385955810547,150.83821868896484,90.98484802246094,96.6999969482422,60.81814193725586,99.9963836669922,0.0,43.69914526147787,193693.0,9.35650634765625,10.93402099609375,13.545135498046877,11.260421752929688,35.52500057220459
1972-03-18 11:04:41,24.204933166503903,80.96385955810547,150.7649688720703,90.98484802246094,96.6999969482422,60.81814193725586,99.9963836669922,0.0,40.6902690515538,193693.0,11.722808837890623,12.239593505859377,13.681121826171877,5.983795166015625,35.52500057220459
1972-03-18 11:04:42,24.20378494262696,81.02410125732422,150.9521484375,90.98484802246094,96.8000030517578,60.81814193725586,99.9963836669922,0.0,41.10181403043746,193693.0,11.26043701171875,12.729156494140623,12.810760498046877,10.145263671875,35.52500057220459
1972-03-18 11:04:43,24.141965866088867,81.02410125732422,151.7252655029297,90.98484802246094,96.9000015258789,60.81814193725586,99.9963836669922,0.0,40.27626169252109,193693.0,5.711822509765625,12.86517333984375,14.823486328125,10.852432250976562,35.52500057220459
1972-03-18 11:04:44,24.07215118408203,81.02410125732422,150.33365631103516,90.98484802246094,97.0999984741211,60.81814193725586,99.9963836669922,0.0,41.546006890245735,193693.0,10.906829833984377,10.090850830078123,7.153350830078125,7.34375,35.52500057220459
1972-03-18 11:04:45,24.03302001953125,80.96385955810547,151.00098419189453,90.98484802246094,96.8000030517578,60.81814193725586,99.9963836669922,0.0,39.33591966301552,193693.0,8.89410400390625,14.551513671875,12.348388671875,9.873260498046877,35.52500057220459
1972-03-18 11:04:46,24.06443977355957,80.96385955810547,151.62760162353516,90.98484802246094,96.8000030517578,60.81814193725586,99.9963836669922,0.0,43.047401788281036,193693.0,11.668411254882812,10.553253173828123,9.383682250976562,12.293975830078123,35.52500057220459
1972-03-18 11:04:47,24.11465835571289,81.02410125732422,151.318359375,90.98484802246094,97.29999542236328,60.81814193725586,99.9963836669922,0.0,42.36120751471997,193693.0,9.35650634765625,10.988433837890623,10.417236328125,10.49884033203125,35.52500057220459
1972-03-18 11:04:48,24.147836685180664,81.02410125732422,151.18814849853516,90.98484802246094,96.3000030517578,60.81814193725586,99.9963836669922,0.0,38.480316570831256,193693.0,5.08624267578125,13.0555419921875,13.87152099609375,7.969329833984375,35.52500057220459
1972-03-18 11:04:49,24.110578536987305,81.08433532714844,151.87174224853516,90.98484802246094,97.39999389648438,60.82175827026367,99.9963836669922,0.0,39.811306833135994,193693.0,8.132537841796875,8.921295166015625,14.197906494140623,9.9820556640625,35.52500057220459
1972-03-18 11:04:50,24.037878036499023,81.02410125732422,151.123046875,91.06060791015624,97.39999389648438,60.82175827026367,99.9963836669922,0.0,41.772287697681726,193693.0,12.185195922851562,12.946746826171877,9.682861328125,9.492477416992188,35.52500057220459
1972-03-18 11:04:51,23.978878021240234,80.96385955810547,151.708984375,90.98484802246094,97.5,60.82175827026367,99.9963836669922,0.0,40.708078484625716,193693.0,10.254058837890623,8.050933837890625,11.83160400390625,10.879638671875,35.52500057220459
1972-03-18 11:04:52,23.968223571777344,80.96385955810547,152.2786407470703,90.98484802246094,97.39999389648438,60.82175827026367,99.9963836669922,0.0,39.92696867769324,193693.0,11.151641845703123,12.40277099609375,13.57232666015625,14.306716918945312,35.52500057220459
1972-03-18 11:04:53,24.021970748901367,81.02410125732422,151.87174224853516,90.98484802246094,97.0999984741211,60.82175827026367,99.9963836669922,0.0,43.332347924253185,193693.0,8.132537841796875,14.959503173828123,10.852432250976562,9.220489501953123,35.52500057220459
1972-03-18 11:04:54,24.10317611694336,81.02410125732422,151.28580474853516,90.98484802246094,96.5,60.82175827026367,99.9963836669922,0.0,43.40541121844842,193693.0,8.431732177734375,15.77545166015625,9.737274169921877,10.009262084960938,35.52500057220459
1972-03-18 11:04:55,24.15196418762207,80.96385955810547,151.71712493896484,90.98484802246094,97.39999389648438,60.81814193725586,99.9963836669922,0.0,41.17592087239691,193693.0,9.92767333984375,16.10186767578125,11.477996826171877,15.394683837890623,35.52500057220459
1972-03-18 11:04:56,24.1335678100586,80.96385955810547,151.83919525146484,90.98484802246094,96.8000030517578,60.81814193725586,99.9963836669922,0.0,44.34453186374075,193693.0,13.59954833984375,15.421875,10.06365966796875,13.844329833984377,35.52500057220459
1972-03-18 11:04:57,24.0736141204834,80.96385955810547,151.18814849853516,90.98484802246094,97.1999969482422,60.81814193725586,99.9963836669922,0.0,42.39831582710369,193693.0,10.036468505859377,14.959503173828123,14.524307250976562,10.145263671875,35.52500057220459
1972-03-18 11:04:58,24.05039024353028,80.96385955810547,151.5299530029297,90.98484802246094,96.3000030517578,60.81814193725586,99.9963836669922,0.0,42.530143748308284,193693.0,10.716445922851562,13.0555419921875,12.865158081054688,11.614013671875,35.52500057220459
1972-03-18 11:04:59,24.08655166625977,81.08433532714844,151.32649993896484,90.98484802246094,97.39999389648438,60.81814193725586,99.9963836669922,0.0,41.37053955840418,193693.0,13.89874267578125,9.873260498046877,13.789932250976562,11.151611328125,35.52500057220459
1972-03-18 11:05:00,24.16036605834961,81.08433532714844,150.9358673095703,90.98484802246094,96.8000030517578,60.82175827026367,99.9963836669922,0.0,41.83875601070183,193693.0,9.138885498046877,17.97857666015625,12.56597900390625,9.383682250976562,35.52500057220459
1972-03-18 11:05:01,24.22834205627441,80.96385955810547,151.0335235595703,90.98484802246094,96.0,60.81814193725586,99.9963836669922,0.0,40.814454472377335,193693.0,13.3819580078125,13.57232666015625,13.13714599609375,11.124420166015623,35.52500057220459
1972-03-18 11:05:02,24.219703674316406,80.96385955810547,150.9928436279297,90.98484802246094,96.5,60.81814193725586,99.9963836669922,0.0,41.63083540057174,193693.0,12.0491943359375,11.83160400390625,10.036468505859377,13.5179443359375,35.52500057220459
1972-03-18 11:05:03,24.179912567138672,80.96385955810547,152.0100860595703,90.98484802246094,96.6999969482422,60.81814193725586,99.9963836669922,0.0,43.04446063093554,193693.0,5.65740966796875,16.020263671875,13.109954833984377,10.226852416992188,35.52500057220459
1972-03-18 11:05:04,24.11244201660156,80.96385955810547,151.123046875,90.98484802246094,96.3000030517578,60.82175827026367,99.9963836669922,0.0,42.0873466919119,193693.0,9.546875,14.2523193359375,10.06365966796875,12.375579833984377,35.52500057220459
1972-03-18 11:05:05,24.07748985290528,81.08433532714844,150.21971893310547,90.98484802246094,96.20000457763672,60.82175827026367,99.9963836669922,0.0,42.22919460224267,193693.0,12.348388671875,10.49884033203125,11.09722900390625,7.833343505859375,35.52500057220459
1972-03-18 11:05:06,24.12237930297852,81.02410125732422,151.15560150146484,90.98484802246094,97.1999969482422,60.82175827026367,99.9963836669922,0.0,40.92649699052919,193693.0,5.766204833984375,14.007537841796877,14.823486328125,11.39642333984375,35.52500057220459
1972-03-18 11:05:07,24.199951171875,80.96385955810547,150.5126953125,90.98484802246094,96.4000015258789,60.82175827026367,99.9963836669922,0.0,44.10665536757362,193693.0,15.693878173828123,12.457183837890623,10.79803466796875,8.703704833984375,35.52500057220459
1972-03-18 11:05:08,24.258155822753903,80.90361022949219,151.7333984375,90.98484802246094,97.29999542236328,60.82175827026367,99.9963836669922,0.0,38.70379132051083,193693.0,10.634857177734377,12.348388671875,15.421875,11.559600830078123,35.52500057220459
1972-03-18 11:05:09,24.238155364990234,80.96385955810547,152.38443756103516,90.98484802246094,97.1999969482422,60.82175827026367,99.9963836669922,0.0,40.33147182189422,193693.0,11.423614501953123,12.076385498046877,14.442718505859377,9.7100830078125,35.52500057220459
1972-03-18 11:05:10,24.17302131652832,81.02410125732422,151.04166412353516,90.98484802246094,98.0999984741211,60.82175827026367,99.9963836669922,0.0,38.426610776316956,193693.0,4.270263671875,14.061920166015623,11.885986328125,12.457183837890623,35.52500057220459
1972-03-18 11:05:11,24.10766792297364,81.08433532714844,151.0986328125,90.98484802246094,95.9000015258789,60.81814193725586,99.9963836669922,0.0,43.425252669023365,193693.0,10.52606201171875,18.359375,7.969329833984375,9.220489501953123,35.52500057220459
1972-03-18 11:05:12,24.10037612915039,81.08433532714844,151.65201568603516,90.98484802246094,97.0,60.81814193725586,99.9963836669922,0.0,44.27419505208247,193693.0,3.780670166015625,11.75,14.660308837890623,14.306716918945312,35.52500057220459
1972-03-18 11:05:13,24.14508438110352,80.96385955810547,151.98567962646484,91.06060791015624,96.3000030517578,60.81814193725586,99.9963836669922,0.0,44.11017026808957,193693.0,5.195037841796875,15.911468505859377,14.850692749023438,6.9085693359375,35.52500057220459
1972-03-18 11:05:14,24.20224380493164,80.90361022949219,152.76692962646484,90.98484802246094,97.0999984741211,60.81814193725586,99.9963836669922,0.0,40.26382143954273,193693.0,13.980331420898438,11.3148193359375,10.28125,17.951385498046875,35.52500057220459
1972-03-18 11:05:15,24.20583152770996,80.96385955810547,152.26236724853516,90.98484802246094,97.1999969482422,60.81814193725586,99.9963836669922,0.0,41.149242362219574,193693.0,13.16436767578125,19.936920166015625,13.164352416992188,10.961227416992188,35.52500057220459
1972-03-18 11:05:16,24.15852928161621,81.08433532714844,151.13932037353516,90.98484802246094,97.0,60.81814193725586,99.9963836669922,0.0,42.39446197296121,193693.0,10.988433837890623,16.4554443359375,13.245941162109377,8.540512084960938,35.52500057220459
1972-03-18 11:05:17,24.06561851501465,81.08433532714844,151.91243743896484,90.98484802246094,97.39999389648438,60.81814193725586,99.9963836669922,0.0,42.08434639223955,193693.0,9.19329833984375,12.26678466796875,9.383682250976562,12.375579833984377,35.52500057220459
1972-03-18 11:05:18,23.996055603027344,80.96385955810547,152.1403045654297,90.90909576416016,97.0999984741211,60.81814193725586,99.9963836669922,0.0,41.553100491509156,193693.0,11.505218505859377,11.83160400390625,11.858795166015623,14.823486328125,35.52500057220459
1972-03-18 11:05:19,23.995370864868164,80.96385955810547,151.20442962646484,90.98484802246094,97.0999984741211,60.81814193725586,99.9963836669922,0.0,41.07722492415833,193693.0,5.65740966796875,14.17071533203125,14.225112915039062,11.505218505859377,35.52500057220459
1972-03-18 11:05:20,24.032133102416992,80.96385955810547,151.25325775146484,90.98484802246094,97.0999984741211,60.82175827026367,99.9963836669922,0.0,41.44547979052615,193693.0,12.103607177734377,7.207763671875,15.748260498046877,10.471649169921877,35.52500057220459
1972-03-18 11:05:21,24.08260154724121,80.96385955810547,150.96842193603516,90.98484802246094,96.5,60.82175827026367,99.9963836669922,0.0,42.484227701103556,193693.0,10.52606201171875,13.762725830078123,12.212371826171877,12.674774169921877,35.52500057220459
1972-03-18 11:05:22,24.085657119750977,81.02410125732422,151.0579376220703,91.06060791015624,97.5999984741211,60.81814193725586,99.9963836669922,0.0,41.25603205810408,193693.0,11.09722900390625,14.03472900390625,12.429977416992188,12.022003173828123,35.52500057220459
1972-03-18 11:05:23,24.037919998168945,81.08433532714844,150.1790313720703,90.98484802246094,96.5999984741211,60.82175827026367,99.9963836669922,0.0,43.014157337980556,193693.0,14.03472900390625,8.921295166015625,10.28125,11.206024169921877,35.52500057220459
1972-03-18 11:05:24,23.990516662597656,81.08433532714844,151.0498046875,90.98484802246094,96.5999984741211,60.81814193725586,99.9963836669922,0.0,40.3213757578745,193693.0,11.450820922851562,16.183441162109375,8.322906494140625,11.39642333984375,35.52500057220459
1972-03-18 11:05:25,23.953813552856445,81.02410125732422,152.23795318603516,90.98484802246094,97.5,60.82175827026367,99.9963836669922,0.0,41.14019041943603,193693.0,6.9085693359375,17.1898193359375,16.15625,9.62847900390625,35.52500057220459
1972-03-18 11:05:26,23.99677276611328,80.96385955810547,151.9287109375,90.98484802246094,97.1999969482422,60.81814193725586,99.9963836669922,0.0,41.71048968224067,193693.0,10.607650756835938,12.946746826171877,14.116317749023438,9.574066162109377,35.52500057220459
1972-03-18 11:05:27,24.06326103210449,80.96385955810547,151.06607818603516,90.98484802246094,96.5999984741211,60.81814193725586,99.9963836669922,0.0,43.390196193286364,193693.0,13.137161254882812,13.409149169921877,10.308441162109377,8.186920166015625,35.52500057220459
1972-03-18 11:05:28,24.13187789916992,80.90361022949219,150.55338287353516,90.98484802246094,96.4000015258789,60.81814193725586,99.9963836669922,0.0,41.48340830666705,193693.0,10.390045166015623,10.96124267578125,9.90045166015625,9.1116943359375,35.52500057220459
1972-03-18 11:05:29,24.15142250061035,80.96385955810547,152.0751953125,91.06060791015624,97.1999969482422,60.81814193725586,99.9963836669922,0.0,40.52538673658129,193693.0,5.22222900390625,13.191558837890623,16.07464599609375,11.478012084960938,35.52500057220459
1972-03-18 11:05:30,24.135656356811523,81.08433532714844,151.45670318603516,90.98484802246094,96.8000030517578,60.81814193725586,99.9963836669922,0.0,43.436463547002994,193693.0,13.00115966796875,13.109954833984377,12.973968505859377,7.5069580078125,35.52500057220459
1972-03-18 11:05:31,24.0586166381836,81.02410125732422,151.611328125,90.98484802246094,97.5,60.81814193725586,99.9963836669922,0.0,40.67456676278479,193693.0,11.287628173828123,16.50982666015625,12.348388671875,9.002899169921875,35.52500057220459
1972-03-18 11:05:32,24.0290756225586,80.96385955810547,151.65201568603516,90.98484802246094,96.5999984741211,60.81814193725586,99.9963836669922,0.0,42.275008183737356,193693.0,5.467010498046875,8.9757080078125,14.007522583007812,13.626739501953123,35.52500057220459
1972-03-18 11:05:33,24.07460021972656,80.90361022949219,151.48925018310547,90.98484802246094,96.9000015258789,60.82175827026367,99.9963836669922,0.0,42.37300261828056,193693.0,9.465301513671877,16.292236328125,12.973968505859377,12.973968505859377,35.52500057220459
1972-03-18 11:05:34,24.17057228088379,80.96385955810547,150.68359375,90.98484802246094,96.6999969482422,60.82175827026367,99.9963836669922,0.0,45.234765226093586,193693.0,13.5179443359375,10.5804443359375,12.865158081054688,13.30035400390625,35.52500057220459
1972-03-18 11:05:35,24.21540260314941,81.02410125732422,150.88704681396484,90.98484802246094,96.9000015258789,60.81814193725586,99.9963836669922,0.0,42.6483806316161,193693.0,11.75,15.04107666015625,11.4508056640625,9.92767333984375,35.52500057220459
1972-03-18 11:05:36,24.20575714111328,81.02410125732422,151.3102264404297,90.98484802246094,96.5,60.82175827026367,99.9963836669922,0.0,43.681750652520556,193693.0,12.185195922851562,13.87152099609375,13.898727416992188,12.70196533203125,35.52500057220459
1972-03-18 11:05:37,24.15844917297364,80.96385955810547,150.8951873779297,90.98484802246094,96.5999984741211,60.82175827026367,99.9963836669922,0.0,42.392371931594724,193693.0,7.80615234375,12.674774169921877,11.559600830078123,10.607635498046877,35.52500057220459
1972-03-18 11:05:38,24.10038948059082,81.02410125732422,150.28482818603516,90.98484802246094,97.0999984741211,60.81814193725586,99.9963836669922,0.0,44.80240939350064,193693.0,13.73553466796875,10.254058837890623,8.839691162109375,11.586807250976562,35.52500057220459
1972-03-18 11:05:39,24.094287872314453,81.02410125732422,150.7649688720703,90.98484802246094,97.39999389648438,60.81814193725586,99.9963836669922,0.0,41.47191329306528,193693.0,10.716445922851562,11.477996826171877,12.593170166015623,8.214111328125,35.52500057220459
1972-03-18 11:05:40,24.101469039916992,81.02410125732422,150.65918731689453,90.98484802246094,96.9000015258789,60.82175827026367,99.9963836669922,0.0,41.93614103263259,193693.0,8.59490966796875,13.73553466796875,12.9195556640625,8.785308837890625,35.52500057220459
1972-03-18 11:05:41,24.09595489501953,80.96385955810547,150.48828125,90.98484802246094,97.0,60.81814193725586,99.9963836669922,0.0,40.94945841202797,193693.0,11.83160400390625,11.9132080078125,8.29571533203125,12.293975830078123,35.52500057220459
1972-03-18 11:05:42,24.0437240600586,80.96385955810547,150.2360076904297,90.98484802246094,96.8000030517578,60.81814193725586,99.9963836669922,0.0,40.110470420208536,193693.0,10.28125,15.530670166015623,11.015625,8.948486328125,35.52500057220459
1972-03-18 11:05:43,24.04405403137207,81.02410125732422,152.4658203125,90.98484802246094,96.5,60.81814193725586,99.9963836669922,0.0,41.41358609215653,193693.0,8.5133056640625,17.679412841796875,13.6539306640625,11.505218505859377,35.52500057220459
1972-03-18 11:05:44,24.01759529113769,81.08433532714844,151.65201568603516,90.98484802246094,97.0999984741211,60.81814193725586,99.9963836669922,0.0,43.0899585193522,193693.0,8.676513671875,10.172454833984377,13.925933837890623,18.44097900390625,35.52500057220459
1972-03-18 11:05:45,23.953107833862305,80.96385955810547,150.97657012939453,90.98484802246094,97.0,60.81814193725586,99.9963836669922,0.0,43.187921448454084,193693.0,11.53240966796875,15.80267333984375,10.471649169921877,12.103591918945312,35.52500057220459
1972-03-18 11:05:46,23.935941696166992,80.90361022949219,152.5146484375,90.98484802246094,97.0999984741211,60.81814193725586,99.9963836669922,0.0,42.20855508825294,193693.0,6.799774169921875,14.877899169921877,15.93865966796875,15.177093505859377,35.52500057220459
1972-03-18 11:05:47,23.95799827575684,81.02410125732422,151.76595306396484,90.98484802246094,97.39999389648438,60.82175827026367,99.9963836669922,0.0,41.9534607059324,193693.0,12.837982177734377,14.2523193359375,16.537033081054688,9.2476806640625,35.52500057220459
1972-03-18 11:05:48,23.973777770996094,81.08433532714844,149.43033599853516,90.98484802246094,96.20000457763672,60.81814193725586,99.9963836669922,0.0,42.89219458032372,193693.0,18.468170166015625,12.13079833984375,8.3773193359375,10.879638671875,35.52500057220459
1972-03-18 11:05:49,23.95964813232422,81.02410125732422,151.07421875,90.98484802246094,98.0999984741211,60.81814193725586,99.9963836669922,0.0,40.21701727051536,193693.0,7.969329833984375,14.796295166015623,18.468170166015625,10.66204833984375,35.52500057220459
1972-03-18 11:05:50,23.93914794921875,80.90361022949219,150.5126953125,90.98484802246094,96.3000030517578,60.82175827026367,99.9963836669922,0.0,42.72001754759459,193693.0,15.394683837890623,10.5804443359375,11.09722900390625,13.00115966796875,35.52500057220459
1972-03-18 11:05:51,23.889062881469727,80.90361022949219,151.27767181396484,90.98484802246094,97.79999542236328,60.82175827026367,99.9963836669922,0.0,41.955978758536396,193693.0,10.498855590820312,13.463531494140623,10.63482666015625,13.13714599609375,35.52500057220459
1972-03-18 11:05:52,23.89736557006836,81.08433532714844,150.83821868896484,91.06060791015624,97.1999969482422,60.82175827026367,99.9963836669922,0.0,43.38082537758891,193693.0,7.58856201171875,13.354736328125,12.10357666015625,7.56134033203125,35.52500057220459
1972-03-18 11:05:53,24.02862930297852,81.08433532714844,151.3753204345703,90.98484802246094,96.6999969482422,60.81814193725586,99.9963836669922,0.0,41.951544548378685,193693.0,6.55499267578125,15.557861328125,13.13714599609375,11.4508056640625,35.52500057220459
1972-03-18 11:05:54,24.16829872131348,81.08433532714844,149.9267578125,90.98484802246094,96.20000457763672,60.82175827026367,99.9963836669922,0.0,42.246903023553735,193693.0,11.9132080078125,15.80267333984375,9.2476806640625,13.028350830078123,35.52500057220459
1972-03-18 11:05:55,24.240571975708008,80.96385955810547,150.74056243896484,90.98484802246094,96.6999969482422,60.81814193725586,99.9963836669922,0.0,40.48570021923763,193693.0,7.833343505859375,14.2523193359375,13.6539306640625,9.410888671875,35.52500057220459
1972-03-18 11:05:56,24.27052497863769,80.84336853027344,151.5218048095703,90.98484802246094,97.0999984741211,60.81814193725586,99.9963836669922,0.0,42.42233137088406,193693.0,9.49249267578125,15.911468505859377,17.298614501953125,12.1851806640625,35.52500057220459
1972-03-18 11:05:57,24.283899307250977,80.96385955810547,151.13118743896484,90.98484802246094,96.8000030517578,60.81814193725586,99.9963836669922,0.0,39.8228450323078,193693.0,14.089141845703123,13.681121826171877,10.090850830078123,12.103591918945312,35.52500057220459
1972-03-18 11:05:58,24.30560111999512,81.02410125732422,150.8463592529297,90.98484802246094,96.5999984741211,60.81814193725586,99.9963836669922,0.0,43.373331444734745,193693.0,9.03009033203125,13.844329833984377,14.823486328125,8.785308837890625,35.52500057220459
1972-03-18 11:05:59,24.38677024841309,81.14457702636719,151.1962890625,90.98484802246094,97.39999389648438,60.81814193725586,99.9963836669922,0.0,41.185754528245674,193693.0,10.5804443359375,15.313079833984377,13.21875,10.335647583007812,35.52500057220459
1972-03-18 11:06:00,24.46403312683105,81.08433532714844,152.05078125,90.98484802246094,96.9000015258789,60.81814193725586,99.9963836669922,0.0,40.025558312326204,193693.0,11.641204833984377,12.946746826171877,9.220489501953123,13.463546752929688,35.52500057220459
1972-03-18 11:06:01,24.51010131835937,80.96385955810547,150.78939056396484,90.98484802246094,97.39999389648438,60.81814193725586,99.9963836669922,0.0,39.51960638899231,193693.0,11.886016845703123,12.42999267578125,11.3148193359375,8.649307250976562,35.52500057220459
1972-03-18 11:06:02,24.49039459228516,80.96385955810547,151.5869140625,90.98484802246094,96.5999984741211,60.81814193725586,99.9963836669922,0.0,41.336648774690374,193693.0,6.82696533203125,13.21875,14.442718505859377,13.898727416992188,35.52500057220459
1972-03-18 11:06:03,24.43002700805664,80.96385955810547,150.0732421875,90.98484802246094,96.5,60.82175827026367,99.9963836669922,0.0,41.54400825397767,193693.0,11.641204833984377,10.526031494140623,13.164352416992188,8.105316162109375,35.52500057220459
1972-03-18 11:06:04,24.353504180908203,81.08433532714844,150.37435150146484,90.98484802246094,96.8000030517578,60.81814193725586,99.9963836669922,0.0,39.31388514479275,193693.0,11.070037841796877,13.16436767578125,9.76446533203125,8.050933837890625,35.52500057220459
1972-03-18 11:06:05,24.27613639831543,81.02410125732422,150.4638671875,90.98484802246094,96.9000015258789,60.82175827026367,99.9963836669922,0.0,43.09454058698961,193693.0,6.99017333984375,10.090850830078123,12.7835693359375,15.258682250976562,35.52500057220459
1972-03-18 11:06:06,24.243797302246094,80.90361022949219,150.44759368896484,90.98484802246094,96.8000030517578,60.82175827026367,99.9963836669922,0.0,40.95462063081811,193693.0,14.63311767578125,12.157989501953123,13.164352416992188,8.839691162109375,35.52500057220459
1972-03-18 11:06:07,24.217628479003903,80.84336853027344,151.7903594970703,90.98484802246094,96.8000030517578,60.82175827026367,99.9963836669922,0.0,42.15569474140846,193693.0,11.369232177734377,12.70196533203125,15.313079833984377,10.66204833984375,35.52500057220459
1972-03-18 11:06:08,24.164709091186523,80.96385955810547,151.3264923095703,90.98484802246094,96.8000030517578,60.82175827026367,99.9963836669922,0.0,41.96335786435001,193693.0,6.39178466796875,15.231475830078123,14.823486328125,9.1116943359375,35.52500057220459
1972-03-18 11:06:09,24.045080184936523,81.08433532714844,152.97037506103516,90.98484802246094,96.6999969482422,60.82175827026367,99.9963836669922,0.0,44.03378879244253,193693.0,11.450820922851562,12.620361328125,13.273147583007812,12.103591918945312,35.52500057220459
1972-03-18 11:06:10,23.91097068786621,81.14457702636719,152.83203125,90.98484802246094,97.5,60.81814193725586,99.9963836669922,0.0,40.01735217950206,193693.0,9.79168701171875,15.80267333984375,10.444442749023438,10.906829833984377,35.52500057220459
1972-03-18 11:06:11,23.78333854675293,81.02410125732422,153.1494140625,90.98484802246094,96.5999984741211,60.82175827026367,99.9963836669922,0.0,43.61536560256418,193693.0,7.316558837890625,13.0555419921875,10.852432250976562,10.852432250976562,35.52500057220459
1972-03-18 11:06:12,23.7314682006836,80.90361022949219,153.564453125,90.98484802246094,96.6999969482422,60.82175827026367,99.9963836669922,0.0,43.804558369615975,193693.0,12.321197509765623,15.013885498046877,10.825225830078123,10.226852416992188,35.52500057220459
1972-03-18 11:06:13,23.740478515625,80.90361022949219,154.45963287353516,90.98484802246094,96.0,60.81814193725586,99.9963836669922,0.0,44.37332318993531,193693.0,8.567718505859375,8.404510498046875,12.212371826171877,13.164352416992188,35.52500057220459
1972-03-18 11:06:14,23.786865234375,81.02410125732422,154.6061248779297,90.98484802246094,97.1999969482422,60.82175827026367,99.9963836669922,0.0,42.85939223976455,193693.0,10.36285400390625,11.260406494140623,14.116317749023438,7.697341918945312,35.52500057220459
1972-03-18 11:06:15,23.84437561035156,81.08433532714844,155.81868743896484,90.98484802246094,97.1999969482422,60.82175827026367,99.9963836669922,0.0,44.95137713457459,193693.0,10.390045166015623,11.722808837890623,12.0491943359375,14.932296752929688,35.52500057220459
1972-03-18 11:06:16,23.850997924804688,81.02410125732422,156.45345306396484,90.98484802246094,97.39999389648438,60.82175827026367,99.9963836669922,0.0,41.6733988058338,193693.0,7.670135498046875,12.7835693359375,15.7210693359375,10.36285400390625,35.52500057220459
1972-03-18 11:06:17,23.85953140258789,80.90361022949219,155.70474243164062,90.98484802246094,96.3000030517578,60.82175827026367,99.9963836669922,0.0,44.34882981943145,193693.0,8.486114501953125,9.138885498046877,10.118057250976562,10.308441162109377,35.52500057220459
1972-03-18 11:06:18,23.90005874633789,80.84336853027344,156.94986724853516,90.98484802246094,97.5,60.82175827026367,99.9963836669922,0.0,40.72709004594704,193693.0,5.140625,9.682861328125,11.287612915039062,16.183441162109375,35.52500057220459
1972-03-18 11:06:19,24.00300979614257,80.96385955810547,157.11263275146484,90.98484802246094,96.6999969482422,60.82175827026367,99.9963836669922,0.0,43.26188451021854,193693.0,10.118072509765623,16.50982666015625,11.53240966796875,7.370941162109375,35.52500057220459
1972-03-18 11:06:20,24.162029266357425,81.14457702636719,157.29166412353516,90.98484802246094,97.39999389648438,60.82175827026367,99.9963836669922,0.0,43.93348356652448,193693.0,10.74365234375,9.76446533203125,12.729156494140623,14.877899169921877,35.52500057220459
1972-03-18 11:06:21,24.30019760131836,81.08433532714844,157.2346954345703,90.98484802246094,96.6999969482422,60.82175827026367,99.9963836669922,0.0,44.14530526827386,193693.0,6.85418701171875,11.070037841796877,8.132522583007812,9.057296752929688,35.52500057220459
1972-03-18 11:06:22,24.3518295288086,80.96385955810547,159.1471405029297,90.98484802246094,96.4000015258789,60.81814193725586,99.9963836669922,0.0,44.44975731889067,193693.0,13.137161254882812,9.954864501953123,15.449066162109377,12.6475830078125,35.52500057220459
1972-03-18 11:06:23,24.358312606811523,80.90361022949219,158.69139862060547,90.98484802246094,97.29999542236328,60.81814193725586,99.9963836669922,0.0,41.06257343428991,193693.0,6.663787841796875,13.0555419921875,11.124420166015623,11.042816162109377,35.52500057220459
1972-03-18 11:06:24,24.31828117370605,80.90361022949219,159.03319549560547,90.98484802246094,97.0,60.82175827026367,99.9963836669922,0.0,41.8740882884046,193693.0,8.5133056640625,10.607635498046877,8.89410400390625,11.3148193359375,35.52500057220459
1972-03-18 11:06:25,24.289770126342773,80.96385955810547,157.26725006103516,90.98484802246094,96.10000610351562,60.81814193725586,99.9963836669922,0.0,42.138035710710035,193693.0,5.95660400390625,16.183441162109375,11.09722900390625,6.6637725830078125,35.52500057220459
1972-03-18 11:06:26,24.28935432434082,81.08433532714844,158.22753143310547,90.98484802246094,97.0,60.81814193725586,99.9963836669922,0.0,42.479739202207654,193693.0,5.68463134765625,17.217010498046875,13.191558837890623,10.5804443359375,35.52500057220459
1972-03-18 11:06:27,24.30240249633789,81.08433532714844,157.373046875,90.98484802246094,97.29999542236328,60.81814193725586,99.9963836669922,0.0,41.923844979122485,193693.0,10.5804443359375,11.260406494140623,11.777191162109377,7.615753173828125,35.52500057220459
1972-03-18 11:06:28,24.27947998046875,80.96385955810547,157.97525787353516,90.98484802246094,96.4000015258789,60.81814193725586,99.9963836669922,0.0,41.83865731721113,193693.0,12.13079833984375,8.6492919921875,9.737274169921877,11.4508056640625,35.52500057220459
1972-03-18 11:06:29,24.21281814575196,80.96385955810547,158.75650787353516,90.98484802246094,97.0,60.81814193725586,99.9963836669922,0.0,42.25696400564338,193693.0,7.86053466796875,16.020263671875,12.946746826171877,9.46527099609375,35.52500057220459
1972-03-18 11:06:30,24.11138343811035,80.96385955810547,157.3404998779297,90.98484802246094,97.5999984741211,60.81814193725586,99.9963836669922,0.0,44.34947694103514,193693.0,13.16436767578125,10.390045166015623,10.526031494140623,9.574066162109377,35.52500057220459
1972-03-18 11:06:31,24.01370048522949,80.96385955810547,157.43001556396484,90.98484802246094,96.6999969482422,60.81814193725586,99.9963836669922,0.0,42.76713821460442,193693.0,7.207763671875,14.90509033203125,9.818862915039062,11.042816162109377,35.52500057220459
1972-03-18 11:06:32,23.962644577026367,81.02410125732422,157.97525787353516,90.98484802246094,97.79999542236328,60.81814193725586,99.9963836669922,0.0,40.115490267824754,193693.0,7.098968505859375,14.932281494140623,11.342010498046877,11.885986328125,35.52500057220459
1972-03-18 11:06:33,23.932296752929688,81.08433532714844,157.5520782470703,90.98484802246094,96.20000457763672,60.81814193725586,99.9963836669922,0.0,43.64801422061722,193693.0,11.124420166015623,14.5242919921875,11.042816162109377,10.471649169921877,35.52500057220459
1972-03-18 11:06:34,23.94856643676757,81.08433532714844,157.0068359375,90.98484802246094,96.8000030517578,60.81814193725586,99.9963836669922,0.0,42.03285168636439,193693.0,11.505218505859377,13.082763671875,6.7725677490234375,8.89410400390625,35.52500057220459
1972-03-18 11:06:35,23.95572853088379,80.96385955810547,158.4553985595703,90.98484802246094,97.0,60.81814193725586,99.9963836669922,0.0,43.27938300442025,193693.0,11.505218505859377,14.932281494140623,14.30670166015625,9.873260498046877,35.52500057220459
1972-03-18 11:06:36,23.93450927734375,80.90361022949219,159.2610626220703,90.98484802246094,98.0999984741211,60.81814193725586,99.9963836669922,0.0,43.20112831926109,193693.0,13.273162841796877,13.626739501953123,16.618621826171875,16.645843505859375,35.52500057220459
1972-03-18 11:06:37,23.9018611907959,80.96385955810547,158.3984375,90.98484802246094,97.29999542236328,60.81814193725586,99.9963836669922,0.0,43.4346489901934,193693.0,11.940399169921877,15.77545166015625,11.124420166015623,9.138885498046877,35.52500057220459
1972-03-18 11:06:38,23.87337303161621,81.08433532714844,157.12076568603516,90.98484802246094,96.6999969482422,60.81814193725586,99.9963836669922,0.0,41.225166286196256,193693.0,12.511581420898438,11.505218505859377,9.90045166015625,7.370941162109375,35.52500057220459
1972-03-18 11:06:39,23.92153549194336,81.08433532714844,157.47069549560547,90.98484802246094,96.9000015258789,60.81814193725586,99.9963836669922,0.0,43.27688012876009,193693.0,9.465301513671877,16.07464599609375,14.578704833984377,10.145263671875,35.52500057220459
1972-03-18 11:06:40,24.05677604675293,81.02410125732422,157.275390625,90.98484802246094,96.5999984741211,60.81814193725586,99.9963836669922,0.0,42.60855088756322,193693.0,7.34375,15.5850830078125,7.26214599609375,10.79803466796875,35.52500057220459
1972-03-18 11:06:41,24.16314125061035,80.96385955810547,157.92642974853516,90.98484802246094,96.4000015258789,60.81814193725586,99.9963836669922,0.0,44.01720361101935,193693.0,8.9757080078125,12.56597900390625,17.679397583007812,7.6429443359375,35.52500057220459
1972-03-18 11:06:42,24.197866439819336,80.96385955810547,157.32421875,90.98484802246094,97.0,60.81814193725586,99.9963836669922,0.0,41.985478910076424,193693.0,10.335662841796877,13.0555419921875,9.710067749023438,11.804397583007812,35.52500057220459
1972-03-18 11:06:43,24.19312858581543,80.96385955810547,158.39029693603516,90.98484802246094,96.8000030517578,60.81814193725586,99.9963836669922,0.0,42.943033389579305,193693.0,2.828704833984375,14.46990966796875,16.50982666015625,8.839691162109375,35.52500057220459
1972-03-18 11:06:44,24.146907806396484,81.02410125732422,156.6080780029297,90.98484802246094,96.5,60.81814193725586,99.9963836669922,0.0,43.50146517351512,193693.0,9.737274169921877,11.09722900390625,11.342010498046877,9.084503173828123,35.52500057220459
1972-03-18 11:06:45,24.12380790710449,81.02410125732422,157.92642974853516,90.98484802246094,96.8000030517578,60.81814193725586,99.9963836669922,0.0,40.62703715888498,193693.0,8.59490966796875,11.53240966796875,12.729156494140623,13.463546752929688,35.52500057220459
1972-03-18 11:06:46,24.159767150878903,80.96385955810547,156.5022735595703,90.98484802246094,96.20000457763672,60.82175827026367,99.9963836669922,0.0,41.29722122836331,193693.0,8.45892333984375,15.20428466796875,8.567718505859375,7.615753173828125,35.52500057220459
1972-03-18 11:06:47,24.218021392822266,81.02410125732422,156.77083587646484,90.98484802246094,97.5999984741211,60.82175827026367,99.9963836669922,0.0,43.787868334622594,193693.0,6.6365966796875,14.03472900390625,6.799774169921875,13.817138671875,35.52500057220459
1972-03-18 11:06:48,24.22970390319824,80.96385955810547,157.2998046875,90.98484802246094,97.5,60.81814193725586,99.9963836669922,0.0,39.80720161614152,193693.0,9.546875,12.620361328125,11.124420166015623,12.157989501953123,35.52500057220459
1972-03-18 11:06:49,24.17837715148925,80.96385955810547,157.6985626220703,90.98484802246094,97.39999389648438,60.81814193725586,99.9963836669922,0.0,39.428389121766365,193693.0,7.697357177734375,10.5804443359375,9.954864501953123,12.9195556640625,35.52500057220459
1972-03-18 11:06:50,24.13549041748047,81.02410125732422,157.51953887939453,90.98484802246094,96.4000015258789,60.81814193725586,99.9963836669922,0.0,41.96682039471001,193693.0,7.42535400390625,16.183441162109375,10.988433837890623,9.818878173828123,35.52500057220459
1972-03-18 11:06:51,24.075359344482425,81.02410125732422,157.1696014404297,90.98484802246094,97.0,60.81814193725586,99.9963836669922,0.0,42.010337001884416,193693.0,10.498855590820312,12.076385498046877,10.254058837890623,12.892364501953123,35.52500057220459
1972-03-18 11:06:52,24.050460815429688,80.96385955810547,157.29166412353516,90.98484802246094,96.6999969482422,60.81814193725586,99.9963836669922,0.0,41.97894248149471,193693.0,8.214141845703125,16.020263671875,10.009246826171877,14.415512084960938,35.52500057220459
1972-03-18 11:06:53,24.07819938659668,80.96385955810547,156.92545318603516,90.98484802246094,96.5,60.81814193725586,99.9963836669922,0.0,44.63718359548004,193693.0,7.6429443359375,15.20428466796875,8.73089599609375,14.225128173828123,35.52500057220459
1972-03-18 11:06:54,24.13319206237793,81.02410125732422,157.2835235595703,90.98484802246094,97.6999969482422,60.81814193725586,99.9963836669922,0.0,41.36919567559382,193693.0,10.74365234375,16.10186767578125,10.961227416992188,11.124420166015623,35.52500057220459
1972-03-18 11:06:55,24.131893157958984,81.02410125732422,156.8359375,90.98484802246094,96.6999969482422,60.81814193725586,99.9963836669922,0.0,43.02739419076511,193693.0,13.925933837890623,14.225128173828123,9.193283081054688,10.553253173828123,35.52500057220459
1972-03-18 11:06:56,24.10448455810547,80.96385955810547,158.28450775146484,90.98484802246094,97.5999984741211,60.81814193725586,99.9963836669922,0.0,40.73766119636402,193693.0,3.209503173828125,13.59954833984375,17.026611328125,10.36285400390625,35.52500057220459
1972-03-18 11:06:57,24.03838348388672,80.96385955810547,157.94271087646484,90.98484802246094,97.1999969482422,60.81814193725586,99.9963836669922,0.0,39.73724061408696,193693.0,12.321197509765623,11.66839599609375,13.30035400390625,10.254058837890623,35.52500057220459
1972-03-18 11:06:58,23.976926803588867,80.96385955810547,156.884765625,90.98484802246094,98.0,60.82175827026367,99.9963836669922,0.0,38.59180522503911,193693.0,12.56597900390625,10.5804443359375,7.806121826171875,14.361114501953123,35.52500057220459
1972-03-18 11:06:59,23.97828483581543,81.02410125732422,158.2356719970703,90.98484802246094,97.29999542236328,60.81814193725586,99.9963836669922,0.0,41.77521060090791,193693.0,7.07177734375,15.231475830078123,17.896987915039062,7.207763671875,35.52500057220459
1972-03-18 11:07:00,24.00864028930664,81.08433532714844,156.82779693603516,90.98484802246094,96.0,60.81814193725586,99.9963836669922,0.0,43.89494426270246,193693.0,13.409149169921877,5.276611328125,11.206024169921877,12.321182250976562,35.52500057220459
1972-03-18 11:07:01,24.05942153930664,80.96385955810547,156.005859375,90.98484802246094,97.39999389648438,60.81814193725586,99.9963836669922,0.0,40.66027789929116,193693.0,8.54052734375,17.57061767578125,6.854156494140625,11.695602416992188,35.52500057220459
1972-03-18 11:07:02,24.059232711791992,80.90361022949219,157.91015625,90.98484802246094,97.1999969482422,60.81814193725586,99.9963836669922,0.0,42.47972671880305,193693.0,7.07177734375,12.212371826171877,13.599533081054688,11.4508056640625,35.52500057220459
1972-03-18 11:07:03,24.045654296875,81.02410125732422,158.06478118896484,90.98484802246094,97.39999389648438,60.81814193725586,99.9963836669922,0.0,40.83394858096171,193693.0,7.6429443359375,7.9149169921875,15.177093505859377,14.3883056640625,35.52500057220459
1972-03-18 11:07:04,24.02409744262696,81.08433532714844,157.0068359375,90.98484802246094,96.3000030517578,60.81814193725586,99.9963836669922,0.0,42.41895389052605,193693.0,11.777206420898438,10.06365966796875,10.06365966796875,11.151611328125,35.52500057220459
1972-03-18 11:07:05,24.024816513061523,81.02410125732422,156.05469512939453,90.98484802246094,95.5,60.81814193725586,99.9963836669922,0.0,44.070959071439226,193693.0,13.5179443359375,12.10357666015625,8.703704833984375,7.969329833984375,35.52500057220459
1972-03-18 11:07:06,24.101776123046875,80.96385955810547,158.17057037353516,90.98484802246094,97.6999969482422,60.81814193725586,99.9963836669922,0.0,42.181265566299935,193693.0,10.5804443359375,14.497100830078123,14.3883056640625,12.729171752929688,35.52500057220459
1972-03-18 11:07:07,24.176483154296875,80.96385955810547,157.73111724853516,90.98484802246094,96.9000015258789,60.81814193725586,99.9963836669922,0.0,39.65547973088114,193693.0,16.3194580078125,8.132537841796875,9.46527099609375,11.614013671875,35.52500057220459
1972-03-18 11:07:08,24.20158576965332,80.96385955810547,157.1940155029297,90.98484802246094,97.39999389648438,60.81814193725586,99.9963836669922,0.0,40.73456214755275,193693.0,8.1053466796875,13.87152099609375,14.524307250976562,10.79803466796875,35.52500057220459
1972-03-18 11:07:09,24.181283950805664,80.96385955810547,156.19303131103516,90.98484802246094,96.3000030517578,60.81814193725586,99.9963836669922,0.0,40.56947724306053,193693.0,3.590301513671875,16.129058837890625,13.381942749023438,6.473388671875,35.52500057220459
1972-03-18 11:07:10,24.119384765625,81.02410125732422,156.8440704345703,90.98484802246094,96.6999969482422,60.81814193725586,99.9963836669922,0.0,41.14524545640886,193693.0,10.716445922851562,13.925933837890623,11.913192749023438,10.036468505859377,35.52500057220459
1972-03-18 11:07:11,24.05692672729492,81.02410125732422,156.32323455810547,90.98484802246094,96.8000030517578,60.82175827026367,99.9963836669922,0.0,41.00931374406772,193693.0,9.682891845703123,14.1163330078125,9.8460693359375,9.302093505859377,35.52500057220459
1972-03-18 11:07:12,24.041013717651367,80.96385955810547,157.3486328125,90.98484802246094,98.0999984741211,60.81814193725586,99.9963836669922,0.0,39.33188640646948,193693.0,6.935760498046875,14.46990966796875,13.817138671875,8.2413330078125,35.52500057220459
1972-03-18 11:07:13,24.074827194213867,80.90361022949219,157.2998046875,90.98484802246094,96.5,60.81814193725586,99.9963836669922,0.0,42.389923010696364,193693.0,10.00927734375,12.729156494140623,12.40277099609375,10.172454833984377,35.52500057220459
1972-03-18 11:07:14,24.115009307861328,81.02410125732422,156.0546875,90.98484802246094,96.8000030517578,60.81814193725586,99.9963836669922,0.0,42.29373576805258,193693.0,9.302093505859377,13.5179443359375,8.866897583007812,11.3148193359375,35.52500057220459
1972-03-18 11:07:15,24.11245918273925,81.08433532714844,156.52669525146484,90.98484802246094,98.4000015258789,60.82175827026367,99.9963836669922,0.0,38.35025268803129,193693.0,8.1053466796875,14.007537841796877,11.614013671875,11.885986328125,35.52500057220459
1972-03-18 11:07:16,24.050376892089844,81.08433532714844,157.16146087646484,90.98484802246094,97.1999969482422,60.82175827026367,99.9963836669922,0.0,42.76256403594673,193693.0,7.5069580078125,10.879638671875,16.23785400390625,11.75,35.52500057220459
1972-03-18 11:07:17,23.982872009277344,80.96385955810547,155.8512420654297,90.98484802246094,96.10000610351562,60.82175827026367,99.9963836669922,0.0,42.9226410640681,193693.0,7.479766845703125,12.9195556640625,8.3773193359375,8.486114501953125,35.52500057220459
1972-03-18 11:07:18,23.9436264038086,80.96385955810547,156.3232421875,90.98484802246094,95.5,60.81814193725586,99.9963836669922,0.0,43.5331761482746,193693.0,8.186920166015625,11.423614501953123,15.231475830078123,6.881378173828125,35.52500057220459
1972-03-18 11:07:19,23.96625328063965,80.96385955810547,157.32421875,90.98484802246094,98.5999984741211,60.81814193725586,99.9963836669922,0.0,41.165989068714204,193693.0,9.574081420898438,15.965850830078123,12.865158081054688,11.342010498046877,35.52500057220459
1972-03-18 11:07:20,24.02273368835449,81.02410125732422,157.26725006103516,90.98484802246094,96.5999984741211,60.81814193725586,99.9963836669922,0.0,41.483550354903535,193693.0,12.56597900390625,11.641204833984377,14.6875,9.601272583007812,35.52500057220459
1972-03-18 11:07:21,24.077974319458008,81.02410125732422,155.94889068603516,90.98484802246094,97.79999542236328,60.81814193725586,99.9963836669922,0.0,41.95365038067402,193693.0,8.8125,14.197906494140623,11.695602416992188,8.758102416992188,35.52500057220459
1972-03-18 11:07:22,24.085145950317383,81.02410125732422,155.24088287353516,90.98484802246094,97.39999389648438,60.81814193725586,99.9963836669922,0.0,39.51470360092728,193693.0,9.764480590820312,14.3883056640625,9.791656494140623,6.7725830078125,35.52500057220459
1972-03-18 11:07:23,24.079998016357425,80.96385955810547,157.00682830810547,90.98484802246094,96.3000030517578,60.81814193725586,99.9963836669922,0.0,44.116190729809624,193693.0,5.276641845703125,13.409149169921877,12.076385498046877,14.03472900390625,35.52500057220459
1972-03-18 11:07:24,24.05879020690918,80.96385955810547,157.11263275146484,90.98484802246094,96.8000030517578,60.82175827026367,99.9963836669922,0.0,43.89514945414661,193693.0,10.52606201171875,11.96759033203125,13.5179443359375,10.5804443359375,35.52500057220459
1972-03-18 11:07:25,24.090694427490234,80.96385955810547,155.69661712646484,90.98484802246094,97.6999969482422,60.81814193725586,99.9963836669922,0.0,40.00673079100353,193693.0,10.335662841796877,11.505218505859377,9.220489501953123,10.145263671875,35.52500057220459
1972-03-18 11:07:26,24.172231674194336,81.02410125732422,155.9163360595703,90.98484802246094,96.5,60.82175827026367,99.9963836669922,0.0,39.96792075820406,193693.0,13.59954833984375,15.04107666015625,9.16607666015625,6.418975830078125,35.52500057220459
1972-03-18 11:07:27,24.26414680480957,80.96385955810547,157.02310943603516,90.98484802246094,96.5999984741211,60.81814193725586,99.9963836669922,0.0,45.565776442390266,193693.0,10.390045166015623,8.105316162109375,10.308441162109377,15.693878173828123,35.52500057220459
1972-03-18 11:07:28,24.30755424499512,80.96385955810547,155.56640625,90.98484802246094,96.8000030517578,60.81814193725586,99.9963836669922,0.0,41.303942614024194,193693.0,7.833343505859375,15.20428466796875,8.8125,9.519683837890623,35.52500057220459
1972-03-18 11:07:29,24.289854049682617,81.02410125732422,156.2255859375,90.98484802246094,97.0999984741211,60.81814193725586,99.9963836669922,0.0,40.98702327678182,193693.0,12.892364501953123,16.917816162109375,11.287612915039062,9.818878173828123,35.52500057220459
1972-03-18 11:07:30,24.239688873291016,81.02410125732422,156.74642181396484,90.98484802246094,96.9000015258789,60.81814193725586,99.9963836669922,0.0,42.0125388536782,193693.0,9.138885498046877,11.69561767578125,13.055557250976562,10.988433837890623,35.52500057220459
1972-03-18 11:07:31,24.163042068481445,80.96385955810547,155.5012969970703,90.98484802246094,96.5,60.81814193725586,99.9963836669922,0.0,40.94080330472855,193693.0,13.137161254882812,8.43170166015625,13.925933837890623,9.62847900390625,35.52500057220459
1972-03-18 11:07:32,24.146772384643555,80.96385955810547,156.91732025146484,90.98484802246094,96.5,60.81814193725586,99.9963836669922,0.0,41.383317102246686,193693.0,11.015625,12.946746826171877,16.618621826171875,7.1805572509765625,35.52500057220459
1972-03-18 11:07:33,24.15132522583008,80.96385955810547,156.494140625,90.98484802246094,97.5999984741211,60.81814193725586,99.9963836669922,0.0,42.54793839957353,193693.0,9.383697509765623,13.953125,10.471649169921877,10.66204833984375,35.52500057220459
1972-03-18 11:07:34,24.169097900390625,81.02410125732422,155.6640625,90.98484802246094,97.0999984741211,60.81814193725586,99.9963836669922,0.0,44.31802567764305,193693.0,8.62213134765625,12.86517333984375,9.383682250976562,9.138885498046877,35.52500057220459
1972-03-18 11:07:35,24.13810539245605,81.02410125732422,155.9163360595703,90.98484802246094,96.10000610351562,60.81814193725586,99.9963836669922,0.0,43.910697628404314,193693.0,11.3148193359375,14.3883056640625,14.877899169921877,9.791671752929688,35.52500057220459
1972-03-18 11:07:36,24.058801651000977,81.02410125732422,156.4046173095703,90.98484802246094,97.0999984741211,60.82175827026367,99.9963836669922,0.0,41.8418429552343,193693.0,8.404510498046875,10.22686767578125,14.823486328125,12.321182250976562,35.52500057220459
1972-03-18 11:07:37,23.978973388671875,80.96385955810547,156.25,90.98484802246094,97.5,60.81814193725586,99.9963836669922,0.0,41.53956263371102,193693.0,11.3148193359375,17.54339599609375,8.43170166015625,10.009262084960938,35.52500057220459
1972-03-18 11:07:38,23.92805290222168,80.96385955810547,156.25,90.98484802246094,96.4000015258789,60.81814193725586,99.9963836669922,0.0,43.8443192295757,193693.0,9.1116943359375,13.109954833984377,11.206024169921877,11.1788330078125,35.52500057220459
1972-03-18 11:07:39,23.943572998046875,81.02410125732422,156.7545623779297,90.98484802246094,95.8000030517578,60.82175827026367,99.9963836669922,0.0,42.986096993562185,193693.0,8.45892333984375,13.245941162109377,13.245941162109377,13.545135498046877,35.52500057220459
1972-03-18 11:07:40,24.003761291503903,81.02410125732422,156.9742889404297,90.98484802246094,96.8000030517578,60.82175827026367,99.9963836669922,0.0,45.01255355234105,193693.0,8.15972900390625,12.3211669921875,13.87152099609375,12.9195556640625,35.52500057220459
1972-03-18 11:07:41,24.04808235168457,80.96385955810547,155.47689056396484,91.06060791015624,97.0999984741211,60.81814193725586,99.9963836669922,0.0,43.347766332509025,193693.0,11.47802734375,12.9195556640625,9.383682250976562,10.06365966796875,35.52500057220459
1972-03-18 11:07:42,24.03598403930664,80.96385955810547,157.38118743896484,90.98484802246094,97.6999969482422,60.81814193725586,99.9963836669922,0.0,41.38632080330252,193693.0,9.383697509765623,15.8570556640625,17.869781494140625,11.940399169921877,35.52500057220459
1972-03-18 11:07:43,23.999557495117188,80.96385955810547,156.005859375,90.98484802246094,97.89999389648438,60.81814193725586,99.9963836669922,0.0,43.616211093344184,193693.0,13.21875,8.622100830078125,9.32928466796875,11.1788330078125,35.52500057220459
1972-03-18 11:07:44,23.95515823364257,80.96385955810547,154.89095306396484,90.98484802246094,97.0,60.81814193725586,99.9963836669922,0.0,41.95716101769815,193693.0,5.65740966796875,13.73553466796875,9.574066162109377,6.282989501953125,35.52500057220459
1972-03-18 11:07:45,23.96850776672364,81.02410125732422,155.61522674560547,90.98484802246094,97.6999969482422,60.81814193725586,99.9963836669922,0.0,39.39532305232022,193693.0,13.245956420898438,9.655670166015623,11.423614501953123,8.758102416992188,35.52500057220459
1972-03-18 11:07:46,24.031953811645508,81.08433532714844,156.4453125,90.98484802246094,96.9000015258789,60.81814193725586,99.9963836669922,0.0,46.53893448754391,193693.0,12.185195922851562,7.942138671875,12.130783081054688,13.681137084960938,35.52500057220459
1972-03-18 11:07:47,24.11648178100586,81.02410125732422,156.08724212646484,90.98484802246094,95.9000015258789,60.82175827026367,99.9963836669922,0.0,44.89692914779537,193693.0,11.614013671875,9.32928466796875,10.7164306640625,8.15972900390625,35.52500057220459
1972-03-18 11:07:48,24.155452728271484,80.96385955810547,156.41275787353516,90.98484802246094,96.6999969482422,60.81814193725586,99.9963836669922,0.0,43.67333214154244,193693.0,11.070037841796877,12.756378173828123,11.913192749023438,12.973968505859377,35.52500057220459
1972-03-18 11:07:49,24.148344039916992,80.90361022949219,156.82779693603516,90.98484802246094,97.89999389648438,60.81814193725586,99.9963836669922,0.0,39.55576439098447,193693.0,8.2413330078125,17.70660400390625,11.75,12.40277099609375,35.52500057220459
1972-03-18 11:07:50,24.10812187194824,80.96385955810547,156.7626953125,90.98484802246094,96.3000030517578,60.81814193725586,99.9963836669922,0.0,44.94624109514867,193693.0,14.63311767578125,13.028350830078123,12.973968505859377,11.83160400390625,35.52500057220459
1972-03-18 11:07:51,24.07554244995117,81.08433532714844,156.8359375,90.98484802246094,96.8000030517578,60.81814193725586,99.9963836669922,0.0,41.231908403695684,193693.0,6.473388671875,13.762725830078123,14.796295166015623,11.586807250976562,35.52500057220459
1972-03-18 11:07:52,24.11150932312012,81.14457702636719,155.078125,90.98484802246094,97.29999542236328,60.81814193725586,99.9963836669922,0.0,43.97974255173982,193693.0,11.75,16.890625,9.927658081054688,10.28125,35.52500057220459
1972-03-18 11:07:53,24.16739654541016,80.96385955810547,156.08724212646484,90.98484802246094,96.5999984741211,60.81814193725586,99.9963836669922,0.0,42.33727726918437,193693.0,9.03009033203125,14.061920166015623,12.674774169921877,9.002899169921875,35.52500057220459
1972-03-18 11:07:54,24.21356201171875,80.84336853027344,155.810546875,90.98484802246094,97.1999969482422,60.82175827026367,99.9963836669922,0.0,40.89852003327326,193693.0,10.172454833984377,16.4554443359375,9.438079833984377,10.770843505859377,35.52500057220459
1972-03-18 11:07:55,24.211685180664062,80.90361022949219,156.46973419189453,90.98484802246094,97.5999984741211,60.81814193725586,99.9963836669922,0.0,41.906456299941325,193693.0,10.79803466796875,11.9132080078125,11.53240966796875,13.30035400390625,35.52500057220459
1972-03-18 11:07:56,24.175840377807617,81.02410125732422,156.86035919189453,90.98484802246094,96.5,60.81814193725586,99.9963836669922,0.0,42.622301767488594,193693.0,8.8397216796875,11.5867919921875,12.9195556640625,10.145263671875,35.52500057220459
1972-03-18 11:07:57,24.12433815002441,81.08433532714844,155.6071014404297,90.98484802246094,97.29999542236328,60.81814193725586,99.9963836669922,0.0,40.60471552211673,193693.0,7.34375,8.948486328125,11.09722900390625,11.423614501953123,35.52500057220459
1972-03-18 11:07:58,24.08317375183105,81.08433532714844,156.103515625,90.98484802246094,98.0,60.81814193725586,99.9963836669922,0.0,38.67203526165842,193693.0,10.825241088867188,11.96759033203125,11.641204833984377,10.06365966796875,35.52500057220459
1972-03-18 11:07:59,24.105098724365234,81.02410125732422,156.48600006103516,90.98484802246094,97.6999969482422,60.81814193725586,99.9963836669922,0.0,40.96361327024958,193693.0,11.39642333984375,12.946746826171877,13.354736328125,11.777191162109377,35.52500057220459
1972-03-18 11:08:00,24.151742935180664,80.90361022949219,156.45345306396484,90.98484802246094,97.79999542236328,60.81814193725586,99.9963836669922,0.0,40.18482114349105,193693.0,6.282989501953125,9.084503173828123,14.17071533203125,10.36285400390625,35.52500057220459
1972-03-18 11:08:01,24.17131233215332,80.90361022949219,155.24088287353516,90.98484802246094,96.8000030517578,60.82175827026367,99.9963836669922,0.0,39.624798573377525,193693.0,12.076400756835938,8.15972900390625,9.2476806640625,11.3148193359375,35.52500057220459
1972-03-18 11:08:02,24.15407943725586,80.96385955810547,155.16764068603516,90.98484802246094,96.5,60.81814193725586,99.9963836669922,0.0,42.17218751495417,193693.0,13.273162841796877,12.973968505859377,8.73089599609375,11.722808837890623,35.52500057220459
1972-03-18 11:08:03,24.10939598083496,81.02410125732422,155.15950775146484,90.98484802246094,97.5999984741211,60.81814193725586,99.9963836669922,0.0,40.75155160883864,193693.0,6.6365966796875,12.212371826171877,9.90045166015625,7.017364501953125,35.52500057220459
1972-03-18 11:08:04,24.0343074798584,81.08433532714844,155.5582733154297,90.98484802246094,96.5,60.82175827026367,99.9963836669922,0.0,43.27563771442022,193693.0,9.682891845703123,8.921295166015625,11.09722900390625,10.79803466796875,35.52500057220459
1972-03-18 11:08:05,24.024845123291016,81.02410125732422,154.0120391845703,90.98484802246094,97.0999984741211,60.81814193725586,99.9963836669922,0.0,41.870927119520594,193693.0,8.649322509765625,19.01214599609375,3.29107666015625,8.921295166015625,35.52500057220459
1972-03-18 11:08:06,24.068836212158203,80.96385955810547,156.3557891845703,90.98484802246094,96.20000457763672,60.82175827026367,99.9963836669922,0.0,42.20253582652574,193693.0,4.297454833984375,9.818878173828123,13.00115966796875,10.553253173828123,35.52500057220459
1972-03-18 11:08:07,24.13942527770996,81.02410125732422,155.47689056396484,90.98484802246094,96.0,60.82175827026367,99.9963836669922,0.0,45.29167768580479,193693.0,8.1053466796875,11.75,10.254058837890623,8.45892333984375,35.52500057220459
1972-03-18 11:08:08,24.16680908203125,81.02410125732422,156.16861724853516,90.98484802246094,97.5999984741211,60.81814193725586,99.9963836669922,0.0,40.969699854021606,193693.0,10.689239501953123,10.8524169921875,12.130783081054688,13.164352416992188,35.52500057220459
1972-03-18 11:08:09,24.15022659301757,81.02410125732422,155.72103118896484,90.98484802246094,97.79999542236328,60.81814193725586,99.9963836669922,0.0,41.64539301833234,193693.0,8.15972900390625,17.679412841796875,13.73553466796875,10.036468505859377,35.52500057220459
1972-03-18 11:08:10,24.105697631835938,80.90361022949219,154.443359375,90.98484802246094,96.8000030517578,60.81814193725586,99.9963836669922,0.0,40.81054068228013,193693.0,2.5023193359375,9.274871826171877,11.09722900390625,5.140625,35.52500057220459
1972-03-18 11:08:11,24.04497718811035,80.96385955810547,154.50032806396484,90.98484802246094,95.70000457763672,60.81814193725586,99.9963836669922,0.0,44.49869817085529,193693.0,9.818878173828123,11.75,9.873260498046877,10.553253173828123,35.52500057220459
1972-03-18 11:08:12,24.060317993164062,81.02410125732422,156.0221405029297,90.98484802246094,97.1999969482422,60.81814193725586,99.9963836669922,0.0,38.60594674271016,193693.0,8.785308837890625,14.361114501953123,13.109954833984377,7.42535400390625,35.52500057220459
1972-03-18 11:08:13,24.11993789672852,81.02410125732422,156.9091796875,90.98484802246094,97.1999969482422,60.82175827026367,99.9963836669922,0.0,43.83397365163468,193693.0,4.8414306640625,16.265045166015625,16.292236328125,13.463546752929688,35.52500057220459
1972-03-18 11:08:14,24.16840362548828,80.96385955810547,155.27342987060547,90.98484802246094,96.8000030517578,60.82175827026367,99.9963836669922,0.0,41.495979545432306,193693.0,13.273162841796877,13.00115966796875,7.7789306640625,10.49884033203125,35.52500057220459
1972-03-18 11:08:15,24.162466049194336,80.96385955810547,155.76985931396484,90.98484802246094,96.3000030517578,60.82175827026367,99.9963836669922,0.0,43.89205776939872,193693.0,9.764480590820312,8.2413330078125,13.463531494140623,12.946762084960938,35.52500057220459
1972-03-18 11:08:16,24.12470436096192,81.02410125732422,156.3232421875,90.98484802246094,97.5999984741211,60.82175827026367,99.9963836669922,0.0,44.400881367944265,193694.0,8.8125,17.516204833984375,11.75,11.66839599609375,35.52500057220459
1972-03-18 11:08:17,24.069395065307617,81.02410125732422,156.5836639404297,90.98484802246094,96.3000030517578,60.82175827026367,99.9963836669922,0.0,41.6165731128403,193694.0,13.30035400390625,6.82696533203125,11.913192749023438,16.101852416992188,35.52500057220459
1972-03-18 11:08:18,24.049192428588867,81.02410125732422,155.9488983154297,90.98484802246094,97.1999969482422,60.81814193725586,99.9963836669922,0.0,42.30267213051176,193694.0,11.668411254882812,14.007537841796877,15.20428466796875,5.9293975830078125,35.52500057220459
1972-03-18 11:08:19,24.1097469329834,81.02410125732422,155.43619537353516,90.98484802246094,96.5,60.81814193725586,99.9963836669922,0.0,40.99501196594963,193694.0,11.83160400390625,7.0445556640625,14.524307250976562,12.40277099609375,35.52500057220459
1972-03-18 11:08:20,24.179059982299805,80.96385955810547,155.712890625,90.98484802246094,97.0999984741211,60.81814193725586,99.9963836669922,0.0,43.55811451021004,193694.0,10.254058837890623,11.9132080078125,14.2523193359375,12.26678466796875,35.52500057220459
1972-03-18 11:08:21,24.21787452697754,80.96385955810547,155.44432830810547,90.98484802246094,96.9000015258789,60.81814193725586,99.9963836669922,0.0,41.49875401084386,193694.0,12.293991088867188,11.4508056640625,11.66839599609375,11.260421752929688,35.52500057220459
1972-03-18 11:08:22,24.207141876220703,80.96385955810547,155.3141326904297,90.98484802246094,97.1999969482422,60.81814193725586,99.9963836669922,0.0,42.30864127006439,193694.0,9.465301513671877,11.69561767578125,15.013885498046877,9.737274169921877,35.55000019073486
1972-03-18 11:08:23,24.15517807006836,80.96385955810547,154.82584381103516,90.98484802246094,96.5,60.81814193725586,99.9963836669922,0.0,45.062333557323086,193694.0,12.239593505859377,16.50982666015625,8.350112915039062,12.593170166015623,35.52500057220459
1972-03-18 11:08:24,24.10055160522461,81.02410125732422,156.06282806396484,90.98484802246094,96.6999969482422,60.81814193725586,99.9963836669922,0.0,42.34137498486423,193694.0,5.95660400390625,16.917816162109375,8.676513671875,13.028350830078123,35.52500057220459
1972-03-18 11:08:25,24.093425750732425,81.08433532714844,155.14322662353516,90.98484802246094,97.1999969482422,60.81814193725586,99.9963836669922,0.0,41.708299404665674,193694.0,8.89410400390625,12.946746826171877,11.614013671875,11.695602416992188,35.52500057220459
1972-03-18 11:08:26,24.13875389099121,81.08433532714844,155.80240631103516,90.98484802246094,96.8000030517578,60.81814193725586,99.9963836669922,0.0,41.25904822498773,193694.0,8.15972900390625,8.540496826171875,12.457183837890623,10.879638671875,35.55000019073486
1972-03-18 11:08:27,24.182344436645508,81.02410125732422,156.0465545654297,90.98484802246094,97.0,60.81814193725586,99.9963836669922,0.0,41.191935994386725,193694.0,7.670135498046875,15.177093505859377,13.327545166015623,9.873260498046877,35.52500057220459
1972-03-18 11:08:28,24.18728446960449,80.90361022949219,155.41178131103516,90.98484802246094,96.20000457763672,60.81814193725586,99.9963836669922,0.0,43.568148370058985,193694.0,12.701980590820312,7.479736328125,10.417236328125,10.036468505859377,35.52500057220459
1972-03-18 11:08:29,24.1390438079834,80.90361022949219,157.0556640625,90.98484802246094,98.0999984741211,60.81814193725586,99.9963836669922,0.0,42.669914792501245,193694.0,8.730926513671875,13.925933837890623,15.993057250976562,13.028350830078123,35.55000019073486
1972-03-18 11:08:30,24.078935623168945,80.96385955810547,157.30794525146484,90.98484802246094,98.29999542236328,60.81814193725586,99.9963836669922,0.0,40.67615107597675,193694.0,10.06365966796875,17.897003173828125,15.258682250976562,9.737274169921877,35.55000019073486
1972-03-18 11:08:31,23.99148368835449,81.02410125732422,155.46060943603516,90.98484802246094,97.5999984741211,60.81814193725586,99.9963836669922,0.0,42.135925285530085,193694.0,7.72454833984375,14.415496826171877,8.622100830078125,12.321182250976562,35.55000019073486
1972-03-18 11:08:32,23.986129760742188,81.02410125732422,155.029296875,90.98484802246094,97.5,60.81814193725586,99.9963836669922,0.0,40.77133036569113,193694.0,4.65106201171875,19.12094116210937,11.206024169921877,7.670135498046875,35.55000019073486
1972-03-18 11:08:33,24.018972396850582,80.96385955810547,155.37109375,90.98484802246094,97.0999984741211,60.81814193725586,99.9963836669922,0.0,39.595712141301675,193694.0,8.404510498046875,9.546875,11.83160400390625,9.438079833984377,35.55000019073486
1972-03-18 11:08:34,24.06127166748047,81.02410125732422,155.908203125,90.98484802246094,97.29999542236328,60.82175827026367,99.9963836669922,0.0,42.2430983153754,193694.0,9.737274169921877,15.177093505859377,12.70196533203125,9.138885498046877,35.55000019073486
1972-03-18 11:08:35,24.05591583251953,80.96385955810547,154.53287506103516,90.98484802246094,97.1999969482422,60.81814193725586,99.9963836669922,0.0,42.10490588974446,193694.0,14.741912841796877,13.273162841796877,9.818862915039062,12.620361328125,35.55000019073486
1972-03-18 11:08:36,24.004112243652344,81.02410125732422,156.08724212646484,90.98484802246094,96.8000030517578,60.81814193725586,99.9963836669922,0.0,41.083528034969696,193694.0,7.969329833984375,15.693878173828123,17.217010498046875,6.6637725830078125,35.55000019073486
1972-03-18 11:08:37,23.953105926513672,80.96385955810547,155.24088287353516,90.98484802246094,97.29999542236328,60.82175827026367,99.9963836669922,0.0,44.170034047531495,193694.0,11.804412841796877,13.43634033203125,11.994781494140623,11.260421752929688,35.55000019073486
1972-03-18 11:08:38,23.926029205322266,80.90361022949219,155.62337493896484,90.98484802246094,96.6999969482422,60.81814193725586,99.9963836669922,0.0,45.074443265495496,193694.0,10.22686767578125,11.36920166015625,13.925933837890623,7.153350830078125,35.55000019073486
1972-03-18 11:08:39,23.975849151611328,80.96385955810547,157.0882110595703,90.98484802246094,97.6999969482422,60.81814193725586,99.9963836669922,0.0,44.31496127761978,193694.0,13.73553466796875,12.620361328125,15.095489501953123,10.417236328125,35.55000019073486
1972-03-18 11:08:40,24.07674598693848,81.08433532714844,155.2164764404297,90.98484802246094,96.5999984741211,60.82175827026367,99.9963836669922,0.0,43.826502879748936,193694.0,6.33740234375,12.56597900390625,14.823486328125,12.1851806640625,35.55000019073486
1972-03-18 11:08:41,24.169979095458984,81.02410125732422,154.5735626220703,90.98484802246094,96.6999969482422,60.81814193725586,99.9963836669922,0.0,41.61233022649094,193694.0,11.423614501953123,14.2523193359375,11.722808837890623,10.172454833984377,35.55000019073486
1972-03-18 11:08:42,24.174699783325195,80.96385955810547,156.4127655029297,90.98484802246094,97.29999542236328,60.81814193725586,99.9963836669922,0.0,45.273823869255644,193694.0,10.471649169921877,15.394683837890623,15.802658081054688,7.969329833984375,35.55000019073486
1972-03-18 11:08:43,24.10075759887696,80.90361022949219,155.8349609375,90.98484802246094,96.8000030517578,60.81814193725586,99.9963836669922,0.0,40.91723079411744,193694.0,8.567718505859375,12.756378173828123,14.197906494140623,12.348388671875,35.55000019073486
1972-03-18 11:08:44,24.052078247070312,80.96385955810547,155.2815704345703,90.98484802246094,96.4000015258789,60.82175827026367,99.9963836669922,0.0,42.71800316505284,193694.0,13.028366088867188,11.015625,10.254058837890623,11.015625,35.55000019073486
1972-03-18 11:08:45,24.089120864868164,81.08433532714844,156.93360137939453,90.98484802246094,97.5,60.82175827026367,99.9963836669922,0.0,41.719441580149926,193694.0,10.716445922851562,15.50347900390625,17.135406494140625,10.66204833984375,35.55000019073486
1972-03-18 11:08:46,24.16657447814941,81.08433532714844,156.41275787353516,90.98484802246094,97.1999969482422,60.81814193725586,99.9963836669922,0.0,39.88963504652042,193694.0,13.572357177734377,10.1180419921875,15.884246826171877,14.524307250976562,35.55000019073486
1972-03-18 11:08:47,24.26790428161621,80.96385955810547,155.81055450439453,90.98484802246094,96.6999969482422,60.82175827026367,99.9963836669922,0.0,42.14700899627937,193694.0,11.39642333984375,11.722808837890623,12.593170166015623,10.4444580078125,35.55000019073486
1972-03-18 11:08:48,24.29794311523437,80.90361022949219,156.11165618896484,90.98484802246094,97.6999969482422,60.81814193725586,99.9963836669922,0.0,40.11562549061474,193694.0,9.818878173828123,17.516204833984375,6.500579833984375,11.070022583007812,35.55000019073486
1972-03-18 11:08:49,24.26768684387207,80.90361022949219,155.70475006103516,90.98484802246094,97.29999542236328,60.82175827026367,99.9963836669922,0.0,42.5564928854302,193694.0,9.79168701171875,13.16436767578125,10.009246826171877,6.9629669189453125,35.55000019073486
1972-03-18 11:08:50,24.215499877929688,80.96385955810547,155.11881256103516,90.98484802246094,96.9000015258789,60.82175827026367,99.9963836669922,0.0,40.561892992822244,193694.0,10.22686767578125,10.009246826171877,11.885986328125,10.090850830078123,35.55000019073486
1972-03-18 11:08:51,24.120500564575195,81.02410125732422,154.98046112060547,90.98484802246094,96.5999984741211,60.81814193725586,99.9963836669922,0.0,41.12843520237759,193694.0,9.682891845703123,9.9820556640625,8.5133056640625,10.79803466796875,35.55000019073486
1972-03-18 11:08:52,24.082256317138672,81.02410125732422,156.19303131103516,90.98484802246094,97.5,60.81814193725586,99.9963836669922,0.0,41.140279714032225,193694.0,8.350128173828125,16.37384033203125,15.068283081054688,8.2413330078125,35.55000019073486
1972-03-18 11:08:53,24.06055450439453,81.08433532714844,154.50846099853516,90.98484802246094,97.39999389648438,60.82175827026367,99.9963836669922,0.0,40.84973427742008,193694.0,6.9085693359375,11.614013671875,11.858795166015623,8.921295166015625,35.55000019073486
1972-03-18 11:08:54,24.09480094909668,81.02410125732422,153.97134399414062,90.98484802246094,97.0,60.82175827026367,99.9963836669922,0.0,43.21204406213599,193694.0,6.582183837890625,9.682861328125,11.124420166015623,12.157989501953123,35.55000019073486
1972-03-18 11:08:55,24.13408470153809,80.96385955810547,155.6721954345703,90.98484802246094,96.8000030517578,60.82175827026367,99.9963836669922,0.0,42.663867061096184,193694.0,12.620391845703123,15.9930419921875,12.946746826171877,5.7118072509765625,35.55000019073486
1972-03-18 11:08:56,24.08144760131836,80.96385955810547,155.5257110595703,90.98484802246094,97.5,60.82175827026367,99.9963836669922,0.0,41.87071828744329,193694.0,7.12615966796875,14.061920166015623,12.076385498046877,12.26678466796875,35.55000019073486
1972-03-18 11:08:57,23.98225975036621,81.02410125732422,154.94791412353516,90.98484802246094,97.79999542236328,60.81814193725586,99.9963836669922,0.0,41.5175881455216,193694.0,9.519683837890623,18.1961669921875,11.614013671875,10.634841918945312,35.55000019073486
1972-03-18 11:08:58,23.92269897460937,80.96385955810547,155.81868743896484,90.98484802246094,97.29999542236328,60.82175827026367,99.9963836669922,0.0,42.10405390235222,193694.0,9.19329833984375,10.66204833984375,11.559600830078123,14.497100830078123,35.55000019073486
1972-03-18 11:08:59,23.92886543273925,81.02410125732422,156.02213287353516,90.98484802246094,96.6999969482422,60.82175827026367,99.9963836669922,0.0,44.76881336326465,193694.0,12.076400756835938,13.273162841796877,13.273147583007812,13.13714599609375,35.55000019073486
1972-03-18 11:09:00,23.983287811279297,81.02410125732422,155.2490234375,90.98484802246094,97.0,60.82175827026367,99.9963836669922,0.0,44.403239185153666,193694.0,10.96124267578125,15.557861328125,12.26678466796875,10.254058837890623,35.55000019073486
1972-03-18 11:09:01,24.02988243103028,81.02410125732422,156.640625,90.98484802246094,97.0,60.81814193725586,99.9963836669922,0.0,44.17728793064677,193694.0,12.103607177734377,7.207763671875,16.428237915039062,11.124420166015623,35.55000019073486
1972-03-18 11:09:02,24.04190254211425,80.96385955810547,156.03026580810547,90.98484802246094,97.79999542236328,60.81814193725586,99.9963836669922,0.0,41.235279254123874,193694.0,14.76910400390625,13.409149169921877,16.23785400390625,16.346649169921875,35.55000019073486
1972-03-18 11:09:03,23.99903678894043,80.96385955810547,156.494140625,90.98484802246094,96.5999984741211,60.81814193725586,99.9963836669922,0.0,45.04768904709568,193694.0,10.06365966796875,16.5914306640625,12.973968505859377,9.818878173828123,35.55000019073486
1972-03-18 11:09:04,23.975202560424805,80.96385955810547,154.7037811279297,90.98484802246094,96.9000015258789,60.81814193725586,99.9963836669922,0.0,42.00849942374294,193694.0,7.751739501953125,15.9930419921875,9.220489501953123,13.273147583007812,35.55000019073486
1972-03-18 11:09:05,24.05717086791992,81.02410125732422,154.8909454345703,90.98484802246094,97.29999542236328,60.81814193725586,99.9963836669922,0.0,40.58671512610199,193694.0,10.036468505859377,14.578704833984377,14.279510498046877,9.1116943359375,35.55000019073486
1972-03-18 11:09:06,24.173173904418945,80.96385955810547,156.25814056396484,90.98484802246094,98.1999969482422,60.81814193725586,99.9963836669922,0.0,38.887403407290925,193694.0,15.177093505859377,13.681121826171877,11.940399169921877,9.057296752929688,35.55000019073486
1972-03-18 11:09:07,24.27027130126953,80.96385955810547,155.8837890625,90.98484802246094,95.8000030517578,60.81814193725586,99.9963836669922,0.0,43.830437658924296,193694.0,5.412628173828125,9.873260498046877,15.7210693359375,9.438079833984377,35.55000019073486
1972-03-18 11:09:08,24.35885238647461,80.96385955810547,153.72721099853516,90.98484802246094,96.6999969482422,60.82175827026367,99.9963836669922,0.0,41.63835608243454,193694.0,16.15625,13.545135498046877,9.546875,8.186920166015625,35.55000019073486
1972-03-18 11:09:09,24.39832305908203,80.96385955810547,155.7942657470703,90.98484802246094,98.1999969482422,60.81814193725586,99.9963836669922,0.0,40.358847829084816,193694.0,10.988433837890623,11.260406494140623,13.13714599609375,9.32928466796875,35.55000019073486
1972-03-18 11:09:10,24.40167999267578,80.96385955810547,154.5328826904297,90.98484802246094,97.89999389648438,60.82175827026367,99.9963836669922,0.0,41.57445229252211,193694.0,11.505218505859377,16.129058837890625,9.16607666015625,9.057296752929688,35.55000019073486
1972-03-18 11:09:11,24.37347984313965,81.02410125732422,154.3375701904297,90.98484802246094,97.0999984741211,60.82175827026367,99.9963836669922,0.0,41.791749144261125,193694.0,8.676513671875,7.588531494140625,13.191558837890623,12.674774169921877,35.55000019073486
1972-03-18 11:09:12,24.385799407958984,81.02410125732422,155.89192962646484,90.98484802246094,97.0999984741211,60.81814193725586,99.9963836669922,0.0,41.51669737669749,193694.0,11.369232177734377,15.7210693359375,11.53240966796875,5.249420166015625,35.55000019073486
1972-03-18 11:09:13,24.413164138793945,80.96385955810547,155.0862579345703,90.98484802246094,97.39999389648438,60.82175827026367,99.9963836669922,0.0,42.830206799015805,193694.0,7.34375,13.708343505859377,12.647567749023438,10.118057250976562,35.55000019073486
1972-03-18 11:09:14,24.42980194091797,81.02410125732422,155.5501251220703,90.98484802246094,96.8000030517578,60.82175827026367,99.9963836669922,0.0,42.23265860165775,193694.0,5.60302734375,11.858795166015623,12.83795166015625,9.46527099609375,35.55000019073486
1972-03-18 11:09:15,24.38479232788086,81.02410125732422,154.248046875,90.98484802246094,97.6999969482422,60.81814193725586,99.9963836669922,0.0,40.95247090769919,193694.0,10.770843505859377,13.545135498046877,9.438079833984377,7.6429443359375,35.55000019073486
1972-03-18 11:09:16,24.317747116088867,81.02410125732422,155.4850311279297,90.98484802246094,97.0999984741211,60.81814193725586,99.9963836669922,0.0,41.3422584394074,193694.0,6.7725830078125,9.574066162109377,12.7835693359375,9.900466918945312,35.55000019073486
1972-03-18 11:09:17,24.20294189453125,80.96385955810547,154.89908599853516,90.98484802246094,97.89999389648438,60.82175827026367,100.0,0.0,42.74902997104965,193694.0,7.88775634765625,11.9132080078125,7.887725830078125,10.607635498046877,35.55000019073486
1972-03-18 11:09:18,24.079265594482425,80.96385955810547,154.86653900146484,90.98484802246094,97.39999389648438,60.81814193725586,99.9963836669922,0.0,42.71770759485348,193694.0,13.59954833984375,13.490753173828123,12.593170166015623,12.756378173828123,35.55000019073486
1972-03-18 11:09:19,24.022550582885746,80.96385955810547,155.80240631103516,90.98484802246094,97.0,60.82175827026367,99.9963836669922,0.0,44.51109459627375,193694.0,10.036468505859377,11.83160400390625,15.313079833984377,11.206024169921877,35.55000019073486
1972-03-18 11:09:20,23.984878540039062,81.08433532714844,154.50846099853516,90.98484802246094,96.6999969482422,60.81814193725586,99.9963836669922,0.0,42.62876358331748,193694.0,5.82061767578125,12.538787841796877,8.078125,13.028350830078123,35.55000019073486
1972-03-18 11:09:21,23.939985275268555,81.08433532714844,154.7444610595703,90.98484802246094,96.5,60.81814193725586,99.9963836669922,0.0,42.8387212247321,193694.0,11.423614501953123,13.16436767578125,8.703704833984375,11.66839599609375,35.55000019073486
1972-03-18 11:09:22,23.857637405395508,80.96385955810547,155.5908203125,90.98484802246094,97.0999984741211,60.81814193725586,99.9963836669922,0.0,42.808768724507374,193694.0,11.287628173828123,13.13714599609375,11.858795166015623,12.022003173828123,35.55000019073486
1972-03-18 11:09:23,23.78406143188477,80.96385955810547,154.94791412353516,90.98484802246094,97.29999542236328,60.82175827026367,99.9963836669922,0.0,42.56638933837852,193694.0,6.228607177734375,12.26678466796875,13.6539306640625,13.00115966796875,35.55000019073486
1972-03-18 11:09:24,23.701385498046875,80.96385955810547,154.28060150146484,90.98484802246094,95.5999984741211,60.81814193725586,99.9963836669922,0.0,46.39506091570559,193694.0,12.26678466796875,13.925933837890623,11.23321533203125,9.2476806640625,35.55000019073486
1972-03-18 11:09:25,23.67771339416504,81.02410125732422,154.64681243896484,90.98484802246094,96.8000030517578,60.81814193725586,99.9963836669922,0.0,43.17197987327312,193694.0,9.166107177734377,12.56597900390625,12.293975830078123,13.708343505859377,35.55000019073486
1972-03-18 11:09:26,23.72417640686035,81.02410125732422,154.4514923095703,90.98484802246094,97.1999969482422,60.81814193725586,99.9963836669922,0.0,44.368120694297396,193694.0,8.350128173828125,14.361114501953123,11.070022583007812,8.567718505859375,35.55000019073486
1972-03-18 11:09:27,23.831085205078125,81.02410125732422,155.45247650146484,90.98484802246094,96.8000030517578,60.81814193725586,99.9963836669922,0.0,44.39559178419177,193694.0,13.409149169921877,8.73089599609375,13.354736328125,14.279510498046877,35.55000019073486
1972-03-18 11:09:28,23.912960052490234,80.96385955810547,155.25716400146484,90.98484802246094,97.89999389648438,60.81814193725586,99.9963836669922,0.0,42.70339757960221,193694.0,7.12615966796875,14.823486328125,15.149871826171877,10.607635498046877,35.55000019073486
1972-03-18 11:09:29,23.97984504699707,80.96385955810547,154.78515625,90.98484802246094,96.8000030517578,60.81814193725586,99.9963836669922,0.0,44.10266851569855,193694.0,12.837982177734377,15.06829833984375,12.973968505859377,11.695602416992188,35.55000019073486
1972-03-18 11:09:30,24.032413482666016,81.02410125732422,153.98763275146484,90.98484802246094,97.29999542236328,60.82175827026367,99.9963836669922,0.0,41.706752336088854,193694.0,11.1788330078125,10.4444580078125,15.911468505859377,13.055557250976562,35.55000019073486
1972-03-18 11:09:31,24.072019577026367,80.96385955810547,154.4677734375,90.98484802246094,97.1999969482422,60.81814193725586,99.9963836669922,0.0,42.255758192254596,193694.0,9.220489501953123,16.482635498046875,10.5804443359375,9.900466918945312,35.55000019073486
1972-03-18 11:09:32,24.184993743896484,81.02410125732422,154.6468048095703,90.98484802246094,96.3000030517578,60.81814193725586,99.9963836669922,0.0,41.509632251100996,193694.0,8.59490966796875,11.53240966796875,12.674774169921877,8.921295166015625,35.55000019073486
1972-03-18 11:09:33,24.306041717529297,80.96385955810547,155.5826873779297,90.98484802246094,95.9000015258789,60.82175827026367,99.9963836669922,0.0,43.65705881789788,193694.0,8.866912841796875,12.022003173828123,11.4508056640625,8.59490966796875,35.55000019073486
1972-03-18 11:09:34,24.385557174682617,80.96385955810547,154.1178436279297,90.98484802246094,96.4000015258789,60.81814193725586,99.9963836669922,0.0,41.73628005511122,193694.0,11.940399169921877,14.741912841796877,10.93402099609375,11.695602416992188,35.55000019073486
1972-03-18 11:09:35,24.41322898864746,81.02410125732422,155.6884765625,90.98484802246094,98.0,60.82175827026367,99.9963836669922,0.0,39.57494876973534,193694.0,10.498855590820312,13.463531494140623,12.620361328125,12.973968505859377,35.55000019073486
1972-03-18 11:09:36,24.39341926574707,81.02410125732422,153.98763275146484,90.98484802246094,97.0999984741211,60.82175827026367,99.9963836669922,0.0,40.92941578648884,193694.0,6.201385498046875,16.482635498046875,13.00115966796875,11.75,35.55000019073486
1972-03-18 11:09:37,24.33631134033203,80.96385955810547,154.22362518310547,90.98484802246094,97.5999984741211,60.82175827026367,99.9963836669922,0.0,40.63344913441526,193694.0,11.559616088867188,13.89874267578125,10.49884033203125,8.322921752929688,35.55000019073486
1972-03-18 11:09:38,24.20375061035156,81.02410125732422,154.1666717529297,90.98484802246094,96.8000030517578,60.82175827026367,99.9963836669922,0.0,43.833876764654526,193694.0,5.113433837890625,14.714691162109377,12.26678466796875,11.423614501953123,35.55000019073486
1972-03-18 11:09:39,24.190013885498047,80.96385955810547,155.1839141845703,90.98484802246094,96.4000015258789,60.82175827026367,99.9963836669922,0.0,45.359077215957,193694.0,8.921295166015625,9.546875,10.06365966796875,12.457183837890623,35.55000019073486
1972-03-18 11:09:40,24.188554763793945,80.96385955810547,153.759765625,90.98484802246094,97.0,60.81814193725586,99.9963836669922,0.0,39.79502630902676,193694.0,8.567718505859375,9.49249267578125,8.649307250976562,13.00115966796875,35.55000019073486
1972-03-18 11:09:41,24.13978385925293,80.96385955810547,154.51660919189453,90.98484802246094,97.39999389648438,60.82175827026367,99.9963836669922,0.0,40.360765977210065,193694.0,9.62847900390625,10.22686767578125,10.308441162109377,11.505218505859377,35.55000019073486
1972-03-18 11:09:42,24.06429481506348,81.02410125732422,154.51659393310547,90.98484802246094,96.9000015258789,60.81814193725586,99.9963836669922,0.0,45.98582060917895,193694.0,8.1053466796875,14.279510498046877,13.599533081054688,9.46527099609375,35.55000019073486
1972-03-18 11:09:43,23.95192527770996,81.08433532714844,154.5491485595703,90.98484802246094,96.5999984741211,60.82175827026367,99.9963836669922,0.0,41.62163522369171,193694.0,9.03009033203125,9.3836669921875,12.0491943359375,10.145263671875,35.55000019073486
1972-03-18 11:09:44,23.87110710144043,81.02410125732422,153.05989837646484,90.98484802246094,97.29999542236328,60.82175827026367,99.9963836669922,0.0,42.259911220914184,193694.0,14.306732177734377,8.132537841796875,8.975692749023438,12.674774169921877,35.55000019073486
1972-03-18 11:09:45,23.87129020690918,80.96385955810547,154.2073516845703,90.98484802246094,96.5999984741211,60.82175827026367,99.9963836669922,0.0,45.66891927253644,193694.0,7.72454833984375,14.578704833984377,13.87152099609375,3.9710693359375,35.55000019073486
1972-03-18 11:09:46,23.939197540283203,80.96385955810547,153.8737030029297,90.98484802246094,96.5,60.82175827026367,99.9963836669922,0.0,42.46321091951468,193694.0,11.233230590820312,11.994781494140623,8.839691162109375,9.057296752929688,35.55000019073486
1972-03-18 11:09:47,23.980398178100582,81.02410125732422,153.84928131103516,90.98484802246094,97.0999984741211,60.82175827026367,99.9963836669922,0.0,40.75758717245829,193694.0,7.996551513671875,9.76446533203125,10.553237915039062,10.7164306640625,35.55000019073486
1972-03-18 11:09:48,23.97466468811035,80.96385955810547,153.24706268310547,90.98484802246094,97.0999984741211,60.82175827026367,99.9963836669922,0.0,39.27828036929332,193694.0,10.770843505859377,17.1898193359375,12.538772583007812,8.567718505859375,35.55000019073486
1972-03-18 11:09:49,23.965909957885746,80.96385955810547,154.5654296875,90.98484802246094,97.0999984741211,60.82175827026367,99.9963836669922,0.0,40.50522899292234,193694.0,5.68463134765625,14.60589599609375,14.333908081054688,11.206024169921877,35.55000019073486
1972-03-18 11:09:50,23.96394157409668,81.02410125732422,154.0608673095703,90.98484802246094,97.29999542236328,60.81814193725586,99.9963836669922,0.0,42.81942679592586,193694.0,12.837982177734377,12.13079833984375,9.220489501953123,12.13079833984375,35.55000019073486
1972-03-18 11:09:51,24.049989700317383,81.02410125732422,154.03646087646484,90.98484802246094,96.6999969482422,60.82175827026367,99.9963836669922,0.0,44.44548283738414,193694.0,6.09259033203125,12.13079833984375,15.149871826171877,9.682861328125,35.55000019073486
1972-03-18 11:09:52,24.113649368286133,80.96385955810547,154.38639068603516,90.98484802246094,96.10000610351562,60.82175827026367,99.9963836669922,0.0,45.34221949983456,193694.0,9.166107177734377,15.476287841796877,10.49884033203125,9.954864501953123,35.55000019073486
1972-03-18 11:09:53,24.21172332763672,80.84336853027344,154.98860931396484,90.98484802246094,96.5,60.81814193725586,99.9963836669922,0.0,43.756384003171284,193694.0,12.103607177734377,9.46527099609375,12.321182250976562,12.511566162109377,35.55000019073486
1972-03-18 11:09:54,24.23033142089844,80.96385955810547,154.58984375,90.98484802246094,96.5999984741211,60.81814193725586,100.0,0.0,43.607076442149946,193694.0,5.95660400390625,12.42999267578125,9.410888671875,8.268524169921875,35.55000019073486
1972-03-18 11:09:55,24.22309875488281,81.08433532714844,154.7688751220703,90.98484802246094,97.79999542236328,60.81814193725586,99.9963836669922,0.0,42.22625678352867,193694.0,6.9085693359375,11.260406494140623,17.271408081054688,7.534149169921875,35.55000019073486
1972-03-18 11:09:56,24.17930221557617,81.08433532714844,154.1178436279297,90.98484802246094,97.1999969482422,60.82175827026367,99.9963836669922,0.0,40.279313552394996,193694.0,10.199661254882812,13.626739501953123,8.540496826171875,9.138885498046877,35.55000019073486
1972-03-18 11:09:57,24.142072677612305,81.02410125732422,154.0852813720703,90.98484802246094,97.0,60.82175827026367,99.9963836669922,0.0,42.8330152980087,193694.0,9.35650634765625,12.10357666015625,11.614013671875,7.5069580078125,35.55000019073486
1972-03-18 11:09:58,24.147262573242188,80.96385955810547,155.23274993896484,90.98484802246094,97.0999984741211,60.82175827026367,100.0,0.0,43.26647219773588,193694.0,9.873275756835938,9.410888671875,16.15625,8.078125,35.55000019073486
1972-03-18 11:09:59,24.167375564575195,80.96385955810547,154.29688262939453,90.98484802246094,96.8000030517578,60.82175827026367,99.9963836669922,0.0,43.214658741273645,193694.0,11.47802734375,10.335662841796877,10.879638671875,11.722808837890623,35.55000019073486
1972-03-18 11:10:00,24.190364837646484,80.96385955810547,153.1494140625,90.98484802246094,96.5999984741211,60.82175827026367,100.0,0.0,41.99135697884318,193694.0,6.609375,12.022003173828123,10.689239501953123,12.321182250976562,35.55000019073486
1972-03-18 11:10:01,24.17130470275879,81.02410125732422,153.84114837646484,90.98484802246094,97.39999389648438,60.82175827026367,99.9963836669922,0.0,41.74674831182717,193694.0,7.914947509765625,13.43634033203125,12.348388671875,9.791671752929688,35.55000019073486
1972-03-18 11:10:02,24.11735725402832,81.02410125732422,153.92252349853516,90.98484802246094,97.29999542236328,60.82175827026367,100.0,0.0,42.05453613963638,193694.0,10.145263671875,11.505218505859377,11.396408081054688,10.417236328125,35.55000019073486
1972-03-18 11:10:03,24.054630279541016,81.02410125732422,153.62955474853516,90.98484802246094,97.1999969482422,60.82175827026367,99.9963836669922,0.0,40.57428450133901,193694.0,8.078125,15.9930419921875,7.534149169921875,12.212387084960938,35.55000019073486
1972-03-18 11:10:04,24.01554298400879,80.96385955810547,154.20735931396484,90.98484802246094,96.4000015258789,60.82175827026367,99.9963836669922,0.0,43.510758545288596,193694.0,7.914947509765625,11.994781494140623,6.554977416992188,9.274887084960938,35.55000019073486
1972-03-18 11:10:05,24.034160614013672,80.96385955810547,154.8095703125,90.98484802246094,97.39999389648438,60.82175827026367,100.0,0.0,40.16675102624257,193694.0,11.042831420898438,10.66204833984375,10.335647583007812,11.124420166015623,35.55000019073486
1972-03-18 11:10:06,24.082992553710938,81.02410125732422,154.65494537353516,90.98484802246094,97.5,60.82175827026367,99.9963836669922,0.0,43.64766635430586,193694.0,13.953125,17.57061767578125,11.66839599609375,11.369216918945312,35.55000019073486
1972-03-18 11:10:07,24.1004695892334,80.96385955810547,154.06900787353516,90.98484802246094,96.5999984741211,60.82175827026367,99.9963836669922,0.0,42.20778472737357,193694.0,7.07177734375,10.471649169921877,12.212371826171877,6.9085693359375,35.55000019073486
1972-03-18 11:10:08,24.08189392089844,80.96385955810547,154.93978118896484,90.98484802246094,97.5,60.82175827026367,99.9963836669922,0.0,42.97735502597528,193694.0,13.028366088867188,11.69561767578125,13.545135498046877,10.471649169921877,35.55000019073486
1972-03-18 11:10:09,24.047334671020508,81.02410125732422,154.7037811279297,90.98484802246094,97.1999969482422,60.82175827026367,99.9963836669922,0.0,41.671749448294776,193694.0,13.844329833984377,9.2476806640625,11.53240966796875,10.118057250976562,35.55000019073486
1972-03-18 11:10:10,23.991016387939453,81.02410125732422,154.3701171875,90.98484802246094,97.29999542236328,60.82175827026367,100.0,0.0,39.41121696089791,193694.0,6.473388671875,17.516204833984375,12.26678466796875,11.39642333984375,35.55000019073486
1972-03-18 11:10:11,23.98036003112793,81.02410125732422,154.06087493896484,90.98484802246094,97.6999969482422,60.82175827026367,100.0,0.0,37.65534139079261,193694.0,13.21875,8.15972900390625,10.172454833984377,11.83160400390625,35.55000019073486
1972-03-18 11:10:12,24.02292251586914,80.90361022949219,154.3701171875,90.98484802246094,96.9000015258789,60.82175827026367,99.9963836669922,0.0,43.70509705095622,193694.0,10.390045166015623,13.30035400390625,11.206024169921877,16.15625,35.55000019073486
1972-03-18 11:10:13,24.07640647888184,81.02410125732422,153.3854217529297,90.98484802246094,96.8000030517578,60.82175827026367,99.9963836669922,0.0,44.346682647056696,193694.0,9.2476806640625,15.06829833984375,7.724533081054687,12.973968505859377,35.55000019073486
1972-03-18 11:10:14,24.10042381286621,81.08433532714844,154.3782501220703,90.98484802246094,97.29999542236328,60.82175827026367,99.9963836669922,0.0,41.265998594601605,193694.0,8.75811767578125,9.19329833984375,14.3883056640625,13.43634033203125,35.55000019073486
1972-03-18 11:10:15,24.115856170654297,81.02410125732422,153.62142181396484,90.98484802246094,97.0999984741211,60.82175827026367,100.0,0.0,42.40889777591193,193694.0,9.220489501953123,16.346649169921875,12.1851806640625,7.0717620849609375,35.55000019073486
1972-03-18 11:10:16,24.11536979675293,81.02410125732422,154.04459381103516,90.98484802246094,97.39999389648438,60.82175827026367,100.0,0.0,41.65214330418584,193694.0,6.011016845703125,8.6492919921875,9.274871826171877,14.306716918945312,35.55000019073486
1972-03-18 11:10:17,24.09602737426757,80.96385955810547,154.0608673095703,90.98484802246094,97.1999969482422,60.82175827026367,100.0,0.0,40.322336645068134,193694.0,10.5804443359375,13.5179443359375,9.682861328125,7.0717620849609375,35.55000019073486
1972-03-18 11:10:18,24.12408828735352,80.96385955810547,153.72721099853516,90.98484802246094,97.5,60.82175827026367,100.0,0.0,39.713101153781984,193694.0,10.770843505859377,13.490753173828123,9.193283081054688,11.042816162109377,35.55000019073486
1972-03-18 11:10:19,24.165843963623047,80.96385955810547,155.17578125,90.98484802246094,98.0999984741211,60.82175827026367,100.0,0.0,37.944595844848195,193694.0,5.140625,13.7899169921875,11.804397583007812,7.452545166015625,35.55000019073486
1972-03-18 11:10:20,24.19740867614746,81.02410125732422,153.3284454345703,90.98484802246094,97.5,60.82175827026367,100.0,0.0,41.3832797944194,193694.0,10.335662841796877,11.124420166015623,10.607635498046877,8.3773193359375,35.55000019073486
1972-03-18 11:10:21,24.166034698486328,81.02410125732422,154.96419525146484,90.98484802246094,97.0999984741211,60.82175827026367,100.0,0.0,40.32259788940172,193694.0,11.804412841796877,13.409149169921877,15.421875,12.946762084960938,35.55000019073486
1972-03-18 11:10:22,24.12030601501465,81.02410125732422,153.84928131103516,90.98484802246094,97.0999984741211,60.82175827026367,99.9963836669922,0.0,41.360465102486664,193694.0,10.66204833984375,12.538787841796877,11.4508056640625,8.785308837890625,35.55000019073486
1972-03-18 11:10:23,24.04734230041504,80.96385955810547,153.23080444335938,90.98484802246094,96.5,60.82175827026367,99.9963836669922,0.0,41.69887710978651,193694.0,2.6383056640625,13.00115966796875,9.46527099609375,9.19329833984375,35.55000019073486
1972-03-18 11:10:24,24.017723083496094,80.96385955810547,152.79947662353516,90.98484802246094,96.20000457763672,60.82175827026367,99.9963836669922,0.0,41.39819478782269,193694.0,10.74365234375,13.6539306640625,10.743621826171877,9.62847900390625,35.55000019073486
1972-03-18 11:10:25,24.035383224487305,80.96385955810547,155.2083282470703,90.98484802246094,96.4000015258789,60.82175827026367,100.0,0.0,41.91694757981672,193694.0,10.471649169921877,13.681121826171877,14.660308837890623,11.070022583007812,35.55000019073486
1972-03-18 11:10:26,24.074731826782227,81.02410125732422,154.30501556396484,90.98484802246094,96.10000610351562,60.82175827026367,99.9963836669922,0.0,43.030423322027495,193694.0,4.65106201171875,13.191558837890623,10.526031494140623,9.682861328125,35.55000019073486
1972-03-18 11:10:27,24.075511932373047,81.02410125732422,153.91439056396484,90.98484802246094,96.6999969482422,60.82175827026367,100.0,0.0,40.790909361709744,193694.0,7.914947509765625,11.641204833984377,10.63482666015625,11.3148193359375,35.55000019073486
1972-03-18 11:10:28,24.0400619506836,81.02410125732422,154.8746795654297,90.98484802246094,97.0999984741211,60.82175827026367,99.9963836669922,0.0,42.23556099548742,193694.0,10.471649169921877,10.96124267578125,11.53240966796875,9.954864501953123,35.55000019073486
1972-03-18 11:10:29,23.999732971191406,80.96385955810547,153.9876251220703,90.98484802246094,97.0,60.82175827026367,99.9963836669922,0.0,41.24520844850404,193694.0,10.335662841796877,13.00115966796875,12.40277099609375,11.614013671875,35.55000019073486
1972-03-18 11:10:30,23.95784950256348,80.96385955810547,153.7190704345703,90.98484802246094,97.89999389648438,60.82175827026367,99.9963836669922,0.0,40.073010640314436,193694.0,13.436355590820312,11.206024169921877,13.490737915039062,11.23321533203125,35.55000019073486
1972-03-18 11:10:31,23.96165657043457,80.96385955810547,154.7119140625,90.98484802246094,97.89999389648438,60.82175827026367,99.9963836669922,0.0,41.07401903507408,193694.0,8.29571533203125,13.3819580078125,17.24420166015625,10.5804443359375,35.55000019073486
1972-03-18 11:10:32,23.99510765075684,80.96385955810547,154.57357025146484,90.98484802246094,97.0,60.81814193725586,99.9963836669922,0.0,41.4234382406145,193694.0,10.145263671875,12.293975830078123,9.9820556640625,10.335647583007812,35.55000019073486
1972-03-18 11:10:33,24.05266571044922,81.02410125732422,154.19921875,90.98484802246094,96.9000015258789,60.82175827026367,99.9963836669922,0.0,41.75692001379166,193694.0,7.833343505859375,14.30670166015625,6.69097900390625,8.5133056640625,35.55000019073486
1972-03-18 11:10:34,24.074853897094727,81.14457702636719,153.24706268310547,90.98484802246094,96.9000015258789,60.82175827026367,99.9963836669922,0.0,43.61600224113834,193694.0,8.9757080078125,13.191558837890623,11.124420166015623,11.124420166015623,35.55000019073486
1972-03-18 11:10:35,24.08810234069824,81.08433532714844,153.16568756103516,90.98484802246094,96.20000457763672,60.82175827026367,99.9963836669922,0.0,45.01184969352139,193694.0,7.0445556640625,12.6475830078125,14.60589599609375,11.66839599609375,35.55000019073486
1972-03-18 11:10:36,24.094528198242188,80.96385955810547,154.1015625,90.98484802246094,96.9000015258789,60.82175827026367,99.9963836669922,0.0,42.8961702824277,193694.0,10.879638671875,13.5179443359375,7.588531494140625,8.29571533203125,35.55000019073486
1972-03-18 11:10:37,24.09249496459961,80.90361022949219,154.08528900146484,90.98484802246094,96.6999969482422,60.82175827026367,99.9963836669922,0.0,40.503465251611736,193694.0,9.383697509765623,10.036468505859377,10.7164306640625,13.164352416992188,35.55000019073486
1972-03-18 11:10:38,24.14788818359375,80.96385955810547,153.55631256103516,90.98484802246094,97.0,60.81814193725586,99.9963836669922,0.0,44.17195457854256,193694.0,10.308456420898438,13.082763671875,15.20428466796875,9.32928466796875,35.55000019073486
1972-03-18 11:10:39,24.218135833740234,81.02410125732422,153.27962493896484,90.98484802246094,97.6999969482422,60.82175827026367,99.9963836669922,0.0,40.415833377831056,193694.0,13.89874267578125,11.96759033203125,8.676513671875,9.601272583007812,35.55000019073486
1972-03-18 11:10:40,24.25441169738769,81.08433532714844,153.42611694335938,90.98484802246094,96.20000457763672,60.82175827026367,99.9963836669922,0.0,42.61420695034097,193694.0,9.35650634765625,10.988433837890623,9.8460693359375,10.988433837890623,35.55000019073486
1972-03-18 11:10:41,24.24043655395508,80.96385955810547,153.6946563720703,90.98484802246094,97.0999984741211,60.82175827026367,99.9963836669922,0.0,40.90530585877533,193694.0,11.641204833984377,9.818878173828123,11.505218505859377,12.810760498046877,35.55000019073486
1972-03-18 11:10:42,24.19583511352539,80.96385955810547,154.7444610595703,90.98484802246094,95.8000030517578,60.82175827026367,100.0,0.0,43.11021272489895,193694.0,10.634857177734377,11.53240966796875,13.13714599609375,8.8125,35.55000019073486
1972-03-18 11:10:43,24.13026237487793,80.90361022949219,153.34473419189453,90.98484802246094,96.8000030517578,60.82175827026367,100.0,0.0,41.14162506391683,193694.0,8.350128173828125,12.40277099609375,12.076385498046877,10.607635498046877,35.55000019073486
1972-03-18 11:10:44,24.09131622314453,80.96385955810547,154.1910858154297,90.98484802246094,97.29999542236328,60.82175827026367,99.9963836669922,0.0,40.4800396459825,193694.0,13.89874267578125,8.268524169921875,13.409149169921877,11.287628173828123,35.55000019073486
1972-03-18 11:10:45,24.1069393157959,81.14457702636719,153.53189086914062,90.98484802246094,97.0,60.82175827026367,100.0,0.0,41.64951646806281,193694.0,10.879638671875,15.829864501953123,12.212371826171877,11.994796752929688,35.55000019073486
1972-03-18 11:10:46,24.13892936706543,81.08433532714844,154.3782501220703,90.98484802246094,97.0,60.82175827026367,99.9963836669922,0.0,40.62744352350169,193694.0,7.58856201171875,15.421875,12.26678466796875,7.479736328125,35.55000019073486
1972-03-18 11:10:47,24.13592529296875,81.02410125732422,153.0436248779297,90.98484802246094,96.5,60.82175827026367,99.9963836669922,0.0,41.513557184600565,193694.0,9.682891845703123,10.28125,10.553237915039062,11.559600830078123,35.55000019073486
1972-03-18 11:10:48,24.1014347076416,80.90361022949219,154.95604705810547,90.98484802246094,98.0999984741211,60.82175827026367,99.9963836669922,0.0,42.796863001878826,193694.0,11.83160400390625,12.729156494140623,10.36285400390625,12.103591918945312,35.55000019073486
1972-03-18 11:10:49,24.06637191772461,80.90361022949219,153.6295623779297,90.98484802246094,96.5,60.82175827026367,100.0,0.0,47.23149993144556,193694.0,11.668411254882812,14.089111328125,11.559600830078123,13.245941162109377,35.55000019073486
1972-03-18 11:10:50,24.01118278503418,81.02410125732422,153.5481719970703,90.98484802246094,96.9000015258789,60.81814193725586,99.9963836669922,0.0,37.61008827308456,193694.0,9.737274169921877,13.327545166015623,13.327545166015623,13.59954833984375,35.55000019073486
1972-03-18 11:10:51,24.02688789367676,81.08433532714844,153.63768768310547,90.98484802246094,96.0,60.82175827026367,99.9963836669922,0.0,40.18950601686479,193694.0,8.75811767578125,12.42999267578125,11.015625,11.423614501953123,35.55000019073486
1972-03-18 11:10:52,24.06259155273437,80.96385955810547,154.55728912353516,91.06060791015624,96.8000030517578,60.82175827026367,100.0,0.0,44.925279539952044,193694.0,13.789947509765623,11.342010498046877,11.36920166015625,10.471649169921877,35.55000019073486
1972-03-18 11:10:53,24.12398147583008,80.96385955810547,153.759765625,90.98484802246094,97.5,60.82175827026367,99.9963836669922,0.0,42.77793753183331,193694.0,10.28125,12.6475830078125,12.429977416992188,11.994796752929688,35.55000019073486
1972-03-18 11:10:54,24.123165130615234,80.90361022949219,153.5888671875,90.98484802246094,96.3000030517578,60.82175827026367,99.9963836669922,0.0,40.476024958636046,193694.0,11.3148193359375,7.7789306640625,12.674774169921877,11.83160400390625,35.55000019073486
1972-03-18 11:10:55,24.110105514526367,81.02410125732422,153.0110626220703,90.98484802246094,97.39999389648438,60.82175827026367,99.9963836669922,0.0,43.848011639285005,193694.0,8.078125,12.1851806640625,16.67303466796875,7.1805572509765625,35.55000019073486
1972-03-18 11:10:56,24.084243774414062,81.02410125732422,153.759765625,90.98484802246094,96.8000030517578,60.82175827026367,100.0,0.0,43.575413397238314,193694.0,9.35650634765625,15.965850830078123,9.601272583007812,13.055557250976562,35.55000019073486
1972-03-18 11:10:57,24.06298828125,80.96385955810547,153.61328125,90.98484802246094,98.79999542236328,60.82175827026367,99.9963836669922,0.0,37.28981797307786,193694.0,12.103607177734377,12.946746826171877,10.49884033203125,11.885986328125,35.55000019073486
1972-03-18 11:10:58,24.11151695251465,80.96385955810547,154.052734375,90.98484802246094,98.0999984741211,60.82175827026367,100.0,0.0,40.03167787311811,193694.0,6.201385498046875,18.74017333984375,10.28125,6.065399169921875,35.55000019073486
1972-03-18 11:10:59,24.177879333496094,80.96385955810547,153.0192108154297,90.98484802246094,96.10000610351562,60.82175827026367,100.0,0.0,43.807518310732924,193694.0,9.92767333984375,11.5867919921875,9.138885498046877,12.674774169921877,35.55000019073486
1972-03-18 11:11:00,24.20847511291504,80.96385955810547,153.32845306396484,90.98484802246094,97.1999969482422,60.82175827026367,100.0,0.0,40.36145059967084,193694.0,13.082763671875,9.356475830078123,10.879638671875,12.375579833984377,35.55000019073486
1972-03-18 11:11:01,24.19260597229004,80.96385955810547,153.4830780029297,90.98484802246094,96.20000457763672,60.82175827026367,100.0,0.0,45.92022047174318,193694.0,14.9866943359375,13.87152099609375,12.946746826171877,13.164352416992188,35.55000019073486
1972-03-18 11:11:02,24.16747665405273,81.02410125732422,152.9541015625,90.98484802246094,97.5,60.82175827026367,99.9963836669922,0.0,41.03094978516609,193694.0,12.892364501953123,13.354736328125,19.3929443359375,11.260421752929688,35.55000019073486
1972-03-18 11:11:03,24.12533950805664,81.02410125732422,153.5888671875,90.98484802246094,96.3000030517578,60.82175827026367,100.0,0.0,43.96627072379245,193694.0,16.15625,15.530670166015623,11.151611328125,10.66204833984375,35.55000019073486
1972-03-18 11:11:04,24.106433868408203,80.96385955810547,154.06087493896484,90.98484802246094,96.8000030517578,60.82175827026367,100.0,0.0,43.80043871552122,193694.0,13.626739501953123,14.959503173828123,14.714691162109377,10.118057250976562,35.55000019073486
1972-03-18 11:11:05,24.129802703857425,80.96385955810547,154.3050079345703,90.98484802246094,95.9000015258789,60.82175827026367,100.0,0.0,41.764489446892824,193694.0,11.967605590820312,8.622100830078125,14.660308837890623,7.12615966796875,35.55000019073486
1972-03-18 11:11:06,24.176570892333984,81.02410125732422,153.59700775146484,90.98484802246094,98.1999969482422,60.82175827026367,100.0,0.0,43.41001915035053,193694.0,8.45892333984375,15.911468505859377,10.308441162109377,14.551513671875,35.55000019073486
1972-03-18 11:11:07,24.1823787689209,81.08433532714844,154.1178436279297,90.98484802246094,97.29999542236328,60.82175827026367,99.9963836669922,0.0,38.68856305198134,193694.0,10.036468505859377,13.762725830078123,9.62847900390625,10.526046752929688,35.55000019073486
1972-03-18 11:11:08,24.147003173828125,81.02410125732422,153.8818359375,90.98484802246094,96.3000030517578,60.82175827026367,100.0,0.0,43.89214820492664,193694.0,11.3148193359375,8.486114501953125,15.149871826171877,9.2476806640625,35.55000019073486
1972-03-18 11:11:09,24.10206794738769,80.96385955810547,153.08431243896484,90.98484802246094,97.0999984741211,60.82175827026367,100.0,0.0,40.40173538006201,193694.0,12.7835693359375,14.46990966796875,10.743621826171877,13.409149169921877,35.55000019073486
1972-03-18 11:11:10,24.04523658752441,80.96385955810547,153.3447265625,90.98484802246094,97.0999984741211,60.82175827026367,100.0,0.0,42.16750941112014,193694.0,13.436355590820312,12.076385498046877,13.055557250976562,11.83160400390625,35.55000019073486
1972-03-18 11:11:11,24.04349136352539,81.02410125732422,153.46678924560547,90.98484802246094,98.29999542236328,60.82175827026367,100.0,0.0,40.9071420309869,193694.0,7.7789306640625,12.157989501953123,15.693862915039062,11.260421752929688,35.55000019073486
1972-03-18 11:11:12,24.07828140258789,81.02410125732422,153.0110626220703,90.98484802246094,96.9000015258789,60.82175827026367,100.0,0.0,40.14372572967233,193694.0,14.524322509765623,11.641204833984377,13.43634033203125,12.239593505859377,35.55000019073486
1972-03-18 11:11:13,24.119041442871094,80.90361022949219,153.15755462646484,90.98484802246094,96.5999984741211,60.82175827026367,99.9963836669922,0.0,41.05857327182759,193694.0,10.5804443359375,13.925933837890623,11.994781494140623,11.641204833984377,35.55000019073486
1972-03-18 11:11:14,24.10531616210937,80.96385955810547,153.71092987060547,90.98484802246094,96.6999969482422,60.82175827026367,100.0,0.0,40.46971727141869,193694.0,9.19329833984375,19.47454833984375,12.0491943359375,13.6539306640625,35.55000019073486
1972-03-18 11:11:15,24.060646057128903,81.02410125732422,154.72005462646484,90.98484802246094,96.8000030517578,60.82175827026367,99.9963836669922,0.0,42.31401598832094,193694.0,11.69561767578125,11.641204833984377,12.321182250976562,12.70196533203125,35.55000019073486
1972-03-18 11:11:16,24.0238094329834,81.08433532714844,154.04459381103516,90.98484802246094,97.1999969482422,60.82175827026367,100.0,0.0,39.71385327732874,193694.0,8.8125,17.10821533203125,11.260406494140623,9.220489501953123,35.55000019073486
1972-03-18 11:11:17,23.99614524841309,81.02410125732422,153.6051483154297,90.98484802246094,97.5999984741211,60.82175827026367,100.0,0.0,44.325309232867525,193694.0,6.6365966796875,14.2523193359375,13.844329833984377,11.858795166015623,35.55000019073486
1972-03-18 11:11:18,24.040332794189453,80.90361022949219,153.125,90.98484802246094,97.0,60.81814193725586,99.9963836669922,0.0,43.35453129460369,193694.0,10.36285400390625,7.833343505859375,18.304977416992188,9.7100830078125,35.55000019073486
1972-03-18 11:11:19,24.08528709411621,80.90361022949219,153.49935150146484,90.98484802246094,96.9000015258789,60.81814193725586,99.9963836669922,0.0,43.79179959940217,193694.0,13.980331420898438,14.46990966796875,8.404510498046875,9.002899169921875,35.55000019073486
1972-03-18 11:11:20,24.121889114379883,81.02410125732422,154.10970306396484,90.98484802246094,97.5,60.82175827026367,99.9963836669922,0.0,41.905414619346516,193694.0,7.0445556640625,11.151611328125,11.260406494140623,8.105316162109375,35.55000019073486
1972-03-18 11:11:21,24.103927612304688,81.02410125732422,153.0517578125,90.98484802246094,98.0,60.81814193725586,99.9963836669922,0.0,43.270486255084116,193694.0,14.33392333984375,14.03472900390625,15.77545166015625,10.335647583007812,35.55000019073486
1972-03-18 11:11:22,24.07659149169922,80.96385955810547,153.48307037353516,90.98484802246094,96.3000030517578,60.82175827026367,99.9963836669922,0.0,43.055264457103455,193694.0,11.668411254882812,12.511566162109377,11.206024169921877,6.636566162109375,35.55000019073486
1972-03-18 11:11:23,24.03271675109864,80.96385955810547,153.40169525146484,90.98484802246094,97.0999984741211,60.82175827026367,99.9963836669922,0.0,43.07845292861583,193694.0,10.118072509765623,13.708343505859377,11.53240966796875,8.45892333984375,35.55000019073486
1972-03-18 11:11:24,24.00601387023925,81.02410125732422,154.7688751220703,90.98484802246094,97.89999389648438,60.82175827026367,99.9963836669922,0.0,40.60651339397978,193694.0,14.2523193359375,13.89874267578125,11.505218505859377,9.8460693359375,35.55000019073486
1972-03-18 11:11:25,24.02743148803711,81.08433532714844,153.0517578125,90.98484802246094,96.8000030517578,60.82175827026367,99.9963836669922,0.0,42.07555257502127,193694.0,11.233230590820312,10.743621826171877,8.241317749023438,15.612274169921877,35.55000019073486
1972-03-18 11:11:26,24.079010009765625,80.96385955810547,153.0517578125,90.98484802246094,97.1999969482422,60.81814193725586,99.9963836669922,0.0,43.98429105499093,193694.0,7.697357177734375,16.23785400390625,11.423614501953123,10.988433837890623,35.55000019073486
1972-03-18 11:11:27,24.09772682189941,80.96385955810547,153.37728118896484,90.98484802246094,97.0999984741211,60.81814193725586,99.9963836669922,0.0,42.492601361595476,193694.0,12.0491943359375,11.423614501953123,11.042816162109377,13.545135498046877,35.55000019073486
1972-03-18 11:11:28,24.07574462890625,80.90361022949219,154.92350006103516,90.98484802246094,97.0,60.81814193725586,99.9963836669922,0.0,45.76438171651156,193694.0,14.9866943359375,15.313079833984377,10.93402099609375,16.15625,35.55000019073486
1972-03-18 11:11:29,24.05315589904785,80.90361022949219,154.6061248779297,90.98484802246094,97.0,60.81814193725586,99.9963836669922,0.0,42.2146901924631,193694.0,8.785308837890625,18.413787841796875,13.898727416992188,12.429977416992188,35.55000019073486
1972-03-18 11:11:30,24.025131225585938,81.02410125732422,153.173828125,90.98484802246094,96.9000015258789,60.81814193725586,100.0,0.0,40.75855456074934,193694.0,5.35821533203125,9.655670166015623,10.118057250976562,12.293975830078123,35.55000019073486
1972-03-18 11:11:31,24.051498413085938,81.02410125732422,154.2561798095703,90.98484802246094,98.0,60.81814193725586,99.9963836669922,0.0,40.484853978362416,193694.0,10.417266845703123,15.612274169921877,11.423614501953123,7.534149169921875,35.55000019073486
1972-03-18 11:11:32,24.117002487182617,81.02410125732422,153.15755462646484,90.98484802246094,96.5999984741211,60.81814193725586,100.0,0.0,43.69235878270408,193694.0,13.109954833984377,11.206024169921877,10.009246826171877,11.885986328125,35.55000019073486
1972-03-18 11:11:33,24.18037796020508,81.08433532714844,152.9703826904297,90.98484802246094,97.0,60.81814193725586,100.0,0.0,41.52831776846537,193694.0,8.32293701171875,12.022003173828123,12.865158081054688,10.526046752929688,35.55000019073486
1972-03-18 11:11:34,24.18507575988769,81.02410125732422,153.05175018310547,90.98484802246094,96.5999984741211,60.81814193725586,100.0,0.0,41.96012671979256,193694.0,13.055572509765623,10.090850830078123,9.9820556640625,9.438079833984377,35.55000019073486
1972-03-18 11:11:35,24.172908782958984,80.96385955810547,153.5888671875,90.98484802246094,97.0999984741211,60.82175827026367,99.9963836669922,0.0,42.291267666890285,193694.0,12.457183837890623,16.07464599609375,16.50982666015625,11.940399169921877,35.55000019073486
1972-03-18 11:11:36,24.142562866210938,80.96385955810547,153.27962493896484,90.98484802246094,97.1999969482422,60.82175827026367,99.9963836669922,0.0,39.843755589502514,193694.0,11.124420166015623,13.21875,12.212371826171877,11.151611328125,35.55000019073486
1972-03-18 11:11:37,24.100387573242188,80.96385955810547,152.94596099853516,90.98484802246094,97.1999969482422,60.81814193725586,99.9963836669922,0.0,40.52718695768065,193694.0,11.070037841796877,11.75,10.49884033203125,13.164352416992188,35.55000019073486
1972-03-18 11:11:38,24.108226776123047,80.96385955810547,153.7923126220703,90.98484802246094,97.1999969482422,60.82175827026367,99.9963836669922,0.0,41.49604261319178,193694.0,11.505218505859377,14.741912841796877,14.061920166015623,10.770843505859377,35.55000019073486
1972-03-18 11:11:39,24.161195755004883,81.02410125732422,152.978515625,90.98484802246094,97.1999969482422,60.81814193725586,99.9963836669922,0.0,39.04083300276102,193694.0,13.21875,14.2523193359375,8.5133056640625,9.737274169921877,35.55000019073486
1972-03-18 11:11:40,24.18044090270996,81.02410125732422,154.1422576904297,90.98484802246094,97.39999389648438,60.81814193725586,99.9963836669922,0.0,41.19044465733229,193694.0,12.13079833984375,8.921295166015625,12.375579833984377,13.925933837890623,35.55000019073486
1972-03-18 11:11:41,24.14862060546875,81.02410125732422,154.4189453125,90.98484802246094,97.89999389648438,60.81814193725586,100.0,0.0,40.771275852961324,193694.0,11.668411254882812,18.032989501953125,14.03472900390625,15.394683837890623,35.55000019073486
1972-03-18 11:11:42,24.101806640625,81.08433532714844,153.82486724853516,90.98484802246094,96.5999984741211,60.81814193725586,99.9963836669922,0.0,43.272850064829164,193694.0,13.817138671875,14.33392333984375,13.87152099609375,11.777191162109377,35.55000019073486
1972-03-18 11:11:43,24.04329490661621,80.96385955810547,154.09342193603516,90.98484802246094,97.29999542236328,60.81814193725586,99.9963836669922,0.0,43.88671052914452,193694.0,12.86517333984375,16.129058837890625,13.898727416992188,10.93402099609375,35.55000019073486
1972-03-18 11:11:44,24.01229476928711,80.90361022949219,154.39453887939453,90.98484802246094,96.5999984741211,60.81814193725586,99.9963836669922,0.0,42.71607479904853,193694.0,11.042831420898438,12.593170166015623,11.913192749023438,13.30035400390625,35.55000019073486
1972-03-18 11:11:45,24.042085647583008,81.02410125732422,153.88182830810547,90.98484802246094,97.1999969482422,60.81814193725586,99.9963836669922,0.0,41.21070343880834,193694.0,8.649322509765625,12.674774169921877,15.095489501953123,11.940399169921877,35.55000019073486
1972-03-18 11:11:46,24.09576797485352,81.08433532714844,153.42610931396484,90.98484802246094,96.9000015258789,60.81814193725586,99.9963836669922,0.0,43.820903732268235,193694.0,8.15972900390625,14.8507080078125,9.03009033203125,8.866897583007812,35.55000019073486
1972-03-18 11:11:47,24.09325408935547,81.08433532714844,152.70182037353516,90.98484802246094,96.3000030517578,60.82175827026367,100.0,0.0,42.325670505970486,193694.0,9.873275756835938,9.519683837890623,14.714691162109377,12.538772583007812,35.55000019073486
1972-03-18 11:11:48,24.044235229492188,81.02410125732422,153.7272186279297,90.98484802246094,98.1999969482422,60.81814193725586,99.9963836669922,0.0,39.17498871975037,193694.0,12.375579833984377,12.157989501953123,13.953125,13.354736328125,35.55000019073486
1972-03-18 11:11:49,24.01357078552246,81.02410125732422,153.84928131103516,90.98484802246094,98.1999969482422,60.81814193725586,99.9963836669922,0.0,39.20784077746617,193694.0,12.375579833984377,12.157989501953123,13.953125,13.354736328125,35.55000019073486
1972-03-18 11:11:50,23.987537384033203,80.96385955810547,153.22265625,90.98484802246094,97.5999984741211,60.81814193725586,99.9963836669922,0.0,42.377132668881295,193694.0,10.036468505859377,15.013885498046877,9.574066162109377,9.601272583007812,35.55000019073486
1972-03-18 11:11:51,24.02173042297364,80.90361022949219,153.466796875,90.98484802246094,96.9000015258789,60.81814193725586,99.9963836669922,0.0,41.69995867179649,193694.0,9.410888671875,12.756378173828123,11.042816162109377,8.5133056640625,35.55000019073486
1972-03-18 11:11:52,24.10369873046875,80.96385955810547,153.3447265625,90.98484802246094,96.9000015258789,60.81814193725586,99.9963836669922,0.0,42.34991058202398,193694.0,13.00115966796875,11.53240966796875,12.157989501953123,10.254058837890623,35.55000019073486
1972-03-18 11:11:53,24.10369873046875,81.08433532714844,153.74349212646484,90.98484802246094,97.6999969482422,60.81814193725586,99.9963836669922,0.0,41.13487451413595,193694.0,9.92767333984375,15.5850830078125,9.220489501953123,11.641204833984377,35.55000019073486
1972-03-18 11:11:54,24.147573471069336,81.08433532714844,153.66210174560547,90.98484802246094,96.3000030517578,60.81814193725586,99.9963836669922,0.0,43.91080594327947,193694.0,6.7725830078125,12.946746826171877,11.994781494140623,9.791671752929688,35.55000019073486
1972-03-18 11:11:55,24.112030029296875,81.02410125732422,154.931640625,90.98484802246094,97.79999542236328,60.82175827026367,99.9963836669922,0.0,41.36297704223374,193695.0,11.39642333984375,10.689239501953123,16.428237915039062,11.09722900390625,35.55000019073486
1972-03-18 11:11:56,24.06380653381348,80.90361022949219,153.20638275146484,90.98484802246094,97.5999984741211,60.82175827026367,99.9963836669922,0.0,40.352204775305715,193695.0,15.66668701171875,7.0445556640625,9.002899169921875,13.817138671875,35.55000019073486
1972-03-18 11:11:57,24.06169319152832,80.90361022949219,154.16666412353516,90.98484802246094,96.8000030517578,60.81814193725586,99.9963836669922,0.0,44.39263829504227,193695.0,9.27490234375,19.692138671875,16.047454833984375,4.48785400390625,35.55000019073486
1972-03-18 11:11:58,24.064640045166016,80.96385955810547,153.4912109375,90.98484802246094,96.9000015258789,60.81814193725586,99.9963836669922,0.0,40.762486959849255,193695.0,7.398162841796875,7.887725830078125,16.183441162109375,11.505218505859377,35.55000019073486
1972-03-18 11:11:59,24.13425636291504,81.02410125732422,153.98763275146484,90.98484802246094,96.6999969482422,60.82175827026367,99.9963836669922,0.0,46.14187989363408,193695.0,11.369232177734377,11.804412841796877,14.3883056640625,9.92767333984375,35.55000019073486
1972-03-18 11:12:00,24.20672035217285,81.02410125732422,152.77506256103516,90.98484802246094,97.0,60.82175827026367,99.9963836669922,0.0,40.273410124563355,193695.0,13.16436767578125,11.940399169921877,11.423614501953123,7.833343505859375,35.55000019073486
1972-03-18 11:12:01,24.2563591003418,80.96385955810547,152.74251556396484,90.98484802246094,97.0999984741211,60.81814193725586,99.9963836669922,0.0,39.525372724028756,193695.0,7.262176513671875,14.33392333984375,14.30670166015625,15.993057250976562,35.55000019073486
1972-03-18 11:12:02,24.24366569519043,80.96385955810547,153.23892974853516,90.98484802246094,96.4000015258789,60.82175827026367,99.9963836669922,0.0,41.53525390453669,193695.0,11.967605590820312,11.505218505859377,12.321182250976562,11.994796752929688,35.55000019073486
1972-03-18 11:12:03,24.209848403930664,81.02410125732422,152.7506561279297,90.98484802246094,96.4000015258789,60.81814193725586,99.9963836669922,0.0,40.36514523475386,193695.0,7.697357177734375,12.375579833984377,10.417236328125,10.825225830078123,35.55000019073486
1972-03-18 11:12:04,24.12587547302246,81.08433532714844,152.62044525146484,90.98484802246094,96.9000015258789,60.82175827026367,99.9963836669922,0.0,42.96639140441147,193695.0,6.609375,13.13714599609375,14.959487915039062,10.689239501953123,35.55000019073486
1972-03-18 11:12:05,24.055221557617188,80.96385955810547,152.9947967529297,90.98484802246094,97.0,60.81814193725586,100.0,0.0,42.92703655859277,193695.0,13.626739501953123,11.23321533203125,12.70196533203125,13.925933837890623,35.55000019073486
1972-03-18 11:12:06,24.085838317871094,80.96385955810547,152.099609375,90.98484802246094,96.6999969482422,60.81814193725586,100.0,0.0,43.802902870117286,193695.0,8.5133056640625,8.9757080078125,11.804397583007812,10.526046752929688,35.55000019073486
1972-03-18 11:12:07,24.197206497192383,80.96385955810547,152.42513275146484,90.98484802246094,97.29999542236328,60.82175827026367,99.9963836669922,0.0,39.30165528891194,193695.0,10.96124267578125,15.476287841796877,14.524307250976562,7.833343505859375,35.55000019073486
1972-03-18 11:12:08,24.200830459594727,80.96385955810547,153.80045318603516,90.98484802246094,97.79999542236328,60.82175827026367,100.0,0.0,40.358415867335054,193695.0,13.844329833984377,12.946746826171877,12.70196533203125,13.6539306640625,35.55000019073486
1972-03-18 11:12:09,24.126298904418945,80.96385955810547,154.17481231689453,90.98484802246094,97.39999389648438,60.81814193725586,100.0,0.0,43.69672425666621,193695.0,9.601287841796877,14.03472900390625,12.429977416992188,7.1805572509765625,35.55000019073486
1972-03-18 11:12:10,24.04885482788086,81.08433532714844,152.880859375,90.98484802246094,97.1999969482422,60.81814193725586,100.0,0.0,41.43761967100674,193695.0,5.3038330078125,12.484375,11.83160400390625,10.36285400390625,35.55000019073486
1972-03-18 11:12:11,23.96373748779297,81.14457702636719,153.58072662353516,90.98484802246094,96.3000030517578,60.81814193725586,100.0,0.0,44.63065019619704,193695.0,5.3038330078125,14.2523193359375,9.410888671875,13.055557250976562,35.55000019073486
1972-03-18 11:12:12,23.94702911376953,81.02410125732422,152.06705474853516,90.98484802246094,96.5,60.81814193725586,100.0,0.0,44.4211131058674,193695.0,7.0445556640625,13.953125,8.703704833984375,12.9195556640625,35.55000019073486
1972-03-18 11:12:13,23.98015213012696,80.90361022949219,152.587890625,90.98484802246094,97.29999542236328,60.81814193725586,99.9963836669922,0.0,42.54234589349171,193695.0,7.88775634765625,10.79803466796875,13.87152099609375,11.9132080078125,35.55000019073486
1972-03-18 11:12:14,24.04857063293457,80.90361022949219,153.369140625,90.98484802246094,97.0,60.81814193725586,100.0,0.0,41.2106018879353,193695.0,13.109954833984377,15.04107666015625,12.1851806640625,11.369216918945312,35.55000019073486
1972-03-18 11:12:15,24.01412582397461,81.02410125732422,153.59700775146484,90.98484802246094,97.0,60.82175827026367,99.9963836669922,0.0,43.27908770850744,193695.0,9.465301513671877,11.53240966796875,15.884246826171877,11.3148193359375,35.55000019073486
1972-03-18 11:12:16,23.991029739379883,81.08433532714844,152.44954681396484,90.98484802246094,96.6999969482422,60.82175827026367,99.9963836669922,0.0,43.214440307042125,193695.0,12.6475830078125,14.279510498046877,12.348388671875,9.601272583007812,35.55000019073486
1972-03-18 11:12:17,23.99493789672852,81.08433532714844,153.05989837646484,90.98484802246094,96.4000015258789,60.81814193725586,99.9963836669922,0.0,40.109301017514895,193695.0,10.390045166015623,11.151611328125,9.46527099609375,14.2523193359375,35.55000019073486
1972-03-18 11:12:18,24.02299690246582,80.96385955810547,152.36002349853516,90.98484802246094,96.3000030517578,60.82175827026367,99.9963836669922,0.0,41.26984068003661,193695.0,11.99481201171875,15.911468505859377,13.87152099609375,8.59490966796875,35.55000019073486
1972-03-18 11:12:19,24.092443466186523,80.90361022949219,153.62955474853516,90.98484802246094,96.5999984741211,60.81814193725586,99.9963836669922,0.0,41.944489592149836,193695.0,8.59490966796875,9.1116943359375,12.157989501953123,11.695602416992188,35.55000019073486
1972-03-18 11:12:20,24.202730178833008,80.90361022949219,152.44954681396484,90.98484802246094,96.6999969482422,60.82175827026367,99.9963836669922,0.0,42.557880279459674,193695.0,10.471649169921877,10.28125,8.29571533203125,10.906829833984377,35.55000019073486
1972-03-18 11:12:21,24.298171997070312,80.96385955810547,152.6611328125,90.98484802246094,97.39999389648438,60.82175827026367,99.9963836669922,0.0,39.05551053281044,193695.0,9.655670166015623,10.988433837890623,9.1116943359375,12.973968505859377,35.55000019073486
1972-03-18 11:12:22,24.32847595214844,81.08433532714844,153.11685943603516,90.98484802246094,97.5999984741211,60.82175827026367,100.0,0.0,41.01550356844713,193695.0,4.977447509765625,15.20428466796875,14.76910400390625,9.655670166015623,35.55000019073486
1972-03-18 11:12:23,24.332788467407227,81.14457702636719,152.0263671875,90.98484802246094,96.5999984741211,60.81814193725586,99.9963836669922,0.0,40.536525616644596,193695.0,7.615753173828125,10.390045166015623,6.0381927490234375,10.526046752929688,35.55000019073486
1972-03-18 11:12:24,24.29553604125977,80.96385955810547,151.9694061279297,90.98484802246094,97.39999389648438,60.81814193725586,99.9963836669922,0.0,39.44116546125729,193695.0,8.45892333984375,11.858795166015623,14.007522583007812,8.322921752929688,35.55000019073486
1972-03-18 11:12:25,24.28976249694824,80.90361022949219,153.3365936279297,90.98484802246094,96.6999969482422,60.82175827026367,99.9963836669922,0.0,44.77854350795861,193695.0,8.866912841796875,16.50982666015625,10.335647583007812,11.9132080078125,35.55000019073486
1972-03-18 11:12:26,24.32214736938477,80.90361022949219,153.53189849853516,90.98484802246094,96.4000015258789,60.81814193725586,100.0,0.0,42.919152810463764,193695.0,7.6429443359375,13.409149169921877,15.1226806640625,12.729171752929688,35.55000019073486
1972-03-18 11:12:27,24.36503791809082,81.02410125732422,152.00196075439453,90.98484802246094,96.5,60.81814193725586,99.9963836669922,0.0,41.89313916844113,193695.0,9.655670166015623,15.911468505859377,11.178817749023438,14.959503173828123,35.55000019073486
1972-03-18 11:12:28,24.3657169342041,81.08433532714844,152.99478912353516,90.98484802246094,96.8000030517578,60.81814193725586,100.0,0.0,43.303832049293234,193695.0,8.948516845703125,14.76910400390625,12.9195556640625,9.873260498046877,35.55000019073486
1972-03-18 11:12:29,24.294145584106445,81.02410125732422,154.052734375,90.98484802246094,98.1999969482422,60.81814193725586,99.9963836669922,0.0,39.95009691744505,193695.0,11.1788330078125,15.449066162109377,14.197906494140623,11.478012084960938,35.55000019073486
1972-03-18 11:12:30,24.209592819213867,80.90361022949219,154.08528900146484,90.98484802246094,97.6999969482422,60.81814193725586,100.0,0.0,39.70252384836473,193695.0,14.2523193359375,15.177093505859377,11.96759033203125,10.5804443359375,35.55000019073486
1972-03-18 11:12:31,24.08708572387696,80.90361022949219,153.58072662353516,90.98484802246094,97.79999542236328,60.82175827026367,100.0,0.0,39.434020241404994,193695.0,8.214141845703125,12.620361328125,14.524307250976562,11.586807250976562,35.55000019073486
1972-03-18 11:12:32,23.9966049194336,81.02410125732422,152.49837493896484,90.98484802246094,97.0,60.81814193725586,100.0,0.0,42.79453867903141,193695.0,12.919570922851562,9.737274169921877,13.789932250976562,12.157989501953123,35.55000019073486
1972-03-18 11:12:33,23.964006423950195,81.08433532714844,152.0914764404297,90.98484802246094,95.5999984741211,60.82175827026367,100.0,0.0,42.74222370016144,193695.0,12.810775756835938,9.92767333984375,12.674774169921877,10.906829833984377,35.55000019073486
1972-03-18 11:12:34,23.949684143066406,81.08433532714844,154.0771484375,90.98484802246094,97.1999969482422,60.81814193725586,99.9963836669922,0.0,44.649260082322094,193695.0,10.199661254882812,15.36749267578125,13.73553466796875,11.994796752929688,35.55000019073486
1972-03-18 11:12:35,23.89871025085449,80.96385955810547,152.99478912353516,90.98484802246094,96.8000030517578,60.81814193725586,100.0,0.0,43.455235024769344,193695.0,3.590301513671875,14.76910400390625,19.01214599609375,12.076385498046877,35.55000019073486
1972-03-18 11:12:36,23.85441017150879,80.90361022949219,154.39452362060547,90.98484802246094,97.0,60.81814193725586,100.0,0.0,43.63667344416512,193695.0,14.714706420898438,18.821746826171875,11.423614501953123,7.5069580078125,35.55000019073486
1972-03-18 11:12:37,23.790143966674805,80.96385955810547,152.5309295654297,90.98484802246094,96.9000015258789,60.81814193725586,100.0,0.0,41.94967684706837,193695.0,11.070037841796877,13.681121826171877,13.463531494140623,12.892364501953123,35.55000019073486
1972-03-18 11:12:38,23.748178482055664,81.08433532714844,152.9541015625,90.98484802246094,97.0,60.82175827026367,99.9963836669922,0.0,43.95425457708428,193695.0,8.921295166015625,17.625,12.457183837890623,9.356475830078123,35.55000019073486
1972-03-18 11:12:39,23.794239044189453,81.08433532714844,153.2877655029297,90.98484802246094,96.5,60.81814193725586,100.0,0.0,43.53641954001889,193695.0,13.137161254882812,10.49884033203125,10.090850830078123,11.206024169921877,35.55000019073486
1972-03-18 11:12:40,23.880306243896484,80.96385955810547,153.0680389404297,90.98484802246094,96.5999984741211,60.81814193725586,99.9963836669922,0.0,42.556159674662254,193695.0,13.46356201171875,10.79803466796875,13.980316162109377,11.287628173828123,35.55000019073486
1972-03-18 11:12:41,23.99456787109375,80.90361022949219,153.3610076904297,90.98484802246094,98.0,60.81814193725586,99.9963836669922,0.0,41.944979214732136,193695.0,15.06829833984375,10.36285400390625,11.4508056640625,12.375579833984377,35.55000019073486
1972-03-18 11:12:42,24.034812927246094,80.96385955810547,153.61328125,90.98484802246094,97.79999542236328,60.81814193725586,100.0,0.0,40.711394518792076,193695.0,12.484375,9.138885498046877,13.789932250976562,10.689239501953123,35.55000019073486
1972-03-18 11:12:43,24.0681381225586,81.02410125732422,153.7109375,90.98484802246094,96.8000030517578,60.81814193725586,99.9963836669922,0.0,44.636987785367594,193695.0,15.557891845703123,15.013885498046877,12.70196533203125,11.287628173828123,35.55000019073486
1972-03-18 11:12:44,24.10074615478516,81.08433532714844,153.31217193603516,91.06060791015624,96.3000030517578,60.82175827026367,100.0,0.0,43.95873709572187,193695.0,12.157989501953123,15.34027099609375,11.124420166015623,10.79803466796875,35.55000019073486
1972-03-18 11:12:45,24.149105072021484,81.02410125732422,152.6123046875,90.98484802246094,96.8000030517578,60.81814193725586,99.9963836669922,0.0,40.78438603134044,193695.0,9.682891845703123,10.308441162109377,11.477996826171877,12.620361328125,35.55000019073486
1972-03-18 11:12:46,24.22351837158203,81.02410125732422,153.01920318603516,90.98484802246094,96.9000015258789,60.81814193725586,100.0,0.0,40.33221399831498,193695.0,9.574081420898438,17.352996826171875,8.186920166015625,8.3773193359375,35.55000019073486
1972-03-18 11:12:47,24.301544189453125,80.96385955810547,153.4505157470703,90.98484802246094,97.29999542236328,60.82175827026367,100.0,0.0,42.37333584595505,193695.0,11.1788330078125,16.292236328125,8.540496826171875,11.09722900390625,35.55000019073486
1972-03-18 11:12:48,24.32501792907715,80.96385955810547,153.0192108154297,90.98484802246094,97.0999984741211,60.81814193725586,99.9963836669922,0.0,40.91957400879693,193695.0,12.076400756835938,12.0491943359375,13.082763671875,8.758102416992188,35.55000019073486
1972-03-18 11:12:49,24.29383850097656,80.96385955810547,152.38443756103516,90.98484802246094,97.1999969482422,60.81814193725586,100.0,0.0,41.31989536285245,193695.0,9.383697509765623,8.404510498046875,14.3883056640625,13.055557250976562,35.55000019073486
1972-03-18 11:12:50,24.242753982543945,81.02410125732422,152.6285858154297,90.98484802246094,97.5,60.82175827026367,100.0,0.0,42.03267222310297,193695.0,12.6475830078125,12.729156494140623,13.354736328125,10.49884033203125,35.55000019073486
1972-03-18 11:12:51,24.15588760375977,81.08433532714844,151.67642974853516,90.98484802246094,97.89999389648438,60.81814193725586,100.0,0.0,39.56340574017015,193695.0,9.465301513671877,12.810760498046877,7.724533081054687,13.082763671875,35.55000019073486
1972-03-18 11:12:52,24.097431182861328,81.02410125732422,153.04361724853516,90.98484802246094,96.4000015258789,60.81814193725586,100.0,0.0,42.458103985168904,193695.0,9.35650634765625,15.93865966796875,11.75,10.66204833984375,35.55000019073486
1972-03-18 11:12:53,24.104108810424805,80.90361022949219,153.42610931396484,90.98484802246094,97.6999969482422,60.81814193725586,99.9963836669922,0.0,37.68300616538325,193695.0,12.7835693359375,15.04107666015625,9.03009033203125,12.892364501953123,35.55000019073486
1972-03-18 11:12:54,24.13995361328125,80.90361022949219,152.1403045654297,90.98484802246094,96.10000610351562,60.81814193725586,99.9963836669922,0.0,43.290001065083224,193695.0,8.486114501953125,12.457183837890623,6.881362915039063,12.86517333984375,35.55000019073486
1972-03-18 11:12:55,24.12059211730957,81.08433532714844,152.09960174560547,90.98484802246094,96.8000030517578,60.81814193725586,99.9963836669922,0.0,38.685959831053545,193695.0,6.962982177734375,13.681121826171877,13.545135498046877,13.6539306640625,35.55000019073486
1972-03-18 11:12:56,24.04946517944336,81.08433532714844,151.8798828125,90.98484802246094,97.5999984741211,60.81814193725586,100.0,0.0,44.278675701170435,193695.0,8.75811767578125,11.3148193359375,12.0491943359375,13.273147583007812,35.55000019073486
1972-03-18 11:12:57,23.973857879638672,81.02410125732422,153.32845306396484,90.98484802246094,96.4000015258789,60.81814193725586,99.9963836669922,0.0,42.543525104131476,193695.0,14.007537841796877,16.292236328125,10.36285400390625,12.348388671875,35.55000019073486
1972-03-18 11:12:58,23.92031478881836,80.90361022949219,153.49120330810547,90.98484802246094,98.0999984741211,60.81814193725586,100.0,0.0,39.816902363055846,193695.0,7.28936767578125,10.5804443359375,17.217010498046875,8.89410400390625,35.55000019073486
1972-03-18 11:12:59,23.9465446472168,80.96385955810547,152.2053985595703,90.98484802246094,96.8000030517578,60.81814193725586,99.9963836669922,0.0,40.10688683274383,193695.0,8.45892333984375,8.839691162109375,11.994781494140623,11.858795166015623,35.55000019073486
1972-03-18 11:13:00,24.021812438964844,80.96385955810547,152.5146484375,90.98484802246094,97.39999389648438,60.81814193725586,99.9963836669922,0.0,42.02886024746974,193695.0,11.967605590820312,14.46990966796875,11.614013671875,10.145263671875,35.55000019073486
1972-03-18 11:13:01,24.07598114013672,81.08433532714844,152.58789825439453,90.98484802246094,95.70000457763672,60.81814193725586,99.9963836669922,0.0,43.54901143554478,193695.0,8.2413330078125,13.980316162109377,11.586807250976562,6.4461822509765625,35.55000019073486
1972-03-18 11:13:02,24.0834903717041,81.08433532714844,152.9052734375,90.98484802246094,97.5999984741211,60.81814193725586,100.0,0.0,40.38130752450069,193695.0,6.33740234375,10.009246826171877,15.476272583007812,14.660308837890623,35.55000019073486
1972-03-18 11:13:03,24.118457794189453,81.02410125732422,152.44954681396484,90.98484802246094,97.5999984741211,60.81814193725586,99.9963836669922,0.0,41.66633009142415,193695.0,13.817138671875,12.9195556640625,7.234954833984375,8.5133056640625,35.55000019073486
1972-03-18 11:13:04,24.14539909362793,80.96385955810547,152.05078125,90.98484802246094,97.5,60.81814193725586,99.9963836669922,0.0,41.541895608573185,193695.0,9.982070922851562,12.86517333984375,11.3148193359375,11.641204833984377,35.55000019073486
1972-03-18 11:13:05,24.141616821289062,80.84336853027344,153.67838287353516,90.98484802246094,96.6999969482422,60.81814193725586,100.0,0.0,42.759879941471866,193695.0,9.49249267578125,10.471649169921877,13.681121826171877,12.076385498046877,35.55000019073486
1972-03-18 11:13:06,24.18881797790528,80.96385955810547,152.4495391845703,90.98484802246094,97.0999984741211,60.81814193725586,99.9963836669922,0.0,41.64540861244289,193695.0,12.72918701171875,7.479736328125,10.93402099609375,15.666671752929688,35.55000019073486
1972-03-18 11:13:07,24.23909568786621,81.08433532714844,153.30403900146484,90.98484802246094,97.0,60.81814193725586,99.9963836669922,0.0,42.33925066258051,193695.0,8.02374267578125,17.97857666015625,13.028350830078123,6.010986328125,35.55000019073486
1972-03-18 11:13:08,24.24513053894043,81.08433532714844,152.80762481689453,90.98484802246094,96.5999984741211,60.81814193725586,100.0,0.0,42.26707779792849,193695.0,11.668411254882812,14.197906494140623,14.007522583007812,14.90509033203125,35.55000019073486
1972-03-18 11:13:09,24.204477310180664,80.96385955810547,153.91439056396484,90.98484802246094,96.8000030517578,60.81814193725586,99.9963836669922,0.0,40.66304479304643,193695.0,14.551513671875,11.151611328125,13.055557250976562,10.743637084960938,35.55000019073486
1972-03-18 11:13:10,24.156709671020508,80.90361022949219,152.37630462646484,90.98484802246094,96.9000015258789,60.81814193725586,99.9963836669922,0.0,40.570871008797184,193695.0,10.308456420898438,13.463531494140623,13.708343505859377,9.383682250976562,35.55000019073486
1972-03-18 11:13:11,24.084714889526367,80.96385955810547,152.41698455810547,90.98484802246094,96.4000015258789,60.81814193725586,99.9963836669922,0.0,42.223012281221514,193695.0,8.29571533203125,15.013885498046877,14.116317749023438,12.457183837890623,35.55000019073486
1972-03-18 11:13:12,24.0415153503418,81.02410125732422,152.14029693603516,90.98484802246094,97.0999984741211,60.81814193725586,100.0,0.0,40.02710882420003,193695.0,13.16436767578125,11.69561767578125,11.940399169921877,11.885986328125,35.55000019073486
1972-03-18 11:13:13,24.05932807922364,81.02410125732422,152.11588287353516,90.98484802246094,96.3000030517578,60.81814193725586,99.9963836669922,0.0,40.99873894255889,193695.0,8.8125,9.8460693359375,10.172454833984377,9.818878173828123,35.55000019073486
1972-03-18 11:13:14,24.10972785949707,81.02410125732422,152.42513275146484,90.98484802246094,98.29999542236328,60.81814193725586,100.0,0.0,38.427742275763954,193695.0,8.649322509765625,14.578704833984377,15.20428466796875,7.5069580078125,35.55000019073486
1972-03-18 11:13:15,24.083852767944336,80.96385955810547,152.64485931396484,90.98484802246094,96.9000015258789,60.81814193725586,99.9963836669922,0.0,43.957288640300945,193695.0,9.764480590820312,15.149871826171877,14.578704833984377,11.75,35.55000019073486
1972-03-18 11:13:16,24.0476131439209,80.96385955810547,152.67740631103516,90.98484802246094,96.4000015258789,60.81814193725586,99.9963836669922,0.0,43.1686756094901,193695.0,9.302093505859377,16.97222900390625,10.526031494140623,11.478012084960938,35.55000019073486
1972-03-18 11:13:17,24.01411247253418,80.96385955810547,152.8076171875,90.98484802246094,97.1999969482422,60.81814193725586,99.9963836669922,0.0,40.53014838156103,193695.0,11.233230590820312,11.641204833984377,14.442718505859377,14.823486328125,35.55000019073486
1972-03-18 11:13:18,23.973583221435547,81.02410125732422,152.2705078125,90.98484802246094,97.5,60.81814193725586,99.9963836669922,0.0,39.3887325880006,193695.0,8.921295166015625,14.9866943359375,14.823486328125,8.186920166015625,35.55000019073486
1972-03-18 11:13:19,24.001007080078125,81.02410125732422,152.734375,90.98484802246094,97.5999984741211,60.81814193725586,100.0,0.0,42.18599007902449,193695.0,10.172454833984377,14.9866943359375,12.375579833984377,12.1851806640625,35.55000019073486
1972-03-18 11:13:20,24.0818099975586,81.02410125732422,152.25423431396484,90.98484802246094,97.39999389648438,60.81814193725586,99.9963836669922,0.0,40.71964613105033,193695.0,12.72918701171875,10.607635498046877,12.457183837890623,9.76446533203125,35.55000019073486
1972-03-18 11:13:21,24.136394500732425,80.96385955810547,152.16471099853516,90.98484802246094,96.6999969482422,60.81814193725586,99.9963836669922,0.0,41.63522371863368,193695.0,10.335662841796877,11.641204833984377,11.53240966796875,12.348388671875,35.55000019073486
1972-03-18 11:13:22,24.116724014282227,80.96385955810547,152.88899993896484,90.98484802246094,96.6999969482422,60.81814193725586,99.9963836669922,0.0,41.1389485807185,193695.0,9.002899169921875,16.67303466796875,10.553237915039062,11.342010498046877,35.55000019073486
1972-03-18 11:13:23,24.09384155273437,80.96385955810547,151.76595306396484,90.98484802246094,97.0999984741211,60.81814193725586,99.9963836669922,0.0,40.13431617769064,193695.0,9.03009033203125,10.8524169921875,13.817138671875,10.118057250976562,35.55000019073486
1972-03-18 11:13:24,24.05133438110352,81.08433532714844,152.392578125,90.98484802246094,96.10000610351562,60.81814193725586,100.0,0.0,42.88172461697726,193695.0,12.0491943359375,12.076385498046877,10.009246826171877,10.254058837890623,35.55000019073486
1972-03-18 11:13:25,24.035297393798828,81.08433532714844,152.43326568603516,90.98484802246094,96.3000030517578,60.81814193725586,100.0,0.0,42.49618209633233,193695.0,8.32293701171875,14.932281494140623,12.729156494140623,11.83160400390625,35.55000019073486
1972-03-18 11:13:26,24.090755462646484,81.02410125732422,152.0589141845703,90.98484802246094,96.9000015258789,60.81814193725586,100.0,0.0,40.12039806202355,193695.0,10.5804443359375,12.26678466796875,14.660308837890623,8.866897583007812,35.55000019073486
1972-03-18 11:13:27,24.167329788208008,80.90361022949219,152.783203125,90.98484802246094,96.5999984741211,60.81814193725586,99.9963836669922,0.0,42.59691960335709,193695.0,8.54052734375,13.953125,11.396408081054688,12.321182250976562,35.55000019073486
1972-03-18 11:13:28,24.19881057739257,80.90361022949219,152.64485931396484,90.98484802246094,96.9000015258789,60.81814193725586,99.9963836669922,0.0,42.78247148728328,193695.0,14.796295166015623,13.708343505859377,14.03472900390625,10.770843505859377,35.55000019073486
1972-03-18 11:13:29,24.19223976135254,80.96385955810547,152.32747650146484,90.98484802246094,97.6999969482422,60.81814193725586,99.9963836669922,0.0,41.855771355695,193695.0,8.59490966796875,13.245941162109377,15.013885498046877,11.614013671875,35.55000019073486
1972-03-18 11:13:30,24.187055587768555,81.08433532714844,152.0182342529297,90.98484802246094,97.0999984741211,60.81814193725586,100.0,0.0,43.55839827243677,193695.0,10.770843505859377,9.32928466796875,10.63482666015625,8.8125,35.55000019073486
1972-03-18 11:13:31,24.14214134216309,81.08433532714844,152.16471099853516,90.98484802246094,96.9000015258789,60.81814193725586,100.0,0.0,39.71749758146101,193695.0,9.1116943359375,12.946746826171877,9.356475830078123,9.220489501953123,35.55000019073486
1972-03-18 11:13:32,24.12670135498047,80.96385955810547,152.197265625,90.98484802246094,96.4000015258789,60.81814193725586,100.0,0.0,44.50800816485287,193695.0,7.942138671875,16.15625,13.708343505859377,10.471649169921877,35.55000019073486
1972-03-18 11:13:33,24.14630508422852,80.96385955810547,152.50650787353516,90.98484802246094,96.5,60.81814193725586,99.9963836669922,0.0,43.99437226304932,193695.0,10.308456420898438,10.553253173828123,8.268524169921875,11.96759033203125,35.55000019073486
1972-03-18 11:13:34,24.17258644104004,81.02410125732422,152.72623443603516,90.98484802246094,96.4000015258789,60.81814193725586,99.9963836669922,0.0,40.603162040927145,193695.0,12.72918701171875,14.2523193359375,11.015625,13.327545166015623,35.55000019073486
1972-03-18 11:13:35,24.14427947998047,80.96385955810547,151.88802337646484,90.98484802246094,97.89999389648438,60.81814193725586,100.0,0.0,43.211416610235794,193695.0,7.942138671875,11.23321533203125,11.287612915039062,10.526046752929688,35.55000019073486
1972-03-18 11:13:36,24.07913017272949,80.96385955810547,152.44954681396484,90.98484802246094,96.5,60.81814193725586,100.0,0.0,44.50321722245947,193695.0,12.0491943359375,11.23321533203125,11.559600830078123,11.151611328125,35.55000019073486
1972-03-18 11:13:37,24.03697967529297,80.96385955810547,152.08333587646484,90.98484802246094,96.3000030517578,60.81814193725586,100.0,0.0,41.817549494933466,193695.0,9.737274169921877,11.66839599609375,11.015625,12.810760498046877,35.55000019073486
1972-03-18 11:13:38,23.980342864990234,81.08433532714844,152.17285919189453,90.98484802246094,96.10000610351562,60.81814193725586,100.0,0.0,44.094495922325095,193695.0,6.881378173828125,15.231475830078123,10.7164306640625,11.478012084960938,35.55000019073486
1972-03-18 11:13:39,23.978008270263672,80.96385955810547,151.6845703125,90.98484802246094,97.0999984741211,60.81814193725586,100.0,0.0,44.944430135048,193695.0,5.22222900390625,12.348388671875,11.342010498046877,10.090850830078123,35.55000019073486
1972-03-18 11:13:40,23.999351501464844,80.96385955810547,151.69271087646484,90.98484802246094,95.9000015258789,60.81814193725586,100.0,0.0,42.54817727250041,193695.0,12.810775756835938,13.7899169921875,8.186920166015625,11.722808837890623,35.55000019073486
1972-03-18 11:13:41,24.03104782104492,81.02410125732422,152.3681640625,90.98484802246094,98.0999984741211,60.82175827026367,100.0,0.0,42.35185015862132,193695.0,6.582183837890625,12.810760498046877,16.129058837890625,9.302093505859377,35.55000019073486
1972-03-18 11:13:42,24.01036834716797,81.02410125732422,150.7975311279297,90.98484802246094,96.9000015258789,60.81814193725586,100.0,0.0,41.29970787270895,193695.0,6.09259033203125,8.839691162109375,13.925933837890623,9.274887084960938,35.55000019073486
1972-03-18 11:13:43,23.998931884765625,81.02410125732422,152.6529998779297,90.98484802246094,97.89999389648438,60.81814193725586,100.0,0.0,39.42144990062271,193695.0,13.73553466796875,13.925933837890623,12.40277099609375,12.022003173828123,35.55000019073486
1972-03-18 11:13:44,23.982521057128903,80.96385955810547,151.45670318603516,90.98484802246094,96.5999984741211,60.81814193725586,100.0,0.0,43.2551272699278,193695.0,13.028366088867188,8.921295166015625,11.96759033203125,10.634841918945312,35.55000019073486
1972-03-18 11:13:45,23.97697830200196,80.90361022949219,151.6276092529297,90.98484802246094,96.4000015258789,60.81814193725586,100.0,0.0,43.339124857348445,193695.0,9.302093505859377,7.071746826171875,14.225112915039062,11.287628173828123,35.55000019073486
1972-03-18 11:13:46,24.01778984069824,80.96385955810547,151.2939453125,90.98484802246094,95.8000030517578,60.81814193725586,100.0,0.0,43.11948057847378,193695.0,9.954864501953123,16.754638671875,11.83160400390625,13.6539306640625,35.55000019073486
1972-03-18 11:13:47,24.09714698791504,81.02410125732422,151.9124298095703,90.98484802246094,97.39999389648438,60.81814193725586,100.0,0.0,43.19775373213776,193695.0,10.145263671875,12.157989501953123,10.93402099609375,11.66839599609375,35.55000019073486
1972-03-18 11:13:48,24.13716506958008,81.08433532714844,152.5390625,90.98484802246094,96.5,60.82175827026367,100.0,0.0,43.42150543990095,193695.0,8.62213134765625,13.327545166015623,11.777191162109377,13.980316162109377,35.55000019073486
1972-03-18 11:13:49,24.14218139648437,81.02410125732422,152.17284393310547,91.06060791015624,96.5999984741211,60.81814193725586,100.0,0.0,42.97185374375388,193695.0,8.75811767578125,9.8460693359375,11.994781494140623,7.316558837890625,35.55000019073486
1972-03-18 11:13:50,24.15575218200684,80.90361022949219,152.2705078125,90.98484802246094,96.9000015258789,60.81814193725586,100.0,0.0,41.72703497023309,193695.0,8.078125,13.30035400390625,15.177093505859377,10.988433837890623,35.55000019073486
1972-03-18 11:13:51,24.154239654541016,80.90361022949219,152.05078125,90.98484802246094,96.4000015258789,60.81814193725586,100.0,0.0,43.53128434500352,193695.0,16.67303466796875,15.50347900390625,10.390045166015623,11.777191162109377,35.55000019073486
1972-03-18 11:13:52,24.168928146362305,81.02410125732422,151.22884368896484,90.98484802246094,95.9000015258789,60.82175827026367,100.0,0.0,44.31881242907793,193695.0,6.11981201171875,13.925933837890623,15.530670166015623,8.8125,35.55000019073486
1972-03-18 11:13:53,24.212589263916016,81.08433532714844,152.2135467529297,90.98484802246094,97.0999984741211,60.81814193725586,100.0,0.0,42.5101466240546,193695.0,5.249420166015625,16.183441162109375,8.73089599609375,8.132522583007812,35.55000019073486
1972-03-18 11:13:54,24.24592971801757,81.02410125732422,152.03450775146484,90.98484802246094,97.29999542236328,60.82175827026367,100.0,0.0,40.56833733878233,193695.0,8.703704833984375,13.16436767578125,12.457183837890623,15.258682250976562,35.55000019073486
1972-03-18 11:13:55,24.202272415161133,80.96385955810547,152.22982025146484,90.98484802246094,97.5999984741211,60.81814193725586,100.0,0.0,38.97712027013086,193695.0,11.75,16.4554443359375,9.2476806640625,8.8125,35.55000019073486
1972-03-18 11:13:56,24.145648956298828,80.96385955810547,151.66015625,90.98484802246094,97.0,60.81814193725586,100.0,0.0,40.86629098951488,193695.0,10.390045166015623,10.8524169921875,13.082763671875,8.350128173828125,35.55000019073486
1972-03-18 11:13:57,24.09718132019043,80.96385955810547,152.6448516845703,90.98484802246094,97.0,60.82175827026367,100.0,0.0,42.39135361844592,193695.0,9.682891845703123,17.0538330078125,13.381942749023438,12.348388671875,35.55000019073486
1972-03-18 11:13:58,24.03537940979004,81.08433532714844,151.5869140625,90.98484802246094,96.9000015258789,60.82175827026367,100.0,0.0,40.75277073031452,193695.0,11.423614501953123,11.3148193359375,9.682861328125,8.567718505859375,35.55000019073486
1972-03-18 11:13:59,24.02764892578125,81.02410125732422,151.81478118896484,90.98484802246094,96.9000015258789,60.81814193725586,99.9963836669922,0.0,42.93307281942444,193695.0,9.410888671875,14.061920166015623,13.028350830078123,8.703704833984375,35.55000019073486
1972-03-18 11:14:00,24.054479598999023,80.96385955810547,151.66015625,90.98484802246094,97.29999542236328,60.81814193725586,100.0,0.0,43.87858755617404,193695.0,13.245956420898438,12.40277099609375,10.471649169921877,10.553253173828123,35.55000019073486
1972-03-18 11:14:01,24.09539604187012,80.96385955810547,152.05892181396484,90.98484802246094,97.1999969482422,60.82175827026367,100.0,0.0,40.67596369392461,193695.0,8.676513671875,13.082763671875,11.4508056640625,11.9132080078125,35.55000019073486
1972-03-18 11:14:02,24.08082389831543,80.96385955810547,152.59603118896484,90.98484802246094,96.9000015258789,60.82175827026367,99.9963836669922,0.0,42.843324274529365,193695.0,8.15972900390625,16.4554443359375,16.754638671875,10.226852416992188,35.55000019073486
1972-03-18 11:14:03,24.056297302246094,80.96385955810547,151.9449920654297,90.98484802246094,97.0999984741211,60.81814193725586,100.0,0.0,40.05454794271174,193695.0,13.762741088867188,8.622100830078125,10.852432250976562,10.79803466796875,35.55000019073486
1972-03-18 11:14:04,24.019752502441406,80.96385955810547,151.2451171875,90.98484802246094,96.5999984741211,60.82175827026367,100.0,0.0,44.64306556487164,193695.0,12.457183837890623,12.756378173828123,12.7835693359375,11.1788330078125,35.55000019073486
1972-03-18 11:14:05,24.00993537902832,81.02410125732422,152.44954681396484,90.98484802246094,96.20000457763672,60.82175827026367,100.0,0.0,44.378967520251834,193695.0,11.042831420898438,12.86517333984375,14.90509033203125,10.19964599609375,35.55000019073486
1972-03-18 11:14:06,24.052169799804688,80.96385955810547,152.1403045654297,90.98484802246094,96.9000015258789,60.81814193725586,100.0,0.0,42.1341044882169,193695.0,10.090866088867188,11.4508056640625,13.028350830078123,9.492477416992188,35.55000019073486
1972-03-18 11:14:07,24.11245346069336,81.02410125732422,151.16373443603516,90.98484802246094,96.5,60.82175827026367,100.0,0.0,41.617774506461465,193695.0,13.055572509765623,9.8460693359375,6.799774169921875,10.553253173828123,35.55000019073486
1972-03-18 11:14:08,24.117414474487305,81.08433532714844,151.6845703125,90.98484802246094,97.1999969482422,60.81814193725586,100.0,0.0,40.474437167043206,193695.0,5.793426513671875,12.973968505859377,12.56597900390625,6.364593505859375,35.55000019073486
1972-03-18 11:14:09,24.08330345153809,80.96385955810547,151.6927032470703,90.98484802246094,96.10000610351562,60.82175827026367,100.0,0.0,42.605700495311986,193695.0,5.52142333984375,8.73089599609375,12.593170166015623,14.578704833984377,35.55000019073486
1972-03-18 11:14:10,24.072797775268555,80.96385955810547,152.4821014404297,90.98484802246094,96.3000030517578,60.82175827026367,100.0,0.0,44.620083274971975,193695.0,7.234954833984375,18.1961669921875,7.724533081054687,12.620361328125,35.55000019073486
1972-03-18 11:14:11,24.05478858947754,80.96385955810547,152.1728515625,90.98484802246094,97.6999969482422,60.81814193725586,100.0,0.0,39.78918636811383,193695.0,12.457183837890623,14.796295166015623,16.754638671875,12.86517333984375,35.55000019073486
1972-03-18 11:14:12,24.059600830078125,81.02410125732422,152.7099609375,90.98484802246094,96.10000610351562,60.82175827026367,100.0,0.0,42.789688334379775,193695.0,3.88946533203125,15.04107666015625,15.7210693359375,10.417236328125,35.55000019073486
1972-03-18 11:14:13,24.09601402282715,81.08433532714844,151.6764373779297,90.98484802246094,96.9000015258789,60.81814193725586,100.0,0.0,40.77622434636975,193695.0,15.041107177734377,13.409149169921877,11.36920166015625,11.641204833984377,35.55000019073486
1972-03-18 11:14:14,24.13981819152832,81.08433532714844,151.9205780029297,90.98484802246094,97.0999984741211,60.81814193725586,99.9963836669922,0.0,38.876013819927394,193695.0,9.220489501953123,13.409149169921877,14.361114501953123,9.655670166015623,35.55000019073486
1972-03-18 11:14:15,24.13182640075684,80.90361022949219,153.04360961914062,90.98484802246094,97.39999389648438,60.82175827026367,100.0,0.0,42.59705421115525,193695.0,9.35650634765625,18.44097900390625,11.423614501953123,12.13079833984375,35.55000019073486
1972-03-18 11:14:16,24.108640670776367,80.96385955810547,152.01822662353516,90.98484802246094,96.20000457763672,60.82175827026367,100.0,0.0,43.83030530928678,193695.0,12.620391845703123,11.342010498046877,13.354736328125,15.775466918945312,35.55000019073486
1972-03-18 11:14:17,24.086694717407227,80.96385955810547,152.66114044189453,90.98484802246094,97.0999984741211,60.82175827026367,100.0,0.0,41.50592946909596,193695.0,9.465301513671877,11.505218505859377,14.116317749023438,6.1741943359375,35.55000019073486
1972-03-18 11:14:18,24.06163215637207,81.02410125732422,152.76692962646484,90.98484802246094,97.0,60.82175827026367,100.0,0.0,43.02942999431243,193695.0,11.586822509765623,12.13079833984375,15.884246826171877,11.83160400390625,35.55000019073486
1972-03-18 11:14:19,24.092098236083984,80.96385955810547,152.21353912353516,90.98484802246094,97.1999969482422,60.81814193725586,100.0,0.0,42.34855316178244,193695.0,13.59954833984375,13.844329833984377,13.30035400390625,13.73553466796875,35.55000019073486
1972-03-18 11:14:20,24.14198303222656,80.96385955810547,150.5615234375,90.98484802246094,96.5999984741211,60.82175827026367,100.0,0.0,39.94912221766449,193695.0,10.28125,14.932281494140623,13.082763671875,7.914932250976562,35.55000019073486
1972-03-18 11:14:21,24.17489242553711,80.96385955810547,153.01107788085938,90.98484802246094,96.5,60.81814193725586,100.0,0.0,43.028980782519,193695.0,7.5069580078125,12.946746826171877,10.689239501953123,10.526046752929688,35.55000019073486
1972-03-18 11:14:22,24.144454956054688,81.02410125732422,152.9459686279297,90.98484802246094,96.5,60.82175827026367,100.0,0.0,42.44545349550758,193695.0,12.973968505859377,15.666656494140623,12.293975830078123,14.306716918945312,35.55000019073486
1972-03-18 11:14:23,24.097412109375,81.08433532714844,152.11588287353516,90.98484802246094,96.8000030517578,60.81814193725586,100.0,0.0,43.15171865026899,193695.0,9.002899169921875,12.83795166015625,5.004638671875,14.442718505859377,35.55000019073486
1972-03-18 11:14:24,24.050920486450195,81.02410125732422,151.96126556396484,90.98484802246094,96.8000030517578,60.82175827026367,100.0,0.0,41.43431981118526,193695.0,8.730926513671875,13.0555419921875,18.25057983398437,11.940399169921877,35.55000019073486
1972-03-18 11:14:25,24.0393123626709,80.90361022949219,152.17285919189453,90.98484802246094,96.4000015258789,60.81814193725586,100.0,0.0,43.680950953158096,193695.0,13.30035400390625,16.50982666015625,10.417236328125,8.921295166015625,35.55000019073486
1972-03-18 11:14:26,24.06346893310547,80.90361022949219,151.7822265625,90.98484802246094,96.8000030517578,60.82175827026367,100.0,0.0,44.327427904530275,193695.0,8.676513671875,10.66204833984375,13.898727416992188,11.4508056640625,35.55000019073486
1972-03-18 11:14:27,24.09820556640625,80.96385955810547,152.17285919189453,90.98484802246094,96.10000610351562,60.81814193725586,100.0,0.0,42.45901412017982,193695.0,12.538787841796877,12.593170166015623,13.953125,5.5758056640625,35.55000019073486
1972-03-18 11:14:28,24.08051872253418,81.02410125732422,152.5797576904297,90.98484802246094,96.8000030517578,60.82175827026367,100.0,0.0,45.52946144620961,193695.0,12.457183837890623,12.511566162109377,13.545135498046877,12.892364501953123,35.55000019073486
1972-03-18 11:14:29,24.04371452331543,81.08433532714844,153.2307891845703,90.98484802246094,97.6999969482422,60.81814193725586,100.0,0.0,41.8969047736718,193695.0,10.28125,16.700225830078125,12.348388671875,10.879638671875,35.55000019073486
1972-03-18 11:14:30,24.028783798217773,81.08433532714844,151.5869140625,90.98484802246094,96.6999969482422,60.81814193725586,100.0,0.0,40.26051359092389,193695.0,11.641204833984377,9.302093505859377,11.96759033203125,11.885986328125,35.55000019073486
1972-03-18 11:14:31,24.00040054321289,81.02410125732422,151.4729766845703,90.98484802246094,96.3000030517578,60.81814193725586,100.0,0.0,44.29320187788055,193695.0,10.52606201171875,14.3883056640625,11.913192749023438,11.4508056640625,35.55000019073486
1972-03-18 11:14:32,24.015396118164062,80.90361022949219,151.9775390625,90.98484802246094,96.10000610351562,60.82175827026367,100.0,0.0,41.81708713155382,193695.0,11.53240966796875,14.551513671875,14.877899169921877,13.055557250976562,35.55000019073486
1972-03-18 11:14:33,24.075796127319336,80.90361022949219,152.2216796875,90.98484802246094,97.0,60.82175827026367,100.0,0.0,40.838325879405204,193695.0,8.567718505859375,16.265045166015625,15.530670166015623,10.254058837890623,35.55000019073486
1972-03-18 11:14:34,24.109474182128903,81.02410125732422,151.4892578125,90.98484802246094,97.89999389648438,60.81814193725586,100.0,0.0,38.942824494466436,193695.0,10.825241088867188,7.670135498046875,10.526031494140623,11.614013671875,35.55000019073486
1972-03-18 11:14:35,24.100690841674805,81.08433532714844,152.0263671875,90.98484802246094,96.9000015258789,60.81814193725586,100.0,0.0,41.32286165637163,193695.0,9.818878173828123,14.03472900390625,10.879638671875,11.4508056640625,35.55000019073486
1972-03-18 11:14:36,24.08268928527832,81.14457702636719,151.20442962646484,90.98484802246094,97.1999969482422,60.81814193725586,100.0,0.0,43.866138323566,193695.0,10.5804443359375,16.999420166015625,14.225112915039062,11.777191162109377,35.55000019073486
1972-03-18 11:14:37,24.064712524414062,80.96385955810547,151.6845703125,90.98484802246094,96.6999969482422,60.81814193725586,100.0,0.0,40.71837171589716,193695.0,10.22686767578125,13.327545166015623,9.220489501953123,13.789932250976562,35.55000019073486
1972-03-18 11:14:38,24.057106018066406,80.84336853027344,152.52278900146484,90.98484802246094,97.0,60.81814193725586,100.0,0.0,43.05796024562883,193695.0,12.348388671875,12.484375,12.620361328125,12.239593505859377,35.55000019073486
1972-03-18 11:14:39,24.089916229248047,80.90361022949219,151.89615631103516,90.98484802246094,97.29999542236328,60.81814193725586,100.0,0.0,42.6580660700263,193695.0,8.078125,15.693878173828123,10.19964599609375,7.887725830078125,35.55000019073486
1972-03-18 11:14:40,24.14518547058105,81.02410125732422,151.18814849853516,90.98484802246094,97.0999984741211,60.81814193725586,100.0,0.0,42.54714243135988,193695.0,7.996551513671875,13.925933837890623,11.804397583007812,12.239593505859377,35.55000019073486
1972-03-18 11:14:41,24.16386032104492,81.14457702636719,152.0751953125,90.98484802246094,97.6999969482422,60.82175827026367,100.0,0.0,41.355790222642646,193695.0,10.52606201171875,15.9930419921875,14.279510498046877,10.118057250976562,35.55000019073486
1972-03-18 11:14:42,24.1340389251709,81.02410125732422,151.79850006103516,90.98484802246094,96.8000030517578,60.81814193725586,100.0,0.0,41.830763190332995,193695.0,11.777206420898438,10.906829833984377,11.070022583007812,11.994796752929688,35.55000019073486
1972-03-18 11:14:43,24.11858940124512,80.96385955810547,151.2451171875,90.98484802246094,96.9000015258789,60.81814193725586,100.0,0.0,40.45921281522222,193695.0,7.88775634765625,10.28125,9.057281494140623,10.634841918945312,35.55000019073486
1972-03-18 11:14:44,24.10289001464844,80.90361022949219,151.8798828125,90.98484802246094,96.5999984741211,60.82175827026367,100.0,0.0,41.91904711108522,193695.0,13.708343505859377,15.666656494140623,8.758102416992188,6.282989501953125,35.55000019073486
1972-03-18 11:14:45,24.11312294006348,80.96385955810547,151.8717498779297,90.98484802246094,96.5999984741211,60.81814193725586,100.0,0.0,43.792222743139824,193695.0,9.546875,13.273162841796877,16.101852416992188,13.055557250976562,35.55000019073486
1972-03-18 11:14:46,24.158750534057617,81.02410125732422,150.82193756103516,90.98484802246094,97.5999984741211,60.81814193725586,100.0,0.0,39.139854571356096,193695.0,8.1053466796875,10.743621826171877,12.70196533203125,10.49884033203125,35.55000019073486
1972-03-18 11:14:47,24.194971084594727,81.02410125732422,151.55435943603516,90.98484802246094,96.9000015258789,60.81814193725586,100.0,0.0,40.14984202372967,193695.0,11.586822509765623,13.817138671875,7.0445556640625,11.559600830078123,35.55000019073486
1972-03-18 11:14:48,24.185171127319336,80.96385955810547,152.1728515625,90.98484802246094,97.0999984741211,60.81814193725586,100.0,0.0,41.622457264375896,193695.0,11.586822509765623,13.21875,15.802658081054688,12.13079833984375,35.55000019073486
1972-03-18 11:14:49,24.14403533935547,80.96385955810547,150.9765625,90.98484802246094,96.9000015258789,60.81814193725586,100.0,0.0,41.615875604774935,193695.0,10.852447509765623,10.390045166015623,12.70196533203125,12.756378173828123,35.55000019073486
1972-03-18 11:14:50,24.12769889831543,81.02410125732422,151.77408599853516,90.98484802246094,97.0999984741211,60.82175827026367,100.0,0.0,41.096289817526085,193695.0,10.145263671875,16.754638671875,10.226852416992188,10.526046752929688,35.55000019073486
1972-03-18 11:14:51,24.10283851623535,81.02410125732422,152.37630462646484,90.98484802246094,97.39999389648438,60.82175827026367,100.0,0.0007386207580566,39.291536587224535,193695.0,8.89410400390625,14.089111328125,17.026611328125,9.274887084960938,35.55000019073486
1972-03-18 11:14:52,24.115753173828125,81.08433532714844,151.3753204345703,90.98484802246094,96.6999969482422,60.81814193725586,100.0,0.0015819072723388,41.88898794647094,193695.0,15.530670166015623,11.75,9.546875,7.098968505859375,35.55000019073486
1972-03-18 11:14:53,24.144428253173828,80.96385955810547,152.4251251220703,90.98484802246094,96.6999969482422,60.81814193725586,100.0,0.0,40.21863741379994,193695.0,9.601287841796877,10.689239501953123,14.850692749023438,10.553253173828123,35.55000019073486
1972-03-18 11:14:54,24.155498504638672,80.90361022949219,152.18099212646484,90.98484802246094,97.6999969482422,60.81814193725586,100.0,0.0,41.35115683775309,193695.0,12.185195922851562,12.892364501953123,10.63482666015625,9.546875,35.55000019073486
1972-03-18 11:14:55,24.116979598999023,80.90361022949219,151.52994537353516,90.98484802246094,97.1999969482422,60.81814193725586,100.0,0.0102555751800537,41.79283757833506,193695.0,10.498855590820312,12.293975830078123,11.695602416992188,16.863433837890625,35.55000019073486
1972-03-18 11:14:56,24.069477081298828,81.02410125732422,152.001953125,90.98484802246094,96.5999984741211,60.81814193725586,100.0,0.0055896937847137,44.23540791125493,193695.0,12.973968505859377,16.890625,11.178817749023438,10.607635498046877,35.55000019073486
1972-03-18 11:14:57,24.04038047790528,81.02410125732422,152.3193359375,90.98484802246094,96.5999984741211,60.81814193725586,100.0,0.0009238123893737,42.66393945517495,193695.0,10.852447509765623,12.1851806640625,14.03472900390625,13.354736328125,35.55000019073486
1972-03-18 11:14:58,24.03134536743164,81.02410125732422,152.91341400146484,90.98484802246094,97.79999542236328,60.81814193725586,100.0,0.0035964548587799,41.836008075339784,193695.0,10.498855590820312,16.129058837890625,14.089111328125,9.546875,35.55000019073486
1972-03-18 11:14:59,24.060657501220703,81.02410125732422,151.44857025146484,90.98484802246094,96.4000015258789,60.81814193725586,100.0,0.0034242570400238,42.07706770046471,193695.0,10.22686767578125,13.681121826171877,15.095489501953123,14.6875,35.55000019073486
1972-03-18 11:15:00,24.096715927124023,80.96385955810547,151.9694061279297,90.98484802246094,96.4000015258789,60.82175827026367,100.0,0.0,39.91436365146044,193695.0,6.582183837890625,10.553253173828123,13.57232666015625,9.737274169921877,35.55000019073486
1972-03-18 11:15:01,24.10016250610352,80.96385955810547,152.07518768310547,90.98484802246094,97.1999969482422,60.81814193725586,100.0,0.0,43.78481730651582,193695.0,12.484375,14.714691162109377,14.279510498046877,9.954864501953123,35.55000019073486
1972-03-18 11:15:02,24.07284927368164,81.02410125732422,150.43130493164062,90.98484802246094,96.5,60.81814193725586,100.0,0.0030775070190429,43.61301299584997,193695.0,6.935760498046875,14.9866943359375,14.116317749023438,10.825225830078123,35.55000019073486
1972-03-18 11:15:03,24.06188201904297,81.08433532714844,151.28580474853516,90.98484802246094,96.8000030517578,60.81814193725586,100.0,0.0,44.53840232491259,193695.0,11.586822509765623,15.530670166015623,7.506942749023437,11.042816162109377,35.55000019073486
1972-03-18 11:15:04,24.06275749206543,81.02410125732422,152.2216796875,90.98484802246094,97.5999984741211,60.81814193725586,100.0,0.0,40.46348079771303,193695.0,12.94677734375,11.342010498046877,12.321182250976562,11.83160400390625,35.55000019073486
1972-03-18 11:15:05,24.09908676147461,80.90361022949219,151.65201568603516,90.98484802246094,97.29999542236328,60.82175827026367,100.0,0.0,41.00983247779042,193695.0,8.2413330078125,15.394683837890623,12.26678466796875,8.350128173828125,35.55000019073486
1972-03-18 11:15:06,24.122608184814453,80.96385955810547,151.54622650146484,90.98484802246094,97.1999969482422,60.81814193725586,100.0,0.0,42.388447587662526,193695.0,5.766204833984375,14.361114501953123,13.490737915039062,9.274887084960938,35.55000019073486
1972-03-18 11:15:07,24.1318473815918,81.02410125732422,151.70084381103516,90.98484802246094,97.5,60.82175827026367,100.0,0.0,39.204390075338054,193695.0,15.421875,14.225128173828123,17.081024169921875,10.28125,35.55000019073486
1972-03-18 11:15:08,24.13603782653809,81.02410125732422,151.7985076904297,90.98484802246094,96.9000015258789,60.82175827026367,100.0,0.0,40.77044681088979,193695.0,13.653945922851562,12.538787841796877,12.321182250976562,10.79803466796875,35.55000019073486
1972-03-18 11:15:09,24.136621475219727,80.96385955810547,152.04264068603516,90.98484802246094,96.20000457763672,60.81814193725586,100.0,0.0,43.27221169064923,193695.0,3.127899169921875,15.748260498046877,14.578704833984377,8.866897583007812,35.55000019073486
1972-03-18 11:15:10,24.14727210998535,80.96385955810547,151.72525787353516,90.98484802246094,96.5999984741211,60.82175827026367,100.0,0.0,40.29904744226459,193695.0,15.530670166015623,7.969329833984375,13.13714599609375,12.86517333984375,35.55000019073486
1972-03-18 11:15:11,24.160621643066406,81.02410125732422,152.00194549560547,90.98484802246094,97.0,60.81814193725586,100.0,0.0,42.14363449824917,193695.0,8.8125,17.54339599609375,13.082763671875,12.6475830078125,35.55000019073486
1972-03-18 11:15:12,24.186967849731445,81.02410125732422,151.3102264404297,90.98484802246094,96.5,60.81814193725586,100.0,0.0,43.23165827572521,193695.0,8.02374267578125,16.129058837890625,13.5179443359375,11.940399169921877,35.55000019073486
1972-03-18 11:15:13,24.221343994140625,81.08433532714844,152.01822662353516,90.98484802246094,96.5,60.81814193725586,100.0,0.0,40.06887658516918,193695.0,8.132537841796875,13.626739501953123,12.593170166015623,14.306716918945312,35.55000019073486
1972-03-18 11:15:14,24.220224380493164,80.96385955810547,151.84732818603516,90.98484802246094,97.0,60.81814193725586,100.0,0.0,43.40333261591859,193695.0,14.143524169921877,15.04107666015625,10.743621826171877,9.954864501953123,35.55000019073486
1972-03-18 11:15:15,24.15793800354004,80.96385955810547,152.04264068603516,90.98484802246094,96.5,60.82175827026367,100.0,0.0,44.06142392096713,193695.0,8.676513671875,13.30035400390625,16.020263671875,11.3148193359375,35.55000019073486
1972-03-18 11:15:16,24.078746795654297,80.90361022949219,151.07421875,90.98484802246094,97.0,60.81814193725586,100.0,0.0,42.35268291894661,193695.0,8.5133056640625,12.511566162109377,10.36285400390625,14.76910400390625,35.55000019073486
1972-03-18 11:15:17,23.998565673828125,80.96385955810547,151.79850006103516,90.98484802246094,97.0,60.82175827026367,100.0,0.0,42.39450706396994,193695.0,11.967605590820312,9.438079833984377,11.804397583007812,14.1163330078125,35.55000019073486
1972-03-18 11:15:18,24.033388137817383,81.14457702636719,152.6692657470703,90.98484802246094,96.5999984741211,60.82175827026367,100.0,0.0,42.32673061534392,193695.0,9.03009033203125,19.284149169921875,10.825225830078123,5.086227416992188,35.55000019073486
1972-03-18 11:15:19,24.09929275512696,81.08433532714844,151.86360931396484,90.98484802246094,96.5999984741211,60.81814193725586,100.0,0.0,42.713327534612255,193695.0,9.2476806640625,16.5914306640625,9.492477416992188,13.055557250976562,35.55000019073486
1972-03-18 11:15:20,24.12143516540528,80.90361022949219,151.05794525146484,90.98484802246094,97.39999389648438,60.81814193725586,100.0,0.0,38.827802127357906,193695.0,13.46356201171875,18.14178466796875,11.66839599609375,12.892364501953123,35.55000019073486
1972-03-18 11:15:21,24.072412490844727,80.90361022949219,151.5462188720703,90.98484802246094,97.5,60.81814193725586,100.0,0.0,40.675168294564635,193695.0,11.342025756835938,10.879638671875,15.313079833984377,9.302093505859377,35.55000019073486
1972-03-18 11:15:22,23.98322296142578,80.96385955810547,151.0009765625,90.98484802246094,96.5999984741211,60.82175827026367,100.0,0.0,41.282751487261606,193695.0,8.078125,12.375579833984377,18.903350830078125,8.268524169921875,35.55000019073486
1972-03-18 11:15:23,23.94135093688965,81.08433532714844,151.3427734375,90.98484802246094,95.3000030517578,60.82175827026367,100.0,0.0,45.55609786138054,193695.0,13.89874267578125,8.8125,9.32928466796875,10.19964599609375,35.55000019073486
1972-03-18 11:15:24,23.91093635559082,81.08433532714844,150.7731170654297,90.98484802246094,97.29999542236328,60.81814193725586,100.0,0.0,39.21158599918939,193695.0,10.145263671875,13.490753173828123,13.43634033203125,10.634841918945312,35.55000019073486
1972-03-18 11:15:25,23.95253562927246,80.96385955810547,151.416015625,90.98484802246094,96.8000030517578,60.81814193725586,100.0,0.0,42.86253525334832,193695.0,8.89410400390625,13.6539306640625,9.873260498046877,9.62847900390625,35.55000019073486
1972-03-18 11:15:26,24.014142990112305,80.90361022949219,151.6845703125,90.98484802246094,97.6999969482422,60.81814193725586,100.0,0.0,41.08442767213274,193695.0,11.777206420898438,15.7210693359375,9.601272583007812,11.940399169921877,35.55000019073486
1972-03-18 11:15:27,24.05899810791016,80.96385955810547,151.6031951904297,90.98484802246094,97.5,60.81814193725586,100.0,0.0,41.75451567341406,193695.0,11.940399169921877,17.352996826171875,8.350112915039062,9.302093505859377,35.55000019073486
1972-03-18 11:15:28,24.081270217895508,81.02410125732422,151.953125,90.98484802246094,96.8000030517578,60.82175827026367,100.0,0.0,41.606640708133945,193695.0,9.655670166015623,12.674774169921877,16.917816162109375,10.79803466796875,35.55000019073486
1972-03-18 11:15:29,24.10650634765625,81.02410125732422,151.13932037353516,90.98484802246094,97.1999969482422,60.81814193725586,100.0,0.0016143918037414,39.060847305176964,193695.0,11.53240966796875,10.172454833984377,11.423614501953123,10.607635498046877,35.55000019073486
1972-03-18 11:15:30,24.14299201965332,81.08433532714844,151.59505462646484,90.98484802246094,97.5,60.82175827026367,100.0,0.0008786916732788,37.33859150674588,193695.0,11.668411254882812,17.625,9.954864501953123,9.166091918945312,35.55000019073486
1972-03-18 11:15:31,24.189573287963867,80.96385955810547,152.01822662353516,90.98484802246094,97.1999969482422,60.81814193725586,100.0,0.0016469359397888,42.21696792767055,193695.0,8.29571533203125,14.63311767578125,12.076385498046877,9.92767333984375,35.55000019073486
1972-03-18 11:15:32,24.265016555786133,80.96385955810547,151.5706329345703,90.98484802246094,96.3000030517578,60.81814193725586,100.0,0.0061078667640686,41.525370706493554,193695.0,10.090866088867188,11.5867919921875,11.66839599609375,9.601272583007812,35.55000019073486
1972-03-18 11:15:33,24.382953643798828,80.96385955810547,151.57064056396484,90.98484802246094,96.5999984741211,60.81814193725586,100.0,0.009231299161911,41.47293089866854,193695.0,8.431732177734375,18.57696533203125,11.4508056640625,13.409149169921877,35.55000019073486
1972-03-18 11:15:34,24.462581634521484,81.02410125732422,151.70084381103516,90.98484802246094,96.9000015258789,60.81814193725586,100.0,0.0087592601776123,41.825459762075965,193696.0,10.036468505859377,10.145263671875,14.633102416992188,10.335647583007812,35.55000019073486
1972-03-18 11:15:35,24.44232177734375,80.96385955810547,150.9358673095703,90.98484802246094,97.0999984741211,60.82175827026367,100.0,0.0156387388706207,43.414665181302645,193696.0,12.348388671875,12.946746826171877,10.444442749023438,9.32928466796875,35.55000019073486
1972-03-18 11:15:36,24.415191650390625,81.02410125732422,151.5380859375,90.98484802246094,98.0999984741211,60.81814193725586,100.0,0.0248462259769439,41.44022401463932,193696.0,9.220489501953123,15.63946533203125,14.578704833984377,10.988433837890623,35.55000019073486
1972-03-18 11:15:37,24.375173568725582,81.02410125732422,150.61035919189453,90.98484802246094,96.9000015258789,60.81814193725586,100.0,0.0312796533107757,42.9457207265542,193696.0,10.607650756835938,10.825225830078123,15.34027099609375,7.7789306640625,35.55000019073486
1972-03-18 11:15:38,24.359514236450195,80.96385955810547,151.65201568603516,90.98484802246094,97.0999984741211,60.82175827026367,100.0,0.0297890901565551,42.03283743106962,193696.0,8.89410400390625,9.737274169921877,15.8570556640625,10.19964599609375,35.55000019073486
1972-03-18 11:15:39,24.36140251159668,80.90361022949219,151.6682891845703,90.98484802246094,97.0,60.82175827026367,100.0,0.0341721177101135,40.226251999332,193696.0,11.722808837890623,12.348388671875,10.607635498046877,9.166091918945312,35.55000019073486
1972-03-18 11:15:40,24.36929512023925,81.02410125732422,151.48111724853516,90.98484802246094,97.0,60.81814193725586,100.0,0.0386224687099456,40.42283244533787,193696.0,11.53240966796875,13.953125,14.279510498046877,11.1788330078125,35.55000019073486
1972-03-18 11:15:41,24.302318572998047,81.08433532714844,151.92057037353516,90.98484802246094,96.6999969482422,60.81814193725586,100.0,0.0424678325653076,42.473323682913055,193696.0,7.914947509765625,17.597808837890625,12.538772583007812,10.28125,35.55000019073486
1972-03-18 11:15:42,24.17091178894043,81.02410125732422,151.4811248779297,90.98484802246094,97.89999389648438,60.81814193725586,100.0,0.0405085384845733,38.39787180433503,193696.0,13.3819580078125,11.96759033203125,13.762725830078123,11.994796752929688,35.55000019073486
1972-03-18 11:15:43,24.05084228515625,80.90361022949219,151.0172576904297,90.98484802246094,97.89999389648438,60.82175827026367,100.0,0.0378320813179016,40.11413848594972,193696.0,10.988433837890623,14.089111328125,13.109954833984377,9.900466918945312,35.55000019073486
1972-03-18 11:15:44,23.93792152404785,80.96385955810547,151.16373443603516,90.98484802246094,97.1999969482422,60.81814193725586,100.0,0.0351556241512298,42.45044442930544,193696.0,10.199661254882812,10.28125,12.40277099609375,12.348388671875,35.55000019073486
1972-03-18 11:15:45,23.862266540527344,81.02410125732422,151.33463287353516,90.98484802246094,96.5,60.82175827026367,100.0,0.0383345484733581,42.749533359444314,193696.0,6.799774169921875,11.23321533203125,12.130783081054688,9.900466918945312,35.55000019073486
1972-03-18 11:15:46,23.8343448638916,81.02410125732422,150.8626251220703,90.98484802246094,96.5,60.81814193725586,100.0,0.0379319339990615,44.07544057283331,193696.0,9.03009033203125,16.890625,9.302093505859377,9.873260498046877,35.55000019073486
1972-03-18 11:15:47,23.828807830810547,81.02410125732422,151.0986328125,90.98484802246094,98.0,60.81814193725586,100.0,0.0419441759586334,39.65874753204914,193696.0,8.59490966796875,14.089111328125,8.59490966796875,14.796295166015623,35.55000019073486
1972-03-18 11:15:48,23.799808502197266,80.90361022949219,151.2125701904297,90.98484802246094,97.1999969482422,60.81814193725586,100.0,0.0394485294818878,42.61493294493633,193696.0,10.988433837890623,14.007537841796877,14.442718505859377,12.429977416992188,35.55000019073486
1972-03-18 11:15:49,23.7473373413086,80.96385955810547,151.7578125,90.98484802246094,96.20000457763672,60.82175827026367,100.0,0.0369528979063034,44.64805447902098,193696.0,5.711822509765625,13.409149169921877,12.212371826171877,12.7835693359375,35.55000019073486
1972-03-18 11:15:50,23.740253448486328,81.02410125732422,151.29393768310547,90.98484802246094,97.0999984741211,60.81814193725586,100.0,0.0344572663307189,40.104337926507604,193696.0,9.438079833984377,9.49249267578125,9.954864501953123,8.948486328125,35.55000019073486
1972-03-18 11:15:51,23.759143829345703,80.96385955810547,150.97655487060547,90.98484802246094,98.0,60.81814193725586,100.0,0.0451477915048599,40.445182703449426,193696.0,9.574081420898438,16.863433837890625,10.5804443359375,12.56597900390625,35.55000019073486
1972-03-18 11:15:52,23.83560371398925,80.96385955810547,150.8463592529297,90.98484802246094,96.9000015258789,60.81814193725586,100.0,0.0442749261856079,43.270985484912416,193696.0,8.050933837890625,10.63482666015625,12.7835693359375,11.777191162109377,35.55000019073486
1972-03-18 11:15:53,23.96355056762696,80.96385955810547,150.23600006103516,90.98484802246094,96.5,60.81814193725586,100.0,0.0456139147281646,41.32046525406878,193696.0,8.078125,8.89410400390625,10.49884033203125,9.76446533203125,35.55000019073486
1972-03-18 11:15:54,24.04987144470215,81.02410125732422,151.16373443603516,90.98484802246094,96.6999969482422,60.82175827026367,100.0,0.0470057278871536,43.19597235606559,193696.0,8.8125,15.911468505859377,7.207763671875,6.25579833984375,35.55000019073486
1972-03-18 11:15:55,24.10307884216309,81.02410125732422,151.7333984375,90.98484802246094,96.3000030517578,60.81814193725586,100.0,0.0477166324853897,42.6588788200955,193696.0,14.143524169921877,13.30035400390625,13.762725830078123,9.138885498046877,35.55000019073486
1972-03-18 11:15:56,24.14708137512207,81.08433532714844,151.15560150146484,90.98484802246094,96.6999969482422,60.82175827026367,100.0,0.0499314665794372,43.14879749447572,193696.0,10.36285400390625,10.036468505859377,13.191558837890623,9.737274169921877,35.55000019073486
1972-03-18 11:15:57,24.192583084106445,80.96385955810547,150.6917266845703,90.98484802246094,97.0999984741211,60.81814193725586,100.0,0.0522006601095199,41.13821952444997,193696.0,13.354766845703123,11.804412841796877,11.940399169921877,8.73089599609375,35.55000019073486
1972-03-18 11:15:58,24.23689842224121,80.84336853027344,151.53809356689453,90.98484802246094,97.6999969482422,60.82175827026367,100.0,0.0530487895011901,40.43742123999035,193696.0,9.982070922851562,11.151611328125,13.490737915039062,13.708343505859377,35.55000019073486
1972-03-18 11:15:59,24.285629272460938,80.90361022949219,151.37532806396484,90.98484802246094,96.8000030517578,60.82175827026367,100.0,0.0561191737651824,41.80361187572373,193696.0,10.52606201171875,17.298614501953125,11.124420166015623,8.8125,35.55000019073486
1972-03-18 11:16:00,24.32581901550293,81.02410125732422,150.33365631103516,90.98484802246094,97.29999542236328,60.82175827026367,100.0,0.0607281178236007,40.38272827528563,193696.0,8.050933837890625,15.8570556640625,9.410888671875,15.666671752929688,35.55000019073486
1972-03-18 11:16:01,24.310043334960938,81.08433532714844,152.05892181396484,90.98484802246094,97.39999389648438,60.81814193725586,100.0,0.0617568641901016,43.071164141219185,193696.0,6.25579833984375,15.095489501953123,16.210647583007812,8.622100830078125,35.55000019073486
1972-03-18 11:16:02,24.23010635375977,81.02410125732422,151.2288360595703,90.98484802246094,97.0,60.81814193725586,100.0,0.0598940849304199,43.88109343259374,193696.0,14.741912841796877,17.489013671875,7.969329833984375,12.1851806640625,35.55000019073486
1972-03-18 11:16:03,24.163110733032227,80.90361022949219,150.91959381103516,90.98484802246094,96.4000015258789,60.81814193725586,100.0,0.0624344050884246,44.61710911431875,193696.0,10.96124267578125,12.348388671875,17.081024169921875,8.350128173828125,35.55000019073486
1972-03-18 11:16:04,24.09963607788086,80.90361022949219,151.95311737060547,90.98484802246094,97.89999389648438,60.81814193725586,100.0,0.0657552182674408,42.15569447137549,193696.0,10.825241088867188,11.260406494140623,13.57232666015625,12.56597900390625,35.55000019073486
1972-03-18 11:16:05,24.089954376220703,81.02410125732422,151.35904693603516,90.98484802246094,97.39999389648438,60.82175827026367,100.0,0.0640178322792053,41.32054214409195,193696.0,9.220489501953123,11.505218505859377,16.346649169921875,13.59954833984375,35.55000019073486
1972-03-18 11:16:06,24.10709953308105,81.08433532714844,151.20442962646484,90.98484802246094,97.29999542236328,60.81814193725586,100.0,0.0637328028678894,40.19099445900381,193696.0,9.438079833984377,16.999420166015625,8.8125,9.002899169921875,35.55000019073486
1972-03-18 11:16:07,24.11246681213379,81.02410125732422,150.9521484375,90.98484802246094,96.5999984741211,60.81814193725586,100.0,0.0656750798225402,41.974913693591546,193696.0,8.5133056640625,11.423614501953123,15.50347900390625,15.231475830078123,35.55000019073486
1972-03-18 11:16:08,24.02582550048828,80.96385955810547,152.31119537353516,90.98484802246094,97.79999542236328,60.81814193725586,100.0,0.0639933943748474,42.40070966014875,193696.0,12.21240234375,16.53704833984375,20.943283081054688,11.3148193359375,35.55000019073486
1972-03-18 11:16:09,23.936851501464844,80.96385955810547,151.60318756103516,90.98484802246094,96.5,60.81814193725586,100.0,0.0623117089271545,43.30101203174169,193696.0,10.716445922851562,15.06829833984375,13.13714599609375,14.551513671875,35.55000019073486
1972-03-18 11:16:10,23.901784896850582,81.02410125732422,150.78125,90.98484802246094,97.0999984741211,60.81814193725586,100.0,0.0591545850038528,39.322599459805794,193696.0,8.59490966796875,12.076385498046877,14.143524169921877,10.93402099609375,35.55000019073486
1972-03-18 11:16:11,23.88938331604004,81.02410125732422,151.72525787353516,90.98484802246094,96.8000030517578,60.82175827026367,100.0,0.0552608519792556,41.088364657426474,193696.0,14.9866943359375,12.674774169921877,14.061920166015623,10.93402099609375,35.55000019073486
1972-03-18 11:16:12,23.92225646972656,81.02410125732422,151.1555938720703,90.98484802246094,97.5,60.82175827026367,100.0,0.0564692765474319,41.252045023852375,193696.0,10.498855590820312,13.3819580078125,15.258682250976562,9.2476806640625,35.55000019073486
1972-03-18 11:16:13,24.00718688964844,80.96385955810547,151.25325775146484,90.98484802246094,96.3000030517578,60.81814193725586,100.0,0.0518431216478347,43.22235339263411,193696.0,7.0445556640625,11.423614501953123,13.980316162109377,12.40277099609375,35.55000019073486
1972-03-18 11:16:14,24.06338691711425,80.96385955810547,151.4892578125,90.98484802246094,97.5999984741211,60.81814193725586,100.0,0.0530438125133514,40.75565095359955,193696.0,13.327545166015623,13.43634033203125,12.620361328125,15.965850830078123,35.55000019073486
1972-03-18 11:16:15,24.10760307312012,80.96385955810547,150.9521484375,90.98484802246094,96.4000015258789,60.82175827026367,100.0,0.0491591393947601,45.14139083512911,193696.0,8.785308837890625,14.8507080078125,12.7835693359375,6.25579833984375,35.55000019073486
1972-03-18 11:16:16,24.1250057220459,81.08433532714844,151.77408599853516,90.98484802246094,96.3000030517578,60.82175827026367,100.0,0.048182800412178,42.97709814427079,193696.0,6.85418701171875,12.756378173828123,12.729156494140623,15.313079833984377,35.55000019073486
1972-03-18 11:16:17,24.11961936950684,81.02410125732422,152.04264068603516,90.98484802246094,97.5,60.82175827026367,100.0,0.0464585721492767,39.04481406892675,193696.0,9.27490234375,14.76910400390625,13.87152099609375,8.89410400390625,35.55000019073486
1972-03-18 11:16:18,24.14077377319336,80.96385955810547,150.87890625,90.98484802246094,97.0999984741211,60.82175827026367,100.0,0.0432896316051483,41.46038775613078,193696.0,11.3148193359375,13.762725830078123,11.804397583007812,7.887725830078125,35.55000019073486
1972-03-18 11:16:19,24.182519912719727,81.02410125732422,151.171875,90.98484802246094,96.5999984741211,60.82175827026367,100.0,0.0444980561733245,43.09888469591095,193696.0,6.663787841796875,16.97222900390625,11.66839599609375,8.023727416992188,35.55000019073486
1972-03-18 11:16:20,24.240476608276367,80.96385955810547,150.9521484375,90.98484802246094,96.4000015258789,60.82175827026367,100.0,0.0435411632061004,43.40899879463287,193696.0,7.58856201171875,11.124420166015623,11.83160400390625,14.578704833984377,35.55000019073486
1972-03-18 11:16:21,24.239072799682617,81.02410125732422,151.7578125,90.98484802246094,96.4000015258789,60.82175827026367,100.0,0.0433117300271987,41.89701851276985,193696.0,11.99481201171875,11.777191162109377,10.93402099609375,13.59954833984375,35.55000019073486
1972-03-18 11:16:22,24.18265914916992,81.02410125732422,151.18001556396484,90.98484802246094,96.5,60.82175827026367,100.0,0.0489710420370101,45.488045125840415,193696.0,10.74365234375,19.90972900390625,12.511566162109377,12.56597900390625,35.55000019073486
1972-03-18 11:16:23,24.12412071228028,81.02410125732422,153.02734375,90.98484802246094,96.5999984741211,60.82175827026367,100.0,0.0525346547365188,41.658983283268704,193696.0,9.220489501953123,15.9930419921875,9.546875,17.7882080078125,35.55000019073486
1972-03-18 11:16:24,24.07392692565918,80.96385955810547,152.71810150146484,90.98484802246094,96.5,60.81814193725586,100.0,0.0502831488847732,45.419403183619664,193696.0,11.722808837890623,21.13368225097656,11.83160400390625,13.273147583007812,35.55000019073486
1972-03-18 11:16:25,24.07289695739746,80.96385955810547,151.9287109375,90.98484802246094,96.6999969482422,60.82175827026367,100.0,0.0502394884824752,45.93379373053017,193696.0,13.354766845703123,13.844329833984377,16.37384033203125,14.061920166015623,35.55000019073486
1972-03-18 11:16:26,24.11051177978516,80.96385955810547,151.5787811279297,90.98484802246094,96.5999984741211,60.82175827026367,100.0,0.0487386137247085,45.481388438057806,193696.0,6.85418701171875,14.497100830078123,11.75,10.335647583007812,35.55000019073486
1972-03-18 11:16:27,24.127573013305664,81.02410125732422,152.11588287353516,90.98484802246094,97.0,60.82175827026367,100.0,0.0472377389669418,41.88442359984117,193696.0,15.50347900390625,13.463531494140623,12.076385498046877,14.415512084960938,35.55000019073486
1972-03-18 11:16:28,24.09602165222168,81.08433532714844,151.32649993896484,90.98484802246094,96.5999984741211,60.82175827026367,100.0,0.0464629977941513,41.7937920987109,193696.0,8.9757080078125,18.087371826171875,17.84259033203125,9.682861328125,35.55000019073486
1972-03-18 11:16:29,24.0382137298584,81.08433532714844,151.71712493896484,90.98484802246094,96.4000015258789,60.82175827026367,100.0,0.0515603125095367,43.58691280698078,193696.0,5.059051513671875,13.354736328125,15.965850830078123,10.036468505859377,35.55000019073486
1972-03-18 11:16:30,24.01106643676757,81.02410125732422,152.2216796875,90.98484802246094,96.9000015258789,60.82175827026367,100.0,0.0501497387886047,42.820467364656956,193696.0,12.674774169921877,14.497100830078123,13.599533081054688,12.26678466796875,35.55000019073486
1972-03-18 11:16:31,24.003143310546875,80.90361022949219,150.9765625,90.98484802246094,97.6999969482422,60.82175827026367,100.0,0.0516668707132339,42.71635011474378,193696.0,13.89874267578125,14.6875,15.449066162109377,12.0491943359375,35.55000019073486
1972-03-18 11:16:32,24.035690307617188,80.96385955810547,151.71712493896484,90.98484802246094,95.9000015258789,60.82175827026367,100.0,0.0546955615282058,43.59009862538352,193696.0,10.52606201171875,11.69561767578125,13.789932250976562,17.597808837890625,35.55000019073486
1972-03-18 11:16:33,24.09874153137207,80.96385955810547,152.87271881103516,90.98484802246094,97.1999969482422,60.82175827026367,100.0,0.0651016980409622,41.28698698447551,193696.0,9.737274169921877,18.032989501953125,14.2523193359375,11.804397583007812,35.55000019073486
1972-03-18 11:16:34,24.11184501647949,81.02410125732422,153.6458282470703,90.98484802246094,97.0999984741211,60.82175827026367,100.0,0.0734278559684753,41.49837247027679,193696.0,12.402786254882812,18.1961669921875,12.538772583007812,13.028350830078123,35.55000019073486
1972-03-18 11:16:35,24.06502151489257,81.08433532714844,154.2724609375,90.98484802246094,97.5,60.82175827026367,100.0,0.0731037110090255,42.06932906882318,193696.0,9.465301513671877,14.578704833984377,17.489013671875,10.118057250976562,35.55000019073486
1972-03-18 11:16:36,24.0239315032959,81.02410125732422,153.96321868896484,90.98484802246094,97.0999984741211,60.82175827026367,100.0,0.0830471217632293,43.31490722172173,193696.0,13.762741088867188,12.756378173828123,11.09722900390625,14.6875,35.55000019073486
1972-03-18 11:16:37,24.003604888916016,80.96385955810547,155.44432830810547,90.98484802246094,97.0999984741211,60.82175827026367,100.0,0.0982400178909301,41.17358771317976,193696.0,9.8460693359375,12.13079833984375,17.516204833984375,12.86517333984375,35.55000019073486
1972-03-18 11:16:38,24.03133010864257,80.96385955810547,155.7698516845703,90.98484802246094,97.1999969482422,60.82175827026367,100.0,0.1048564314842224,42.75603440434729,193696.0,9.383697509765623,12.810760498046877,18.957763671875,11.994796752929688,35.55000019073486
1972-03-18 11:16:39,24.08753204345703,80.96385955810547,155.029296875,90.98484802246094,96.5,60.82175827026367,100.0,0.106434091925621,45.74452434292274,193696.0,12.457183837890623,11.559600830078123,14.60589599609375,9.383682250976562,35.55000019073486
1972-03-18 11:16:40,24.16136741638184,81.02410125732422,155.8430938720703,90.98484802246094,97.5,60.82175827026367,100.0,0.1190235614776611,42.20950170574102,193696.0,12.402786254882812,15.77545166015625,8.649307250976562,12.729171752929688,35.55000019073486
1972-03-18 11:16:41,24.17947578430176,80.96385955810547,155.89192962646484,90.98484802246094,96.4000015258789,60.82175827026367,100.0,0.1288404017686844,44.979060833671404,193696.0,11.3148193359375,11.042816162109377,14.007522583007812,12.674774169921877,35.55000019073486
1972-03-18 11:16:42,24.151762008666992,81.02410125732422,156.05469512939453,91.06060791015624,96.10000610351562,60.82175827026367,100.0,0.1373160928487777,44.41479113213139,193696.0,11.342025756835938,17.3258056640625,13.245941162109377,8.3773193359375,35.55000019073486
1972-03-18 11:16:43,24.11376953125,81.02410125732422,156.1360626220703,90.98484802246094,96.5999984741211,60.82175827026367,100.0,0.1429725140333175,43.59459389554014,193696.0,16.047454833984375,14.007537841796877,13.409149169921877,11.641204833984377,35.55000019073486
1972-03-18 11:16:44,24.077747344970703,80.96385955810547,156.8033905029297,90.98484802246094,97.0,60.82175827026367,100.0,0.1516366451978683,41.628941542691926,193696.0,12.375579833984377,13.89874267578125,15.8570556640625,11.885986328125,35.55000019073486
1972-03-18 11:16:45,24.08224868774414,80.96385955810547,158.58560943603516,90.98484802246094,96.8000030517578,60.82175827026367,100.0,0.1633292734622955,43.83004774104046,193696.0,12.810775756835938,15.095489501953123,11.178817749023438,12.620361328125,35.55000019073486
1972-03-18 11:16:46,24.1192569732666,81.02410125732422,158.3251953125,90.98484802246094,97.0999984741211,60.82175827026367,100.0,0.1817788630723953,40.96779779140887,193696.0,10.74365234375,13.762725830078123,16.4554443359375,9.166091918945312,35.55000019073486
1972-03-18 11:16:47,24.136245727539062,81.02410125732422,156.95801544189453,90.98484802246094,96.5999984741211,60.82175827026367,100.0,0.1931161284446716,43.646557893479105,193696.0,11.015625,16.020263671875,10.906829833984377,10.66204833984375,35.55000019073486
1972-03-18 11:16:48,24.1030502319336,81.02410125732422,158.5123748779297,90.98484802246094,97.0999984741211,60.82175827026367,100.0,0.2053228616714477,41.45980830802392,193696.0,8.730926513671875,12.593170166015623,15.313079833984377,13.3819580078125,35.55000019073486
1972-03-18 11:16:49,24.038619995117188,80.96385955810547,156.982421875,90.98484802246094,96.5,60.82175827026367,100.0,0.223529651761055,43.01449422208398,193696.0,11.042831420898438,14.660308837890623,11.994781494140623,10.634841918945312,35.55000019073486
1972-03-18 11:16:50,23.99051094055176,80.96385955810547,157.7962188720703,90.98484802246094,96.6999969482422,60.82175827026367,100.0,0.2478164732456207,44.91935521699623,193696.0,7.942138671875,12.86517333984375,13.055557250976562,15.693878173828123,35.57500076293945
1972-03-18 11:16:51,23.968700408935547,80.90361022949219,157.96712493896484,90.98484802246094,96.9000015258789,60.82175827026367,100.0,0.2548187971115112,42.710425144562905,193696.0,14.225128173828123,19.88252258300781,8.567718505859375,9.356475830078123,35.55000019073486
1972-03-18 11:16:52,23.98140335083008,80.96385955810547,156.7301483154297,90.98484802246094,97.29999542236328,60.82175827026367,100.0,0.2670227885246277,42.45054744383314,193696.0,12.185195922851562,13.844329833984377,15.1226806640625,9.873260498046877,35.55000019073486
1972-03-18 11:16:53,24.03270721435547,81.02410125732422,156.92545318603516,90.98484802246094,97.1999969482422,60.81814193725586,100.0,0.2881532311439514,40.81509603922521,193696.0,10.28125,11.1788330078125,10.607635498046877,12.0491943359375,35.55000019073486
1972-03-18 11:16:54,24.0386905670166,81.08433532714844,157.56021881103516,90.98484802246094,97.5999984741211,60.82175827026367,100.0,0.3043754696846008,41.96827908030002,193696.0,10.199661254882812,11.75,13.164352416992188,11.39642333984375,35.57500076293945
1972-03-18 11:16:55,23.99416160583496,80.96385955810547,156.29068756103516,90.98484802246094,96.4000015258789,60.81814193725586,100.0,0.319326102733612,45.47075803997996,193696.0,8.54052734375,17.434600830078125,11.260406494140623,7.914932250976562,35.55000019073486
1972-03-18 11:16:56,23.96126174926757,80.96385955810547,157.275390625,90.98484802246094,97.6999969482422,60.81814193725586,100.0,0.3300440311431885,43.21590065497579,193696.0,12.022003173828123,14.877899169921877,9.356475830078123,12.892364501953123,35.55000019073486
1972-03-18 11:16:57,23.95264434814453,81.02410125732422,153.80045318603516,90.98484802246094,96.5,60.82175827026367,100.0,0.346748948097229,43.90331232057375,193696.0,8.45892333984375,13.844329833984377,14.442718505859377,8.73089599609375,35.57500076293945
1972-03-18 11:16:58,23.99260902404785,81.02410125732422,154.01204681396484,90.98484802246094,97.5999984741211,60.82175827026367,100.0,0.366554856300354,42.2526189405437,193696.0,9.737274169921877,18.359375,10.36285400390625,11.777191162109377,35.55000019073486
1972-03-18 11:16:59,24.069223403930664,80.96385955810547,155.89192962646484,90.98484802246094,96.9000015258789,60.81814193725586,100.0,0.3792469799518585,42.385288534420354,193696.0,9.35650634765625,12.593170166015623,16.129058837890625,12.348388671875,35.55000019073486
1972-03-18 11:17:00,24.147003173828125,80.96385955810547,154.41080474853516,90.98484802246094,97.0,60.82175827026367,100.0,0.3906134068965912,41.41079807051889,193696.0,12.973968505859377,12.729156494140623,11.151611328125,9.7100830078125,35.55000019073486
1972-03-18 11:17:01,24.16398811340332,81.02410125732422,154.63866424560547,90.98484802246094,96.5,60.82175827026367,100.0,0.4137760102748871,42.55200531001574,193696.0,7.615753173828125,15.20428466796875,7.6429443359375,12.293975830078123,35.55000019073486
1972-03-18 11:17:02,24.154600143432617,81.08433532714844,154.5328826904297,90.98484802246094,97.0999984741211,60.82175827026367,100.0,0.4269794225692749,42.6887700354873,193696.0,9.7100830078125,15.285888671875,9.9820556640625,7.588546752929687,35.55000019073486
1972-03-18 11:17:03,24.157564163208008,81.02410125732422,154.63053131103516,90.98484802246094,96.5999984741211,60.82175827026367,100.0,0.4417618811130523,42.75411031255643,193696.0,11.342025756835938,9.546875,8.921295166015625,10.090850830078123,35.57500076293945
1972-03-18 11:17:04,24.168670654296875,80.90361022949219,154.78515625,90.98484802246094,95.9000015258789,60.82175827026367,100.0,0.4522860050201416,46.12077850621055,193696.0,7.479766845703125,17.679412841796875,12.348388671875,7.887725830078125,35.55000019073486
1972-03-18 11:17:05,24.19532585144043,80.90361022949219,155.9488983154297,90.98484802246094,97.5999984741211,60.81814193725586,100.0,0.4643528163433075,41.20921941340222,193696.0,10.52606201171875,13.545135498046877,15.911468505859377,11.39642333984375,35.55000019073486
1972-03-18 11:17:06,24.22648048400879,80.96385955810547,155.79427337646484,90.98484802246094,97.89999389648438,60.81814193725586,100.0,0.4772849678993225,41.314552995582545,193696.0,14.03472900390625,13.409149169921877,10.36285400390625,15.231475830078123,35.55000019073486
1972-03-18 11:17:07,24.20574378967285,81.02410125732422,154.47591400146484,90.98484802246094,97.5999984741211,60.82175827026367,100.0,0.4844639897346496,41.236730505396004,193696.0,9.383697509765623,16.428253173828125,11.66839599609375,11.206024169921877,35.55000019073486
1972-03-18 11:17:08,24.132287979125977,81.02410125732422,154.3212890625,90.98484802246094,97.0999984741211,60.81814193725586,100.0,0.4902127981185913,41.24749102315166,193696.0,12.56597900390625,11.477996826171877,14.660308837890623,11.070022583007812,35.55000019073486
1972-03-18 11:17:09,24.08797073364257,81.08433532714844,153.8167266845703,90.98484802246094,96.4000015258789,60.82175827026367,100.0,0.4989317059516907,45.401361339275844,193696.0,12.973968505859377,14.63311767578125,12.946746826171877,13.109954833984377,35.55000019073486
1972-03-18 11:17:10,24.052553176879883,81.02410125732422,154.54916381835938,90.98484802246094,96.5,60.82175827026367,100.0,0.5047862529754639,41.35496565749162,193696.0,9.655670166015623,8.921295166015625,12.756362915039062,10.879638671875,35.57500076293945
1972-03-18 11:17:11,24.056264877319336,80.90361022949219,154.48404693603516,91.06060791015624,96.5,60.81814193725586,100.0,0.5136034488677979,42.13208497566405,193696.0,8.3773193359375,11.5867919921875,13.273147583007812,8.948486328125,35.55000019073486
1972-03-18 11:17:12,24.086713790893555,80.90361022949219,154.78515625,91.06060791015624,97.0,60.82175827026367,100.0,0.5195331573486328,44.01838494659843,193696.0,17.162628173828125,14.714691162109377,11.559600830078123,12.429977416992188,35.55000019073486
1972-03-18 11:17:13,24.124719619750977,81.02410125732422,154.1422576904297,90.98484802246094,96.4000015258789,60.82175827026367,100.0,0.5291590690612793,42.97037436095172,193696.0,11.015625,11.559600830078123,16.07464599609375,9.737274169921877,35.55000019073486
1972-03-18 11:17:14,24.108762741088867,81.02410125732422,153.7434844970703,90.98484802246094,97.0,60.81814193725586,100.0,0.5396066308021545,43.22055271644989,193696.0,8.703704833984375,18.57696533203125,11.994781494140623,9.682861328125,35.55000019073486
1972-03-18 11:17:15,24.067672729492188,80.96385955810547,155.30599212646484,90.98484802246094,97.5,60.81814193725586,100.0,0.5508387088775635,43.57970365796212,193696.0,9.05731201171875,11.83160400390625,15.013885498046877,14.33392333984375,35.55000019073486
1972-03-18 11:17:16,24.05744361877441,80.96385955810547,154.08528900146484,90.98484802246094,96.10000610351562,60.81814193725586,100.0,0.5548533201217651,42.51125348241093,193696.0,11.559616088867188,16.67303466796875,9.193283081054688,8.866897583007812,35.57500076293945
1972-03-18 11:17:17,24.043851852416992,81.02410125732422,154.53287506103516,90.98484802246094,96.3000030517578,60.82175827026367,100.0,0.5588679313659668,41.589554750659275,193696.0,6.935760498046875,14.279510498046877,10.226852416992188,11.858795166015623,35.57500076293945
1972-03-18 11:17:18,24.067262649536133,81.08433532714844,154.6468048095703,90.98484802246094,96.9000015258789,60.82175827026367,100.0,0.5628825426101685,41.46331732388918,193696.0,10.689239501953123,13.13714599609375,15.313079833984377,9.383682250976562,35.55000019073486
1972-03-18 11:17:19,24.10078239440918,80.96385955810547,154.0201873779297,90.98484802246094,97.5999984741211,60.82175827026367,100.0,0.5668972134590149,40.65128095670768,193696.0,13.89874267578125,13.980316162109377,15.20428466796875,13.055557250976562,35.57500076293945
1972-03-18 11:17:20,24.12950134277344,80.90361022949219,154.27245330810547,90.98484802246094,96.8000030517578,60.82175827026367,100.0,0.5709118247032166,40.199509786252385,193696.0,4.542266845703125,12.511566162109377,12.83795166015625,8.89410400390625,35.57500076293945
1972-03-18 11:17:21,24.11815071105957,80.96385955810547,155.1432342529297,90.98484802246094,95.8000030517578,60.82175827026367,100.0,0.574926495552063,46.32959036231094,193696.0,12.076400756835938,7.34375,12.157989501953123,12.13079833984375,35.57500076293945
1972-03-18 11:17:22,24.098756790161133,81.08433532714844,154.98860931396484,90.98484802246094,97.0999984741211,60.82175827026367,100.0,0.5789411067962646,41.365081799797366,193696.0,13.00115966796875,14.089111328125,13.599533081054688,8.89410400390625,35.55000019073486
1972-03-18 11:17:23,24.08702087402344,81.02410125732422,154.94791412353516,90.98484802246094,97.29999542236328,60.82175827026367,100.0,0.5829557180404663,43.16959265903822,193696.0,8.29571533203125,17.7882080078125,13.30035400390625,7.452545166015625,35.55000019073486
1972-03-18 11:17:24,24.119977951049805,81.02410125732422,154.1748046875,90.98484802246094,96.9000015258789,60.82175827026367,100.0,0.586970329284668,41.771223207045175,193696.0,10.852447509765623,7.833343505859375,8.703704833984375,14.497100830078123,35.55000019073486
1972-03-18 11:17:25,24.17564010620117,80.90361022949219,153.84114837646484,90.98484802246094,96.5,60.82175827026367,100.0,0.6097272634506226,43.549053262178035,193696.0,9.655670166015623,15.149871826171877,11.777191162109377,11.1788330078125,35.57500076293945
1972-03-18 11:17:26,24.194339752197266,80.90361022949219,153.82486724853516,90.98484802246094,97.0999984741211,60.82175827026367,100.0,0.6109950542449951,39.45785941317807,193696.0,10.825241088867188,11.722808837890623,8.948486328125,11.124420166015623,35.55000019073486
1972-03-18 11:17:27,24.178028106689453,81.02410125732422,154.345703125,90.98484802246094,96.5,60.82175827026367,100.0,0.6180820465087891,41.01755101074845,193696.0,7.34375,12.511566162109377,13.844329833984377,9.410888671875,35.55000019073486
1972-03-18 11:17:28,24.158620834350582,81.08433532714844,155.02114868164062,90.98484802246094,97.0,60.81814193725586,100.0,0.6157037019729614,44.146617164354396,193696.0,11.858795166015623,12.810760498046877,15.394683837890623,9.057296752929688,35.57500076293945
1972-03-18 11:17:29,24.148855209350582,81.08433532714844,153.6702423095703,90.98484802246094,97.79999542236328,60.82175827026367,100.0,0.6212779879570007,41.95300520379387,193696.0,13.028366088867188,12.946746826171877,11.070022583007812,11.53240966796875,35.55000019073486
1972-03-18 11:17:30,24.16764068603516,80.96385955810547,155.11881256103516,90.98484802246094,97.6999969482422,60.82175827026367,100.0,0.6268625259399414,40.74154678740196,193696.0,11.777206420898438,16.23785400390625,10.526031494140623,9.2476806640625,35.57500076293945
1972-03-18 11:17:31,24.188840866088867,80.90361022949219,154.2724609375,90.98484802246094,97.39999389648438,60.82175827026367,100.0,0.6273667216300964,45.470716852867454,193696.0,12.239593505859377,13.0555419921875,15.911468505859377,10.7164306640625,35.57500076293945
1972-03-18 11:17:32,24.199302673339844,81.02410125732422,153.4423828125,90.98484802246094,97.29999542236328,60.82175827026367,100.0,0.6336580514907837,42.184641791181235,193696.0,5.52142333984375,13.245941162109377,8.89410400390625,11.96759033203125,35.57500076293945
1972-03-18 11:17:33,24.16210556030273,81.02410125732422,153.7841796875,90.98484802246094,97.0,60.82175827026367,100.0,0.6407256722450256,44.6888527397828,193696.0,14.46990966796875,16.618621826171875,7.452545166015625,11.1788330078125,35.57500076293945
1972-03-18 11:17:34,24.097097396850582,81.08433532714844,154.3619842529297,90.98484802246094,96.8000030517578,60.82175827026367,100.0,0.6434264183044434,42.40982968016243,193696.0,13.490753173828123,13.109954833984377,15.7210693359375,14.03472900390625,35.57500076293945
1972-03-18 11:17:35,24.06553649902344,81.02410125732422,153.5319061279297,90.98484802246094,97.5,60.82175827026367,100.0,0.6483029127120972,41.996976366999135,193696.0,9.737274169921877,12.6475830078125,13.762725830078123,11.260421752929688,35.57500076293945
1972-03-18 11:17:36,24.04689216613769,80.96385955810547,154.03646087646484,90.98484802246094,96.8000030517578,60.82175827026367,100.0,0.6495422124862671,42.05688155230178,193696.0,13.653945922851562,12.40277099609375,9.492477416992188,7.234954833984375,35.57500076293945
1972-03-18 11:17:37,24.06521415710449,80.90361022949219,154.56542205810547,90.98484802246094,96.8000030517578,60.82175827026367,100.0,0.6558593511581421,42.49835180072637,193696.0,9.818878173828123,16.265045166015625,10.390045166015623,11.070022583007812,35.57500076293945
1972-03-18 11:17:38,24.09814643859864,80.96385955810547,153.3610076904297,91.06060791015624,96.6999969482422,60.82175827026367,100.0,0.6585496664047241,43.361566929064665,193696.0,10.689239501953123,11.858795166015623,10.335647583007812,9.9820556640625,35.57500076293945
1972-03-18 11:17:39,24.10724449157715,81.02410125732422,153.8248748779297,90.98484802246094,96.6999969482422,60.82175827026367,100.0,0.6604881286621094,42.88373828312198,193696.0,10.00927734375,10.906829833984377,10.79803466796875,8.622100830078125,35.57500076293945
1972-03-18 11:17:40,24.076231002807617,81.02410125732422,154.4840545654297,90.98484802246094,97.5,60.82175827026367,100.0,0.6645933389663696,39.038536216658656,193696.0,11.722808837890623,18.631378173828125,11.070022583007812,12.70196533203125,35.57500076293945
1972-03-18 11:17:41,24.052059173583984,80.96385955810547,154.19921112060547,90.98484802246094,98.0,60.82175827026367,100.0,0.6657555103302002,43.637857541740395,193696.0,8.703704833984375,10.308441162109377,14.197906494140623,11.3148193359375,35.57500076293945
1972-03-18 11:17:42,24.035877227783203,81.02410125732422,153.94693756103516,90.98484802246094,97.39999389648438,60.82175827026367,100.0,0.6654289960861206,42.19090835363611,193696.0,10.52606201171875,10.36285400390625,12.810760498046877,12.620361328125,35.57500076293945
1972-03-18 11:17:43,24.05275154113769,81.02410125732422,152.94596099853516,90.98484802246094,96.8000030517578,60.82175827026367,100.0,0.6694436073303223,40.535194169271826,193696.0,8.050933837890625,12.756378173828123,7.670135498046875,10.335647583007812,35.55000019073486
1972-03-18 11:17:44,24.09058380126953,80.96385955810547,155.63150787353516,90.98484802246094,97.5,60.82175827026367,100.0,0.6734582185745239,39.25415877433532,193696.0,11.26043701171875,12.212371826171877,17.70660400390625,9.9820556640625,35.55000019073486
1972-03-18 11:17:45,24.133623123168945,81.02410125732422,153.69466400146484,90.98484802246094,96.8000030517578,60.82175827026367,100.0,0.6774728894233704,45.73817575938106,193696.0,11.505218505859377,14.03472900390625,12.892364501953123,12.9195556640625,35.57500076293945
1972-03-18 11:17:46,24.13083839416504,80.96385955810547,153.31217193603516,90.98484802246094,96.0,60.82175827026367,100.0,0.6800274848937988,43.18163311585993,193696.0,12.293991088867188,13.082763671875,13.055557250976562,10.009262084960938,35.57500076293945
1972-03-18 11:17:47,24.08740425109864,80.96385955810547,155.0537109375,90.98484802246094,97.0,60.81814193725586,100.0,0.6847502589225769,42.258214499201294,193696.0,12.511581420898438,12.56597900390625,12.729156494140623,13.545135498046877,35.57500076293945
1972-03-18 11:17:48,24.058820724487305,80.96385955810547,154.34571075439453,90.98484802246094,97.6999969482422,60.82175827026367,100.0,0.6836497783660889,42.467291608974996,193696.0,7.56134033203125,15.1226806640625,12.810760498046877,11.940399169921877,35.57500076293945
1972-03-18 11:17:49,24.048370361328125,80.90361022949219,154.77701568603516,90.98484802246094,96.4000015258789,60.82175827026367,100.0,0.6861245632171631,43.07698366596152,193696.0,10.634857177734377,18.604156494140625,12.293975830078123,11.3148193359375,35.57500076293945
1972-03-18 11:17:50,24.07201194763184,81.02410125732422,154.6142578125,90.98484802246094,96.6999969482422,60.82175827026367,100.0,0.6900490522384644,39.202964708600575,193696.0,13.191558837890623,9.737274169921877,9.138885498046877,15.013885498046877,35.57500076293945
1972-03-18 11:17:51,24.119327545166016,81.02410125732422,153.7678985595703,90.98484802246094,96.8000030517578,60.82175827026367,100.0,0.6939734220504761,42.57116609468336,193696.0,8.785308837890625,11.423614501953123,10.770843505859377,10.471649169921877,35.57500076293945
1972-03-18 11:17:52,24.15030860900879,81.08433532714844,153.7353515625,90.98484802246094,96.6999969482422,60.82175827026367,100.0,0.7000839710235596,41.66306228452271,193696.0,11.940399169921877,14.741912841796877,12.973968505859377,11.614013671875,35.55000019073486
1972-03-18 11:17:53,24.134994506835938,81.02410125732422,154.5084686279297,90.98484802246094,97.1999969482422,60.82175827026367,100.0,0.70915687084198,40.69412182440408,193696.0,14.306732177734377,12.83795166015625,12.293975830078123,14.660308837890623,35.57500076293945
1972-03-18 11:17:54,24.09838485717773,80.90361022949219,154.20735931396484,90.98484802246094,96.6999969482422,60.82175827026367,100.0,0.7131714820861816,43.46965054556202,193696.0,13.89874267578125,17.489013671875,11.042816162109377,11.260421752929688,35.57500076293945
1972-03-18 11:17:55,24.085729598999023,80.90361022949219,154.19921875,90.98484802246094,96.20000457763672,60.81814193725586,100.0,0.7193876504898071,44.979436260731134,193696.0,8.8397216796875,16.83624267578125,16.645843505859375,11.9132080078125,35.57500076293945
1972-03-18 11:17:56,24.09335327148437,80.96385955810547,153.3610076904297,90.98484802246094,96.0,60.82175827026367,100.0,0.7212279438972473,43.99105665865729,193696.0,11.505218505859377,11.505218505859377,10.06365966796875,9.32928466796875,35.57500076293945
1972-03-18 11:17:57,24.12697982788086,81.02410125732422,154.14225006103516,90.98484802246094,97.5999984741211,60.81814193725586,100.0,0.725242555141449,41.119064363563865,193696.0,12.538787841796877,12.293975830078123,9.383682250976562,11.1788330078125,35.57500076293945
1972-03-18 11:17:58,24.17532730102539,81.08433532714844,153.662109375,90.98484802246094,96.5999984741211,60.82175827026367,100.0,0.7270710468292236,44.33302463764022,193696.0,7.969329833984375,15.095489501953123,8.29571533203125,10.172454833984377,35.57500076293945
1972-03-18 11:17:59,24.18428421020508,81.02410125732422,154.4677734375,90.98484802246094,97.0999984741211,60.81814193725586,100.0,0.7332448363304138,41.78033625852062,193696.0,10.36285400390625,10.906829833984377,12.973968505859377,14.959503173828123,35.55000019073486
1972-03-18 11:18:00,24.14715003967285,80.90361022949219,154.39453125,90.98484802246094,96.20000457763672,60.81814193725586,100.0,0.7372595071792603,42.064233813723334,193696.0,9.900482177734377,12.973968505859377,10.879638671875,12.239593505859377,35.57500076293945
1972-03-18 11:18:01,24.101865768432617,80.96385955810547,154.052734375,90.98484802246094,97.0999984741211,60.82175827026367,100.0,0.7412741184234619,43.51264873892468,193696.0,10.852447509765623,14.089111328125,8.350112915039062,12.321182250976562,35.57500076293945
1972-03-18 11:18:02,24.07912826538086,80.96385955810547,153.74349212646484,90.98484802246094,97.6999969482422,60.82175827026367,100.0,0.7452887296676636,44.17761084528546,193696.0,11.042831420898438,11.477996826171877,9.410888671875,12.973968505859377,35.57500076293945
1972-03-18 11:18:03,24.07553100585937,81.08433532714844,153.77603912353516,90.98484802246094,97.1999969482422,60.81814193725586,100.0,0.7463756799697876,43.54770136087017,193696.0,11.233230590820312,10.7164306640625,9.601272583007812,12.6475830078125,35.57500076293945
1972-03-18 11:18:04,24.08697891235352,81.02410125732422,154.2154998779297,90.98484802246094,97.1999969482422,60.82175827026367,100.0,0.753281831741333,38.73304238329228,193696.0,8.186920166015625,8.322906494140625,14.061920166015623,7.942138671875,35.57500076293945
1972-03-18 11:18:05,24.10513687133789,80.96385955810547,154.72005462646484,90.98484802246094,97.5999984741211,60.82175827026367,100.0,0.7572964429855347,42.10933575586203,193696.0,9.601287841796877,16.945037841796875,15.149871826171877,10.390045166015623,35.57500076293945
1972-03-18 11:18:06,24.06951332092285,80.96385955810547,153.2877655029297,90.98484802246094,96.9000015258789,60.82175827026367,100.0,0.7613111138343811,40.099798745688865,193696.0,13.953125,8.622100830078125,11.260406494140623,9.138885498046877,35.57500076293945
1972-03-18 11:18:07,24.00713348388672,80.96385955810547,152.66112518310547,90.98484802246094,96.20000457763672,60.82175827026367,100.0,0.7653257846832275,45.10500925901503,193696.0,5.4398193359375,15.77545166015625,8.866897583007812,10.090850830078123,35.57500076293945
1972-03-18 11:18:08,23.986234664916992,81.02410125732422,154.35385131835938,90.98484802246094,97.0,60.82175827026367,100.0,0.7693403959274292,40.426588669652055,193696.0,8.59490966796875,12.810760498046877,14.524307250976562,13.463546752929688,35.57500076293945
1972-03-18 11:18:09,23.98346900939941,81.02410125732422,153.26334381103516,90.98484802246094,95.70000457763672,60.82175827026367,100.0,0.7733550071716309,44.35046724475307,193696.0,10.79803466796875,16.210662841796875,8.105316162109375,12.538772583007812,35.55000019073486
1972-03-18 11:18:10,24.007104873657227,80.96385955810547,154.2805938720703,90.98484802246094,97.0,60.82175827026367,100.0,0.7847081422805786,44.049633353214205,193696.0,7.15338134765625,9.601287841796877,11.695602416992188,11.940399169921877,35.57500076293945
1972-03-18 11:18:11,24.04516220092773,80.96385955810547,153.3854217529297,90.98484802246094,96.5999984741211,60.82175827026367,100.0,0.7924594879150391,42.503509037733444,193696.0,9.32928466796875,14.660308837890623,15.666656494140623,9.8460693359375,35.57500076293945
1972-03-18 11:18:12,24.06389045715332,80.96385955810547,153.90625,90.98484802246094,96.10000610351562,60.82175827026367,100.0,0.8002712726593018,44.19881402069321,193696.0,7.34375,12.83795166015625,13.082763671875,12.321182250976562,35.57500076293945
1972-03-18 11:18:13,24.05691146850586,80.96385955810547,153.9469451904297,90.98484802246094,96.5,60.81814193725586,100.0,0.8022728562355042,42.35147711640998,193696.0,12.701980590820312,14.660308837890623,10.607635498046877,9.9820556640625,35.55000019073486
1972-03-18 11:18:14,24.052812576293945,80.96385955810547,153.94693756103516,90.98484802246094,97.5,60.82175827026367,100.0,0.8064411878585815,40.561391403946566,193696.0,9.138885498046877,14.3883056640625,14.796295166015623,11.23321533203125,35.57500076293945
1972-03-18 11:18:15,24.06868553161621,81.02410125732422,155.1513671875,90.98484802246094,98.0999984741211,60.82175827026367,100.0,0.8128033876419067,40.58939609980978,193696.0,9.601287841796877,13.43634033203125,17.733795166015625,12.7835693359375,35.57500076293945
1972-03-18 11:18:16,24.08537673950196,81.08433532714844,153.55631256103516,90.98484802246094,96.4000015258789,60.82175827026367,100.0,0.8169988393783569,43.647168987732805,193696.0,16.074661254882812,14.76910400390625,11.178817749023438,10.852432250976562,35.57500076293945
1972-03-18 11:18:17,24.105621337890625,81.02410125732422,154.0120391845703,90.98484802246094,96.5999984741211,60.81814193725586,100.0,0.8153543472290039,43.891615620723314,193696.0,8.676513671875,17.54339599609375,16.781829833984375,12.348388671875,35.57500076293945
1972-03-18 11:18:18,24.157676696777344,80.90361022949219,153.9306640625,90.98484802246094,97.39999389648438,60.81814193725586,100.0,0.8180100321769714,44.8861788406058,193696.0,14.6875,17.380218505859375,9.655670166015623,15.013885498046877,35.57500076293945
1972-03-18 11:18:19,24.19598960876465,80.90361022949219,154.6468048095703,90.98484802246094,97.0999984741211,60.81814193725586,100.0,0.817704439163208,42.50214813300712,193696.0,12.973968505859377,13.6539306640625,13.21875,12.484375,35.57500076293945
1972-03-18 11:18:20,24.182992935180664,80.96385955810547,154.47591400146484,90.98484802246094,97.1999969482422,60.82175827026367,100.0,0.8188275098800659,41.971335104208556,193696.0,6.500579833984375,13.6539306640625,11.722808837890623,12.348388671875,35.57500076293945
1972-03-18 11:18:21,24.193866729736328,81.02410125732422,153.7516326904297,90.98484802246094,96.9000015258789,60.82175827026367,100.0,0.8228421211242676,41.19474756463649,193696.0,11.99481201171875,10.607635498046877,12.26678466796875,9.492477416992188,35.57500076293945
1972-03-18 11:18:22,24.20612144470215,81.08433532714844,153.59700775146484,90.98484802246094,97.1999969482422,60.81814193725586,100.0,0.826856791973114,40.69731452553818,193696.0,11.967605590820312,11.69561767578125,13.191558837890623,10.471649169921877,35.57500076293945
1972-03-18 11:18:23,24.22699737548828,81.02410125732422,154.0690155029297,90.98484802246094,96.5,60.81814193725586,100.0,0.8279514312744141,43.85904599964541,193696.0,7.969329833984375,12.973968505859377,12.375579833984377,10.36285400390625,35.57500076293945
1972-03-18 11:18:24,24.243968963623047,80.96385955810547,152.94596099853516,90.98484802246094,97.1999969482422,60.81814193725586,100.0,0.8275423645973206,42.846132689136866,193696.0,11.83160400390625,14.33392333984375,10.090850830078123,11.722808837890623,35.57500076293945
1972-03-18 11:18:25,24.21966552734375,80.96385955810547,153.56446075439453,90.98484802246094,97.29999542236328,60.81814193725586,100.0,0.8263298273086548,42.89669209833298,193696.0,9.546875,18.44097900390625,13.028350830078123,11.559600830078123,35.57500076293945
1972-03-18 11:18:26,24.141576766967773,81.02410125732422,153.3528594970703,90.98484802246094,97.39999389648438,60.82175827026367,100.0,0.822875440120697,41.00945624441669,193696.0,8.186920166015625,16.700225830078125,7.56134033203125,10.335647583007812,35.57500076293945
1972-03-18 11:18:27,24.047945022583008,81.02410125732422,153.88182830810547,90.98484802246094,97.0,60.81814193725586,100.0,0.8244523406028748,42.39612219146674,193696.0,9.682891845703123,11.75,15.63946533203125,11.342010498046877,35.57500076293945
1972-03-18 11:18:28,24.071334838867188,80.96385955810547,153.0110626220703,90.98484802246094,97.5,60.82175827026367,100.0,0.8281959295272827,39.60027327375108,193696.0,12.457183837890623,12.810760498046877,12.484375,13.490753173828123,35.57500076293945
1972-03-18 11:18:29,24.10957145690918,81.02410125732422,153.3935546875,90.98484802246094,96.3000030517578,60.81814193725586,100.0,0.8319395184516907,40.5793473903708,193696.0,9.682891845703123,10.743621826171877,14.2523193359375,8.758102416992188,35.57500076293945
1972-03-18 11:18:30,24.09868812561035,80.96385955810547,152.99478912353516,90.98484802246094,96.6999969482422,60.81814193725586,100.0,0.8356831073760986,42.43841512703198,193696.0,12.756378173828123,8.078125,10.825225830078123,9.084503173828123,35.57500076293945
1972-03-18 11:18:31,24.082592010498047,80.96385955810547,154.18294525146484,90.98484802246094,97.1999969482422,60.82175827026367,100.0,0.8394266963005066,41.527419699998745,193696.0,12.701980590820312,14.877899169921877,13.164352416992188,11.559600830078123,35.57500076293945
1972-03-18 11:18:32,24.02771759033203,80.96385955810547,154.63866424560547,90.98484802246094,97.89999389648438,60.82175827026367,100.0,0.8431702852249146,43.04406552630835,193696.0,9.655670166015623,14.2523193359375,15.04107666015625,12.40277099609375,35.57500076293945
1972-03-18 11:18:33,23.96144294738769,81.02410125732422,152.23795318603516,90.98484802246094,97.1999969482422,60.82175827026367,100.0,0.8505600094795227,44.06987082471225,193696.0,11.042831420898438,9.3836669921875,8.214111328125,8.105316162109375,35.57500076293945
1972-03-18 11:18:34,23.92621421813965,81.02410125732422,152.97037506103516,90.98484802246094,97.0,60.81814193725586,100.0,0.8616794347763062,41.19173505071297,193696.0,14.143524169921877,13.59954833984375,6.52777099609375,12.293975830078123,35.57500076293945
1972-03-18 11:18:35,23.93726921081543,81.02410125732422,153.1901092529297,90.98484802246094,95.8000030517578,60.81814193725586,100.0,0.8714138865470886,44.79953821598574,193696.0,7.28936767578125,10.988433837890623,11.695602416992188,10.852432250976562,35.57500076293945
1972-03-18 11:18:36,23.957332611083984,81.02410125732422,152.13216400146484,90.98484802246094,96.8000030517578,60.82175827026367,100.0,0.878292977809906,41.37034564272784,193696.0,9.92767333984375,12.7835693359375,5.95660400390625,12.1851806640625,35.55000019073486
1972-03-18 11:18:37,23.98712158203125,81.08433532714844,152.62044525146484,90.98484802246094,97.0999984741211,60.82175827026367,100.0,0.8844743371009827,41.294292295899545,193696.0,9.62847900390625,17.951385498046875,6.9085693359375,10.308441162109377,35.55000019073486
1972-03-18 11:18:38,24.08592796325684,81.02410125732422,153.6865234375,90.98484802246094,97.0,60.82175827026367,100.0,0.8906905651092529,43.42723620587104,193696.0,12.13079833984375,15.748260498046877,14.225112915039062,13.273147583007812,35.57500076293945
1972-03-18 11:18:39,24.13040542602539,80.96385955810547,152.30306243896484,90.98484802246094,97.39999389648438,60.81814193725586,100.0,0.900603175163269,43.44703414246872,193696.0,10.254058837890623,12.40277099609375,9.138885498046877,8.214111328125,35.55000019073486
1972-03-18 11:18:40,24.15228080749512,80.90361022949219,153.515625,90.98484802246094,96.5999984741211,60.82175827026367,100.0,0.90909743309021,40.78501930583646,193696.0,8.45892333984375,15.829864501953123,12.348388671875,8.622100830078125,35.57500076293945
1972-03-18 11:18:41,24.18993186950684,80.96385955810547,153.466796875,90.98484802246094,97.0,60.82175827026367,100.0,0.9154595732688904,44.29858944902858,193696.0,11.26043701171875,15.449066162109377,12.892364501953123,9.138885498046877,35.57500076293945
1972-03-18 11:18:42,24.254539489746094,81.08433532714844,152.9215545654297,90.98484802246094,97.0,60.82175827026367,100.0,0.9225981831550598,44.6728728432121,193696.0,14.225128173828123,10.19964599609375,10.444442749023438,12.26678466796875,35.57500076293945
1972-03-18 11:18:43,24.35333251953125,81.02410125732422,153.1575469970703,90.98484802246094,96.6999969482422,60.82175827026367,100.0,0.9341530203819276,42.360168027343015,193696.0,10.498855590820312,10.28125,11.4508056640625,10.961227416992188,35.57500076293945
1972-03-18 11:18:44,24.45008659362793,80.96385955810547,152.84017181396484,90.98484802246094,98.0999984741211,60.82175827026367,100.0,0.942855179309845,41.00038614896909,193696.0,11.83160400390625,13.925933837890623,10.06365966796875,12.321182250976562,35.57500076293945
1972-03-18 11:18:45,24.473487854003903,80.90361022949219,152.44140625,90.98484802246094,97.1999969482422,60.82175827026367,100.0,0.9479652643203736,41.18003023266182,193696.0,8.214141845703125,11.641204833984377,12.348388671875,9.383682250976562,35.55000019073486
1972-03-18 11:18:46,24.431049346923828,80.96385955810547,151.6764373779297,90.98484802246094,96.5,60.82175827026367,100.0,0.9589552879333496,41.6351664224876,193696.0,13.925933837890623,12.157989501953123,9.220489501953123,10.825225830078123,35.57500076293945
1972-03-18 11:18:47,24.372861862182617,81.08433532714844,154.52474212646484,90.98484802246094,96.5,60.82175827026367,100.0,0.9648820757865906,42.64871890445744,193696.0,6.935760498046875,11.858795166015623,13.626739501953123,12.7835693359375,35.55000019073486
1972-03-18 11:18:48,24.335283279418945,81.08433532714844,152.8564453125,90.98484802246094,97.5999984741211,60.81814193725586,100.0,0.9752146005630492,39.68469429127441,193696.0,17.842605590820312,16.53704833984375,7.42535400390625,11.83160400390625,35.55000019073486
1972-03-18 11:18:49,24.31342887878418,81.02410125732422,153.45865631103516,90.98484802246094,97.0999984741211,60.81814193725586,100.0,0.9797716736793518,43.32535578881043,193696.0,7.398162841796875,12.810760498046877,13.082763671875,12.729171752929688,35.55000019073486
1972-03-18 11:18:50,24.295000076293945,80.90361022949219,153.1901092529297,90.98484802246094,97.89999389648438,60.82175827026367,100.0,0.9843287467956544,39.92128699202368,193696.0,13.545150756835938,13.980316162109377,10.825225830078123,8.132522583007812,35.57500076293945
1972-03-18 11:18:51,24.267484664916992,80.90361022949219,154.82584381103516,90.98484802246094,98.0,60.82175827026367,100.0,0.9888858199119568,42.130704650129516,193696.0,9.002899169921875,15.7210693359375,15.693862915039062,15.5850830078125,35.57500076293945
1972-03-18 11:18:52,24.171485900878903,81.02410125732422,153.7516326904297,90.98484802246094,97.0,60.81814193725586,100.0,0.9985798597335817,41.93993254855668,193696.0,8.8397216796875,19.828125,15.285888671875,9.492477416992188,35.57500076293945
1972-03-18 11:18:53,24.03693389892578,81.08433532714844,153.7272186279297,90.98484802246094,96.6999969482422,60.81814193725586,100.0,1.005401849746704,44.219076379536524,193696.0,11.83160400390625,8.73089599609375,10.009246826171877,14.1163330078125,35.57500076293945
1972-03-18 11:18:54,23.92619132995605,81.02410125732422,154.8502655029297,90.98484802246094,97.0,60.81814193725586,100.0,1.01004958152771,45.267286155411085,193696.0,11.39642333984375,15.93865966796875,19.12094116210937,8.89410400390625,35.55000019073486
1972-03-18 11:18:55,23.835533142089844,81.02410125732422,153.08431243896484,90.98484802246094,95.9000015258789,60.81814193725586,100.0,1.0146973133087158,44.077905466762225,193696.0,10.498855590820312,15.449066162109377,10.417236328125,8.486114501953125,35.57500076293945
1972-03-18 11:18:56,23.78694725036621,80.96385955810547,154.443359375,90.98484802246094,97.5,60.82175827026367,100.0,1.019344925880432,44.504761245720246,193696.0,10.36285400390625,15.149871826171877,17.24420166015625,11.695602416992188,35.57500076293945
1972-03-18 11:18:57,23.780487060546875,80.96385955810547,154.31314849853516,90.98484802246094,96.5,60.81814193725586,100.0,1.0225327014923096,43.23364269498832,193696.0,13.191558837890623,10.879638671875,11.342010498046877,15.666671752929688,35.57500076293945
1972-03-18 11:18:58,23.80252265930176,80.96385955810547,154.248046875,90.98484802246094,97.0999984741211,60.81814193725586,100.0,1.028622269630432,44.28557411159226,193696.0,12.0491943359375,19.01214599609375,14.551513671875,14.660308837890623,35.55000019073486
1972-03-18 11:18:59,23.79910659790039,80.90361022949219,153.6865234375,90.98484802246094,96.0,60.82175827026367,100.0,1.0332698822021484,45.615238155842,193696.0,4.95025634765625,16.700225830078125,14.551513671875,11.53240966796875,35.55000019073486
1972-03-18 11:19:00,23.785663604736328,81.02410125732422,152.2135467529297,90.98484802246094,97.39999389648438,60.81814193725586,100.0,1.0379176139831543,40.33953691492701,193696.0,15.93865966796875,13.00115966796875,7.506942749023437,13.6539306640625,35.55000019073486
1972-03-18 11:19:01,23.814128875732425,81.02410125732422,153.30403900146484,90.98484802246094,96.4000015258789,60.82175827026367,100.0,1.0425653457641602,44.69171865646621,193696.0,11.233230590820312,17.516204833984375,11.423614501953123,9.546875,35.55000019073486
1972-03-18 11:19:02,23.87486267089844,81.02410125732422,152.66927337646484,90.98484802246094,97.5999984741211,60.82175827026367,100.0,1.0530683994293213,43.08935374582258,193696.0,15.829864501953123,15.313079833984377,10.770843505859377,11.342010498046877,35.55000019073486
1972-03-18 11:19:03,23.98005485534668,81.02410125732422,153.3447265625,90.98484802246094,97.0999984741211,60.82175827026367,100.0,1.064385175704956,41.1886104185698,193696.0,7.72454833984375,14.60589599609375,13.028350830078123,10.825225830078123,35.55000019073486
1972-03-18 11:19:04,24.099809646606445,80.96385955810547,153.40169525146484,90.98484802246094,97.89999389648438,60.81814193725586,100.0,1.0757681131362915,40.69692291583516,193696.0,12.511581420898438,7.5069580078125,12.56597900390625,12.1851806640625,35.57500076293945
1972-03-18 11:19:05,24.19872283935547,81.02410125732422,152.57975006103516,90.98484802246094,96.8000030517578,60.81814193725586,100.0,1.0835784673690796,42.11979104759953,193696.0,10.172454833984377,11.505218505859377,13.925933837890623,4.9774322509765625,35.55000019073486
1972-03-18 11:19:06,24.24005508422852,80.96385955810547,152.978515625,90.98484802246094,96.4000015258789,60.81814193725586,100.0,1.0936342477798462,43.76744641692311,193696.0,7.969329833984375,9.057281494140623,13.925933837890623,11.695602416992188,35.55000019073486
1972-03-18 11:19:07,24.25000762939453,80.96385955810547,153.173828125,90.98484802246094,96.9000015258789,60.81814193725586,100.0,1.1096010208129885,41.85977350301101,193696.0,10.689239501953123,12.484375,10.689239501953123,12.348388671875,35.55000019073486
1972-03-18 11:19:08,24.259376525878903,81.02410125732422,153.59700775146484,90.98484802246094,97.1999969482422,60.82175827026367,100.0,1.12571120262146,39.97171076115073,193696.0,7.72454833984375,16.618621826171875,12.076385498046877,12.429977416992188,35.55000019073486
1972-03-18 11:19:09,24.268598556518555,81.02410125732422,153.47493743896484,90.98484802246094,96.3000030517578,60.82175827026367,100.0,1.1331663131713867,42.765858688506164,193696.0,8.350128173828125,17.815399169921875,9.682861328125,14.497100830078123,35.55000019073486
1972-03-18 11:19:10,24.279428482055664,81.02410125732422,153.7841796875,90.98484802246094,97.0999984741211,60.82175827026367,100.0,1.1538115739822388,41.67825162087207,193696.0,11.614013671875,15.013885498046877,12.511566162109377,14.6875,35.55000019073486
1972-03-18 11:19:11,24.290531158447266,81.02410125732422,152.5309295654297,90.98484802246094,97.5999984741211,60.81814193725586,100.0,1.1688220500946045,40.549134786215944,193696.0,9.410888671875,13.43634033203125,12.26678466796875,10.390045166015623,35.55000019073486
1972-03-18 11:19:12,24.242326736450195,81.02410125732422,152.69368743896484,90.98484802246094,97.5999984741211,60.81814193725586,100.0,1.1824517250061035,41.3856885949532,193697.0,9.574081420898438,11.83160400390625,9.546875,11.070022583007812,35.55000019073486
1972-03-18 11:19:13,24.127307891845703,80.96385955810547,154.4759063720703,90.98484802246094,96.8000030517578,60.82175827026367,100.0,1.1918084621429443,41.76448193302934,193697.0,14.714706420898438,11.804412841796877,14.823486328125,13.5179443359375,35.55000019073486
1972-03-18 11:19:14,24.04640007019043,80.96385955810547,153.1982421875,90.98484802246094,96.5999984741211,60.82175827026367,100.0,1.2063319683074951,43.44737344949199,193697.0,11.070037841796877,16.3194580078125,11.342010498046877,9.492477416992188,35.55000019073486
1972-03-18 11:19:15,24.012470245361328,80.96385955810547,153.7028045654297,90.98484802246094,95.70000457763672,60.82175827026367,100.0,1.232682466506958,44.55014960939517,193697.0,9.818878173828123,8.186920166015625,16.346649169921875,10.526046752929688,35.55000019073486
1972-03-18 11:19:16,24.012758255004883,81.02410125732422,153.7109375,90.98484802246094,98.4000015258789,60.81814193725586,100.0,1.249035358428955,38.71945099769246,193697.0,13.00115966796875,16.3194580078125,13.980316162109377,11.3148193359375,35.55000019073486
1972-03-18 11:19:17,24.003337860107425,80.96385955810547,152.84830474853516,90.98484802246094,96.9000015258789,60.82175827026367,100.0,1.266974925994873,40.72690565706095,193697.0,11.1788330078125,13.6539306640625,9.927658081054688,11.4508056640625,35.55000019073486
1972-03-18 11:19:18,23.993715286254883,80.96385955810547,153.2307891845703,90.98484802246094,97.0,60.81814193725586,100.0,1.2806638479232788,40.82890218358794,193697.0,4.515045166015625,13.409149169921877,14.551513671875,13.545135498046877,35.55000019073486
1972-03-18 11:19:19,23.940956115722656,81.02410125732422,152.2542266845703,90.98484802246094,96.5999984741211,60.81814193725586,100.0,1.297363042831421,43.328812895774966,193697.0,12.919570922851562,14.225128173828123,9.002899169921875,13.463546752929688,35.55000019073486
1972-03-18 11:19:20,23.90487098693848,80.96385955810547,153.08431243896484,90.98484802246094,96.5,60.82175827026367,100.0,1.312728762626648,43.33278414481661,193697.0,12.919570922851562,15.34027099609375,8.703704833984375,13.409149169921877,35.55000019073486
1972-03-18 11:19:21,23.907445907592773,80.96385955810547,154.1422576904297,90.98484802246094,97.1999969482422,60.82175827026367,100.0,1.3296706676483154,41.21696027097296,193697.0,9.27490234375,16.265045166015625,20.04571533203125,9.9820556640625,35.57500076293945
1972-03-18 11:19:22,23.93280982971192,80.96385955810547,153.30403900146484,90.98484802246094,96.8000030517578,60.81814193725586,100.0,1.3364882469177246,46.235792737863584,193697.0,16.754638671875,11.4508056640625,10.879638671875,14.823486328125,35.55000019073486
1972-03-18 11:19:23,24.00831794738769,81.02410125732422,153.90625,90.98484802246094,97.5,60.82175827026367,100.0,1.3477013111114502,41.40378515664196,193697.0,9.601287841796877,16.4554443359375,15.013885498046877,12.457183837890623,35.55000019073486
1972-03-18 11:19:24,24.10883903503418,81.02410125732422,152.99478912353516,90.98484802246094,97.29999542236328,60.81814193725586,100.0,1.3648239374160769,44.32644123109421,193697.0,8.3773193359375,19.556137084960938,12.40277099609375,9.7100830078125,35.55000019073486
1972-03-18 11:19:25,24.201250076293945,80.96385955810547,152.93782806396484,90.98484802246094,97.29999542236328,60.82175827026367,100.0,1.3718223571777344,43.488355016481556,193697.0,11.042831420898438,14.5242919921875,11.4508056640625,15.80267333984375,35.55000019073486
1972-03-18 11:19:26,24.19029426574707,80.96385955810547,152.96224212646484,90.98484802246094,97.39999389648438,60.82175827026367,100.0,1.3854176998138428,42.07148977412584,193697.0,12.103607177734377,12.076385498046877,13.381942749023438,10.308441162109377,35.55000019073486
1972-03-18 11:19:27,24.16425514221192,80.96385955810547,151.89615631103516,90.98484802246094,97.1999969482422,60.82175827026367,100.0,1.4078853130340576,40.64165643633777,193697.0,9.546875,15.313079833984377,7.26214599609375,10.390045166015623,35.55000019073486
1972-03-18 11:19:28,24.16509246826172,81.02410125732422,152.69368743896484,90.98484802246094,97.1999969482422,60.82175827026367,100.0,1.4151551723480225,40.63287637649821,193697.0,9.546875,15.313079833984377,7.26214599609375,10.390045166015623,35.55000019073486
1972-03-18 11:19:29,24.19096565246582,81.02410125732422,153.73534393310547,90.98484802246094,97.39999389648438,60.82175827026367,100.0,1.4224250316619873,40.92202180661361,193697.0,9.954864501953123,12.26678466796875,10.19964599609375,10.06365966796875,35.55000019073486
1972-03-18 11:19:30,24.19096565246582,81.02410125732422,153.73534393310547,90.98484802246094,97.0,60.82175827026367,100.0,1.4224250316619873,43.30065686969355,193697.0,15.93865966796875,11.23321533203125,12.157989501953123,9.1116943359375,35.55000019073486
1972-03-18 11:19:31,24.22235870361328,81.02410125732422,152.880859375,90.98484802246094,97.39999389648438,60.82175827026367,100.0,1.429694890975952,40.02443294582177,193697.0,11.3148193359375,17.10821533203125,10.879638671875,9.954864501953123,35.55000019073486
1972-03-18 11:19:32,24.2469539642334,80.90361022949219,152.54720306396484,90.98484802246094,96.4000015258789,60.82175827026367,100.0,1.436964750289917,42.260123688808406,193697.0,8.9757080078125,14.932281494140623,13.545135498046877,10.172454833984377,35.55000019073486
1972-03-18 11:19:33,24.211519241333008,80.90361022949219,151.92057037353516,90.98484802246094,96.9000015258789,60.82175827026367,100.0,1.4442346096038818,43.489574799809894,193697.0,12.457183837890623,18.413787841796875,8.975692749023438,7.751739501953125,35.55000019073486
1972-03-18 11:19:34,24.12576103210449,80.96385955810547,152.98666381835938,90.98484802246094,97.79999542236328,60.82175827026367,100.0,1.451504468917847,37.32731196764417,193697.0,7.34375,14.714691162109377,10.988433837890623,13.572341918945312,35.55000019073486
1972-03-18 11:19:35,24.068777084350582,81.02410125732422,152.2705078125,90.98484802246094,97.0,60.82175827026367,100.0,1.4587743282318115,44.794306841659285,193697.0,10.852447509765623,11.83160400390625,10.689239501953123,10.417236328125,35.55000019073486
1972-03-18 11:19:36,24.057241439819336,81.08433532714844,152.685546875,90.98484802246094,96.6999969482422,60.82175827026367,100.0,1.4660441875457764,42.165392906941555,193697.0,8.2413330078125,13.545135498046877,9.737274169921877,11.586807250976562,35.55000019073486
1972-03-18 11:19:37,24.087589263916016,81.02410125732422,152.53092193603516,90.98484802246094,97.1999969482422,60.82175827026367,100.0,1.4733140468597412,41.379661257721814,193697.0,7.017364501953125,11.722808837890623,11.042816162109377,12.40277099609375,35.55000019073486
1972-03-18 11:19:38,24.110504150390625,80.96385955810547,153.00293731689453,90.98484802246094,96.5999984741211,60.82175827026367,100.0,1.480583906173706,40.26992896362649,193697.0,9.546875,12.892364501953123,12.647567749023438,11.070022583007812,35.55000019073486
1972-03-18 11:19:39,24.13047218322754,80.96385955810547,152.7262420654297,90.98484802246094,96.4000015258789,60.82175827026367,100.0,1.487853765487671,43.39443932991324,193697.0,11.423614501953123,14.714691162109377,14.17071533203125,8.023727416992188,35.55000019073486
1972-03-18 11:19:40,24.084850311279297,80.96385955810547,152.05078125,91.06060791015624,96.8000030517578,60.81814193725586,100.0,1.4951236248016355,43.30866256056869,193697.0,12.293991088867188,12.810760498046877,10.988433837890623,10.145263671875,35.55000019073486
1972-03-18 11:19:41,24.04613876342773,80.96385955810547,152.09146881103516,90.98484802246094,96.5999984741211,60.82175827026367,100.0,1.50239360332489,42.095667188224546,193697.0,6.881378173828125,13.6539306640625,13.30035400390625,9.954864501953123,35.55000019073486
1972-03-18 11:19:42,24.03595733642578,81.08433532714844,151.99381256103516,90.98484802246094,96.4000015258789,60.82175827026367,100.0,1.509663462638855,42.141005100555766,193697.0,11.83160400390625,14.796295166015623,10.5804443359375,9.574066162109377,35.55000019073486
1972-03-18 11:19:43,24.07515335083008,81.02410125732422,154.2724609375,90.98484802246094,97.5,60.81814193725586,100.0,1.5169333219528198,43.34852214894986,193697.0,9.982070922851562,18.821746826171875,16.482635498046875,12.103591918945312,35.55000019073486
1972-03-18 11:19:44,24.11175537109375,81.02410125732422,152.57161712646484,90.98484802246094,97.5,60.82175827026367,100.0,1.524203181266785,40.91234895784552,193697.0,11.614013671875,11.66839599609375,12.0491943359375,15.285888671875,35.55000019073486
1972-03-18 11:19:45,24.153240203857425,80.96385955810547,152.490234375,90.98484802246094,96.8000030517578,60.81814193725586,100.0,1.5314730405807495,43.14857587157297,193697.0,7.996551513671875,19.3929443359375,11.015625,8.2413330078125,35.55000019073486
1972-03-18 11:19:46,24.14615821838379,80.96385955810547,153.5725860595703,90.98484802246094,96.3000030517578,60.81814193725586,100.0,1.5424121618270874,42.58742888071534,193697.0,12.674774169921877,17.026611328125,12.021987915039062,16.999420166015625,35.55000019073486
1972-03-18 11:19:47,24.1007137298584,80.96385955810547,153.84114837646484,90.98484802246094,97.0,60.81814193725586,100.0,1.5482596158981323,42.751992506953506,193697.0,8.54052734375,17.951385498046875,13.21875,14.9866943359375,35.55000019073486
1972-03-18 11:19:48,24.06556510925293,80.96385955810547,153.02734375,90.98484802246094,98.5,60.82175827026367,100.0,1.5555566549301147,36.81796356062916,193697.0,12.701980590820312,17.352996826171875,7.942138671875,15.149887084960938,35.55000019073486
1972-03-18 11:19:49,24.081899642944336,81.02410125732422,154.53287506103516,90.98484802246094,97.1999969482422,60.82175827026367,100.0,1.5606521368026731,42.36899643437896,193697.0,11.206024169921877,12.86517333984375,19.99131774902344,13.164352416992188,35.55000019073486
1972-03-18 11:19:50,24.13340950012207,81.08433532714844,152.1240234375,90.98484802246094,97.5999984741211,60.82175827026367,100.0,1.5679219961166382,43.47792636872447,193697.0,15.476287841796877,16.97222900390625,9.574066162109377,11.39642333984375,35.55000019073486
1972-03-18 11:19:51,24.193368911743164,80.96385955810547,152.7180938720703,90.98484802246094,96.5999984741211,60.82175827026367,100.0,1.575191855430603,40.32782426265303,193697.0,9.27490234375,10.526031494140623,17.217010498046875,10.526046752929688,35.55000019073486
1972-03-18 11:19:52,24.254371643066406,81.02410125732422,152.92154693603516,90.98484802246094,96.8000030517578,60.82175827026367,100.0,1.582461714744568,44.59119391557717,193697.0,12.321197509765623,18.98495483398437,13.980316162109377,10.879638671875,35.55000019073486
1972-03-18 11:19:53,24.24236297607422,80.96385955810547,152.4739532470703,90.98484802246094,97.0999984741211,60.82175827026367,100.0,1.5897315740585327,42.45464815837633,193697.0,10.988433837890623,14.741912841796877,11.885986328125,12.429977416992188,35.55000019073486
1972-03-18 11:19:54,24.18657875061035,81.02410125732422,152.03450775146484,90.98484802246094,97.0,60.82175827026367,100.0,1.5970014333724976,42.7868918145347,193697.0,9.438079833984377,16.428253173828125,10.28125,10.28125,35.55000019073486
1972-03-18 11:19:55,24.14977264404297,81.02410125732422,151.904296875,90.98484802246094,97.29999542236328,60.81814193725586,100.0,1.6042712926864624,38.65042906665563,193697.0,11.287628173828123,9.16607666015625,7.370941162109375,14.796295166015623,35.55000019073486
1972-03-18 11:19:56,24.12794685363769,80.96385955810547,153.3447265625,90.98484802246094,98.0999984741211,60.81814193725586,100.0,1.6173964738845823,42.23749364920598,193697.0,13.21875,13.545135498046877,12.0491943359375,11.260421752929688,35.55000019073486
1972-03-18 11:19:57,24.131980895996094,80.96385955810547,153.27962493896484,90.98484802246094,98.5,60.82175827026367,100.0,1.626198649406433,40.91921275095028,193697.0,13.16436767578125,11.260406494140623,9.574066162109377,17.244216918945312,35.55000019073486
1972-03-18 11:19:58,24.144397735595703,81.02410125732422,152.37630462646484,90.98484802246094,95.5999984741211,60.81814193725586,100.0,1.643075704574585,43.54778855006131,193697.0,11.369232177734377,11.342010498046877,11.3148193359375,10.036468505859377,35.55000019073486
1972-03-18 11:19:59,24.14206886291504,81.02410125732422,152.35189056396484,90.98484802246094,97.0,60.82175827026367,100.0,1.6556825637817385,40.65267116137702,193697.0,10.335662841796877,12.674774169921877,12.348388671875,13.59954833984375,35.55000019073486
1972-03-18 11:20:00,24.07270622253418,81.02410125732422,152.4576873779297,90.98484802246094,96.0,60.81814193725586,100.0,1.661029815673828,43.850675986771606,193697.0,8.431732177734375,17.27142333984375,14.90509033203125,10.4444580078125,35.55000019073486
1972-03-18 11:20:01,23.993810653686523,81.02410125732422,152.62044525146484,90.98484802246094,97.0,60.82175827026367,100.0,1.6744145154953003,43.73707769847962,193697.0,11.124420166015623,18.1961669921875,10.36285400390625,10.879638671875,35.55000019073486
1972-03-18 11:20:02,23.95982551574707,80.96385955810547,152.5797576904297,90.98484802246094,97.29999542236328,60.82175827026367,100.0,1.6893316507339478,42.715369528801055,193697.0,12.321197509765623,9.954864501953123,12.0491943359375,13.109954833984377,35.55000019073486
1972-03-18 11:20:03,23.95405006408692,80.96385955810547,152.783203125,90.98484802246094,96.8000030517578,60.82175827026367,100.0,1.7006701231002808,44.5691304940169,193697.0,7.207763671875,18.30499267578125,11.423614501953123,14.551513671875,35.55000019073486
1972-03-18 11:20:04,23.98185539245605,80.96385955810547,153.662109375,90.98484802246094,97.0,60.82175827026367,100.0,1.7120460271835327,43.0299242869808,193697.0,8.703704833984375,12.457183837890623,16.863433837890625,11.641204833984377,35.55000019073486
1972-03-18 11:20:05,24.01775360107422,81.02410125732422,151.5869140625,90.98484802246094,97.1999969482422,60.82175827026367,100.0,1.72932231426239,42.16046836856408,193697.0,13.953125,9.873260498046877,11.53240966796875,5.52142333984375,35.55000019073486
1972-03-18 11:20:06,24.022096633911133,80.96385955810547,152.1077423095703,90.98484802246094,96.9000015258789,60.81814193725586,100.0,1.7408839464187622,41.46704993458651,193697.0,15.013900756835938,13.327545166015623,11.940399169921877,9.138885498046877,35.55000019073486
1972-03-18 11:20:07,23.97320938110352,80.96385955810547,153.32845306396484,90.98484802246094,97.0,60.82175827026367,100.0,1.75393545627594,44.26761443713378,193697.0,11.450820922851562,12.973968505859377,15.748260498046877,9.519683837890623,35.55000019073486
1972-03-18 11:20:08,23.95737838745117,81.02410125732422,152.87271881103516,90.98484802246094,96.4000015258789,60.81814193725586,100.0,1.7663317918777466,44.481793415997345,193697.0,14.660308837890623,10.743621826171877,11.53240966796875,12.511566162109377,35.55000019073486
1972-03-18 11:20:09,23.975833892822266,80.96385955810547,153.25521087646484,90.98484802246094,97.5,60.81814193725586,100.0,1.7773147821426392,42.868263236300464,193697.0,12.375579833984377,12.022003173828123,13.463531494140623,17.27142333984375,35.55000019073486
1972-03-18 11:20:10,24.06782341003418,80.96385955810547,152.7262420654297,90.98484802246094,97.39999389648438,60.82175827026367,100.0,1.791253924369812,41.771961595030014,193697.0,9.900482177734377,13.43634033203125,13.055557250976562,8.921295166015625,35.55000019073486
1972-03-18 11:20:11,24.13460159301757,80.96385955810547,152.70182037353516,90.98484802246094,97.0999984741211,60.82175827026367,100.0,1.8082008361816408,38.788710807033205,193697.0,2.5023193359375,12.56597900390625,14.03472900390625,11.53240966796875,35.55000019073486
1972-03-18 11:20:12,24.218509674072266,80.96385955810547,152.44140625,90.98484802246094,97.0,60.81814193725586,100.0,1.819385409355164,42.674018470130356,193697.0,8.350128173828125,14.279510498046877,10.145263671875,10.009262084960938,35.55000019073486
1972-03-18 11:20:13,24.23424530029297,81.02410125732422,151.92057037353516,90.98484802246094,97.39999389648438,60.81814193725586,100.0,1.8350168466567995,42.12358414207644,193697.0,13.817138671875,12.239593505859377,11.3148193359375,9.791671752929688,35.55000019073486
1972-03-18 11:20:14,24.20451164245605,81.02410125732422,151.953125,90.98484802246094,96.5,60.81814193725586,100.0,1.849263429641724,41.04184068963806,193697.0,8.078125,12.70196533203125,7.833343505859375,10.335647583007812,35.55000019073486
1972-03-18 11:20:15,24.18895530700684,80.96385955810547,153.0192108154297,90.98484802246094,96.8000030517578,60.81814193725586,100.0,1.8709207773208616,45.262312135984445,193697.0,13.3819580078125,7.42535400390625,13.953125,16.97222900390625,35.55000019073486
1972-03-18 11:20:16,24.18261909484864,80.96385955810547,153.173828125,90.98484802246094,97.0999984741211,60.81814193725586,100.0,1.8810070753097528,42.4286104592939,193697.0,9.574081420898438,14.551513671875,15.965850830078123,7.017364501953125,35.55000019073486
1972-03-18 11:20:17,24.19275665283203,81.02410125732422,153.10059356689453,90.98484802246094,97.79999542236328,60.81814193725586,100.0,1.8977006673812864,40.17379752966973,193697.0,6.582183837890625,11.39642333984375,13.681121826171877,11.4508056640625,35.55000019073486
1972-03-18 11:20:18,24.196020126342773,81.02410125732422,151.5218048095703,90.98484802246094,96.9000015258789,60.81814193725586,100.0,1.913041353225708,43.90837986413503,193697.0,13.5179443359375,15.530670166015623,12.56597900390625,8.486114501953125,35.55000019073486
1972-03-18 11:20:19,24.184438705444336,81.02410125732422,151.15560150146484,90.98484802246094,97.29999542236328,60.82175827026367,100.0,1.927714228630066,39.559244049363976,193697.0,12.756378173828123,12.457183837890623,9.791656494140623,12.837966918945312,35.55000019073486
1972-03-18 11:20:20,24.127912521362305,81.02410125732422,152.05078125,90.98484802246094,96.5,60.82175827026367,100.0,1.9388130903244016,42.31228709938162,193697.0,3.535888671875,10.879638671875,12.239593505859377,11.586807250976562,35.55000019073486
1972-03-18 11:20:21,24.03508377075196,80.96385955810547,152.03450775146484,90.98484802246094,96.6999969482422,60.82175827026367,100.0,1.954334616661072,42.385388863662214,193697.0,11.75,14.279510498046877,6.201385498046875,10.66204833984375,35.55000019073486
1972-03-18 11:20:22,23.99740028381348,80.96385955810547,152.685546875,90.98484802246094,97.39999389648438,60.82175827026367,100.0,1.9691883325576784,42.61592670346075,193697.0,11.9132080078125,15.80267333984375,12.973968505859377,13.626739501953123,35.55000019073486
1972-03-18 11:20:23,24.00811195373535,80.96385955810547,152.04264068603516,90.98484802246094,96.9000015258789,60.82175827026367,100.0,1.9782664775848389,43.62391729988445,193697.0,8.676513671875,14.823486328125,17.70660400390625,14.3883056640625,35.55000019073486
1972-03-18 11:20:24,24.053422927856445,81.02410125732422,152.9541015625,90.98484802246094,97.0999984741211,60.82175827026367,100.0,1.988078474998474,41.07947540072608,193697.0,14.361114501953123,14.63311767578125,11.260406494140623,9.791671752929688,35.55000019073486
1972-03-18 11:20:25,24.09160614013672,80.96385955810547,152.6123046875,90.98484802246094,95.8000030517578,60.82175827026367,100.0,2.003770351409912,46.26619127317524,193697.0,14.796295166015623,12.9195556640625,12.7835693359375,11.940399169921877,35.55000019073486
1972-03-18 11:20:26,24.090200424194336,81.02410125732422,152.36002349853516,90.98484802246094,95.3000030517578,60.81814193725586,100.0,2.0136730670928955,45.89890217916529,193697.0,12.538787841796877,13.028350830078123,14.959487915039062,11.586807250976562,35.55000019073486
1972-03-18 11:20:27,24.04628562927246,81.02410125732422,153.6458282470703,90.98484802246094,97.0,60.82175827026367,100.0,2.0294246673583984,42.74069996150606,193697.0,8.785308837890625,9.519683837890623,16.50982666015625,17.026611328125,35.55000019073486
1972-03-18 11:20:28,24.01934051513672,80.96385955810547,151.79850006103516,90.98484802246094,96.5,60.81814193725586,100.0,2.0386838912963867,44.150133502188346,193697.0,14.19793701171875,19.66493225097656,11.641204833984377,7.26214599609375,35.55000019073486
1972-03-18 11:20:29,24.02739906311035,80.96385955810547,153.0029296875,90.98484802246094,97.1999969482422,60.81814193725586,100.0,2.047942638397217,42.25324830120033,193697.0,8.5133056640625,11.75,15.7210693359375,12.375579833984377,35.55000019073486
1972-03-18 11:20:30,24.07364082336425,81.02410125732422,151.9612579345703,90.98484802246094,96.8000030517578,60.82175827026367,100.0,2.057201862335205,43.855054157101996,193697.0,8.730926513671875,12.157989501953123,12.293975830078123,8.948486328125,35.55000019073486
1972-03-18 11:20:31,24.1158504486084,81.02410125732422,151.3264923095703,90.98484802246094,97.0,60.81814193725586,100.0,2.0723392963409424,42.94755328188037,193697.0,16.183456420898438,11.342010498046877,10.607635498046877,11.83160400390625,35.55000019073486
1972-03-18 11:20:32,24.15597152709961,81.02410125732422,153.42610931396484,90.98484802246094,96.5,60.81814193725586,100.0,2.083864688873291,43.42538299015072,193697.0,10.74365234375,14.932281494140623,17.3258056640625,8.567718505859375,35.55000019073486
1972-03-18 11:20:33,24.14877700805664,81.02410125732422,151.89615631103516,90.98484802246094,98.1999969482422,60.81814193725586,100.0,2.0932233333587646,41.34986873775463,193697.0,10.00927734375,9.03009033203125,10.553237915039062,10.825225830078123,35.55000019073486
1972-03-18 11:20:34,24.09618759155273,81.02410125732422,151.9449920654297,90.98484802246094,96.0,60.81814193725586,100.0,2.101848125457764,43.45434090203527,193697.0,14.497116088867188,10.607635498046877,12.756362915039062,7.534149169921875,35.55000019073486
1972-03-18 11:20:35,24.07325935363769,81.02410125732422,152.88899993896484,90.98484802246094,97.0999984741211,60.82175827026367,100.0,2.116311550140381,44.72820032071129,193697.0,12.511581420898438,19.066558837890625,11.885986328125,11.940399169921877,35.55000019073486
1972-03-18 11:20:36,24.0779037475586,81.02410125732422,152.50650787353516,90.98484802246094,96.6999969482422,60.82175827026367,100.0,2.127918243408203,40.09206221983377,193697.0,3.31829833984375,16.020263671875,14.714691162109377,14.741897583007812,35.55000019073486
1972-03-18 11:20:37,24.120590209960938,80.96385955810547,152.099609375,90.98484802246094,97.0,60.81814193725586,100.0,2.137357950210572,42.953824867928034,193697.0,11.151641845703123,13.327545166015623,11.4508056640625,7.72454833984375,35.55000019073486
1972-03-18 11:20:38,24.17925453186035,80.96385955810547,152.59603118896484,90.98484802246094,96.9000015258789,60.82175827026367,100.0,2.1467976570129395,43.4655201396746,193697.0,10.4444580078125,17.652191162109375,12.674774169921877,13.3819580078125,35.55000019073486
1972-03-18 11:20:39,24.1883487701416,81.02410125732422,151.8961639404297,90.98484802246094,96.8000030517578,60.82175827026367,100.0,2.1562376022338867,43.36244936684556,193697.0,7.670135498046875,15.965850830078123,8.3773193359375,16.618637084960938,35.55000019073486
1972-03-18 11:20:40,24.14748954772949,81.08433532714844,151.5380859375,90.98484802246094,96.5,60.82175827026367,100.0,2.165677547454834,41.961454045219845,193697.0,12.810775756835938,13.13714599609375,7.12615966796875,10.28125,35.55000019073486
1972-03-18 11:20:41,24.10016632080078,81.02410125732422,152.48209381103516,90.98484802246094,97.6999969482422,60.82175827026367,100.0,2.178786516189575,40.84091571729901,193697.0,10.4444580078125,12.42999267578125,11.3148193359375,7.098968505859375,35.55000019073486
1972-03-18 11:20:42,24.07975196838379,80.96385955810547,152.5309295654297,90.98484802246094,97.39999389648438,60.82175827026367,100.0,2.190480947494507,42.98095087219722,193697.0,11.151641845703123,11.342010498046877,15.585067749023438,14.714691162109377,35.55000019073486
1972-03-18 11:20:43,24.097087860107425,80.96385955810547,151.708984375,90.98484802246094,95.5999984741211,60.82175827026367,100.0,2.20145320892334,43.26799848406822,193697.0,7.833343505859375,12.593170166015623,10.526031494140623,10.553253173828123,35.55000019073486
1972-03-18 11:20:44,24.13064384460449,80.96385955810547,152.48209381103516,90.98484802246094,97.6999969482422,60.82175827026367,100.0,2.2109837532043457,40.73537551989278,193697.0,10.36285400390625,16.999420166015625,13.762725830078123,10.390045166015623,35.55000019073486
1972-03-18 11:20:45,24.158912658691406,80.96385955810547,152.55533599853516,90.98484802246094,98.0999984741211,60.82175827026367,100.0,2.220514297485352,41.35831677749682,193697.0,11.777206420898438,16.047454833984375,14.46990966796875,9.655670166015623,35.55000019073486
1972-03-18 11:20:46,24.144495010375977,80.96385955810547,151.85546875,90.98484802246094,96.9000015258789,60.82175827026367,100.0,2.2300446033477783,41.58340335780958,193697.0,14.33392333984375,16.781829833984375,9.927658081054688,9.19329833984375,35.55000019073486
1972-03-18 11:20:47,24.084148406982425,81.02410125732422,151.123046875,90.98484802246094,96.0,60.82175827026367,100.0,2.239574909210205,42.33182284353485,193697.0,13.191558837890623,9.601287841796877,11.505218505859377,8.29571533203125,35.55000019073486
1972-03-18 11:20:48,24.04596710205078,81.08433532714844,153.0029296875,90.98484802246094,96.5999984741211,60.82175827026367,100.0,2.249105453491211,42.59411881261,193697.0,11.206024169921877,10.417236328125,15.50347900390625,11.53240966796875,35.55000019073486
1972-03-18 11:20:49,24.028425216674805,81.02410125732422,151.806640625,90.98484802246094,96.4000015258789,60.82175827026367,100.0,2.263023376464844,43.3674451482261,193697.0,13.109954833984377,16.10186767578125,9.03009033203125,12.837966918945312,35.55000019073486
1972-03-18 11:20:50,24.04903793334961,80.96385955810547,152.0263671875,91.06060791015624,97.0999984741211,60.82175827026367,100.0,2.2777295112609863,42.86378392499989,193697.0,9.32928466796875,15.77545166015625,13.953125,7.26214599609375,35.55000019073486
1972-03-18 11:20:51,24.081153869628903,81.02410125732422,151.513671875,91.06060791015624,97.0,60.81814193725586,100.0,2.291046619415283,39.79481808979634,193697.0,14.089141845703123,9.1116943359375,9.737274169921877,10.906829833984377,35.55000019073486
1972-03-18 11:20:52,24.11775016784668,81.02410125732422,152.0182342529297,90.98484802246094,96.4000015258789,60.82175827026367,100.0,2.309522867202759,42.670035470345674,193697.0,10.716445922851562,17.54339599609375,13.980316162109377,9.546875,35.55000019073486
1972-03-18 11:20:53,24.108135223388672,80.96385955810547,153.40169525146484,90.98484802246094,97.5999984741211,60.81814193725586,100.0,2.319324493408203,39.79630092900047,193697.0,12.321197509765623,15.04107666015625,14.143524169921877,10.145263671875,35.55000019073486
1972-03-18 11:20:54,24.063936233520508,80.96385955810547,152.1565704345703,90.98484802246094,97.5,60.81814193725586,100.0,2.333528995513916,40.82507314072052,193697.0,9.27490234375,11.015625,13.082763671875,14.415512084960938,35.55000019073486
1972-03-18 11:20:55,24.0341796875,81.02410125732422,151.5055389404297,90.98484802246094,96.3000030517578,60.81814193725586,100.0,2.3499741554260254,42.20342259939661,193697.0,7.615753173828125,12.70196533203125,13.191558837890623,5.739013671875,35.55000019073486
1972-03-18 11:20:56,24.04426383972168,81.02410125732422,151.4404296875,90.98484802246094,97.0,60.81814193725586,100.0,2.363565444946289,42.90651936571438,193697.0,7.42535400390625,16.618621826171875,12.620361328125,10.036468505859377,35.55000019073486
1972-03-18 11:20:57,24.089570999145508,81.02410125732422,152.34375,90.98484802246094,96.5999984741211,60.82175827026367,100.0,2.3772244453430176,41.52860943257308,193697.0,11.886016845703123,17.162628173828125,11.66839599609375,12.973968505859377,35.55000019073486
1972-03-18 11:20:58,24.130760192871094,80.96385955810547,152.52278900146484,90.98484802246094,98.0,60.81814193725586,100.0,2.390913963317871,41.90614923106156,193697.0,15.06829833984375,13.73553466796875,13.5179443359375,14.8507080078125,35.55000019073486
1972-03-18 11:20:59,24.13783264160156,80.96385955810547,152.3193359375,90.98484802246094,97.29999542236328,60.81814193725586,100.0,2.403188467025757,43.045536703717126,193697.0,9.19329833984375,10.906829833984377,14.76910400390625,9.410888671875,35.55000019073486
1972-03-18 11:21:00,24.09358596801757,81.02410125732422,152.06705474853516,90.98484802246094,97.5,60.81814193725586,100.0,2.418417930603028,39.56791327533979,193697.0,14.2523193359375,15.06829833984375,9.737274169921877,11.641204833984377,35.55000019073486
1972-03-18 11:21:01,24.05319023132324,81.02410125732422,152.3762969970703,90.98484802246094,98.0999984741211,60.81814193725586,100.0,2.4285812377929688,39.43054821506552,193697.0,10.199661254882812,12.0491943359375,13.245941162109377,13.00115966796875,35.55000019073486
1972-03-18 11:21:02,24.04493522644043,81.02410125732422,151.33463287353516,90.98484802246094,96.5,60.82175827026367,100.0,2.4387447834014893,42.79414318249731,193697.0,13.245956420898438,9.601287841796877,11.940399169921877,11.804397583007812,35.55000019073486
1972-03-18 11:21:03,24.08608627319336,80.96385955810547,151.60318756103516,90.98484802246094,96.5,60.81814193725586,100.0,2.4489083290100098,40.51391292049459,193697.0,6.935760498046875,14.9866943359375,12.457183837890623,10.879638671875,35.55000019073486
1972-03-18 11:21:04,24.148176193237305,81.02410125732422,151.07422637939453,90.98484802246094,96.8000030517578,60.81814193725586,100.0,2.459071636199951,42.0809054927022,193697.0,9.2476806640625,19.03936767578125,11.3148193359375,8.486114501953125,35.55000019073486
1972-03-18 11:21:05,24.198820114135746,81.02410125732422,151.74967193603516,90.98484802246094,97.89999389648438,60.82175827026367,100.0,2.4692349433898926,39.04928576951594,193697.0,7.398162841796875,15.36749267578125,10.770843505859377,15.5850830078125,35.55000019073486
1972-03-18 11:21:06,24.20573616027832,80.96385955810547,152.1321563720703,90.98484802246094,98.1999969482422,60.82175827026367,100.0,2.479398727416992,39.47076266488648,193697.0,15.530670166015623,11.614013671875,10.743621826171877,14.306716918945312,35.55000019073486
1972-03-18 11:21:07,24.18178939819336,80.96385955810547,151.98567962646484,90.98484802246094,97.39999389648438,60.81814193725586,100.0,2.488828182220459,42.407617803190384,193697.0,11.614013671875,13.626739501953123,9.1116943359375,12.348388671875,35.55000019073486
1972-03-18 11:21:08,24.155975341796875,80.96385955810547,152.18912506103516,90.98484802246094,96.0,60.82175827026367,100.0,2.4923856258392334,42.90372238147517,193697.0,10.417266845703123,12.076385498046877,13.681121826171877,11.3148193359375,35.55000019073486
1972-03-18 11:21:09,24.15471076965332,81.02410125732422,151.6845703125,90.98484802246094,96.20000457763672,60.82175827026367,100.0,2.502458572387696,44.24495324353829,193697.0,10.852447509765623,12.375579833984377,13.490737915039062,13.59954833984375,35.55000019073486
1972-03-18 11:21:10,24.184999465942383,81.08433532714844,152.5146484375,90.98484802246094,97.1999969482422,60.82175827026367,100.0,2.5117976665496826,42.53124877512884,193697.0,11.47802734375,15.449066162109377,12.729156494140623,11.151611328125,35.55000019073486
1972-03-18 11:21:11,24.21015930175781,80.96385955810547,152.25423431396484,90.98484802246094,97.0,60.82175827026367,100.0,2.515256881713867,40.08967441828219,193697.0,10.553253173828123,12.157989501953123,11.178817749023438,8.431716918945312,35.55000019073486
1972-03-18 11:21:12,24.21977996826172,80.90361022949219,153.1901092529297,90.98484802246094,96.5999984741211,60.81814193725586,100.0,2.5252394676208496,43.96792254613668,193697.0,12.239593505859377,12.10357666015625,16.618621826171875,12.26678466796875,35.55000019073486
1972-03-18 11:21:13,24.173526763916016,80.96385955810547,151.2451171875,90.98484802246094,96.5,60.82175827026367,100.0,2.535221576690674,44.15297205514645,193697.0,12.892364501953123,16.945037841796875,10.090850830078123,9.873260498046877,35.55000019073486
1972-03-18 11:21:14,24.10876846313477,81.02410125732422,151.50553131103516,90.98484802246094,96.5999984741211,60.81814193725586,100.0,2.545204162597656,43.65248698213551,193697.0,13.109954833984377,13.545135498046877,13.898727416992188,10.036468505859377,35.55000019073486
1972-03-18 11:21:15,24.06754302978516,81.02410125732422,151.9287109375,90.98484802246094,96.6999969482422,60.81814193725586,100.0,2.5551862716674805,41.69913326048689,193697.0,5.140625,10.553253173828123,13.844329833984377,12.076385498046877,35.55000019073486
1972-03-18 11:21:16,24.06444931030273,80.96385955810547,151.3997344970703,90.98484802246094,96.6999969482422,60.82175827026367,100.0,2.565168857574463,43.102891310264766,193697.0,13.109954833984377,11.66839599609375,10.335647583007812,11.66839599609375,35.55000019073486
1972-03-18 11:21:17,24.087926864624023,80.96385955810547,152.06705474853516,90.98484802246094,97.0,60.82175827026367,100.0,2.575150966644287,41.298007817080844,193697.0,10.66204833984375,15.93865966796875,12.348388671875,9.138885498046877,35.55000019073486
1972-03-18 11:21:18,24.1018295288086,80.96385955810547,152.197265625,90.98484802246094,96.20000457763672,60.82175827026367,100.0,2.585133552551269,43.92881405158154,193697.0,10.118072509765623,11.015625,11.505218505859377,13.73553466796875,35.55000019073486
1972-03-18 11:21:19,24.08447265625,80.96385955810547,152.34375,90.98484802246094,97.39999389648438,60.82175827026367,100.0,2.5951156616210938,39.325589917004564,193697.0,13.68115234375,10.090850830078123,10.852432250976562,13.817138671875,35.55000019073486
1972-03-18 11:21:20,24.02405548095703,81.02410125732422,151.54622650146484,90.98484802246094,97.0,60.82175827026367,100.0,2.605098247528076,42.291151126384264,193697.0,11.369232177734377,12.42999267578125,11.83160400390625,9.438079833984377,35.55000019073486
1972-03-18 11:21:21,23.97490882873535,81.02410125732422,151.59505462646484,90.98484802246094,96.6999969482422,60.82175827026367,100.0,2.6150805950164795,40.14051663846803,193697.0,4.48785400390625,11.722808837890623,12.076385498046877,13.73553466796875,35.55000019073486
1972-03-18 11:21:22,23.951169967651367,81.02410125732422,151.27767181396484,90.98484802246094,96.0,60.82175827026367,100.0,2.625062942504883,43.401073446377175,193697.0,11.015625,12.511566162109377,12.212371826171877,11.505218505859377,35.55000019073486
1972-03-18 11:21:23,23.98389434814453,80.96385955810547,151.171875,90.98484802246094,97.5999984741211,60.82175827026367,100.0,2.635045289993286,39.92003709421345,193697.0,14.6875,14.46990966796875,11.505218505859377,7.0717620849609375,35.55000019073486
1972-03-18 11:21:24,24.01813316345215,80.96385955810547,151.66829681396484,90.98484802246094,97.39999389648438,60.82175827026367,100.0,2.645027637481689,41.06892456485128,193697.0,5.35821533203125,13.082763671875,11.423614501953123,11.39642333984375,35.55000019073486
1972-03-18 11:21:25,24.06542015075684,81.02410125732422,152.64485931396484,90.98484802246094,98.4000015258789,60.81814193725586,100.0,2.6550099849700928,38.43362237502408,193697.0,15.285888671875,13.73553466796875,8.8125,10.553253173828123,35.55000019073486
1972-03-18 11:21:26,24.083925247192383,81.02410125732422,151.23697662353516,90.98484802246094,97.0999984741211,60.82175827026367,100.0,2.664992332458496,40.77916763978654,193697.0,11.99481201171875,9.410888671875,9.90045166015625,14.6875,35.55000019073486
1972-03-18 11:21:27,24.06512260437012,81.08433532714844,150.9358673095703,90.98484802246094,96.20000457763672,60.81814193725586,100.00360870361328,2.6749746799468994,40.52414505603724,193697.0,10.28125,11.940399169921877,8.866897583007812,9.92767333984375,35.55000019073486
1972-03-18 11:21:28,24.04069709777832,81.02410125732422,151.65201568603516,90.98484802246094,96.4000015258789,60.82175827026367,100.0,2.6849570274353027,42.23697381732144,193697.0,12.375579833984377,10.689239501953123,8.948486328125,10.308441162109377,35.55000019073486
1972-03-18 11:21:29,24.00784111022949,80.90361022949219,150.94400787353516,90.98484802246094,96.20000457763672,60.82175827026367,100.0,2.694939613342285,43.90256115365803,193697.0,10.5804443359375,17.733795166015625,11.09722900390625,8.8125,35.55000019073486
1972-03-18 11:21:30,24.0441837310791,80.96385955810547,151.56250762939453,90.98484802246094,96.0,60.82175827026367,100.0,2.7049217224121094,43.22154695707475,193697.0,7.942138671875,8.29571533203125,12.83795166015625,14.3883056640625,35.55000019073486
1972-03-18 11:21:31,24.12474250793457,81.02410125732422,152.53092193603516,90.98484802246094,96.8000030517578,60.82175827026367,100.0,2.714904308319092,41.207103350462624,193697.0,8.703704833984375,19.066558837890625,14.741897583007812,10.090850830078123,35.55000019073486
1972-03-18 11:21:32,24.1833438873291,81.08433532714844,152.10774993896484,90.98484802246094,97.5999984741211,60.82175827026367,100.0,2.724886417388916,40.572237860020444,193697.0,14.170730590820312,16.292236328125,14.9866943359375,12.484375,35.55000019073486
1972-03-18 11:21:33,24.1904239654541,81.08433532714844,151.3509063720703,90.98484802246094,98.0,60.82175827026367,100.0,2.7348690032958984,42.35839390971153,193697.0,10.852447509765623,14.33392333984375,14.361114501953123,9.519683837890623,35.55000019073486
1972-03-18 11:21:34,24.168529510498047,80.96385955810547,150.69173431396484,90.98484802246094,96.3000030517578,60.82175827026367,100.00360870361328,2.7448511123657227,43.58036313644962,193697.0,11.99481201171875,10.526031494140623,5.95660400390625,14.660308837890623,35.55000019073486
1972-03-18 11:21:35,24.148548126220703,80.90361022949219,153.1168670654297,90.98484802246094,97.6999969482422,60.82175827026367,100.0,2.754833698272705,38.87926570798008,193697.0,10.716445922851562,14.578704833984377,16.781829833984375,9.166091918945312,35.55000019073486
1972-03-18 11:21:36,24.155038833618164,80.90361022949219,151.8310546875,90.98484802246094,96.10000610351562,60.82175827026367,100.0,2.7648158073425293,45.09555907887409,193697.0,13.89874267578125,8.2413330078125,9.90045166015625,10.009262084960938,35.55000019073486
1972-03-18 11:21:37,24.1662826538086,81.02410125732422,151.9287109375,90.98484802246094,98.0999984741211,60.82175827026367,100.0,2.774798393249512,42.440032242859786,193697.0,7.833343505859375,14.442718505859377,11.586807250976562,16.836227416992188,35.55000019073486
1972-03-18 11:21:38,24.155527114868164,81.02410125732422,151.48111724853516,90.98484802246094,98.29999542236328,60.82175827026367,100.0,2.784780740737915,38.439645991816626,193697.0,14.823516845703123,12.239593505859377,13.490737915039062,9.7100830078125,35.55000019073486
1972-03-18 11:21:39,24.10643577575684,81.02410125732422,151.5055389404297,90.98484802246094,97.29999542236328,60.82175827026367,100.0,2.7947630882263184,41.83736574485618,193697.0,9.546875,14.3883056640625,17.380218505859375,11.9132080078125,35.55000019073486
1972-03-18 11:21:40,24.049091339111328,80.96385955810547,151.39974212646484,90.98484802246094,95.8000030517578,60.82175827026367,100.0,2.8047454357147217,42.937663270849775,193697.0,6.9085693359375,14.551513671875,9.682861328125,9.2476806640625,35.55000019073486
1972-03-18 11:21:41,24.05840301513672,80.96385955810547,151.3102264404297,90.98484802246094,97.0,60.82175827026367,100.0,2.814727783203125,43.49754041928938,193697.0,13.817138671875,12.70196533203125,9.492477416992188,13.844329833984377,35.55000019073486
1972-03-18 11:21:42,24.040189743041992,80.96385955810547,152.490234375,90.98484802246094,97.1999969482422,60.82175827026367,100.0,2.8247101306915283,42.652800705935576,193697.0,10.879638671875,14.932281494140623,14.46990966796875,9.32928466796875,35.55000019073486
1972-03-18 11:21:43,24.02258682250977,81.02410125732422,150.1383514404297,90.98484802246094,95.9000015258789,60.81814193725586,100.0,2.834692478179932,44.28452250833958,193697.0,10.090866088867188,13.925933837890623,9.32928466796875,10.172454833984377,35.55000019073486
1972-03-18 11:21:44,24.011474609375,80.96385955810547,152.5634765625,90.98484802246094,97.39999389648438,60.82175827026367,100.0,2.844674825668335,40.1958712449543,193697.0,10.199661254882812,18.549774169921875,12.076385498046877,11.53240966796875,35.55000019073486
1972-03-18 11:21:45,24.00481986999512,80.96385955810547,151.60318756103516,90.98484802246094,97.39999389648438,60.82175827026367,100.0,2.8546571731567383,40.4557956222266,193697.0,12.94677734375,15.77545166015625,14.225112915039062,12.892364501953123,35.55000019073486
1972-03-18 11:21:46,23.967369079589844,80.96385955810547,151.64388275146484,90.98484802246094,96.9000015258789,60.81814193725586,100.0,2.8646395206451416,41.514900120995044,193697.0,10.254058837890623,8.676513671875,9.927658081054688,7.887725830078125,35.55000019073486
1972-03-18 11:21:47,23.93073272705078,80.96385955810547,150.1953125,90.98484802246094,96.5999984741211,60.82175827026367,100.0,2.876831293106079,42.35111132931992,193697.0,8.132537841796875,14.143524169921877,10.390045166015623,11.9132080078125,35.55000019073486
1972-03-18 11:21:48,23.92267417907715,81.02410125732422,151.08235931396484,90.98484802246094,97.29999542236328,60.82175827026367,100.00360870361328,2.89343786239624,41.29064161792056,193697.0,11.450820922851562,10.19964599609375,12.70196533203125,10.36285400390625,35.55000019073486
1972-03-18 11:21:49,23.92298126220703,81.08433532714844,151.68457794189453,90.98484802246094,96.9000015258789,60.82175827026367,100.0,2.9093918800354004,41.44273444947161,193697.0,4.7054443359375,10.417236328125,13.21875,13.572341918945312,35.55000019073486
1972-03-18 11:21:50,23.998279571533203,81.02410125732422,150.9765625,90.98484802246094,97.29999542236328,60.82175827026367,100.0,2.921741485595703,40.80897241378762,193697.0,12.973968505859377,15.449066162109377,5.086227416992188,9.410888671875,35.55000019073486
1972-03-18 11:21:51,24.096586227416992,80.90361022949219,151.66829681396484,90.98484802246094,97.29999542236328,60.82175827026367,100.0,2.937061309814453,41.697652386094774,193697.0,8.3773193359375,14.1163330078125,15.013885498046877,11.586807250976562,35.55000019073486
1972-03-18 11:21:52,24.17180252075196,80.90361022949219,151.48111724853516,90.98484802246094,97.0999984741211,60.82175827026367,100.0,2.950242757797241,41.499853310024946,193697.0,11.722808837890623,10.49884033203125,14.823486328125,10.36285400390625,35.55000019073486
1972-03-18 11:21:53,24.188947677612305,81.02410125732422,151.30208587646484,90.98484802246094,96.20000457763672,60.82175827026367,100.0,2.964920282363892,41.477301682111815,193697.0,10.74365234375,16.3194580078125,8.322906494140625,12.26678466796875,35.55000019073486
1972-03-18 11:21:54,24.207744598388672,81.02410125732422,152.24609375,90.98484802246094,97.5,60.82175827026367,100.0,2.9759981632232666,40.769301353705494,193697.0,11.070037841796877,12.973968505859377,10.335647583007812,12.293975830078123,35.55000019073486
1972-03-18 11:21:55,24.254383087158203,81.08433532714844,150.341796875,90.98484802246094,97.0999984741211,60.82175827026367,100.0,2.9907543659210205,39.759914257956844,193697.0,10.4444580078125,10.825225830078123,11.477996826171877,13.13714599609375,35.55000019073486
1972-03-18 11:21:56,24.33345413208008,80.96385955810547,150.0732421875,90.98484802246094,96.9000015258789,60.82175827026367,100.0,3.001162052154541,42.16780067124751,193697.0,11.586822509765623,15.421875,7.0445556640625,9.737274169921877,35.55000019073486
1972-03-18 11:21:57,24.406532287597656,80.96385955810547,151.025390625,90.98484802246094,96.9000015258789,60.81814193725586,100.0,3.010835647583008,39.772822898812855,193697.0,11.342025756835938,12.10357666015625,10.36285400390625,5.902191162109375,35.55000019073486
1972-03-18 11:21:58,24.44743728637696,81.02410125732422,151.80664825439453,90.98484802246094,98.29999542236328,60.82175827026367,100.0,3.023427963256836,40.51728004950731,193697.0,15.449081420898438,10.49884033203125,9.954864501953123,12.729171752929688,35.55000019073486
1972-03-18 11:21:59,24.43450736999512,80.96385955810547,150.44759368896484,91.06060791015624,96.9000015258789,60.82175827026367,100.0,3.034587383270264,43.57246646343581,193697.0,8.730926513671875,11.423614501953123,14.007522583007812,11.66839599609375,35.55000019073486
1972-03-18 11:22:00,24.38725852966309,80.90361022949219,152.01822662353516,90.98484802246094,97.5,60.82175827026367,100.0,3.045021772384644,38.346104203310084,193697.0,11.39642333984375,17.516204833984375,10.417236328125,8.622100830078125,35.55000019073486
1972-03-18 11:22:01,24.32508659362793,80.96385955810547,151.31021881103516,90.98484802246094,97.5999984741211,60.82175827026367,100.0,3.06644868850708,37.93251091419032,193697.0,12.919570922851562,14.660308837890623,13.354736328125,11.9132080078125,35.55000019073486
1972-03-18 11:22:02,24.276620864868164,81.08433532714844,151.2369842529297,90.98484802246094,96.3000030517578,60.82175827026367,100.0,3.074817657470703,41.581809343710816,193697.0,12.538787841796877,9.1116943359375,13.43634033203125,8.486114501953125,35.55000019073486
1972-03-18 11:22:03,24.26403045654297,81.02410125732422,151.11490631103516,90.98484802246094,96.9000015258789,60.82175827026367,100.0,3.086836099624634,41.99493520336694,193697.0,13.327545166015623,13.028350830078123,11.695602416992188,12.0491943359375,35.55000019073486
1972-03-18 11:22:04,24.238800048828125,80.96385955810547,151.25325775146484,90.98484802246094,97.29999542236328,60.82175827026367,100.0,3.096663475036621,40.93074911521082,193697.0,10.934036254882812,15.911468505859377,16.047454833984375,10.607635498046877,35.55000019073486
1972-03-18 11:22:05,24.15946578979492,80.96385955810547,151.806640625,90.98484802246094,96.8000030517578,60.82175827026367,100.0,3.107215881347656,40.877866671803574,193697.0,14.76910400390625,12.6475830078125,11.396408081054688,10.689239501953123,35.55000019073486
1972-03-18 11:22:06,24.05083274841309,81.02410125732422,151.59505462646484,90.98484802246094,96.9000015258789,60.82175827026367,100.0,3.1170341968536377,40.650707800103774,193697.0,8.649322509765625,10.526031494140623,15.367477416992188,13.73553466796875,35.55000019073486
1972-03-18 11:22:07,23.928300857543945,81.08433532714844,150.5696563720703,90.98484802246094,96.10000610351562,60.81814193725586,100.0,3.1334328651428223,43.248521181721856,193697.0,10.906829833984377,16.781829833984375,10.28125,8.758102416992188,35.55000019073486
1972-03-18 11:22:08,23.822025299072266,81.02410125732422,152.28678131103516,90.98484802246094,97.0999984741211,60.81814193725586,100.0,3.14404821395874,42.404544516310445,193697.0,12.321197509765623,15.06829833984375,12.810760498046877,13.980316162109377,35.55000019073486
1972-03-18 11:22:09,23.776674270629883,80.96385955810547,151.8391876220703,90.98484802246094,97.0999984741211,60.81814193725586,100.0,3.1546638011932373,44.41500799184972,193697.0,7.5069580078125,17.625,14.03472900390625,12.538772583007812,35.55000019073486
1972-03-18 11:22:10,23.78817176818848,80.90361022949219,151.3020782470703,90.98484802246094,97.1999969482422,60.82175827026367,100.0,3.1652793884277344,42.33603202346916,193697.0,11.75,12.0491943359375,15.50347900390625,14.2523193359375,35.55000019073486
1972-03-18 11:22:11,23.81498908996582,80.96385955810547,152.40071868896484,90.98484802246094,98.0,60.81814193725586,100.0,3.1758947372436523,43.20059430175431,193697.0,10.4444580078125,16.781829833984375,15.04107666015625,10.49884033203125,35.55000019073486
1972-03-18 11:22:12,23.833499908447266,81.02410125732422,151.54622650146484,90.98484802246094,97.29999542236328,60.82175827026367,100.0,3.182856559753418,40.299087568137885,193697.0,8.59490966796875,15.231475830078123,12.620361328125,10.607635498046877,35.55000019073486
1972-03-18 11:22:13,23.82773971557617,81.02410125732422,151.6845703125,90.98484802246094,97.0999984741211,60.81814193725586,100.0,3.1853623390197754,41.25634595782239,193697.0,11.423614501953123,9.002899169921875,9.682861328125,14.6875,35.55000019073486
1972-03-18 11:22:14,23.83600234985352,80.96385955810547,150.8137969970703,90.98484802246094,96.3000030517578,60.81814193725586,100.0,3.1928975582122803,42.89840608853534,193697.0,13.626739501953123,13.21875,11.23321533203125,9.601272583007812,35.55000019073486
1972-03-18 11:22:15,23.86572265625,81.02410125732422,150.9928436279297,90.98484802246094,96.9000015258789,60.82175827026367,100.0,3.20333218574524,42.955240802166664,193697.0,4.40625,13.817138671875,15.177093505859377,11.994796752929688,35.55000019073486
1972-03-18 11:22:16,23.977140426635746,80.96385955810547,151.49739837646484,90.98484802246094,97.1999969482422,60.81814193725586,100.0,3.2137668132781982,42.57160335112915,193697.0,13.817138671875,14.60589599609375,16.07464599609375,11.9132080078125,35.55000019073486
1972-03-18 11:22:17,24.12591361999512,80.96385955810547,151.77408599853516,90.98484802246094,98.29999542236328,60.82175827026367,100.0,3.224201440811157,42.449851279875354,193697.0,16.265045166015625,14.6875,7.7789306640625,11.858795166015623,35.55000019073486
1972-03-18 11:22:18,24.22606468200684,81.02410125732422,152.17284393310547,90.98484802246094,97.39999389648438,60.82175827026367,100.0,3.234636068344116,43.36179494679144,193697.0,5.059051513671875,12.674774169921877,17.24420166015625,12.946762084960938,35.55000019073486
1972-03-18 11:22:19,24.28884506225586,80.96385955810547,151.6520233154297,90.98484802246094,97.0,60.81814193725586,100.0,3.245070695877075,41.22324908613317,193697.0,14.497116088867188,13.409149169921877,13.925933837890623,12.26678466796875,35.55000019073486
1972-03-18 11:22:20,24.27846908569336,81.02410125732422,150.96842193603516,90.98484802246094,97.39999389648438,60.82175827026367,100.00360870361328,3.255505084991455,39.01299388557229,193697.0,11.1788330078125,14.60589599609375,10.7164306640625,12.212387084960938,35.55000019073486
1972-03-18 11:22:21,24.2688102722168,81.02410125732422,152.0670623779297,90.98484802246094,97.0999984741211,60.82175827026367,100.0,3.265939712524414,43.207336445285485,193697.0,11.858795166015623,19.365753173828125,16.292236328125,6.582183837890625,35.55000019073486
1972-03-18 11:22:22,24.269256591796875,80.96385955810547,151.7822265625,90.98484802246094,97.79999542236328,60.81814193725586,100.0,3.276374340057373,42.53822130951707,193697.0,7.3709716796875,13.30035400390625,13.925933837890623,14.1163330078125,35.55000019073486
1972-03-18 11:22:23,24.303417205810547,80.96385955810547,152.2053985595703,90.98484802246094,96.9000015258789,60.82175827026367,100.0,3.286808967590332,43.82414921060211,193697.0,8.921295166015625,13.109954833984377,14.089111328125,8.5133056640625,35.55000019073486
1972-03-18 11:22:24,24.31015396118164,80.96385955810547,151.20442962646484,90.98484802246094,97.0,60.81814193725586,100.0,3.297243595123291,39.99325825964601,193697.0,10.4444580078125,14.143524169921877,8.15972900390625,10.417236328125,35.55000019073486
1972-03-18 11:22:25,24.287324905395508,80.96385955810547,152.84017181396484,90.98484802246094,97.0,60.82175827026367,100.0,3.30767822265625,41.06920542915241,193697.0,6.41900634765625,12.810760498046877,14.633102416992188,13.681137084960938,35.55000019073486
1972-03-18 11:22:26,24.19815254211425,81.02410125732422,150.93587493896484,90.98484802246094,96.6999969482422,60.82175827026367,100.0,3.31811261177063,41.25177268879682,193697.0,15.285888671875,9.220489501953123,9.438079833984377,12.022003173828123,35.55000019073486
1972-03-18 11:22:27,24.12725067138672,81.08433532714844,150.4557342529297,90.98484802246094,96.5999984741211,60.81814193725586,100.0,3.328547239303589,41.73237228794396,193697.0,10.852447509765623,14.6875,11.36920166015625,10.5804443359375,35.55000019073486
1972-03-18 11:22:28,24.06459617614746,81.02410125732422,151.22069549560547,90.98484802246094,97.29999542236328,60.82175827026367,100.0,3.338981866836548,41.3298791236654,193697.0,5.983795166015625,18.032989501953125,12.021987915039062,11.777191162109377,35.55000019073486
1972-03-18 11:22:29,24.029979705810547,81.02410125732422,151.6194610595703,90.98484802246094,96.20000457763672,60.82175827026367,100.0,3.349416494369507,46.4090563815272,193697.0,12.26678466796875,15.149871826171877,14.089111328125,12.729171752929688,35.55000019073486
1972-03-18 11:22:30,24.010631561279297,81.02410125732422,151.5299530029297,90.98484802246094,97.5,60.81814193725586,100.0,3.359851121902466,41.5812815774669,193697.0,16.10186767578125,12.810760498046877,14.46990966796875,10.090850830078123,35.55000019073486
1972-03-18 11:22:31,23.994808197021484,80.96385955810547,151.6357421875,90.98484802246094,97.5,60.81814193725586,100.0,3.370285749435425,40.5243789640697,193697.0,5.412628173828125,14.442718505859377,18.19618225097656,13.925933837890623,35.55000019073486
1972-03-18 11:22:32,23.99308204650879,80.96385955810547,151.7415313720703,90.98484802246094,96.6999969482422,60.81814193725586,100.0,3.3807201385498047,43.496577428685335,193697.0,11.450820922851562,15.9930419921875,13.028350830078123,9.76446533203125,35.55000019073486
1972-03-18 11:22:33,23.963409423828125,80.96385955810547,151.01725006103516,90.98484802246094,96.6999969482422,60.81814193725586,100.0,3.3940980434417725,44.50625992539794,193697.0,13.708343505859377,16.15625,14.578704833984377,12.348388671875,35.55000019073486
1972-03-18 11:22:34,23.93295860290528,81.02410125732422,151.2858123779297,90.98484802246094,98.0,60.82175827026367,100.0,3.408964395523072,42.499573748723165,193697.0,7.234954833984375,17.54339599609375,13.817138671875,11.23321533203125,35.55000019073486
1972-03-18 11:22:35,23.947656631469727,81.08433532714844,152.08333587646484,90.98484802246094,97.29999542236328,60.82175827026367,100.0,3.423877239227295,42.49002805072435,193697.0,15.14990234375,14.877899169921877,15.394683837890623,12.620361328125,35.55000019073486
1972-03-18 11:22:36,24.02115821838379,80.96385955810547,151.66015625,90.98484802246094,96.8000030517578,60.81814193725586,100.00360870361328,3.440319538116455,43.348860191813486,193697.0,11.1788330078125,17.84259033203125,14.959487915039062,7.34375,35.55000019073486
1972-03-18 11:22:37,24.13772392272949,81.02410125732422,150.9684295654297,90.98484802246094,97.29999542236328,60.82175827026367,100.0,3.455366611480713,38.8893215464825,193697.0,8.8125,12.674774169921877,12.157989501953123,11.722808837890623,35.55000019073486
1972-03-18 11:22:38,24.21819496154785,81.02410125732422,152.47396087646484,90.98484802246094,97.5999984741211,60.82175827026367,100.0,3.464597225189209,39.7760867282981,193697.0,10.988433837890623,12.42999267578125,17.733795166015625,12.348388671875,35.55000019073486
1972-03-18 11:22:39,24.219802856445312,80.96385955810547,151.1149139404297,90.98484802246094,96.9000015258789,60.81814193725586,100.00360870361328,3.47602653503418,42.41024174226297,193697.0,14.442718505859377,20.181716918945312,10.36285400390625,10.852432250976562,35.55000019073486
1972-03-18 11:22:40,24.180503845214844,81.02410125732422,151.318359375,90.98484802246094,97.5,60.82175827026367,100.0,3.4859819412231445,42.66543364694813,193697.0,9.601287841796877,15.77545166015625,12.484375,13.490753173828123,35.55000019073486
1972-03-18 11:22:41,24.14317321777344,81.02410125732422,151.60318756103516,90.98484802246094,97.0999984741211,60.82175827026367,100.0,3.49814510345459,40.792985308235686,193697.0,13.59954833984375,15.829864501953123,9.46527099609375,11.369216918945312,35.55000019073486
1972-03-18 11:22:42,24.134349822998047,81.02410125732422,151.3264923095703,90.98484802246094,96.5,60.81814193725586,100.0,3.508851289749145,40.78165916535937,193697.0,13.871536254882812,13.082763671875,14.3883056640625,15.1226806640625,35.55000019073486
1972-03-18 11:22:43,24.17117500305176,80.96385955810547,151.953125,90.98484802246094,96.9000015258789,60.81814193725586,100.0,3.5232033729553223,44.555535828043,193697.0,9.49249267578125,15.884246826171877,13.87152099609375,9.873260498046877,35.55000019073486
1972-03-18 11:22:44,24.18918800354004,80.96385955810547,150.9358673095703,90.98484802246094,97.1999969482422,60.82175827026367,100.0,3.539091348648072,38.81507094132116,193697.0,12.86517333984375,9.655670166015623,10.79803466796875,11.66839599609375,35.55000019073486
1972-03-18 11:22:45,24.1773738861084,81.02410125732422,152.39258575439453,90.98484802246094,97.0999984741211,60.82175827026367,100.00360870361328,3.555034875869751,42.4174555714238,193697.0,11.151641845703123,15.394683837890623,13.545135498046877,11.586807250976562,35.55000019073486
1972-03-18 11:22:46,24.11246109008789,81.02410125732422,150.18717193603516,90.98484802246094,96.5,60.81814193725586,100.0,3.573961973190308,41.81190201705855,193697.0,16.047454833984375,12.022003173828123,10.390045166015623,11.09722900390625,35.55000019073486
1972-03-18 11:22:47,24.03931427001953,81.08433532714844,151.2044219970703,90.98484802246094,97.39999389648438,60.81814193725586,100.0,3.5849390029907227,46.33986708796682,193697.0,5.331024169921875,15.06829833984375,17.3258056640625,15.421875,35.55000019073486
1972-03-18 11:22:48,24.005077362060547,81.02410125732422,151.21256256103516,90.98484802246094,97.5,60.81814193725586,100.0,3.595916271209717,42.3645236999123,193697.0,7.914947509765625,11.23321533203125,10.988433837890623,10.49884033203125,35.55000019073486
1972-03-18 11:22:49,24.003467559814453,80.96385955810547,151.0986328125,90.98484802246094,96.6999969482422,60.81814193725586,100.0,3.606893301010132,41.637257692457446,193697.0,12.321197509765623,10.743621826171877,12.10357666015625,10.7164306640625,35.55000019073486
1972-03-18 11:22:50,24.053539276123047,80.90361022949219,151.11490631103516,90.98484802246094,96.20000457763672,60.82175827026367,100.0,3.6105551719665527,43.857218256278536,193697.0,11.124420166015623,17.4617919921875,7.506942749023437,13.73553466796875,35.55000019073486
1972-03-18 11:22:51,24.088611602783203,81.02410125732422,152.1728515625,90.98484802246094,98.1999969482422,60.81814193725586,100.0,3.619232654571533,39.454693147797556,193697.0,11.9132080078125,12.212371826171877,11.287612915039062,13.6539306640625,35.55000019073486
1972-03-18 11:22:52,24.10079574584961,81.08433532714844,151.318359375,90.98484802246094,98.79999542236328,60.81814193725586,100.0,3.624236822128296,39.80262062632095,193698.0,8.676513671875,11.9132080078125,14.225112915039062,12.1851806640625,35.55000019073486
1972-03-18 11:22:53,24.07366180419922,81.02410125732422,150.14647674560547,90.98484802246094,96.10000610351562,60.82175827026367,100.0,3.628442525863648,42.493010594910345,193698.0,9.410888671875,11.206024169921877,11.641204833984377,14.306716918945312,35.55000019073486
1972-03-18 11:22:54,24.042036056518555,80.90361022949219,151.67642974853516,90.98484802246094,96.5999984741211,60.82175827026367,100.0,3.639148473739624,42.55600263737638,193698.0,11.83160400390625,14.089111328125,11.83160400390625,12.375579833984377,35.55000019073486
1972-03-18 11:22:55,24.0412654876709,80.90361022949219,150.7649688720703,90.98484802246094,97.0,60.81814193725586,100.0,3.6498544216156006,41.086682845484255,193698.0,8.866912841796875,11.96759033203125,13.789932250976562,10.961227416992188,35.55000019073486
1972-03-18 11:22:56,24.077289581298828,80.96385955810547,150.19530487060547,90.98484802246094,96.9000015258789,60.81814193725586,100.0,3.6598188877105713,43.56352795919082,193698.0,12.6475830078125,14.46990966796875,10.145263671875,13.028350830078123,35.55000019073486
1972-03-18 11:22:57,24.117387771606445,81.08433532714844,150.4801483154297,90.98484802246094,97.29999542236328,60.82175827026367,100.0,3.663926601409912,43.33022983905121,193698.0,13.137161254882812,13.43634033203125,10.36285400390625,11.260421752929688,35.55000019073486
1972-03-18 11:22:58,24.1428337097168,81.02410125732422,150.72428131103516,90.98484802246094,96.5,60.81814193725586,100.0,3.661355972290039,41.26806487194692,193698.0,11.09722900390625,10.988433837890623,14.9866943359375,8.649307250976562,35.55000019073486
1972-03-18 11:22:59,24.11849594116211,80.96385955810547,150.8951873779297,90.98484802246094,96.6999969482422,60.81814193725586,100.00360870361328,3.670341014862061,43.237630681695066,193698.0,14.2523193359375,11.83160400390625,15.20428466796875,12.946762084960938,35.55000019073486
1972-03-18 11:23:00,24.07160377502441,80.96385955810547,149.72330474853516,90.98484802246094,97.29999542236328,60.81814193725586,100.0,3.6741786003112793,40.47662465047808,193698.0,7.316558837890625,18.98495483398437,8.186920166015625,13.681137084960938,35.55000019073486
1972-03-18 11:23:01,24.059534072875977,80.96385955810547,151.6194610595703,90.98484802246094,97.1999969482422,60.82175827026367,100.0,3.6706347465515137,40.29970410155282,193698.0,7.914947509765625,13.327545166015623,11.940399169921877,13.109954833984377,35.55000019073486
1972-03-18 11:23:02,24.062206268310547,80.96385955810547,151.31835174560547,90.98484802246094,97.29999542236328,60.81814193725586,100.0,3.669074773788452,42.69921777340081,193698.0,14.6875,11.477996826171877,13.5179443359375,10.471649169921877,35.55000019073486
1972-03-18 11:23:03,24.131267547607425,81.08433532714844,149.70702362060547,90.98484802246094,96.5,60.81814193725586,100.0,3.674715995788574,43.484733792221675,193698.0,9.954864501953123,14.497100830078123,8.703704833984375,12.321182250976562,35.55000019073486
1972-03-18 11:23:04,24.166915893554688,81.02410125732422,151.0660858154297,90.98484802246094,97.0,60.81814193725586,100.0,3.678116798400879,39.39716184714892,193698.0,11.614013671875,15.20428466796875,11.09722900390625,10.471649169921877,35.55000019073486
1972-03-18 11:23:05,24.175424575805664,80.96385955810547,150.93587493896484,90.98484802246094,97.29999542236328,60.82175827026367,100.0,3.6697025299072266,42.784347550293354,193698.0,9.138885498046877,10.63482666015625,16.319442749023438,14.415512084960938,35.55000019073486
1972-03-18 11:23:06,24.12172508239746,80.96385955810547,149.52799224853516,90.98484802246094,96.5999984741211,60.81814193725586,100.0,3.669868469238281,41.5067654242033,193698.0,11.83160400390625,12.375579833984377,11.015625,9.92767333984375,35.55000019073486
1972-03-18 11:23:07,24.049936294555664,81.02410125732422,151.1393280029297,90.98484802246094,96.8000030517578,60.81814193725586,100.0,3.6772243976593018,42.73642957506936,193698.0,9.410888671875,14.3883056640625,10.172454833984377,12.321182250976562,35.55000019073486
1972-03-18 11:23:08,24.00031852722168,80.96385955810547,151.0579376220703,90.98484802246094,96.20000457763672,60.82175827026367,100.0,3.681617975234986,41.70666996527638,193698.0,9.465301513671877,15.313079833984377,11.66839599609375,9.76446533203125,35.55000019073486
1972-03-18 11:23:09,23.98917961120605,80.96385955810547,150.48828125,90.98484802246094,97.0999984741211,60.82175827026367,100.0,3.672792673110962,43.08027986110466,193698.0,11.287628173828123,12.13079833984375,9.2476806640625,13.30035400390625,35.55000019073486
1972-03-18 11:23:10,24.033721923828125,81.02410125732422,151.0009765625,90.98484802246094,97.6999969482422,60.81814193725586,100.0,3.6710338592529297,42.0916985487666,193698.0,12.484375,14.741912841796877,12.076385498046877,13.109954833984377,35.55000019073486
1972-03-18 11:23:11,24.06254196166992,81.02410125732422,151.52994537353516,90.98484802246094,97.5,60.81814193725586,100.0,3.6779375076293945,41.73609435289452,193698.0,9.764480590820312,14.741912841796877,10.49884033203125,11.75,35.55000019073486
1972-03-18 11:23:12,24.04263496398925,81.08433532714844,149.9267578125,90.98484802246094,97.1999969482422,60.81814193725586,100.0,3.6738529205322266,41.424069386879225,193698.0,14.279525756835938,12.6475830078125,14.197906494140623,11.423614501953123,35.55000019073486
1972-03-18 11:23:13,23.990657806396484,80.96385955810547,150.9440155029297,90.98484802246094,96.5999984741211,60.82175827026367,100.0,3.670300722122192,41.01009157725536,193698.0,10.825241088867188,14.551513671875,14.3883056640625,11.287628173828123,35.55000019073486
1972-03-18 11:23:14,23.932661056518555,80.90361022949219,150.9521484375,90.98484802246094,97.0999984741211,60.81814193725586,100.0,3.665884017944336,42.228597054402485,193698.0,10.090866088867188,12.810760498046877,15.77545166015625,12.729171752929688,35.55000019073486
1972-03-18 11:23:15,23.91128158569336,80.90361022949219,151.37532806396484,90.98484802246094,97.39999389648438,60.81814193725586,100.0,3.662038564682007,43.83787049517732,193698.0,10.5804443359375,15.77545166015625,13.626739501953123,10.06365966796875,35.55000019073486
1972-03-18 11:23:16,23.959754943847656,80.96385955810547,150.91146087646484,90.98484802246094,96.20000457763672,60.81814193725586,100.0,3.6682746410369873,41.07557532305053,193698.0,9.900482177734377,16.346649169921875,12.212371826171877,11.287628173828123,35.55000019073486
1972-03-18 11:23:17,24.021427154541016,81.08433532714844,151.23697662353516,90.98484802246094,97.29999542236328,60.82175827026367,100.00360870361328,3.662788391113281,40.85023033717411,193698.0,11.804412841796877,14.932281494140623,9.302093505859377,13.191558837890623,35.55000019073486
1972-03-18 11:23:18,24.056928634643555,81.08433532714844,151.6357421875,90.98484802246094,98.5,60.82175827026367,100.00360870361328,3.651977777481079,39.358474145109724,193698.0,13.545150756835938,15.20428466796875,12.076385498046877,7.098968505859375,35.55000019073486
1972-03-18 11:23:19,24.04184913635254,80.96385955810547,151.13118743896484,90.98484802246094,97.5,60.82175827026367,100.0,3.651198387145996,40.07857124553535,193698.0,5.95660400390625,12.022003173828123,13.87152099609375,14.197921752929688,35.55000019073486
1972-03-18 11:23:20,24.01656723022461,80.96385955810547,149.45475006103516,90.98484802246094,96.8000030517578,60.82175827026367,100.00360870361328,3.647390365600586,41.24339110889658,193698.0,12.21240234375,14.60589599609375,12.593170166015623,11.342010498046877,35.55000019073486
1972-03-18 11:23:21,24.027313232421875,80.96385955810547,152.10774993896484,90.98484802246094,97.29999542236328,60.82175827026367,100.00360870361328,3.636099100112915,40.980535327125835,193698.0,15.122695922851562,14.225128173828123,12.021987915039062,12.40277099609375,35.55000019073486
1972-03-18 11:23:22,24.062562942504883,81.02410125732422,150.13021087646484,90.98484802246094,96.4000015258789,60.82175827026367,100.00360870361328,3.628983736038208,41.45798632229506,193698.0,7.42535400390625,16.645843505859375,15.8570556640625,11.96759033203125,35.55000019073486
1972-03-18 11:23:23,24.16700553894043,81.02410125732422,152.08333587646484,90.98484802246094,97.5999984741211,60.82175827026367,100.00360870361328,3.630462884902954,41.086023479316594,193698.0,10.036468505859377,10.36285400390625,15.693862915039062,14.3883056640625,35.55000019073486
1972-03-18 11:23:24,24.24552154541016,81.02410125732422,152.1728515625,90.98484802246094,97.1999969482422,60.82175827026367,100.00360870361328,3.628942012786865,40.23310516443359,193698.0,13.626739501953123,16.645843505859375,13.028350830078123,9.682861328125,35.55000019073486
1972-03-18 11:23:25,24.266082763671875,81.02410125732422,153.1331329345703,90.98484802246094,97.0999984741211,60.82175827026367,100.00360870361328,3.6199817657470703,40.435691695665355,193698.0,8.15972900390625,12.946746826171877,14.796295166015623,11.151611328125,35.55000019073486
1972-03-18 11:23:26,24.243328094482425,80.96385955810547,154.0771484375,90.98484802246094,97.0,60.82175827026367,100.0,3.612297773361206,41.958478298941515,193698.0,5.983795166015625,10.36285400390625,14.361114501953123,10.28125,35.55000019073486
1972-03-18 11:23:27,24.19506454467773,80.90361022949219,152.75878143310547,90.98484802246094,96.8000030517578,60.82175827026367,100.00360870361328,3.6007871627807617,40.401682135896834,193698.0,11.26043701171875,11.260406494140623,10.172454833984377,11.804397583007812,35.55000019073486
1972-03-18 11:23:28,24.15366554260254,80.96385955810547,154.75260162353516,90.98484802246094,97.79999542236328,60.82175827026367,100.0,3.603681325912476,40.921972535662995,193698.0,9.166107177734377,20.45370483398437,12.212371826171877,8.132522583007812,35.55000019073486
1972-03-18 11:23:29,24.14867401123047,80.96385955810547,154.98860931396484,90.98484802246094,96.20000457763672,60.82175827026367,100.00360870361328,3.595545530319214,45.06806267504735,193698.0,9.002899169921875,9.954864501953123,10.879638671875,12.457183837890623,35.55000019073486
1972-03-18 11:23:30,24.17615509033203,81.02410125732422,155.95702362060547,90.98484802246094,97.79999542236328,60.82175827026367,100.0,3.5901567935943604,43.57997779613023,193698.0,13.082763671875,13.0555419921875,11.913192749023438,11.777191162109377,35.55000019073486
1972-03-18 11:23:31,24.185306549072266,81.08433532714844,155.55013275146484,90.98484802246094,97.1999969482422,60.82175827026367,100.00360870361328,3.5816879272460938,44.399095951077854,193698.0,9.873275756835938,14.415496826171877,13.73553466796875,10.19964599609375,35.55000019073486
1972-03-18 11:23:32,24.147579193115234,81.02410125732422,156.15234375,90.98484802246094,98.29999542236328,60.82175827026367,100.0,3.581087112426758,40.43229726405865,193698.0,2.6383056640625,13.245941162109377,13.21875,12.892364501953123,35.55000019073486
1972-03-18 11:23:33,24.074880599975582,80.90361022949219,155.1432342529297,90.98484802246094,96.3000030517578,60.82175827026367,100.00360870361328,3.5716373920440674,42.520627473673116,193698.0,12.593170166015623,14.660308837890623,7.69732666015625,11.695602416992188,35.55000019073486
1972-03-18 11:23:34,24.02553367614746,80.96385955810547,157.421875,90.98484802246094,97.0,60.82175827026367,100.0,3.5605146884918213,43.12137676312701,193698.0,11.69561767578125,9.19329833984375,14.03472900390625,12.457183837890623,35.55000019073486
1972-03-18 11:23:35,24.017677307128903,81.02410125732422,157.77994537353516,90.98484802246094,97.0,60.82175827026367,100.00360870361328,3.5462794303894043,43.35152300872447,193698.0,7.398162841796875,13.844329833984377,10.689239501953123,12.1851806640625,35.55000019073486
1972-03-18 11:23:36,24.07574462890625,81.02410125732422,156.23372650146484,90.98484802246094,96.9000015258789,60.82175827026367,100.0,3.551560163497925,41.85085969446607,193698.0,15.20428466796875,12.13079833984375,11.96759033203125,12.157989501953123,35.55000019073486
1972-03-18 11:23:37,24.111862182617188,81.02410125732422,157.4462890625,90.98484802246094,97.5999984741211,60.82175827026367,100.00360870361328,3.5421717166900635,42.04294952521683,193698.0,9.1116943359375,14.823486328125,13.980316162109377,8.703704833984375,35.55000019073486
1972-03-18 11:23:38,24.131092071533203,80.96385955810547,158.37403106689453,90.98484802246094,97.0999984741211,60.82175827026367,100.0,3.534818887710572,42.279123215784956,193698.0,10.335662841796877,14.30670166015625,12.212371826171877,13.43634033203125,35.55000019073486
1972-03-18 11:23:39,24.10317611694336,80.96385955810547,156.25814056396484,90.98484802246094,97.39999389648438,60.82175827026367,100.0,3.5317232608795166,44.38728192421528,193698.0,9.79168701171875,17.40740966796875,18.032989501953125,11.015625,35.55000019073486
1972-03-18 11:23:40,24.05174446105957,81.02410125732422,156.0709686279297,90.98484802246094,96.6999969482422,60.81814193725586,100.0,3.533642292022705,44.73687524092903,193698.0,14.796295166015623,16.10186767578125,8.350112915039062,7.86053466796875,35.55000019073486
1972-03-18 11:23:41,24.02021217346192,81.02410125732422,157.080078125,90.98484802246094,96.5999984741211,60.81814193725586,100.0,3.523065090179444,42.40907843874172,193698.0,11.015625,13.409149169921877,12.7835693359375,11.015625,35.55000019073486
1972-03-18 11:23:42,24.03937721252441,80.96385955810547,157.16146087646484,90.98484802246094,96.6999969482422,60.81814193725586,100.00360870361328,3.5167086124420166,40.88953308974602,193698.0,9.79168701171875,13.30035400390625,11.641204833984377,14.8507080078125,35.55000019073486
1972-03-18 11:23:43,24.098295211791992,80.96385955810547,156.7220001220703,90.98484802246094,97.6999969482422,60.81814193725586,100.0,3.510927438735962,42.45637628619598,193698.0,11.99481201171875,17.081024169921875,12.729156494140623,9.8460693359375,35.55000019073486
1972-03-18 11:23:44,24.149938583374023,81.02410125732422,156.884765625,90.98484802246094,97.0,60.82175827026367,100.0,3.513091802597046,42.1735708255634,193698.0,9.62847900390625,14.877899169921877,9.710067749023438,11.124420166015623,35.55000019073486
1972-03-18 11:23:45,24.159099578857425,81.02410125732422,156.33138275146484,90.98484802246094,96.8000030517578,60.81814193725586,100.0,3.5049705505371094,42.474788821952,193698.0,11.777206420898438,10.22686767578125,12.946746826171877,12.022003173828123,35.55000019073486
1972-03-18 11:23:46,24.117769241333008,81.02410125732422,155.08626556396484,90.98484802246094,96.20000457763672,60.81814193725586,100.0,3.4966957569122314,42.52350403810875,193698.0,10.199661254882812,12.212371826171877,14.415496826171877,7.1805572509765625,35.55000019073486
1972-03-18 11:23:47,24.06106185913086,80.96385955810547,156.4208984375,90.98484802246094,97.5,60.82175827026367,100.0,3.4897348880767822,42.43213150834178,193698.0,12.484375,15.013885498046877,14.197906494140623,10.526046752929688,35.55000019073486
1972-03-18 11:23:48,24.04793167114257,80.96385955810547,155.82682037353516,90.98484802246094,98.0999984741211,60.81814193725586,100.0,3.489227533340454,40.16743940097916,193698.0,8.29571533203125,15.231475830078123,13.6539306640625,12.212387084960938,35.55000019073486
1972-03-18 11:23:49,24.09081077575684,80.96385955810547,155.4036407470703,90.98484802246094,97.29999542236328,60.82175827026367,100.0,3.479875087738037,40.68808805462766,193698.0,11.722808837890623,12.26678466796875,9.138885498046877,11.151611328125,35.55000019073486
1972-03-18 11:23:50,24.163652420043945,81.02410125732422,156.08724212646484,90.98484802246094,97.5999984741211,60.81814193725586,100.0,3.479166269302368,40.74205951306972,193698.0,9.2476806640625,14.225128173828123,9.302093505859377,11.3148193359375,35.55000019073486
1972-03-18 11:23:51,24.19076538085937,81.08433532714844,155.17578125,90.98484802246094,97.89999389648438,60.82175827026367,100.0,3.4666693210601807,41.93597511552538,193698.0,9.05731201171875,16.292236328125,10.988433837890623,9.438079833984377,35.55000019073486
1972-03-18 11:23:52,24.179256439208984,81.02410125732422,154.6630859375,90.98484802246094,96.20000457763672,60.81814193725586,100.0,3.4671597480773926,44.3213359676274,193698.0,9.084503173828123,9.682861328125,14.061920166015623,14.932296752929688,35.55000019073486
1972-03-18 11:23:53,24.12817001342773,80.96385955810547,156.2255859375,90.98484802246094,98.29999542236328,60.82175827026367,100.0,3.461743116378784,39.047319114221146,193698.0,11.206024169921877,17.135406494140625,13.409149169921877,7.914932250976562,35.55000019073486
1972-03-18 11:23:54,24.09166717529297,80.96385955810547,155.30599212646484,90.98484802246094,96.5,60.82175827026367,100.0,3.459168672561645,42.11243418162909,193698.0,12.402786254882812,9.873260498046877,13.381942749023438,12.946762084960938,35.55000019073486
1972-03-18 11:23:55,24.08790397644043,80.96385955810547,156.55110931396484,90.98484802246094,97.29999542236328,60.82175827026367,100.0,3.458692789077759,42.077279521520275,193698.0,7.42535400390625,15.8570556640625,15.068283081054688,12.321182250976562,35.55000019073486
1972-03-18 11:23:56,24.134641647338867,81.02410125732422,154.69564056396484,90.98484802246094,96.4000015258789,60.82175827026367,100.00360870361328,3.4581868648529053,43.78792386582593,193698.0,11.75,10.090850830078123,12.26678466796875,11.4508056640625,35.55000019073486
1972-03-18 11:23:57,24.16758918762207,81.02410125732422,154.3375701904297,90.98484802246094,97.0,60.82175827026367,100.0,3.449578762054444,42.34979094020832,193698.0,9.2476806640625,12.022003173828123,12.239593505859377,9.8460693359375,35.55000019073486
1972-03-18 11:23:58,24.16015815734864,81.02410125732422,156.09537506103516,90.98484802246094,96.4000015258789,60.82175827026367,100.0,3.4496169090271,42.792853347244666,193698.0,8.59490966796875,10.19964599609375,14.60589599609375,12.40277099609375,35.55000019073486
1972-03-18 11:23:59,24.12073516845703,81.02410125732422,155.126953125,90.98484802246094,96.8000030517578,60.81814193725586,100.0,3.443755865097046,40.789526539646815,193698.0,9.220489501953123,13.273162841796877,10.553237915039062,9.057296752929688,35.55000019073486
1972-03-18 11:24:00,24.05177879333496,81.02410125732422,154.97232818603516,90.98484802246094,97.89999389648438,60.82175827026367,100.0,3.4407215118408203,44.78733572935702,193698.0,13.055572509765623,10.96124267578125,12.83795166015625,11.75,35.55000019073486
1972-03-18 11:24:01,24.014137268066406,80.96385955810547,157.07193756103516,90.98484802246094,97.0,60.82175827026367,100.00360870361328,3.4332196712493896,43.17292319085672,193698.0,11.369232177734377,12.3211669921875,16.917816162109375,10.607635498046877,35.55000019073486
1972-03-18 11:24:02,24.0239372253418,80.96385955810547,155.91634368896484,90.98484802246094,97.5999984741211,60.82175827026367,100.00360870361328,3.43143892288208,40.276292842612676,193698.0,10.498855590820312,13.89874267578125,11.3148193359375,10.090850830078123,35.55000019073486
1972-03-18 11:24:03,24.094635009765625,81.02410125732422,155.52571868896484,90.98484802246094,96.5,60.82175827026367,100.0,3.4281513690948486,44.76182914457027,193698.0,14.225128173828123,10.988433837890623,12.1851806640625,12.729171752929688,35.55000019073486
1972-03-18 11:24:04,24.13064765930176,80.96385955810547,156.2662811279297,90.98484802246094,96.6999969482422,60.81814193725586,100.0,3.421856164932251,42.47469234454439,193698.0,9.737274169921877,16.020263671875,12.511566162109377,10.036468505859377,35.55000019073486
1972-03-18 11:24:05,24.12514877319336,80.96385955810547,155.48501586914062,90.98484802246094,96.6999969482422,60.82175827026367,100.00360870361328,3.424243450164795,44.77787411750587,193698.0,9.084503173828123,15.63946533203125,14.76910400390625,4.7054443359375,35.55000019073486
1972-03-18 11:24:06,24.057350158691406,81.02410125732422,155.55013275146484,90.98484802246094,97.0,60.82175827026367,100.0,3.4207751750946045,41.81483305293436,193698.0,11.99481201171875,12.973968505859377,12.40277099609375,10.7164306640625,35.55000019073486
1972-03-18 11:24:07,24.026535034179688,81.02410125732422,155.5908203125,90.98484802246094,97.29999542236328,60.82175827026367,100.0,3.4084360599517822,40.40793941393481,193698.0,7.534149169921875,11.260406494140623,10.172454833984377,11.1788330078125,35.55000019073486
1972-03-18 11:24:08,24.021434783935547,81.02410125732422,155.94075775146484,90.98484802246094,97.0,60.82175827026367,100.00360870361328,3.4054408073425293,42.31712009147104,193698.0,11.124420166015623,13.73553466796875,11.53240966796875,7.316558837890625,35.55000019073486
1972-03-18 11:24:09,24.07763290405273,80.96385955810547,156.4208984375,90.98484802246094,97.0,60.82175827026367,100.0,3.4060513973236084,43.90369651670275,193698.0,8.8397216796875,11.505218505859377,14.76910400390625,9.057296752929688,35.55000019073486
1972-03-18 11:24:10,24.12532424926757,80.90361022949219,155.9244842529297,90.98484802246094,96.4000015258789,60.82175827026367,100.0,3.402240753173828,42.94850378120362,193698.0,11.124420166015623,15.9930419921875,10.7164306640625,13.354736328125,35.55000019073486
1972-03-18 11:24:11,24.150388717651367,80.96385955810547,157.01497650146484,90.98484802246094,98.0,60.82175827026367,100.0,3.392510175704956,41.73836423517459,193698.0,7.316558837890625,17.4617919921875,13.381942749023438,11.66839599609375,35.55000019073486
1972-03-18 11:24:12,24.125104904174805,80.96385955810547,154.9479217529297,90.98484802246094,96.9000015258789,60.82175827026367,100.0,3.387007236480713,44.080114540036874,193698.0,11.206024169921877,13.354736328125,11.505218505859377,9.76446533203125,35.55000019073486
1972-03-18 11:24:13,24.07958984375,81.08433532714844,154.29686737060547,90.98484802246094,96.10000610351562,60.82175827026367,100.0,3.382163047790528,44.165941444666935,193698.0,9.62847900390625,12.42999267578125,12.021987915039062,14.60589599609375,35.55000019073486
1972-03-18 11:24:14,24.05216217041016,81.02410125732422,155.36295318603516,90.98484802246094,97.0,60.82175827026367,100.0,3.374317646026612,42.09540810419451,193698.0,10.825241088867188,11.75,9.9820556640625,8.921295166015625,35.55000019073486
1972-03-18 11:24:15,24.074893951416016,81.02410125732422,155.56640625,90.98484802246094,97.89999389648438,60.82175827026367,100.0,3.366347074508667,40.15524816715467,193698.0,12.0491943359375,11.1788330078125,15.612274169921877,12.511566162109377,35.55000019073486
1972-03-18 11:24:16,24.14733123779297,80.96385955810547,154.96419525146484,90.98484802246094,96.4000015258789,60.82175827026367,100.0,3.357525110244751,45.041354782674084,193698.0,11.450820922851562,14.30670166015625,10.689239501953123,10.254058837890623,35.55000019073486
1972-03-18 11:24:17,24.211313247680664,80.96385955810547,155.70475006103516,90.98484802246094,96.4000015258789,60.82175827026367,100.0,3.3522303104400635,43.036854814840844,193698.0,9.166107177734377,11.287628173828123,12.756362915039062,12.293975830078123,35.55000019073486
1972-03-18 11:24:18,24.219873428344727,81.02410125732422,156.4127655029297,90.98484802246094,98.0999984741211,60.82175827026367,100.0,3.340998649597168,39.24648365211764,193698.0,8.8125,13.73553466796875,13.273147583007812,11.9132080078125,35.55000019073486
1972-03-18 11:24:19,24.187559127807617,80.96385955810547,155.44434356689453,90.98484802246094,97.0999984741211,60.82175827026367,100.0,3.3303472995758057,44.57572090504979,193698.0,12.21240234375,15.50347900390625,14.877899169921877,15.50347900390625,35.55000019073486
1972-03-18 11:24:20,24.1397647857666,80.96385955810547,154.736328125,90.98484802246094,97.0999984741211,60.82175827026367,100.0,3.3180911540985107,38.15769280942312,193698.0,8.431732177734375,13.409149169921877,12.157989501953123,9.32928466796875,35.55000019073486
1972-03-18 11:24:21,24.11307144165039,80.96385955810547,155.25716400146484,90.98484802246094,96.20000457763672,60.81814193725586,100.00360870361328,3.316641569137573,45.18739769378638,193698.0,13.626739501953123,7.534149169921875,12.538772583007812,9.818878173828123,35.55000019073486
1972-03-18 11:24:22,24.131874084472656,81.02410125732422,155.13509368896484,90.98484802246094,96.5,60.82175827026367,100.0,3.3085756301879883,44.15133916616846,193698.0,13.653945922851562,12.42999267578125,14.143524169921877,5.983795166015625,35.55000019073486
1972-03-18 11:24:23,24.177536010742188,81.02410125732422,156.03841400146484,90.98484802246094,96.5999984741211,60.82175827026367,100.00360870361328,3.296020984649658,43.19589969763313,193698.0,8.676513671875,16.50982666015625,13.73553466796875,11.124420166015623,35.55000019073486
1972-03-18 11:24:24,24.193546295166016,81.02410125732422,155.55013275146484,90.98484802246094,97.1999969482422,60.82175827026367,100.00360870361328,3.2766988277435303,40.734354425984826,193698.0,12.6475830078125,10.743621826171877,9.682861328125,11.23321533203125,35.55000019073486
1972-03-18 11:24:25,24.16303443908692,80.96385955810547,154.9072265625,90.98484802246094,97.1999969482422,60.82175827026367,100.0,3.2761895656585693,44.188259375363344,193698.0,11.042831420898438,7.588531494140625,15.557861328125,8.5133056640625,35.55000019073486
1972-03-18 11:24:26,24.090436935424805,80.96385955810547,154.80142974853516,90.98484802246094,96.5,60.81814193725586,100.00360870361328,3.268340587615967,41.66980007722682,193698.0,8.431732177734375,12.457183837890623,15.449066162109377,12.538772583007812,35.55000019073486
1972-03-18 11:24:27,24.02764129638672,80.96385955810547,154.84212493896484,90.98484802246094,97.0999984741211,60.82175827026367,100.0,3.2552707195281982,40.99721077453736,193698.0,9.2476806640625,12.375579833984377,12.0491943359375,12.729171752929688,35.55000019073486
1972-03-18 11:24:28,23.99695587158203,81.08433532714844,154.58170318603516,90.98484802246094,96.9000015258789,60.81814193725586,100.0,3.248619318008423,41.72836903548087,193698.0,11.042831420898438,10.689239501953123,13.43634033203125,8.758102416992188,35.55000019073486
1972-03-18 11:24:29,24.03631591796875,81.08433532714844,154.48404693603516,90.98484802246094,96.9000015258789,60.82175827026367,100.0,3.246297597885132,41.764871584973505,193698.0,8.45892333984375,7.071746826171875,13.191558837890623,10.036468505859377,35.55000019073486
1972-03-18 11:24:30,24.06977081298828,81.02410125732422,154.93978118896484,90.98484802246094,96.5999984741211,60.82175827026367,100.00360870361328,3.2336671352386475,43.03153518382515,193698.0,7.34375,10.66204833984375,13.273147583007812,11.23321533203125,35.55000019073486
1972-03-18 11:24:31,24.083070755004883,80.90361022949219,155.59896087646484,90.98484802246094,96.5,60.81814193725586,100.0,3.217970609664917,44.65136148557811,193698.0,14.46990966796875,13.409149169921877,9.954864501953123,5.385421752929688,35.55000019073486
1972-03-18 11:24:32,24.045352935791016,80.90361022949219,153.98763275146484,90.98484802246094,96.9000015258789,60.81814193725586,100.0,3.210156440734864,42.59370310525602,193698.0,10.66204833984375,12.756378173828123,13.463531494140623,7.0445556640625,35.55000019073486
1972-03-18 11:24:33,23.982908248901367,80.96385955810547,154.78514862060547,90.98484802246094,97.29999542236328,60.82175827026367,100.0,3.209559679031372,42.395031601443335,193698.0,8.89410400390625,12.484375,10.689239501953123,12.076385498046877,35.55000019073486
1972-03-18 11:24:34,23.95734405517578,81.08433532714844,155.0699920654297,90.98484802246094,97.1999969482422,60.81814193725586,100.00360870361328,3.1986968517303467,40.622655317268006,193698.0,12.239593505859377,11.858795166015623,9.737274169921877,12.076385498046877,35.55000019073486
1972-03-18 11:24:35,23.96677017211914,81.02410125732422,155.28971099853516,90.98484802246094,96.8000030517578,60.82175827026367,100.0,3.1884565353393555,43.7293671794733,193698.0,12.185195922851562,11.66839599609375,14.796295166015623,8.9757080078125,35.55000019073486
1972-03-18 11:24:36,24.051025390625,81.02410125732422,156.35579681396484,90.98484802246094,97.6999969482422,60.82175827026367,100.0,3.179574012756348,42.01100735118715,193698.0,8.050933837890625,13.87152099609375,14.823486328125,9.46527099609375,35.55000019073486
1972-03-18 11:24:37,24.12745857238769,80.96385955810547,154.19107818603516,90.98484802246094,97.39999389648438,60.81814193725586,100.0,3.177165985107422,43.11319871709586,193698.0,14.170730590820312,15.177093505859377,11.287612915039062,13.164352416992188,35.55000019073486
1972-03-18 11:24:38,24.15992546081543,81.02410125732422,155.73731231689453,90.98484802246094,96.9000015258789,60.81814193725586,100.0,3.16959547996521,42.96674618977119,193698.0,9.220489501953123,18.74017333984375,12.0491943359375,5.902191162109375,35.55000019073486
1972-03-18 11:24:39,24.12266731262207,80.96385955810547,156.08724212646484,90.98484802246094,96.5999984741211,60.82175827026367,100.0,3.1502554416656494,41.92967303104041,193698.0,9.05731201171875,19.365753173828125,8.622100830078125,13.898727416992188,35.55000019073486
1972-03-18 11:24:40,24.041841506958008,80.96385955810547,153.92252349853516,90.98484802246094,97.29999542236328,60.82175827026367,100.00360870361328,3.1358110904693604,41.75049308405043,193698.0,10.906829833984377,16.781829833984375,11.23321533203125,15.748260498046877,35.55000019073486
1972-03-18 11:24:41,24.01804542541504,81.02410125732422,154.0852813720703,90.98484802246094,97.5,60.82175827026367,100.0,3.1285271644592285,42.7142727585976,193698.0,12.919570922851562,18.032989501953125,11.722808837890623,9.19329833984375,35.55000019073486
1972-03-18 11:24:42,24.09160041809082,81.02410125732422,155.4362030029297,90.98484802246094,96.6999969482422,60.82175827026367,100.0,3.115307807922364,43.542419062022084,193698.0,8.1053466796875,10.79803466796875,17.10821533203125,11.940399169921877,35.55000019073486
1972-03-18 11:24:43,24.176971435546875,80.96385955810547,153.9957733154297,90.98484802246094,96.8000030517578,60.81814193725586,100.0,3.101928472518921,42.599763200379684,193698.0,13.00115966796875,10.96124267578125,9.193283081054688,11.342010498046877,35.55000019073486
1972-03-18 11:24:44,24.2287540435791,81.02410125732422,155.85936737060547,90.98484802246094,96.9000015258789,60.81814193725586,100.0,3.082564115524292,42.16264569078817,193698.0,12.756378173828123,15.911468505859377,10.743621826171877,10.770843505859377,35.55000019073486
1972-03-18 11:24:45,24.226457595825195,80.96385955810547,155.55013275146484,90.98484802246094,97.89999389648438,60.82175827026367,100.0,3.0703060626983643,43.61537615493935,193698.0,13.572357177734377,13.109954833984377,17.217010498046875,13.681137084960938,35.55000019073486
1972-03-18 11:24:46,24.175058364868164,80.90361022949219,155.810546875,90.98484802246094,97.1999969482422,60.82175827026367,100.00360870361328,3.0637688636779785,42.26451559812928,193698.0,10.52606201171875,12.212371826171877,14.823486328125,15.367477416992188,35.55000019073486
1972-03-18 11:24:47,24.12442398071289,81.02410125732422,155.16764068603516,90.98484802246094,97.0,60.82175827026367,100.00360870361328,3.05425763130188,41.22214370390728,193698.0,10.934036254882812,17.380218505859375,10.662033081054688,8.404510498046875,35.55000019073486
1972-03-18 11:24:48,24.074052810668945,81.02410125732422,154.4921875,90.98484802246094,97.29999542236328,60.82175827026367,100.00360870361328,3.043195962905884,41.0190545881284,193698.0,11.668411254882812,13.463531494140623,11.885986328125,11.39642333984375,35.55000019073486
1972-03-18 11:24:49,24.081466674804688,80.96385955810547,155.21646881103516,90.98484802246094,96.8000030517578,60.82175827026367,100.0,3.032017946243286,42.122032146688355,193698.0,11.1788330078125,14.8507080078125,16.401031494140625,9.818878173828123,35.55000019073486
1972-03-18 11:24:50,24.06567573547364,81.02410125732422,155.58267974853516,90.98484802246094,97.0,60.81814193725586,100.00360870361328,3.024385452270508,41.46789154136626,193698.0,13.817138671875,13.43634033203125,10.662033081054688,9.166091918945312,35.55000019073486
1972-03-18 11:24:51,24.07777214050293,81.02410125732422,155.5826873779297,90.98484802246094,97.0999984741211,60.82175827026367,100.00360870361328,3.013777256011963,41.09967175200082,193698.0,11.39642333984375,13.327545166015623,14.03472900390625,9.302093505859377,35.55000019073486
1972-03-18 11:24:52,24.088409423828125,80.96385955810547,154.6223907470703,90.98484802246094,96.3000030517578,60.81814193725586,100.0,2.994997262954712,46.17431189972749,193698.0,8.9757080078125,14.823486328125,10.988433837890623,9.2476806640625,35.55000019073486
1972-03-18 11:24:53,24.027488708496094,81.02410125732422,155.24088287353516,90.98484802246094,98.29999542236328,60.82175827026367,100.0,2.984816551208496,41.31053611068509,193698.0,6.609375,13.16436767578125,12.946746826171877,14.03472900390625,35.55000019073486
1972-03-18 11:24:54,23.95992660522461,81.02410125732422,154.82584381103516,90.98484802246094,97.1999969482422,60.82175827026367,100.0,2.976013422012329,40.08084476379453,193698.0,14.41552734375,15.911468505859377,9.601272583007812,9.057296752929688,35.55000019073486
1972-03-18 11:24:55,23.940183639526367,81.08433532714844,154.7932891845703,90.98484802246094,96.5,60.81814193725586,100.00360870361328,2.9642179012298584,42.78223926270148,193698.0,7.262176513671875,9.46527099609375,15.34027099609375,12.86517333984375,35.55000019073486
1972-03-18 11:24:56,23.97525215148925,80.96385955810547,154.10970306396484,90.98484802246094,97.0999984741211,60.82175827026367,100.00360870361328,2.949370861053467,43.81276047763805,193698.0,10.118072509765623,14.415496826171877,12.348388671875,10.553253173828123,35.55000019073486
1972-03-18 11:24:57,24.00381660461425,80.90361022949219,154.7688751220703,90.98484802246094,96.4000015258789,60.82175827026367,100.00360870361328,2.935847043991089,40.04284272763746,193698.0,13.46356201171875,13.59954833984375,10.662033081054688,9.46527099609375,35.55000019073486
1972-03-18 11:24:58,24.01034545898437,80.90361022949219,155.46875762939453,90.98484802246094,96.9000015258789,60.81814193725586,100.0,2.934641122817993,43.76367853543154,193698.0,7.316558837890625,17.1898193359375,11.75,12.40277099609375,35.55000019073486
1972-03-18 11:24:59,23.97404670715332,80.96385955810547,153.8330078125,90.98484802246094,96.8000030517578,60.82175827026367,100.00360870361328,2.926873207092285,42.159022634903046,193698.0,8.186920166015625,11.777191162109377,9.32928466796875,13.409149169921877,35.55000019073486
1972-03-18 11:25:00,23.930295944213867,81.08433532714844,154.48404693603516,90.98484802246094,96.10000610351562,60.82175827026367,100.00360870361328,2.918309211730957,44.36262066939378,193698.0,8.15972900390625,13.490753173828123,13.13714599609375,8.948486328125,35.55000019073486
1972-03-18 11:25:01,23.95919418334961,81.08433532714844,154.08529663085938,90.98484802246094,96.10000610351562,60.82175827026367,100.00360870361328,2.9075114727020264,44.9318221730845,193698.0,12.076400756835938,16.83624267578125,8.43170166015625,13.463546752929688,35.55000019073486
1972-03-18 11:25:02,24.082006454467773,81.02410125732422,155.65592193603516,90.98484802246094,97.0,60.81814193725586,100.0,2.901729345321656,46.65237000399259,193698.0,9.8460693359375,16.67303466796875,16.917816162109375,13.164352416992188,35.55000019073486
1972-03-18 11:25:03,24.207164764404297,80.90361022949219,155.0130157470703,90.98484802246094,97.89999389648438,60.82175827026367,100.00360870361328,2.890056848526001,39.03316977012851,193698.0,9.1116943359375,13.490753173828123,16.210647583007812,12.1851806640625,35.55000019073486
1972-03-18 11:25:04,24.26571273803711,80.90361022949219,154.638671875,90.98484802246094,97.5999984741211,60.82175827026367,100.00360870361328,2.88122034072876,41.9277869856382,193698.0,15.20428466796875,15.50347900390625,11.23321533203125,11.695602416992188,35.55000019073486
1972-03-18 11:25:05,24.31108283996582,81.02410125732422,155.66407012939453,90.98484802246094,96.9000015258789,60.82175827026367,100.00360870361328,2.8723206520080566,41.62082225110621,193698.0,10.118072509765623,16.3194580078125,16.482635498046875,12.293975830078123,35.55000019073486
1972-03-18 11:25:06,24.325578689575195,81.14457702636719,154.443359375,90.98484802246094,97.0,60.81814193725586,100.00360870361328,2.867026805877685,42.42443538922983,193698.0,6.25579833984375,12.484375,15.013885498046877,12.13079833984375,35.55000019073486
1972-03-18 11:25:07,24.376251220703125,81.08433532714844,154.8828125,90.98484802246094,96.6999969482422,60.82175827026367,100.0,2.860247135162353,43.09762596383649,193698.0,11.940399169921877,13.844329833984377,7.0445556640625,11.614013671875,35.55000019073486
1972-03-18 11:25:08,24.435222625732425,80.90361022949219,154.7444610595703,90.98484802246094,96.8000030517578,60.82175827026367,100.0,2.833346605300904,41.96251655010883,193698.0,9.873275756835938,15.7210693359375,13.381942749023438,14.633102416992188,35.55000019073486
1972-03-18 11:25:09,24.46239280700684,80.96385955810547,154.50846099853516,90.98484802246094,96.3000030517578,60.82175827026367,100.00360870361328,2.8292236328125,40.57836498512826,193698.0,10.4444580078125,11.641204833984377,10.06365966796875,11.994796752929688,35.55000019073486
1972-03-18 11:25:10,24.43738174438477,81.08433532714844,154.5491485595703,90.98484802246094,97.29999542236328,60.82175827026367,100.00360870361328,2.8199636936187744,39.72356029311378,193698.0,12.348388671875,13.980316162109377,11.477996826171877,9.410888671875,35.55000019073486
1972-03-18 11:25:11,24.344179153442383,81.08433532714844,155.48502349853516,90.98484802246094,97.5,60.82175827026367,100.00360870361328,2.8062448501586914,40.881923891363726,193698.0,8.59490966796875,13.681121826171877,9.574066162109377,6.935760498046875,35.55000019073486
1972-03-18 11:25:12,24.261478424072266,80.96385955810547,153.20639038085938,90.98484802246094,97.0,60.81814193725586,100.0,2.801940679550171,40.905443411093806,193698.0,14.170730590820312,11.151611328125,13.191558837890623,10.4444580078125,35.55000019073486
1972-03-18 11:25:13,24.18648147583008,80.90361022949219,153.6214141845703,90.98484802246094,95.5,60.82175827026367,100.00360870361328,2.7976365089416504,43.08505449470304,193698.0,5.739013671875,12.0491943359375,8.758102416992188,14.197921752929688,35.55000019073486
1972-03-18 11:25:14,24.125709533691406,80.96385955810547,154.98860931396484,90.98484802246094,97.39999389648438,60.81814193725586,100.0,2.79333233833313,43.53682130032683,193698.0,4.21588134765625,13.925933837890623,18.57696533203125,12.321182250976562,35.55000019073486
1972-03-18 11:25:15,24.09043312072754,81.02410125732422,153.76790618896484,90.98484802246094,97.29999542236328,60.82175827026367,100.00360870361328,2.7780511379241943,45.2781529374739,193698.0,14.46990966796875,13.3819580078125,13.87152099609375,10.28125,35.55000019073486
1972-03-18 11:25:16,24.036073684692383,81.08433532714844,154.8583984375,90.98484802246094,97.0999984741211,60.81814193725586,100.00360870361328,2.770683765411377,40.234677596300536,193698.0,9.220489501953123,15.63946533203125,12.10357666015625,8.703704833984375,35.55000019073486
1972-03-18 11:25:17,23.939977645874023,80.96385955810547,153.9306640625,90.98484802246094,96.3000030517578,60.82175827026367,100.00360870361328,2.7669496536254883,41.30707529006824,193698.0,9.737274169921877,9.682861328125,10.906829833984377,8.45892333984375,35.55000019073486
1972-03-18 11:25:18,23.82600975036621,80.96385955810547,153.02734375,90.98484802246094,96.10000610351562,60.82175827026367,100.0,2.761015176773072,44.62363982586505,193698.0,11.423614501953123,15.612274169921877,13.599533081054688,13.73553466796875,35.55000019073486
1972-03-18 11:25:19,23.762126922607425,80.96385955810547,154.08528900146484,90.98484802246094,97.0999984741211,60.81814193725586,100.00360870361328,2.749199628829956,43.68159215321509,193698.0,14.2523193359375,14.796295166015623,9.8460693359375,12.9195556640625,35.55000019073486
1972-03-18 11:25:20,23.726980209350582,81.02410125732422,154.6142578125,90.98484802246094,97.0999984741211,60.82175827026367,100.0,2.743156671524048,45.36321673445597,193698.0,5.875,14.17071533203125,15.04107666015625,8.050933837890625,35.55000019073486
1972-03-18 11:25:21,23.77044486999512,81.08433532714844,153.6865234375,90.98484802246094,97.39999389648438,60.82175827026367,100.0,2.7378294467926025,41.59777843378715,193698.0,11.83160400390625,12.239593505859377,11.53240966796875,13.43634033203125,35.55000019073486
1972-03-18 11:25:22,23.84234046936035,81.02410125732422,153.955078125,90.98484802246094,96.4000015258789,60.81814193725586,100.00360870361328,2.728090047836304,46.04958243645149,193698.0,11.777206420898438,15.8570556640625,14.116317749023438,12.756378173828123,35.55000019073486
1972-03-18 11:25:23,23.90627861022949,80.90361022949219,154.33756256103516,90.98484802246094,96.3000030517578,60.82175827026367,100.0,2.717576503753662,44.25088562703576,193698.0,11.124420166015623,15.748260498046877,9.438079833984377,12.9195556640625,35.55000019073486
1972-03-18 11:25:24,23.92155838012696,80.90361022949219,154.5003204345703,90.98484802246094,97.5,60.81814193725586,100.0,2.704773664474488,41.33746549335157,193698.0,4.977447509765625,10.825225830078123,14.46990966796875,11.777191162109377,35.55000019073486
1972-03-18 11:25:25,23.937705993652344,81.02410125732422,153.5725860595703,90.98484802246094,96.20000457763672,60.81814193725586,100.00360870361328,2.699202299118042,45.01210031479846,193698.0,10.471649169921877,12.3211669921875,13.626739501953123,6.582183837890625,35.52499961853027
1972-03-18 11:25:26,24.009727478027344,81.08433532714844,154.89908599853516,90.98484802246094,97.0999984741211,60.82175827026367,100.0,2.687773942947388,42.93194159649673,193698.0,10.52606201171875,14.061920166015623,12.0491943359375,10.090850830078123,35.55000019073486
1972-03-18 11:25:27,24.10947799682617,80.96385955810547,154.67122650146484,90.98484802246094,96.8000030517578,60.82175827026367,100.0,2.6755151748657227,41.71881314619658,193698.0,9.19329833984375,13.43634033203125,8.921295166015625,11.151611328125,35.55000019073486
1972-03-18 11:25:28,24.24874687194824,80.96385955810547,153.59700775146484,90.98484802246094,97.1999969482422,60.82175827026367,100.00360870361328,2.668295383453369,40.05197962736269,193698.0,14.306732177734377,8.43170166015625,15.911468505859377,11.042816162109377,35.55000019073486
1972-03-18 11:25:29,24.35406494140625,80.96385955810547,153.88998413085938,90.98484802246094,96.20000457763672,60.81814193725586,100.00360870361328,2.664717435836792,43.8539179565031,193698.0,9.32928466796875,12.892364501953123,12.892364501953123,6.99017333984375,35.55000019073486
1972-03-18 11:25:30,24.36376953125,81.02410125732422,153.62955474853516,90.98484802246094,96.9000015258789,60.82175827026367,100.00360870361328,2.6531083583831787,40.65227423179249,193698.0,9.03009033203125,13.0555419921875,10.390045166015623,14.007522583007812,35.55000019073486
1972-03-18 11:25:31,24.319324493408203,81.02410125732422,153.8981170654297,90.98484802246094,96.20000457763672,60.82175827026367,100.00360870361328,2.6414027214050293,39.80775242679994,193698.0,10.498855590820312,13.681121826171877,13.925933837890623,6.25579833984375,35.55000019073486
1972-03-18 11:25:32,24.269268035888672,80.96385955810547,155.42806243896484,90.98484802246094,97.5999984741211,60.82175827026367,100.00360870361328,2.627429246902466,39.6203344586008,193698.0,14.877899169921877,17.380218505859375,10.090850830078123,7.751739501953125,35.55000019073486
1972-03-18 11:25:33,24.224592208862305,81.02410125732422,155.37923431396484,90.98484802246094,97.39999389648438,60.82175827026367,100.0,2.6221306324005127,40.49164354648257,193698.0,8.1053466796875,11.477996826171877,12.538772583007812,14.932296752929688,35.55000019073486
1972-03-18 11:25:34,24.21660041809082,80.96385955810547,154.7037811279297,90.98484802246094,97.0999984741211,60.82175827026367,100.0,2.6116950511932373,41.60738466501681,193698.0,11.39642333984375,18.604156494140625,10.254058837890623,10.009262084960938,35.55000019073486
1972-03-18 11:25:35,24.207782745361328,81.02410125732422,154.60611724853516,90.98484802246094,97.29999542236328,60.81814193725586,100.00360870361328,2.60413146018982,37.773628746006295,193698.0,8.5133056640625,17.24420166015625,13.409149169921877,10.308441162109377,35.55000019073486
1972-03-18 11:25:36,24.1909408569336,80.96385955810547,154.25618743896484,90.98484802246094,97.5,60.82175827026367,100.00360870361328,2.598742246627808,43.071710444357876,193698.0,11.3148193359375,13.028350830078123,13.055557250976562,12.212387084960938,35.55000019073486
1972-03-18 11:25:37,24.144058227539062,81.02410125732422,154.44335174560547,90.98484802246094,96.8000030517578,60.82175827026367,100.00360870361328,2.593353033065796,42.870802010358304,193698.0,12.457183837890623,12.022003173828123,10.49884033203125,12.0491943359375,35.55000019073486
1972-03-18 11:25:38,24.04513931274414,81.02410125732422,155.76985931396484,90.98484802246094,96.10000610351562,60.82175827026367,100.00360870361328,2.5821237564086914,42.145534577265934,193698.0,12.511581420898438,11.3148193359375,17.217010498046875,10.36285400390625,35.55000019073486
1972-03-18 11:25:39,23.96553421020508,80.96385955810547,155.15950775146484,90.98484802246094,97.5999984741211,60.81814193725586,100.00360870361328,2.575194835662842,42.98008212120772,193698.0,14.578704833984377,14.60589599609375,13.082763671875,13.00115966796875,35.55000019073486
1972-03-18 11:25:40,23.90842628479004,80.96385955810547,155.11881256103516,90.98484802246094,97.0999984741211,60.81814193725586,100.0,2.5697152614593506,42.22956352028628,193698.0,9.873275756835938,16.999420166015625,16.482635498046875,13.354736328125,35.52499961853027
1972-03-18 11:25:41,23.92795753479004,80.96385955810547,154.67122650146484,90.98484802246094,97.5999984741211,60.82175827026367,100.00360870361328,2.5642359256744385,41.54727938091728,193698.0,11.342025756835938,13.708343505859377,16.836227416992188,10.689239501953123,35.55000019073486
1972-03-18 11:25:42,23.97377014160156,81.02410125732422,155.55013275146484,90.98484802246094,97.29999542236328,60.82175827026367,100.00360870361328,2.558756351470948,41.11670803776864,193698.0,13.46356201171875,14.197906494140623,10.63482666015625,13.028350830078123,35.55000019073486
1972-03-18 11:25:43,23.996713638305664,81.02410125732422,154.13411712646484,90.98484802246094,96.5999984741211,60.81814193725586,100.00360870361328,2.550333976745605,42.59182737021119,193698.0,11.09722900390625,13.7899169921875,7.724533081054687,12.810760498046877,35.55000019073486
1972-03-18 11:25:44,23.963394165039062,80.96385955810547,154.1015625,90.98484802246094,97.29999542236328,60.81814193725586,100.00360870361328,2.538236618041992,41.27596293136109,193698.0,15.313079833984377,15.149871826171877,14.116317749023438,8.132522583007812,35.55000019073486
1972-03-18 11:25:45,23.942522048950195,80.96385955810547,154.45963287353516,90.98484802246094,97.89999389648438,60.82175827026367,100.00360870361328,2.5275180339813232,42.897352912427266,193698.0,10.172454833984377,15.421875,17.516204833984375,11.994796752929688,35.55000019073486
1972-03-18 11:25:46,23.96006965637207,80.90361022949219,154.248046875,90.98484802246094,96.8000030517578,60.82175827026367,100.00360870361328,2.521857738494873,40.33806557677983,193698.0,9.220489501953123,15.177093505859377,9.220489501953123,13.817138671875,35.55000019073486
1972-03-18 11:25:47,24.07776641845703,81.02410125732422,154.30501556396484,90.98484802246094,96.3000030517578,60.81814193725586,100.00360870361328,2.516197443008423,44.39031007113296,193698.0,11.967605590820312,16.890625,13.681121826171877,10.06365966796875,35.55000019073486
1972-03-18 11:25:48,24.15755271911621,81.08433532714844,154.89095306396484,90.98484802246094,96.6999969482422,60.82175827026367,100.00360870361328,2.5105371475219727,45.832822668482095,193698.0,10.988433837890623,12.10357666015625,12.729156494140623,9.601272583007812,35.55000019073486
1972-03-18 11:25:49,24.21409034729004,81.08433532714844,154.10970306396484,90.98484802246094,96.6999969482422,60.82175827026367,100.00360870361328,2.5048768520355225,44.97055404671246,193698.0,11.69561767578125,14.089111328125,11.695602416992188,11.641204833984377,35.55000019073486
1972-03-18 11:25:50,24.20703887939453,80.90361022949219,153.173828125,91.06060791015624,96.4000015258789,60.82175827026367,100.00360870361328,2.4992165565490723,42.95807188455859,193698.0,10.036468505859377,13.57232666015625,9.737274169921877,10.226852416992188,35.55000019073486
1972-03-18 11:25:51,24.14830780029297,80.90361022949219,154.11783599853516,91.06060791015624,96.3000030517578,60.82175827026367,100.0,2.496476411819458,44.53329737419858,193698.0,11.151641845703123,15.612274169921877,13.681121826171877,16.3194580078125,35.55000019073486
1972-03-18 11:25:52,24.10615539550781,80.96385955810547,154.47591400146484,90.98484802246094,96.20000457763672,60.81814193725586,100.00360870361328,2.500384569168091,45.503677869201645,193698.0,12.538787841796877,15.50347900390625,12.26678466796875,10.5804443359375,35.55000019073486
1972-03-18 11:25:53,24.08429527282715,81.02410125732422,154.4189453125,90.98484802246094,96.6999969482422,60.82175827026367,100.00360870361328,2.4970717430114746,44.06032236837781,193698.0,8.8397216796875,11.3148193359375,10.7164306640625,14.197921752929688,35.55000019073486
1972-03-18 11:25:54,24.12016487121582,81.02410125732422,154.1015625,90.98484802246094,98.29999542236328,60.82175827026367,100.0,2.4915924072265625,40.32040897323902,193698.0,10.634857177734377,13.43634033203125,13.21875,9.410888671875,35.55000019073486
1972-03-18 11:25:55,24.146175384521484,81.02410125732422,153.5400390625,90.98484802246094,96.20000457763672,60.82175827026367,100.00360870361328,2.4875729084014893,42.7947656907236,193698.0,10.498855590820312,10.63482666015625,13.191558837890623,11.23321533203125,35.55000019073486
1972-03-18 11:25:56,24.144506454467773,80.96385955810547,153.90625,90.98484802246094,96.8000030517578,60.82175827026367,100.00360870361328,2.487959146499634,43.00669485550423,193698.0,9.084503173828123,13.0555419921875,12.429977416992188,11.804397583007812,35.55000019073486
1972-03-18 11:25:57,24.12034034729004,80.96385955810547,153.75162506103516,90.98484802246094,97.5999984741211,60.82175827026367,100.0,2.482569932937622,39.90514063532317,193698.0,13.545150756835938,14.225128173828123,12.538772583007812,12.239593505859377,35.55000019073486
1972-03-18 11:25:58,24.05983161926269,80.96385955810547,154.931640625,90.98484802246094,97.89999389648438,60.82175827026367,100.0,2.479382038116455,41.095000103454176,193698.0,11.3148193359375,13.5179443359375,13.844329833984377,11.559600830078123,35.55000019073486
1972-03-18 11:25:59,24.01791381835937,81.02410125732422,154.20735931396484,90.98484802246094,97.0,60.82175827026367,100.0,2.479156970977783,41.35604731270783,193698.0,11.99481201171875,17.217010498046875,11.4508056640625,9.601272583007812,35.55000019073486
1972-03-18 11:26:00,24.031944274902344,81.02410125732422,153.9469451904297,90.98484802246094,96.5,60.81814193725586,100.00360870361328,2.4760444164276123,44.21093156482,193698.0,12.538787841796877,10.825225830078123,9.873260498046877,13.028350830078123,35.55000019073486
1972-03-18 11:26:01,24.08926010131836,81.02410125732422,154.65494537353516,90.98484802246094,96.6999969482422,60.82175827026367,100.00360870361328,2.481772899627685,44.298191486582034,193698.0,11.042831420898438,18.71295166015625,11.994781494140623,9.438079833984377,35.55000019073486
1972-03-18 11:26:02,24.16017723083496,81.02410125732422,153.4342498779297,90.98484802246094,96.8000030517578,60.82175827026367,100.0,2.4788308143615723,43.017038277190515,193698.0,13.5179443359375,13.490753173828123,12.511566162109377,12.511566162109377,35.55000019073486
1972-03-18 11:26:03,24.16161346435547,80.96385955810547,153.84114837646484,90.98484802246094,97.6999969482422,60.81814193725586,100.0,2.4803035259246826,41.326585827640876,193698.0,5.95660400390625,15.884246826171877,16.4554443359375,7.969329833984375,35.52499961853027
1972-03-18 11:26:04,24.129409790039062,80.96385955810547,154.43521881103516,90.98484802246094,97.79999542236328,60.82175827026367,100.0,2.4818806648254395,42.437618214241674,193698.0,14.959503173828123,14.932281494140623,11.96759033203125,11.777191162109377,35.55000019073486
1972-03-18 11:26:05,24.08595848083496,80.96385955810547,153.52376556396484,90.98484802246094,96.6999969482422,60.82175827026367,100.00360870361328,2.477660894393921,42.70138578786043,193698.0,10.335662841796877,14.959503173828123,16.07464599609375,9.519683837890623,35.55000019073486
1972-03-18 11:26:06,24.06511878967285,81.02410125732422,152.91341400146484,90.98484802246094,97.0,60.81814193725586,100.0,2.4734578132629395,40.34025378192514,193698.0,11.858795166015623,11.042816162109377,13.164352416992188,11.885986328125,35.55000019073486
1972-03-18 11:26:07,24.10280990600586,81.02410125732422,152.76692962646484,90.98484802246094,97.0,60.81814193725586,100.00360870361328,2.475111246109009,39.61119503697688,193698.0,9.655670166015623,9.356475830078123,8.703704833984375,15.476272583007812,35.55000019073486
1972-03-18 11:26:08,24.165546417236328,80.96385955810547,153.8004608154297,90.98484802246094,97.5999984741211,60.82175827026367,100.00360870361328,2.476135492324829,41.60780771077087,193698.0,14.524322509765623,15.829864501953123,14.089111328125,10.19964599609375,35.55000019073486
1972-03-18 11:26:09,24.196718215942383,80.96385955810547,153.8981170654297,90.98484802246094,96.20000457763672,60.81814193725586,100.00360870361328,2.477942705154419,43.460544098481726,193698.0,3.45428466796875,15.421875,13.545135498046877,9.492477416992188,35.55000019073486
1972-03-18 11:26:10,24.18614387512207,81.02410125732422,153.36100006103516,90.98484802246094,96.9000015258789,60.82175827026367,100.00360870361328,2.4754436016082764,44.64034768331388,193698.0,12.94677734375,14.03472900390625,6.4461822509765625,9.519683837890623,35.55000019073486
1972-03-18 11:26:11,24.146408081054688,81.02410125732422,154.37825775146484,90.98484802246094,97.5,60.82175827026367,100.0,2.470777750015259,40.54127318622473,193698.0,10.79803466796875,11.151611328125,13.57232666015625,11.369216918945312,35.55000019073486
1972-03-18 11:26:12,24.1369857788086,81.02410125732422,154.2236328125,90.98484802246094,97.6999969482422,60.81814193725586,100.00360870361328,2.466111898422241,42.81060491838151,193698.0,11.99481201171875,11.124420166015623,9.193283081054688,12.348388671875,35.52499961853027
1972-03-18 11:26:13,24.14144515991211,80.96385955810547,153.41796875,90.98484802246094,96.5999984741211,60.82175827026367,100.00360870361328,2.4614458084106445,42.228057125385256,193698.0,10.145263671875,7.153350830078125,13.57232666015625,10.390045166015623,35.52499961853027
1972-03-18 11:26:14,24.209009170532227,81.02410125732422,154.32942962646484,90.98484802246094,96.3000030517578,60.82175827026367,100.00360870361328,2.456779956817627,42.16578815525051,193698.0,9.1116943359375,16.97222900390625,10.254058837890623,7.588546752929687,35.55000019073486
1972-03-18 11:26:15,24.249868392944336,81.02410125732422,154.10970306396484,90.98484802246094,96.9000015258789,60.81814193725586,100.0,2.4521141052246094,42.52352261282225,193698.0,9.982070922851562,15.313079833984377,10.19964599609375,16.945022583007812,35.55000019073486
1972-03-18 11:26:16,24.232954025268555,81.02410125732422,153.74349212646484,90.98484802246094,96.5,60.82175827026367,100.00360870361328,2.4423344135284424,42.380922479074655,193698.0,10.879638671875,13.00115966796875,12.892364501953123,9.7100830078125,35.55000019073486
1972-03-18 11:26:17,24.16600799560547,80.96385955810547,153.564453125,90.98484802246094,97.39999389648438,60.81814193725586,100.00360870361328,2.4324607849121094,39.12969177142637,193698.0,12.13079833984375,12.022003173828123,8.404510498046875,9.002899169921875,35.52499961853027
1972-03-18 11:26:18,24.08398056030273,80.96385955810547,154.8746795654297,90.98484802246094,97.5999984741211,60.82175827026367,100.00360870361328,2.423280477523804,41.75228531183561,193698.0,10.172454833984377,13.273162841796877,12.1851806640625,13.572341918945312,35.55000019073486
1972-03-18 11:26:19,24.032941818237305,80.96385955810547,153.16568756103516,90.98484802246094,96.9000015258789,60.82175827026367,100.00360870361328,2.4133200645446777,41.470705941334344,193698.0,12.620391845703123,12.375579833984377,11.722808837890623,10.770843505859377,35.52499961853027
1972-03-18 11:26:20,24.02556800842285,81.02410125732422,154.01204681396484,90.98484802246094,97.5,60.82175827026367,100.00360870361328,2.4062087535858154,39.963279980965865,193698.0,12.538787841796877,10.79803466796875,9.492477416992188,12.321182250976562,35.55000019073486
1972-03-18 11:26:21,24.05875015258789,81.02410125732422,154.833984375,90.98484802246094,97.39999389648438,60.82175827026367,100.00360870361328,2.3976023197174072,40.70091941199872,193698.0,10.52606201171875,14.2523193359375,16.618621826171875,11.695602416992188,35.55000019073486
1972-03-18 11:26:22,24.08589172363281,80.96385955810547,153.28775787353516,90.98484802246094,97.1999969482422,60.82175827026367,100.00360870361328,2.38895845413208,39.53849850775392,193698.0,12.022003173828123,13.082763671875,9.927658081054688,11.9132080078125,35.55000019073486
1972-03-18 11:26:23,24.04351043701172,80.96385955810547,154.2805938720703,90.98484802246094,96.5,60.82175827026367,100.0,2.383930921554565,44.01043295886853,193698.0,13.327545166015623,15.748260498046877,12.40277099609375,10.49884033203125,35.52499961853027
1972-03-18 11:26:24,23.951801300048828,81.02410125732422,154.09342193603516,90.98484802246094,97.79999542236328,60.82175827026367,100.0,2.3752574920654297,40.45188411964603,193698.0,12.973968505859377,15.612274169921877,15.63946533203125,10.743637084960938,35.55000019073486
1972-03-18 11:26:25,23.913116455078125,81.08433532714844,153.173828125,90.98484802246094,97.5999984741211,60.82175827026367,100.00360870361328,2.370184898376465,40.87401972983148,193698.0,9.2476806640625,9.49249267578125,15.394683837890623,15.666671752929688,35.55000019073486
1972-03-18 11:26:26,23.894380569458008,81.02410125732422,153.0029296875,90.98484802246094,96.5,60.82175827026367,100.00360870361328,2.361443042755127,43.54566336543249,193698.0,10.4444580078125,14.007537841796877,9.574066162109377,8.431716918945312,35.55000019073486
1972-03-18 11:26:27,23.94799995422364,80.96385955810547,153.8899688720703,90.98484802246094,95.9000015258789,60.82175827026367,100.00360870361328,2.356325387954712,42.27566253245848,193698.0,11.75,16.863433837890625,10.226852416992188,11.722808837890623,35.55000019073486
1972-03-18 11:26:28,24.00212478637696,80.96385955810547,152.7669219970703,90.98484802246094,96.6999969482422,60.82175827026367,100.00360870361328,2.34680438041687,44.1749823943466,193698.0,7.234954833984375,13.57232666015625,15.20428466796875,13.953125,35.55000019073486
1972-03-18 11:26:29,24.04750061035156,80.96385955810547,153.22265625,90.98484802246094,97.79999542236328,60.82175827026367,100.00360870361328,2.332841396331787,39.67929314641014,193698.0,13.871536254882812,16.618621826171875,8.050933837890625,7.833343505859375,35.55000019073486
1972-03-18 11:26:30,24.04713630676269,80.96385955810547,154.53287506103516,90.98484802246094,96.6999969482422,60.82175827026367,100.00360870361328,2.318769931793213,43.490573839244114,193699.0,8.132537841796875,16.890625,11.940399169921877,8.29571533203125,35.52499961853027
1972-03-18 11:26:31,24.025644302368164,80.96385955810547,154.38639068603516,90.98484802246094,96.9000015258789,60.82175827026367,100.00360870361328,2.313380718231201,43.872847363725874,193699.0,14.388320922851562,16.23785400390625,12.429977416992188,11.83160400390625,35.55000019073486
1972-03-18 11:26:32,24.04346466064453,81.02410125732422,154.2561798095703,90.98484802246094,97.6999969482422,60.82175827026367,100.00360870361328,2.3036036491394043,41.29493348247222,193699.0,10.199661254882812,11.477996826171877,15.095489501953123,9.383682250976562,35.55000019073486
1972-03-18 11:26:33,24.080368041992188,81.02410125732422,154.052734375,90.98484802246094,96.5999984741211,60.82175827026367,100.00360870361328,2.28865122795105,45.34156741423874,193699.0,11.47802734375,17.3258056640625,10.79803466796875,10.335647583007812,35.55000019073486
1972-03-18 11:26:34,24.188783645629883,81.02410125732422,153.33658599853516,90.98484802246094,96.5,60.81814193725586,100.0,2.275033473968506,44.02503325805801,193699.0,8.5133056640625,15.50347900390625,14.2523193359375,12.157989501953123,35.55000019073486
1972-03-18 11:26:35,24.259944915771484,80.96385955810547,153.27962493896484,90.98484802246094,96.6999969482422,60.81814193725586,100.0,2.2635178565979004,41.19339961529021,193699.0,10.96124267578125,16.890625,14.143524169921877,8.921295166015625,35.55000019073486
1972-03-18 11:26:36,24.26521110534668,80.90361022949219,153.1494140625,90.98484802246094,96.0,60.82175827026367,100.0,2.2489943504333496,43.63510941986215,193699.0,11.042831420898438,10.308441162109377,8.214111328125,13.925933837890623,35.55000019073486
1972-03-18 11:26:37,24.20580101013184,80.96385955810547,154.8828125,90.98484802246094,97.6999969482422,60.82175827026367,100.0,2.241685628890991,41.36913385598445,193699.0,6.745391845703125,17.897003173828125,9.1116943359375,12.892364501953123,35.55000019073486
1972-03-18 11:26:38,24.12680625915528,81.08433532714844,153.42610931396484,90.98484802246094,97.1999969482422,60.82175827026367,100.0,2.229955673217773,40.21745632893904,193699.0,11.151641845703123,11.36920166015625,8.622100830078125,7.833343505859375,35.55000019073486
1972-03-18 11:26:39,24.08913803100586,81.08433532714844,152.685546875,90.98484802246094,96.5999984741211,60.81814193725586,100.00360870361328,2.220370054244995,41.11648125371052,193699.0,11.614013671875,11.641204833984377,13.789932250976562,12.348388671875,35.52499961853027
1972-03-18 11:26:40,24.098854064941406,80.96385955810547,154.2154998779297,90.98484802246094,96.9000015258789,60.82175827026367,100.00360870361328,2.2092719078063965,41.08339530532484,193699.0,13.273162841796877,14.2523193359375,10.79803466796875,12.756378173828123,35.52499961853027
1972-03-18 11:26:41,24.14852523803711,80.90361022949219,154.70377349853516,90.98484802246094,96.4000015258789,60.82175827026367,100.00360870361328,2.192965507507324,43.11117306972034,193699.0,8.730926513671875,14.932281494140623,15.693862915039062,13.43634033203125,35.55000019073486
1972-03-18 11:26:42,24.165512084960938,80.96385955810547,153.8899688720703,90.98484802246094,97.0,60.82175827026367,100.00360870361328,2.182411193847656,41.3938501090161,193699.0,12.620391845703123,15.93865966796875,13.490737915039062,13.545135498046877,35.55000019073486
1972-03-18 11:26:43,24.122652053833008,81.02410125732422,154.1829376220703,90.98484802246094,96.5999984741211,60.82175827026367,100.00360870361328,2.1710686683654785,43.943763201026755,193699.0,14.8507080078125,10.06365966796875,10.662033081054688,9.818878173828123,35.55000019073486
1972-03-18 11:26:44,24.045392990112305,81.08433532714844,154.89095306396484,90.98484802246094,96.3000030517578,60.82175827026367,100.00360870361328,2.1545259952545166,43.99050704025816,193699.0,12.293991088867188,16.346649169921875,12.70196533203125,12.892364501953123,35.55000019073486
1972-03-18 11:26:45,24.01740455627441,81.02410125732422,154.37012481689453,90.98484802246094,97.1999969482422,60.82175827026367,100.00360870361328,2.1429860591888428,41.65789300015558,193699.0,10.4444580078125,15.77545166015625,14.279510498046877,12.86517333984375,35.52499961853027
1972-03-18 11:26:46,24.006410598754883,80.90361022949219,153.59700775146484,90.98484802246094,98.0,60.82175827026367,100.00360870361328,2.1343181133270264,38.429298411054646,193699.0,12.076400756835938,12.511566162109377,13.327545166015623,10.79803466796875,35.55000019073486
1972-03-18 11:26:47,24.074922561645508,80.96385955810547,153.54817962646484,90.98484802246094,97.1999969482422,60.82175827026367,100.00360870361328,2.127824544906616,40.899049079664685,193699.0,12.293991088867188,16.645843505859375,8.186920166015625,10.226852416992188,35.55000019073486
1972-03-18 11:26:48,24.126853942871094,80.96385955810547,153.3772735595703,90.98484802246094,95.8000030517578,60.82175827026367,100.00360870361328,2.1154603958129883,44.50250485793025,193699.0,8.32293701171875,12.239593505859377,11.260406494140623,11.641204833984377,35.55000019073486
1972-03-18 11:26:49,24.151567459106445,81.08433532714844,152.05892181396484,90.98484802246094,95.70000457763672,60.82175827026367,100.00360870361328,2.102282285690308,45.05818283565558,193699.0,13.3819580078125,12.620361328125,12.457183837890623,9.519683837890623,35.55000019073486
1972-03-18 11:26:50,24.108110427856445,81.08433532714844,153.09244537353516,90.98484802246094,96.5,60.82175827026367,100.00360870361328,2.0956273078918457,41.8395779041303,193699.0,12.0491943359375,10.22686767578125,9.410888671875,12.103591918945312,35.55000019073486
1972-03-18 11:26:51,24.047563552856445,81.02410125732422,153.65396881103516,90.98484802246094,97.5999984741211,60.81814193725586,100.00360870361328,2.0882461071014404,41.340002565068794,193699.0,6.69097900390625,15.177093505859377,15.7210693359375,9.682861328125,35.55000019073486
1972-03-18 11:26:52,24.020885467529297,80.96385955810547,152.2298126220703,90.98484802246094,97.1999969482422,60.82175827026367,100.0,2.074251174926758,43.217399793645505,193699.0,8.3773193359375,9.954864501953123,13.028350830078123,12.729171752929688,35.55000019073486
1972-03-18 11:26:53,24.03349494934082,80.90361022949219,153.48307037353516,90.98484802246094,97.0999984741211,60.82175827026367,100.00360870361328,2.057245969772339,43.49697999432244,193699.0,9.79168701171875,10.1180419921875,9.32928466796875,10.93402099609375,35.55000019073486
1972-03-18 11:26:54,24.122533798217773,80.96385955810547,152.3600311279297,90.98484802246094,96.6999969482422,60.81814193725586,100.00360870361328,2.047452688217163,40.763809093823866,193699.0,9.601287841796877,15.285888671875,9.655670166015623,9.791671752929688,35.55000019073486
1972-03-18 11:26:55,24.172607421875,81.08433532714844,153.8330078125,90.98484802246094,97.1999969482422,60.82175827026367,100.00360870361328,2.038318634033203,41.75094307703184,193699.0,10.825241088867188,11.96759033203125,13.545135498046877,13.817138671875,35.52499961853027
1972-03-18 11:26:56,24.160579681396484,81.02410125732422,152.96224212646484,90.98484802246094,97.29999542236328,60.82175827026367,100.00360870361328,2.026986598968506,40.503168443737174,193699.0,12.674774169921877,10.7164306640625,8.350112915039062,11.66839599609375,35.52499961853027
1972-03-18 11:26:57,24.097139358520508,80.96385955810547,152.63671875,90.98484802246094,96.5,60.82175827026367,100.00360870361328,2.0251173973083496,42.35436364918634,193699.0,7.017364501953125,12.157989501953123,8.29571533203125,11.559600830078123,35.55000019073486
1972-03-18 11:26:58,24.05558204650879,80.96385955810547,152.91341400146484,90.98484802246094,97.5999984741211,60.82175827026367,100.00360870361328,2.0174405574798584,40.50577015494623,193699.0,11.39642333984375,15.285888671875,10.662033081054688,10.145263671875,35.55000019073486
1972-03-18 11:26:59,24.049598693847656,80.96385955810547,152.82389068603516,90.98484802246094,97.0999984741211,60.82175827026367,100.00360870361328,2.0075838565826416,42.46838990758603,193699.0,13.273162841796877,10.66204833984375,13.21875,12.756378173828123,35.55000019073486
1972-03-18 11:27:00,24.097915649414062,80.96385955810547,152.61231231689453,90.98484802246094,96.8000030517578,60.82175827026367,100.00360870361328,2.002782106399536,42.43825924582136,193699.0,9.546875,14.442718505859377,13.30035400390625,11.39642333984375,35.55000019073486
1972-03-18 11:27:01,24.18600845336914,81.02410125732422,153.3935546875,90.98484802246094,97.0999984741211,60.82175827026367,100.00360870361328,1.998037815093994,40.58847662469597,193699.0,8.8397216796875,8.3773193359375,15.50347900390625,7.42535400390625,35.55000019073486
1972-03-18 11:27:02,24.207321166992188,81.02410125732422,152.36817169189453,90.98484802246094,96.3000030517578,60.82175827026367,100.00360870361328,1.98891019821167,42.99671389157308,193699.0,15.965866088867188,16.292236328125,13.164352416992188,7.34375,35.52499961853027
1972-03-18 11:27:03,24.1749324798584,81.02410125732422,152.99478912353516,90.98484802246094,97.0,60.82175827026367,100.0,1.980489015579224,40.56297822413236,193699.0,5.249420166015625,10.743621826171877,15.965850830078123,11.722808837890623,35.55000019073486
1972-03-18 11:27:04,24.097686767578125,81.02410125732422,153.10872650146484,90.98484802246094,96.8000030517578,60.82175827026367,100.0,1.969856023788452,41.022178499378825,193699.0,8.8125,12.26678466796875,14.007522583007812,9.954864501953123,35.55000019073486
1972-03-18 11:27:05,24.049983978271484,80.96385955810547,152.7099609375,90.98484802246094,96.5999984741211,60.82175827026367,100.0,1.9650332927703853,39.98840228158702,193699.0,12.21240234375,11.858795166015623,8.866897583007812,13.762725830078123,35.52499961853027
1972-03-18 11:27:06,24.040807723999023,80.96385955810547,152.70182037353516,90.98484802246094,97.0999984741211,60.82175827026367,100.0,1.9595112800598145,41.687824645972206,193699.0,5.983795166015625,17.760986328125,13.681121826171877,8.649307250976562,35.55000019073486
1972-03-18 11:27:07,24.1039981842041,81.02410125732422,153.1982421875,90.98484802246094,97.0999984741211,60.82175827026367,100.00360870361328,1.95327377319336,41.5399184185844,193699.0,15.530670166015623,9.62847900390625,10.63482666015625,7.12615966796875,35.55000019073486
1972-03-18 11:27:08,24.15456199645996,81.02410125732422,153.60514068603516,90.98484802246094,97.39999389648438,60.82175827026367,100.00360870361328,1.944109916687012,40.894770642991475,193699.0,8.730926513671875,14.932281494140623,12.892364501953123,15.993057250976562,35.52499961853027
1972-03-18 11:27:09,24.154197692871094,81.02410125732422,152.9947967529297,90.98484802246094,97.0,60.82175827026367,100.00360870361328,1.935652494430542,42.18012602264289,193699.0,10.00927734375,14.76910400390625,8.59490966796875,14.007522583007812,35.55000019073486
1972-03-18 11:27:10,24.08529281616211,81.02410125732422,153.80859375,90.98484802246094,96.6999969482422,60.82175827026367,100.00360870361328,1.9235155582427976,41.23099758228583,193699.0,6.99017333984375,14.9866943359375,10.335647583007812,12.538772583007812,35.55000019073486
1972-03-18 11:27:11,24.02130126953125,81.02410125732422,153.80859375,90.98484802246094,96.6999969482422,60.82175827026367,100.00360870361328,1.9235155582427976,41.340834900207085,193699.0,6.99017333984375,14.9866943359375,10.335647583007812,12.538772583007812,35.52499961853027
1972-03-18 11:27:12,24.02130126953125,81.02410125732422,153.4261016845703,90.98484802246094,97.39999389648438,60.82175827026367,100.00360870361328,1.9135091304779053,42.835880111925604,193699.0,12.94677734375,16.020263671875,11.586807250976562,12.729171752929688,35.52499961853027
1972-03-18 11:27:13,23.99612045288086,81.02410125732422,152.67740631103516,90.98484802246094,96.6999969482422,60.82175827026367,100.00360870361328,1.9012880325317385,41.48171367689918,193699.0,6.282989501953125,11.66839599609375,13.082763671875,12.973968505859377,35.52499961853027
1972-03-18 11:27:14,24.028379440307617,80.96385955810547,153.0598907470703,90.98484802246094,96.9000015258789,60.82175827026367,100.00360870361328,1.891916275024414,42.19744818754336,193699.0,7.86053466796875,15.911468505859377,14.3883056640625,9.166091918945312,35.52499961853027
1972-03-18 11:27:15,24.121938705444336,80.90361022949219,153.58072662353516,90.98484802246094,96.6999969482422,60.81814193725586,100.00360870361328,1.884718656539917,42.333152866687755,193699.0,14.225128173828123,13.327545166015623,9.574066162109377,15.884262084960938,35.55000019073486
1972-03-18 11:27:16,24.159486770629883,80.96385955810547,153.65396881103516,90.98484802246094,96.0,60.81814193725586,100.00360870361328,1.87752103805542,43.72800488594784,193699.0,14.2523193359375,14.225128173828123,14.197906494140623,13.055557250976562,35.55000019073486
1972-03-18 11:27:17,24.141036987304688,81.02410125732422,152.01009368896484,90.98484802246094,96.5999984741211,60.82175827026367,100.00360870361328,1.8666541576385496,43.368523352086804,193699.0,12.185195922851562,12.293975830078123,12.946746826171877,10.79803466796875,35.55000019073486
1972-03-18 11:27:18,24.07272148132324,81.02410125732422,153.369140625,90.98484802246094,97.39999389648438,60.82175827026367,100.00360870361328,1.8521037101745603,41.47844642584498,193699.0,11.47802734375,15.80267333984375,13.73553466796875,15.666671752929688,35.52499961853027
1972-03-18 11:27:19,24.030149459838867,80.96385955810547,152.7587890625,90.98484802246094,98.0999984741211,60.82175827026367,100.00360870361328,1.8433029651641848,40.05105344440177,193699.0,10.74365234375,11.940399169921877,11.940399169921877,9.8460693359375,35.55000019073486
1972-03-18 11:27:20,24.026046752929688,81.02410125732422,153.61328125,90.98484802246094,96.4000015258789,60.82175827026367,100.00360870361328,1.8337500095367432,42.92173638089359,193699.0,3.8350830078125,17.97857666015625,10.417236328125,12.239593505859377,35.55000019073486
1972-03-18 11:27:21,24.084930419921875,81.02410125732422,153.857421875,90.98484802246094,96.4000015258789,60.82175827026367,100.00360870361328,1.822702407836914,43.69907146658388,193699.0,14.279525756835938,14.877899169921877,7.398147583007812,11.66839599609375,35.55000019073486
1972-03-18 11:27:22,24.15900993347168,81.02410125732422,153.857421875,90.98484802246094,97.39999389648438,60.82175827026367,100.00360870361328,1.811617374420166,40.843514579143566,193699.0,10.988433837890623,17.434600830078125,12.021987915039062,9.62847900390625,35.55000019073486
1972-03-18 11:27:23,24.1712589263916,80.96385955810547,153.32030487060547,90.98484802246094,97.29999542236328,60.82175827026367,100.00360870361328,1.799760818481445,40.126521094437564,193699.0,8.404510498046875,11.287628173828123,11.75,15.231475830078123,35.52499961853027
1972-03-18 11:27:24,24.13349151611328,80.96385955810547,152.7587890625,90.98484802246094,96.8000030517578,60.82175827026367,100.0,1.7746639251708984,41.66817844130595,193699.0,10.5804443359375,11.777191162109377,9.90045166015625,14.279510498046877,35.55000019073486
1972-03-18 11:27:25,24.076509475708008,80.96385955810547,154.06087493896484,90.98484802246094,96.9000015258789,60.82175827026367,100.0,1.766923904418945,42.217157931636834,193699.0,11.75,15.9930419921875,12.70196533203125,12.973968505859377,35.55000019073486
1972-03-18 11:27:26,24.058422088623047,81.02410125732422,154.58984375,90.98484802246094,97.89999389648438,60.82175827026367,100.0,1.7533283233642578,39.834176712615694,193699.0,10.934036254882812,17.217010498046875,16.346649169921875,13.681137084960938,35.55000019073486
1972-03-18 11:27:27,24.083213806152344,81.08433532714844,153.27962493896484,90.98484802246094,97.0999984741211,60.82175827026367,100.0,1.7389113903045654,39.34563261194278,193699.0,13.68115234375,12.946746826171877,7.99652099609375,8.431716918945312,35.55000019073486
1972-03-18 11:27:28,24.16840362548828,81.02410125732422,153.03548431396484,90.98484802246094,96.4000015258789,60.82175827026367,100.0,1.7288315296173096,43.505758963394484,193699.0,12.86517333984375,12.56597900390625,8.486114501953125,6.39178466796875,35.55000019073486
1972-03-18 11:27:29,24.22721290588379,80.90361022949219,153.18196868896484,90.98484802246094,96.4000015258789,60.82175827026367,100.0,1.7209105491638184,42.71782738469428,193699.0,8.567718505859375,12.892364501953123,15.421875,13.327545166015623,35.55000019073486
1972-03-18 11:27:30,24.210037231445312,80.96385955810547,152.685546875,90.98484802246094,97.5,60.82175827026367,100.00360870361328,1.7129898071289062,39.150984335342415,193699.0,10.335662841796877,16.5914306640625,15.666656494140623,8.29571533203125,35.55000019073486
1972-03-18 11:27:31,24.15298080444336,80.96385955810547,153.28775787353516,90.98484802246094,96.9000015258789,60.82175827026367,100.0,1.697730541229248,42.71067923397697,193699.0,14.959503173828123,16.482635498046875,3.182281494140625,14.33392333984375,35.52499961853027
1972-03-18 11:27:32,24.07736587524414,81.02410125732422,154.1910858154297,90.98484802246094,97.0,60.82175827026367,100.00360870361328,1.6897189617156982,42.706643195050745,193699.0,9.166107177734377,13.59954833984375,20.372100830078125,9.873260498046877,35.52499961853027
1972-03-18 11:27:33,24.050926208496094,80.96385955810547,151.77408599853516,90.98484802246094,96.3000030517578,60.82175827026367,100.0,1.6817076206207275,44.815829701976554,193699.0,12.7835693359375,10.4444580078125,8.839691162109375,10.471649169921877,35.55000019073486
1972-03-18 11:27:34,24.08724021911621,80.96385955810547,153.8248748779297,90.98484802246094,95.8000030517578,60.82175827026367,100.0,1.6736962795257568,44.738567009255384,193699.0,7.3709716796875,14.6875,11.36920166015625,14.46990966796875,35.55000019073486
1972-03-18 11:27:35,24.15665626525879,80.96385955810547,153.33658599853516,90.98484802246094,97.39999389648438,60.82175827026367,100.0,1.665684700012207,43.69194156041293,193699.0,11.99481201171875,14.007537841796877,13.245941162109377,10.961227416992188,35.55000019073486
1972-03-18 11:27:36,24.18673515319824,81.02410125732422,152.79134368896484,90.98484802246094,97.6999969482422,60.82175827026367,100.00360870361328,1.6576733589172363,42.491185069729354,193699.0,5.276641845703125,12.729156494140623,14.17071533203125,18.98495483398437,35.55000019073486
1972-03-18 11:27:37,24.144285202026367,81.02410125732422,152.62044525146484,90.98484802246094,96.6999969482422,60.82175827026367,100.0,1.6496620178222656,41.49956910577262,193699.0,16.292266845703125,20.671295166015625,6.6637725830078125,10.036468505859377,35.55000019073486
1972-03-18 11:27:38,24.070289611816406,81.02410125732422,153.7841796875,90.98484802246094,96.5999984741211,60.82175827026367,100.00360870361328,1.6416504383087158,41.995937324976914,193699.0,9.546875,14.76910400390625,12.973968505859377,12.9195556640625,35.52499961853027
1972-03-18 11:27:39,24.0130672454834,80.96385955810547,153.94693756103516,90.98484802246094,97.39999389648438,60.82175827026367,100.00360870361328,1.6336390972137451,42.87817316338679,193699.0,9.982070922851562,17.489013671875,14.932281494140623,12.076385498046877,35.55000019073486
1972-03-18 11:27:40,23.99032974243164,80.90361022949219,151.5380859375,90.98484802246094,96.8000030517578,60.81814193725586,100.0,1.6322400569915771,43.02917169733886,193699.0,13.273162841796877,9.438079833984377,9.710067749023438,15.693878173828123,35.55000019073486
1972-03-18 11:27:41,24.03988647460937,80.96385955810547,152.9215545654297,90.98484802246094,98.0,60.82175827026367,100.0,1.6250362396240234,40.89129894228927,193699.0,9.32928466796875,14.197906494140623,16.97222900390625,10.770843505859377,35.55000019073486
1972-03-18 11:27:42,24.11846160888672,80.96385955810547,153.466796875,90.98484802246094,96.5999984741211,60.82175827026367,100.00360870361328,1.617115497589111,43.42989493096887,193699.0,11.858795166015623,16.428253173828125,12.130783081054688,17.026611328125,35.55000019073486
1972-03-18 11:27:43,24.11174392700196,81.02410125732422,153.466796875,91.06060791015624,96.5999984741211,60.82175827026367,100.0,1.62091326713562,43.68363780937985,193699.0,5.739013671875,16.482635498046875,13.082763671875,8.948486328125,35.55000019073486
1972-03-18 11:27:44,24.057252883911133,81.02410125732422,152.88899993896484,90.98484802246094,97.1999969482422,60.82175827026367,100.0,1.6358323097229004,41.69530392187255,193699.0,13.409149169921877,15.04107666015625,7.833343505859375,13.953125,35.55000019073486
1972-03-18 11:27:45,23.99899673461914,81.02410125732422,152.783203125,90.98484802246094,97.29999542236328,60.82175827026367,100.00360870361328,1.632724046707153,40.71999809892973,193699.0,12.511581420898438,10.036468505859377,15.068283081054688,13.762725830078123,35.55000019073486
1972-03-18 11:27:46,23.97770500183105,81.02410125732422,152.11588287353516,90.98484802246094,96.5999984741211,60.82175827026367,100.0,1.6230883598327637,44.52137982119958,193699.0,9.05731201171875,14.442718505859377,13.6539306640625,13.789932250976562,35.55000019073486
1972-03-18 11:27:47,24.03081321716309,81.02410125732422,152.1809844970703,90.98484802246094,96.5,60.82175827026367,100.0,1.615619421005249,39.96706200546436,193699.0,8.948516845703125,12.26678466796875,8.948486328125,13.082763671875,35.55000019073486
1972-03-18 11:27:48,24.141889572143555,80.96385955810547,152.71810150146484,90.98484802246094,98.0,60.82175827026367,100.00360870361328,1.6140215396881104,40.73205958646957,193699.0,12.620391845703123,11.885986328125,13.490737915039062,11.39642333984375,35.55000019073486
1972-03-18 11:27:49,24.218000411987305,81.02410125732422,152.38443756103516,90.98484802246094,96.9000015258789,60.82175827026367,100.00360870361328,1.6080849170684814,41.65526158626854,193699.0,11.015625,17.352996826171875,12.865158081054688,10.19964599609375,35.55000019073486
1972-03-18 11:27:50,24.173067092895508,81.02410125732422,152.1809844970703,90.98484802246094,97.5,60.82175827026367,100.0,1.6080219745635986,40.12231418118018,193699.0,9.1116943359375,12.756378173828123,11.206024169921877,15.612274169921877,35.55000019073486
1972-03-18 11:27:51,24.07889175415039,81.02410125732422,152.18099212646484,90.98484802246094,96.5,60.81814193725586,100.00360870361328,1.606604814529419,42.956713867268725,193699.0,12.72918701171875,11.260406494140623,11.396408081054688,7.42535400390625,35.55000019073486
1972-03-18 11:27:52,24.063587188720703,80.96385955810547,153.564453125,91.06060791015624,98.1999969482422,60.82175827026367,100.00360870361328,1.600849151611328,41.26758878430596,193699.0,14.089141845703123,13.00115966796875,12.647567749023438,14.660308837890623,35.55000019073486
1972-03-18 11:27:53,24.07229995727539,80.96385955810547,152.97037506103516,90.98484802246094,97.1999969482422,60.82175827026367,100.00360870361328,1.593651533126831,42.648032718639946,193699.0,6.69097900390625,16.917816162109375,15.149871826171877,8.2413330078125,35.55000019073486
1972-03-18 11:27:54,24.15468406677246,81.02410125732422,152.62044525146484,90.98484802246094,96.8000030517578,60.82175827026367,100.0,1.592301607131958,42.765992859608225,193699.0,9.682891845703123,11.559600830078123,13.00115966796875,9.138885498046877,35.55000019073486
1972-03-18 11:27:55,24.2394962310791,81.02410125732422,154.248046875,90.98484802246094,97.79999542236328,60.82175827026367,100.00360870361328,1.5917809009552002,41.8214306875639,193699.0,13.73553466796875,16.890625,9.057281494140623,9.32928466796875,35.55000019073486
1972-03-18 11:27:56,24.27295684814453,80.96385955810547,152.45767974853516,90.98484802246094,97.0999984741211,60.82175827026367,100.00360870361328,1.5957293510437012,44.27169633553931,193699.0,12.239593505859377,19.284149169921875,11.96759033203125,9.19329833984375,35.55000019073486
1972-03-18 11:27:57,24.21750831604004,81.02410125732422,151.99381256103516,90.98484802246094,96.5,60.82175827026367,100.0,1.594676494598389,41.897474267243254,193699.0,7.3709716796875,9.3836669921875,12.756362915039062,11.83160400390625,35.52499961853027
1972-03-18 11:27:58,24.12529754638672,80.96385955810547,152.685546875,90.98484802246094,97.5999984741211,60.82175827026367,100.00360870361328,1.6010191440582275,40.27225296957672,193699.0,11.39642333984375,16.917816162109375,10.852432250976562,12.7835693359375,35.55000019073486
1972-03-18 11:27:59,24.05196762084961,80.96385955810547,151.9368438720703,90.98484802246094,96.5,60.82175827026367,100.0,1.6024184226989746,44.493701030550135,193699.0,12.42999267578125,12.593170166015623,12.973968505859377,8.839691162109375,35.55000019073486
1972-03-18 11:28:00,23.99308967590332,80.96385955810547,153.01920318603516,90.98484802246094,96.8000030517578,60.81814193725586,100.0,1.5994987487792969,44.67487152890756,193699.0,8.948516845703125,18.168975830078125,12.892364501953123,11.858795166015623,35.55000019073486
1972-03-18 11:28:01,24.03314971923828,80.96385955810547,152.62044525146484,90.98484802246094,97.6999969482422,60.82175827026367,100.00360870361328,1.5973656177520752,39.913546924150644,193699.0,15.693878173828123,12.674774169921877,11.260406494140623,10.607635498046877,35.55000019073486
1972-03-18 11:28:02,24.145517349243164,81.02410125732422,152.97850799560547,90.98484802246094,97.5999984741211,60.82175827026367,100.00360870361328,1.5967624187469482,40.29463524763206,193699.0,9.519683837890623,10.825225830078123,15.93865966796875,8.050933837890625,35.52499961853027
1972-03-18 11:28:03,24.1435546875,81.02410125732422,152.22167205810547,90.98484802246094,97.6999969482422,60.81814193725586,100.0,1.594740629196167,41.67497189168487,193699.0,11.287628173828123,15.829864501953123,13.164352416992188,11.940399169921877,35.55000019073486
1972-03-18 11:28:04,24.04481506347656,81.02410125732422,152.2705078125,90.98484802246094,96.0,60.81814193725586,100.00360870361328,1.5927884578704834,41.97537895013394,193699.0,14.225128173828123,12.13079833984375,14.143524169921877,14.796295166015623,35.55000019073486
1972-03-18 11:28:05,23.972524642944336,81.02410125732422,152.8483123779297,90.98484802246094,95.3000030517578,60.82175827026367,100.00360870361328,1.5879552364349363,41.44532099158635,193699.0,6.799774169921875,12.3211669921875,16.836227416992188,9.9820556640625,35.55000019073486
1972-03-18 11:28:06,23.906238555908203,81.02410125732422,153.125,90.98484802246094,96.5999984741211,60.82175827026367,100.0,1.5853569507598877,46.032906262561085,193699.0,9.682891845703123,16.97222900390625,11.396408081054688,13.327545166015623,35.55000019073486
1972-03-18 11:28:07,23.914852142333984,81.02410125732422,151.7903594970703,90.98484802246094,97.39999389648438,60.82175827026367,100.0,1.5849668979644775,42.8267307212239,193699.0,16.346649169921875,14.2523193359375,10.19964599609375,11.940399169921877,35.52499961853027
1972-03-18 11:28:08,23.99112319946289,81.02410125732422,152.94596099853516,90.98484802246094,97.5999984741211,60.81814193725586,100.00360870361328,1.5824782848358154,41.39970884680534,193699.0,10.52606201171875,16.346649169921875,17.217010498046875,8.404510498046875,35.52499961853027
1972-03-18 11:28:09,24.06905937194824,81.02410125732422,152.4983673095703,90.98484802246094,96.5,60.82175827026367,100.00360870361328,1.576365947723389,43.295515003860416,193699.0,10.390045166015623,10.66204833984375,14.30670166015625,12.484375,35.55000019073486
1972-03-18 11:28:10,24.03718948364257,81.02410125732422,151.4404296875,90.98484802246094,96.6999969482422,60.82175827026367,100.00360870361328,1.5746564865112305,39.639487447242246,193699.0,10.5804443359375,13.273162841796877,12.946746826171877,14.415512084960938,35.55000019073486
1972-03-18 11:28:11,23.99374771118164,80.96385955810547,153.4423828125,90.98484802246094,96.9000015258789,60.82175827026367,100.0,1.5715336799621582,41.28575847278228,193699.0,12.293991088867188,18.604156494140625,9.084487915039062,14.497100830078123,35.55000019073486
1972-03-18 11:28:12,24.00101089477539,80.96385955810547,153.15755462646484,90.98484802246094,97.0,60.81814193725586,100.00360870361328,1.56551194190979,44.21352965269757,193699.0,8.649322509765625,15.149871826171877,14.30670166015625,10.19964599609375,35.55000019073486
1972-03-18 11:28:13,24.053260803222656,80.96385955810547,152.2542266845703,90.98484802246094,96.4000015258789,60.82175827026367,100.00360870361328,1.5594899654388428,45.893482636678485,193699.0,7.098968505859375,17.54339599609375,12.021987915039062,12.13079833984375,35.55000019073486
1972-03-18 11:28:14,24.16434097290039,81.02410125732422,152.84829711914062,90.98484802246094,96.5,60.82175827026367,100.0,1.5534679889678955,41.32146240522393,193699.0,8.8397216796875,16.129058837890625,12.70196533203125,14.1163330078125,35.55000019073486
1972-03-18 11:28:15,24.30363655090332,81.02410125732422,152.8889923095703,90.98484802246094,98.5,60.82175827026367,100.00360870361328,1.5474462509155271,41.22747772051792,193699.0,8.02374267578125,17.026611328125,17.24420166015625,10.689239501953123,35.52499961853027
1972-03-18 11:28:16,24.37250328063965,81.02410125732422,153.16568756103516,90.98484802246094,98.4000015258789,60.81814193725586,100.00360870361328,1.5399565696716309,39.224555847450006,193699.0,10.634857177734377,10.254058837890623,13.082763671875,12.9195556640625,35.52499961853027
1972-03-18 11:28:17,24.380535125732425,81.02410125732422,152.62044525146484,90.98484802246094,97.0999984741211,60.81814193725586,100.0,1.528045654296875,40.291271247342635,193699.0,11.342025756835938,17.516204833984375,12.239593505859377,10.49884033203125,35.55000019073486
1972-03-18 11:28:18,24.364282608032227,80.96385955810547,152.18099212646484,90.98484802246094,95.4000015258789,60.82175827026367,100.00360870361328,1.5219333171844482,43.31529491265041,193699.0,13.871536254882812,9.8460693359375,11.75,12.022003173828123,35.55000019073486
1972-03-18 11:28:19,24.32816696166992,80.96385955810547,152.16471099853516,90.98484802246094,98.0,60.81814193725586,100.00360870361328,1.5129008293151855,42.39870274840404,193699.0,9.465301513671877,14.197906494140623,11.804397583007812,13.3819580078125,35.55000019073486
1972-03-18 11:28:20,24.335485458374023,81.02410125732422,152.7994842529297,90.98484802246094,96.9000015258789,60.82175827026367,100.00360870361328,1.5008891820907593,44.09173258651301,193699.0,6.065399169921875,16.890625,11.042816162109377,13.327545166015623,35.52499961853027
1972-03-18 11:28:21,24.38358688354492,81.02410125732422,152.978515625,90.98484802246094,96.9000015258789,60.81814193725586,100.0,1.4888051748275757,42.03878669795782,193699.0,7.12615966796875,13.89874267578125,15.693862915039062,12.40277099609375,35.55000019073486
1972-03-18 11:28:22,24.40716361999512,80.96385955810547,153.29590606689453,90.98484802246094,97.39999389648438,60.81814193725586,100.00360870361328,1.4781241416931152,40.56277973236656,193699.0,11.47802734375,13.028350830078123,9.519683837890623,11.287628173828123,35.55000019073486
1972-03-18 11:28:23,24.368202209472656,80.90361022949219,153.02734375,90.98484802246094,96.5,60.81814193725586,100.00360870361328,1.4600582122802734,40.98284284949009,193699.0,13.409149169921877,10.8524169921875,15.77545166015625,10.607635498046877,35.52499961853027
1972-03-18 11:28:24,24.260984420776367,80.90361022949219,152.09961700439453,90.98484802246094,98.1999969482422,60.81814193725586,100.00360870361328,1.451364517211914,39.95487762606524,193699.0,10.934036254882812,13.817138671875,15.50347900390625,14.03472900390625,35.55000019073486
1972-03-18 11:28:25,24.132614135742188,81.02410125732422,152.76692962646484,90.98484802246094,96.6999969482422,60.81814193725586,100.0,1.44119131565094,41.94821813025788,193699.0,4.5694580078125,10.7164306640625,13.055557250976562,10.879638671875,35.55000019073486
1972-03-18 11:28:26,24.03767776489257,81.02410125732422,152.0751953125,90.98484802246094,96.5,60.81814193725586,100.00360870361328,1.4346269369125366,42.9680765165085,193699.0,10.06365966796875,12.9195556640625,11.804397583007812,5.79339599609375,35.52499961853027
1972-03-18 11:28:27,23.979358673095703,80.96385955810547,151.9694061279297,90.98484802246094,96.9000015258789,60.82175827026367,100.0,1.42586088180542,43.18322053055618,193699.0,10.145263671875,11.83160400390625,10.526031494140623,14.877899169921877,35.55000019073486
1972-03-18 11:28:28,23.962888717651367,80.96385955810547,151.5055389404297,90.98484802246094,98.0,60.81814193725586,100.00360870361328,1.4141323566436768,39.01297684434736,193699.0,12.56597900390625,14.63311767578125,10.172454833984377,11.804397583007812,35.55000019073486
1972-03-18 11:28:29,23.947067260742188,81.02410125732422,152.45767974853516,90.98484802246094,97.5999984741211,60.81814193725586,100.00360870361328,1.4074773788452148,38.80076733390893,193699.0,9.138885498046877,12.56597900390625,16.727432250976562,9.818878173828123,35.55000019073486
1972-03-18 11:28:30,23.87735748291016,80.96385955810547,151.7822265625,90.98484802246094,96.5999984741211,60.82175827026367,100.00360870361328,1.4000961780548096,41.61598849776636,193699.0,7.56134033203125,13.273162841796877,8.404510498046875,11.423614501953123,35.55000019073486
1972-03-18 11:28:31,23.78329086303711,80.96385955810547,152.47396087646484,90.98484802246094,96.10000610351562,60.82175827026367,100.00360870361328,1.3861013650894165,44.247039888545416,193699.0,11.287628173828123,11.994781494140623,9.954864501953123,10.335647583007812,35.55000019073486
1972-03-18 11:28:32,23.72878074645996,81.02410125732422,153.2877655029297,90.98484802246094,97.29999542236328,60.82175827026367,100.00360870361328,1.3727576732635498,43.105213808048816,193699.0,12.837982177734377,15.394683837890623,10.172454833984377,11.505218505859377,35.55000019073486
1972-03-18 11:28:33,23.72850227355957,81.02410125732422,153.04361724853516,90.98484802246094,96.6999969482422,60.82175827026367,100.00360870361328,1.3615341186523438,41.940067130370004,193699.0,7.751739501953125,16.917816162109375,14.932281494140623,10.254058837890623,35.55000019073486
1972-03-18 11:28:34,23.825672149658203,81.02410125732422,151.8636016845703,90.98484802246094,96.9000015258789,60.82175827026367,100.00360870361328,1.353917956352234,41.74976844280045,193699.0,11.559616088867188,11.804412841796877,10.879638671875,15.06829833984375,35.55000019073486
1972-03-18 11:28:35,23.967214584350582,80.90361022949219,152.6041717529297,90.98484802246094,96.5999984741211,60.82175827026367,100.00360870361328,1.3448173999786377,42.86334196607709,193699.0,6.9085693359375,14.741912841796877,11.36920166015625,9.2476806640625,35.52499961853027
1972-03-18 11:28:36,24.03922462463379,80.90361022949219,153.27962493896484,90.98484802246094,97.0999984741211,60.82175827026367,100.00360870361328,1.3357051610946655,42.675683543517394,193699.0,14.76910400390625,13.00115966796875,15.802658081054688,15.177093505859377,35.55000019073486
1972-03-18 11:28:37,24.06944465637207,81.02410125732422,152.35189056396484,90.98484802246094,97.0999984741211,60.82175827026367,100.00360870361328,1.3250750303268433,40.77127731357337,193699.0,10.634857177734377,9.220489501953123,14.442718505859377,13.572341918945312,35.55000019073486
1972-03-18 11:28:38,24.088886260986328,81.02410125732422,150.78125,90.98484802246094,97.6999969482422,60.82175827026367,100.00360870361328,1.3166087865829468,38.94710374445129,193699.0,12.185195922851562,17.70660400390625,7.26214599609375,6.82696533203125,35.52499961853027
1972-03-18 11:28:39,24.132946014404297,81.02410125732422,152.66114044189453,90.98484802246094,97.1999969482422,60.82175827026367,100.0,1.3029874563217163,40.583731630475725,193699.0,9.138885498046877,11.3148193359375,13.599533081054688,10.988433837890623,35.55000019073486
1972-03-18 11:28:40,24.2329216003418,81.02410125732422,152.34375762939453,90.98484802246094,97.0,60.82175827026367,100.00360870361328,1.2900415658950806,43.08454785230731,193699.0,10.4444580078125,14.061920166015623,14.497100830078123,15.93865966796875,35.55000019073486
1972-03-18 11:28:41,24.34335327148437,80.96385955810547,151.21256256103516,90.98484802246094,97.6999969482422,60.82175827026367,100.0,1.2806696891784668,38.53717352319155,193699.0,10.4444580078125,9.818878173828123,11.858795166015623,9.32928466796875,35.55000019073486
1972-03-18 11:28:42,24.40180397033692,80.96385955810547,153.40169525146484,90.98484802246094,98.29999542236328,60.82175827026367,100.00360870361328,1.2734720706939695,37.74105021325941,193699.0,8.32293701171875,12.076385498046877,13.082763671875,8.921295166015625,35.55000019073486
1972-03-18 11:28:43,24.38029670715332,80.90361022949219,152.21353912353516,90.98484802246094,96.3000030517578,60.82175827026367,100.00360870361328,1.2560237646102903,43.429674807274466,193699.0,10.335662841796877,15.748260498046877,9.492477416992188,9.410888671875,35.55000019073486
1972-03-18 11:28:44,24.29564094543457,81.02410125732422,152.32747650146484,90.98484802246094,96.20000457763672,60.82175827026367,100.00360870361328,1.2384334802627563,43.14432709659738,193699.0,7.262176513671875,8.9757080078125,14.46990966796875,9.492477416992188,35.55000019073486
1972-03-18 11:28:45,24.200782775878903,81.08433532714844,152.1647186279297,90.98484802246094,97.39999389648438,60.81814193725586,100.0,1.2295225858688354,41.45664547634098,193699.0,14.061920166015623,14.76910400390625,12.674774169921877,11.858795166015623,35.55000019073486
1972-03-18 11:28:46,24.11881828308105,81.02410125732422,152.4983673095703,90.98484802246094,97.5999984741211,60.81814193725586,100.0,1.2220536470413208,40.29448999925427,193699.0,12.919570922851562,13.844329833984377,13.898727416992188,13.30035400390625,35.55000019073486
1972-03-18 11:28:47,24.10003089904785,80.96385955810547,151.96126556396484,90.98484802246094,97.6999969482422,60.82175827026367,100.00360870361328,1.2145848274230957,40.77326592355087,193699.0,10.199661254882812,13.191558837890623,12.1851806640625,9.19329833984375,35.55000019073486
1972-03-18 11:28:48,24.141895294189453,80.96385955810547,151.37532806396484,90.98484802246094,97.0,60.82175827026367,100.00360870361328,1.1961467266082764,40.58906926955863,193699.0,10.335662841796877,13.354736328125,11.3148193359375,12.40277099609375,35.55000019073486
1972-03-18 11:28:49,24.150049209594727,81.02410125732422,152.88086700439453,90.98484802246094,97.5,60.82175827026367,100.0,1.1687670946121216,40.33347336323955,193699.0,8.29571533203125,15.34027099609375,15.149871826171877,10.553253173828123,35.55000019073486
1972-03-18 11:28:50,24.082897186279297,81.02410125732422,151.46484375,90.98484802246094,97.0,60.82175827026367,100.00360870361328,1.1550555229187012,41.300451657776016,193699.0,12.457183837890623,10.906829833984377,11.66839599609375,14.76910400390625,35.55000019073486
1972-03-18 11:28:51,23.97947883605957,81.08433532714844,152.03450775146484,90.98484802246094,97.1999969482422,60.82175827026367,100.00360870361328,1.1434576511383057,41.279243499502435,193699.0,5.82061767578125,15.77545166015625,10.526031494140623,13.055557250976562,35.55000019073486
1972-03-18 11:28:52,23.89107894897461,81.02410125732422,152.3762969970703,90.98484802246094,97.1999969482422,60.82175827026367,100.00360870361328,1.129643797874451,43.22788313981551,193699.0,15.285888671875,10.607635498046877,12.70196533203125,10.879638671875,35.55000019073486
1972-03-18 11:28:53,23.88174629211425,80.96385955810547,152.43326568603516,90.98484802246094,97.29999542236328,60.82175827026367,100.0,1.115742325782776,41.88741899252875,193699.0,11.206024169921877,15.5850830078125,16.129058837890625,14.741897583007812,35.55000019073486
1972-03-18 11:28:54,23.952985763549805,80.96385955810547,151.57064056396484,90.98484802246094,97.29999542236328,60.82175827026367,100.00360870361328,1.1010345220565796,39.784319853788695,193699.0,8.214141845703125,14.361114501953123,11.423614501953123,13.00115966796875,35.55000019073486
1972-03-18 11:28:55,24.064075469970703,80.96385955810547,152.4251251220703,90.98484802246094,97.0999984741211,60.82175827026367,100.00360870361328,1.0840516090393066,42.06558123144395,193699.0,12.21240234375,11.75,12.021987915039062,14.1163330078125,35.55000019073486
1972-03-18 11:28:56,24.092435836791992,81.02410125732422,152.001953125,90.98484802246094,97.5999984741211,60.82175827026367,100.00360870361328,1.066975474357605,39.23815134931866,193699.0,12.674774169921877,14.9866943359375,9.737274169921877,14.660308837890623,35.52499961853027
1972-03-18 11:28:57,24.065519332885746,81.08433532714844,151.9775390625,90.98484802246094,96.0,60.82175827026367,100.00360870361328,1.051235556602478,44.46535916703963,193699.0,5.847808837890625,14.442718505859377,12.892364501953123,10.335647583007812,35.55000019073486
1972-03-18 11:28:58,24.07052230834961,81.02410125732422,152.22982025146484,90.98484802246094,96.9000015258789,60.82175827026367,100.00360870361328,1.039074420928955,42.934207488086656,193699.0,11.886016845703123,13.409149169921877,13.43634033203125,10.93402099609375,35.55000019073486
1972-03-18 11:28:59,24.111236572265625,80.96385955810547,152.53092193603516,90.98484802246094,97.29999542236328,60.82175827026367,100.00360870361328,1.02979576587677,39.99413063536845,193699.0,9.138885498046877,12.9195556640625,11.66839599609375,14.524307250976562,35.55000019073486
1972-03-18 11:29:00,24.159086227416992,80.96385955810547,152.72623443603516,90.98484802246094,98.1999969482422,60.82175827026367,100.00360870361328,1.0234434604644775,39.61077894848535,193699.0,8.15972900390625,17.162628173828125,13.6539306640625,9.002899169921875,35.55000019073486
1972-03-18 11:29:01,24.23919677734375,81.02410125732422,151.86360931396484,90.98484802246094,97.39999389648438,60.81814193725586,100.00360870361328,1.0097874402999878,41.63325506439875,193699.0,10.74365234375,13.7899169921875,11.23321533203125,12.321182250976562,35.55000019073486
1972-03-18 11:29:02,24.289953231811523,80.96385955810547,152.05078125,90.98484802246094,96.20000457763672,60.82175827026367,100.0,0.9960759878158568,41.22812129881191,193699.0,12.076400756835938,15.095489501953123,11.96759033203125,13.245941162109377,35.55000019073486
1972-03-18 11:29:03,24.26048469543457,81.02410125732422,152.54720306396484,90.98484802246094,97.0999984741211,60.82175827026367,100.00360870361328,0.9786397218704224,43.67361003173007,193699.0,9.03009033203125,13.6539306640625,13.273147583007812,8.15972900390625,35.55000019073486
1972-03-18 11:29:04,24.17594718933105,81.02410125732422,152.9052734375,90.98484802246094,97.29999542236328,60.82175827026367,100.00360870361328,0.9632810354232788,41.14087531367457,193699.0,7.80615234375,12.6475830078125,14.116317749023438,16.047454833984375,35.52499961853027
1972-03-18 11:29:05,24.129783630371094,80.96385955810547,152.0263671875,90.98484802246094,96.8000030517578,60.82175827026367,100.00360870361328,0.9441794157028198,40.79790705145129,193699.0,10.5804443359375,12.620361328125,7.017364501953125,9.791671752929688,35.55000019073486
1972-03-18 11:29:06,24.095273971557617,80.96385955810547,151.76595306396484,90.98484802246094,96.6999969482422,60.82175827026367,100.00360870361328,0.924951195716858,41.76647763852105,193699.0,12.21240234375,10.06365966796875,14.333908081054688,10.335647583007812,35.55000019073486
1972-03-18 11:29:07,24.110107421875,80.96385955810547,151.33463287353516,90.98484802246094,97.29999542236328,60.82175827026367,100.0,0.915854811668396,40.84590171067288,193699.0,7.751739501953125,14.932281494140623,13.273147583007812,10.4444580078125,35.52499961853027
1972-03-18 11:29:08,24.170055389404297,80.96385955810547,152.9052734375,90.98484802246094,97.89999389648438,60.82175827026367,100.00360870361328,0.9009029865264891,40.74879423803688,193699.0,10.770843505859377,16.346649169921875,10.743621826171877,13.028350830078123,35.55000019073486
1972-03-18 11:29:09,24.208961486816406,81.02410125732422,152.3681640625,90.98484802246094,97.1999969482422,60.82175827026367,100.0,0.8902589082717896,41.219451094932836,193699.0,11.342025756835938,16.50982666015625,18.25057983398437,10.5804443359375,35.52499961853027
1972-03-18 11:29:10,24.150203704833984,81.14457702636719,151.81478118896484,90.98484802246094,96.9000015258789,60.82175827026367,100.00360870361328,0.8737566471099854,45.38551826766502,193699.0,9.27490234375,13.00115966796875,9.710067749023438,5.983795166015625,35.55000019073486
1972-03-18 11:29:11,24.07109260559082,81.02410125732422,151.67642974853516,90.98484802246094,95.8000030517578,60.81814193725586,100.00360870361328,0.8622932434082031,41.99887212429929,193699.0,13.028366088867188,8.9757080078125,11.423614501953123,6.9085693359375,35.52499961853027
1972-03-18 11:29:12,24.027145385742188,80.96385955810547,152.3274688720703,90.98484802246094,97.5,60.82175827026367,100.00360870361328,0.8522474765777588,43.350356795159286,193699.0,13.789947509765623,15.2586669921875,14.279510498046877,10.4444580078125,35.52499961853027
1972-03-18 11:29:13,24.020601272583008,80.96385955810547,151.2613983154297,90.98484802246094,97.0,60.82175827026367,100.0,0.8385465145111084,41.87892180804819,193699.0,7.234954833984375,12.620361328125,11.913192749023438,8.404510498046875,35.55000019073486
1972-03-18 11:29:14,24.09308433532715,80.96385955810547,151.27767181396484,90.98484802246094,97.29999542236328,60.82175827026367,100.0,0.8145096302032471,43.61100040651645,193699.0,11.886016845703123,17.40740966796875,12.26678466796875,10.66204833984375,35.55000019073486
1972-03-18 11:29:15,24.17090034484864,81.02410125732422,151.904296875,90.98484802246094,97.29999542236328,60.82175827026367,100.0,0.8042271137237549,41.1074942278615,193699.0,11.1788330078125,14.8507080078125,12.892364501953123,14.197921752929688,35.55000019073486
1972-03-18 11:29:16,24.16129302978516,81.08433532714844,151.57877349853516,90.98484802246094,97.5999984741211,60.82175827026367,100.0,0.7880879640579224,40.54589643588035,193699.0,7.234954833984375,16.618621826171875,12.729156494140623,9.03009033203125,35.55000019073486
1972-03-18 11:29:17,24.08458709716797,81.08433532714844,150.55338287353516,90.98484802246094,96.5,60.82175827026367,100.00360870361328,0.7711181640625,44.00366769988105,193699.0,6.881378173828125,7.588531494140625,11.206024169921877,9.002899169921875,35.55000019073486
1972-03-18 11:29:18,24.022645950317383,80.96385955810547,151.57064056396484,90.98484802246094,97.29999542236328,60.82175827026367,100.00360870361328,0.7482025623321533,42.0462322302445,193699.0,9.682891845703123,15.04107666015625,12.348388671875,10.145263671875,35.55000019073486
1972-03-18 11:29:19,23.98244857788086,80.96385955810547,152.70182037353516,90.98484802246094,97.5999984741211,60.82175827026367,100.0,0.736850380897522,41.55212685834173,193699.0,12.321197509765623,8.540496826171875,12.756362915039062,12.13079833984375,35.55000019073486
1972-03-18 11:29:20,24.006710052490234,81.02410125732422,152.62857818603516,90.98484802246094,97.0999984741211,60.82175827026367,100.0,0.7232862710952759,39.8018151294688,193699.0,3.01910400390625,11.83160400390625,12.946746826171877,12.348388671875,35.55000019073486
1972-03-18 11:29:21,24.071571350097656,81.02410125732422,150.86263275146484,90.98484802246094,97.29999542236328,60.82175827026367,100.00360870361328,0.7037907838821411,38.33758025475507,193699.0,15.20428466796875,17.0538330078125,5.412612915039063,11.09722900390625,35.52499961853027
1972-03-18 11:29:22,24.137351989746094,80.96385955810547,151.5543670654297,90.98484802246094,96.5999984741211,60.82175827026367,100.0,0.686417818069458,41.982000761126656,193699.0,5.059051513671875,9.519683837890623,8.567718505859375,12.973968505859377,35.55000019073486
1972-03-18 11:29:23,24.13723373413086,80.96385955810547,150.89517974853516,90.98484802246094,96.8000030517578,60.82175827026367,100.0,0.6747868061065674,44.11441507619759,193699.0,8.676513671875,13.327545166015623,9.9820556640625,10.7164306640625,35.55000019073486
1972-03-18 11:29:24,24.09444999694824,81.02410125732422,152.4251251220703,90.98484802246094,96.6999969482422,60.82175827026367,100.00360870361328,0.6514270305633545,41.67383039733208,193699.0,8.703704833984375,13.30035400390625,8.73089599609375,16.23785400390625,35.55000019073486
1972-03-18 11:29:25,24.06806182861328,80.96385955810547,152.98665618896484,90.98484802246094,96.9000015258789,60.82175827026367,100.00360870361328,0.6322766542434692,41.80475197082148,193699.0,8.785308837890625,17.1898193359375,13.844329833984377,7.86053466796875,35.55000019073486
1972-03-18 11:29:26,24.056676864624023,80.96385955810547,151.6194610595703,90.98484802246094,96.6999969482422,60.82175827026367,100.0,0.6159839630126953,40.751189581678744,193699.0,9.410888671875,14.415496826171877,13.980316162109377,9.46527099609375,35.52499961853027
1972-03-18 11:29:27,24.091487884521484,81.02410125732422,150.78939056396484,90.98484802246094,96.9000015258789,60.82175827026367,100.0,0.602523684501648,39.23342082791078,193699.0,8.186920166015625,11.53240966796875,10.335647583007812,9.32928466796875,35.55000019073486
1972-03-18 11:29:28,24.17790985107422,81.02410125732422,151.45670318603516,90.98484802246094,96.6999969482422,60.82175827026367,100.0,0.5787841081619263,41.052433980941274,193699.0,12.0491943359375,8.2413330078125,11.994781494140623,13.082763671875,35.55000019073486
1972-03-18 11:29:29,24.184907913208008,80.96385955810547,152.0263671875,90.98484802246094,98.1999969482422,60.82175827026367,100.00360870361328,0.5563417673110962,37.38519014843779,193699.0,8.02374267578125,10.4444580078125,15.666656494140623,11.96759033203125,35.55000019073486
1972-03-18 11:29:30,24.13433265686035,80.96385955810547,151.22071075439453,90.98484802246094,97.39999389648438,60.82175827026367,100.00360870361328,0.5381346940994263,39.58389195391162,193699.0,7.80615234375,15.34027099609375,11.124420166015623,6.636566162109375,35.55000019073486
1972-03-18 11:29:31,24.056474685668945,80.96385955810547,151.4241485595703,90.98484802246094,96.3000030517578,60.82175827026367,100.00360870361328,0.5242478847503662,42.49031307856693,193699.0,8.186920166015625,10.471649169921877,12.538772583007812,10.036468505859377,35.55000019073486
1972-03-18 11:29:32,24.01283073425293,81.08433532714844,151.65201568603516,90.98484802246094,95.70000457763672,60.82175827026367,100.00360870361328,0.5074050426483154,44.913999440333434,193699.0,9.818878173828123,12.157989501953123,8.078125,8.186920166015625,35.55000019073486
1972-03-18 11:29:33,23.99683952331543,81.02410125732422,152.08333587646484,90.98484802246094,97.0999984741211,60.82175827026367,100.00360870361328,0.4897329807281494,43.678033709673635,193699.0,16.346649169921875,7.806121826171875,13.762725830078123,11.124420166015623,35.55000019073486
1972-03-18 11:29:34,24.045467376708984,80.96385955810547,150.61849212646484,90.98484802246094,97.29999542236328,60.82175827026367,100.00360870361328,0.4763901233673095,39.62689939913142,193699.0,8.2413330078125,13.545135498046877,12.26678466796875,12.076385498046877,35.52499961853027
1972-03-18 11:29:35,24.097618103027344,80.90361022949219,151.72525787353516,90.98484802246094,97.5999984741211,60.82175827026367,100.00360870361328,0.4622863531112671,41.585492412117944,193699.0,11.342025756835938,14.33392333984375,10.689239501953123,11.015625,35.55000019073486
1972-03-18 11:29:36,24.07559394836425,80.96385955810547,151.66015625,90.98484802246094,96.6999969482422,60.82175827026367,100.00360870361328,0.4408156871795654,43.068035249626774,193699.0,9.138885498046877,12.6475830078125,15.421875,8.404510498046875,35.55000019073486
1972-03-18 11:29:37,24.01555824279785,81.02410125732422,152.13216400146484,90.98484802246094,96.9000015258789,60.82175827026367,100.00360870361328,0.4192184209823608,41.26419377099752,193699.0,8.62213134765625,16.7274169921875,13.327545166015623,9.737274169921877,35.55000019073486
1972-03-18 11:29:38,23.96972846984864,81.02410125732422,151.65201568603516,90.98484802246094,97.39999389648438,60.82175827026367,100.00360870361328,0.3916467428207397,40.04587547697185,193699.0,7.28936767578125,11.015625,8.350112915039062,10.770843505859377,35.55000019073486
1972-03-18 11:29:39,23.9515323638916,80.96385955810547,151.06607818603516,90.98484802246094,97.5999984741211,60.82175827026367,100.0,0.375586986541748,39.43701911709981,193699.0,12.919570922851562,17.40740966796875,6.69097900390625,9.601272583007812,35.55000019073486
1972-03-18 11:29:40,23.997920989990234,80.96385955810547,152.23795318603516,90.98484802246094,96.9000015258789,60.82175827026367,100.00360870361328,0.3594807386398315,43.105449512797115,193699.0,10.79803466796875,12.1851806640625,12.0491943359375,11.1788330078125,35.55000019073486
1972-03-18 11:29:41,24.09358596801757,81.02410125732422,151.611328125,90.98484802246094,96.9000015258789,60.82175827026367,100.00360870361328,0.3345063924789428,41.00088505537297,193699.0,10.689239501953123,10.28125,14.497100830078123,11.4508056640625,35.55000019073486
1972-03-18 11:29:42,24.166933059692383,81.08433532714844,152.0182342529297,90.98484802246094,97.1999969482422,60.82175827026367,100.0,0.318175196647644,42.17230397729896,193699.0,5.847808837890625,17.026611328125,8.89410400390625,9.32928466796875,35.55000019073486
1972-03-18 11:29:43,24.168237686157227,81.02410125732422,153.13314056396484,90.98484802246094,96.9000015258789,60.82175827026367,100.00360870361328,0.306185245513916,42.86613106011096,193699.0,10.498855590820312,17.97857666015625,13.381942749023438,7.751739501953125,35.55000019073486
1972-03-18 11:29:44,24.137325286865234,80.96385955810547,151.513671875,90.98484802246094,96.5,60.82175827026367,100.00360870361328,0.2890814542770386,41.93090199772262,193699.0,10.172454833984377,12.1851806640625,8.785308837890625,13.953125,35.55000019073486
1972-03-18 11:29:45,24.146106719970703,80.96385955810547,151.66015625,90.98484802246094,97.5,60.82175827026367,100.00360870361328,0.2711575031280517,39.30638150880041,193699.0,6.33740234375,16.428253173828125,9.057281494140623,9.383682250976562,35.55000019073486
1972-03-18 11:29:46,24.16681480407715,80.96385955810547,151.87989044189453,90.98484802246094,95.9000015258789,60.82175827026367,100.0,0.2575641870498657,43.78878779476939,193699.0,9.32928466796875,12.756378173828123,14.3883056640625,6.799774169921875,35.55000019073486
1972-03-18 11:29:47,24.23939323425293,81.08433532714844,152.01009368896484,90.98484802246094,97.5,60.81814193725586,100.0,0.2432265281677246,39.737299191252916,193699.0,11.124420166015623,13.191558837890623,14.524307250976562,14.524307250976562,35.55000019073486
1972-03-18 11:29:48,24.30851936340332,81.08433532714844,151.50553131103516,90.98484802246094,97.5999984741211,60.82175827026367,100.0,0.2237327098846435,40.7281398922608,193699.0,6.09259033203125,14.63311767578125,12.1851806640625,12.620361328125,35.55000019073486
1972-03-18 11:29:49,24.311420440673828,81.02410125732422,152.18099212646484,90.98484802246094,96.8000030517578,60.81814193725586,100.0,0.201228380203247,41.00531421713131,193699.0,12.701980590820312,15.20428466796875,11.804397583007812,10.172454833984377,35.55000019073486
1972-03-18 11:29:50,24.235191345214844,80.96385955810547,153.00292205810547,90.98484802246094,96.5,60.82175827026367,100.0,0.1822438240051269,40.755787480462324,193699.0,9.8460693359375,15.1226806640625,13.708343505859377,12.348388671875,35.55000019073486
1972-03-18 11:29:51,24.133617401123047,80.96385955810547,151.26139068603516,90.98484802246094,97.0999984741211,60.82175827026367,100.0,0.1646376848220825,40.378113242381275,193699.0,5.113433837890625,12.293975830078123,7.452545166015625,11.015625,35.55000019073486
1972-03-18 11:29:52,24.06947135925293,80.96385955810547,151.66829681396484,90.98484802246094,97.39999389648438,60.82175827026367,100.0,0.1543066501617431,42.64688281910259,193699.0,11.369232177734377,12.729156494140623,16.210647583007812,12.1851806640625,35.55000019073486
1972-03-18 11:29:53,24.051082611083984,80.96385955810547,153.30403900146484,90.98484802246094,96.8000030517578,60.82175827026367,100.0,0.1374136209487915,42.94581589370844,193699.0,12.892364501953123,11.722808837890623,12.321182250976562,10.036468505859377,35.55000019073486
1972-03-18 11:29:54,24.08883285522461,81.02410125732422,151.42415618896484,90.98484802246094,96.5999984741211,60.82175827026367,100.0,0.1138771772384643,44.52351061634654,193699.0,12.375579833984377,14.361114501953123,14.333908081054688,12.348388671875,35.55000019073486
1972-03-18 11:29:55,24.14753532409668,81.02410125732422,151.0172576904297,90.98484802246094,96.5,60.81814193725586,100.0,0.0923913717269897,41.856806608203954,193699.0,13.844329833984377,17.1898193359375,13.708343505859377,10.009262084960938,35.55000019073486
1972-03-18 11:29:56,24.128162384033203,80.96385955810547,152.51465606689453,90.98484802246094,97.0999984741211,60.82175827026367,100.0,0.078853964805603,42.736491773270515,193699.0,9.438079833984377,10.19964599609375,14.6875,12.86517333984375,35.52499961853027
1972-03-18 11:29:57,24.064027786254883,80.96385955810547,151.93685150146484,90.98484802246094,96.6999969482422,60.81814193725586,100.0,0.0594366788864135,43.01148252036364,193699.0,10.471649169921877,16.618621826171875,11.287612915039062,10.226852416992188,35.55000019073486
1972-03-18 11:29:58,23.98016929626465,81.02410125732422,150.68359375,90.98484802246094,96.5999984741211,60.81814193725586,100.0,0.0450748205184936,43.810876423690885,193699.0,6.85418701171875,16.346649169921875,4.40625,14.225128173828123,35.55000019073486
1972-03-18 11:29:59,23.96050453186035,81.02410125732422,152.32747650146484,90.98484802246094,97.39999389648438,60.81814193725586,100.0,0.0197179317474365,42.32598608285727,193699.0,9.35650634765625,10.36285400390625,17.951385498046875,9.9820556640625,35.52499961853027
1972-03-18 11:30:00,23.99912643432617,80.96385955810547,151.82291412353516,90.98484802246094,97.5,60.81814193725586,100.0,0.0095874071121215,42.964981314455834,193699.0,14.33392333984375,13.545135498046877,11.342010498046877,12.620361328125,35.55000019073486
1972-03-18 11:30:01,24.088701248168945,80.96385955810547,150.61849212646484,90.98484802246094,96.4000015258789,60.82175827026367,100.0,0.0,43.01049264586006,193699.0,7.017364501953125,14.33392333984375,11.777191162109377,12.892364501953123,35.55000019073486
1972-03-18 11:30:02,24.14444732666016,80.96385955810547,151.0904998779297,90.98484802246094,96.5,60.82175827026367,100.0,0.0,42.00231304395636,193699.0,13.00115966796875,8.43170166015625,12.647567749023438,10.770843505859377,35.55000019073486
1972-03-18 11:30:03,24.1171989440918,81.02410125732422,150.74056243896484,90.98484802246094,97.0,60.82175827026367,100.0,0.0,40.695309797460645,193699.0,11.99481201171875,10.22686767578125,14.60589599609375,6.7725830078125,35.55000019073486
1972-03-18 11:30:04,24.0512809753418,81.02410125732422,151.8880157470703,90.98484802246094,97.0,60.82175827026367,100.0,0.0,42.01999889292437,193699.0,4.460662841796875,14.551513671875,9.302093505859377,8.431716918945312,35.55000019073486
1972-03-18 11:30:05,24.02942657470703,81.08433532714844,151.8717498779297,90.98484802246094,97.1999969482422,60.82175827026367,100.0,0.0,42.79404953350997,193699.0,6.1741943359375,13.57232666015625,12.157989501953123,12.076385498046877,35.55000019073486
1972-03-18 11:30:06,24.04526710510254,81.02410125732422,151.23697662353516,90.98484802246094,97.5999984741211,60.82175827026367,100.0,0.0,39.478202566979554,193699.0,12.810775756835938,13.626739501953123,8.622100830078125,11.858795166015623,35.55000019073486
1972-03-18 11:30:07,24.135831832885746,80.90361022949219,151.171875,90.98484802246094,96.9000015258789,60.82175827026367,100.0,0.0,40.236420734516095,193699.0,5.929412841796875,13.844329833984377,12.348388671875,9.356475830078123,35.55000019073486
1972-03-18 11:30:08,24.204730987548828,80.90361022949219,151.9368438720703,90.98484802246094,96.6999969482422,60.82175827026367,100.0,0.0,42.48210673548591,193699.0,8.8397216796875,8.540496826171875,7.398147583007812,10.961227416992188,35.55000019073486
1972-03-18 11:30:09,24.20616912841797,80.96385955810547,151.611328125,90.98484802246094,97.0999984741211,60.82175827026367,100.0,0.0,41.26955132942989,193699.0,8.1053466796875,14.17071533203125,11.695602416992188,14.6875,35.55000019073486
1972-03-18 11:30:10,24.13603973388672,81.02410125732422,152.2053985595703,90.98484802246094,97.39999389648438,60.81814193725586,100.0,0.0,41.2089109923349,193700.0,11.3148193359375,17.679412841796875,15.1226806640625,9.1116943359375,35.55000019073486
1972-03-18 11:30:11,24.068967819213867,81.02410125732422,151.9287109375,90.98484802246094,97.89999389648438,60.82175827026367,100.00360870361328,0.0,41.692075272419025,193700.0,9.166107177734377,12.56597900390625,12.7835693359375,14.714691162109377,35.55000019073486
1972-03-18 11:30:12,24.041030883789062,81.02410125732422,152.64485931396484,90.98484802246094,96.8000030517578,60.82175827026367,100.0,0.0,41.57513766594967,193700.0,11.233230590820312,15.530670166015623,14.90509033203125,13.545135498046877,35.55000019073486
1972-03-18 11:30:13,24.05649185180664,81.02410125732422,151.8391876220703,90.98484802246094,96.6999969482422,60.82175827026367,100.00360870361328,0.0,42.295186770616205,193700.0,14.660308837890623,14.5242919921875,11.124420166015623,9.519683837890623,35.55000019073486
1972-03-18 11:30:14,24.144325256347656,81.02410125732422,152.6936798095703,90.98484802246094,97.5,60.81814193725586,100.0,0.0,41.68098878389203,193700.0,6.228607177734375,17.597808837890625,14.959487915039062,14.03472900390625,35.52499961853027
1972-03-18 11:30:15,24.20220947265625,80.96385955810547,151.79036712646484,90.98484802246094,96.9000015258789,60.82175827026367,100.0,0.0,42.439981297080415,193700.0,13.953125,15.421875,9.32928466796875,13.273147583007812,35.55000019073486
1972-03-18 11:30:16,24.19197654724121,81.02410125732422,152.4169921875,90.98484802246094,96.3000030517578,60.82175827026367,100.0,0.0,40.07854819659113,193700.0,13.30035400390625,11.75,15.666656494140623,11.151611328125,35.55000019073486
1972-03-18 11:30:17,24.10968780517578,81.02410125732422,152.50650787353516,90.98484802246094,96.5,60.82175827026367,100.0,0.0,43.05049064825378,193700.0,7.180572509765625,17.352996826171875,13.30035400390625,9.791671752929688,35.55000019073486
1972-03-18 11:30:18,24.04181289672852,80.96385955810547,151.73339080810547,90.98484802246094,97.0999984741211,60.82175827026367,100.00360870361328,0.0,41.369460002408594,193700.0,15.258697509765623,14.17071533203125,10.009246826171877,10.36285400390625,35.55000019073486
1972-03-18 11:30:19,24.004535675048828,80.90361022949219,151.7333984375,90.98484802246094,97.1999969482422,60.82175827026367,100.0,0.0,43.32574863193459,193700.0,10.199661254882812,16.292236328125,15.802658081054688,12.70196533203125,35.55000019073486
1972-03-18 11:30:20,24.0373764038086,80.96385955810547,151.318359375,90.98484802246094,96.5,60.82175827026367,100.0,0.0,42.428632618205825,193700.0,11.3148193359375,14.6875,12.0491943359375,12.837966918945312,35.55000019073486
1972-03-18 11:30:21,24.0943546295166,81.02410125732422,151.55435943603516,90.98484802246094,96.6999969482422,60.81814193725586,100.0,0.0,41.57837647550371,193700.0,7.86053466796875,9.9820556640625,11.614013671875,11.885986328125,35.55000019073486
1972-03-18 11:30:22,24.14057922363281,80.96385955810547,152.09146881103516,90.98484802246094,96.6999969482422,60.82175827026367,100.0,0.0,44.26019530022876,193700.0,10.4444580078125,17.026611328125,11.83160400390625,13.21875,35.55000019073486
1972-03-18 11:30:23,24.091318130493164,80.96385955810547,151.47298431396484,90.98484802246094,96.5,60.82175827026367,100.0,0.0,44.05121279438679,193700.0,10.716445922851562,8.703704833984375,12.429977416992188,11.804397583007812,35.55000019073486
1972-03-18 11:30:24,24.02758407592773,81.08433532714844,151.18001556396484,90.98484802246094,96.9000015258789,60.82175827026367,100.0,0.0,43.56135104030412,193700.0,11.042831420898438,11.940399169921877,10.390045166015623,9.62847900390625,35.55000019073486
1972-03-18 11:30:25,23.99156951904297,81.08433532714844,151.41602325439453,90.98484802246094,97.1999969482422,60.82175827026367,100.0,0.0,40.80244332945475,193700.0,10.5804443359375,16.700225830078125,12.973968505859377,11.3148193359375,35.55000019073486
1972-03-18 11:30:26,23.99553108215332,80.96385955810547,151.7740936279297,90.98484802246094,96.9000015258789,60.82175827026367,100.0,0.0,43.222109270256375,193700.0,11.777206420898438,13.3819580078125,14.60589599609375,11.1788330078125,35.55000019073486
1972-03-18 11:30:27,24.055191040039062,80.90361022949219,151.00911712646484,90.98484802246094,97.89999389648438,60.82175827026367,100.0,0.0010033249855041,44.17254560949355,193700.0,13.21875,14.17071533203125,9.954864501953123,11.722808837890623,35.55000019073486
1972-03-18 11:30:28,24.13398551940918,80.96385955810547,150.5615234375,90.98484802246094,97.0999984741211,60.81814193725586,100.0,0.0,41.07807101768025,193700.0,8.921295166015625,14.225128173828123,11.722808837890623,12.6475830078125,35.55000019073486
1972-03-18 11:30:29,24.15415573120117,81.08433532714844,151.66016387939453,90.98484802246094,97.29999542236328,60.82175827026367,100.0,0.0,38.59855544975914,193700.0,13.545150756835938,12.511566162109377,12.674774169921877,12.457183837890623,35.55000019073486
1972-03-18 11:30:30,24.107213973999023,81.08433532714844,151.30208587646484,90.98484802246094,96.8000030517578,60.82175827026367,100.00360870361328,0.0,44.084437504089486,193700.0,8.921295166015625,17.217010498046875,12.511566162109377,10.526046752929688,35.55000019073486
1972-03-18 11:30:31,24.034399032592773,81.02410125732422,151.71712493896484,90.98484802246094,97.39999389648438,60.82175827026367,100.0,0.0042776465415954,38.99460818301989,193700.0,10.335662841796877,14.143524169921877,10.226852416992188,9.057296752929688,35.55000019073486
1972-03-18 11:30:32,24.007783889770508,80.90361022949219,151.904296875,90.98484802246094,96.5,60.82175827026367,100.00360870361328,0.0124532580375671,41.448457149376345,193700.0,7.7789306640625,11.206024169921877,15.313079833984377,13.028350830078123,35.55000019073486
1972-03-18 11:30:33,24.022497177124023,80.90361022949219,150.3011016845703,90.98484802246094,96.8000030517578,60.82175827026367,100.0,0.0172253847122192,41.95982820402253,193700.0,12.701980590820312,16.020263671875,9.438079833984377,9.9820556640625,35.55000019073486
1972-03-18 11:30:34,24.094337463378903,80.96385955810547,150.3662109375,90.98484802246094,97.0999984741211,60.82175827026367,100.00360870361328,0.0243735909461975,40.78652615676613,193700.0,15.122695922851562,9.737274169921877,14.497100830078123,11.342010498046877,35.55000019073486
1972-03-18 11:30:35,24.169139862060547,81.08433532714844,152.03450775146484,90.98484802246094,97.0,60.82175827026367,100.0,0.0449326634407043,39.985319995359696,193700.0,9.1116943359375,12.157989501953123,12.892364501953123,9.410888671875,35.55000019073486
1972-03-18 11:30:36,24.153642654418945,81.08433532714844,151.9938201904297,90.98484802246094,97.29999542236328,60.82175827026367,100.00360870361328,0.0504838228225708,45.03786933513063,193700.0,12.239593505859377,12.375579833984377,8.73089599609375,12.429977416992188,35.55000019073486
1972-03-18 11:30:37,24.100082397460938,81.02410125732422,151.3102264404297,90.98484802246094,96.5,60.82175827026367,100.0,0.0496433973312377,41.936379852009246,193700.0,11.042831420898438,14.823486328125,13.082763671875,8.078125,35.55000019073486
1972-03-18 11:30:38,24.066944122314453,80.96385955810547,151.1474609375,90.98484802246094,97.5999984741211,60.81814193725586,100.0,0.0503638386726379,40.54179684435184,193700.0,11.450820922851562,16.10186767578125,9.927658081054688,17.0538330078125,35.55000019073486
1972-03-18 11:30:39,24.06246566772461,80.96385955810547,152.2705078125,90.98484802246094,97.5999984741211,60.81814193725586,100.0,0.0526785254478454,41.73737343311829,193700.0,11.99481201171875,11.287628173828123,12.1851806640625,14.2523193359375,35.55000019073486
1972-03-18 11:30:40,24.125396728515625,80.90361022949219,151.220703125,90.98484802246094,96.10000610351562,60.82175827026367,100.0,0.0565978288650512,46.05959874313919,193700.0,11.886016845703123,16.07464599609375,11.994781494140623,8.9757080078125,35.55000019073486
1972-03-18 11:30:41,24.20381546020508,81.02410125732422,151.82291412353516,90.98484802246094,96.3000030517578,60.82175827026367,100.0,0.05409836769104,43.575700978031904,193700.0,9.764480590820312,13.59954833984375,14.823486328125,9.7100830078125,35.55000019073486
1972-03-18 11:30:42,24.2490234375,81.14457702636719,150.78125,90.98484802246094,96.9000015258789,60.82175827026367,100.0,0.0692464709281921,42.45553779486831,193700.0,11.369232177734377,14.76910400390625,6.854156494140625,9.383682250976562,35.55000019073486
1972-03-18 11:30:43,24.2166805267334,80.96385955810547,150.4231719970703,90.98484802246094,97.6999969482422,60.82175827026367,100.0,0.075175940990448,40.77692414020698,193700.0,13.925933837890623,12.86517333984375,13.681121826171877,12.511566162109377,35.55000019073486
1972-03-18 11:30:44,24.133235931396484,80.90361022949219,150.8707733154297,90.98484802246094,97.29999542236328,60.81814193725586,100.0,0.0790924429893493,39.20406423386001,193700.0,9.32928466796875,12.946746826171877,11.913192749023438,11.39642333984375,35.55000019073486
1972-03-18 11:30:45,24.08262634277344,80.96385955810547,151.78221893310547,90.98484802246094,98.1999969482422,60.82175827026367,100.0,0.0743873119354248,40.72193731273114,193700.0,13.572357177734377,6.935760498046875,12.40277099609375,13.490753173828123,35.55000019073486
1972-03-18 11:30:46,24.074811935424805,81.02410125732422,151.26952362060547,90.98484802246094,96.9000015258789,60.82175827026367,100.0,0.0733736157417297,42.487897887322546,193700.0,9.8460693359375,13.0555419921875,14.03472900390625,10.254058837890623,35.55000019073486
1972-03-18 11:30:47,24.135284423828125,81.02410125732422,151.7578125,90.98484802246094,96.5999984741211,60.82175827026367,100.0,0.0812256932258606,42.864203514506265,193700.0,11.26043701171875,10.770843505859377,15.394683837890623,8.567718505859375,35.55000019073486
1972-03-18 11:30:48,24.20260238647461,81.08433532714844,151.3997344970703,90.98484802246094,97.79999542236328,60.82175827026367,100.0,0.0827182531356811,38.90302190835088,193700.0,11.886016845703123,9.057281494140623,12.076385498046877,10.28125,35.55000019073486
1972-03-18 11:30:49,24.189647674560547,81.02410125732422,151.27767181396484,90.98484802246094,98.0,60.82175827026367,100.0,0.0828298926353454,42.16380641682743,193700.0,10.906829833984377,14.823486328125,11.09722900390625,9.383682250976562,35.55000019073486
1972-03-18 11:30:50,24.09247398376465,80.96385955810547,151.8229217529297,90.98484802246094,96.5,60.82175827026367,100.0,0.1042916774749755,39.26033688282252,193700.0,7.751739501953125,15.884246826171877,10.226852416992188,10.879638671875,35.55000019073486
1972-03-18 11:30:51,24.01897048950196,80.96385955810547,149.8128204345703,91.06060791015624,96.8000030517578,60.82175827026367,100.0,0.0968227982521057,41.25082582524156,193700.0,13.028366088867188,12.26678466796875,12.375579833984377,8.921295166015625,35.55000019073486
1972-03-18 11:30:52,23.97601318359375,80.96385955810547,151.94497680664062,90.98484802246094,97.0,60.81814193725586,100.00360870361328,0.1040000319480896,42.15793722618075,193700.0,7.615753173828125,13.463531494140623,14.279510498046877,12.239593505859377,35.55000019073486
1972-03-18 11:30:53,23.99866485595703,81.08433532714844,151.08235931396484,90.98484802246094,97.39999389648438,60.82175827026367,100.0,0.101099669933319,41.152021997403956,193700.0,7.0445556640625,14.279510498046877,9.519683837890623,11.505218505859377,35.55000019073486
1972-03-18 11:30:54,24.06649208068848,81.02410125732422,151.04979705810547,90.98484802246094,96.5,60.82175827026367,100.0,0.1041241884231567,44.108144598892366,193700.0,14.551513671875,10.308441162109377,8.866897583007812,13.490753173828123,35.55000019073486
1972-03-18 11:30:55,24.129064559936523,81.02410125732422,151.1800079345703,90.98484802246094,96.3000030517578,60.82175827026367,100.0,0.1116862893104553,43.893952838047966,193700.0,8.132537841796875,10.036468505859377,14.415496826171877,12.9195556640625,35.55000019073486
1972-03-18 11:30:56,24.10629272460937,80.90361022949219,151.66015625,90.98484802246094,95.9000015258789,60.82175827026367,100.0,0.1223261952400207,43.96904540361938,193700.0,10.52606201171875,15.666656494140623,12.457183837890623,8.050933837890625,35.52499961853027
1972-03-18 11:30:57,24.042125701904297,80.90361022949219,151.2044219970703,90.98484802246094,96.5999984741211,60.81814193725586,100.0,0.1200122833251953,42.02257548950028,193700.0,10.145263671875,15.93865966796875,13.43634033203125,16.80902099609375,35.55000019073486
1972-03-18 11:30:58,23.99944305419922,81.02410125732422,151.9856719970703,90.98484802246094,98.0999984741211,60.82175827026367,100.0,0.1265511512756347,40.34707819198228,193700.0,13.46356201171875,20.535308837890625,13.273147583007812,7.34375,35.55000019073486
1972-03-18 11:30:59,24.008289337158203,81.14457702636719,151.0335235595703,90.98484802246094,96.4000015258789,60.82175827026367,100.0,0.1229789853096008,44.565479471382886,193700.0,10.4444580078125,11.477996826171877,13.13714599609375,13.545135498046877,35.55000019073486
1972-03-18 11:31:00,24.09410095214844,81.02410125732422,152.14029693603516,90.98484802246094,96.4000015258789,60.82175827026367,100.00360870361328,0.1289752125740051,42.132275268819924,193700.0,8.948516845703125,14.415496826171877,10.79803466796875,11.695602416992188,35.55000019073486
1972-03-18 11:31:01,24.15528678894043,80.96385955810547,150.79752349853516,90.98484802246094,96.5,60.82175827026367,100.0,0.1241405010223388,43.761017304749004,193700.0,13.626739501953123,13.708343505859377,9.927658081054688,12.837966918945312,35.55000019073486
1972-03-18 11:31:02,24.179906845092773,80.90361022949219,152.11588287353516,90.98484802246094,96.5999984741211,60.82175827026367,100.0,0.1281070113182068,42.851980262257506,193700.0,6.147003173828125,11.641204833984377,15.449066162109377,9.46527099609375,35.55000019073486
1972-03-18 11:31:03,24.14241981506348,81.02410125732422,151.8229217529297,90.98484802246094,96.4000015258789,60.82175827026367,100.0,0.1314893960952758,43.7598297020576,193700.0,13.789947509765623,11.83160400390625,11.695602416992188,12.7835693359375,35.55000019073486
1972-03-18 11:31:04,24.104198455810547,81.08433532714844,151.1962890625,90.98484802246094,96.9000015258789,60.82175827026367,100.0,0.1357002258300781,42.06631693093483,193700.0,12.0491943359375,13.109954833984377,14.46990966796875,10.79803466796875,35.55000019073486
1972-03-18 11:31:05,24.091466903686523,81.02410125732422,151.81478118896484,90.98484802246094,96.8000030517578,60.82175827026367,100.0,0.1356422305107116,43.6735201946153,193700.0,10.22686767578125,20.1273193359375,12.647567749023438,9.084503173828123,35.55000019073486
1972-03-18 11:31:06,24.1195011138916,80.96385955810547,151.708984375,90.98484802246094,97.5,60.82175827026367,100.0,0.1385765075683593,39.8985471981679,193700.0,10.879638671875,10.63482666015625,12.40277099609375,12.729171752929688,35.55000019073486
1972-03-18 11:31:07,24.18672561645508,80.90361022949219,151.4404296875,90.98484802246094,97.0999984741211,60.82175827026367,100.0,0.1445544958114624,41.36641839125418,193700.0,10.79803466796875,13.980316162109377,13.898727416992188,8.050933837890625,35.55000019073486
1972-03-18 11:31:08,24.25555992126465,81.02410125732422,152.294921875,90.98484802246094,96.0,60.82175827026367,100.0,0.1506847739219665,43.84161972191491,193700.0,3.88946533203125,13.3819580078125,11.477996826171877,10.49884033203125,35.55000019073486
1972-03-18 11:31:09,24.262041091918945,81.02410125732422,149.951171875,90.98484802246094,96.0,60.82175827026367,100.0,0.1496366262435913,43.18314517341852,193700.0,14.361114501953123,15.149871826171877,8.050933837890625,11.423614501953123,35.55000019073486
1972-03-18 11:31:10,24.16147994995117,80.96385955810547,151.37532806396484,90.98484802246094,97.5,60.81814193725586,100.0,0.1566997170448303,39.22762108987878,193700.0,13.46356201171875,14.17071533203125,9.356475830078123,9.1116943359375,35.55000019073486
1972-03-18 11:31:11,24.050085067749023,80.96385955810547,151.2613983154297,90.98484802246094,98.0999984741211,60.82175827026367,100.0,0.163916528224945,39.694643842961604,193700.0,10.52606201171875,12.484375,15.666656494140623,10.308441162109377,35.55000019073486
1972-03-18 11:31:12,23.97404861450196,80.96385955810547,151.025390625,90.98484802246094,97.5,60.81814193725586,100.0,0.1734809279441833,41.26635058451118,193700.0,11.369232177734377,10.743621826171877,12.674774169921877,14.17071533203125,35.55000019073486
1972-03-18 11:31:13,23.99992561340332,81.02410125732422,150.08951568603516,90.98484802246094,96.3000030517578,60.81814193725586,100.0,0.1729753017425537,43.98475427670612,193700.0,10.825241088867188,11.777191162109377,10.770843505859377,15.313079833984377,35.55000019073486
1972-03-18 11:31:14,24.13219451904297,81.08433532714844,151.40787506103516,90.98484802246094,97.29999542236328,60.82175827026367,100.0,0.1783793568611145,42.75765668001347,193700.0,13.191558837890623,17.70660400390625,9.927658081054688,9.954864501953123,35.55000019073486
1972-03-18 11:31:15,24.171985626220703,80.96385955810547,151.6357421875,90.98484802246094,96.4000015258789,60.82175827026367,100.0,0.1897962689399719,43.65506527930617,193700.0,9.220489501953123,10.145263671875,17.951385498046875,11.695602416992188,35.55000019073486
1972-03-18 11:31:16,24.122493743896484,80.96385955810547,150.30110931396484,90.98484802246094,96.8000030517578,60.81814193725586,100.0,0.1991798877716064,40.50220128924071,193700.0,14.089141845703123,15.06829833984375,10.961227416992188,12.973968505859377,35.57499980926514
1972-03-18 11:31:17,23.988698959350582,80.96385955810547,150.1627655029297,90.98484802246094,96.5999984741211,60.82175827026367,100.0,0.2058152556419372,39.57946955021899,193700.0,10.852447509765623,15.884246826171877,9.519683837890623,9.274887084960938,35.57499980926514
1972-03-18 11:31:18,23.90884017944336,81.02410125732422,151.22071075439453,90.98484802246094,97.5,60.82175827026367,100.0,0.208924651145935,40.912347933222485,193700.0,10.090866088867188,10.607635498046877,13.082763671875,10.226852416992188,35.55000019073486
1972-03-18 11:31:19,23.88002014160156,81.08433532714844,151.4892578125,90.98484802246094,97.0,60.82175827026367,100.0,0.2209152579307556,41.28362729480685,193700.0,12.7835693359375,13.16436767578125,11.23321533203125,14.8507080078125,35.55000019073486
1972-03-18 11:31:20,23.95185852050781,80.96385955810547,151.09049224853516,90.98484802246094,97.0,60.81814193725586,100.0,0.2272493839263916,45.93960552561017,193700.0,9.546875,12.674774169921877,18.27777099609375,6.282989501953125,35.55000019073486
1972-03-18 11:31:21,24.03122901916504,80.90361022949219,150.5696563720703,90.98484802246094,97.1999969482422,60.82175827026367,100.00360870361328,0.2293071150779724,39.51895325806186,193700.0,12.511581420898438,12.674774169921877,11.559600830078123,10.06365966796875,35.57499980926514
1972-03-18 11:31:22,24.075098037719727,80.90361022949219,151.4485626220703,90.98484802246094,96.0,60.82175827026367,100.00360870361328,0.2321709394454956,42.82313772823225,193700.0,11.722808837890623,13.681121826171877,15.93865966796875,7.914932250976562,35.55000019073486
1972-03-18 11:31:23,24.056406021118164,80.96385955810547,150.4231719970703,90.98484802246094,97.1999969482422,60.81814193725586,100.00360870361328,0.2431807518005371,42.408566908107325,193700.0,12.076400756835938,19.58334350585937,13.00115966796875,10.906829833984377,35.57499980926514
1972-03-18 11:31:24,24.04106712341309,81.14457702636719,151.48926544189453,90.98484802246094,97.5,60.82175827026367,100.0,0.2536299228668213,43.018225636785374,193700.0,6.065399169921875,12.729156494140623,14.197906494140623,15.612274169921877,35.55000019073486
1972-03-18 11:31:25,24.05391311645508,81.08433532714844,151.46483612060547,90.98484802246094,96.0,60.82175827026367,100.0,0.2635170221328735,44.50523289735502,193700.0,9.2476806640625,18.87615966796875,10.825225830078123,13.490753173828123,35.55000019073486
1972-03-18 11:31:26,24.115169525146484,80.96385955810547,150.1383514404297,90.98484802246094,96.5,60.82175827026367,100.00360870361328,0.2633314728736877,42.11471345995751,193700.0,11.614013671875,17.54339599609375,12.83795166015625,12.86517333984375,35.57499980926514
1972-03-18 11:31:27,24.230697631835938,80.84336853027344,151.40787506103516,90.98484802246094,97.1999969482422,60.82175827026367,100.00360870361328,0.2675544619560241,41.87473818989246,193700.0,13.844329833984377,19.03936767578125,14.9866943359375,12.946762084960938,35.57499980926514
1972-03-18 11:31:28,24.37405014038086,80.84336853027344,152.17285919189453,90.98484802246094,97.39999389648438,60.82175827026367,100.0,0.2733354568481445,41.21629088673609,193700.0,11.39642333984375,11.36920166015625,15.068283081054688,16.183441162109375,35.57499980926514
1972-03-18 11:31:29,24.43714141845703,81.02410125732422,152.15657806396484,90.98484802246094,97.1999969482422,60.82175827026367,100.00360870361328,0.2806926369667053,40.421303533378605,193700.0,13.055572509765623,19.338531494140625,14.279510498046877,9.302093505859377,35.57499980926514
1972-03-18 11:31:30,24.38306427001953,81.08433532714844,151.2125701904297,90.98484802246094,97.5,60.82175827026367,100.0,0.2793855667114258,40.84559496948782,193700.0,9.8460693359375,12.70196533203125,10.79803466796875,12.892364501953123,35.57499980926514
1972-03-18 11:31:31,24.308757781982425,81.08433532714844,151.7333984375,90.98484802246094,97.6999969482422,60.82175827026367,100.00360870361328,0.2883781790733337,40.08736244379075,193700.0,11.124420166015623,12.892364501953123,14.6875,13.30035400390625,35.57499980926514
1972-03-18 11:31:32,24.255041122436523,80.96385955810547,151.9856719970703,90.98484802246094,97.1999969482422,60.82175827026367,100.00360870361328,0.2945571541786194,44.1004747563957,193700.0,13.245956420898438,17.135406494140625,13.381942749023438,12.729171752929688,35.57499980926514
1972-03-18 11:31:33,24.26330947875977,80.90361022949219,152.7506561279297,90.98484802246094,97.29999542236328,60.82175827026367,100.0,0.3052476942539215,44.69826605880907,193700.0,11.75,15.666656494140623,13.21875,17.162628173828125,35.57499980926514
1972-03-18 11:31:34,24.311813354492188,80.96385955810547,151.22884368896484,90.98484802246094,97.5999984741211,60.82175827026367,100.0,0.3058348000049591,40.58729591871959,193700.0,9.35650634765625,16.67303466796875,10.444442749023438,13.082763671875,35.57499980926514
1972-03-18 11:31:35,24.352718353271484,81.08433532714844,151.93685150146484,90.98484802246094,97.0,60.82175827026367,100.0,0.3093933761119842,43.16904365484587,193700.0,10.74365234375,17.679412841796875,15.258682250976562,12.457183837890623,35.57499980926514
1972-03-18 11:31:36,24.30058860778809,81.14457702636719,151.26139068603516,90.98484802246094,96.6999969482422,60.82175827026367,100.0,0.314507395029068,42.82738198723174,193700.0,10.471649169921877,17.679412841796875,15.7210693359375,8.921295166015625,35.57499980926514
1972-03-18 11:31:37,24.12703895568848,80.96385955810547,150.66732025146484,90.98484802246094,97.0,60.82175827026367,100.0,0.3270196318626404,41.12895780921911,193700.0,11.124420166015623,17.0538330078125,14.442718505859377,13.817138671875,35.57499980926514
1972-03-18 11:31:38,23.97223472595215,80.84336853027344,151.18814849853516,90.98484802246094,97.6999969482422,60.82175827026367,100.00360870361328,0.3250665068626404,42.978983486701324,193700.0,11.505218505859377,14.361114501953123,14.089111328125,9.166091918945312,35.57499980926514
1972-03-18 11:31:39,23.87569999694824,80.90361022949219,150.5940704345703,90.98484802246094,96.4000015258789,60.82175827026367,100.0,0.3304287791252136,44.354218887542274,193700.0,12.538787841796877,10.79803466796875,9.601272583007812,14.197921752929688,35.57499980926514
1972-03-18 11:31:40,23.840723037719727,81.02410125732422,150.91959381103516,90.98484802246094,96.4000015258789,60.82175827026367,100.0,0.3432353138923645,40.5726983004391,193700.0,8.5133056640625,16.5914306640625,13.708343505859377,12.810760498046877,35.57499980926514
1972-03-18 11:31:41,23.86052894592285,81.08433532714844,151.3997344970703,90.98484802246094,96.4000015258789,60.82175827026367,100.0,0.359119713306427,42.181424163109384,193700.0,11.070037841796877,15.34027099609375,13.43634033203125,12.321182250976562,35.57499980926514
1972-03-18 11:31:42,23.882593154907227,81.08433532714844,151.1311798095703,90.98484802246094,97.0,60.82175827026367,100.0,0.363510251045227,42.26915549169311,193700.0,12.86517333984375,17.57061767578125,12.865158081054688,9.1116943359375,35.57499980926514
1972-03-18 11:31:43,23.822071075439453,80.96385955810547,150.55338287353516,90.98484802246094,96.8000030517578,60.82175827026367,100.0,0.3753038942813873,44.223107801626725,193700.0,14.33392333984375,11.66839599609375,10.118057250976562,12.13079833984375,35.57499980926514
1972-03-18 11:31:44,23.741270065307617,80.90361022949219,150.6022186279297,90.98484802246094,97.1999969482422,60.82175827026367,100.0,0.3916634321212768,43.96041925040067,193700.0,8.649322509765625,11.885986328125,13.245941162109377,9.76446533203125,35.57499980926514
1972-03-18 11:31:45,23.726667404174805,80.96385955810547,151.91243743896484,90.98484802246094,97.89999389648438,60.82175827026367,100.00360870361328,0.4214108288288116,40.205664294699986,193700.0,10.28125,13.463531494140623,14.089111328125,10.770843505859377,35.57499980926514
1972-03-18 11:31:46,23.765729904174805,81.08433532714844,149.78841400146484,90.98484802246094,97.1999969482422,60.82175827026367,100.0,0.4237056672573089,42.02259550836202,193700.0,10.716445922851562,10.63482666015625,9.302093505859377,12.70196533203125,35.57499980926514
1972-03-18 11:31:47,23.893171310424805,81.08433532714844,150.71614837646484,90.98484802246094,96.10000610351562,60.82175827026367,100.0,0.4406673312187195,41.12922763112319,193700.0,9.138885498046877,16.401031494140625,9.954864501953123,7.534149169921875,35.57499980926514
1972-03-18 11:31:48,24.03999710083008,81.02410125732422,150.59407806396484,90.98484802246094,96.5999984741211,60.82175827026367,100.0,0.4644736051559448,43.61005934520808,193700.0,6.82696533203125,9.220489501953123,15.258682250976562,11.070022583007812,35.60000038146973
1972-03-18 11:31:49,24.146589279174805,80.96385955810547,149.658203125,90.98484802246094,96.8000030517578,60.82175827026367,100.0,0.4797645509243011,42.54538531396352,193700.0,11.09722900390625,10.526031494140623,9.274871826171877,10.471649169921877,35.57499980926514
1972-03-18 11:31:50,24.16749382019043,80.96385955810547,150.16275787353516,90.98484802246094,97.1999969482422,60.82175827026367,100.0,0.4886560440063476,42.26363680631743,193700.0,10.335662841796877,13.953125,10.090850830078123,9.002899169921875,35.57499980926514
1972-03-18 11:31:51,24.193368911743164,81.02410125732422,150.93587493896484,90.98484802246094,96.9000015258789,60.82175827026367,100.0,0.517446756362915,44.45995752384465,193700.0,8.404510498046875,15.557861328125,14.633102416992188,10.390045166015623,35.57499980926514
1972-03-18 11:31:52,24.21780586242676,81.02410125732422,150.61849212646484,90.98484802246094,97.1999969482422,60.82175827026367,100.0,0.5377994775772095,41.627426251889695,193700.0,9.166107177734377,11.83160400390625,8.649307250976562,13.354736328125,35.57499980926514
1972-03-18 11:31:53,24.27649307250977,81.08433532714844,151.2451171875,90.98484802246094,97.0,60.82175827026367,100.0,0.5642364025115967,41.27826673959845,193700.0,10.4444580078125,19.556137084960938,9.818862915039062,16.020263671875,35.57499980926514
1972-03-18 11:31:54,24.3606071472168,81.02410125732422,150.537109375,90.98484802246094,96.3000030517578,60.82175827026367,100.0,0.5719635486602783,44.42086321190443,193700.0,11.151641845703123,19.03936767578125,13.5179443359375,13.59954833984375,35.57499980926514
1972-03-18 11:31:55,24.4276065826416,80.90361022949219,151.81478118896484,90.98484802246094,97.29999542236328,60.82175827026367,100.0,0.5885705947875977,40.059963843495886,193700.0,17.35302734375,10.19964599609375,15.965850830078123,12.26678466796875,35.57499980926514
1972-03-18 11:31:56,24.36686515808105,80.90361022949219,150.732421875,90.98484802246094,95.70000457763672,60.82175827026367,100.0,0.6170707941055298,41.67469502565703,193700.0,10.00927734375,14.197906494140623,13.109954833984377,12.103591918945312,35.57499980926514
1972-03-18 11:31:57,24.254995346069336,80.96385955810547,151.5380859375,90.98484802246094,96.8000030517578,60.82175827026367,100.0,0.6422362327575684,39.664719815504185,193700.0,8.32293701171875,14.9866943359375,12.484375,12.56597900390625,35.57499980926514
1972-03-18 11:31:58,24.145692825317383,81.08433532714844,151.4892578125,90.98484802246094,97.1999969482422,60.82175827026367,100.00360870361328,0.6589078307151794,42.00067657785421,193700.0,9.682891845703123,12.946746826171877,15.666656494140623,14.633102416992188,35.57499980926514
1972-03-18 11:31:59,24.05768394470215,81.08433532714844,150.6184844970703,90.98484802246094,96.9000015258789,60.82175827026367,100.00360870361328,0.6786879301071167,42.9688083592091,193700.0,12.86517333984375,15.34027099609375,12.021987915039062,11.53240966796875,35.60000038146973
1972-03-18 11:32:00,24.079120635986328,80.96385955810547,151.04166412353516,90.98484802246094,97.0999984741211,60.82175827026367,100.00360870361328,0.6942896842956543,41.61139497072097,193700.0,10.172454833984377,14.959503173828123,12.1851806640625,15.748260498046877,35.57499980926514
1972-03-18 11:32:01,24.12533569335937,80.90361022949219,152.62044525146484,90.98484802246094,97.6999969482422,60.82175827026367,100.00360870361328,0.7166664600372314,45.932443797839206,193700.0,9.546875,18.00579833984375,15.585067749023438,10.226852416992188,35.57499980926514
1972-03-18 11:32:02,24.12064743041992,80.90361022949219,153.30403900146484,90.98484802246094,97.89999389648438,60.82175827026367,100.00360870361328,0.7260782122612,42.74824069208012,193700.0,13.817138671875,14.823486328125,13.73553466796875,16.210647583007812,35.57499980926514
1972-03-18 11:32:03,24.0227165222168,80.96385955810547,153.10872650146484,90.98484802246094,97.39999389648438,60.82175827026367,100.00360870361328,0.7355789542198181,42.281711166700084,193700.0,7.0445556640625,12.9195556640625,15.77545166015625,10.961227416992188,35.57499980926514
1972-03-18 11:32:04,23.8991756439209,81.08433532714844,152.97037506103516,90.98484802246094,97.0,60.82175827026367,100.00360870361328,0.7590888142585754,39.41925423926846,193700.0,13.273162841796877,12.239593505859377,10.689239501953123,10.19964599609375,35.57499980926514
1972-03-18 11:32:05,23.83783912658692,81.08433532714844,153.84114837646484,90.98484802246094,96.10000610351562,60.82175827026367,100.00360870361328,0.7777149677276611,46.169554260066064,193700.0,7.6429443359375,11.423614501953123,15.612274169921877,10.607635498046877,35.57499980926514
1972-03-18 11:32:06,23.839933395385746,80.96385955810547,153.1331329345703,90.98484802246094,95.9000015258789,60.82175827026367,100.00360870361328,0.7914094924926758,43.53444162012757,193700.0,13.762741088867188,9.574066162109377,10.961227416992188,8.785308837890625,35.57499980926514
1972-03-18 11:32:07,23.933454513549805,80.96385955810547,155.0048828125,90.98484802246094,97.1999969482422,60.82175827026367,100.00360870361328,0.8037629723548889,40.07489434789847,193700.0,7.6429443359375,9.90045166015625,11.53240966796875,15.285888671875,35.57499980926514
1972-03-18 11:32:08,24.04641914367676,80.96385955810547,155.3466796875,90.98484802246094,97.89999389648438,60.82175827026367,100.00360870361328,0.8191604018211365,38.51775720460506,193700.0,10.036468505859377,17.217010498046875,15.367477416992188,7.2893524169921875,35.57499980926514
1972-03-18 11:32:09,24.101720809936523,80.96385955810547,154.541015625,90.98484802246094,96.3000030517578,60.82175827026367,100.00360870361328,0.8376225233078003,40.656049824303,193700.0,7.72454833984375,11.260406494140623,12.0491943359375,14.8507080078125,35.57499980926514
1972-03-18 11:32:10,24.11631393432617,81.02410125732422,155.63150787353516,90.98484802246094,96.20000457763672,60.82175827026367,100.00360870361328,0.8504023551940918,41.85507518490744,193700.0,9.138885498046877,12.810760498046877,11.178817749023438,10.5804443359375,35.57499980926514
1972-03-18 11:32:11,24.093645095825195,81.14457702636719,156.4453125,90.98484802246094,97.29999542236328,60.82175827026367,100.00360870361328,0.8603706955909729,40.66532489012634,193700.0,12.538787841796877,9.9820556640625,11.4508056640625,11.124420166015623,35.57499980926514
1972-03-18 11:32:12,24.084123611450195,81.02410125732422,156.73014068603516,90.98484802246094,96.8000030517578,60.82175827026367,100.0,0.879194438457489,41.583335953376796,193700.0,6.82696533203125,9.873260498046877,14.633102416992188,11.4508056640625,35.57499980926514
1972-03-18 11:32:13,24.14293098449707,80.90361022949219,156.1279296875,90.98484802246094,96.5999984741211,60.82175827026367,100.0,0.8952636122703552,42.50076936452631,193700.0,12.022003173828123,9.682861328125,11.342010498046877,10.770843505859377,35.57499980926514
1972-03-18 11:32:14,24.224863052368164,80.90361022949219,156.6975860595703,90.98484802246094,96.9000015258789,60.82175827026367,100.0,0.9114850759506226,41.71008869122863,193700.0,12.0491943359375,11.858795166015623,12.157989501953123,3.15509033203125,35.57499980926514
1972-03-18 11:32:15,24.29103279113769,81.02410125732422,157.58463287353516,90.98484802246094,98.4000015258789,60.82175827026367,100.0,0.9219958186149596,41.89113820999684,193700.0,11.83160400390625,20.04571533203125,11.178817749023438,11.287628173828123,35.57499980926514
1972-03-18 11:32:16,24.26254272460937,81.02410125732422,157.67415618896484,90.98484802246094,97.5999984741211,60.82175827026367,100.0,0.934765100479126,39.019715562836865,193700.0,10.254058837890623,13.59954833984375,11.477996826171877,14.1163330078125,35.57499980926514
1972-03-18 11:32:17,24.177425384521484,81.08433532714844,156.77083587646484,90.98484802246094,97.0999984741211,60.82175827026367,100.0,0.9505690932273864,40.416022598413655,193700.0,12.837982177734377,15.34027099609375,7.506942749023437,10.689239501953123,35.57499980926514
1972-03-18 11:32:18,24.09650611877441,81.02410125732422,158.4879608154297,90.98484802246094,97.0999984741211,60.82175827026367,100.0,0.9672349095344543,40.76270187483146,193700.0,6.6365966796875,15.2586669921875,13.953125,11.342010498046877,35.57499980926514
1972-03-18 11:32:19,24.04962730407715,80.96385955810547,154.21549224853516,90.98484802246094,97.0,60.82175827026367,100.00360870361328,0.9760115146636964,39.89303930682149,193700.0,11.75,11.342010498046877,11.614013671875,10.689239501953123,35.57499980926514
1972-03-18 11:32:20,24.11100959777832,80.96385955810547,155.95703125,90.98484802246094,97.5,60.82175827026367,100.0,0.9870195984840392,38.32872010557931,193700.0,6.201385498046875,12.0491943359375,12.321182250976562,13.681137084960938,35.57499980926514
1972-03-18 11:32:21,24.184675216674805,80.90361022949219,155.517578125,90.98484802246094,97.6999969482422,60.81814193725586,100.0,0.9973662495613098,40.561259363858944,193700.0,8.948516845703125,14.578704833984377,14.333908081054688,6.69097900390625,35.57499980926514
1972-03-18 11:32:22,24.19429397583008,81.02410125732422,157.07193756103516,90.98484802246094,96.5,60.82175827026367,100.0,1.0099623203277588,42.859108452666646,193700.0,8.45892333984375,12.022003173828123,16.07464599609375,12.26678466796875,35.57499980926514
1972-03-18 11:32:23,24.11246490478516,81.02410125732422,156.005859375,90.98484802246094,97.5,60.81814193725586,100.0,1.0153332948684692,40.35101578278413,193700.0,8.5133056640625,14.03472900390625,11.342010498046877,12.511566162109377,35.57499980926514
1972-03-18 11:32:24,24.05276679992676,81.02410125732422,156.43717193603516,90.98484802246094,97.1999969482422,60.82175827026367,100.0,1.0243659019470217,43.16901700850008,193700.0,8.02374267578125,10.335662841796877,13.953125,11.66839599609375,35.57499980926514
1972-03-18 11:32:25,24.01181411743164,81.02410125732422,155.419921875,90.98484802246094,97.39999389648438,60.82175827026367,100.0,1.0415005683898926,42.58101393379324,193700.0,7.262176513671875,13.028350830078123,11.4508056640625,7.6429443359375,35.57499980926514
1972-03-18 11:32:26,24.026086807250977,80.96385955810547,155.4443359375,90.98484802246094,96.5999984741211,60.82175827026367,100.0,1.053666114807129,45.73305051073747,193700.0,6.745391845703125,11.722808837890623,8.43170166015625,13.5179443359375,35.57499980926514
1972-03-18 11:32:27,24.084821701049805,80.96385955810547,154.8746795654297,90.98484802246094,96.20000457763672,60.82175827026367,100.0,1.0600347518920898,40.65226223042415,193700.0,5.711822509765625,11.559600830078123,10.009246826171877,7.914932250976562,35.57499980926514
1972-03-18 11:32:28,24.172992706298828,80.96385955810547,156.7464141845703,90.98484802246094,96.5,60.82175827026367,100.0,1.0708153247833252,43.97194595699252,193700.0,11.39642333984375,10.335662841796877,16.754638671875,12.538772583007812,35.57499980926514
1972-03-18 11:32:29,24.152511596679688,80.96385955810547,155.4768829345703,90.98484802246094,97.79999542236328,60.82175827026367,100.0,1.0779900550842283,41.64965704462621,193700.0,11.3148193359375,13.13714599609375,6.881362915039063,13.59954833984375,35.57499980926514
1972-03-18 11:32:30,24.08096504211425,81.02410125732422,155.3955078125,90.98484802246094,98.0,60.82175827026367,100.0,1.0903197526931765,39.63586514476696,193700.0,8.32293701171875,13.0555419921875,12.83795166015625,9.03009033203125,35.57499980926514
1972-03-18 11:32:31,24.01482963562012,81.02410125732422,154.42708587646484,90.98484802246094,97.0,60.82175827026367,100.0,1.0983200073242188,40.72986144441522,193700.0,12.919570922851562,10.5804443359375,11.722808837890623,8.866897583007812,35.57499980926514
1972-03-18 11:32:32,23.987363815307617,81.02410125732422,155.5338592529297,90.98484802246094,98.0999984741211,60.82175827026367,100.0,1.1100242137908936,40.17146109976657,193700.0,8.02374267578125,12.375579833984377,12.647567749023438,10.5804443359375,35.57499980926514
1972-03-18 11:32:33,24.033422470092773,80.96385955810547,155.62337493896484,90.98484802246094,97.0,60.82175827026367,100.0,1.1225347518920898,40.18875165817688,193700.0,5.766204833984375,12.157989501953123,9.90045166015625,5.276611328125,35.60000038146973
1972-03-18 11:32:34,24.143739700317383,81.02410125732422,156.1360626220703,90.98484802246094,97.39999389648438,60.82175827026367,100.0,1.1292636394500732,41.79783592911924,193700.0,10.634857177734377,13.545135498046877,13.980316162109377,12.70196533203125,35.57499980926514
1972-03-18 11:32:35,24.2197208404541,81.02410125732422,155.2164764404297,90.98484802246094,96.6999969482422,60.82175827026367,100.0,1.135267734527588,40.694164146803274,193700.0,8.8125,11.940399169921877,10.879638671875,13.327545166015623,35.57499980926514
1972-03-18 11:32:36,24.219968795776367,81.02410125732422,155.4117889404297,90.98484802246094,96.4000015258789,60.82175827026367,100.0,1.1449179649353027,41.88692124947404,193700.0,12.348388671875,13.73553466796875,11.260406494140623,10.988433837890623,35.57499980926514
1972-03-18 11:32:37,24.15007781982422,81.02410125732422,157.41373443603516,90.98484802246094,97.79999542236328,60.82175827026367,100.0,1.1487808227539062,41.633214169840834,193700.0,8.350128173828125,16.346649169921875,15.1226806640625,13.13714599609375,35.60000038146973
1972-03-18 11:32:38,24.1074275970459,80.96385955810547,156.01399993896484,90.98484802246094,96.5999984741211,60.82175827026367,100.0,1.1555290222167969,43.90540171141687,193700.0,11.450820922851562,7.72454833984375,11.396408081054688,14.932296752929688,35.57499980926514
1972-03-18 11:32:39,24.09736442565918,80.96385955810547,149.25131225585938,90.98484802246094,96.8000030517578,60.82175827026367,100.00360870361328,1.16156005859375,43.66228511585323,193700.0,7.88775634765625,11.804412841796877,9.9820556640625,13.082763671875,35.57499980926514
1972-03-18 11:32:40,24.14946174621582,80.96385955810547,147.4690704345703,90.98484802246094,96.4000015258789,60.82175827026367,100.00360870361328,1.169051170349121,42.41323167109658,193700.0,10.090866088867188,11.015625,12.457183837890623,14.143524169921877,35.60000038146973
1972-03-18 11:32:41,24.22340965270996,80.90361022949219,145.21483612060547,90.98484802246094,97.79999542236328,60.82175827026367,100.00360870361328,1.1721880435943604,40.683747055029656,193700.0,9.954864501953123,13.5179443359375,15.068283081054688,15.06829833984375,35.57499980926514
1972-03-18 11:32:42,24.227319717407227,81.02410125732422,143.02571868896484,90.98484802246094,97.29999542236328,60.82175827026367,100.00360870361328,1.1774673461914062,40.79536144161439,193700.0,7.996551513671875,18.00579833984375,11.777191162109377,11.39642333984375,35.60000038146973
1972-03-18 11:32:43,24.147178649902344,81.08433532714844,141.54459381103516,90.98484802246094,97.0999984741211,60.82175827026367,100.00360870361328,1.1834713220596311,41.010702068455196,193700.0,12.919570922851562,11.5867919921875,13.409149169921877,15.421875,35.60000038146973
1972-03-18 11:32:44,24.05585670471192,81.08433532714844,138.72884368896484,90.98484802246094,96.5,60.82175827026367,100.00360870361328,1.1836045980453491,39.913232563684176,193700.0,10.689239501953123,15.449066162109377,12.620361328125,8.5133056640625,35.60000038146973
1972-03-18 11:32:45,23.9890251159668,80.90361022949219,137.45931243896484,90.98484802246094,96.0,60.82175827026367,100.00360870361328,1.1844223737716677,43.69923698183643,193700.0,12.26678466796875,12.348388671875,14.959487915039062,13.43634033203125,35.60000038146973
1972-03-18 11:32:46,23.982345581054688,80.90361022949219,140.61685943603516,90.98484802246094,97.0,60.82175827026367,100.0,1.1822261810302734,40.054886343319716,193700.0,12.13079833984375,14.007537841796877,14.061920166015623,6.745361328125,35.57499980926514
1972-03-18 11:32:47,24.028303146362305,81.02410125732422,141.00748443603516,90.98484802246094,97.0999984741211,60.82175827026367,100.0,1.1850674152374268,41.45166617438303,193700.0,15.93865966796875,14.17071533203125,13.21875,11.75,35.60000038146973
1972-03-18 11:32:48,24.09370422363281,81.14457702636719,141.15396881103516,90.98484802246094,98.4000015258789,60.82175827026367,100.0,1.1856786012649536,39.003714364425704,193700.0,9.764480590820312,14.76910400390625,16.265045166015625,9.2476806640625,35.60000038146973
1972-03-18 11:32:49,24.079923629760746,81.02410125732422,141.8701171875,90.98484802246094,97.6999969482422,60.82175827026367,100.0,1.1869449615478516,38.24552177596265,193700.0,14.03472900390625,8.921295166015625,10.93402099609375,11.4508056640625,35.60000038146973
1972-03-18 11:32:50,23.924144744873047,80.96385955810547,142.87109375,90.98484802246094,97.5,60.82175827026367,100.0,1.188898682594299,40.884292229171926,193700.0,7.88775634765625,17.081024169921875,12.293975830078123,11.559600830078123,35.60000038146973
1972-03-18 11:32:51,23.90503120422364,80.90361022949219,142.919921875,90.98484802246094,96.9000015258789,60.82175827026367,100.0,1.1926974058151243,41.73739701388025,193700.0,7.6429443359375,12.239593505859377,13.73553466796875,11.39642333984375,35.60000038146973
1972-03-18 11:32:52,23.97903060913086,81.02410125732422,143.3837890625,90.98484802246094,97.29999542236328,60.82175827026367,100.00360870361328,1.1915876865386963,38.05262784882943,193700.0,11.9132080078125,9.49249267578125,7.479736328125,10.06365966796875,35.60000038146973
1972-03-18 11:32:53,24.06500244140625,81.02410125732422,145.11717987060547,90.98484802246094,96.5999984741211,60.82175827026367,100.0,1.19478440284729,43.87405714452383,193700.0,9.764480590820312,13.6539306640625,15.884246826171877,13.5179443359375,35.60000038146973
1972-03-18 11:32:54,24.160690307617188,81.02410125732422,144.9951171875,90.98484802246094,97.5,60.82175827026367,100.0,1.2001553773880005,39.491255972135825,193700.0,4.78704833984375,15.7210693359375,13.463531494140623,12.620361328125,35.60000038146973
1972-03-18 11:32:55,24.14251136779785,81.02410125732422,144.8567657470703,90.98484802246094,97.0,60.82175827026367,100.0,1.205526351928711,39.53558521900113,193700.0,13.762741088867188,10.526031494140623,13.409149169921877,13.00115966796875,35.60000038146973
1972-03-18 11:32:56,24.103172302246094,80.96385955810547,145.7438201904297,90.98484802246094,97.0999984741211,60.82175827026367,100.0,1.2072358131408691,39.0926515493704,193700.0,9.574081420898438,16.700225830078125,16.836227416992188,7.0445556640625,35.60000038146973
1972-03-18 11:32:57,24.092485427856445,80.96385955810547,145.91471099853516,90.98484802246094,96.4000015258789,60.82175827026367,100.0,1.207432508468628,44.97299658208935,193700.0,10.825241088867188,13.0555419921875,10.906829833984377,11.9132080078125,35.60000038146973
1972-03-18 11:32:58,24.114154815673828,80.96385955810547,146.6064453125,90.98484802246094,97.1999969482422,60.82175827026367,100.0,1.2119688987731934,39.52589521182159,193700.0,12.94677734375,8.050933837890625,13.762725830078123,12.375579833984377,35.60000038146973
1972-03-18 11:32:59,24.181480407714844,81.02410125732422,147.11100006103516,90.98484802246094,97.6999969482422,60.82175827026367,100.00360870361328,1.215754747390747,38.660976363891635,193700.0,10.906829833984377,17.27142333984375,14.714691162109377,10.417236328125,35.60000038146973
1972-03-18 11:33:00,24.24225234985352,81.02410125732422,147.9736328125,90.98484802246094,97.29999542236328,60.82175827026367,100.0,1.216594696044922,40.038295907716815,193700.0,10.471649169921877,15.557861328125,16.020263671875,15.231475830078123,35.57499980926514
1972-03-18 11:33:01,24.237098693847656,81.02410125732422,147.37955474853516,90.98484802246094,96.5,60.82175827026367,100.0,1.2151789665222168,41.32321270899536,193700.0,12.293991088867188,11.69561767578125,11.641204833984377,12.973968505859377,35.60000038146973
1972-03-18 11:33:02,24.159257888793945,81.02410125732422,147.82715606689453,90.98484802246094,96.3000030517578,60.82175827026367,100.0,1.2129554748535156,40.325963183408966,193700.0,8.676513671875,16.346649169921875,11.36920166015625,13.191558837890623,35.57499980926514
1972-03-18 11:33:03,24.069860458374023,80.90361022949219,149.20247650146484,90.98484802246094,97.6999969482422,60.82175827026367,100.0,1.2157633304595947,40.34860679142083,193700.0,8.2413330078125,16.23785400390625,17.162612915039062,12.457183837890623,35.60000038146973
1972-03-18 11:33:04,24.01331329345703,80.90361022949219,148.03060150146484,90.98484802246094,96.6999969482422,60.82175827026367,100.00360870361328,1.2134300470352173,43.890461252566745,193700.0,16.23785400390625,14.225128173828123,10.7164306640625,8.45892333984375,35.57499980926514
1972-03-18 11:33:05,24.0430965423584,81.02410125732422,149.64192962646484,90.98484802246094,96.5999984741211,60.82175827026367,100.0,1.2131927013397217,43.10852010950452,193700.0,13.871536254882812,12.729156494140623,12.130783081054688,13.327545166015623,35.60000038146973
1972-03-18 11:33:06,24.09043502807617,81.08433532714844,149.7151641845703,90.98484802246094,96.4000015258789,60.82175827026367,100.0,1.2180211544036863,41.29256054040094,193700.0,7.751739501953125,13.0555419921875,10.689239501953123,11.586807250976562,35.60000038146973
1972-03-18 11:33:07,24.162628173828125,81.08433532714844,150.634765625,90.98484802246094,97.1999969482422,60.82175827026367,100.00360870361328,1.221381902694702,42.58350925973873,193700.0,10.689239501953123,12.620361328125,16.401031494140625,11.777191162109377,35.60000038146973
1972-03-18 11:33:08,24.13865852355957,80.90361022949219,150.08951568603516,90.98484802246094,96.8000030517578,60.82175827026367,100.0,1.2239906787872314,42.22934170927689,193700.0,10.988433837890623,15.530670166015623,10.662033081054688,9.9820556640625,35.60000038146973
1972-03-18 11:33:09,24.065673828125,80.90361022949219,150.35807037353516,90.98484802246094,96.0,60.82175827026367,100.00360870361328,1.224386215209961,41.353750995455144,193700.0,8.948516845703125,9.818878173828123,8.758102416992188,13.109954833984377,35.60000038146973
1972-03-18 11:33:10,24.022937774658203,81.02410125732422,152.08333587646484,90.98484802246094,96.10000610351562,60.82175827026367,100.0,1.221058368682861,44.19759533552289,193700.0,12.86517333984375,15.06829833984375,13.028350830078123,10.906829833984377,35.60000038146973
1972-03-18 11:33:11,24.009031295776367,81.02410125732422,152.099609375,90.98484802246094,96.9000015258789,60.82175827026367,100.0,1.2256956100463867,43.562563757944595,193700.0,11.886016845703123,12.157989501953123,14.089111328125,11.505218505859377,35.60000038146973
1972-03-18 11:33:12,24.059051513671875,81.02410125732422,152.62857818603516,90.98484802246094,97.6999969482422,60.82175827026367,100.0,1.2244467735290527,39.39953386240165,193700.0,9.438079833984377,15.04107666015625,17.516204833984375,7.833343505859375,35.60000038146973
1972-03-18 11:33:13,24.125452041625977,80.96385955810547,152.52278900146484,90.98484802246094,97.29999542236328,60.82175827026367,100.0,1.2290037870407104,43.4214681605242,193700.0,18.08740234375,11.342010498046877,11.23321533203125,10.526046752929688,35.60000038146973
1972-03-18 11:33:14,24.18079376220703,80.90361022949219,153.8492889404297,90.98484802246094,97.5,60.82175827026367,100.0,1.2335608005523682,43.05984587109649,193700.0,11.9132080078125,12.293975830078123,13.599533081054688,10.852432250976562,35.60000038146973
1972-03-18 11:33:15,24.15028190612793,80.96385955810547,153.7109375,90.98484802246094,96.5999984741211,60.82175827026367,100.0,1.2381179332733154,41.4875436582267,193700.0,11.940399169921877,10.4444580078125,11.858795166015623,12.375579833984377,35.60000038146973
1972-03-18 11:33:16,24.07944869995117,81.08433532714844,154.8502655029297,90.98484802246094,98.9000015258789,60.82175827026367,100.0,1.2426750659942627,37.9016001817409,193700.0,9.166107177734377,7.370941162109375,15.1226806640625,13.925933837890623,35.60000038146973
1972-03-18 11:33:17,24.0593318939209,81.08433532714844,154.45963287353516,90.98484802246094,97.1999969482422,60.82175827026367,100.0,1.2472320795059204,41.58436252553607,193700.0,13.273162841796877,16.890625,12.865158081054688,7.370941162109375,35.60000038146973
1972-03-18 11:33:18,24.061622619628903,81.02410125732422,154.58984375,90.98484802246094,95.8000030517578,60.82175827026367,100.0,1.251789093017578,44.887817017856214,193700.0,6.609375,16.890625,11.722808837890623,15.5850830078125,35.60000038146973
1972-03-18 11:33:19,24.117328643798828,80.90361022949219,155.4443359375,90.98484802246094,97.1999969482422,60.82175827026367,100.00360870361328,1.2563462257385254,42.043096697311526,193700.0,7.398162841796875,16.80902099609375,14.061920166015623,9.1116943359375,35.60000038146973
1972-03-18 11:33:20,24.18440818786621,80.96385955810547,155.98958587646484,90.98484802246094,97.1999969482422,60.82175827026367,100.00360870361328,1.2682418823242188,39.455599173317445,193700.0,12.484375,15.911468505859377,12.647567749023438,12.103591918945312,35.60000038146973
1972-03-18 11:33:21,24.195825576782227,81.02410125732422,156.3802032470703,90.98484802246094,97.89999389648438,60.82175827026367,100.0,1.2802047729492188,43.341498036234995,193700.0,11.287628173828123,16.890625,12.756362915039062,12.293975830078123,35.60000038146973
1972-03-18 11:33:22,24.120500564575195,81.08433532714844,156.64061737060547,90.98484802246094,97.0999984741211,60.82175827026367,100.0,1.290813684463501,41.406398531593446,193700.0,9.49249267578125,12.40277099609375,12.130783081054688,11.96759033203125,35.60000038146973
1972-03-18 11:33:23,24.060935974121094,81.02410125732422,157.57649993896484,90.98484802246094,97.39999389648438,60.82175827026367,100.0,1.297084093093872,42.9743572263188,193700.0,12.42999267578125,13.681121826171877,13.245941162109377,12.13079833984375,35.60000038146973
1972-03-18 11:33:24,24.02036666870117,80.96385955810547,156.7220001220703,90.98484802246094,96.8000030517578,60.81814193725586,100.0,1.301912546157837,41.36249727043679,193700.0,9.49249267578125,15.06829833984375,7.833343505859375,11.070022583007812,35.60000038146973
1972-03-18 11:33:25,24.0539665222168,80.96385955810547,156.5348358154297,90.98484802246094,96.9000015258789,60.82175827026367,100.0,1.3125964403152466,40.49447126626906,193700.0,11.69561767578125,11.4508056640625,11.342010498046877,12.7835693359375,35.60000038146973
1972-03-18 11:33:26,24.1111068725586,80.96385955810547,157.92642974853516,90.98484802246094,97.0999984741211,60.82175827026367,100.0,1.321892499923706,43.73519448050827,193700.0,11.505218505859377,11.559600830078123,11.913192749023438,10.7164306640625,35.60000038146973
1972-03-18 11:33:27,24.15968513488769,81.02410125732422,157.02310180664062,90.98484802246094,96.8000030517578,60.82175827026367,100.0,1.3305168151855469,42.06291008826103,193700.0,7.914947509765625,16.50982666015625,11.505218505859377,10.7164306640625,35.60000038146973
1972-03-18 11:33:28,24.1235408782959,80.96385955810547,158.09732818603516,91.06060791015624,97.5999984741211,60.81814193725586,100.0,1.3362433910369873,41.45351784987021,193700.0,9.35650634765625,14.1163330078125,14.007522583007812,13.87152099609375,35.60000038146973
1972-03-18 11:33:29,24.03384590148925,81.02410125732422,156.0953826904297,90.98484802246094,97.5999984741211,60.82175827026367,100.0,1.3544387817382812,39.96028849924255,193700.0,13.436355590820312,13.6539306640625,10.145263671875,10.634841918945312,35.60000038146973
1972-03-18 11:33:30,23.984973907470703,81.02410125732422,156.80338287353516,90.98484802246094,97.0,60.82175827026367,100.0,1.365481734275818,43.76475324042861,193700.0,7.34375,13.273162841796877,17.570602416992188,7.017364501953125,35.60000038146973
1972-03-18 11:33:31,23.965925216674805,81.02410125732422,156.87662506103516,90.98484802246094,97.0,60.82175827026367,100.0,1.3736538887023926,43.32296886752592,193700.0,7.180572509765625,11.96759033203125,14.089111328125,10.553253173828123,35.60000038146973
1972-03-18 11:33:32,24.016231536865234,80.96385955810547,156.15234375,90.98484802246094,95.8000030517578,60.82175827026367,100.0,1.3920977115631104,44.994711161296955,193700.0,10.036468505859377,13.13714599609375,10.254058837890623,11.53240966796875,35.60000038146973
1972-03-18 11:33:33,24.06818389892578,80.96385955810547,157.39745330810547,90.98484802246094,96.5999984741211,60.82175827026367,100.0,1.403411626815796,45.475472276771065,193700.0,11.559616088867188,12.26678466796875,12.9195556640625,11.858795166015623,35.60000038146973
1972-03-18 11:33:34,24.10930824279785,80.96385955810547,156.30696868896484,90.98484802246094,96.6999969482422,60.82175827026367,100.0,1.4133228063583374,43.48781908164422,193700.0,9.62847900390625,14.578704833984377,10.254058837890623,16.67303466796875,35.60000038146973
1972-03-18 11:33:35,24.06595230102539,81.02410125732422,156.25,90.98484802246094,96.9000015258789,60.82175827026367,100.0,1.423288106918335,42.6841072194232,193700.0,7.262176513671875,12.892364501953123,11.641204833984377,9.791671752929688,35.60000038146973
1972-03-18 11:33:36,24.021806716918945,81.02410125732422,157.5520782470703,90.98484802246094,97.39999389648438,60.81814193725586,100.0,1.4296462535858154,42.07156640539861,193700.0,9.002899169921875,15.20428466796875,13.245941162109377,13.626739501953123,35.60000038146973
1972-03-18 11:33:37,23.99932289123535,81.08433532714844,156.3883514404297,90.98484802246094,98.29999542236328,60.82175827026367,100.0,1.4411349296569824,40.01917678576779,193700.0,11.369232177734377,13.245941162109377,10.308441162109377,14.197921752929688,35.60000038146973
1972-03-18 11:33:38,24.022090911865234,80.96385955810547,156.4697265625,90.98484802246094,96.6999969482422,60.82175827026367,100.0,1.454897403717041,45.26751435984645,193700.0,6.962982177734375,11.96759033203125,11.53240966796875,13.545135498046877,35.60000038146973
1972-03-18 11:33:39,24.08827209472656,80.90361022949219,156.8603515625,90.98484802246094,96.9000015258789,60.81814193725586,100.0,1.4694931507110596,41.24948096441958,193700.0,9.7100830078125,14.415496826171877,11.614013671875,9.574066162109377,35.60000038146973
1972-03-18 11:33:40,24.17999649047852,80.90361022949219,156.0872344970703,90.98484802246094,95.8000030517578,60.82175827026367,100.0,1.4856574535369873,44.23529562567118,193700.0,10.22686767578125,11.885986328125,11.423614501953123,12.375579833984377,35.60000038146973
1972-03-18 11:33:41,24.190000534057617,81.08433532714844,155.73731231689453,90.98484802246094,96.10000610351562,60.81814193725586,100.0,1.4997622966766355,40.309658792762676,193700.0,12.348388671875,14.225128173828123,11.641204833984377,9.76446533203125,35.60000038146973
1972-03-18 11:33:42,24.125244140625,81.14457702636719,156.21744537353516,90.98484802246094,97.0,60.82175827026367,100.0,1.5205481052398682,42.566543459121405,193700.0,10.36285400390625,15.449066162109377,16.101852416992188,10.553253173828123,35.60000038146973
1972-03-18 11:33:43,24.06024742126465,81.02410125732422,156.4208984375,90.98484802246094,96.9000015258789,60.82175827026367,100.0,1.5305378437042236,43.81359941445157,193700.0,10.06365966796875,14.877899169921877,14.660308837890623,11.614013671875,35.60000038146973
1972-03-18 11:33:44,24.045806884765625,80.84336853027344,155.17578125,90.98484802246094,96.4000015258789,60.82175827026367,100.0,1.5442266464233398,41.96093846177276,193700.0,11.586822509765623,10.743621826171877,8.268524169921875,10.172454833984377,35.60000038146973
1972-03-18 11:33:45,24.092342376708984,80.90361022949219,156.8359375,90.98484802246094,96.8000030517578,60.82175827026367,100.0,1.5616520643234253,41.17354401271886,193700.0,10.5804443359375,16.428253173828125,11.042816162109377,10.19964599609375,35.60000038146973
1972-03-18 11:33:46,24.18017768859864,80.96385955810547,156.42903900146484,90.98484802246094,97.89999389648438,60.82175827026367,100.0,1.5763006210327148,42.63516183197832,193700.0,9.818878173828123,14.578704833984377,15.1226806640625,12.86517333984375,35.60000038146973
1972-03-18 11:33:47,24.233720779418945,81.08433532714844,155.95703125,90.98484802246094,97.5,60.82175827026367,100.0,1.5932424068450928,43.15639006539635,193700.0,8.785308837890625,13.980316162109377,13.082763671875,7.0717620849609375,35.60000038146973
1972-03-18 11:33:48,24.21058464050293,81.08433532714844,155.5419921875,90.98484802246094,98.0999984741211,60.82175827026367,100.0,1.6044708490371704,38.335208939442865,193701.0,7.15338134765625,13.490753173828123,10.036468505859377,10.66204833984375,35.60000038146973
1972-03-18 11:33:49,24.13645362854004,80.96385955810547,156.32323455810547,90.98484802246094,97.1999969482422,60.82175827026367,100.0,1.6230614185333252,41.79329094667308,193701.0,11.47802734375,8.29571533203125,14.578704833984377,11.3148193359375,35.60000038146973
1972-03-18 11:33:50,24.1049861907959,80.90361022949219,155.517578125,90.98484802246094,97.0999984741211,60.82175827026367,100.0,1.6505796909332275,42.10538595840862,193701.0,10.79803466796875,14.741912841796877,12.429977416992188,7.751739501953125,35.60000038146973
1972-03-18 11:33:51,24.0937728881836,80.96385955810547,155.5826873779297,90.98484802246094,97.0,60.81814193725586,100.0,1.6578495502471924,41.24860015091738,193701.0,7.479766845703125,13.59954833984375,9.002899169921875,9.92767333984375,35.60000038146973
1972-03-18 11:33:52,24.14261245727539,81.08433532714844,156.53482818603516,90.98484802246094,96.5,60.81814193725586,100.0,1.6709824800491333,44.97379701907506,193701.0,6.1741943359375,10.93402099609375,16.15625,9.655670166015623,35.60000038146973
1972-03-18 11:33:53,24.218582153320312,81.14457702636719,155.5908203125,90.98484802246094,96.5999984741211,60.82175827026367,100.0,1.6900354623794556,43.23304148088224,193701.0,16.074661254882812,16.047454833984375,9.76446533203125,11.287628173828123,35.60000038146973
1972-03-18 11:33:54,24.22638893127441,81.08433532714844,156.3557891845703,90.98484802246094,96.9000015258789,60.82175827026367,100.0,1.7048454284667969,41.84889547423338,193701.0,3.943878173828125,13.409149169921877,15.421875,9.92767333984375,35.60000038146973
1972-03-18 11:33:55,24.136289596557617,80.90361022949219,156.24185943603516,90.98484802246094,97.5,60.82175827026367,100.0,1.7168257236480713,40.25354796490413,193701.0,9.084503173828123,11.342010498046877,12.212371826171877,7.969329833984375,35.60000038146973
1972-03-18 11:33:56,24.052902221679688,80.90361022949219,156.67317962646484,90.98484802246094,97.6999969482422,60.82175827026367,100.0,1.7251834869384766,41.8211009458039,193701.0,14.03472900390625,10.009246826171877,14.46990966796875,15.20428466796875,35.60000038146973
1972-03-18 11:33:57,24.01234436035156,80.96385955810547,155.8919219970703,90.98484802246094,97.0999984741211,60.81814193725586,100.0,1.742340922355652,41.82707676563048,193701.0,9.900482177734377,15.421875,13.599533081054688,7.316558837890625,35.60000038146973
1972-03-18 11:33:58,24.00895881652832,81.08433532714844,155.94075775146484,90.98484802246094,95.8000030517578,60.81814193725586,100.0,1.7632927894592283,44.75581335581682,193701.0,11.69561767578125,11.09722900390625,14.116317749023438,12.293975830078123,35.60000038146973
1972-03-18 11:33:59,24.061506271362305,81.08433532714844,156.91732025146484,90.98484802246094,97.79999542236328,60.82175827026367,100.0,1.777069091796875,40.2844117145095,193701.0,11.39642333984375,14.6875,15.802658081054688,12.892364501953123,35.60000038146973
1972-03-18 11:34:00,24.106937408447266,80.96385955810547,157.08821868896484,90.98484802246094,96.8000030517578,60.82175827026367,100.0,1.7865300178527832,44.871512949860346,193701.0,12.701980590820312,13.00115966796875,11.940399169921877,10.526046752929688,35.60000038146973
1972-03-18 11:34:01,24.07657623291016,80.90361022949219,155.4850311279297,90.98484802246094,96.0,60.82175827026367,100.0,1.8004121780395508,42.45196608429334,193701.0,7.80615234375,13.490753173828123,13.925933837890623,10.825225830078123,35.60000038146973
1972-03-18 11:34:02,23.97028541564941,80.90361022949219,155.51757049560547,90.98484802246094,97.39999389648438,60.82175827026367,100.0,1.8084959983825684,42.45998128640341,193701.0,9.737274169921877,10.906829833984377,16.645843505859375,10.852432250976562,35.60000038146973
1972-03-18 11:34:03,23.92766761779785,81.02410125732422,155.9326171875,90.98484802246094,97.0,60.82175827026367,100.0,1.826096773147583,42.66353314458865,193701.0,10.79803466796875,16.10186767578125,10.662033081054688,11.015625,35.60000038146973
1972-03-18 11:34:04,23.91446876525879,81.08433532714844,156.0546875,90.98484802246094,97.0999984741211,60.82175827026367,100.0,1.8372256755828853,43.48484890296903,193701.0,8.132537841796875,12.40277099609375,12.26678466796875,11.641204833984377,35.60000038146973
1972-03-18 11:34:05,23.97380447387696,81.08433532714844,155.3385467529297,90.98484802246094,97.0,60.82175827026367,100.0,1.854980111122132,40.861519663417916,193701.0,12.239593505859377,11.777191162109377,10.743621826171877,10.390045166015623,35.60000038146973
1972-03-18 11:34:06,24.04523468017578,80.90361022949219,155.41178131103516,90.98484802246094,95.9000015258789,60.82175827026367,100.0,1.8706657886505127,44.26606631051539,193701.0,8.676513671875,13.89874267578125,14.90509033203125,9.76446533203125,35.60000038146973
1972-03-18 11:34:07,24.113672256469727,80.96385955810547,155.7373046875,90.98484802246094,97.0999984741211,60.82175827026367,100.0,1.8827650547027588,42.05363523965061,193701.0,8.02374267578125,17.9241943359375,12.375579833984377,11.124420166015623,35.60000038146973
1972-03-18 11:34:08,24.09058380126953,81.02410125732422,155.24088287353516,90.98484802246094,97.39999389648438,60.82175827026367,100.0,1.887601852416992,40.8498359197378,193701.0,14.76910400390625,12.892364501953123,12.729156494140623,12.946762084960938,35.60000038146973
1972-03-18 11:34:09,24.06022834777832,81.08433532714844,156.26627349853516,90.98484802246094,98.6999969482422,60.82175827026367,100.0,1.909967303276062,40.952968447631925,193701.0,14.442718505859377,12.212371826171877,12.0491943359375,7.969329833984375,35.60000038146973
1972-03-18 11:34:10,24.07023048400879,81.02410125732422,155.37110137939453,90.98484802246094,96.5999984741211,60.82175827026367,100.0,1.919318437576294,43.95417311919357,193701.0,9.19329833984375,13.43634033203125,9.737274169921877,10.879638671875,35.60000038146973
1972-03-18 11:34:11,24.0971736907959,80.84336853027344,156.5348358154297,90.98484802246094,96.8000030517578,60.82175827026367,100.0,1.9367201328277588,43.40298463042844,193701.0,6.718170166015625,11.96759033203125,13.490737915039062,15.449066162109377,35.60000038146973
1972-03-18 11:34:12,24.146873474121094,80.96385955810547,156.23372650146484,90.98484802246094,97.39999389648438,60.81814193725586,100.0,1.946914792060852,43.95852397440868,193701.0,8.676513671875,15.313079833984377,11.75,12.103591918945312,35.60000038146973
1972-03-18 11:34:13,24.2413387298584,81.08433532714844,156.2337188720703,90.98484802246094,96.9000015258789,60.82175827026367,100.0,1.9586182832717896,41.1351056848046,193701.0,11.804412841796877,11.042816162109377,16.727432250976562,15.34027099609375,35.60000038146973
1972-03-18 11:34:14,24.287065505981445,81.14457702636719,156.9498748779297,90.98484802246094,96.6999969482422,60.82175827026367,100.0,1.9805859327316284,42.9953583551061,193701.0,13.16436767578125,16.53704833984375,12.021987915039062,14.143524169921877,35.60000038146973
1972-03-18 11:34:15,24.247390747070312,81.08433532714844,155.4606170654297,90.98484802246094,97.1999969482422,60.82175827026367,100.0,1.9968453645706177,42.35487164876214,193701.0,12.56597900390625,11.75,11.885986328125,14.1163330078125,35.60000038146973
1972-03-18 11:34:16,24.216278076171875,80.90361022949219,155.9488983154297,90.98484802246094,96.3000030517578,60.82175827026367,100.0,2.008815050125122,40.28654362718473,193701.0,10.308456420898438,11.3148193359375,15.095489501953123,12.13079833984375,35.60000038146973
1972-03-18 11:34:17,24.20917510986328,80.84336853027344,155.2571563720703,90.98484802246094,97.0999984741211,60.82175827026367,100.0,2.024497985839844,44.40133849855585,193701.0,13.980331420898438,13.028350830078123,10.090850830078123,9.32928466796875,35.60000038146973
1972-03-18 11:34:18,24.23605728149414,80.96385955810547,155.5338592529297,90.98484802246094,97.39999389648438,60.82175827026367,100.0,2.0395054817199707,42.350899377760065,193701.0,12.293991088867188,12.56597900390625,9.682861328125,12.946762084960938,35.60000038146973
1972-03-18 11:34:19,24.28999710083008,81.08433532714844,156.19303131103516,90.98484802246094,96.5999984741211,60.82175827026367,100.0,2.056067943572998,45.70996322405247,193701.0,8.785308837890625,12.973968505859377,16.564239501953125,14.415512084960938,35.60000038146973
1972-03-18 11:34:20,24.296003341674805,81.14457702636719,154.8583984375,90.98484802246094,97.1999969482422,60.82175827026367,100.0,2.067592144012451,39.54424265528392,193701.0,10.471649169921877,13.844329833984377,9.9820556640625,11.1788330078125,35.60000038146973
1972-03-18 11:34:21,24.21685791015625,81.02410125732422,156.03841400146484,90.98484802246094,96.5999984741211,60.82175827026367,100.0,2.0827815532684326,44.779340513623794,193701.0,16.074661254882812,15.149871826171877,11.695602416992188,14.3883056640625,35.60000038146973
1972-03-18 11:34:22,24.051708221435547,80.90361022949219,156.48600006103516,90.98484802246094,97.5999984741211,60.82175827026367,100.0,2.096614122390747,44.09714701528673,193701.0,8.649322509765625,14.3883056640625,15.77545166015625,12.0491943359375,35.60000038146973
1972-03-18 11:34:23,24.02214813232422,80.90361022949219,155.52571868896484,90.98484802246094,95.5999984741211,60.82175827026367,100.0,2.1134133338928223,44.79720170448681,193701.0,10.335662841796877,12.10357666015625,16.101852416992188,11.559600830078123,35.60000038146973
1972-03-18 11:34:24,24.0456771850586,80.96385955810547,156.2906951904297,90.98484802246094,97.29999542236328,60.82175827026367,100.0,2.1273674964904785,43.99537791329481,193701.0,12.511581420898438,14.932281494140623,17.026611328125,8.567718505859375,35.60000038146973
1972-03-18 11:34:25,24.072254180908203,80.96385955810547,156.1604766845703,90.98484802246094,97.5,60.82175827026367,100.0,2.147246837615967,44.28214207442099,193701.0,11.287628173828123,18.413787841796875,15.394683837890623,14.442718505859377,35.60000038146973
1972-03-18 11:34:26,24.09457397460937,81.02410125732422,155.6559295654297,90.98484802246094,98.0,60.82175827026367,100.0,2.161381721496582,41.39646187103484,193701.0,8.214141845703125,14.007537841796877,15.829864501953123,11.342010498046877,35.60000038146973
1972-03-18 11:34:27,24.082557678222656,81.08433532714844,154.75260162353516,90.98484802246094,97.0999984741211,60.82175827026367,100.0,2.172658920288086,41.97293404917839,193701.0,13.817138671875,16.346649169921875,9.737274169921877,11.260421752929688,35.60000038146973
1972-03-18 11:34:28,23.979711532592773,81.02410125732422,155.90006256103516,90.98484802246094,97.0,60.82175827026367,100.0,2.1883339881896973,43.30010463500043,193701.0,7.34375,15.829864501953123,6.065399169921875,14.60589599609375,35.60000038146973
1972-03-18 11:34:29,23.88209342956543,80.96385955810547,155.5094451904297,90.98484802246094,96.9000015258789,60.82175827026367,100.0,2.2018797397613525,42.55038860419157,193701.0,10.498855590820312,13.354736328125,14.959487915039062,11.015625,35.60000038146973
1972-03-18 11:34:30,23.858623504638672,80.96385955810547,154.98860931396484,90.98484802246094,97.1999969482422,60.82175827026367,100.0,2.218421459197998,43.84668820885154,193701.0,12.293991088867188,12.674774169921877,12.157989501953123,11.994796752929688,35.60000038146973
1972-03-18 11:34:31,23.87189292907715,81.02410125732422,155.36295318603516,90.98484802246094,97.1999969482422,60.82175827026367,100.0,2.235037326812744,42.008818890314735,193701.0,6.85418701171875,14.741912841796877,12.729156494140623,8.15972900390625,35.60000038146973
1972-03-18 11:34:32,23.93121910095215,81.08433532714844,155.51758575439453,90.98484802246094,97.6999969482422,60.82175827026367,100.0,2.2502665519714355,43.675399110103406,193701.0,10.308456420898438,12.13079833984375,12.429977416992188,12.212387084960938,35.60000038146973
1972-03-18 11:34:33,24.038562774658203,81.02410125732422,154.9641876220703,90.98484802246094,97.29999542236328,60.82175827026367,100.0,2.264817714691162,46.11170137894317,193701.0,10.825241088867188,13.73553466796875,13.463531494140623,10.93402099609375,35.60000038146973
1972-03-18 11:34:34,24.104978561401367,80.96385955810547,154.38639068603516,90.98484802246094,98.0,60.82175827026367,100.0,2.283818483352661,39.29755060768949,193701.0,11.1788330078125,13.109954833984377,10.226852416992188,7.833343505859375,35.60000038146973
1972-03-18 11:34:35,24.08779525756836,80.90361022949219,155.2897186279297,90.98484802246094,97.39999389648438,60.82175827026367,100.0,2.303668975830078,39.39985574405203,193701.0,7.42535400390625,10.689239501953123,12.293975830078123,14.007522583007812,35.60000038146973
1972-03-18 11:34:36,24.07649803161621,80.96385955810547,154.6223907470703,90.98484802246094,96.10000610351562,60.82175827026367,100.0,2.322911262512207,43.999631704586676,193701.0,13.409149169921877,14.90509033203125,11.042816162109377,10.118057250976562,35.60000038146973
1972-03-18 11:34:37,24.11093711853028,81.02410125732422,154.9397735595703,90.98484802246094,96.5,60.82175827026367,100.0,2.3393266201019287,42.48281676993451,193701.0,8.32293701171875,12.239593505859377,14.197906494140623,12.348388671875,35.60000038146973
1972-03-18 11:34:38,24.231163024902344,81.02410125732422,154.97232818603516,90.98484802246094,97.0999984741211,60.82175827026367,100.0,2.361661911010742,42.431435012989496,193701.0,13.925933837890623,15.80267333984375,11.260406494140623,17.40740966796875,35.60000038146973
1972-03-18 11:34:39,24.35832405090332,80.96385955810547,155.76171875,91.06060791015624,96.9000015258789,60.82175827026367,100.0,2.3841497898101807,43.38708247744049,193701.0,7.914947509765625,20.78009033203125,12.674774169921877,12.674774169921877,35.60000038146973
1972-03-18 11:34:40,24.442651748657227,80.96385955810547,155.1839141845703,90.98484802246094,96.9000015258789,60.82175827026367,100.0,2.4075236320495605,41.39467189554357,193701.0,9.32928466796875,15.8570556640625,14.442718505859377,12.484375,35.60000038146973
1972-03-18 11:34:41,24.4273624420166,81.02410125732422,155.1350860595703,90.98484802246094,96.3000030517578,60.82175827026367,100.0,2.42151141166687,44.312703868431676,193701.0,12.7835693359375,8.214111328125,11.994781494140623,16.97222900390625,35.60000038146973
1972-03-18 11:34:42,24.359561920166016,81.08433532714844,154.62239837646484,90.98484802246094,97.0999984741211,60.82175827026367,100.0,2.44286584854126,42.43779355570788,193701.0,9.818878173828123,16.917816162109375,13.082763671875,8.622100830078125,35.60000038146973
1972-03-18 11:34:43,24.289304733276367,81.08433532714844,155.65592193603516,90.98484802246094,96.8000030517578,60.82175827026367,100.0,2.470217704772949,43.20168963416258,193701.0,13.21875,14.660308837890623,11.858795166015623,13.925933837890623,35.60000038146973
1972-03-18 11:34:44,24.27411842346192,80.90361022949219,155.9488983154297,90.98484802246094,97.5,60.82175827026367,100.0,2.488220930099488,42.59888529790566,193701.0,8.8125,15.50347900390625,14.143524169921877,13.73553466796875,35.60000038146973
1972-03-18 11:34:45,24.308120727539062,80.90361022949219,154.296875,90.98484802246094,97.5,60.82175827026367,100.0,2.5019330978393555,42.54655051576937,193701.0,8.8125,15.50347900390625,14.143524169921877,13.73553466796875,35.60000038146973
1972-03-18 11:34:46,24.33677291870117,80.90361022949219,154.296875,90.98484802246094,96.4000015258789,60.82175827026367,100.0,2.5019330978393555,42.185030766932634,193701.0,12.348388671875,13.844329833984377,10.63482666015625,13.3819580078125,35.60000038146973
1972-03-18 11:34:47,24.28785896301269,80.96385955810547,155.1188201904297,90.98484802246094,96.4000015258789,60.82175827026367,100.0,2.528850555419922,44.890027535306935,193701.0,10.199661254882812,13.59954833984375,12.375579833984377,11.23321533203125,35.60000038146973
1972-03-18 11:34:48,24.14966583251953,81.08433532714844,154.14225006103516,90.98484802246094,97.0999984741211,60.82175827026367,100.0,2.54571533203125,41.31181680038037,193701.0,11.99481201171875,15.7210693359375,13.354736328125,11.070022583007812,35.60000038146973
1972-03-18 11:34:49,23.994850158691406,81.02410125732422,154.7770233154297,90.98484802246094,96.5999984741211,60.82175827026367,100.0,2.572152137756348,42.5211757957656,193701.0,12.103607177734377,10.172454833984377,10.28125,10.93402099609375,35.60000038146973
1972-03-18 11:34:50,23.87279510498047,80.96385955810547,156.3395233154297,90.98484802246094,98.79999542236328,60.82175827026367,100.0,2.58851957321167,39.79395520372764,193701.0,14.279525756835938,14.9866943359375,14.007522583007812,12.239593505859377,35.60000038146973
1972-03-18 11:34:51,23.87279510498047,80.96385955810547,155.29785919189453,90.98484802246094,96.5999984741211,60.82175827026367,100.0,2.6107964515686035,41.643512817767665,193701.0,10.254058837890623,11.69561767578125,14.60589599609375,13.59954833984375,35.60000038146973
1972-03-18 11:34:52,23.828813552856445,81.02410125732422,154.4352264404297,90.98484802246094,96.4000015258789,60.82175827026367,100.0,2.6339335441589355,43.51776367886398,193701.0,11.668411254882812,14.660308837890623,13.681121826171877,9.383682250976562,35.60000038146973
1972-03-18 11:34:53,23.84378433227539,81.08433532714844,155.66405487060547,90.98484802246094,97.5,60.82175827026367,100.0,2.6557388305664062,43.71835475693564,193701.0,11.3148193359375,15.530670166015623,14.660308837890623,11.614013671875,35.60000038146973
1972-03-18 11:34:54,23.886032104492188,81.02410125732422,155.6803436279297,90.98484802246094,97.5999984741211,60.82175827026367,100.0,2.671072006225586,41.925482865347085,193701.0,13.409149169921877,13.463531494140623,14.143524169921877,14.90509033203125,35.60000038146973
1972-03-18 11:34:55,23.88695526123047,80.96385955810547,155.47689056396484,90.98484802246094,96.20000457763672,60.82175827026367,100.0,2.698175430297852,41.20382869394882,193701.0,11.206024169921877,15.9930419921875,11.396408081054688,9.62847900390625,35.60000038146973
1972-03-18 11:34:56,23.820215225219727,80.96385955810547,155.04557037353516,90.98484802246094,96.8000030517578,60.82175827026367,100.0,2.721041440963745,43.428902700715604,193701.0,5.630218505859375,14.63311767578125,15.421875,9.574066162109377,35.60000038146973
1972-03-18 11:34:57,23.806434631347656,81.02410125732422,156.9987030029297,90.98484802246094,97.39999389648438,60.82175827026367,100.0,2.7433152198791504,44.726839749426105,193701.0,10.79803466796875,15.476287841796877,18.14178466796875,13.762725830078123,35.60000038146973
1972-03-18 11:34:58,23.82783889770508,81.02410125732422,155.62337493896484,90.98484802246094,96.3000030517578,60.82175827026367,100.0,2.758383750915528,45.391074031530536,193701.0,14.388320922851562,15.693878173828123,9.90045166015625,11.586807250976562,35.60000038146973
1972-03-18 11:34:59,23.943666458129883,80.96385955810547,154.7444610595703,90.98484802246094,95.9000015258789,60.82175827026367,100.0,2.784463882446289,43.79252451352333,193701.0,7.180572509765625,14.03472900390625,14.3883056640625,11.342010498046877,35.60000038146973
1972-03-18 11:35:00,24.106428146362305,80.96385955810547,155.79427337646484,90.98484802246094,97.0,60.82175827026367,100.0,2.797520875930786,42.83869518022843,193701.0,9.7100830078125,13.13714599609375,13.327545166015623,13.3819580078125,35.60000038146973
1972-03-18 11:35:01,24.225208282470703,81.02410125732422,155.9326171875,90.98484802246094,97.79999542236328,60.82175827026367,100.0,2.822296142578125,44.848878898063504,193701.0,12.892364501953123,16.564239501953125,17.380218505859375,17.978591918945312,35.60000038146973
1972-03-18 11:35:02,24.26638984680176,80.96385955810547,154.8828125,90.98484802246094,97.1999969482422,60.82175827026367,100.0,2.838425636291504,44.26627113359188,193701.0,8.3773193359375,17.97857666015625,13.708343505859377,6.935760498046875,35.60000038146973
1972-03-18 11:35:03,24.234952926635746,80.96385955810547,154.74446868896484,90.98484802246094,96.3000030517578,60.82175827026367,100.0,2.858260154724121,43.66756560532563,193701.0,6.582183837890625,12.7835693359375,17.081024169921875,14.9866943359375,35.60000038146973
1972-03-18 11:35:04,24.207416534423828,80.96385955810547,154.7119140625,90.98484802246094,97.39999389648438,60.82175827026367,100.0,2.8869669437408447,41.730715876522986,193701.0,15.639480590820312,18.685760498046875,8.050933837890625,11.53240966796875,35.60000038146973
1972-03-18 11:35:05,24.20847511291504,81.08433532714844,154.3050079345703,90.98484802246094,96.4000015258789,60.82175827026367,100.0,2.9004759788513184,43.81928801541544,193701.0,15.36749267578125,11.3148193359375,10.743621826171877,11.804397583007812,35.60000038146973
1972-03-18 11:35:06,24.25571060180664,81.02410125732422,154.1096954345703,90.98484802246094,97.79999542236328,60.82175827026367,100.0,2.913985252380371,40.7540602806736,193701.0,9.002899169921875,13.191558837890623,9.274871826171877,14.714691162109377,35.60000038146973
1972-03-18 11:35:07,24.306591033935547,81.02410125732422,154.3538360595703,90.98484802246094,97.0999984741211,60.82175827026367,100.0,2.942140579223633,42.4190193801558,193701.0,12.756378173828123,11.641204833984377,13.164352416992188,13.681137084960938,35.60000038146973
1972-03-18 11:35:08,24.299144744873047,80.96385955810547,154.3212890625,90.98484802246094,96.9000015258789,60.82175827026367,100.0,2.9653472900390625,41.01583571106183,193701.0,13.68115234375,11.559600830078123,12.946746826171877,7.8061370849609375,35.60000038146973
1972-03-18 11:35:09,24.17922782897949,80.90361022949219,154.80142974853516,90.98484802246094,97.1999969482422,60.82175827026367,100.0,2.988663673400879,44.066584054324416,193701.0,9.166107177734377,15.421875,12.729156494140623,10.5804443359375,35.60000038146973
1972-03-18 11:35:10,24.059682846069336,80.96385955810547,155.16764068603516,90.98484802246094,97.5999984741211,60.82175827026367,100.0,3.005516290664673,41.7192880120924,193701.0,13.980331420898438,14.007537841796877,16.482635498046875,8.132522583007812,35.60000038146973
1972-03-18 11:35:11,23.982969284057617,80.96385955810547,155.55013275146484,90.98484802246094,97.5,60.82175827026367,100.0,3.0246143341064453,40.24020423759122,193701.0,11.423614501953123,15.829864501953123,14.60589599609375,12.70196533203125,35.60000038146973
1972-03-18 11:35:12,23.97794914245605,81.02410125732422,154.6630859375,90.98484802246094,96.6999969482422,60.82175827026367,100.0,3.052558422088623,43.04214360095427,193701.0,5.711822509765625,18.413787841796875,15.7210693359375,10.607635498046877,35.60000038146973
1972-03-18 11:35:13,23.9998836517334,81.02410125732422,150.1708984375,90.98484802246094,97.1999969482422,60.82175827026367,100.0,3.077005624771118,42.5646496966387,193701.0,15.421875,13.16436767578125,13.57232666015625,12.756378173828123,35.60000038146973
1972-03-18 11:35:14,24.021827697753903,80.96385955810547,148.95018768310547,90.98484802246094,97.5999984741211,60.82175827026367,100.00360870361328,3.09865140914917,42.92679292216292,193701.0,6.881378173828125,14.60589599609375,14.03472900390625,12.729171752929688,35.60000038146973
1972-03-18 11:35:15,23.983949661254883,80.96385955810547,146.23209381103516,90.98484802246094,97.0,60.82175827026367,100.00360870361328,3.1247830390930176,43.93334055429812,193701.0,7.56134033203125,19.17535400390625,10.036468505859377,7.914932250976562,35.60000038146973
1972-03-18 11:35:16,23.911359786987305,80.96385955810547,143.798828125,90.98484802246094,96.5999984741211,60.82175827026367,100.00360870361328,3.153260946273804,40.000547842972,193701.0,11.287628173828123,10.526031494140623,13.681121826171877,15.476272583007812,35.60000038146973
1972-03-18 11:35:17,23.862585067749023,81.02410125732422,141.5934295654297,90.98484802246094,97.6999969482422,60.82175827026367,100.0,3.176032066345215,41.01165107102489,193701.0,12.756378173828123,14.63311767578125,14.9866943359375,10.19964599609375,35.60000038146973
1972-03-18 11:35:18,23.86509323120117,81.08433532714844,139.0869140625,90.98484802246094,97.0999984741211,60.82175827026367,100.00360870361328,3.193788766860962,41.61903735095925,193701.0,11.287628173828123,12.511566162109377,12.9195556640625,13.59954833984375,35.60000038146973
1972-03-18 11:35:19,23.93678092956543,81.02410125732422,137.5732421875,90.98484802246094,96.3000030517578,60.82175827026367,100.0,3.2174601554870605,40.15692187751374,193701.0,13.5179443359375,11.858795166015623,10.553237915039062,10.49884033203125,35.60000038146973
1972-03-18 11:35:20,24.056135177612305,80.96385955810547,135.15625,90.98484802246094,97.1999969482422,60.82175827026367,100.00360870361328,3.2426846027374268,39.53777462284367,193701.0,13.3819580078125,13.925933837890623,13.109954833984377,13.762725830078123,35.60000038146973
1972-03-18 11:35:21,24.19457626342773,80.96385955810547,134.28548431396484,90.98484802246094,97.39999389648438,60.82175827026367,100.00360870361328,3.266568183898926,38.49101437406888,193701.0,9.954864501953123,13.13714599609375,13.082763671875,13.055557250976562,35.60000038146973
1972-03-18 11:35:22,24.195837020874023,80.96385955810547,132.4951171875,90.98484802246094,96.4000015258789,60.82175827026367,100.0,3.290567636489868,40.450608631669944,193701.0,11.75,17.489013671875,12.321182250976562,8.186920166015625,35.60000038146973
1972-03-18 11:35:23,24.1267204284668,81.02410125732422,131.16861724853516,90.98484802246094,97.6999969482422,60.82175827026367,100.0,3.3095543384552,38.511340582717686,193701.0,10.689239501953123,15.449066162109377,11.287612915039062,14.17071533203125,35.60000038146973
1972-03-18 11:35:24,24.087553024291992,81.08433532714844,129.4840545654297,90.98484802246094,97.0999984741211,60.82175827026367,100.00360870361328,3.3329737186431885,36.73694151034756,193701.0,11.39642333984375,13.626739501953123,13.354736328125,11.151611328125,35.60000038146973
1972-03-18 11:35:25,24.095359802246094,81.02410125732422,128.3447265625,90.98484802246094,97.0,60.82175827026367,100.0,3.358694314956665,40.666544868370764,193701.0,12.810775756835938,15.5850830078125,11.586807250976562,15.693878173828123,35.60000038146973
1972-03-18 11:35:26,24.166893005371094,80.96385955810547,127.73437881469727,90.98484802246094,97.1999969482422,60.82175827026367,100.0,3.376477003097534,41.23046543395748,193701.0,15.095489501953123,16.83624267578125,14.2523193359375,13.898727416992188,35.60000038146973
1972-03-18 11:35:27,24.25163078308105,80.90361022949219,130.79427337646484,90.98484802246094,97.89999389648438,60.82175827026367,100.0,3.3928189277648926,38.714064487957735,193701.0,12.348388671875,16.129058837890625,13.980316162109377,13.6539306640625,35.60000038146973
1972-03-18 11:35:28,24.263214111328125,81.02410125732422,130.078125,90.98484802246094,97.39999389648438,60.82175827026367,100.0,3.414306879043579,37.649755457784785,193701.0,15.5850830078125,14.46990966796875,14.361114501953123,15.476272583007812,35.60000038146973
1972-03-18 11:35:29,24.154613494873047,81.02410125732422,130.9814453125,90.98484802246094,96.9000015258789,60.82175827026367,100.0,3.4365932941436768,39.39180252581062,193701.0,12.26678466796875,15.693878173828123,13.164352416992188,12.103591918945312,35.60000038146973
1972-03-18 11:35:30,24.060890197753903,81.02410125732422,131.5185546875,90.98484802246094,96.4000015258789,60.81814193725586,100.0,3.458961009979248,40.81071454278122,193701.0,10.5804443359375,19.066558837890625,15.367477416992188,14.361114501953123,35.60000038146973
1972-03-18 11:35:31,24.03702735900879,80.96385955810547,130.8186798095703,90.98484802246094,96.9000015258789,60.82175827026367,100.0,3.47115159034729,40.61278859258113,193701.0,9.601287841796877,14.007537841796877,12.973968505859377,10.689239501953123,35.60000038146973
1972-03-18 11:35:32,24.080625534057617,80.90361022949219,130.50943756103516,90.98484802246094,97.1999969482422,60.82175827026367,100.0,3.490635395050049,37.28797808316917,193701.0,13.5179443359375,12.538787841796877,12.10357666015625,13.409149169921877,35.60000038146973
1972-03-18 11:35:33,24.148269653320312,80.96385955810547,132.45442962646484,90.98484802246094,97.79999542236328,60.82175827026367,100.0,3.506495237350464,37.065599643872886,193701.0,9.27490234375,18.468170166015625,14.03472900390625,15.013885498046877,35.60000038146973
1972-03-18 11:35:34,24.208070755004883,80.96385955810547,131.26627349853516,90.98484802246094,96.6999969482422,60.82175827026367,100.0,3.522355079650879,39.94171785835819,193701.0,13.273162841796877,13.273162841796877,13.844329833984377,13.409149169921877,35.60000038146973
1972-03-18 11:35:35,24.183570861816406,81.02410125732422,131.396484375,90.98484802246094,96.10000610351562,60.82175827026367,100.0,3.538215160369873,38.85074132694637,193701.0,10.335662841796877,14.6875,15.068283081054688,7.99652099609375,35.60000038146973
1972-03-18 11:35:36,24.096330642700195,81.02410125732422,126.96940612792969,90.98484802246094,97.0999984741211,60.82175827026367,100.00360870361328,3.554075002670288,37.7674920411477,193701.0,10.716445922851562,16.428253173828125,9.76446533203125,16.129058837890625,35.60000038146973
1972-03-18 11:35:37,24.057769775390625,81.08433532714844,129.58983612060547,90.98484802246094,97.0999984741211,60.82175827026367,100.0,3.569934844970703,40.84015150794406,193701.0,10.879638671875,15.884246826171877,18.7945556640625,14.524307250976562,35.60000038146973
1972-03-18 11:35:38,24.057106018066406,81.02410125732422,130.3955078125,90.98484802246094,96.6999969482422,60.82175827026367,100.0,3.5835931301116943,41.6794442684335,193701.0,13.980331420898438,15.095489501953123,14.007522583007812,6.69097900390625,35.60000038146973
1972-03-18 11:35:39,24.12813949584961,80.90361022949219,131.0465545654297,90.98484802246094,96.9000015258789,60.82175827026367,100.0,3.6001675128936768,38.330378572680964,193701.0,11.641204833984377,13.409149169921877,17.54339599609375,17.244216918945312,35.60000038146973
1972-03-18 11:35:40,24.191450119018555,80.90361022949219,130.94889068603516,90.98484802246094,97.5999984741211,60.82175827026367,100.0,3.610153913497925,41.222357422015286,193701.0,9.982070922851562,21.86805725097656,16.07464599609375,13.327545166015623,35.60000038146973
1972-03-18 11:35:41,24.204938888549805,81.02410125732422,130.8349609375,90.98484802246094,96.9000015258789,60.82175827026367,100.0,3.619318723678589,38.93376333955564,193701.0,12.321197509765623,16.917816162109375,9.193283081054688,14.741897583007812,35.60000038146973
1972-03-18 11:35:42,24.13725471496582,81.08433532714844,130.6315155029297,90.98484802246094,96.10000610351562,60.82175827026367,100.0,3.6291592121124254,40.45221338847099,193701.0,7.996551513671875,17.3258056640625,14.03472900390625,8.078125,35.60000038146973
1972-03-18 11:35:43,24.048540115356445,81.02410125732422,130.89192962646484,90.98484802246094,97.5999984741211,60.82175827026367,100.0,3.6476950645446777,38.30772683301184,193701.0,14.959503173828123,12.484375,17.733795166015625,16.428253173828125,35.60000038146973
1972-03-18 11:35:44,24.02261734008789,80.96385955810547,130.9651641845703,90.98484802246094,97.89999389648438,60.82175827026367,100.0,3.6589670181274414,42.15815207423399,193701.0,12.42999267578125,17.597808837890625,16.836227416992188,13.109954833984377,35.60000038146973
1972-03-18 11:35:45,24.05432891845703,81.26506042480469,130.6396484375,90.98484802246094,97.29999542236328,60.81814193725586,100.0,3.656983137130737,41.260057570153215,193701.0,13.545150756835938,14.279510498046877,15.77545166015625,12.593170166015623,35.60000038146973
1972-03-18 11:35:46,24.158933639526367,82.10842895507812,131.396484375,90.98484802246094,96.6999969482422,60.81814193725586,100.0,3.667227029800415,39.54403481570181,193701.0,10.906829833984377,13.5179443359375,16.23785400390625,16.97222900390625,35.60000038146973
1972-03-18 11:35:47,24.236621856689453,82.71084594726562,130.4443359375,90.98484802246094,96.5999984741211,60.82175827026367,100.0,3.682544231414795,39.99033585504648,193701.0,14.8507080078125,18.604156494140625,9.818862915039062,12.6475830078125,35.60000038146973
1972-03-18 11:35:48,24.24413299560547,82.46987915039062,130.63150787353516,90.98484802246094,97.29999542236328,60.82175827026367,100.0,3.675900220870972,39.20800339362066,193701.0,10.607650756835938,13.953125,17.298614501953125,15.93865966796875,35.60000038146973
1972-03-18 11:35:49,24.150014877319336,81.6867446899414,131.00586700439453,90.98484802246094,97.39999389648438,60.82175827026367,100.0,3.6792123317718506,38.37899144047224,193701.0,11.886016845703123,18.7945556640625,11.559600830078123,14.497100830078123,35.60000038146973
1972-03-18 11:35:50,24.089996337890625,81.50602722167969,131.56739044189453,90.98484802246094,97.5999984741211,60.81814193725586,100.0,3.6860644817352295,38.255177870381985,193701.0,12.0491943359375,16.5914306640625,12.157989501953123,18.087387084960938,35.60000038146973
1972-03-18 11:35:51,24.038782119750977,81.8072280883789,131.31510162353516,90.98484802246094,96.3000030517578,60.82175827026367,100.0,3.698664903640747,39.54357183407924,193701.0,13.817138671875,18.821746826171875,14.932281494140623,12.892364501953123,35.60000038146973
1972-03-18 11:35:52,24.068378448486328,82.89156341552734,131.201171875,90.98484802246094,97.0999984741211,60.82175827026367,100.0,3.701721429824829,38.3140274774974,193701.0,13.109954833984377,15.1226806640625,13.708343505859377,14.76910400390625,35.60000038146973
1972-03-18 11:35:53,24.120018005371094,83.79518127441406,131.5673828125,90.98484802246094,97.0999984741211,60.82175827026367,100.0,3.7046329975128174,40.588892185538384,193701.0,10.553253173828123,13.73553466796875,13.30035400390625,13.762725830078123,35.60000038146973
1972-03-18 11:35:54,24.16073989868164,83.73493957519531,132.4055938720703,90.98484802246094,96.9000015258789,60.82175827026367,100.0,3.708859920501709,41.28869900544604,193701.0,14.361114501953123,20.78009033203125,13.925933837890623,14.497100830078123,35.60000038146973
1972-03-18 11:35:55,24.11377143859864,82.89156341552734,132.19400787353516,90.98484802246094,97.6999969482422,60.82175827026367,100.0,3.720283269882202,37.51330572974889,193701.0,15.693878173828123,17.217010498046875,15.34027099609375,18.604171752929688,35.60000038146973
1972-03-18 11:35:56,24.024141311645508,82.34939575195312,132.04752349853516,90.98484802246094,97.0999984741211,60.82175827026367,100.0,3.728032112121582,38.522391723629156,193701.0,7.534149169921875,17.733795166015625,14.959487915039062,11.3148193359375,35.60000038146973
1972-03-18 11:35:57,23.95232009887696,82.59036254882812,132.29166412353516,90.98484802246094,97.0999984741211,60.82175827026367,100.0,3.7327566146850586,39.292524060922844,193701.0,15.06829833984375,17.516204833984375,13.898727416992188,17.27142333984375,35.60000038146973
1972-03-18 11:35:58,23.92851829528809,83.55421447753906,131.20116424560547,90.98484802246094,96.6999969482422,60.82175827026367,100.0,3.7358806133270255,42.241432042810786,193701.0,13.409149169921877,12.157989501953123,16.50982666015625,14.524307250976562,35.60000038146973
1972-03-18 11:35:59,23.98921203613281,84.69879913330078,131.3151092529297,90.98484802246094,97.5999984741211,60.82175827026367,100.0,3.747667074203491,37.50140682514533,193701.0,14.33392333984375,14.089111328125,14.796295166015623,13.028350830078123,35.60000038146973
1972-03-18 11:36:00,24.06507110595703,84.93975830078125,131.95800018310547,90.98484802246094,96.3000030517578,60.82175827026367,100.0,3.748465061187744,40.056601522957706,193701.0,10.4444580078125,21.650466918945312,17.081024169921875,9.737274169921877,35.60000038146973
1972-03-18 11:36:01,24.09501838684082,84.21686553955078,131.84407806396484,90.98484802246094,96.5,60.82175827026367,100.0,3.7432219982147217,41.47913697032526,193701.0,14.442718505859377,14.578704833984377,15.476272583007812,11.505218505859377,35.60000038146973
1972-03-18 11:36:02,24.037282943725582,83.4337387084961,132.09635162353516,90.98484802246094,96.6999969482422,60.82175827026367,100.0,3.746534585952759,41.00608151155263,193701.0,13.028366088867188,17.40740966796875,14.116317749023438,12.375579833984377,35.60000038146973
1972-03-18 11:36:03,23.97028350830078,83.31324768066406,127.71810531616211,90.98484802246094,97.79999542236328,60.82175827026367,100.00360870361328,3.7511727809906006,40.087881501021855,193701.0,7.942138671875,19.936920166015625,13.381942749023438,7.234954833984375,35.60000038146973
1972-03-18 11:36:04,23.95793914794922,83.97590637207031,129.8095703125,90.98484802246094,97.1999969482422,60.82175827026367,100.0,3.754242658615112,39.25633165245055,193701.0,14.388320922851562,17.3258056640625,14.60589599609375,17.10821533203125,35.60000038146973
1972-03-18 11:36:05,24.0164852142334,84.51807403564453,129.43521881103516,90.98484802246094,96.8000030517578,60.81814193725586,100.0,3.759379386901856,40.94604637790964,193701.0,14.061920166015623,20.5625,11.36920166015625,11.559600830078123,35.60000038146973
1972-03-18 11:36:06,24.114688873291016,84.39759063720703,129.35384368896484,90.98484802246094,96.5999984741211,60.82175827026367,100.0,3.761496782302856,39.988758559846595,193701.0,6.99017333984375,15.530670166015623,17.54339599609375,10.906829833984377,35.60000038146973
1972-03-18 11:36:07,24.217226028442383,83.85542297363281,130.322265625,90.98484802246094,97.5,60.82175827026367,100.0,3.7671401500701904,40.335494507632276,193701.0,12.919570922851562,12.946746826171877,18.359375,15.013885498046877,35.60000038146973
1972-03-18 11:36:08,24.229825973510746,83.61445617675781,129.9641876220703,90.98484802246094,96.5999984741211,60.81814193725586,100.0,3.774145364761353,40.41546980270725,193701.0,16.183456420898438,18.903350830078125,12.647567749023438,16.4554443359375,35.60000038146973
1972-03-18 11:36:09,24.158266067504883,83.85542297363281,130.0699920654297,90.98484802246094,96.8000030517578,60.81814193725586,100.0,3.78256893157959,42.293377827643994,193701.0,13.354766845703123,13.87152099609375,14.660308837890623,10.226852416992188,35.60000038146973
1972-03-18 11:36:10,24.108448028564453,84.15662384033203,130.56639862060547,90.98484802246094,97.5,60.82175827026367,100.0,3.7887368202209473,40.95147055682184,193701.0,11.47802734375,19.03936767578125,16.999420166015625,14.714691162109377,35.60000038146973
1972-03-18 11:36:11,24.08587455749512,84.27711486816406,129.63053131103516,90.98484802246094,97.29999542236328,60.82175827026367,100.0,3.796275615692138,40.18175624122233,193701.0,14.361114501953123,19.365753173828125,15.585067749023438,17.70660400390625,35.60000038146973
1972-03-18 11:36:12,24.12105941772461,84.09638214111328,130.0699920654297,90.98484802246094,97.6999969482422,60.82175827026367,100.0,3.808146715164185,39.817346811127486,193701.0,7.914947509765625,15.77545166015625,15.1226806640625,8.350128173828125,35.60000038146973
1972-03-18 11:36:13,24.176347732543945,83.79518127441406,129.7607421875,90.98484802246094,96.8000030517578,60.82175827026367,100.0,3.811936140060425,40.3432482320633,193701.0,9.546875,14.551513671875,15.557861328125,12.429977416992188,35.60000038146973
1972-03-18 11:36:14,24.20084381103516,83.85542297363281,125.42317581176758,90.98484802246094,97.29999542236328,60.82175827026367,100.00360870361328,3.819293975830078,39.775092581996574,193701.0,14.6875,17.380218505859375,12.511566162109377,14.932296752929688,35.60000038146973
1972-03-18 11:36:15,24.131839752197266,83.97590637207031,123.90137481689452,90.98484802246094,97.5999984741211,60.82175827026367,100.0,3.8317177295684814,39.77179621869495,193701.0,12.56597900390625,19.12094116210937,12.729156494140623,10.825225830078123,35.60000038146973
1972-03-18 11:36:16,24.03783226013184,84.15662384033203,123.17708206176758,90.98484802246094,96.9000015258789,60.82175827026367,100.0,3.843415498733521,39.55021171177997,193701.0,9.655670166015623,16.23785400390625,17.652191162109375,15.041091918945312,35.60000038146973
1972-03-18 11:36:17,23.99834632873535,84.09638214111328,120.89029693603516,90.98484802246094,97.1999969482422,60.82175827026367,100.0,3.850708723068237,36.94104964653997,193701.0,16.15625,13.273162841796877,11.23321533203125,14.660308837890623,35.60000038146973
1972-03-18 11:36:18,24.008037567138672,84.03614044189453,119.93001174926758,90.98484802246094,96.8000030517578,60.82175827026367,100.0,3.860858678817749,39.435478917109435,193701.0,14.170730590820312,15.80267333984375,14.333908081054688,11.777191162109377,35.60000038146973
1972-03-18 11:36:19,24.075822830200195,83.85542297363281,118.96158599853516,90.98484802246094,97.5,60.82175827026367,100.0,3.866585969924927,37.36565994581968,193701.0,13.00115966796875,13.953125,17.3258056640625,10.852432250976562,35.60000038146973
1972-03-18 11:36:20,24.14007568359375,83.91566467285156,117.78971099853516,90.98484802246094,97.5999984741211,60.82175827026367,100.0,3.878829002380371,39.771931043005125,193701.0,15.965866088867188,12.3211669921875,16.319442749023438,16.727432250976562,35.60000038146973
1972-03-18 11:36:21,24.162412643432617,84.09638214111328,118.00943756103516,90.98484802246094,97.6999969482422,60.82175827026367,100.0,3.891071796417236,38.17645373250828,193701.0,15.313079833984377,21.106475830078125,15.1226806640625,13.273147583007812,35.60000038146973
1972-03-18 11:36:22,24.09320640563965,84.15662384033203,120.2392578125,90.98484802246094,96.0,60.82175827026367,100.0,3.902588605880737,39.18277480947062,193701.0,11.83160400390625,14.823486328125,15.04107666015625,12.375579833984377,35.60000038146973
1972-03-18 11:36:23,24.023588180541992,84.09638214111328,120.36946868896484,90.98484802246094,96.8000030517578,60.82175827026367,100.0,3.908233404159546,38.81791240987992,193701.0,14.33392333984375,17.1898193359375,17.652191162109375,13.6539306640625,35.60000038146973
1972-03-18 11:36:24,23.993770599365234,83.85542297363281,120.83332824707033,90.98484802246094,96.9000015258789,60.82175827026367,100.0,3.920386075973511,40.99907636510598,193701.0,14.007537841796877,19.17535400390625,11.858795166015623,17.380218505859375,35.60000038146973
1972-03-18 11:36:25,24.035512924194336,83.85542297363281,119.93815612792969,90.98484802246094,97.39999389648438,60.82175827026367,100.0,3.931804895401001,37.95554944871381,193701.0,13.572357177734377,18.30499267578125,17.97857666015625,10.553253173828123,35.60000038146973
1972-03-18 11:36:26,24.10033416748047,83.97590637207031,121.18326950073242,90.98484802246094,97.79999542236328,60.82175827026367,100.0,3.93735146522522,37.28288310505087,193701.0,17.380218505859375,16.292236328125,13.490737915039062,15.367477416992188,35.60000038146973
1972-03-18 11:36:27,24.1622371673584,84.09638214111328,121.39485549926758,90.98484802246094,96.5999984741211,60.82175827026367,100.0,3.9420981407165527,37.108925809823845,193701.0,9.519683837890623,15.421875,17.271408081054688,15.258682250976562,35.60000038146973
1972-03-18 11:36:28,24.160388946533203,84.15662384033203,120.23925018310548,90.98484802246094,97.29999542236328,60.82175827026367,100.0,3.9526021480560303,38.4860632373785,193701.0,12.837982177734377,14.9866943359375,11.36920166015625,12.40277099609375,35.60000038146973
1972-03-18 11:36:29,24.09552955627441,84.03614044189453,121.6552734375,90.98484802246094,96.5999984741211,60.82175827026367,100.0,3.958685159683228,39.293369023993286,193701.0,14.089141845703123,15.911468505859377,14.714691162109377,9.220489501953123,35.60000038146973
1972-03-18 11:36:30,24.04237937927246,83.85542297363281,121.0693359375,90.98484802246094,97.0,60.82175827026367,100.0,3.963258743286133,40.22569943937909,193701.0,13.5179443359375,20.100128173828125,16.482635498046875,15.829864501953123,35.60000038146973
1972-03-18 11:36:31,24.023487091064453,83.91566467285156,121.01237106323242,90.98484802246094,96.8000030517578,60.82175827026367,100.0,3.9618711471557617,42.47733633362355,193701.0,9.302093505859377,17.652191162109375,13.73553466796875,17.733795166015625,35.60000038146973
1972-03-18 11:36:32,24.07934761047364,83.97590637207031,120.9309959411621,90.98484802246094,97.1999969482422,60.82175827026367,100.0,3.970564126968384,37.98069113636303,193701.0,16.754638671875,22.167236328125,10.28125,15.258682250976562,35.60000038146973
1972-03-18 11:36:33,24.16517639160156,84.09638214111328,121.27278137207033,90.98484802246094,97.5,60.81814193725586,100.0,3.968970060348511,38.69651656669966,193701.0,16.4554443359375,13.109954833984377,16.97222900390625,17.0538330078125,35.60000038146973
1972-03-18 11:36:34,24.20796203613281,84.03614044189453,121.8994140625,90.98484802246094,97.1999969482422,60.82175827026367,100.0,3.9730684757232666,38.7470259875083,193701.0,14.2523193359375,20.181716918945312,17.733795166015625,11.885986328125,35.60000038146973
1972-03-18 11:36:35,24.1668758392334,83.97590637207031,121.66341018676758,90.98484802246094,96.10000610351562,60.82175827026367,100.0,3.972688674926758,39.44150166336461,193701.0,14.1163330078125,14.30670166015625,8.59490966796875,16.727432250976562,35.60000038146973
1972-03-18 11:36:36,24.08952140808105,83.91566467285156,121.97265625,90.98484802246094,97.0999984741211,60.82175827026367,100.0,3.9802212715148926,40.03079894792075,193701.0,13.409149169921877,20.236114501953125,16.50982666015625,11.9132080078125,35.60000038146973
1972-03-18 11:36:37,24.051477432250977,83.97590637207031,121.70409774780273,90.98484802246094,97.5,60.82175827026367,100.0,3.984796285629273,40.32932899314594,193701.0,13.545150756835938,17.869781494140625,13.898727416992188,15.421875,35.60000038146973
1972-03-18 11:36:38,24.079254150390625,84.09638214111328,121.27278900146484,90.98484802246094,96.5999984741211,60.82175827026367,100.0,3.9914610385894775,40.40193722283972,193701.0,12.593170166015623,19.148162841796875,14.361114501953123,15.775466918945312,35.60000038146973
1972-03-18 11:36:39,24.13971900939941,84.09638214111328,121.46809768676758,90.98484802246094,96.9000015258789,60.82175827026367,100.0,3.99148201942444,38.06658359779602,193701.0,17.298614501953125,14.497100830078123,14.007522583007812,14.823486328125,35.60000038146973
1972-03-18 11:36:40,24.20276641845703,84.03614044189453,122.09472274780273,90.98484802246094,97.1999969482422,60.82175827026367,100.0,4.002359390258789,39.15261852186344,193701.0,10.906829833984377,18.6585693359375,17.760986328125,14.524307250976562,35.60000038146973
1972-03-18 11:36:41,24.207231521606445,83.97590637207031,121.10188293457031,90.98484802246094,96.5999984741211,60.82175827026367,100.0,4.000066757202148,40.40955702769738,193701.0,15.857070922851562,14.660308837890623,7.969329833984375,18.821762084960938,35.60000038146973
1972-03-18 11:36:42,24.132497787475582,83.97590637207031,122.17610549926758,90.98484802246094,97.6999969482422,60.82175827026367,100.0,3.9983294010162354,38.17691945522657,193701.0,17.380218505859375,17.625,15.449066162109377,13.980316162109377,35.60000038146973
1972-03-18 11:36:43,24.06344223022461,83.97590637207031,122.90852355957031,90.98484802246094,97.1999969482422,60.82175827026367,100.0,4.002285957336426,38.517386332813736,193701.0,15.394683837890623,17.869781494140625,14.279510498046877,13.817138671875,35.60000038146973
1972-03-18 11:36:44,24.03192901611328,84.03614044189453,118.16405868530273,90.98484802246094,97.0999984741211,60.82175827026367,100.0,4.003241539001465,37.33817243523869,193701.0,14.089141845703123,13.245941162109377,13.381942749023438,19.066558837890625,35.60000038146973
1972-03-18 11:36:45,24.06893348693848,84.03614044189453,119.03483581542969,90.98484802246094,96.4000015258789,60.82175827026367,100.0,4.007021903991699,36.66634643661453,193701.0,16.129058837890625,21.07928466796875,12.593170166015623,9.818878173828123,35.60000038146973
1972-03-18 11:36:46,24.13812065124512,84.03614044189453,120.18228912353516,90.98484802246094,96.8000030517578,60.82175827026367,100.0,4.009987831115723,38.29922292802074,193701.0,15.66668701171875,18.495361328125,18.957763671875,15.258682250976562,35.60000038146973
1972-03-18 11:36:47,24.18459892272949,83.97590637207031,119.76725769042969,90.98484802246094,95.5999984741211,60.82175827026367,100.0,4.0091705322265625,38.92034627015871,193701.0,16.15625,15.013885498046877,18.14178466796875,15.93865966796875,35.60000038146973
1972-03-18 11:36:48,24.17582893371582,83.97590637207031,120.80077743530273,90.98484802246094,95.70000457763672,60.82175827026367,100.0,4.013361930847168,38.71992316902979,193701.0,15.476287841796877,21.05209350585937,14.850692749023438,10.852432250976562,35.60000038146973
1972-03-18 11:36:49,24.09723854064941,84.09638214111328,120.32063674926758,90.98484802246094,96.10000610351562,60.82175827026367,100.0,4.018230438232422,36.84688654558022,193701.0,16.428253173828125,15.476287841796877,15.258682250976562,14.796295166015623,35.60000038146973
1972-03-18 11:36:50,24.065662384033203,84.03614044189453,120.4345703125,90.98484802246094,95.70000457763672,60.82175827026367,100.0,4.020085334777832,41.183915735632986,193701.0,10.66204833984375,18.27777099609375,15.476272583007812,13.109954833984377,35.60000038146973
1972-03-18 11:36:51,24.05899810791016,83.97590637207031,120.60546875,90.98484802246094,94.3000030517578,60.82175827026367,100.0,4.019654273986816,38.40180701457858,193701.0,14.46990966796875,15.77545166015625,14.741897583007812,15.149887084960938,35.60000038146973
1972-03-18 11:36:52,24.11729049682617,83.91566467285156,120.60546493530273,90.98484802246094,94.8000030517578,60.82175827026367,100.0,4.023484230041504,38.730604743314956,193701.0,11.99481201171875,18.0601806640625,20.154510498046875,14.415512084960938,35.60000038146973
1972-03-18 11:36:53,24.18812370300293,83.91566467285156,121.14257431030273,90.98484802246094,94.70000457763672,60.82175827026367,100.0,4.03310489654541,40.241663652443556,193701.0,16.83624267578125,19.61053466796875,13.953125,16.183441162109375,35.60000038146973
1972-03-18 11:36:54,24.222585678100582,83.97590637207031,120.8984375,90.98484802246094,94.5,60.82175827026367,100.0,4.039079666137695,37.68625542939859,193701.0,15.041107177734377,18.1961669921875,14.850692749023438,13.681137084960938,35.60000038146973
1972-03-18 11:36:55,24.15429306030273,84.09638214111328,120.76008987426758,90.98484802246094,94.8000030517578,60.82175827026367,100.0,4.042784690856934,37.9097652790954,193701.0,12.538787841796877,20.535308837890625,13.00115966796875,17.217010498046875,35.60000038146973
1972-03-18 11:36:56,24.093524932861328,84.09638214111328,120.63802337646484,90.98484802246094,94.3000030517578,60.82175827026367,100.0,4.052287578582764,37.48739141221788,193701.0,9.574081420898438,18.44097900390625,17.760986328125,18.25057983398437,35.60000038146973
1972-03-18 11:36:57,24.052154541015625,83.97590637207031,120.56477737426758,90.98484802246094,94.0999984741211,60.82175827026367,100.0,4.055209159851074,36.61599812089461,193701.0,14.007537841796877,16.53704833984375,14.660308837890623,13.00115966796875,35.60000038146973
1972-03-18 11:36:58,24.090131759643555,83.91566467285156,121.728515625,90.98484802246094,94.1999969482422,60.82175827026367,100.0,4.054372787475586,38.00778208237468,193701.0,16.863433837890625,16.346649169921875,13.599533081054688,16.80902099609375,35.60000038146973
1972-03-18 11:36:59,24.145479202270508,83.97590637207031,121.044921875,90.98484802246094,93.5999984741211,60.82175827026367,100.0,4.053401947021484,37.307022529491434,193701.0,14.143524169921877,20.698486328125,17.162612915039062,15.693878173828123,35.60000038146973
1972-03-18 11:37:00,24.204235076904297,83.97590637207031,120.90657043457031,90.98484802246094,94.1999969482422,60.82175827026367,100.0,4.0552473068237305,39.006251699173916,193701.0,13.980331420898438,17.3258056640625,18.495361328125,18.6585693359375,35.60000038146973
1972-03-18 11:37:01,24.19941711425781,84.03614044189453,121.05306243896484,90.98484802246094,92.5,60.82175827026367,100.0,4.061405658721924,37.89483122868369,193701.0,18.549774169921875,18.821746826171875,15.367477416992188,15.394683837890623,35.60000038146973
1972-03-18 11:37:02,24.11757469177246,84.09638214111328,121.28092193603516,90.98484802246094,93.0,60.82175827026367,100.0,4.060204982757568,38.59756843953781,193701.0,10.145263671875,20.181716918945312,16.564239501953125,19.09375,35.60000038146973
1972-03-18 11:37:03,24.054292678833008,83.97590637207031,121.06120300292969,90.98484802246094,93.1999969482422,60.82175827026367,100.0,4.058862209320068,38.253996371688835,193701.0,14.93231201171875,19.25694274902344,13.463531494140623,19.039352416992188,35.60000038146973
1972-03-18 11:37:04,24.01892471313477,83.91566467285156,121.11002349853516,90.98484802246094,93.6999969482422,60.82175827026367,100.0,4.061779975891113,35.83225801277138,193701.0,17.026641845703125,18.44097900390625,15.93865966796875,14.932296752929688,35.60000038146973
1972-03-18 11:37:05,24.048492431640625,84.03614044189453,121.6796875,90.98484802246094,94.1999969482422,60.82175827026367,100.0,4.067569255828857,37.32198039455801,193701.0,14.388320922851562,20.671295166015625,16.129058837890625,18.767364501953125,35.60000038146973
1972-03-18 11:37:06,24.11012077331543,84.03614044189453,121.74479675292969,90.98484802246094,93.5999984741211,60.82175827026367,100.0,4.064538955688477,37.32837551748736,193701.0,19.77374267578125,15.7210693359375,14.46990966796875,20.072921752929688,35.60000038146973
1972-03-18 11:37:07,24.143070220947266,84.03614044189453,121.76920318603516,90.98484802246094,93.8000030517578,60.82175827026367,100.0,4.065010070800781,36.48304532134105,193701.0,15.421875,18.00579833984375,21.759246826171875,12.70196533203125,35.60000038146973
1972-03-18 11:37:08,24.09854888916016,83.91566467285156,121.25651168823242,90.98484802246094,93.3000030517578,60.82175827026367,100.0,4.06685733795166,37.85276740501069,193701.0,15.693878173828123,16.183441162109375,16.917816162109375,19.338546752929688,35.60000038146973
1972-03-18 11:37:09,24.00892448425293,83.91566467285156,121.13443756103516,90.98484802246094,92.4000015258789,60.82175827026367,100.0,4.073752403259277,39.69242605674112,193701.0,15.639480590820312,18.0601806640625,15.177093505859377,14.46990966796875,35.60000038146973
1972-03-18 11:37:10,23.93987846374512,83.97590637207031,121.96452331542969,90.98484802246094,93.1999969482422,60.82175827026367,100.0,4.07183837890625,38.84135025352966,193701.0,13.73553466796875,14.361114501953123,20.61689758300781,16.23785400390625,35.60000038146973
1972-03-18 11:37:11,23.93001365661621,84.03614044189453,121.85058212280273,90.98484802246094,92.6999969482422,60.82175827026367,100.0,4.069797515869141,39.30412995341465,193701.0,16.61865234375,19.61053466796875,19.25694274902344,15.829864501953123,35.60000038146973
1972-03-18 11:37:12,23.985929489135746,84.03614044189453,121.67968368530273,90.98484802246094,93.0,60.82175827026367,100.0,4.07054328918457,38.27024567940847,193701.0,17.679412841796875,14.6875,16.67303466796875,18.19618225097656,35.60000038146973
1972-03-18 11:37:13,24.05120086669922,83.97590637207031,122.25748825073242,90.98484802246094,93.0,60.82175827026367,100.0,4.0763349533081055,38.28266978361833,193701.0,12.321197509765623,20.888885498046875,19.88252258300781,12.86517333984375,35.60000038146973
1972-03-18 11:37:14,24.06001663208008,83.91566467285156,122.3876953125,90.98484802246094,93.4000015258789,60.82175827026367,100.0,4.079171657562256,38.20658886232836,193701.0,17.625,20.58969116210937,16.319442749023438,16.020263671875,35.60000038146973
1972-03-18 11:37:15,23.9983139038086,83.97590637207031,122.24120712280273,90.98484802246094,93.1999969482422,60.82175827026367,100.0,4.073169708251953,35.29477505534083,193701.0,17.597808837890625,18.359375,17.70660400390625,18.5225830078125,35.60000038146973
1972-03-18 11:37:16,23.945083618164062,84.09638214111328,121.49250793457031,90.98484802246094,92.29999542236328,60.82175827026367,100.0,4.081642150878906,37.43872322392967,193701.0,15.231491088867188,21.32406616210937,18.304977416992188,18.821762084960938,35.60000038146973
1972-03-18 11:37:17,23.92420959472656,84.03614044189453,122.16796875,90.98484802246094,91.9000015258789,60.81814193725586,100.0,4.087914943695068,38.23771762430823,193701.0,18.576980590820312,17.0538330078125,19.99131774902344,14.823486328125,35.60000038146973
1972-03-18 11:37:18,23.979007720947266,83.97590637207031,122.14355087280273,90.98484802246094,91.79999542236328,60.82175827026367,100.0,4.088306427001953,39.055902422433,193701.0,15.557891845703123,15.394683837890623,17.84259033203125,19.17535400390625,35.60000038146973
1972-03-18 11:37:19,24.06389236450196,83.91566467285156,118.798828125,90.98484802246094,92.1999969482422,60.82175827026367,100.00360870361328,4.095937728881836,38.4158675090616,193701.0,17.625,19.88252258300781,20.508102416992188,13.898727416992188,35.60000038146973
1972-03-18 11:37:20,24.135650634765625,83.91566467285156,118.56282806396484,90.98484802246094,93.0,60.82175827026367,100.00360870361328,4.097698211669922,36.902839347964346,193701.0,14.741912841796877,17.7882080078125,17.516204833984375,19.637725830078125,35.60000038146973
1972-03-18 11:37:21,24.17213249206543,84.09638214111328,117.20377349853516,90.98484802246094,92.0999984741211,60.82175827026367,100.0,4.103063583374023,37.066644472779046,193701.0,16.183456420898438,19.88252258300781,13.21875,16.482635498046875,35.60000038146973
1972-03-18 11:37:22,24.13760566711425,84.09638214111328,119.66146087646484,90.98484802246094,91.0999984741211,60.82175827026367,100.0,4.106934547424316,40.41505415582088,193701.0,14.03472900390625,21.81365966796875,20.58969116210937,13.953125,35.60000038146973
1972-03-18 11:37:23,24.087373733520508,84.03614044189453,119.74283981323242,90.98484802246094,90.20000457763672,60.82175827026367,100.0,4.115880966186523,39.47740883657181,193701.0,16.292266845703125,22.84722900390625,15.313079833984377,20.48089599609375,35.60000038146973
1972-03-18 11:37:24,24.040355682373047,83.97590637207031,119.59635543823242,90.98484802246094,90.4000015258789,60.82175827026367,100.0,4.12631368637085,39.75061357164789,193701.0,16.40106201171875,22.60243225097656,21.5960693359375,13.762725830078123,35.60000038146973
1972-03-18 11:37:25,24.113014221191406,83.91566467285156,119.73470306396484,90.98484802246094,90.8000030517578,60.82175827026367,100.0,4.1331281661987305,38.884539782904255,193701.0,18.468170166015625,19.964111328125,18.7945556640625,18.223388671875,35.60000038146973
1972-03-18 11:37:26,24.20549392700196,83.97590637207031,120.1416015625,90.98484802246094,91.0,60.82175827026367,100.0,4.127474308013916,36.14268315649709,193701.0,16.97222900390625,19.936920166015625,17.9241943359375,15.177093505859377,35.60000038146973
1972-03-18 11:37:27,24.262481689453125,84.03614044189453,119.92187118530273,90.98484802246094,90.4000015258789,60.82175827026367,100.0,4.128262042999268,36.38033570619081,193701.0,17.815399169921875,19.03936767578125,20.5625,17.7882080078125,35.60000038146973
1972-03-18 11:37:28,24.235212326049805,84.09638214111328,120.3857421875,90.98484802246094,90.9000015258789,60.82175827026367,100.0,4.134082317352295,39.11177641898687,193702.0,18.30499267578125,20.5625,20.154510498046875,20.072921752929688,35.60000038146973
1972-03-18 11:37:29,24.17444610595703,84.03614044189453,120.1904296875,90.98484802246094,90.6999969482422,60.82175827026367,100.0,4.14135217666626,38.517579963725225,193702.0,18.30499267578125,19.03936767578125,17.70660400390625,16.265045166015625,35.60000038146973
1972-03-18 11:37:30,24.129234313964844,83.97590637207031,119.90559768676758,90.98484802246094,90.5999984741211,60.82175827026367,100.0,4.148622035980225,38.97323200640472,193702.0,15.449081420898438,20.04571533203125,21.78646850585937,13.490753173828123,35.60000038146973
1972-03-18 11:37:31,24.14130210876465,83.91566467285156,120.15787506103516,90.98484802246094,91.0999984741211,60.82175827026367,100.0,4.140496253967285,38.11831994877141,193702.0,16.890625,22.3304443359375,20.48089599609375,19.2569580078125,35.60000038146973
1972-03-18 11:37:32,24.160381317138672,83.97590637207031,119.92188262939452,90.98484802246094,91.1999969482422,60.82175827026367,100.0,4.140986919403076,37.13815909657521,193702.0,16.97222900390625,20.58969116210937,18.468170166015625,11.885986328125,35.60000038146973
1972-03-18 11:37:33,24.16375541687012,84.03614044189453,120.68684768676758,90.98484802246094,90.5,60.82175827026367,100.0,4.147985458374023,36.372871093137945,193702.0,18.5225830078125,19.692138671875,16.319442749023438,19.692138671875,35.60000038146973
1972-03-18 11:37:34,24.11864471435547,84.03614044189453,120.60546875,90.98484802246094,91.29999542236328,60.82175827026367,100.0,4.143265724182129,35.18336731746866,193702.0,18.930572509765625,20.372100830078125,20.018524169921875,21.242477416992188,35.60000038146973
1972-03-18 11:37:35,24.086715698242188,83.97590637207031,120.27994918823242,90.98484802246094,90.9000015258789,60.82175827026367,100.0,4.147191524505615,36.491069873117496,193702.0,20.399322509765625,19.556137084960938,14.551513671875,18.5225830078125,35.60000038146973
1972-03-18 11:37:36,24.06688117980957,83.97590637207031,120.48339462280273,90.98484802246094,91.5999984741211,60.82175827026367,100.0,4.154008865356445,37.8891735180687,193702.0,19.3929443359375,18.44097900390625,22.05844116210937,19.365753173828125,35.60000038146973
1972-03-18 11:37:37,24.01836395263672,83.97590637207031,120.93912887573242,90.98484802246094,90.9000015258789,60.82175827026367,100.0,4.160826683044434,39.47843365992882,193702.0,19.58334350585937,23.228012084960938,14.6875,21.35127258300781,35.60000038146973
1972-03-18 11:37:38,24.021869659423828,84.03614044189453,120.40201568603516,90.98484802246094,90.8000030517578,60.82175827026367,100.0,4.16180419921875,38.22004040215404,193702.0,12.26678466796875,20.94329833984375,20.236114501953125,16.754638671875,35.60000038146973
1972-03-18 11:37:39,24.05096435546875,84.03614044189453,120.9065818786621,90.98484802246094,91.0999984741211,60.82175827026367,100.0,4.1670823097229,37.19567057944276,193702.0,17.244232177734375,22.54803466796875,19.365737915039062,19.365753173828125,35.60000038146973
1972-03-18 11:37:40,24.063013076782227,84.03614044189453,120.34505081176758,90.98484802246094,90.4000015258789,60.82175827026367,100.0,4.170132637023926,35.687698721673655,193702.0,20.535308837890625,21.92245483398437,18.19618225097656,17.84259033203125,35.60000038146973
1972-03-18 11:37:41,24.018234252929688,84.03614044189453,120.39388275146484,90.98484802246094,89.80000305175781,60.82175827026367,100.0,4.173153400421143,38.37912945131028,193702.0,18.767364501953125,18.821746826171875,19.17535400390625,21.541671752929688,35.60000038146973
1972-03-18 11:37:42,23.96402931213379,83.91566467285156,120.99608993530273,90.98484802246094,90.8000030517578,60.82175827026367,100.0,4.175410270690918,34.54354665648099,193702.0,20.372116088867188,23.33680725097656,18.93055725097656,20.698486328125,35.60000038146973
1972-03-18 11:37:43,23.909046173095703,83.97590637207031,121.044921875,90.98484802246094,89.60000610351562,60.82175827026367,100.0,4.175388336181641,38.93558799817411,193702.0,15.993072509765623,23.9351806640625,15.285888671875,19.5289306640625,35.60000038146973
1972-03-18 11:37:44,23.90976905822754,83.97590637207031,120.81706237792969,90.98484802246094,90.4000015258789,60.82175827026367,100.0,4.180429458618164,38.75614595386501,193702.0,20.834503173828125,21.269683837890625,18.44097900390625,20.64410400390625,35.60000038146973
1972-03-18 11:37:45,24.030197143554688,84.03614044189453,121.29720306396484,90.98484802246094,90.0,60.82175827026367,100.0,4.184711456298828,39.33210096181016,193702.0,18.6585693359375,24.560760498046875,21.32406616210937,18.631378173828125,35.60000038146973
1972-03-18 11:37:46,24.15459442138672,84.03614044189453,120.90657043457031,90.98484802246094,89.80000305175781,60.82175827026367,100.0,4.186053276062012,36.90146884498408,193702.0,18.71298217773437,19.284149169921875,18.005783081054688,19.61053466796875,35.60000038146973
1972-03-18 11:37:47,24.21621322631836,84.03614044189453,121.21581649780273,90.98484802246094,89.5,60.82175827026367,100.0,4.190252304077148,37.32419805186878,193702.0,15.7210693359375,18.9305419921875,21.895263671875,17.516204833984375,35.60000038146973
1972-03-18 11:37:48,24.216419219970703,83.91566467285156,120.49967575073242,90.98484802246094,90.20000457763672,60.82175827026367,100.0,4.189294815063477,37.97074370344046,193702.0,21.296875,24.179977416992188,15.50347900390625,20.100128173828125,35.60000038146973
1972-03-18 11:37:49,24.23479652404785,83.97590637207031,121.34603118896484,90.98484802246094,90.3000030517578,60.82175827026367,100.0,4.188247680664063,38.669523476797956,193702.0,15.313079833984377,22.956024169921875,18.468170166015625,19.9913330078125,35.60000038146973
1972-03-18 11:37:50,24.26238441467285,84.03614044189453,120.73567581176758,90.98484802246094,89.70000457763672,60.82175827026367,100.0,4.194432258605957,39.08496426667019,193702.0,18.08740234375,21.242477416992188,17.597808837890625,19.14814758300781,35.60000038146973
1972-03-18 11:37:51,24.356430053710938,84.03614044189453,120.8984375,90.98484802246094,89.80000305175781,60.82175827026367,100.0,4.1969404220581055,38.73979990577757,193702.0,18.74017333984375,22.54803466796875,15.8570556640625,17.489013671875,35.60000038146973
1972-03-18 11:37:52,24.449254989624023,84.03614044189453,121.97266006469727,90.98484802246094,90.3000030517578,60.82175827026367,100.0,4.197958469390869,35.71786481845584,193702.0,19.52894592285156,23.28240966796875,16.700225830078125,19.2569580078125,35.60000038146973
1972-03-18 11:37:53,24.49786949157715,83.97590637207031,121.44368743896484,90.98484802246094,89.80000305175781,60.82175827026367,100.0,4.201825141906738,36.79041219364247,193702.0,18.468170166015625,19.800933837890625,18.14178466796875,19.47454833984375,35.60000038146973
1972-03-18 11:37:54,24.47146797180176,83.91566467285156,121.54134368896484,90.98484802246094,89.30000305175781,60.82175827026367,100.0,4.204228401184082,37.74717696990131,193702.0,20.018524169921875,22.4664306640625,17.516204833984375,17.461807250976562,35.60000038146973
1972-03-18 11:37:55,24.3813419342041,83.97590637207031,121.93196868896484,90.98484802246094,90.3000030517578,60.82175827026367,100.0,4.208023071289063,37.4359000676297,193702.0,18.359375,20.807281494140625,18.821746826171875,22.303253173828125,35.60000038146973
1972-03-18 11:37:56,24.306432723999023,84.09638214111328,120.94726943969727,90.98484802246094,89.80000305175781,60.82175827026367,100.0,4.207418441772461,38.12757883955761,193702.0,15.530670166015623,20.888885498046875,17.516204833984375,16.292236328125,35.60000038146973
1972-03-18 11:37:57,24.253293991088867,84.09638214111328,121.14258193969727,90.98484802246094,90.5,60.82175827026367,100.0,4.20745849609375,37.50028000793664,193702.0,20.372116088867188,19.365753173828125,21.432861328125,23.6632080078125,35.60000038146973
1972-03-18 11:37:58,24.235822677612305,84.03614044189453,121.3134765625,90.98484802246094,90.10000610351562,60.82175827026367,100.0,4.21107292175293,37.016832655848155,193702.0,14.143524169921877,23.744781494140625,22.11285400390625,16.509841918945312,35.60000038146973
1972-03-18 11:37:59,24.21494483947754,83.91566467285156,120.79264068603516,90.98484802246094,90.10000610351562,60.82175827026367,100.0,4.211747169494629,37.58601681448029,193702.0,22.085662841796875,20.58969116210937,19.066558837890625,21.78646850585937,35.60000038146973
1972-03-18 11:38:00,24.15938949584961,83.91566467285156,121.37043762207031,90.98484802246094,90.5999984741211,60.82175827026367,100.0,4.217479705810547,38.856651470124525,193702.0,18.60418701171875,25.73031616210937,19.474533081054688,17.978591918945312,35.60000038146973
1972-03-18 11:38:01,24.03374671936035,83.97590637207031,121.63899612426758,90.98484802246094,89.70000457763672,60.82175827026367,100.0,4.223212718963623,40.1432114569102,193702.0,19.47454833984375,18.14178466796875,19.12094116210937,22.956024169921875,35.60000038146973
1972-03-18 11:38:02,23.89208984375,84.03614044189453,121.79361724853516,90.98484802246094,90.10000610351562,60.82175827026367,100.0,4.228945732116699,38.41215531820318,193702.0,17.40740966796875,27.035888671875,19.58334350585937,16.265045166015625,35.60000038146973
1972-03-18 11:38:03,23.79039764404297,84.03614044189453,121.76106643676758,90.98484802246094,90.3000030517578,60.82175827026367,100.0,4.234678268432617,38.59733400571794,193702.0,13.30035400390625,20.64410400390625,22.65682983398437,25.159149169921875,35.60000038146973
1972-03-18 11:38:04,23.760160446166992,83.97590637207031,121.7041015625,90.98484802246094,89.5,60.82175827026367,100.0,4.240410804748535,37.631719635772725,193702.0,21.623275756835938,24.01678466796875,15.612274169921877,18.7945556640625,35.60000038146973
1972-03-18 11:38:05,23.78652572631836,83.97590637207031,117.5537109375,90.98484802246094,90.3000030517578,60.82175827026367,100.00360870361328,4.246143341064453,38.72045819938914,193702.0,18.25057983398437,19.447341918945312,20.91607666015625,21.7320556640625,35.60000038146973
1972-03-18 11:38:06,23.842050552368164,84.03614044189453,119.58007431030273,90.98484802246094,90.0,60.82175827026367,100.0,4.251876354217529,38.769708820752726,193702.0,18.767364501953125,22.493637084960938,18.604156494140625,21.024887084960938,35.60000038146973
1972-03-18 11:38:07,23.883251190185547,84.03614044189453,119.49870300292969,90.98484802246094,89.70000457763672,60.82175827026367,100.0,4.2576093673706055,39.80370807418991,193702.0,20.20892333984375,24.15277099609375,17.951385498046875,20.64410400390625,35.60000038146973
1972-03-18 11:38:08,23.872589111328125,84.03614044189453,118.96158981323242,90.98484802246094,89.70000457763672,60.82175827026367,100.0,4.263341903686523,37.94704042277666,193702.0,18.11459350585937,27.035888671875,19.284149169921875,21.94964599609375,35.60000038146973
1972-03-18 11:38:09,23.881553649902344,84.03614044189453,119.41731643676758,90.98484802246094,89.70000457763672,60.82175827026367,100.0,4.269074440002441,40.20536583410085,193702.0,19.58334350585937,22.52084350585937,21.296875,19.447341918945312,35.60000038146973
1972-03-18 11:38:10,23.938032150268555,83.97590637207031,119.70214462280273,90.98484802246094,89.80000305175781,60.82175827026367,100.0,4.274807453155518,37.889126844569304,193702.0,17.7882080078125,23.173614501953125,19.5289306640625,21.07928466796875,35.60000038146973
1972-03-18 11:38:11,24.07083320617676,83.97590637207031,119.921875,90.98484802246094,90.5,60.82175827026367,100.0,4.287137031555176,38.51067868278482,193702.0,20.8616943359375,23.853591918945312,23.11920166015625,21.35127258300781,35.60000038146973
1972-03-18 11:38:12,24.21758079528809,83.91566467285156,119.76725006103516,90.98484802246094,90.20000457763672,60.82175827026367,100.0,4.301000595092773,38.31031220241463,193702.0,17.597808837890625,22.24884033203125,20.2633056640625,19.556137084960938,35.60000038146973
1972-03-18 11:38:13,24.33701515197754,84.03614044189453,118.86392974853516,90.98484802246094,88.80000305175781,60.82175827026367,100.0,4.314244747161865,39.83689205112541,193702.0,20.34490966796875,15.965850830078123,16.129058837890625,22.167236328125,35.60000038146973
