time,feed_rate,classifier_speed,tension_pressure,mill_fan_speed,main_drive_speed,recirculation_damper_position,stack_damper_position,hotgas_generator_load,total_specific_energy,tonnage,roller_height_1,roller_height_2,roller_height_3,roller_height_4,roller_temperature
1970-11-29 17:50:00.994,29.207653045654297,95.96385192871094,185.57942962646484,83.63636016845703,81.80000305175781,61.23046875,99.94574737548828,33.53239440917969,36.13609807263292,42039.0,33.019683837890625,27.38946533203125,19.909713745117188,22.92880249023437,42.07499980926514
1970-11-29 17:50:01.992,29.076801300048828,95.96385192871094,186.7106170654297,83.56060028076172,81.80000305175781,61.23046875,99.94574737548828,33.57746505737305,37.92813385025456,42039.0,31.36053466796875,25.703125,23.69038391113281,24.96875,42.07499980926514
1970-11-29 17:50:03.004,28.89116096496582,95.96385192871094,187.1663436889648,83.56060028076172,81.5999984741211,61.23046875,99.94574737548828,33.601158142089844,37.19042384416116,42039.0,32.6116943359375,28.722213745117188,25.947906494140625,26.192703247070312,42.07499980926514
1970-11-29 17:50:03.992,28.89116096496582,95.96385192871094,187.1663436889648,83.56060028076172,81.5999984741211,61.23046875,99.94574737548828,33.601158142089844,37.19042384416116,42039.0,32.6116943359375,28.722213745117188,25.947906494140625,26.192703247070312,42.07499980926514
1970-11-29 17:50:04.990,28.872886657714844,95.90361785888672,187.99642181396484,83.63636016845703,82.0999984741211,61.23046875,99.94574737548828,33.640342712402344,36.64919167419533,42039.0,32.53009033203125,28.09663391113281,25.73031616210937,24.42475891113281,42.07499980926514
1970-11-29 17:50:06.003,28.88070106506348,96.02409362792967,187.73600006103516,83.63636016845703,82.20000457763672,61.23046875,99.94574737548828,33.6800651550293,35.79178730673126,42039.0,33.400482177734375,28.776611328125,24.42475891113281,26.49188232421875,42.07499980926514
1970-11-29 17:50:07.002,28.88070106506348,96.02409362792967,187.73600006103516,83.63636016845703,82.20000457763672,61.23046875,99.94574737548828,33.6800651550293,35.79178730673126,42039.0,33.400482177734375,28.776611328125,24.42475891113281,26.49188232421875,42.07499980926514
1970-11-29 17:50:07.990,28.701141357421875,96.08433532714844,187.32909393310547,83.56060028076172,82.20000457763672,61.23046875,99.94574737548828,33.7035026550293,36.03011058726457,42039.0,34.6788330078125,27.797439575195312,24.53355407714844,28.12384033203125,42.07499980926514
1970-11-29 17:50:08.991,28.599102020263672,95.96385192871094,188.10221099853516,83.56060028076172,82.5,61.23046875,99.94574737548828,33.74131393432617,37.35299075653824,42039.0,35.304412841796875,28.69500732421875,27.770248413085938,23.79917907714844,42.07499980926514
1970-11-29 17:50:09.992,28.599102020263672,95.96385192871094,188.10221099853516,83.56060028076172,82.5,61.23046875,99.94574737548828,33.74131393432617,37.35299075653824,42039.0,35.304412841796875,28.69500732421875,27.770248413085938,23.79917907714844,42.07499980926514
1970-11-29 17:50:10.990,28.713483810424805,96.02409362792967,187.1337890625,83.63636016845703,81.69999694824219,61.23046875,99.94574737548828,33.782928466796875,37.08991715565192,42039.0,33.99884033203125,25.567108154296875,22.765625,27.19906616210937,42.07499980926514
1970-11-29 17:50:11.994,28.88598823547364,95.90361785888672,186.93033599853516,83.63636016845703,82.20000457763672,61.23046875,99.94574737548828,33.80286407470703,36.96313393236403,42039.0,33.618072509765625,31.76850891113281,25.104736328125,20.91607666015625,42.07499980926514
1970-11-29 17:50:13.004,28.88598823547364,95.90361785888672,186.93033599853516,83.63636016845703,82.20000457763672,61.23046875,99.94574737548828,33.80286407470703,36.96313393236403,42039.0,33.618072509765625,31.76850891113281,25.104736328125,20.91607666015625,42.07499980926514
1970-11-29 17:50:13.992,28.892553329467773,95.96385192871094,187.84993743896484,83.56060028076172,82.0999984741211,61.23046875,99.94574737548828,33.8409423828125,39.183136091920666,42039.0,35.90278625488281,28.85821533203125,26.2742919921875,23.309600830078125,42.07499980926514
1970-11-29 17:50:14.991,28.88209342956543,96.08433532714844,186.328125,83.56060028076172,83.0,61.23046875,99.94574737548828,33.87545394897461,36.645365785847616,42039.0,34.21644592285156,28.531814575195312,23.880767822265625,23.826385498046875,42.04999923706055
1970-11-29 17:50:16.001,28.88209342956543,96.08433532714844,186.328125,83.56060028076172,83.0,61.23046875,99.94574737548828,33.87545394897461,36.645365785847616,42039.0,34.21644592285156,28.531814575195312,23.880767822265625,23.826385498046875,42.04999923706055
1970-11-29 17:50:17.002,29.039203643798828,96.1445770263672,186.09212493896484,83.63636016845703,81.9000015258789,61.23046875,99.94574737548828,33.88691711425781,37.206224327427705,42039.0,32.502899169921875,25.077545166015625,22.19442749023437,24.01678466796875,42.07499980926514
1970-11-29 17:50:17.995,29.07238006591797,95.84337615966795,185.92935943603516,83.63636016845703,80.69999694824219,61.23046875,99.94574737548828,33.911033630371094,37.47454636111348,42039.0,32.802093505859375,25.02313232421875,22.520828247070312,22.140045166015625,42.07499980926514
1970-11-29 17:50:19.005,29.07238006591797,95.84337615966795,185.92935943603516,83.63636016845703,80.69999694824219,61.23046875,99.94574737548828,33.911033630371094,37.47454636111348,42039.0,32.802093505859375,25.02313232421875,22.520828247070312,22.140045166015625,42.07499980926514
1970-11-29 17:50:20.003,28.93288993835449,95.90361785888672,187.17447662353516,83.56060028076172,82.0,61.23046875,99.94574737548828,33.95097351074219,36.69995194858097,42039.0,31.768524169921875,26.35589599609375,25.431121826171875,25.67591857910156,42.07499980926514
1970-11-29 17:50:21.002,28.86703109741211,96.26506042480467,186.00260162353516,83.56060028076172,81.80000305175781,61.23046875,99.94574737548828,33.96112060546875,37.208631352794825,42039.0,31.578125,29.320587158203125,22.95600891113281,22.68402099609375,42.07499980926514
1970-11-29 17:50:22.991,28.972871780395508,96.08433532714844,189.10317993164065,83.56060028076172,83.20000457763672,61.23046875,99.94574737548828,33.98175811767578,34.18513746657451,42039.0,34.787628173828125,28.450225830078125,27.6070556640625,29.102996826171875,42.07499980926514
1970-11-29 17:50:22.000,28.86703109741211,96.26506042480467,186.00260162353516,83.56060028076172,81.80000305175781,61.23046875,99.94574737548828,33.96112060546875,37.208631352794825,42039.0,31.578125,29.320587158203125,22.95600891113281,22.68402099609375,42.07499980926514
1970-11-29 17:50:23.993,28.958398818969727,95.78313446044922,187.76854705810547,83.63636016845703,82.9000015258789,61.23046875,99.94574737548828,34.00189208984375,37.04910199155728,42039.0,34.59722900390625,26.111099243164062,26.49188232421875,27.117462158203125,42.04999923706055
1970-11-29 17:50:25.005,28.958398818969727,95.78313446044922,187.76854705810547,83.63636016845703,82.9000015258789,61.23046875,99.94574737548828,34.00189208984375,37.04910199155728,42039.0,34.59722900390625,26.111099243164062,26.49188232421875,27.117462158203125,42.04999923706055
1970-11-29 17:50:25.991,28.852611541748047,95.96385192871094,187.9150390625,83.56060028076172,82.80000305175781,61.23046875,99.94574737548828,34.0104866027832,37.340251038568056,42039.0,34.515625,30.245361328125,27.52545166015625,25.73031616210937,42.07499980926514
1970-11-29 17:50:26.991,28.84235000610352,96.02409362792967,186.81640625,83.56060028076172,82.0999984741211,61.23046875,99.9493637084961,34.03199005126953,37.49077306000952,42039.0,34.379638671875,28.80380249023437,25.648712158203125,23.55438232421875,42.04999923706055
1970-11-29 17:50:28.001,28.84235000610352,96.02409362792967,186.81640625,83.56060028076172,82.0999984741211,61.23046875,99.9493637084961,34.03199005126953,37.49077306000952,42039.0,34.379638671875,28.80380249023437,25.648712158203125,23.55438232421875,42.04999923706055
1970-11-29 17:50:28.991,28.97380447387696,95.96385192871094,186.5559844970703,83.63636016845703,82.30000305175781,61.23046875,99.94574737548828,34.03838348388672,38.977583137170576,42039.0,34.46124267578125,32.448486328125,25.5399169921875,18.98495483398437,42.07499980926514
1970-11-29 17:50:29.992,28.91698455810547,96.08433532714844,185.1155548095703,83.63636016845703,81.0999984741211,61.23046875,99.94574737548828,34.04853057861328,38.57359439735086,42039.0,34.787628173828125,28.314224243164062,23.962371826171875,19.420135498046875,42.04999923706055
1970-11-29 17:50:31.991,28.806686401367188,95.96385192871094,185.88053131103516,83.63636016845703,81.19999694824219,61.23046875,99.94574737548828,34.07075500488281,38.29994530887903,42039.0,34.134857177734375,28.531814575195312,23.826385498046875,24.778350830078125,42.04999923706055
1970-11-29 17:50:31.000,28.806686401367188,95.96385192871094,185.88053131103516,83.63636016845703,81.19999694824219,61.23046875,99.94574737548828,34.07075500488281,38.29994530887903,42039.0,34.134857177734375,28.531814575195312,23.826385498046875,24.778350830078125,42.04999923706055
1970-11-29 17:50:33.003,28.855934143066406,96.02409362792967,184.7574920654297,83.56060028076172,81.19999694824219,61.23046875,99.94574737548828,34.06559371948242,36.88239796626571,42039.0,30.76216125488281,31.469314575195312,23.52719116210937,18.767364501953125,42.04999923706055
1970-11-29 17:50:33.991,29.03645706176757,95.96385192871094,185.9130859375,83.56060028076172,81.5999984741211,61.23046875,99.9493637084961,34.05289840698242,36.240862100654354,42039.0,33.99884033203125,28.85821533203125,24.26156616210937,25.24072265625,42.04999923706055
1970-11-29 17:50:35.005,29.03645706176757,95.96385192871094,185.9130859375,83.56060028076172,81.5999984741211,61.23046875,99.9493637084961,34.05289840698242,36.240862100654354,42039.0,33.99884033203125,28.85821533203125,24.26156616210937,25.24072265625,42.04999923706055
1970-11-29 17:50:35.993,29.019933700561523,96.08433532714844,187.6953125,83.63636016845703,82.0,61.23046875,99.9493637084961,34.06965255737305,36.92477556232571,42039.0,31.65972900390625,29.157394409179688,27.19906616210937,25.97509765625,42.04999923706055
1970-11-29 17:50:37.991,28.911285400390625,96.1445770263672,188.1266326904297,83.56060028076172,81.9000015258789,61.23046875,99.9493637084961,34.07270431518555,38.29369659529326,42039.0,33.618072509765625,29.755767822265625,30.02777099609375,27.579864501953125,42.04999923706055
1970-11-29 17:50:37.000,28.911285400390625,96.1445770263672,188.1266326904297,83.56060028076172,81.9000015258789,61.23046875,99.9493637084961,34.07270431518555,38.29369659529326,42039.0,33.618072509765625,29.755767822265625,30.02777099609375,27.579864501953125,42.04999923706055
1970-11-29 17:50:38.990,28.923337936401367,95.96385192871094,187.5,83.63636016845703,82.0,61.23046875,99.94574737548828,34.05645751953125,36.49622705749788,42039.0,32.25811767578125,30.789337158203125,25.67591857910156,26.083892822265625,42.02499961853027
1970-11-29 17:50:40.001,29.003456115722656,95.90361785888672,187.01985931396484,83.56060028076172,81.5999984741211,61.23046875,99.9493637084961,34.06705474853516,38.19326096969623,42039.0,34.869232177734375,28.640625,26.165496826171875,27.552642822265625,42.02499961853027
1970-11-29 17:50:40.995,29.003456115722656,95.90361785888672,187.01985931396484,83.56060028076172,81.5999984741211,61.23046875,99.9493637084961,34.06705474853516,38.19326096969623,42039.0,34.869232177734375,28.640625,26.165496826171875,27.552642822265625,42.02499961853027
1970-11-29 17:50:41.994,28.899560928344727,95.90361785888672,186.39322662353516,83.56060028076172,82.80000305175781,61.23046875,99.9493637084961,34.049156188964844,37.74678737220982,42039.0,37.37153625488281,30.29975891113281,25.26792907714844,23.309600830078125,42.04999923706055
1970-11-29 17:50:42.994,28.770309448242188,95.96385192871094,186.7757110595703,83.56060028076172,81.80000305175781,61.23046875,99.9493637084961,34.05187225341797,37.77482204900474,42039.0,36.36517333984375,31.578125,29.701385498046875,21.92245483398437,42.02499961853027
1970-11-29 17:50:44.002,28.770309448242188,95.96385192871094,186.7757110595703,83.56060028076172,81.80000305175781,61.23046875,99.9493637084961,34.05187225341797,37.77482204900474,42039.0,36.36517333984375,31.578125,29.701385498046875,21.92245483398437,42.02499961853027
1970-11-29 17:50:44.994,28.7918643951416,96.1445770263672,184.5947265625,83.63636016845703,81.69999694824219,61.23046875,99.94574737548828,34.05767059326172,38.492987817541554,42039.0,33.80845642089844,27.09027099609375,21.51446533203125,21.51446533203125,42.02499961853027
1970-11-29 17:50:45.994,28.845304489135746,96.02409362792967,185.29459381103516,83.56060028076172,81.4000015258789,61.23046875,99.9493637084961,34.057762145996094,38.72632867796181,42039.0,31.850128173828125,27.38946533203125,24.26156616210937,25.050338745117188,42.02499961853027
1970-11-29 17:50:46.991,28.845304489135746,96.02409362792967,185.29459381103516,83.56060028076172,81.4000015258789,61.23046875,99.9493637084961,34.057762145996094,38.72632867796181,42039.0,31.850128173828125,27.38946533203125,24.26156616210937,25.050338745117188,42.02499961853027
1970-11-29 17:50:48.003,28.75922203063965,95.84337615966795,185.57942962646484,83.56060028076172,82.30000305175781,61.23046875,99.9493637084961,34.070919036865234,37.584820383715076,42039.0,30.73495483398437,31.4149169921875,25.077545166015625,23.255203247070312,42.02499961853027
1970-11-29 17:50:49.001,28.70981788635254,96.02409362792967,185.9456329345703,83.56060028076172,82.4000015258789,61.23046875,99.9493637084961,34.06920623779297,36.81366228341307,42039.0,32.69329833984375,29.40219116210937,23.608795166015625,28.287017822265625,42.02499961853027
1970-11-29 17:50:50.000,28.70981788635254,96.02409362792967,185.9456329345703,83.56060028076172,82.4000015258789,61.23046875,99.9493637084961,34.06920623779297,36.81366228341307,42039.0,32.69329833984375,29.40219116210937,23.608795166015625,28.287017822265625,42.02499961853027
1970-11-29 17:50:51.005,28.909698486328125,96.02409362792967,186.67806243896484,83.56060028076172,81.5999984741211,61.23046875,99.9493637084961,34.075660705566406,36.76642791242177,42039.0,28.9398193359375,28.39581298828125,28.83100891113281,28.80380249023437,42.02499961853027
1970-11-29 17:50:52.001,29.004623413085938,95.90361785888672,186.82454681396484,83.63636016845703,82.20000457763672,61.23046875,99.9493637084961,34.0888557434082,34.90990753069553,42039.0,31.904525756835938,30.952545166015625,29.89178466796875,20.888885498046875,42.02499961853027
1970-11-29 17:50:52.995,29.004623413085938,95.90361785888672,186.82454681396484,83.63636016845703,82.20000457763672,61.23046875,99.9493637084961,34.0888557434082,34.90990753069553,42039.0,31.904525756835938,30.952545166015625,29.89178466796875,20.888885498046875,42.02499961853027
1970-11-29 17:50:54.004,28.98830795288086,96.1445770263672,188.10221099853516,83.63636016845703,83.0999984741211,61.23046875,99.9493637084961,34.09791564941406,36.29712093954148,42039.0,34.488433837890625,30.952545166015625,29.42938232421875,23.28240966796875,42.02499961853027
1970-11-29 17:50:55.002,28.98004531860352,96.08433532714844,186.66178131103516,83.56060028076172,82.20000457763672,61.23046875,99.9493637084961,34.10963821411133,38.36792908201915,42039.0,34.76043701171875,29.67417907714844,25.62152099609375,26.62788391113281,42.02499961853027
1970-11-29 17:50:55.991,28.98004531860352,96.08433532714844,186.66178131103516,83.56060028076172,82.20000457763672,61.23046875,99.9493637084961,34.10963821411133,38.36792908201915,42039.0,34.76043701171875,29.67417907714844,25.62152099609375,26.62788391113281,42.02499961853027
1970-11-29 17:50:56.995,29.078697204589844,95.84337615966795,186.13282012939447,83.56060028076172,82.5,61.23046875,99.9493637084961,34.11573791503906,37.204063044500934,42039.0,35.68519592285156,32.93806457519531,26.927078247070312,24.343170166015625,42.02499961853027
1970-11-29 17:50:58.001,29.006805419921875,96.02409362792967,186.53971099853516,83.56060028076172,82.70000457763672,61.23046875,99.94574737548828,34.12677764892578,37.98442298486578,42039.0,35.304412841796875,32.96527099609375,25.13192749023437,23.5,42.02499961853027
1970-11-29 17:50:58.992,29.006805419921875,96.02409362792967,186.53971099853516,83.56060028076172,82.70000457763672,61.23046875,99.94574737548828,34.12677764892578,37.98442298486578,42039.0,35.304412841796875,32.96527099609375,25.13192749023437,23.5,42.02499961853027
1970-11-29 17:50:59.992,28.84723854064941,96.08433532714844,186.01888275146484,83.63636016845703,81.0999984741211,61.23046875,99.9493637084961,34.14875793457031,37.750461725039,42039.0,32.203704833984375,26.954269409179688,26.49188232421875,23.962371826171875,42.02499961853027
1970-11-29 17:51:00.993,28.78451538085937,95.90361785888672,184.2529296875,83.63636016845703,81.0,61.23046875,99.9493637084961,34.15520095825195,38.10648770529606,42039.0,33.91725158691406,30.02777099609375,23.55438232421875,27.035873413085938,42.02499961853027
1970-11-29 17:51:02.000,28.78451538085937,95.90361785888672,184.2529296875,83.63636016845703,81.0,61.23046875,99.9493637084961,34.15520095825195,38.10648770529606,42039.0,33.91725158691406,30.02777099609375,23.55438232421875,27.035873413085938,42.02499961853027
1970-11-29 17:51:03.005,28.88486862182617,95.96385192871094,184.28548431396484,83.63636016845703,80.9000015258789,61.23046875,99.9493637084961,34.16448211669922,38.27098261422518,42039.0,30.898162841796875,27.797439575195312,25.077545166015625,25.62152099609375,42.02499961853027
1970-11-29 17:51:03.992,28.86010932922364,96.02409362792967,186.03515625,83.56060028076172,82.0,61.23046875,99.9493637084961,34.18800354003906,35.925829136708586,42039.0,32.85649108886719,28.232635498046875,25.811920166015625,22.357635498046875,42.02499961853027
1970-11-29 17:51:05.003,28.86010932922364,96.02409362792967,186.03515625,83.56060028076172,82.0,61.23046875,99.9493637084961,34.18800354003906,35.925829136708586,42039.0,32.85649108886719,28.232635498046875,25.811920166015625,22.357635498046875,42.02499961853027
1970-11-29 17:51:05.991,28.757476806640625,95.96385192871094,184.35872650146484,83.63636016845703,82.9000015258789,61.23046875,99.9493637084961,34.193992614746094,34.66602087920834,42039.0,34.352447509765625,30.40855407714844,19.74652099609375,27.47105407714844,42.02499961853027
1970-11-29 17:51:06.994,28.808387756347656,96.08433532714844,185.0748748779297,83.63636016845703,82.5,61.23046875,99.9493637084961,34.208919525146484,36.19402217653569,42039.0,34.97802734375,29.102996826171875,22.65682983398437,26.1383056640625,42.02499961853027
1970-11-29 17:51:07.994,28.808387756347656,96.08433532714844,185.0748748779297,83.63636016845703,82.5,61.23046875,99.9493637084961,34.208919525146484,36.19402217653569,42039.0,34.97802734375,29.102996826171875,22.65682983398437,26.1383056640625,42.02499961853027
1970-11-29 17:51:08.990,28.91900062561035,96.20481872558594,186.1165313720703,83.63636016845703,81.4000015258789,61.23046875,99.9493637084961,34.23086166381836,38.76939523021049,42039.0,36.12037658691406,30.16375732421875,28.395828247070312,26.818267822265625,42.02499961853027
1970-11-29 17:51:09.994,28.89393615722656,95.90361785888672,185.44921875,83.56060028076172,81.5999984741211,61.23046875,99.9493637084961,34.23320770263672,38.532769185352926,42039.0,33.86285400390625,29.102996826171875,26.165496826171875,23.907989501953125,42.02499961853027
1970-11-29 17:51:10.991,28.89393615722656,95.90361785888672,185.44921875,83.56060028076172,81.5999984741211,61.23046875,99.9493637084961,34.23320770263672,38.532769185352926,42039.0,33.86285400390625,29.102996826171875,26.165496826171875,23.907989501953125,42.02499961853027
1970-11-29 17:51:11.991,28.847034454345703,95.84337615966795,185.94564056396484,83.56060028076172,82.30000305175781,61.23046875,99.9493637084961,34.24889373779297,36.407008418454346,42039.0,35.522003173828125,28.99420166015625,27.79745483398437,25.15913391113281,42.02499961853027
1970-11-29 17:51:12.994,28.92589569091797,96.20481872558594,186.04329681396484,83.63636016845703,82.5,61.23046875,99.9493637084961,34.26839065551758,36.471474465068745,42039.0,32.366912841796875,30.87094116210937,27.634246826171875,22.24884033203125,42.02499961853027
1970-11-29 17:51:14.001,28.92589569091797,96.20481872558594,186.04329681396484,83.63636016845703,82.5,61.23046875,99.9493637084961,34.26839065551758,36.471474465068745,42039.0,32.366912841796875,30.87094116210937,27.634246826171875,22.24884033203125,42.02499961853027
1970-11-29 17:51:15.005,29.02999496459961,96.1445770263672,184.73307037353516,83.63636016845703,81.80000305175781,61.23046875,99.9493637084961,34.27600860595703,38.09669070027105,42039.0,33.971649169921875,30.218170166015625,25.567123413085938,28.80380249023437,42.02499961853027
1970-11-29 17:51:15.994,28.98231506347656,95.84337615966795,186.34439849853516,83.56060028076172,82.30000305175781,61.23046875,99.9493637084961,34.281105041503906,37.74683858196206,42039.0,34.29803466796875,27.6070556640625,27.552642822265625,28.722213745117188,42.02499961853027
1970-11-29 17:51:17.002,28.98231506347656,95.84337615966795,186.34439849853516,83.56060028076172,82.30000305175781,61.23046875,99.9493637084961,34.281105041503906,37.74683858196206,42039.0,34.29803466796875,27.6070556640625,27.552642822265625,28.722213745117188,42.02499961853027
1970-11-29 17:51:17.993,28.91301345825196,95.84337615966795,185.1725311279297,83.56060028076172,81.9000015258789,61.23046875,99.9493637084961,34.30411148071289,36.98298025443528,42039.0,30.707763671875,27.90625,26.00230407714844,23.41839599609375,42.02499961853027
1970-11-29 17:51:18.992,28.99391365051269,96.1445770263672,185.9212265014648,83.56060028076172,81.80000305175781,61.23046875,99.9493637084961,34.311283111572266,37.16073252562749,42040.0,33.72686767578125,28.66781616210937,23.173614501953125,26.65509033203125,42.02499961853027
1970-11-29 17:51:19.990,28.99391365051269,96.1445770263672,185.9212265014648,83.56060028076172,81.80000305175781,61.23046875,99.9493637084961,34.311283111572266,37.16073252562749,42040.0,33.72686767578125,28.66781616210937,23.173614501953125,26.65509033203125,42.02499961853027
1970-11-29 17:51:20.990,29.023361206054688,96.08433532714844,186.22232818603516,83.63636016845703,82.0999984741211,61.23046875,99.9493637084961,34.32327651977539,39.3639173008425,42040.0,36.41957092285156,31.469314575195312,25.59432983398437,29.755767822265625,42.02499961853027
1970-11-29 17:51:21.995,28.90447235107422,95.90361785888672,186.80826568603516,83.63636016845703,82.4000015258789,61.23046875,99.9493637084961,34.3349609375,37.226426772972474,42040.0,33.318878173828125,30.925338745117188,28.586212158203125,26.49188232421875,42.02499961853027
1970-11-29 17:51:23.000,28.90447235107422,95.90361785888672,186.80826568603516,83.63636016845703,82.4000015258789,61.23046875,99.9493637084961,34.3349609375,37.226426772972474,42040.0,33.318878173828125,30.925338745117188,28.586212158203125,26.49188232421875,42.02499961853027
1970-11-29 17:51:24.004,28.81211853027344,95.90361785888672,184.6761093139648,83.63636016845703,82.0,61.23046875,99.9493637084961,34.34456253051758,37.44271357688757,42040.0,36.17477416992188,27.851837158203125,26.682281494140625,22.38482666015625,42.02499961853027
1970-11-29 17:51:24.994,28.877655029296875,95.96385192871094,185.4817657470703,83.56060028076172,82.5,61.23046875,99.9493637084961,34.357749938964844,36.0565351546029,42040.0,37.77952575683594,25.45831298828125,27.715850830078125,25.839111328125,42.02499961853027
1970-11-29 17:51:25.994,28.877655029296875,95.96385192871094,185.4817657470703,83.56060028076172,82.5,61.23046875,99.9493637084961,34.357749938964844,36.0565351546029,42040.0,37.77952575683594,25.45831298828125,27.715850830078125,25.839111328125,42.02499961853027
1970-11-29 17:51:26.994,28.86410140991211,96.1445770263672,185.8723907470703,83.56060028076172,81.5999984741211,61.23046875,99.9493637084961,34.37332534790039,38.14223653551004,42040.0,35.68519592285156,27.117462158203125,26.95428466796875,25.050338745117188,42.02499961853027
1970-11-29 17:51:27.992,28.797550201416016,95.96385192871094,185.90494537353516,83.56060028076172,82.70000457763672,61.23046875,99.9493637084961,34.38376998901367,37.87505101598136,42040.0,34.488433837890625,30.84375,24.370361328125,26.2742919921875,42.02499961853027
1970-11-29 17:51:29.001,28.797550201416016,95.96385192871094,185.90494537353516,83.56060028076172,82.70000457763672,61.23046875,99.9493637084961,34.38376998901367,37.87505101598136,42040.0,34.488433837890625,30.84375,24.370361328125,26.2742919921875,42.02499961853027
1970-11-29 17:51:29.993,28.751632690429688,95.96385192871094,185.00162506103516,83.56060028076172,81.80000305175781,61.23046875,99.9493637084961,34.3947639465332,39.00977581733374,42040.0,33.72686767578125,31.76850891113281,26.62788391113281,23.635986328125,42.02499961853027
1970-11-29 17:51:30.995,28.87677574157715,96.1445770263672,186.0677032470703,83.63636016845703,81.80000305175781,61.23046875,99.9493637084961,34.409481048583984,38.13506302317998,42040.0,32.99249267578125,29.29339599609375,22.357635498046875,28.69500732421875,42.02499961853027
1970-11-29 17:51:32.001,28.87677574157715,96.1445770263672,186.0677032470703,83.63636016845703,81.80000305175781,61.23046875,99.9493637084961,34.409481048583984,38.13506302317998,42040.0,32.99249267578125,29.29339599609375,22.357635498046875,28.69500732421875,42.02499961853027
1970-11-29 17:51:32.994,28.906538009643555,96.02409362792967,186.669921875,83.56060028076172,81.5999984741211,61.23046875,99.9493637084961,34.4220085144043,37.42494053750388,42040.0,33.91725158691406,27.688644409179688,22.765625,28.66781616210937,42.02499961853027
1970-11-29 17:51:33.995,28.84504127502441,95.96385192871094,188.00454711914065,83.56060028076172,82.30000305175781,61.23046875,99.9493637084961,34.4299201965332,36.7319107466593,42040.0,30.92535400390625,31.06134033203125,23.608795166015625,24.8055419921875,42.02499961853027
1970-11-29 17:51:35.004,28.84504127502441,95.96385192871094,188.00454711914065,83.56060028076172,82.30000305175781,61.23046875,99.9493637084961,34.4299201965332,36.7319107466593,42040.0,30.92535400390625,31.06134033203125,23.608795166015625,24.8055419921875,42.02499961853027
1970-11-29 17:51:36.004,28.84115028381348,96.08433532714844,188.3626251220703,83.56060028076172,82.4000015258789,61.23046875,99.9493637084961,34.445552825927734,36.850968010264346,42040.0,33.645263671875,29.048599243164062,26.573486328125,27.171875,42.02499961853027
1970-11-29 17:51:36.994,28.996002197265625,95.96385192871094,189.5670623779297,83.63636016845703,82.0999984741211,61.23046875,99.9493637084961,34.45856475830078,38.08772868974184,42040.0,36.90914916992188,30.054962158203125,26.818267822265625,27.770248413085938,42.02499961853027
1970-11-29 17:51:38.003,28.996002197265625,95.96385192871094,189.5670623779297,83.63636016845703,82.0999984741211,61.23046875,99.9493637084961,34.45856475830078,38.08772868974184,42040.0,36.90914916992188,30.054962158203125,26.818267822265625,27.770248413085938,42.02499961853027
1970-11-29 17:51:38.997,29.020973205566406,95.90361785888672,191.71549224853516,83.56060028076172,82.5,61.23046875,99.9493637084961,34.47074508666992,37.5128844900557,42040.0,33.26446533203125,26.00230407714844,29.102996826171875,22.98321533203125,42.02499961853027
1970-11-29 17:51:40.001,28.961299896240234,96.08433532714844,191.83756256103516,83.63636016845703,81.5,61.23046875,99.9493637084961,34.49565887451172,38.20126748692148,42040.0,34.97802734375,30.6805419921875,27.416656494140625,18.440963745117188,42.02499961853027
1970-11-29 17:51:40.995,28.961299896240234,96.08433532714844,191.83756256103516,83.63636016845703,81.5,61.23046875,99.9493637084961,34.49565887451172,38.20126748692148,42040.0,34.97802734375,30.6805419921875,27.416656494140625,18.440963745117188,42.02499961853027
1970-11-29 17:51:41.994,29.007612228393555,96.1445770263672,191.03189849853516,83.63636016845703,81.0,61.23046875,99.9493637084961,34.508506774902344,38.72168006731568,42040.0,31.414947509765625,28.287017822265625,25.811920166015625,26.60067749023437,42.02499961853027
1970-11-29 17:51:42.994,29.07678604125977,95.90361785888672,188.1591796875,83.63636016845703,82.70000457763672,61.23046875,99.9493637084961,34.534210205078125,36.45961543129014,42040.0,33.07408142089844,30.435760498046875,25.89350891113281,23.962371826171875,42.02499961853027
1970-11-29 17:51:44.002,29.07678604125977,95.90361785888672,188.1591796875,83.63636016845703,82.70000457763672,61.23046875,99.9493637084961,34.534210205078125,36.45961543129014,42040.0,33.07408142089844,30.435760498046875,25.89350891113281,23.962371826171875,42.02499961853027
1970-11-29 17:51:45.003,29.00923156738281,95.84337615966795,189.6403045654297,83.56060028076172,82.20000457763672,61.23046875,99.9493637084961,34.559913635253906,37.34279191162818,42040.0,32.176513671875,28.39581298828125,25.59432983398437,26.35589599609375,42.02499961853027
1970-11-29 17:51:45.995,28.87906837463379,96.02409362792967,186.4583358764648,83.56060028076172,81.30000305175781,61.23046875,99.94574737548828,34.57276153564453,37.169056180032044,42040.0,33.536468505859375,27.6070556640625,22.68402099609375,27.117462158203125,42.02499961853027
1970-11-29 17:51:46.995,28.87906837463379,96.02409362792967,186.4583358764648,83.56060028076172,81.30000305175781,61.23046875,99.94574737548828,34.57276153564453,37.169056180032044,42040.0,33.536468505859375,27.6070556640625,22.68402099609375,27.117462158203125,42.02499961853027
1970-11-29 17:51:48.002,28.89096450805664,96.1445770263672,187.54068756103516,83.56060028076172,80.80000305175781,61.23046875,99.9493637084961,34.59846496582031,38.758872175993616,42040.0,32.25811767578125,25.512725830078125,23.77197265625,29.130203247070312,42.02499961853027
1970-11-29 17:51:49.001,28.90250015258789,95.96385192871094,187.98828125,83.63636016845703,82.0,61.23046875,99.9493637084961,34.624168395996094,36.74801814582946,42040.0,30.02778625488281,25.295135498046875,24.343170166015625,23.71759033203125,42.02499961853027
1970-11-29 17:51:49.994,28.90250015258789,95.96385192871094,187.98828125,83.63636016845703,82.0,61.23046875,99.9493637084961,34.624168395996094,36.74801814582946,42040.0,30.02778625488281,25.295135498046875,24.343170166015625,23.71759033203125,42.02499961853027
1970-11-29 17:51:51.992,28.689918518066406,96.08433532714844,187.9231719970703,83.63636016845703,82.0999984741211,61.23046875,99.9493637084961,34.6627197265625,37.436861328911874,42040.0,35.603607177734375,27.063064575195312,22.38482666015625,25.567123413085938,42.02499961853027
1970-11-29 17:51:51.000,28.78926467895508,95.84337615966795,188.11849212646484,83.63636016845703,82.70000457763672,61.23046875,99.9493637084961,34.63701629638672,38.2468670385705,42040.0,33.618072509765625,28.749420166015625,26.8726806640625,27.7430419921875,42.02499961853027
1970-11-29 17:51:52.994,28.689918518066406,96.08433532714844,187.9231719970703,83.63636016845703,82.0999984741211,61.23046875,99.9493637084961,34.6627197265625,37.436861328911874,42040.0,35.603607177734375,27.063064575195312,22.38482666015625,25.567123413085938,42.02499961853027
1970-11-29 17:51:53.995,28.75181007385254,96.08433532714844,188.1591796875,83.56060028076172,81.0999984741211,61.23046875,99.9493637084961,34.69575119018555,39.056313261527336,42040.0,33.019683837890625,24.88714599609375,28.395828247070312,24.45196533203125,42.02499961853027
1970-11-29 17:51:54.990,28.8034610748291,95.90361785888672,188.69629669189447,83.56060028076172,82.0,61.23046875,99.9493637084961,34.708683013916016,37.335935580154015,42040.0,34.21644592285156,27.987838745117188,25.431121826171875,19.44732666015625,42.02499961853027
1970-11-29 17:51:55.991,28.8034610748291,95.90361785888672,188.69629669189447,83.56060028076172,82.0,61.23046875,99.9493637084961,34.708683013916016,37.335935580154015,42040.0,34.21644592285156,27.987838745117188,25.431121826171875,19.44732666015625,42.02499961853027
1970-11-29 17:51:56.994,28.82019424438477,96.20481872558594,186.8896484375,83.63636016845703,81.80000305175781,61.23046875,99.9493637084961,34.73454666137695,37.84798017641466,42040.0,36.31077575683594,30.27255249023437,22.629623413085938,23.173614501953125,42.02499961853027
1970-11-29 17:51:57.994,28.866050720214844,96.08433532714844,188.39517974853516,83.63636016845703,82.0,61.23046875,99.9493637084961,34.7628173828125,37.5859881946256,42040.0,32.938079833984375,28.85821533203125,23.907989501953125,26.165496826171875,42.02499961853027
1970-11-29 17:51:58.994,28.866050720214844,96.08433532714844,188.39517974853516,83.63636016845703,82.0,61.23046875,99.9493637084961,34.7628173828125,37.5859881946256,42040.0,32.938079833984375,28.85821533203125,23.907989501953125,26.165496826171875,42.02499961853027
1970-11-29 17:51:59.990,28.955551147460938,95.96385192871094,188.46842193603516,83.56060028076172,82.70000457763672,61.23046875,99.9493637084961,34.780643463134766,36.86330535283203,42040.0,29.782989501953125,34.026031494140625,27.715850830078125,24.26156616210937,42.02499961853027
1970-11-29 17:52:00.991,29.02960205078125,95.96385192871094,186.41764068603516,83.56060028076172,80.5,61.23046875,99.9493637084961,34.806671142578125,39.431446335422535,42040.0,33.454864501953125,27.47105407714844,21.378463745117188,29.238998413085938,42.02499961853027
1970-11-29 17:52:01.992,29.02960205078125,95.96385192871094,186.41764068603516,83.56060028076172,80.5,61.23046875,99.9493637084961,34.806671142578125,39.431446335422535,42040.0,33.454864501953125,27.47105407714844,21.378463745117188,29.238998413085938,42.02499961853027
1970-11-29 17:52:03.004,29.042312622070312,95.90361785888672,188.05338287353516,83.63636016845703,80.9000015258789,61.23046875,99.9493637084961,34.81968307495117,38.920873401540575,42040.0,31.22454833984375,28.20542907714844,23.907989501953125,28.3414306640625,42.02499961853027
1970-11-29 17:52:03.993,29.06040000915528,95.96385192871094,187.3697967529297,83.63636016845703,81.80000305175781,61.23046875,99.9493637084961,34.85061264038086,37.63382508252319,42040.0,32.910888671875,27.66143798828125,19.14813232421875,23.092010498046875,42.02499961853027
1970-11-29 17:52:05.005,29.06040000915528,95.96385192871094,187.3697967529297,83.63636016845703,81.80000305175781,61.23046875,99.9493637084961,34.85061264038086,37.63382508252319,42040.0,32.910888671875,27.66143798828125,19.14813232421875,23.092010498046875,42.02499961853027
1970-11-29 17:52:06.992,29.02109909057617,96.08433532714844,189.16016387939447,83.56060028076172,82.5999984741211,61.23046875,99.9493637084961,34.89311218261719,36.126136166916,42040.0,34.406829833984375,29.67417907714844,25.02313232421875,26.165496826171875,42.02499961853027
1970-11-29 17:52:06.000,29.13946533203125,96.02409362792967,186.6943359375,83.63636016845703,82.20000457763672,61.23046875,99.9493637084961,34.86610794067383,37.093278390560954,42040.0,34.515625,26.899871826171875,22.92880249023437,26.899871826171875,42.02499961853027
1970-11-29 17:52:07.992,29.02109909057617,96.08433532714844,189.16016387939447,83.56060028076172,82.5999984741211,61.23046875,99.9493637084961,34.89311218261719,36.126136166916,42040.0,34.406829833984375,29.67417907714844,25.02313232421875,26.165496826171875,42.02499961853027
1970-11-29 17:52:08.995,28.810890197753903,96.02409362792967,187.109375,83.56060028076172,82.30000305175781,61.23046875,99.9493637084961,34.92588806152344,36.76457822085687,42040.0,33.50927734375,32.53009033203125,24.94154357910156,25.75750732421875,42.02499961853027
1970-11-29 17:52:09.990,28.83414459228516,95.90361785888672,187.890625,83.63636016845703,81.4000015258789,61.23046875,99.9493637084961,34.93500518798828,39.57544619456948,42040.0,35.984375,27.33505249023437,23.962371826171875,24.043975830078125,42.02499961853027
1970-11-29 17:52:11.006,28.83414459228516,95.90361785888672,187.890625,83.63636016845703,81.4000015258789,61.23046875,99.9493637084961,34.93500518798828,39.57544619456948,42040.0,35.984375,27.33505249023437,23.962371826171875,24.043975830078125,42.02499961853027
1970-11-29 17:52:11.994,28.822481155395508,95.96385192871094,188.60677337646484,83.63636016845703,81.9000015258789,61.23046875,99.9493637084961,34.965335845947266,39.02284366229441,42040.0,31.414947509765625,31.74130249023437,26.73667907714844,27.90625,42.02499961853027
1970-11-29 17:52:12.993,28.707300186157227,95.96385192871094,186.88964080810547,83.63636016845703,81.4000015258789,61.23046875,99.9493637084961,34.99161529541016,38.30780366321121,42040.0,33.971649169921875,29.53817749023437,25.567123413085938,25.050338745117188,42.02499961853027
1970-11-29 17:52:13.991,28.707300186157227,95.96385192871094,186.88964080810547,83.63636016845703,81.4000015258789,61.23046875,99.9493637084961,34.99161529541016,38.30780366321121,42040.0,33.971649169921875,29.53817749023437,25.567123413085938,25.050338745117188,42.02499961853027
1970-11-29 17:52:14.994,28.611690521240234,95.90361785888672,185.97819519042963,83.63636016845703,82.20000457763672,61.23046875,99.9493637084961,35.004791259765625,38.14482580422893,42040.0,29.45660400390625,24.72393798828125,19.71932983398437,23.5,42.02499961853027
1970-11-29 17:52:15.991,28.70471572875977,96.20481872558594,185.39225006103516,83.56060028076172,81.9000015258789,61.23046875,99.9493637084961,35.027069091796875,36.71312341946975,42040.0,32.55731201171875,27.36225891113281,23.28240966796875,26.4375,42.02499961853027
1970-11-29 17:52:17.005,28.70471572875977,96.20481872558594,185.39225006103516,83.56060028076172,81.9000015258789,61.23046875,99.9493637084961,35.027069091796875,36.71312341946975,42040.0,32.55731201171875,27.36225891113281,23.28240966796875,26.4375,42.02499961853027
1970-11-29 17:52:17.993,28.851430892944336,95.96385192871094,186.63736724853516,83.56060028076172,82.5,61.23046875,99.9493637084961,35.050048828125,35.4024695402936,42040.0,34.6788330078125,30.054962158203125,26.2742919921875,20.12730407714844,42.02499961853027
1970-11-29 17:52:18.991,28.942758560180664,95.90361785888672,188.18360137939447,83.56060028076172,82.20000457763672,61.23046875,99.9493637084961,35.05581283569336,37.79552377266334,42040.0,35.4132080078125,30.571746826171875,26.763885498046875,22.22163391113281,42.02499961853027
1970-11-29 17:52:20.003,28.942758560180664,95.90361785888672,188.18360137939447,83.56060028076172,82.20000457763672,61.23046875,99.9493637084961,35.05581283569336,37.79552377266334,42040.0,35.4132080078125,30.571746826171875,26.763885498046875,22.22163391113281,42.02499961853027
1970-11-29 17:52:21.002,29.010337829589844,96.02409362792967,185.85612487792963,83.63636016845703,81.9000015258789,61.23046875,99.9493637084961,35.0786018371582,37.34645384559348,42040.0,37.69793701171875,27.1446533203125,23.77197265625,24.832748413085938,42.02499961853027
1970-11-29 17:52:22.002,29.20151329040528,95.90361785888672,187.5813827514648,83.63636016845703,82.9000015258789,61.23046875,99.9493637084961,35.1004524230957,36.15868736276537,42040.0,35.33160400390625,28.25982666015625,28.53182983398437,26.32870483398437,42.02499961853027
1970-11-29 17:52:22.990,29.20151329040528,95.90361785888672,187.5813827514648,83.63636016845703,82.9000015258789,61.23046875,99.9493637084961,35.1004524230957,36.15868736276537,42040.0,35.33160400390625,28.25982666015625,28.53182983398437,26.32870483398437,42.02499961853027
1970-11-29 17:52:23.992,29.327863693237305,95.90361785888672,187.83365631103516,83.63636016845703,81.80000305175781,61.23046875,99.9493637084961,35.11338424682617,38.405281210688145,42040.0,33.618072509765625,30.054962158203125,24.098373413085938,24.098373413085938,42.02499961853027
1970-11-29 17:52:24.992,29.28045463562012,96.02409362792967,185.888671875,83.56060028076172,81.80000305175781,61.23046875,99.9493637084961,35.13190078735352,37.51808679747652,42040.0,33.56365966796875,29.53817749023437,26.165496826171875,25.15913391113281,42.02499961853027
1970-11-29 17:52:26.004,29.28045463562012,96.02409362792967,185.888671875,83.56060028076172,81.80000305175781,61.23046875,99.9493637084961,35.13190078735352,37.51808679747652,42040.0,33.56365966796875,29.53817749023437,26.165496826171875,25.15913391113281,42.02499961853027
1970-11-29 17:52:26.990,29.19976043701172,96.08433532714844,187.29654693603516,83.63636016845703,82.0,61.23046875,99.9493637084961,35.1576042175293,36.06514550445996,42040.0,30.92535400390625,29.157394409179688,21.378463745117188,25.4039306640625,42.02499961853027
1970-11-29 17:52:27.990,29.19356155395508,96.02409362792967,186.70247650146484,83.63636016845703,81.30000305175781,61.23046875,99.9493637084961,35.17045593261719,38.33886438334559,42040.0,33.019683837890625,29.701385498046875,24.58795166015625,22.22163391113281,42.02499961853027
1970-11-29 17:52:29.993,29.162607192993164,95.90361785888672,185.87239837646484,83.63636016845703,81.4000015258789,61.23046875,99.9493637084961,35.19697570800781,38.418883156235886,42040.0,37.26274108886719,24.615142822265625,22.95600891113281,25.75750732421875,42.02499961853027
1970-11-29 17:52:29.000,29.19356155395508,96.02409362792967,186.70247650146484,83.63636016845703,81.30000305175781,61.23046875,99.9493637084961,35.17045593261719,38.33886438334559,42040.0,33.019683837890625,29.701385498046875,24.58795166015625,22.22163391113281,42.02499961853027
1970-11-29 17:52:30.995,28.93053436279297,96.08433532714844,186.94661712646484,83.56060028076172,81.80000305175781,61.23046875,99.9493637084961,35.22187805175781,35.78767388988822,42040.0,35.114013671875,29.891769409179688,22.82000732421875,24.58795166015625,42.02499961853027
1970-11-29 17:52:31.993,28.93053436279297,96.08433532714844,186.94661712646484,83.56060028076172,81.80000305175781,61.23046875,99.9493637084961,35.22187805175781,35.78767388988822,42040.0,35.114013671875,29.891769409179688,22.82000732421875,24.58795166015625,42.02499961853027
1970-11-29 17:52:32.994,28.704214096069336,95.96385192871094,186.46646881103516,83.56060028076172,81.80000305175781,61.23046875,99.9493637084961,35.23472595214844,36.62132574492791,42040.0,36.12037658691406,25.6759033203125,24.696746826171875,24.560760498046875,42.02499961853027
1970-11-29 17:52:33.994,28.605619430541992,95.72289276123048,187.0930938720703,83.56060028076172,82.80000305175781,61.23046875,99.9493637084961,35.26042938232422,36.7380845300206,42040.0,33.971649169921875,25.485519409179688,29.483795166015625,24.39755249023437,42.02499961853027
1970-11-29 17:52:34.993,28.605619430541992,95.72289276123048,187.0930938720703,83.56060028076172,82.80000305175781,61.23046875,99.9493637084961,35.26042938232422,36.7380845300206,42040.0,33.971649169921875,25.485519409179688,29.483795166015625,24.39755249023437,42.02499961853027
1970-11-29 17:52:35.995,28.56806182861328,96.08433532714844,187.19075775146484,83.63636016845703,82.30000305175781,61.23046875,99.9493637084961,35.293540954589844,38.71823912203399,42040.0,36.827545166015625,26.954269409179688,27.19906616210937,27.171875,42.02499961853027
1970-11-29 17:52:36.993,28.507686614990234,96.26506042480467,187.33724212646484,83.63636016845703,82.4000015258789,61.23046875,99.9493637084961,35.30647277832031,37.99031207719294,42040.0,34.270843505859375,26.083892822265625,28.015045166015625,28.12384033203125,42.02499961853027
1970-11-29 17:52:38.004,28.507686614990234,96.26506042480467,187.33724212646484,83.63636016845703,82.4000015258789,61.23046875,99.9493637084961,35.30647277832031,37.99031207719294,42040.0,34.270843505859375,26.083892822265625,28.015045166015625,28.12384033203125,42.02499961853027
1970-11-29 17:52:38.994,28.49259376525879,95.96385192871094,186.61295318603516,83.56060028076172,81.4000015258789,61.23046875,99.9493637084961,35.33234024047852,39.83470636768178,42040.0,32.44850158691406,27.416656494140625,29.15740966796875,27.22625732421875,42.02499961853027
1970-11-29 17:52:39.993,28.699846267700195,95.90361785888672,186.62923431396484,83.56060028076172,82.70000457763672,61.23046875,99.9493637084961,35.35820388793945,36.16982751029525,42040.0,32.149322509765625,27.7430419921875,23.092010498046875,26.05670166015625,42.02499961853027
1970-11-29 17:52:41.004,28.699846267700195,95.90361785888672,186.62923431396484,83.56060028076172,82.70000457763672,61.23046875,99.9493637084961,35.35820388793945,36.16982751029525,42040.0,32.149322509765625,27.7430419921875,23.092010498046875,26.05670166015625,42.02499961853027
1970-11-29 17:52:41.995,28.87466049194336,96.02409362792967,186.73502349853516,83.63636016845703,81.4000015258789,61.23046875,99.9493637084961,35.369510650634766,39.105449909034085,42040.0,31.714126586914062,32.20368957519531,25.86630249023437,24.53355407714844,42.02499961853027
1970-11-29 17:52:42.991,28.991195678710938,95.96385192871094,183.8948593139648,83.63636016845703,81.19999694824219,61.23046875,99.9493637084961,35.39045333862305,38.650260899268254,42040.0,33.29168701171875,24.859939575195312,24.58795166015625,25.26792907714844,42.02499961853027
1970-11-29 17:52:43.993,28.991195678710938,95.96385192871094,183.8948593139648,83.63636016845703,81.19999694824219,61.23046875,99.9493637084961,35.39045333862305,38.650260899268254,42040.0,33.29168701171875,24.859939575195312,24.58795166015625,25.26792907714844,42.02499961853027
1970-11-29 17:52:44.993,29.04420661926269,95.96385192871094,184.66796875,83.56060028076172,82.0,61.23046875,99.9493637084961,35.41535568237305,36.66276557411252,42040.0,31.8773193359375,26.083892822265625,26.32870483398437,25.077545166015625,42.02499961853027
1970-11-29 17:52:45.994,29.172576904296875,96.02409362792967,185.01790618896484,83.56060028076172,81.9000015258789,61.23046875,99.9493637084961,35.42820739746094,37.43245548561762,42040.0,33.101287841796875,27.770233154296875,25.295135498046875,26.083892822265625,42.02499961853027
1970-11-29 17:52:46.990,29.172576904296875,96.02409362792967,185.01790618896484,83.56060028076172,81.9000015258789,61.23046875,99.9493637084961,35.42820739746094,37.43245548561762,42040.0,33.101287841796875,27.770233154296875,25.295135498046875,26.083892822265625,42.02499961853027
1970-11-29 17:52:48.001,29.1423454284668,96.02409362792967,185.66080474853516,83.56060028076172,81.9000015258789,61.23046875,99.9493637084961,35.437625885009766,37.038737528455755,42040.0,35.4132080078125,25.75750732421875,24.99594116210937,24.370361328125,42.02499961853027
1970-11-29 17:52:48.991,28.98548126220703,95.84337615966795,187.10123443603516,83.63636016845703,82.0,61.23046875,99.9493637084961,35.43925857543945,36.972505155711026,42040.0,33.101287841796875,29.29339599609375,22.847213745117188,23.608795166015625,42.02499961853027
1970-11-29 17:52:49.991,28.98548126220703,95.84337615966795,187.10123443603516,83.63636016845703,82.0,61.23046875,99.9493637084961,35.43925857543945,36.972505155711026,42040.0,33.101287841796875,29.29339599609375,22.847213745117188,23.608795166015625,42.02499961853027
1970-11-29 17:52:51.004,28.88815116882324,95.96385192871094,187.05241394042963,83.63636016845703,82.30000305175781,61.23046875,99.9493637084961,35.45004653930664,38.63238695099887,42040.0,36.63716125488281,31.714111328125,25.050338745117188,23.77197265625,42.02499961853027
1970-11-29 17:52:51.990,28.920185089111328,96.08433532714844,187.2965545654297,83.56060028076172,81.80000305175781,61.23046875,99.9493637084961,35.46013259887695,38.04868852154123,42040.0,37.208343505859375,27.416656494140625,26.899871826171875,27.79745483398437,42.02499961853027
1970-11-29 17:52:52.992,28.920185089111328,96.08433532714844,187.2965545654297,83.56060028076172,81.80000305175781,61.23046875,99.9493637084961,35.46013259887695,38.04868852154123,42040.0,37.208343505859375,27.416656494140625,26.899871826171875,27.79745483398437,42.02499961853027
1970-11-29 17:52:53.995,28.798051834106445,96.02409362792967,187.3372344970703,83.56060028076172,82.5999984741211,61.23046875,99.9493637084961,35.467369079589844,36.327185669703155,42040.0,35.005218505859375,29.837371826171875,28.83100891113281,24.832748413085938,42.02499961853027
1970-11-29 17:52:54.994,28.68106842041016,95.90361785888672,188.02083587646484,83.56060028076172,82.30000305175781,61.23046875,99.9493637084961,35.478599548339844,38.034968484698545,42040.0,34.134857177734375,32.557281494140625,25.431121826171875,25.15913391113281,42.02499961853027
1970-11-29 17:52:56.001,28.68106842041016,95.90361785888672,188.02083587646484,83.56060028076172,82.30000305175781,61.23046875,99.9493637084961,35.478599548339844,38.034968484698545,42040.0,34.134857177734375,32.557281494140625,25.431121826171875,25.15913391113281,42.02499961853027
1970-11-29 17:52:57.005,28.682279586791992,96.02409362792967,185.80728912353516,83.63636016845703,81.5,61.23046875,99.9493637084961,35.4961051940918,39.13900015128568,42040.0,34.352447509765625,32.50288391113281,24.6695556640625,26.32870483398437,42.02499961853027
1970-11-29 17:52:57.992,28.82230758666992,96.1445770263672,186.3362655639648,83.63636016845703,81.9000015258789,61.23046875,99.9493637084961,35.505271911621094,37.999472179226125,42040.0,32.01332092285156,29.72857666015625,25.050338745117188,26.111114501953125,42.02499961853027
1970-11-29 17:52:59.009,28.921661376953125,96.02409362792967,184.8470001220703,83.56060028076172,81.30000305175781,61.23046875,99.9493637084961,35.50728988647461,38.579076162941,42040.0,30.35418701171875,30.89813232421875,25.62152099609375,24.615142822265625,42.02499961853027
1970-11-29 17:52:59.995,28.921661376953125,96.02409362792967,184.8470001220703,83.56060028076172,81.30000305175781,61.23046875,99.9493637084961,35.50728988647461,38.579076162941,42040.0,30.35418701171875,30.89813232421875,25.62152099609375,24.615142822265625,42.02499961853027
1970-11-29 17:53:00.991,28.883867263793945,95.96385192871094,184.75748443603516,83.56060028076172,81.9000015258789,61.23046875,99.9493637084961,35.50126647949219,36.094113071215865,42040.0,35.086822509765625,25.213531494140625,27.0086669921875,21.541656494140625,42.02499961853027
1970-11-29 17:53:01.995,28.950288772583008,95.84337615966795,184.53775787353516,83.56060028076172,81.5,61.23046875,99.9493637084961,35.502628326416016,37.73483164011438,42040.0,33.48207092285156,29.782974243164062,22.711212158203125,24.12557983398437,42.02499961853027
1970-11-29 17:53:02.994,28.950288772583008,95.84337615966795,184.53775787353516,83.56060028076172,81.5,61.23046875,99.9493637084961,35.502628326416016,37.73483164011438,42040.0,33.48207092285156,29.782974243164062,22.711212158203125,24.12557983398437,42.02499961853027
1970-11-29 17:53:04.003,29.03215789794922,95.90361785888672,186.09212493896484,83.56060028076172,83.4000015258789,61.23046875,99.9493637084961,35.50075149536133,34.6488489878467,42040.0,34.923614501953125,29.755767822265625,27.253463745117188,25.567123413085938,42.02499961853027
1970-11-29 17:53:04.995,28.97598457336425,96.08433532714844,185.888671875,83.63636016845703,81.5999984741211,61.23046875,99.9493637084961,35.49575424194336,38.13523751459756,42040.0,37.208343505859375,29.29339599609375,24.914337158203125,24.96875,42.02499961853027
1970-11-29 17:53:06.004,28.97598457336425,96.08433532714844,185.888671875,83.63636016845703,81.5999984741211,61.23046875,99.9493637084961,35.49575424194336,38.13523751459756,42040.0,37.208343505859375,29.29339599609375,24.914337158203125,24.96875,42.02499961853027
1970-11-29 17:53:06.991,28.843738555908203,96.20481872558594,186.46646881103516,83.63636016845703,82.5999984741211,61.23046875,99.9493637084961,35.496681213378906,37.66430796222775,42040.0,34.10765075683594,28.55902099609375,28.450225830078125,23.85357666015625,42.02499961853027
1970-11-29 17:53:07.991,28.90711212158203,96.02409362792967,185.0830078125,83.63636016845703,82.5,61.23046875,99.9493637084961,35.49083709716797,37.96457638378078,42040.0,31.850128173828125,31.686920166015625,23.880767822265625,27.171875,42.02499961853027
1970-11-29 17:53:09.003,28.90711212158203,96.02409362792967,185.0830078125,83.63636016845703,82.5,61.23046875,99.9493637084961,35.49083709716797,37.96457638378078,42040.0,31.850128173828125,31.686920166015625,23.880767822265625,27.171875,42.02499961853027
1970-11-29 17:53:09.993,28.93931579589844,95.78313446044922,184.375,83.56060028076172,80.80000305175781,61.23046875,99.9493637084961,35.48405456542969,38.80250869070272,42040.0,34.59722900390625,28.287017822265625,26.65509033203125,24.20716857910156,42.02499961853027
1970-11-29 17:53:11.990,28.86239051818848,95.90361785888672,183.43912506103516,83.63636016845703,80.80000305175781,61.23046875,99.9493637084961,35.48944091796875,37.09915600535414,42040.0,33.3460693359375,26.00230407714844,19.501739501953125,25.13192749023437,42.02499961853027
1970-11-29 17:53:11.000,28.86239051818848,95.90361785888672,183.43912506103516,83.63636016845703,80.80000305175781,61.23046875,99.9493637084961,35.48944091796875,37.09915600535414,42040.0,33.3460693359375,26.00230407714844,19.501739501953125,25.13192749023437,42.02499961853027
1970-11-29 17:53:12.993,28.78687858581543,95.96385192871094,184.0576171875,83.63636016845703,82.80000305175781,61.23046875,99.9493637084961,35.474082946777344,35.726666452433854,42040.0,33.835662841796875,25.104736328125,27.14466857910156,22.08563232421875,42.02499961853027
1970-11-29 17:53:14.002,28.88502693176269,96.02409362792967,186.4908905029297,83.56060028076172,82.5999984741211,61.23046875,99.9493637084961,35.47224426269531,36.16911289320912,42040.0,34.97802734375,27.063064575195312,26.519088745117188,26.60067749023437,42.02499961853027
1970-11-29 17:53:14.990,28.88502693176269,96.02409362792967,186.4908905029297,83.56060028076172,82.5999984741211,61.23046875,99.9493637084961,35.47224426269531,36.16911289320912,42040.0,34.97802734375,27.063064575195312,26.519088745117188,26.60067749023437,42.02499961853027
1970-11-29 17:53:15.994,28.896642684936523,95.96385192871094,184.82259368896484,83.63636016845703,82.20000457763672,61.23046875,99.9493637084961,35.46082305908203,36.43280696055877,42040.0,36.90914916992188,26.845474243164062,27.661453247070312,24.58795166015625,42.02499961853027
1970-11-29 17:53:17.003,28.85926055908203,95.90361785888672,186.3037109375,83.56060028076172,82.0,61.23046875,99.9493637084961,35.44635009765625,38.67919503859869,42040.0,36.77316284179688,26.981475830078125,26.65509033203125,27.19906616210937,42.02499961853027
1970-11-29 17:53:18.004,28.85926055908203,95.90361785888672,186.3037109375,83.56060028076172,82.0,61.23046875,99.9493637084961,35.44635009765625,38.67919503859869,42040.0,36.77316284179688,26.981475830078125,26.65509033203125,27.19906616210937,42.02499961853027
1970-11-29 17:53:19.005,28.78709602355957,96.08433532714844,186.17350006103516,83.56060028076172,82.0999984741211,61.23046875,99.9493637084961,35.434715270996094,38.184895521545506,42040.0,30.898162841796875,29.456588745117188,26.2742919921875,29.782989501953125,42.02499961853027
1970-11-29 17:53:20.002,28.89495277404785,96.1445770263672,185.64453125,83.56060028076172,81.5,61.23046875,99.9493637084961,35.43297576904297,37.76307093731272,42040.0,31.22454833984375,28.450225830078125,23.092010498046875,24.99594116210937,42.02499961853027
1970-11-29 17:53:20.991,28.89495277404785,96.1445770263672,185.64453125,83.56060028076172,81.5,61.23046875,99.9493637084961,35.43297576904297,37.76307093731272,42040.0,31.22454833984375,28.450225830078125,23.092010498046875,24.99594116210937,42.02499961853027
1970-11-29 17:53:22.004,29.00359916687012,95.90361785888672,185.3841171264648,83.56060028076172,83.0999984741211,61.23046875,99.9493637084961,35.419281005859375,37.10843384744906,42040.0,34.16204833984375,33.726837158203125,24.85995483398437,24.560760498046875,42.02499961853027
1970-11-29 17:53:22.993,29.02781105041504,95.78313446044922,184.79003906249997,83.56060028076172,81.19999694824219,61.23046875,99.9493637084961,35.41422271728516,37.088977131314,42040.0,31.0069580078125,27.634246826171875,25.839111328125,23.55438232421875,42.02499961853027
1970-11-29 17:53:24.001,29.02781105041504,95.78313446044922,184.79003906249997,83.56060028076172,81.19999694824219,61.23046875,99.9493637084961,35.41422271728516,37.088977131314,42040.0,31.0069580078125,27.634246826171875,25.839111328125,23.55438232421875,42.02499961853027
1970-11-29 17:53:24.995,28.9581356048584,96.26506042480467,185.31900787353516,83.63636016845703,82.0,61.23046875,99.9493637084961,35.394676208496094,36.98837555556917,42040.0,35.086822509765625,32.1492919921875,25.295135498046875,22.00404357910156,42.02499961853027
1970-11-29 17:53:25.991,29.03662872314453,96.08433532714844,183.7239532470703,83.63636016845703,82.20000457763672,61.23046875,99.9493637084961,35.371849060058594,37.07609076355091,42040.0,34.570037841796875,26.8726806640625,25.32232666015625,24.75115966796875,42.02499961853027
1970-11-29 17:53:27.995,29.02118492126465,95.78313446044922,183.72396087646484,83.63636016845703,81.80000305175781,61.23046875,99.9493637084961,35.36387634277344,35.43963215306223,42040.0,34.54283142089844,22.276031494140625,25.811920166015625,22.22163391113281,42.02499961853027
1970-11-29 17:53:27.000,29.03662872314453,96.08433532714844,183.7239532470703,83.63636016845703,82.20000457763672,61.23046875,99.9493637084961,35.371849060058594,37.07609076355091,42040.0,34.570037841796875,26.8726806640625,25.32232666015625,24.75115966796875,42.02499961853027
1970-11-29 17:53:28.994,28.915678024291992,95.96385192871094,187.0768280029297,83.56060028076172,83.30000305175781,61.23046875,99.9493637084961,35.3592414855957,36.4877891982945,42040.0,35.25,31.170135498046875,27.416656494140625,27.52545166015625,42.02499961853027
1970-11-29 17:53:30.004,28.915678024291992,95.96385192871094,187.0768280029297,83.56060028076172,83.30000305175781,61.23046875,99.9493637084961,35.3592414855957,36.4877891982945,42040.0,35.25,31.170135498046875,27.416656494140625,27.52545166015625,42.02499961853027
1970-11-29 17:53:30.994,28.779369354248047,96.20481872558594,185.40853118896484,83.56060028076172,82.4000015258789,61.23046875,99.9493637084961,35.34226608276367,37.16517444404341,42040.0,36.256378173828125,28.91259765625,27.117462158203125,22.19442749023437,42.02499961853027
1970-11-29 17:53:31.993,28.783992767333984,95.96385192871094,186.08399200439447,83.63636016845703,82.5,61.23046875,99.9493637084961,35.33032989501953,38.70161635644634,42040.0,32.910888671875,26.682281494140625,26.111114501953125,30.109375,42.02499961853027
1970-11-29 17:53:33.001,28.783992767333984,95.96385192871094,186.08399200439447,83.63636016845703,82.5,61.23046875,99.9493637084961,35.33032989501953,38.70161635644634,42040.0,32.910888671875,26.682281494140625,26.111114501953125,30.109375,42.02499961853027
1970-11-29 17:53:34.005,28.72159576416016,95.84337615966795,183.70767974853516,83.63636016845703,81.9000015258789,61.23046875,99.9493637084961,35.318458557128906,37.46250554840265,42040.0,28.34144592285156,28.91259765625,29.483795166015625,28.042236328125,42.02499961853027
1970-11-29 17:53:34.990,28.653818130493164,96.02409362792967,184.09017181396484,83.63636016845703,82.0999984741211,61.23046875,99.9493637084961,35.303794860839844,37.58451034567136,42040.0,33.754058837890625,28.042236328125,25.077545166015625,24.179962158203125,42.02499961853027
1970-11-29 17:53:35.994,28.653818130493164,96.02409362792967,184.09017181396484,83.63636016845703,82.0999984741211,61.23046875,99.9493637084961,35.303794860839844,37.58451034567136,42040.0,33.754058837890625,28.042236328125,25.077545166015625,24.179962158203125,42.02499961853027
1970-11-29 17:53:36.994,28.66724967956543,96.08433532714844,184.83885955810547,83.56060028076172,82.4000015258789,61.23046875,99.9493637084961,35.28301239013672,37.21340448486167,42040.0,29.83740234375,28.423019409179688,23.03759765625,25.86630249023437,42.02499961853027
1970-11-29 17:53:38.000,28.84843063354492,95.90361785888672,183.96810150146484,83.56060028076172,82.5,61.23046875,99.9493637084961,35.276004791259766,37.367593911121055,42040.0,30.653366088867188,29.837371826171875,27.7430419921875,24.26156616210937,42.02499961853027
1970-11-29 17:53:39.004,28.84843063354492,95.90361785888672,183.96810150146484,83.56060028076172,82.5,61.23046875,99.9493637084961,35.276004791259766,37.367593911121055,42040.0,30.653366088867188,29.837371826171875,27.7430419921875,24.26156616210937,42.02499961853027
1970-11-29 17:53:39.994,28.956514358520508,96.02409362792967,184.79817962646484,83.63636016845703,81.5,61.23046875,99.9493637084961,35.2566032409668,39.05357561245546,42040.0,29.32061767578125,28.504608154296875,25.648712158203125,22.711212158203125,42.02499961853027
1970-11-29 17:53:40.994,29.016014099121094,96.02409362792967,183.4635467529297,83.63636016845703,81.5,61.23046875,99.9493637084961,35.22929382324219,37.87607748448867,42040.0,36.96356201171875,31.14292907714844,21.46005249023437,26.247100830078125,42.02499961853027
1970-11-29 17:53:41.991,29.016014099121094,96.02409362792967,183.4635467529297,83.63636016845703,81.5,61.23046875,99.9493637084961,35.22929382324219,37.87607748448867,42040.0,36.96356201171875,31.14292907714844,21.46005249023437,26.247100830078125,42.02499961853027
1970-11-29 17:53:42.991,29.081388473510746,95.96385192871094,183.5856170654297,83.63636016845703,81.0,61.23046875,99.9493637084961,35.204345703125,37.577977156589846,42040.0,33.18287658691406,26.73667907714844,25.648712158203125,23.608795166015625,42.02499961853027
1970-11-29 17:53:43.990,29.115327835083008,95.96385192871094,183.68326568603516,83.56060028076172,81.9000015258789,61.23046875,99.9493637084961,35.189552307128906,34.83090363939509,42040.0,31.22454833984375,26.383087158203125,27.552642822265625,24.696746826171875,42.02499961853027
1970-11-29 17:53:44.992,29.115327835083008,95.96385192871094,183.68326568603516,83.56060028076172,81.9000015258789,61.23046875,99.9493637084961,35.189552307128906,34.83090363939509,42040.0,31.22454833984375,26.383087158203125,27.552642822265625,24.696746826171875,42.02499961853027
1970-11-29 17:53:45.995,29.02455139160156,95.90361785888672,185.4085311889648,83.56060028076172,83.0,61.23046875,99.9493637084961,35.177001953125,35.639392178231724,42040.0,37.453125,24.696746826171875,27.44384765625,24.179962158203125,42.02499961853027
1970-11-29 17:53:46.991,28.893104553222656,96.08433532714844,185.6770782470703,83.63636016845703,82.0999984741211,61.23046875,99.9493637084961,35.1570930480957,37.84781917558053,42040.0,32.53009033203125,29.157394409179688,26.383087158203125,30.6805419921875,42.02499961853027
1970-11-29 17:53:47.995,28.893104553222656,96.08433532714844,185.6770782470703,83.63636016845703,82.0999984741211,61.23046875,99.9493637084961,35.1570930480957,37.84781917558053,42040.0,32.53009033203125,29.157394409179688,26.383087158203125,30.6805419921875,42.02499961853027
1970-11-29 17:53:48.991,28.865110397338867,96.02409362792967,184.39127349853516,83.56060028076172,81.5999984741211,61.23046875,99.9493637084961,35.134220123291016,39.02907953814917,42040.0,30.92535400390625,29.59259033203125,30.29975891113281,24.50634765625,42.02499961853027
1970-11-29 17:53:50.991,28.88704872131348,95.96385192871094,183.29264068603516,83.63636016845703,81.5999984741211,61.23046875,99.9493637084961,35.10788345336914,37.80921699400064,42040.0,30.78936767578125,30.734939575195312,24.01678466796875,26.165496826171875,42.02499961853027
1970-11-29 17:53:50.000,28.88704872131348,95.96385192871094,183.29264068603516,83.63636016845703,81.5999984741211,61.23046875,99.9493637084961,35.10788345336914,37.80921699400064,42040.0,30.78936767578125,30.734939575195312,24.01678466796875,26.165496826171875,42.02499961853027
1970-11-29 17:53:52.003,28.84324073791504,95.90361785888672,184.83885955810547,83.63636016845703,82.0999984741211,61.23046875,99.9493637084961,35.085174560546875,37.11922413225884,42040.0,34.10765075683594,30.979736328125,22.629623413085938,22.629623413085938,42.02499961853027
1970-11-29 17:53:52.993,28.76995277404785,96.02409362792967,185.05045318603516,83.56060028076172,82.70000457763672,61.23046875,99.9493637084961,35.053829193115234,37.966027791116275,42040.0,33.86285400390625,30.435760498046875,25.26792907714844,22.22163391113281,42.02499961853027
1970-11-29 17:53:53.993,28.76995277404785,96.02409362792967,185.05045318603516,83.56060028076172,82.70000457763672,61.23046875,99.9493637084961,35.053829193115234,37.966027791116275,42040.0,33.86285400390625,30.435760498046875,25.26792907714844,22.22163391113281,42.02499961853027
1970-11-29 17:53:54.992,28.83395004272461,96.02409362792967,183.75651550292963,83.56060028076172,81.5,61.23046875,99.9493637084961,35.03458786010742,38.27795000877803,42040.0,33.618072509765625,30.46295166015625,25.104736328125,20.45370483398437,42.02499961853027
1970-11-29 17:53:56.003,28.886552810668945,96.02409362792967,184.87955474853516,83.63636016845703,81.9000015258789,61.23046875,99.9493637084961,35.01415252685547,36.857363544745475,42040.0,35.19561767578125,26.70947265625,21.92245483398437,21.56884765625,42.02499961853027
1970-11-29 17:53:57.995,28.872722625732425,95.90361785888672,183.53678131103516,83.63636016845703,81.19999694824219,61.23046875,99.9493637084961,34.97449493408203,37.17917688788899,42040.0,36.93634033203125,26.8726806640625,22.79281616210937,28.450225830078125,42.02499961853027
1970-11-29 17:53:57.000,28.886552810668945,96.02409362792967,184.87955474853516,83.63636016845703,81.9000015258789,61.23046875,99.9493637084961,35.01415252685547,36.857363544745475,42040.0,35.19561767578125,26.70947265625,21.92245483398437,21.56884765625,42.02499961853027
1970-11-29 17:53:59.004,28.87715530395508,96.08433532714844,185.57942962646484,83.63636016845703,82.0,61.23046875,99.9493637084961,34.9461555480957,38.27730217796021,42040.0,35.71240234375,27.47105407714844,23.28240966796875,27.280670166015625,42.02499961853027
1970-11-29 17:54:00.004,28.87715530395508,96.08433532714844,185.57942962646484,83.63636016845703,82.0,61.23046875,99.9493637084961,34.9461555480957,38.27730217796021,42040.0,35.71240234375,27.47105407714844,23.28240966796875,27.280670166015625,42.02499961853027
1970-11-29 17:54:01.001,28.952735900878903,96.1445770263672,187.43489837646484,83.56060028076172,82.70000457763672,61.23046875,99.9493637084961,34.92704772949219,36.662776921510044,42040.0,34.29803466796875,31.14292907714844,30.27255249023437,28.885406494140625,42.02499961853027
1970-11-29 17:54:02.002,28.948938369750977,95.84337615966795,187.73600006103516,83.63636016845703,82.70000457763672,61.23046875,99.9493637084961,34.89014434814453,38.21206040672753,42040.0,36.93634033203125,27.38946533203125,27.14466857910156,28.885406494140625,42.02499961853027
1970-11-29 17:54:02.991,28.948938369750977,95.84337615966795,187.73600006103516,83.63636016845703,82.70000457763672,61.23046875,99.9493637084961,34.89014434814453,38.21206040672753,42040.0,36.93634033203125,27.38946533203125,27.14466857910156,28.885406494140625,42.02499961853027
1970-11-29 17:54:04.001,28.925262451171875,95.90361785888672,188.5986328125,83.63636016845703,82.20000457763672,61.23046875,99.9493637084961,34.86409378051758,37.992082382470144,42040.0,34.59722900390625,30.190963745117188,26.62788391113281,22.92880249023437,42.02499961853027
1970-11-29 17:54:04.990,28.911022186279297,96.02409362792967,188.59049224853516,83.63636016845703,82.0,61.23046875,99.9493637084961,34.86343002319336,38.54812094867678,42040.0,31.986114501953125,31.4149169921875,25.15913391113281,26.383087158203125,42.02499961853027
1970-11-29 17:54:05.994,28.911022186279297,96.02409362792967,188.59049224853516,83.63636016845703,82.0,61.23046875,99.9493637084961,34.86343002319336,38.54812094867678,42040.0,31.986114501953125,31.4149169921875,25.15913391113281,26.383087158203125,42.02499961853027
1970-11-29 17:54:06.993,29.02159309387207,96.02409362792967,189.8762969970703,83.56060028076172,82.4000015258789,61.23046875,99.9493637084961,34.7932014465332,37.54571184593675,42040.0,36.03878784179688,30.952545166015625,27.82464599609375,24.6695556640625,42.02499961853027
1970-11-29 17:54:07.994,29.00574493408203,96.08433532714844,190.76335144042963,83.56060028076172,81.80000305175781,61.23046875,99.9493637084961,34.78397750854492,39.47267245000514,42040.0,34.10765075683594,32.96527099609375,26.41029357910156,23.2008056640625,42.02499961853027
1970-11-29 17:54:08.994,29.00574493408203,96.08433532714844,190.76335144042963,83.56060028076172,81.80000305175781,61.23046875,99.9493637084961,34.78397750854492,39.47267245000514,42040.0,34.10765075683594,32.96527099609375,26.41029357910156,23.2008056640625,42.02499961853027
1970-11-29 17:54:09.991,28.9213809967041,96.1445770263672,190.55989837646484,83.63636016845703,81.4000015258789,61.23046875,99.9493637084961,34.746524810791016,36.64090396094264,42040.0,32.584503173828125,32.040496826171875,23.962371826171875,24.58795166015625,42.02499961853027
1970-11-29 17:54:10.994,28.890729904174805,95.78313446044922,191.650390625,83.63636016845703,82.9000015258789,61.23046875,99.9493637084961,34.70166015625,37.34275813073465,42040.0,34.97802734375,30.245361328125,24.370361328125,25.213531494140625,42.02499961853027
1970-11-29 17:54:11.990,28.890729904174805,95.78313446044922,191.650390625,83.63636016845703,82.9000015258789,61.23046875,99.9493637084961,34.70166015625,37.34275813073465,42040.0,34.97802734375,30.245361328125,24.370361328125,25.213531494140625,42.02499961853027
1970-11-29 17:54:12.991,28.88916778564453,95.96385192871094,191.51204681396484,83.56060028076172,82.4000015258789,61.23046875,99.9493637084961,34.67808532714844,37.98861896058191,42040.0,36.50115966796875,28.66781616210937,23.173614501953125,28.17822265625,42.02499961853027
1970-11-29 17:54:13.994,28.861860275268555,96.08433532714844,191.2353515625,83.56060028076172,83.5,61.23046875,99.9493637084961,34.66200256347656,37.10455515678869,42040.0,34.43403625488281,27.6070556640625,27.09027099609375,25.567123413085938,42.02499961853027
1970-11-29 17:54:14.990,28.861860275268555,96.08433532714844,191.2353515625,83.56060028076172,83.5,61.23046875,99.9493637084961,34.66200256347656,37.10455515678869,42040.0,34.43403625488281,27.6070556640625,27.09027099609375,25.567123413085938,42.02499961853027
1970-11-29 17:54:15.995,28.78051948547364,96.02409362792967,191.27603912353516,83.63636016845703,82.5999984741211,61.23046875,99.9493637084961,34.63179016113281,38.60996146867434,42040.0,34.406829833984375,31.2789306640625,26.927078247070312,25.59432983398437,42.02499961853027
1970-11-29 17:54:16.990,28.84564018249512,95.90361785888672,191.4306640625,83.56060028076172,81.5,61.23046875,99.9493637084961,34.59946060180664,40.1793300365929,42040.0,34.189239501953125,25.15913391113281,25.104736328125,27.44384765625,42.02499961853027
1970-11-29 17:54:18.005,28.84564018249512,95.90361785888672,191.4306640625,83.56060028076172,81.5,61.23046875,99.9493637084961,34.59946060180664,40.1793300365929,42040.0,34.189239501953125,25.15913391113281,25.104736328125,27.44384765625,42.02499961853027
1970-11-29 17:54:18.992,28.86753845214844,95.96385192871094,190.3564453125,83.56060028076172,81.69999694824219,61.23046875,99.9493637084961,34.57939529418945,38.44896260987185,42040.0,31.7413330078125,28.3414306640625,28.66781616210937,26.111114501953125,42.02499961853027
1970-11-29 17:54:19.993,28.8665714263916,96.02409362792967,190.4215545654297,83.63636016845703,82.80000305175781,61.23046875,99.9493637084961,34.55824279785156,36.133048974465254,42040.0,30.082183837890625,30.16375732421875,24.45196533203125,23.11920166015625,42.02499961853027
1970-11-29 17:54:21.001,28.8665714263916,96.02409362792967,190.4215545654297,83.63636016845703,82.80000305175781,61.23046875,99.9493637084961,34.55824279785156,36.133048974465254,42040.0,30.082183837890625,30.16375732421875,24.45196533203125,23.11920166015625,42.02499961853027
1970-11-29 17:54:21.990,28.82231330871582,96.08433532714844,190.15299224853516,83.56060028076172,82.5999984741211,61.23046875,99.9493637084961,34.518062591552734,37.72860739717903,42040.0,36.06597900390625,31.5509033203125,27.22625732421875,19.61053466796875,42.02499961853027
1970-11-29 17:54:22.995,28.91238784790039,95.96385192871094,189.66471099853516,83.56060028076172,82.5999984741211,61.23046875,99.9493637084961,34.50053787231445,37.00067909461264,42040.0,32.6116943359375,30.89813232421875,24.778350830078125,24.479156494140625,42.02499961853027
1970-11-29 17:54:24.004,28.91238784790039,95.96385192871094,189.66471099853516,83.56060028076172,82.5999984741211,61.23046875,99.9493637084961,34.50053787231445,37.00067909461264,42040.0,32.6116943359375,30.89813232421875,24.778350830078125,24.479156494140625,42.02499961853027
1970-11-29 17:54:24.993,28.954938888549805,95.96385192871094,190.83658599853516,83.56060028076172,81.69999694824219,61.23046875,99.9493637084961,34.47317123413086,37.74006725764846,42040.0,32.69329833984375,30.6805419921875,25.92071533203125,24.28875732421875,42.02499961853027
1970-11-29 17:54:25.994,28.95664596557617,96.08433532714844,189.0462188720703,83.63636016845703,81.80000305175781,61.23046875,99.9493637084961,34.443817138671875,37.28224612627031,42040.0,34.76043701171875,31.63250732421875,26.49188232421875,19.828125,42.02499961853027
1970-11-29 17:54:26.990,28.95664596557617,96.08433532714844,189.0462188720703,83.63636016845703,81.80000305175781,61.23046875,99.9493637084961,34.443817138671875,37.28224612627031,42040.0,34.76043701171875,31.63250732421875,26.49188232421875,19.828125,42.02499961853027
1970-11-29 17:54:27.993,28.93559455871582,96.02409362792967,188.36263275146484,83.63636016845703,81.9000015258789,61.23046875,99.9493637084961,34.43217468261719,38.121009176640186,42040.0,35.222808837890625,29.320587158203125,25.349517822265625,18.767364501953125,42.02499961853027
1970-11-29 17:54:29.005,29.00564193725586,95.90361785888672,191.0400390625,83.63636016845703,83.0999984741211,61.23046875,99.9493637084961,34.410335540771484,35.47438133371385,42040.0,37.6163330078125,28.504608154296875,23.85357666015625,24.58795166015625,42.02499961853027
1970-11-29 17:54:29.994,29.00564193725586,95.90361785888672,191.0400390625,83.63636016845703,83.0999984741211,61.23046875,99.9493637084961,34.410335540771484,35.47438133371385,42040.0,37.6163330078125,28.504608154296875,23.85357666015625,24.58795166015625,42.02499961853027
1970-11-29 17:54:30.992,29.001588821411133,95.84337615966795,190.86100006103516,83.56060028076172,81.4000015258789,61.23046875,99.9493637084961,34.39521789550781,37.09006447471701,42040.0,33.971649169921875,27.96063232421875,28.12384033203125,25.62152099609375,42.02499961853027
1970-11-29 17:54:31.994,28.9180850982666,96.08433532714844,191.357421875,83.63636016845703,82.4000015258789,61.23046875,99.9493637084961,34.37037658691406,37.55185393438141,42040.0,33.07408142089844,33.12846374511719,30.00057983398437,28.20542907714844,42.02499961853027
1970-11-29 17:54:32.992,28.9180850982666,96.08433532714844,191.357421875,83.63636016845703,82.4000015258789,61.23046875,99.9493637084961,34.37037658691406,37.55185393438141,42040.0,33.07408142089844,33.12846374511719,30.00057983398437,28.20542907714844,42.02499961853027
1970-11-29 17:54:33.992,28.87193489074707,96.08433532714844,189.61589050292963,83.56060028076172,83.0,61.23046875,99.9493637084961,34.34761428833008,37.28496620480037,42040.0,35.005218505859375,27.22625732421875,24.615142822265625,24.615142822265625,42.02499961853027
1970-11-29 17:54:35.003,28.88547706604004,95.96385192871094,188.98111724853516,83.56060028076172,81.9000015258789,61.23046875,99.9493637084961,34.329627990722656,37.23894236442217,42040.0,32.25811767578125,27.1446533203125,27.770248413085938,27.33505249023437,42.02499961853027
1970-11-29 17:54:35.990,28.88547706604004,95.96385192871094,188.98111724853516,83.56060028076172,81.9000015258789,61.23046875,99.9493637084961,34.329627990722656,37.23894236442217,42040.0,32.25811767578125,27.1446533203125,27.770248413085938,27.33505249023437,42.02499961853027
1970-11-29 17:54:36.994,28.81871032714844,95.84337615966795,188.19173431396484,83.56060028076172,82.0,61.23046875,99.9493637084961,34.31117248535156,36.81082397971475,42040.0,31.19735717773437,29.510986328125,25.376739501953125,22.847213745117188,42.02499961853027
1970-11-29 17:54:37.994,28.74761390686035,96.1445770263672,189.6240234375,83.56060028076172,82.20000457763672,61.23046875,99.9493637084961,34.28193664550781,38.75552734140838,42040.0,31.550933837890625,28.12384033203125,25.431121826171875,25.48553466796875,42.02499961853027
1970-11-29 17:54:38.990,28.74761390686035,96.1445770263672,189.6240234375,83.56060028076172,82.20000457763672,61.23046875,99.9493637084961,34.28193664550781,38.75552734140838,42040.0,31.550933837890625,28.12384033203125,25.431121826171875,25.48553466796875,42.02499961853027
1970-11-29 17:54:40.003,28.75149154663086,96.08433532714844,189.39615631103516,83.63636016845703,81.9000015258789,61.23046875,99.9493637084961,34.27001190185547,38.846110623666,42040.0,32.938079833984375,28.39581298828125,27.38946533203125,24.50634765625,42.02499961853027
1970-11-29 17:54:40.993,28.78748321533203,95.90361785888672,189.55078125,83.63636016845703,82.9000015258789,61.23046875,99.9493637084961,34.242637634277344,38.26074536080862,42040.0,34.406829833984375,31.00692749023437,27.36225891113281,26.1383056640625,42.02499961853027
1970-11-29 17:54:42.003,28.78748321533203,95.90361785888672,189.55078125,83.63636016845703,82.9000015258789,61.23046875,99.9493637084961,34.242637634277344,38.26074536080862,42040.0,34.406829833984375,31.00692749023437,27.36225891113281,26.1383056640625,42.02499961853027
1970-11-29 17:54:42.991,28.83633804321289,95.90361785888672,188.19986724853516,83.56060028076172,81.30000305175781,61.23046875,99.9493637084961,34.21409225463867,39.158465238654564,42040.0,34.869232177734375,28.042236328125,22.08563232421875,26.41029357910156,42.02499961853027
1970-11-29 17:54:44.005,28.89403343200684,96.08433532714844,187.73600006103516,83.56060028076172,81.30000305175781,61.23046875,99.9493637084961,34.20416259765625,38.21740343043786,42040.0,32.285308837890625,31.224517822265625,19.909713745117188,24.315963745117188,42.02499961853027
1970-11-29 17:54:45.005,28.89403343200684,96.08433532714844,187.73600006103516,83.56060028076172,81.30000305175781,61.23046875,99.9493637084961,34.20416259765625,38.21740343043786,42040.0,32.285308837890625,31.224517822265625,19.909713745117188,24.315963745117188,42.02499961853027
1970-11-29 17:54:46.001,28.979063034057617,95.96385192871094,189.70540618896484,83.56060028076172,82.0999984741211,61.23046875,99.9493637084961,34.1793098449707,37.9399922663661,42040.0,32.366912841796875,28.151031494140625,24.370361328125,26.383087158203125,42.02499961853027
1970-11-29 17:54:47.005,29.01641845703125,95.96385192871094,190.02278900146484,83.63636016845703,82.70000457763672,61.23046875,99.9493637084961,34.16062927246094,37.37423893837886,42040.0,33.2100830078125,26.73667907714844,26.70947265625,30.435760498046875,42.02499961853027
1970-11-29 17:54:48.001,29.01641845703125,95.96385192871094,190.02278900146484,83.63636016845703,82.70000457763672,61.23046875,99.9493637084961,34.16062927246094,37.37423893837886,42040.0,33.2100830078125,26.73667907714844,26.70947265625,30.435760498046875,42.02499961853027
1970-11-29 17:54:48.992,29.074132919311523,96.02409362792967,188.6474609375,83.56060028076172,81.9000015258789,61.23046875,99.9493637084961,34.14148712158203,38.11620905007007,42040.0,33.672454833984375,32.040496826171875,24.58795166015625,24.45196533203125,42.02499961853027
1970-11-29 17:54:50.005,29.052322387695312,96.08433532714844,189.68912506103516,83.56060028076172,82.5999984741211,61.23046875,99.9493637084961,34.121612548828125,37.30526338871402,42040.0,30.952545166015625,28.55902099609375,26.111114501953125,28.395828247070312,42.02499961853027
1970-11-29 17:54:51.004,29.052322387695312,96.08433532714844,189.68912506103516,83.56060028076172,82.5999984741211,61.23046875,99.9493637084961,34.121612548828125,37.30526338871402,42040.0,30.952545166015625,28.55902099609375,26.111114501953125,28.395828247070312,42.02499961853027
1970-11-29 17:54:51.990,29.084583282470703,96.02409362792967,189.43685150146484,83.63636016845703,82.30000305175781,61.23046875,99.9493637084961,34.08600616455078,37.309853601927195,42040.0,32.938079833984375,29.59259033203125,27.52545166015625,24.12557983398437,42.02499961853027
1970-11-29 17:54:52.993,29.009706497192383,96.08433532714844,187.0849609375,83.63636016845703,81.19999694824219,61.23046875,99.9493637084961,34.06132507324219,39.26253621023942,42040.0,32.910888671875,30.5445556640625,25.376739501953125,21.378463745117188,42.02499961853027
1970-11-29 17:54:54.005,29.009706497192383,96.08433532714844,187.0849609375,83.63636016845703,81.19999694824219,61.23046875,99.9493637084961,34.06132507324219,39.26253621023942,42040.0,32.910888671875,30.5445556640625,25.376739501953125,21.378463745117188,42.02499961853027
1970-11-29 17:54:55.006,28.837221145629883,95.96385192871094,186.99544525146484,83.56060028076172,81.4000015258789,61.23046875,99.9493637084961,34.05215072631836,37.85516299381791,42040.0,29.511001586914062,27.93344116210937,25.376739501953125,23.309600830078125,42.02499961853027
1970-11-29 17:54:55.992,28.76438331604004,95.90361785888672,189.58333587646484,83.56060028076172,82.30000305175781,61.23046875,99.9493637084961,34.03131866455078,35.85965379471051,42040.0,34.24365234375,25.02313232421875,27.47105407714844,26.546295166015625,42.02499961853027
1970-11-29 17:54:56.991,28.76438331604004,95.90361785888672,189.58333587646484,83.56060028076172,82.30000305175781,61.23046875,99.9493637084961,34.03131866455078,35.85965379471051,42040.0,34.24365234375,25.02313232421875,27.47105407714844,26.546295166015625,42.02499961853027
1970-11-29 17:54:58.005,28.813535690307617,95.96385192871094,188.0859375,83.56060028076172,82.70000457763672,61.23046875,99.9493637084961,34.002967834472656,38.11632909105701,42041.0,38.3507080078125,28.93980407714844,20.48089599609375,21.65045166015625,42.02499961853027
1970-11-29 17:54:59.005,28.73095321655273,96.02409362792967,189.306640625,83.63636016845703,82.0999984741211,61.23046875,99.9493637084961,33.98296356201172,39.165446548411,42041.0,32.39410400390625,28.015045166015625,24.12557983398437,29.238998413085938,42.02499961853027
1970-11-29 17:54:59.991,28.73095321655273,96.02409362792967,189.306640625,83.63636016845703,82.0999984741211,61.23046875,99.9493637084961,33.98296356201172,39.165446548411,42041.0,32.39410400390625,28.015045166015625,24.12557983398437,29.238998413085938,42.02499961853027
1970-11-29 17:55:00.992,28.6610164642334,95.90361785888672,188.8020782470703,83.63636016845703,83.0,61.23046875,99.9493637084961,33.9522819519043,38.5420636314457,42041.0,33.78125,25.703125,28.4774169921875,25.18634033203125,42.02499961853027
1970-11-29 17:55:01.994,28.685815811157227,96.02409362792967,187.47557830810547,83.63636016845703,81.0,61.23046875,99.9493637084961,33.937625885009766,39.88560994423466,42041.0,30.54457092285156,30.734939575195312,26.383087158203125,19.85531616210937,42.02499961853027
1970-11-29 17:55:02.993,28.685815811157227,96.02409362792967,187.47557830810547,83.63636016845703,81.0,61.23046875,99.9493637084961,33.937625885009766,39.88560994423466,42041.0,30.54457092285156,30.734939575195312,26.383087158203125,19.85531616210937,42.02499961853027
1970-11-29 17:55:03.991,28.780969619750977,96.1445770263672,188.2893905639648,83.63636016845703,81.30000305175781,61.23046875,99.9493637084961,33.8999137878418,38.390582415593556,42041.0,34.46124267578125,27.38946533203125,24.20716857910156,25.703125,42.02499961853027
1970-11-29 17:55:04.993,28.94087219238281,95.96385192871094,187.10123443603516,83.63636016845703,81.5999984741211,61.23046875,99.9493637084961,33.87638854980469,36.443191985528316,42041.0,30.952545166015625,28.20542907714844,22.92880249023437,24.098373413085938,42.0
1970-11-29 17:55:05.992,28.94087219238281,95.96385192871094,187.10123443603516,83.63636016845703,81.5999984741211,61.23046875,99.9493637084961,33.87638854980469,36.443191985528316,42041.0,30.952545166015625,28.20542907714844,22.92880249023437,24.098373413085938,42.0
1970-11-29 17:55:06.993,29.01407814025879,95.96385192871094,188.96484375,83.56060028076172,82.5999984741211,61.23046875,99.9493637084961,33.86050033569336,36.34068018417099,42041.0,35.603607177734375,32.448486328125,26.2742919921875,25.59432983398437,42.02499961853027
1970-11-29 17:55:07.993,29.15527534484864,96.02409362792967,188.63932037353516,83.56060028076172,81.69999694824219,61.23046875,99.9493637084961,33.820213317871094,37.81672970027464,42041.0,34.76043701171875,30.40855407714844,25.5399169921875,25.18634033203125,42.0
1970-11-29 17:55:08.994,29.15527534484864,96.02409362792967,188.63932037353516,83.56060028076172,81.69999694824219,61.23046875,99.9493637084961,33.820213317871094,37.81672970027464,42041.0,34.76043701171875,30.40855407714844,25.5399169921875,25.18634033203125,42.0
1970-11-29 17:55:09.990,29.305456161499023,96.08433532714844,188.09407806396484,83.56060028076172,82.0,61.23046875,99.9493637084961,33.79664993286133,37.21273137510048,42041.0,33.645263671875,32.72047424316406,23.744781494140625,27.171875,42.02499961853027
1970-11-29 17:55:10.993,29.3275203704834,95.96385192871094,188.8671875,83.63636016845703,83.70000457763672,61.23046875,99.9493637084961,33.77462387084961,36.318449054624956,42041.0,36.392364501953125,33.97163391113281,24.615142822265625,28.151031494140625,42.02499961853027
1970-11-29 17:55:11.993,29.3275203704834,95.96385192871094,188.8671875,83.63636016845703,83.70000457763672,61.23046875,99.9493637084961,33.77462387084961,36.318449054624956,42041.0,36.392364501953125,33.97163391113281,24.615142822265625,28.151031494140625,42.02499961853027
1970-11-29 17:55:12.994,29.279380798339844,96.02409362792967,188.4765625,83.63636016845703,82.4000015258789,61.23046875,99.9493637084961,33.739925384521484,37.51421122039801,42041.0,38.86749267578125,28.99420166015625,23.581588745117188,26.46469116210937,42.02499961853027
1970-11-29 17:55:14.001,29.229734420776367,95.90361785888672,188.1917266845703,83.63636016845703,81.9000015258789,61.23046875,99.9493637084961,33.71549987792969,38.78608130520994,42041.0,33.237274169921875,29.320587158203125,26.21990966796875,25.15913391113281,42.0
1970-11-29 17:55:14.993,29.21170234680176,96.02409362792967,187.3616485595703,83.63636016845703,82.30000305175781,61.23046875,99.9493637084961,33.702003479003906,37.1310994300161,42041.0,33.69966125488281,26.328689575195312,25.567123413085938,21.704864501953125,42.02499961853027
1970-11-29 17:55:15.994,29.21170234680176,96.02409362792967,187.3616485595703,83.63636016845703,82.30000305175781,61.23046875,99.9493637084961,33.702003479003906,37.1310994300161,42041.0,33.69966125488281,26.328689575195312,25.567123413085938,21.704864501953125,42.02499961853027
1970-11-29 17:55:17.004,29.053054809570312,96.08433532714844,188.50911712646484,83.63636016845703,81.5,61.23046875,99.9493637084961,33.67477798461914,37.310055141198546,42041.0,29.375,28.531814575195312,25.86630249023437,25.15913391113281,42.02499961853027
1970-11-29 17:55:17.992,28.82292366027832,95.96385192871094,188.3137969970703,83.56060028076172,82.80000305175781,61.23046875,99.9493637084961,33.649864196777344,36.205138294226394,42041.0,34.406829833984375,28.06942749023437,27.90625,23.85357666015625,42.0
1970-11-29 17:55:18.992,28.82292366027832,95.96385192871094,188.3137969970703,83.56060028076172,82.80000305175781,61.23046875,99.9493637084961,33.649864196777344,36.205138294226394,42041.0,34.406829833984375,28.06942749023437,27.90625,23.85357666015625,42.0
1970-11-29 17:55:19.990,28.679519653320312,96.08433532714844,188.28939056396484,83.56060028076172,82.5,61.23046875,99.9493637084961,33.64098358154297,35.667880482522065,42041.0,34.570037841796875,29.266189575195312,27.52545166015625,23.9351806640625,42.02499961853027
1970-11-29 17:55:20.994,28.605928421020508,95.96385192871094,188.0696640014648,83.56060028076172,81.9000015258789,61.23046875,99.9493637084961,33.61581802368164,37.12716945114082,42041.0,32.4757080078125,27.851837158203125,23.41839599609375,26.00230407714844,42.0
1970-11-29 17:55:21.992,28.605928421020508,95.96385192871094,188.0696640014648,83.56060028076172,81.9000015258789,61.23046875,99.9493637084961,33.61581802368164,37.12716945114082,42041.0,32.4757080078125,27.851837158203125,23.41839599609375,26.00230407714844,42.0
1970-11-29 17:55:22.993,28.524547576904297,95.90361785888672,187.69530487060547,83.63636016845703,82.5999984741211,61.23046875,99.9493637084961,33.597900390625,36.49799432674306,42041.0,34.8148193359375,30.40855407714844,24.75115966796875,24.96875,42.0
1970-11-29 17:55:23.994,28.50014305114746,95.96385192871094,189.2822265625,83.56060028076172,82.70000457763672,61.23046875,99.9493637084961,33.57998275756836,37.902549697392296,42041.0,33.835662841796875,27.634246826171875,26.165496826171875,27.280670166015625,42.02499961853027
1970-11-29 17:55:24.992,28.50014305114746,95.96385192871094,189.2822265625,83.56060028076172,82.70000457763672,61.23046875,99.9493637084961,33.57998275756836,37.902549697392296,42041.0,33.835662841796875,27.634246826171875,26.165496826171875,27.280670166015625,42.02499961853027
1970-11-29 17:55:25.991,28.606847763061523,96.1445770263672,187.4755859375,83.63636016845703,82.4000015258789,61.23046875,99.9493637084961,33.571022033691406,37.969140752436935,42041.0,32.6116943359375,30.707733154296875,23.69038391113281,28.55902099609375,42.0
1970-11-29 17:55:26.994,28.606847763061523,96.1445770263672,187.4755859375,83.63636016845703,82.4000015258789,61.23046875,99.9493637084961,33.571022033691406,37.969140752436935,42041.0,32.6116943359375,30.707733154296875,23.69038391113281,28.55902099609375,42.0
1970-11-29 17:55:27.994,28.78156280517578,95.90361785888672,187.0524139404297,83.63636016845703,81.5,61.23046875,99.9493637084961,33.55308532714844,38.424640625459745,42041.0,34.65162658691406,28.25982666015625,23.28240966796875,25.97509765625,42.0
1970-11-29 17:55:28.991,28.939603805541992,95.84337615966795,187.20703125,83.63636016845703,81.69999694824219,61.23046875,99.9493637084961,33.53186798095703,37.394999712312,42041.0,35.49481201171875,26.73667907714844,26.165496826171875,24.043975830078125,42.0
1970-11-29 17:55:29.994,28.939603805541992,95.84337615966795,187.20703125,83.63636016845703,81.69999694824219,61.23046875,99.9493637084961,33.53186798095703,37.394999712312,42041.0,35.49481201171875,26.73667907714844,26.165496826171875,24.043975830078125,42.0
1970-11-29 17:55:30.995,29.054122924804688,96.1445770263672,188.1591796875,83.56060028076172,81.5999984741211,61.23046875,99.9493637084961,33.519630432128906,38.098766813140756,42041.0,32.53009033203125,25.567108154296875,28.015045166015625,25.59432983398437,42.0
1970-11-29 17:55:32.005,29.14142799377441,96.08433532714844,188.61490631103516,83.56060028076172,82.5,61.23046875,99.9493637084961,33.5024299621582,37.70698696161358,42041.0,33.59086608886719,27.22625732421875,27.93344116210937,25.458328247070312,42.0
1970-11-29 17:55:33.002,29.14142799377441,96.08433532714844,188.61490631103516,83.56060028076172,82.5,61.23046875,99.9493637084961,33.5024299621582,37.70698696161358,42041.0,33.59086608886719,27.22625732421875,27.93344116210937,25.458328247070312,42.0
1970-11-29 17:55:34.002,29.12483596801757,95.78313446044922,188.0126953125,83.56060028076172,81.5,61.23046875,99.9493637084961,33.48519515991211,38.88334504926784,42041.0,32.69329833984375,26.029510498046875,26.192703247070312,25.431121826171875,42.0
1970-11-29 17:55:34.994,29.02644920349121,96.1445770263672,187.48372650146484,83.63636016845703,80.5,61.23046875,99.9493637084961,33.4737434387207,38.43634002112862,42041.0,31.65972900390625,29.56538391113281,26.899871826171875,22.4664306640625,42.0
1970-11-29 17:55:35.993,29.02644920349121,96.1445770263672,187.48372650146484,83.63636016845703,80.5,61.23046875,99.9493637084961,33.4737434387207,38.43634002112862,42041.0,31.65972900390625,29.56538391113281,26.899871826171875,22.4664306640625,42.0
1970-11-29 17:55:36.993,28.891876220703125,96.20481872558594,187.84993743896484,83.56060028076172,82.5,61.23046875,99.9493637084961,33.455692291259766,37.821815957892916,42041.0,33.80845642089844,29.918975830078125,25.89350891113281,26.845489501953125,42.0
1970-11-29 17:55:37.993,28.87980461120605,95.72289276123048,188.41960144042963,83.56060028076172,81.9000015258789,61.23046875,99.9493637084961,33.440860748291016,36.833492819490495,42041.0,37.48033142089844,31.63250732421875,25.89350891113281,28.17822265625,42.0
1970-11-29 17:55:39.003,28.87980461120605,95.72289276123048,188.41960144042963,83.56060028076172,81.9000015258789,61.23046875,99.9493637084961,33.440860748291016,36.833492819490495,42041.0,37.48033142089844,31.63250732421875,25.89350891113281,28.17822265625,42.0
1970-11-29 17:55:39.994,28.77645492553711,95.96385192871094,188.15104675292963,83.63636016845703,81.30000305175781,61.23046875,99.9493637084961,33.42860794067383,38.87331364770682,42041.0,33.91725158691406,29.184600830078125,25.75750732421875,26.383087158203125,42.0
1970-11-29 17:55:41.992,28.68156242370605,96.26506042480467,186.66992950439447,83.63636016845703,82.4000015258789,61.23046875,99.9493637084961,33.410545349121094,37.43750471740492,42041.0,36.093170166015625,29.53817749023437,23.41839599609375,23.173614501953125,42.0
1970-11-29 17:55:41.000,28.68156242370605,96.26506042480467,186.66992950439447,83.63636016845703,82.4000015258789,61.23046875,99.9493637084961,33.410545349121094,37.43750471740492,42041.0,36.093170166015625,29.53817749023437,23.41839599609375,23.173614501953125,42.0
1970-11-29 17:55:42.993,28.63116455078125,96.08433532714844,187.21517181396484,83.56060028076172,83.0999984741211,61.23046875,99.9493637084961,33.40150451660156,37.265774857011294,42041.0,35.27720642089844,29.9461669921875,23.744781494140625,27.33505249023437,42.0
1970-11-29 17:55:43.991,28.715442657470703,95.72289276123048,186.5966796875,83.56060028076172,82.5,61.23046875,99.9493637084961,33.3899040222168,37.678756562035005,42041.0,33.454864501953125,27.0086669921875,22.98321533203125,25.18634033203125,42.0
1970-11-29 17:55:44.990,28.715442657470703,95.72289276123048,186.5966796875,83.56060028076172,82.5,61.23046875,99.9493637084961,33.3899040222168,37.678756562035005,42041.0,33.454864501953125,27.0086669921875,22.98321533203125,25.18634033203125,42.0
1970-11-29 17:55:45.991,28.781024932861328,95.96385192871094,186.21419525146484,83.56060028076172,81.5,61.23046875,99.9493637084961,33.37279510498047,38.58583525309509,42041.0,31.36053466796875,29.86456298828125,24.615142822265625,25.48553466796875,42.0
1970-11-29 17:55:47.000,28.90558624267578,96.1445770263672,186.49903106689447,83.63636016845703,82.30000305175781,61.23046875,99.9493637084961,33.367916107177734,35.70758526708146,42041.0,31.08856201171875,29.483795166015625,27.93344116210937,21.677642822265625,42.0
1970-11-29 17:55:48.005,28.90558624267578,96.1445770263672,186.49903106689447,83.63636016845703,82.30000305175781,61.23046875,99.9493637084961,33.367916107177734,35.70758526708146,42041.0,31.08856201171875,29.483795166015625,27.93344116210937,21.677642822265625,42.0
1970-11-29 17:55:49.004,28.941835403442383,96.02409362792967,186.9384765625,83.56060028076172,81.4000015258789,61.23046875,99.9493637084961,33.35337448120117,36.67024145541902,42041.0,31.60533142089844,30.517349243164062,28.749420166015625,23.826385498046875,42.0
1970-11-29 17:55:49.990,29.02857208251953,95.90361785888672,186.95475769042963,83.56060028076172,82.20000457763672,61.23046875,99.9493637084961,33.33561706542969,36.78401614472961,42041.0,32.285308837890625,29.483795166015625,27.38946533203125,20.236114501953125,42.0
1970-11-29 17:55:51.003,29.021785736083984,96.08433532714844,186.2955780029297,83.56060028076172,82.30000305175781,61.23046875,99.9493637084961,33.32674026489258,35.71008126172221,42041.0,32.63890075683594,26.219894409179688,23.06480407714844,25.458328247070312,42.0
1970-11-29 17:55:51.993,29.021785736083984,96.08433532714844,186.2955780029297,83.56060028076172,82.30000305175781,61.23046875,99.9493637084961,33.32674026489258,35.71008126172221,42041.0,32.63890075683594,26.219894409179688,23.06480407714844,25.458328247070312,42.0
1970-11-29 17:55:53.990,28.918920516967773,95.84337615966795,186.34439849853516,83.63636016845703,82.20000457763672,61.23046875,99.9493637084961,33.29528045654297,36.53841040300971,42041.0,33.80845642089844,26.083892822265625,23.3367919921875,27.280670166015625,42.0
1970-11-29 17:55:53.000,28.951589584350582,96.1445770263672,185.12370300292963,83.56060028076172,82.30000305175781,61.23046875,99.9493637084961,33.30898666381836,36.62475012304853,42041.0,35.71240234375,27.688644409179688,19.80091857910156,26.301498413085938,42.0
1970-11-29 17:55:55.003,28.918920516967773,95.84337615966795,186.34439849853516,83.63636016845703,82.20000457763672,61.23046875,99.9493637084961,33.29528045654297,36.53841040300971,42041.0,33.80845642089844,26.083892822265625,23.3367919921875,27.280670166015625,42.0
1970-11-29 17:55:56.002,28.925243377685547,96.08433532714844,186.63737487792963,83.63636016845703,81.9000015258789,61.23046875,99.9493637084961,33.29214859008789,37.17636782946805,42041.0,32.203704833984375,28.151031494140625,23.66317749023437,26.21990966796875,42.0
1970-11-29 17:55:57.001,28.86956596374512,96.1445770263672,185.52245330810547,83.56060028076172,82.4000015258789,61.23046875,99.9529800415039,33.27952194213867,36.367305372692734,42041.0,33.101287841796875,28.368621826171875,24.99594116210937,23.47279357910156,42.0
1970-11-29 17:55:57.993,28.86956596374512,96.1445770263672,185.52245330810547,83.56060028076172,82.4000015258789,61.23046875,99.9529800415039,33.27952194213867,36.367305372692734,42041.0,33.101287841796875,28.368621826171875,24.99594116210937,23.47279357910156,42.0
1970-11-29 17:55:58.991,28.805334091186523,95.84337615966795,183.8704452514648,83.63636016845703,81.0999984741211,61.23046875,99.9529800415039,33.270809173583984,40.05295143630857,42041.0,33.72686767578125,26.899871826171875,21.677642822265625,17.97857666015625,42.0
1970-11-29 17:55:59.992,28.81551551818848,95.84337615966795,186.2467498779297,83.56060028076172,82.5999984741211,61.23046875,99.9493637084961,33.24849319458008,35.93577549461931,42041.0,29.946197509765625,26.219894409179688,24.53355407714844,25.86630249023437,42.0
1970-11-29 17:56:00.994,28.81551551818848,95.84337615966795,186.2467498779297,83.56060028076172,82.5999984741211,61.23046875,99.9493637084961,33.24849319458008,35.93577549461931,42041.0,29.946197509765625,26.219894409179688,24.53355407714844,25.86630249023437,42.0
1970-11-29 17:56:01.992,28.86209297180176,96.08433532714844,187.4267578125,83.56060028076172,81.5,61.23046875,99.9493637084961,33.22279357910156,37.40361295420071,42041.0,33.37327575683594,26.682281494140625,25.92071533203125,27.96063232421875,42.0
1970-11-29 17:56:02.993,28.8464298248291,96.20481872558594,187.28841400146484,83.56060028076172,82.4000015258789,61.23046875,99.9493637084961,33.214752197265625,38.18632308719011,42041.0,34.270843505859375,28.85821533203125,27.79745483398437,24.58795166015625,42.0
1970-11-29 17:56:03.991,28.8464298248291,96.20481872558594,187.28841400146484,83.56060028076172,82.4000015258789,61.23046875,99.9493637084961,33.214752197265625,38.18632308719011,42041.0,34.270843505859375,28.85821533203125,27.79745483398437,24.58795166015625,42.0
1970-11-29 17:56:04.993,28.816797256469727,96.02409362792967,186.17350769042963,83.63636016845703,81.80000305175781,61.23046875,99.9493637084961,33.183956146240234,37.39474001742486,42041.0,34.46124267578125,30.46295166015625,24.45196533203125,24.315963745117188,42.0
1970-11-29 17:56:05.992,28.8571891784668,95.84337615966795,186.53157806396484,83.56060028076172,81.30000305175781,61.23046875,99.9493637084961,33.15199661254883,38.32032539390982,42041.0,33.69966125488281,26.301483154296875,23.2008056640625,28.749420166015625,42.0
1970-11-29 17:56:07.002,28.8571891784668,95.84337615966795,186.53157806396484,83.56060028076172,81.30000305175781,61.23046875,99.9493637084961,33.15199661254883,38.32032539390982,42041.0,33.69966125488281,26.301483154296875,23.2008056640625,28.749420166015625,42.0
1970-11-29 17:56:07.992,28.95541000366211,96.02409362792967,187.52440643310547,83.56060028076172,82.30000305175781,61.23046875,99.9493637084961,33.13066482543945,37.26685968897648,42041.0,32.421295166015625,26.8726806640625,25.24072265625,28.015045166015625,42.0
1970-11-29 17:56:08.992,29.00965118408203,95.96385192871094,184.9609375,83.56060028076172,80.80000305175781,61.23046875,99.9493637084961,33.09498977661133,39.29945641554059,42041.0,35.16841125488281,28.6134033203125,20.78009033203125,22.847213745117188,42.0
1970-11-29 17:56:10.003,29.00965118408203,95.96385192871094,184.9609375,83.56060028076172,80.80000305175781,61.23046875,99.9493637084961,33.09498977661133,39.29945641554059,42041.0,35.16841125488281,28.6134033203125,20.78009033203125,22.847213745117188,42.0
1970-11-29 17:56:11.004,28.98944664001465,95.96385192871094,186.962890625,83.56060028076172,82.80000305175781,61.23046875,99.9493637084961,33.064605712890625,37.246883853278334,42041.0,31.632537841796875,27.44384765625,27.96063232421875,26.79107666015625,42.0
1970-11-29 17:56:11.993,29.013776779174805,96.1445770263672,186.4013671875,83.63636016845703,82.0,61.23046875,99.9493637084961,33.043636322021484,38.04807615253516,42041.0,32.63890075683594,30.000564575195312,28.25982666015625,23.227996826171875,42.0
1970-11-29 17:56:12.991,29.013776779174805,96.1445770263672,186.4013671875,83.63636016845703,82.0,61.23046875,99.9493637084961,33.043636322021484,38.04807615253516,42041.0,32.63890075683594,30.000564575195312,28.25982666015625,23.227996826171875,42.0
1970-11-29 17:56:13.995,29.00113677978516,96.02409362792967,187.1826171875,83.56060028076172,81.9000015258789,61.23046875,99.9529800415039,32.999664306640625,38.38458835899997,42041.0,33.645263671875,28.450225830078125,28.287017822265625,25.811920166015625,42.0
1970-11-29 17:56:14.995,28.94959831237793,95.78313446044922,185.4736328125,83.56060028076172,81.69999694824219,61.23046875,99.9493637084961,32.95606231689453,37.99746724305631,42041.0,32.01332092285156,29.102996826171875,25.648712158203125,26.899871826171875,42.0
1970-11-29 17:56:15.991,28.94959831237793,95.78313446044922,185.4736328125,83.56060028076172,81.69999694824219,61.23046875,99.9493637084961,32.95606231689453,37.99746724305631,42041.0,32.01332092285156,29.102996826171875,25.648712158203125,26.899871826171875,42.0
1970-11-29 17:56:16.993,28.859819412231445,95.90361785888672,187.58138275146484,83.63636016845703,82.4000015258789,61.23046875,99.9529800415039,32.94091033935547,36.318141265891285,42041.0,36.03878784179688,27.552642822265625,27.770248413085938,27.79745483398437,42.0
1970-11-29 17:56:17.991,28.836700439453125,96.20481872558594,186.62110137939447,83.63636016845703,82.20000457763672,61.23046875,99.9493637084961,32.90311050415039,37.710780186915095,42041.0,32.176513671875,30.27255249023437,24.12557983398437,24.99594116210937,42.0
1970-11-29 17:56:18.991,28.836700439453125,96.20481872558594,186.62110137939447,83.63636016845703,82.20000457763672,61.23046875,99.9493637084961,32.90311050415039,37.710780186915095,42041.0,32.176513671875,30.27255249023437,24.12557983398437,24.99594116210937,42.0
1970-11-29 17:56:20.004,28.75412940979004,96.08433532714844,186.71875762939447,83.63636016845703,82.70000457763672,61.23046875,99.9493637084961,32.862518310546875,35.877314003002894,42041.0,33.07408142089844,24.832733154296875,23.71759033203125,30.16375732421875,42.0
1970-11-29 17:56:20.992,28.720474243164062,95.90361785888672,185.92935943603516,83.56060028076172,83.20000457763672,61.23046875,99.9493637084961,32.8347282409668,34.863041480163105,42041.0,34.0804443359375,27.90625,24.098373413085938,23.744781494140625,42.0
1970-11-29 17:56:22.002,28.720474243164062,95.90361785888672,185.92935943603516,83.56060028076172,83.20000457763672,61.23046875,99.9493637084961,32.8347282409668,34.863041480163105,42041.0,34.0804443359375,27.90625,24.098373413085938,23.744781494140625,42.0
1970-11-29 17:56:22.992,28.69404029846192,96.02409362792967,186.0432891845703,83.63636016845703,81.5,61.23046875,99.9493637084961,32.805511474609375,39.82850624048578,42041.0,35.141204833984375,34.13482666015625,24.234375,24.0711669921875,42.0
1970-11-29 17:56:23.990,28.82278060913086,96.20481872558594,184.3587265014648,83.63636016845703,82.5,61.23046875,99.9493637084961,32.76557540893555,36.50573916261312,42041.0,34.0804443359375,30.571746826171875,23.227996826171875,26.1383056640625,42.0
1970-11-29 17:56:25.004,28.82278060913086,96.20481872558594,184.3587265014648,83.63636016845703,82.5,61.23046875,99.9493637084961,32.76557540893555,36.50573916261312,42041.0,34.0804443359375,30.571746826171875,23.227996826171875,26.1383056640625,42.0
1970-11-29 17:56:25.990,28.891891479492188,95.84337615966795,185.107421875,83.56060028076172,81.5,61.23046875,99.9493637084961,32.74382019042969,36.52082181341133,42041.0,30.435775756835938,29.048599243164062,22.874420166015625,19.01214599609375,42.0
1970-11-29 17:56:26.994,28.979612350463867,95.84337615966795,185.3271484375,83.56060028076172,82.30000305175781,61.23046875,99.9493637084961,32.71377944946289,36.07391581608727,42041.0,31.034149169921875,27.688644409179688,25.431121826171875,22.847213745117188,42.0
1970-11-29 17:56:27.991,28.979612350463867,95.84337615966795,185.3271484375,83.56060028076172,82.30000305175781,61.23046875,99.9493637084961,32.71377944946289,36.07391581608727,42041.0,31.034149169921875,27.688644409179688,25.431121826171875,22.847213745117188,42.0
1970-11-29 17:56:28.993,29.06525611877441,96.1445770263672,183.6751251220703,83.63636016845703,81.80000305175781,61.23046875,99.9493637084961,32.66811752319336,35.4538426682565,42041.0,31.65972900390625,27.280670166015625,23.581588745117188,22.167236328125,42.0
1970-11-29 17:56:29.992,29.104063034057617,96.02409362792967,185.90494537353516,83.63636016845703,82.0,61.23046875,99.9493637084961,32.64347457885742,37.41119874150914,42041.0,33.37327575683594,27.0086669921875,26.029510498046875,23.989578247070312,42.0
1970-11-29 17:56:30.991,29.104063034057617,96.02409362792967,185.90494537353516,83.63636016845703,82.0,61.23046875,99.9493637084961,32.64347457885742,37.41119874150914,42041.0,33.37327575683594,27.0086669921875,26.029510498046875,23.989578247070312,42.0
1970-11-29 17:56:32.001,28.99803924560547,95.90361785888672,186.4013671875,83.63636016845703,82.20000457763672,61.23046875,99.9493637084961,32.60525131225586,36.047375823865885,42041.0,29.59259033203125,30.626144409179688,28.586212158203125,23.826385498046875,42.0
1970-11-29 17:56:32.993,28.915010452270508,95.84337615966795,186.40950775146484,83.56060028076172,82.5999984741211,61.23046875,99.9493637084961,32.558494567871094,37.47237828379319,42041.0,32.938079833984375,28.586212158203125,24.99594116210937,25.512725830078125,42.0
1970-11-29 17:56:34.004,28.915010452270508,95.84337615966795,186.40950775146484,83.56060028076172,82.5999984741211,61.23046875,99.9493637084961,32.558494567871094,37.47237828379319,42041.0,32.938079833984375,28.586212158203125,24.99594116210937,25.512725830078125,42.0
1970-11-29 17:56:34.993,28.86054229736328,96.1445770263672,186.01888275146484,83.56060028076172,81.30000305175781,61.23046875,99.9529800415039,32.53816604614258,38.46594713082263,42041.0,34.189239501953125,28.93980407714844,24.50634765625,27.93344116210937,42.0
1970-11-29 17:56:36.001,28.81007575988769,96.1445770263672,185.00162506103516,83.63636016845703,82.0999984741211,61.23046875,99.9529800415039,32.49565505981445,37.18830751357667,42041.0,35.603607177734375,28.586212158203125,24.88714599609375,27.253463745117188,42.0
1970-11-29 17:56:37.001,28.81007575988769,96.1445770263672,185.00162506103516,83.63636016845703,82.0999984741211,61.23046875,99.9529800415039,32.49565505981445,37.18830751357667,42041.0,35.603607177734375,28.586212158203125,24.88714599609375,27.253463745117188,42.0
1970-11-29 17:56:37.991,28.80040168762207,95.78313446044922,186.27115631103516,83.56060028076172,81.4000015258789,61.23046875,99.9493637084961,32.44937896728516,39.393371195000164,42041.0,33.454864501953125,32.06768798828125,21.759246826171875,25.567123413085938,42.0
1970-11-29 17:56:38.991,28.799713134765625,95.96385192871094,185.8642578125,83.63636016845703,80.5999984741211,61.23046875,99.9529800415039,32.4317741394043,37.85480349344978,42041.0,36.555572509765625,30.109375,21.92245483398437,23.28240966796875,42.0
1970-11-29 17:56:40.993,28.87663650512696,96.20481872558594,188.14290618896484,83.56060028076172,81.80000305175781,61.23046875,99.9529800415039,32.381622314453125,38.069284583010166,42041.0,31.170150756835938,29.2117919921875,29.184600830078125,19.936920166015625,42.0
1970-11-29 17:56:40.000,28.799713134765625,95.96385192871094,185.8642578125,83.63636016845703,80.5999984741211,61.23046875,99.9529800415039,32.4317741394043,37.85480349344978,42041.0,36.555572509765625,30.109375,21.92245483398437,23.28240966796875,42.0
1970-11-29 17:56:41.990,28.880733489990234,96.1445770263672,188.72884368896484,83.56060028076172,82.80000305175781,61.23046875,99.9493637084961,32.32847595214844,35.36396993703928,42041.0,34.6788330078125,26.818267822265625,26.49188232421875,27.96063232421875,42.0
1970-11-29 17:56:42.994,28.880733489990234,96.1445770263672,188.72884368896484,83.56060028076172,82.80000305175781,61.23046875,99.9493637084961,32.32847595214844,35.36396993703928,42041.0,34.6788330078125,26.818267822265625,26.49188232421875,27.96063232421875,42.0
1970-11-29 17:56:43.991,28.919193267822266,95.78313446044922,190.771484375,83.56060028076172,81.69999694824219,61.23046875,99.9493637084961,32.31025314331055,37.93966674286601,42041.0,28.749420166015625,23.55438232421875,25.050338745117188,25.89350891113281,42.0
1970-11-29 17:56:44.995,28.94426727294922,95.90361785888672,192.4641876220703,83.63636016845703,82.5999984741211,61.23046875,99.9493637084961,32.25886154174805,37.180527721274515,42041.0,34.10765075683594,30.87094116210937,26.79107666015625,28.93980407714844,42.0
1970-11-29 17:56:45.992,28.94426727294922,95.90361785888672,192.4641876220703,83.63636016845703,82.5999984741211,61.23046875,99.9493637084961,32.25886154174805,37.180527721274515,42041.0,34.10765075683594,30.87094116210937,26.79107666015625,28.93980407714844,42.0
1970-11-29 17:56:46.993,28.985027313232425,96.26506042480467,191.39810943603516,83.63636016845703,82.30000305175781,61.23046875,99.9493637084961,32.216766357421875,37.47841786221592,42041.0,32.421295166015625,27.063064575195312,26.927078247070312,25.18634033203125,42.0
1970-11-29 17:56:47.990,28.944543838500977,96.08433532714844,191.1214141845703,83.56060028076172,82.0999984741211,61.23046875,99.9493637084961,32.19154357910156,38.113598585383315,42041.0,34.189239501953125,28.93980407714844,24.20716857910156,26.73667907714844,42.0
1970-11-29 17:56:48.992,28.944543838500977,96.08433532714844,191.1214141845703,83.56060028076172,82.0999984741211,61.23046875,99.9493637084961,32.19154357910156,38.113598585383315,42041.0,34.189239501953125,28.93980407714844,24.20716857910156,26.73667907714844,42.0
1970-11-29 17:56:49.992,28.94757652282715,95.72289276123048,191.65038299560547,83.56060028076172,82.0,61.23046875,99.9493637084961,32.135833740234375,39.4414528374005,42041.0,37.39874267578125,26.00230407714844,22.08563232421875,24.96875,42.0
1970-11-29 17:56:50.991,28.95152282714844,96.02409362792967,190.76334381103516,83.56060028076172,82.0,61.23046875,99.9493637084961,32.10072326660156,37.96701573812551,42041.0,35.92999267578125,28.151031494140625,28.66781616210937,28.042236328125,42.0
1970-11-29 17:56:52.002,28.95152282714844,96.02409362792967,190.76334381103516,83.56060028076172,82.0,61.23046875,99.9493637084961,32.10072326660156,37.96701573812551,42041.0,35.92999267578125,28.151031494140625,28.66781616210937,28.042236328125,42.0
1970-11-29 17:56:52.992,28.982324600219727,96.20481872558594,189.14388275146484,83.63636016845703,81.30000305175781,61.23046875,99.9493637084961,32.0733757019043,37.69286594974625,42041.0,32.203704833984375,28.722213745117188,22.95600891113281,21.7320556640625,42.0
1970-11-29 17:56:54.000,28.922901153564453,95.96385192871094,189.4124298095703,83.63636016845703,82.5,61.23046875,99.9493637084961,32.02146911621094,37.40174783186153,42041.0,33.50927734375,31.986099243164062,22.357635498046875,22.03125,42.0
1970-11-29 17:56:55.006,28.922901153564453,95.96385192871094,189.4124298095703,83.63636016845703,82.5,61.23046875,99.9493637084961,32.02146911621094,37.40174783186153,42041.0,33.50927734375,31.986099243164062,22.357635498046875,22.03125,42.0
1970-11-29 17:56:55.994,28.904273986816406,95.84337615966795,190.25064849853516,83.63636016845703,82.30000305175781,61.23046875,99.9493637084961,31.976463317871094,36.97185987956841,42041.0,32.85649108886719,25.594314575195312,25.784713745117188,25.24072265625,42.0
1970-11-29 17:56:56.994,28.87120819091797,95.96385192871094,189.51009368896484,83.56060028076172,81.69999694824219,61.23046875,99.9493637084961,31.953407287597656,36.62820493170696,42041.0,31.36053466796875,24.832733154296875,25.97509765625,24.85995483398437,42.0
1970-11-29 17:56:57.991,28.87120819091797,95.96385192871094,189.51009368896484,83.56060028076172,81.69999694824219,61.23046875,99.9493637084961,31.953407287597656,36.62820493170696,42041.0,31.36053466796875,24.832733154296875,25.97509765625,24.85995483398437,42.0
1970-11-29 17:56:58.990,28.89855194091797,96.08433532714844,190.8040313720703,83.56060028076172,82.20000457763672,61.23046875,99.9493637084961,31.911117553710938,36.11592772674099,42041.0,31.850128173828125,24.914337158203125,24.914337158203125,23.28240966796875,42.0
1970-11-29 17:57:00.003,28.827957153320312,95.96385192871094,190.95052337646484,83.63636016845703,82.0999984741211,61.23046875,99.9493637084961,31.858856201171875,38.64408826906068,42041.0,33.2100830078125,27.552642822265625,26.8726806640625,24.479156494140625,42.0
1970-11-29 17:57:01.001,28.827957153320312,95.96385192871094,190.95052337646484,83.63636016845703,82.0999984741211,61.23046875,99.9493637084961,31.858856201171875,38.64408826906068,42041.0,33.2100830078125,27.552642822265625,26.8726806640625,24.479156494140625,42.0
1970-11-29 17:57:01.994,28.84166145324707,95.84337615966795,191.0807342529297,83.56060028076172,82.4000015258789,61.23046875,99.9493637084961,31.837787628173828,38.285945746728615,42041.0,33.835662841796875,24.88714599609375,26.73667907714844,24.642364501953125,42.0
1970-11-29 17:57:02.995,28.85855865478516,96.08433532714844,189.93326568603516,83.56060028076172,82.20000457763672,61.23046875,99.9493637084961,31.7978630065918,39.470609766059866,42041.0,32.63890075683594,28.586212158203125,24.26156616210937,27.307861328125,42.0
1970-11-29 17:57:03.994,28.887371063232425,96.1445770263672,189.6403045654297,83.63636016845703,82.0999984741211,61.23046875,99.9493637084961,31.74964904785156,37.88525035684332,42041.0,35.957183837890625,26.029510498046875,22.95600891113281,24.370361328125,42.0
1970-11-29 17:57:04.992,28.887371063232425,96.1445770263672,189.6403045654297,83.63636016845703,82.0999984741211,61.23046875,99.9493637084961,31.74964904785156,37.88525035684332,42041.0,35.957183837890625,26.029510498046875,22.95600891113281,24.370361328125,42.0
1970-11-29 17:57:05.992,28.85266876220703,95.96385192871094,189.73795318603516,83.63636016845703,82.0999984741211,61.23046875,99.9493637084961,31.729042053222656,37.26923996311787,42041.0,33.400482177734375,28.39581298828125,22.73841857910156,22.711212158203125,42.0
1970-11-29 17:57:07.000,28.85266876220703,95.96385192871094,189.73795318603516,83.63636016845703,82.0999984741211,61.23046875,99.9493637084961,31.729042053222656,37.26923996311787,42041.0,33.400482177734375,28.39581298828125,22.73841857910156,22.711212158203125,42.0
1970-11-29 17:57:08.002,28.839290618896484,95.90361785888672,189.94954681396484,83.56060028076172,80.5999984741211,61.23046875,99.9493637084961,31.697452545166016,37.45166795920713,42041.0,33.56365966796875,28.66781616210937,27.09027099609375,25.59432983398437,42.0
1970-11-29 17:57:09.000,28.85955810546875,96.08433532714844,189.99837493896484,83.56060028076172,82.0,61.23046875,99.9493637084961,31.659324645996094,38.971700090940814,42041.0,38.64990234375,28.09663391113281,25.839111328125,24.723953247070312,42.0
1970-11-29 17:57:10.002,28.85955810546875,96.08433532714844,189.99837493896484,83.56060028076172,82.0,61.23046875,99.9493637084961,31.659324645996094,38.971700090940814,42041.0,38.64990234375,28.09663391113281,25.839111328125,24.723953247070312,42.0
1970-11-29 17:57:10.991,28.928430557250977,96.02409362792967,188.4521484375,83.63636016845703,82.20000457763672,61.23046875,99.9493637084961,31.638595581054688,38.032226248479496,42041.0,34.406829833984375,31.60531616210937,27.87904357910156,26.62788391113281,42.0
1970-11-29 17:57:12.002,28.96782112121582,95.90361785888672,189.93326568603516,83.63636016845703,82.5,61.23046875,99.9493637084961,31.601051330566406,36.81398106769648,42041.0,33.29168701171875,25.485519409179688,24.832748413085938,26.301498413085938,42.0
1970-11-29 17:57:13.003,28.96782112121582,95.90361785888672,189.93326568603516,83.63636016845703,82.5,61.23046875,99.9493637084961,31.601051330566406,36.81398106769648,42041.0,33.29168701171875,25.485519409179688,24.832748413085938,26.301498413085938,42.0
1970-11-29 17:57:13.990,28.9785270690918,96.08433532714844,189.00553131103516,83.56060028076172,81.9000015258789,61.23046875,99.9493637084961,31.5567626953125,37.761692384711104,42041.0,33.3460693359375,29.701385498046875,26.32870483398437,27.770248413085938,42.0
1970-11-29 17:57:14.990,29.034814834594727,96.02409362792967,190.93424224853516,83.56060028076172,81.30000305175781,61.23046875,99.9493637084961,31.534122467041016,37.62388250893983,42041.0,31.686920166015625,22.765625,28.776611328125,29.102996826171875,42.0
1970-11-29 17:57:15.991,29.034814834594727,96.02409362792967,190.93424224853516,83.56060028076172,81.30000305175781,61.23046875,99.9493637084961,31.534122467041016,37.62388250893983,42041.0,31.686920166015625,22.765625,28.776611328125,29.102996826171875,42.0
1970-11-29 17:57:16.993,29.01312255859375,96.02409362792967,191.00748443603516,83.56060028076172,82.4000015258789,61.23046875,99.9493637084961,31.49443817138672,37.59061120098622,42041.0,35.5491943359375,28.151031494140625,28.99420166015625,26.519088745117188,42.0
1970-11-29 17:57:17.990,28.962018966674805,95.96385192871094,191.5608673095703,83.63636016845703,82.9000015258789,61.23046875,99.9493637084961,31.4610595703125,37.08766059780016,42041.0,35.76678466796875,33.53643798828125,23.52719116210937,26.49188232421875,42.0
1970-11-29 17:57:19.004,28.962018966674805,95.96385192871094,191.5608673095703,83.63636016845703,82.9000015258789,61.23046875,99.9493637084961,31.4610595703125,37.08766059780016,42041.0,35.76678466796875,33.53643798828125,23.52719116210937,26.49188232421875,42.0
1970-11-29 17:57:19.993,28.89751434326172,95.90361785888672,188.623046875,83.63636016845703,80.69999694824219,61.23046875,99.9493637084961,31.44477844238281,39.69179531926746,42041.0,36.03878784179688,28.531814575195312,25.32232666015625,23.880767822265625,42.0
1970-11-29 17:57:20.992,28.903545379638672,96.02409362792967,187.5813827514648,83.56060028076172,81.19999694824219,61.23046875,99.9493637084961,31.41221237182617,39.4859188287122,42041.0,35.440399169921875,28.232635498046875,23.880767822265625,23.69038391113281,42.0
1970-11-29 17:57:22.002,28.903545379638672,96.02409362792967,187.5813827514648,83.56060028076172,81.19999694824219,61.23046875,99.9493637084961,31.41221237182617,39.4859188287122,42041.0,35.440399169921875,28.232635498046875,23.880767822265625,23.69038391113281,42.0
1970-11-29 17:57:22.991,28.835983276367188,96.1445770263672,188.51725006103516,83.56060028076172,82.80000305175781,61.23046875,99.9493637084961,31.37964630126953,36.034776787958485,42041.0,35.90278625488281,26.19268798828125,23.608795166015625,25.26792907714844,42.0
1970-11-29 17:57:23.992,28.76861953735352,95.96385192871094,188.4114532470703,83.56060028076172,81.9000015258789,61.23046875,99.9529800415039,31.36336135864257,35.68278560783693,42041.0,33.78125,28.776611328125,23.227996826171875,23.880767822265625,42.0
1970-11-29 17:57:25.003,28.76861953735352,95.96385192871094,188.4114532470703,83.56060028076172,81.9000015258789,61.23046875,99.9529800415039,31.36336135864257,35.68278560783693,42041.0,33.78125,28.776611328125,23.227996826171875,23.880767822265625,42.0
1970-11-29 17:57:25.992,28.74805450439453,95.84337615966795,189.02995300292963,83.63636016845703,81.80000305175781,61.23046875,99.9493637084961,31.33160781860352,37.624665312302206,42041.0,32.44850158691406,28.91259765625,23.52719116210937,27.280670166015625,42.0
1970-11-29 17:57:26.991,28.796445846557617,96.02409362792967,187.02799224853516,83.63636016845703,81.4000015258789,61.23046875,99.9493637084961,31.312938690185547,37.188944411212596,42041.0,31.46932983398437,32.20368957519531,22.575225830078125,22.765625,42.0
1970-11-29 17:57:27.991,28.796445846557617,96.02409362792967,187.02799224853516,83.63636016845703,81.4000015258789,61.23046875,99.9493637084961,31.312938690185547,37.188944411212596,42041.0,31.46932983398437,32.20368957519531,22.575225830078125,22.765625,42.0
1970-11-29 17:57:29.005,28.750015258789062,96.20481872558594,188.60677337646484,83.63636016845703,82.0999984741211,61.23046875,99.9493637084961,31.300067901611328,35.17849124889009,42041.0,30.59896850585937,25.349517822265625,28.83100891113281,27.0086669921875,42.0
1970-11-29 17:57:29.991,28.79494857788086,96.02409362792967,188.4521484375,83.56060028076172,81.5999984741211,61.23046875,99.9493637084961,31.28997039794922,37.031905472176106,42041.0,31.30615234375,29.456588745117188,27.035873413085938,26.46469116210937,42.0
1970-11-29 17:57:30.994,28.79494857788086,96.02409362792967,188.4521484375,83.56060028076172,81.5999984741211,61.23046875,99.9493637084961,31.28997039794922,37.031905472176106,42041.0,31.30615234375,29.456588745117188,27.035873413085938,26.46469116210937,42.0
1970-11-29 17:57:31.992,28.912582397460938,95.96385192871094,189.35546875,83.56060028076172,82.30000305175781,61.23046875,99.9493637084961,31.26241683959961,37.84479329116563,42041.0,32.63890075683594,25.89350891113281,23.962371826171875,28.53182983398437,42.0
1970-11-29 17:57:33.005,28.96912002563477,96.08433532714844,189.4205780029297,83.63636016845703,81.19999694824219,61.23046875,99.9493637084961,31.25229263305664,39.157198481290884,42041.0,31.82293701171875,28.6134033203125,30.81654357910156,24.479156494140625,42.0
1970-11-29 17:57:34.004,28.938371658325195,95.96385192871094,188.623046875,83.63636016845703,80.19999694824219,61.23046875,99.9493637084961,31.23717498779297,40.38385527695318,42041.0,36.1475830078125,29.64697265625,24.615142822265625,21.56884765625,42.0
1970-11-29 17:57:35.001,28.938371658325195,95.96385192871094,188.623046875,83.63636016845703,80.19999694824219,61.23046875,99.9493637084961,31.23717498779297,40.38385527695318,42041.0,36.1475830078125,29.64697265625,24.615142822265625,21.56884765625,42.0
1970-11-29 17:57:36.003,29.0100154876709,95.96385192871094,187.0198516845703,83.56060028076172,80.80000305175781,61.23046875,99.9493637084961,31.207698822021484,38.50957411577409,42041.0,35.90278625488281,23.9351806640625,24.20716857910156,24.179962158203125,41.97499942779541
1970-11-29 17:57:37.003,29.089284896850582,95.96385192871094,187.21517181396484,83.56060028076172,82.30000305175781,61.23046875,99.9493637084961,31.19786834716797,36.23808217117607,42041.0,33.754058837890625,28.368621826171875,26.083892822265625,23.77197265625,42.0
1970-11-29 17:57:37.994,29.089284896850582,95.96385192871094,187.21517181396484,83.56060028076172,82.30000305175781,61.23046875,99.9493637084961,31.19786834716797,36.23808217117607,42041.0,33.754058837890625,28.368621826171875,26.083892822265625,23.77197265625,42.0
1970-11-29 17:57:38.994,29.1062126159668,96.08433532714844,188.7939453125,83.56060028076172,82.4000015258789,61.23046875,99.9493637084961,31.17428970336914,37.038533717937,42041.0,34.134857177734375,29.9461669921875,25.512725830078125,22.24884033203125,42.0
1970-11-29 17:57:39.993,28.968936920166016,96.02409362792967,189.05436706542963,83.63636016845703,81.69999694824219,61.23046875,99.9493637084961,31.149208068847656,38.95206236264709,42041.0,33.400482177734375,31.14292907714844,26.32870483398437,28.504623413085938,42.0
1970-11-29 17:57:40.992,28.968936920166016,96.02409362792967,189.05436706542963,83.63636016845703,81.69999694824219,61.23046875,99.9493637084961,31.149208068847656,38.95206236264709,42041.0,33.400482177734375,31.14292907714844,26.32870483398437,28.504623413085938,42.0
1970-11-29 17:57:41.994,28.81625747680664,95.78313446044922,190.087890625,83.63636016845703,81.69999694824219,61.23046875,99.9493637084961,31.13875961303711,37.989810046559384,42041.0,31.850128173828125,30.8165283203125,25.73031616210937,25.92071533203125,41.97499942779541
1970-11-29 17:57:43.004,28.84001541137696,95.96385192871094,188.85091400146484,83.63636016845703,81.9000015258789,61.23046875,99.9493637084961,31.1291732788086,37.54006468315741,42041.0,31.115753173828125,30.0821533203125,27.035873413085938,24.723953247070312,42.0
1970-11-29 17:57:44.004,28.84001541137696,95.96385192871094,188.85091400146484,83.63636016845703,81.9000015258789,61.23046875,99.9493637084961,31.1291732788086,37.54006468315741,42041.0,31.115753173828125,30.0821533203125,27.035873413085938,24.723953247070312,42.0
1970-11-29 17:57:45.004,28.80213165283203,96.08433532714844,188.05338287353516,83.56060028076172,83.30000305175781,61.23046875,99.9493637084961,31.10451889038086,36.95944760384546,42041.0,34.6788330078125,28.640625,26.60067749023437,25.050338745117188,41.97499942779541
1970-11-29 17:57:45.994,28.69116401672364,96.02409362792967,188.61490631103516,83.56060028076172,82.5,61.23046875,99.9493637084961,31.07666778564453,38.38313868507839,42041.0,33.672454833984375,27.52545166015625,27.93344116210937,28.25982666015625,41.97499942779541
1970-11-29 17:57:47.001,28.69116401672364,96.02409362792967,188.61490631103516,83.56060028076172,82.5,61.23046875,99.9493637084961,31.07666778564453,38.38313868507839,42041.0,33.672454833984375,27.52545166015625,27.93344116210937,28.25982666015625,41.97499942779541
1970-11-29 17:57:48.001,28.6372013092041,95.90361785888672,187.49186706542963,83.63636016845703,82.5,61.23046875,99.9493637084961,31.059112548828125,38.23509330304012,42041.0,32.44850158691406,25.839111328125,26.682281494140625,26.1383056640625,42.0
1970-11-29 17:57:48.992,28.72945785522461,96.08433532714844,187.7278594970703,83.63636016845703,81.80000305175781,61.23046875,99.9493637084961,31.028823852539062,38.21901914090016,42041.0,34.488433837890625,27.96063232421875,24.42475891113281,25.104736328125,41.97499942779541
1970-11-29 17:57:50.005,28.72945785522461,96.08433532714844,187.7278594970703,83.63636016845703,81.80000305175781,61.23046875,99.9493637084961,31.028823852539062,38.21901914090016,42041.0,34.488433837890625,27.96063232421875,24.42475891113281,25.104736328125,41.97499942779541
1970-11-29 17:57:50.990,28.762767791748047,96.02409362792967,187.95572662353516,83.56060028076172,82.20000457763672,61.23046875,99.9529800415039,30.99853515625,35.24956727378973,42041.0,29.15740966796875,30.89813232421875,25.89350891113281,24.370361328125,41.97499942779541
1970-11-29 17:57:51.991,28.88885307312012,95.84337615966795,187.744140625,83.56060028076172,81.80000305175781,61.23046875,99.9529800415039,30.98339080810547,36.43001109396035,42041.0,28.967025756835938,30.59893798828125,27.09027099609375,29.238998413085938,41.97499942779541
1970-11-29 17:57:52.991,28.88885307312012,95.84337615966795,187.744140625,83.56060028076172,81.80000305175781,61.23046875,99.9529800415039,30.98339080810547,36.43001109396035,42041.0,28.967025756835938,30.59893798828125,27.09027099609375,29.238998413085938,41.97499942779541
1970-11-29 17:57:53.994,29.01582717895508,95.96385192871094,187.5569610595703,83.63636016845703,83.0,61.23046875,99.9529800415039,30.955543518066406,37.143392505579236,42041.0,31.7413330078125,30.6805419921875,25.92071533203125,25.18634033203125,41.97499942779541
1970-11-29 17:57:54.993,29.19939041137696,96.1445770263672,188.37891387939447,83.63636016845703,82.20000457763672,61.23046875,99.9529800415039,30.926902770996094,37.79395893497176,42041.0,32.44850158691406,29.837371826171875,28.395828247070312,27.715850830078125,41.97499942779541
1970-11-29 17:57:55.994,29.19939041137696,96.1445770263672,188.37891387939447,83.63636016845703,82.20000457763672,61.23046875,99.9529800415039,30.926902770996094,37.79395893497176,42041.0,32.44850158691406,29.837371826171875,28.395828247070312,27.715850830078125,41.97499942779541
1970-11-29 17:57:57.001,29.2639102935791,96.1445770263672,188.134765625,83.63636016845703,81.4000015258789,61.23046875,99.9493637084961,30.9150619506836,37.84311631375329,42041.0,29.918991088867188,26.65509033203125,29.021392822265625,24.50634765625,41.97499942779541
1970-11-29 17:57:58.001,29.27923393249512,95.84337615966795,187.8011016845703,83.56060028076172,82.5,61.23046875,99.9529800415039,30.892318725585938,36.246502076673636,42041.0,32.77490234375,31.4149169921875,26.8726806640625,24.75115966796875,41.97499942779541
1970-11-29 17:57:58.992,29.27923393249512,95.84337615966795,187.8011016845703,83.56060028076172,82.5,61.23046875,99.9529800415039,30.892318725585938,36.246502076673636,42041.0,32.77490234375,31.4149169921875,26.8726806640625,24.75115966796875,41.97499942779541
1970-11-29 17:58:00.003,29.269615173339844,95.78313446044922,187.5325469970703,83.56060028076172,82.80000305175781,61.23046875,99.9493637084961,30.86235809326172,37.054838655863904,42041.0,35.33160400390625,30.653350830078125,26.383087158203125,25.97509765625,41.97499942779541
1970-11-29 17:58:01.002,29.25200080871582,96.20481872558594,188.330078125,83.63636016845703,81.0999984741211,61.23046875,99.9493637084961,30.847373962402344,38.94135124809987,42041.0,34.43403625488281,27.0086669921875,26.818267822265625,27.851837158203125,41.97499942779541
1970-11-29 17:58:01.990,29.25200080871582,96.20481872558594,188.330078125,83.63636016845703,81.0999984741211,61.23046875,99.9493637084961,30.847373962402344,38.94135124809987,42041.0,34.43403625488281,27.0086669921875,26.818267822265625,27.851837158203125,41.97499942779541
1970-11-29 17:58:02.993,29.111352920532227,96.1445770263672,186.97916412353516,83.63636016845703,81.0999984741211,61.23046875,99.9529800415039,30.832130432128903,36.11396700708844,42041.0,30.59896850585937,28.99420166015625,24.94154357910156,22.520828247070312,41.97499942779541
1970-11-29 17:58:03.994,28.935415267944336,95.96385192871094,187.08495330810547,83.63636016845703,82.0999984741211,61.23046875,99.9493637084961,30.802494049072266,37.459162528094836,42041.0,35.19561767578125,32.040496826171875,24.098373413085938,26.49188232421875,41.97499942779541
1970-11-29 17:58:04.990,28.935415267944336,95.96385192871094,187.08495330810547,83.63636016845703,82.0999984741211,61.23046875,99.9493637084961,30.802494049072266,37.459162528094836,42041.0,35.19561767578125,32.040496826171875,24.098373413085938,26.49188232421875,41.97499942779541
1970-11-29 17:58:05.991,28.82672882080078,96.02409362792967,189.07877349853516,83.56060028076172,81.80000305175781,61.23046875,99.9493637084961,30.78767776489257,35.558607836115876,42041.0,34.515625,30.87094116210937,25.431121826171875,25.13192749023437,41.97499942779541
1970-11-29 17:58:06.995,28.709402084350582,95.90361785888672,188.43587493896484,83.56060028076172,82.30000305175781,61.23046875,99.9493637084961,30.758037567138672,38.15900935390957,42041.0,31.0069580078125,29.619781494140625,25.13192749023437,29.048614501953125,42.0
1970-11-29 17:58:07.993,28.709402084350582,95.90361785888672,188.43587493896484,83.56060028076172,82.30000305175781,61.23046875,99.9493637084961,30.758037567138672,38.15900935390957,42041.0,31.0069580078125,29.619781494140625,25.13192749023437,29.048614501953125,42.0
1970-11-29 17:58:08.992,28.55732154846192,95.96385192871094,188.8265075683593,83.63636016845703,82.5,61.23046875,99.9493637084961,30.72840118408203,37.68481179963399,42041.0,31.034149169921875,31.088531494140625,24.58795166015625,24.85995483398437,42.0
1970-11-29 17:58:09.990,28.502302169799805,96.08433532714844,187.3209686279297,83.63636016845703,81.5,61.23046875,99.9493637084961,30.72007369995117,39.820758240335294,42041.0,33.80845642089844,24.696746826171875,26.70947265625,22.30322265625,41.97499942779541
1970-11-29 17:58:10.993,28.502302169799805,96.08433532714844,187.3209686279297,83.63636016845703,81.5,61.23046875,99.9493637084961,30.72007369995117,39.820758240335294,42041.0,33.80845642089844,24.696746826171875,26.70947265625,22.30322265625,41.97499942779541
1970-11-29 17:58:12.004,28.60677528381348,95.96385192871094,187.02799224853516,83.56060028076172,82.0,61.23046875,99.9493637084961,30.696308135986328,37.75523271509646,42041.0,33.72686767578125,29.048599243164062,26.573486328125,26.083892822265625,42.0
1970-11-29 17:58:12.995,28.74140930175781,95.90361785888672,188.07779693603516,83.56060028076172,82.80000305175781,61.23046875,99.9529800415039,30.6652946472168,35.6625574631941,42041.0,33.91725158691406,28.12384033203125,27.36225891113281,22.901611328125,41.97499942779541
1970-11-29 17:58:13.995,28.74140930175781,95.90361785888672,188.07779693603516,83.56060028076172,82.80000305175781,61.23046875,99.9529800415039,30.6652946472168,35.6625574631941,42041.0,33.91725158691406,28.12384033203125,27.36225891113281,22.901611328125,41.97499942779541
1970-11-29 17:58:14.993,28.897592544555664,96.02409362792967,188.0126953125,83.56060028076172,82.5,61.23046875,99.9529800415039,30.65546989440918,36.041582212155625,42041.0,35.522003173828125,29.238983154296875,26.05670166015625,21.8680419921875,41.97499942779541
1970-11-29 17:58:15.992,29.056554794311523,96.1445770263672,188.2242889404297,83.56060028076172,81.5,61.23046875,99.9493637084961,30.64006805419922,38.451885955385464,42041.0,34.76043701171875,28.640625,27.33505249023437,23.52719116210937,42.0
1970-11-29 17:58:16.991,29.056554794311523,96.1445770263672,188.2242889404297,83.56060028076172,81.5,61.23046875,99.9493637084961,30.64006805419922,38.451885955385464,42041.0,34.76043701171875,28.640625,27.33505249023437,23.52719116210937,42.0
1970-11-29 17:58:17.992,29.184200286865234,95.96385192871094,187.255859375,83.63636016845703,80.9000015258789,61.23046875,99.9493637084961,30.616783142089844,38.78325259530044,42041.0,33.754058837890625,25.32232666015625,22.82000732421875,23.907989501953125,42.0
1970-11-29 17:58:18.992,29.19956016540528,95.90361785888672,187.05240631103516,83.63636016845703,82.0999984741211,61.23046875,99.9493637084961,30.603975296020508,36.862131302159334,42041.0,34.379638671875,30.054962158203125,25.89350891113281,21.59605407714844,42.0
1970-11-29 17:58:19.990,29.19956016540528,95.90361785888672,187.05240631103516,83.63636016845703,82.0999984741211,61.23046875,99.9493637084961,30.603975296020508,36.862131302159334,42041.0,34.379638671875,30.054962158203125,25.89350891113281,21.59605407714844,42.0
1970-11-29 17:58:21.004,29.11916160583496,95.96385192871094,187.4267578125,83.63636016845703,81.69999694824219,61.23046875,99.9529800415039,30.58252143859864,37.323254923894794,42041.0,33.672454833984375,29.701385498046875,27.498260498046875,22.493621826171875,42.0
1970-11-29 17:58:21.990,28.993032455444336,96.08433532714844,186.87337493896484,83.63636016845703,81.69999694824219,61.23046875,99.9493637084961,30.559579849243164,36.96449117241253,42041.0,34.21644592285156,29.021392822265625,22.73841857910156,27.14466857910156,42.0
1970-11-29 17:58:22.994,28.993032455444336,96.08433532714844,186.87337493896484,83.63636016845703,81.69999694824219,61.23046875,99.9493637084961,30.559579849243164,36.96449117241253,42041.0,34.21644592285156,29.021392822265625,22.73841857910156,27.14466857910156,42.0
1970-11-29 17:58:23.994,28.95915603637696,96.02409362792967,188.10221099853516,83.63636016845703,82.20000457763672,61.23046875,99.9493637084961,30.546934127807617,36.674735680274786,42041.0,33.50927734375,29.64697265625,23.608795166015625,27.0086669921875,41.97499942779541
1970-11-29 17:58:24.994,28.81732749938965,95.96385192871094,188.03711700439447,83.56060028076172,82.70000457763672,61.23046875,99.9529800415039,30.52585220336914,35.3058304159511,42041.0,32.01332092285156,32.122100830078125,23.581588745117188,27.22625732421875,42.0
1970-11-29 17:58:26.004,28.81732749938965,95.96385192871094,188.03711700439447,83.56060028076172,82.70000457763672,61.23046875,99.9529800415039,30.52585220336914,35.3058304159511,42041.0,32.01332092285156,32.122100830078125,23.581588745117188,27.22625732421875,42.0
1970-11-29 17:58:26.993,28.682756423950195,95.90361785888672,187.4430389404297,83.56060028076172,82.5999984741211,61.23046875,99.9493637084961,30.504863739013672,37.75676659667742,42041.0,32.99249267578125,27.8790283203125,24.778350830078125,25.15913391113281,42.0
1970-11-29 17:58:27.993,28.62694358825684,96.02409362792967,185.9212188720703,83.63636016845703,81.9000015258789,61.23046875,99.9493637084961,30.493207931518555,36.280147138041954,42041.0,29.701400756835938,28.93980407714844,24.94154357910156,28.06942749023437,42.0
1970-11-29 17:58:29.003,28.62694358825684,96.02409362792967,185.9212188720703,83.63636016845703,81.9000015258789,61.23046875,99.9493637084961,30.493207931518555,36.280147138041954,42041.0,29.701400756835938,28.93980407714844,24.94154357910156,28.06942749023437,42.0
1970-11-29 17:58:29.990,28.70002174377441,96.08433532714844,187.0849609375,83.63636016845703,81.9000015258789,61.23046875,99.9493637084961,30.46917724609375,37.8058418920831,42041.0,35.5491943359375,31.11572265625,28.12384033203125,25.97509765625,42.0
1970-11-29 17:58:30.990,28.729143142700195,95.78313446044922,186.865234375,83.63636016845703,81.0,61.23046875,99.9493637084961,30.44197654724121,38.97238511002105,42041.0,34.10765075683594,26.981475830078125,25.67591857910156,17.951385498046875,42.0
1970-11-29 17:58:31.994,28.729143142700195,95.78313446044922,186.865234375,83.63636016845703,81.0,61.23046875,99.9493637084961,30.44197654724121,38.97238511002105,42041.0,34.10765075683594,26.981475830078125,25.67591857910156,17.951385498046875,42.0
1970-11-29 17:58:32.993,28.888086318969727,95.90361785888672,186.53157806396484,83.56060028076172,82.70000457763672,61.23046875,99.9529800415039,30.435300827026367,35.112901192861834,42041.0,34.6788330078125,26.899871826171875,25.050338745117188,27.171875,42.0
1970-11-29 17:58:33.993,28.956771850585938,96.20481872558594,187.29654693603516,83.56060028076172,82.0999984741211,61.23046875,99.9493637084961,30.407455444335938,35.55672346843118,42041.0,33.019683837890625,28.69500732421875,26.05670166015625,21.07928466796875,42.0
1970-11-29 17:58:34.995,28.956771850585938,96.20481872558594,187.29654693603516,83.56060028076172,82.0999984741211,61.23046875,99.9493637084961,30.407455444335938,35.55672346843118,42041.0,33.019683837890625,28.69500732421875,26.05670166015625,21.07928466796875,42.0
1970-11-29 17:58:35.992,29.063121795654297,95.96385192871094,186.6048126220703,83.63636016845703,82.9000015258789,61.23046875,99.9493637084961,30.408992767333984,35.68254758704313,42041.0,34.488433837890625,31.469314575195312,24.315963745117188,22.493621826171875,42.0
1970-11-29 17:58:37.004,29.038997650146484,95.84337615966795,186.7431640625,83.63636016845703,81.5,61.23046875,99.9493637084961,30.38179588317871,37.82896443026699,42042.0,33.618072509765625,28.09663391113281,23.744781494140625,26.65509033203125,42.0
1970-11-29 17:58:38.001,29.038997650146484,95.84337615966795,186.7431640625,83.63636016845703,81.5,61.23046875,99.9493637084961,30.38179588317871,37.82896443026699,42042.0,33.618072509765625,28.09663391113281,23.744781494140625,26.65509033203125,42.0
1970-11-29 17:58:38.993,29.03172492980957,96.08433532714844,185.8154296875,83.56060028076172,80.80000305175781,61.23046875,99.9493637084961,30.35460090637207,38.648430439948534,42042.0,32.96528625488281,29.8101806640625,26.1383056640625,27.6070556640625,42.0
1970-11-29 17:58:39.994,28.98080444335937,96.08433532714844,186.97916412353516,83.56060028076172,81.80000305175781,61.23046875,99.9493637084961,30.34100341796875,39.07604436614602,42042.0,32.63890075683594,31.14292907714844,23.962371826171875,24.88714599609375,42.0
1970-11-29 17:58:41.001,28.98080444335937,96.08433532714844,186.97916412353516,83.56060028076172,81.80000305175781,61.23046875,99.9493637084961,30.34100341796875,39.07604436614602,42042.0,32.63890075683594,31.14292907714844,23.962371826171875,24.88714599609375,42.0
1970-11-29 17:58:42.001,28.97030639648437,95.96385192871094,184.7737579345703,83.63636016845703,81.5999984741211,61.23046875,99.9493637084961,30.31380844116211,38.298718844115506,42042.0,32.176513671875,27.7430419921875,25.92071533203125,25.349517822265625,42.0
1970-11-29 17:58:43.005,28.8707332611084,95.84337615966795,188.09407806396484,83.56060028076172,83.30000305175781,61.23046875,99.9493637084961,30.28172874450684,34.65846833686793,42042.0,33.26446533203125,30.354156494140625,25.13192749023437,26.818267822265625,42.0
1970-11-29 17:58:43.993,28.8707332611084,95.84337615966795,188.09407806396484,83.56060028076172,83.30000305175781,61.23046875,99.9493637084961,30.28172874450684,34.65846833686793,42042.0,33.26446533203125,30.354156494140625,25.13192749023437,26.818267822265625,42.0
1970-11-29 17:58:44.992,28.82453727722168,96.02409362792967,186.57225799560547,83.56060028076172,80.9000015258789,61.23046875,99.9493637084961,30.24370574951172,38.880664891563256,42042.0,31.93173217773437,30.87094116210937,28.91259765625,22.98321533203125,42.0
1970-11-29 17:58:45.990,28.82453727722168,96.02409362792967,186.57225799560547,83.56060028076172,80.9000015258789,61.23046875,99.9493637084961,30.24370574951172,38.880664891563256,42042.0,31.93173217773437,30.87094116210937,28.91259765625,22.98321533203125,42.0
1970-11-29 17:58:46.991,28.8530387878418,96.1445770263672,186.90592956542963,83.63636016845703,81.5999984741211,61.23046875,99.9529800415039,30.20852851867676,36.37991533453883,42042.0,35.005218505859375,25.97509765625,24.343170166015625,18.9305419921875,42.0
1970-11-29 17:58:47.994,28.86550712585449,96.02409362792967,186.95475006103516,83.56060028076172,81.9000015258789,61.23046875,99.9493637084961,30.180519104003903,37.74499345473413,42042.0,33.72686767578125,29.53817749023437,26.41029357910156,25.349517822265625,42.0
1970-11-29 17:58:49.004,28.86550712585449,96.02409362792967,186.95475006103516,83.56060028076172,81.9000015258789,61.23046875,99.9493637084961,30.180519104003903,37.74499345473413,42042.0,33.72686767578125,29.53817749023437,26.41029357910156,25.349517822265625,42.0
1970-11-29 17:58:50.002,28.82310104370117,95.90361785888672,187.26399993896484,83.56060028076172,82.0,61.23046875,99.9493637084961,30.1665153503418,36.87139302070211,42042.0,35.71240234375,26.328689575195312,27.47105407714844,25.15913391113281,42.0
1970-11-29 17:58:51.002,28.80033493041992,96.08433532714844,187.41861724853516,83.63636016845703,82.70000457763672,61.23046875,99.9493637084961,30.138505935668945,37.82844856874356,42042.0,32.502899169921875,33.53643798828125,27.52545166015625,27.52545166015625,42.0
1970-11-29 17:58:51.991,28.857460021972656,95.96385192871094,188.0289764404297,83.63636016845703,83.0,61.23046875,99.9493637084961,30.110496520996094,37.38636185178478,42042.0,37.0179443359375,31.06134033203125,23.445587158203125,27.93344116210937,42.0
1970-11-29 17:58:52.994,28.857460021972656,95.96385192871094,188.0289764404297,83.63636016845703,83.0,61.23046875,99.9493637084961,30.110496520996094,37.38636185178478,42042.0,37.0179443359375,31.06134033203125,23.445587158203125,27.93344116210937,42.0
1970-11-29 17:58:54.003,28.896629333496094,95.90361785888672,186.7350311279297,83.56060028076172,82.0,61.23046875,99.9493637084961,30.096492767333984,38.16572977862406,42042.0,33.318878173828125,24.58795166015625,20.91607666015625,28.640625,42.0
1970-11-29 17:58:55.005,28.926416397094727,96.1445770263672,186.75130462646484,83.56060028076172,82.30000305175781,61.23046875,99.9493637084961,30.068483352661133,36.372570524430245,42042.0,29.83740234375,27.6070556640625,25.59432983398437,26.301498413085938,42.0
1970-11-29 17:58:55.993,28.926416397094727,96.1445770263672,186.75130462646484,83.56060028076172,82.30000305175781,61.23046875,99.9493637084961,30.068483352661133,36.372570524430245,42042.0,29.83740234375,27.6070556640625,25.59432983398437,26.301498413085938,42.0
1970-11-29 17:58:57.005,28.965246200561523,96.02409362792967,187.5081329345703,83.56060028076172,82.0999984741211,61.23046875,99.9493637084961,30.04047393798828,36.50891158518256,42042.0,31.95892333984375,30.40855407714844,20.943267822265625,21.92245483398437,42.0
1970-11-29 17:58:57.990,29.01266098022461,95.78313446044922,185.57128143310547,83.56060028076172,81.0999984741211,61.23046875,99.9529800415039,30.02646827697754,36.71254546876962,42042.0,33.618072509765625,28.83100891113281,25.24072265625,22.95600891113281,42.0
1970-11-29 17:58:59.001,29.01266098022461,95.78313446044922,185.57128143310547,83.56060028076172,81.0999984741211,61.23046875,99.9529800415039,30.02646827697754,36.71254546876962,42042.0,33.618072509765625,28.83100891113281,25.24072265625,22.95600891113281,42.0
1970-11-29 17:58:59.991,28.938549041748047,96.02409362792967,186.7350311279297,83.63636016845703,83.20000457763672,61.23046875,99.9529800415039,29.998441696166992,36.07107490614043,42042.0,32.067718505859375,30.46295166015625,29.619781494140625,24.0711669921875,42.0
1970-11-29 17:59:00.991,28.875263214111328,96.08433532714844,186.04329681396484,83.63636016845703,81.5,61.23046875,99.9493637084961,29.97043228149414,38.273412945174414,42042.0,33.29168701171875,30.0821533203125,22.901611328125,21.378463745117188,42.0
1970-11-29 17:59:01.993,28.875263214111328,96.08433532714844,186.04329681396484,83.63636016845703,81.5,61.23046875,99.9493637084961,29.97043228149414,38.273412945174414,42042.0,33.29168701171875,30.0821533203125,22.901611328125,21.378463745117188,42.0
1970-11-29 17:59:02.990,28.8442325592041,96.02409362792967,185.92935943603516,83.63636016845703,80.9000015258789,61.23046875,99.9493637084961,29.988954544067383,37.91785797297239,42042.0,34.6788330078125,22.874420166015625,25.18634033203125,24.58795166015625,42.0
1970-11-29 17:59:03.990,28.843032836914062,95.96385192871094,185.3678436279297,83.56060028076172,81.9000015258789,61.23046875,99.9493637084961,29.95838737487793,34.805256110677014,42042.0,36.31077575683594,26.46469116210937,25.104736328125,29.42938232421875,42.0
1970-11-29 17:59:04.994,28.843032836914062,95.96385192871094,185.3678436279297,83.56060028076172,81.9000015258789,61.23046875,99.9493637084961,29.95838737487793,34.805256110677014,42042.0,36.31077575683594,26.46469116210937,25.104736328125,29.42938232421875,42.0
1970-11-29 17:59:06.002,28.73739242553711,95.96385192871094,185.85611724853516,83.56060028076172,81.69999694824219,61.23046875,99.9529800415039,29.93429374694824,37.847198617876415,42042.0,32.96528625488281,26.65509033203125,23.52719116210937,26.192703247070312,42.0
1970-11-29 17:59:06.990,28.72329330444336,95.96385192871094,187.29654693603516,83.56060028076172,81.80000305175781,61.23046875,99.9529800415039,29.92471694946289,38.56879074813547,42042.0,33.86285400390625,31.60531616210937,27.552642822265625,23.581588745117188,42.0
1970-11-29 17:59:07.992,28.72329330444336,95.96385192871094,187.29654693603516,83.56060028076172,81.80000305175781,61.23046875,99.9529800415039,29.92471694946289,38.56879074813547,42042.0,33.86285400390625,31.60531616210937,27.552642822265625,23.581588745117188,42.0
1970-11-29 17:59:08.994,28.742128372192383,96.08433532714844,185.69335174560547,83.56060028076172,81.30000305175781,61.23046875,99.9493637084961,29.9031925201416,40.74425881799727,42042.0,31.034149169921875,27.987838745117188,25.75750732421875,26.546295166015625,42.0
1970-11-29 17:59:09.995,28.742128372192383,96.08433532714844,185.69335174560547,83.56060028076172,81.30000305175781,61.23046875,99.9493637084961,29.9031925201416,40.74425881799727,42042.0,31.034149169921875,27.987838745117188,25.75750732421875,26.546295166015625,42.0
1970-11-29 17:59:10.994,28.833139419555664,96.02409362792967,184.52962493896484,83.63636016845703,81.4000015258789,61.23046875,99.9493637084961,29.8842887878418,38.33345092823124,42042.0,31.36053466796875,26.247100830078125,25.89350891113281,26.519088745117188,42.0
1970-11-29 17:59:12.003,28.862079620361328,95.78313446044922,185.2864685058593,83.56060028076172,82.5999984741211,61.23046875,99.9529800415039,29.874902725219727,34.33323737800886,42042.0,35.19561767578125,28.423019409179688,22.493621826171875,24.6695556640625,42.0
1970-11-29 17:59:12.990,28.862079620361328,95.78313446044922,185.2864685058593,83.56060028076172,82.5999984741211,61.23046875,99.9529800415039,29.874902725219727,34.33323737800886,42042.0,35.19561767578125,28.423019409179688,22.493621826171875,24.6695556640625,42.0
1970-11-29 17:59:14.002,28.94881057739257,95.96385192871094,186.03515625,83.63636016845703,81.80000305175781,61.23046875,99.9493637084961,29.85542869567871,36.52083628451933,42042.0,32.82928466796875,32.0133056640625,24.370361328125,25.839111328125,42.0
1970-11-29 17:59:15.005,29.051881790161133,96.08433532714844,185.29459381103516,83.63636016845703,81.5,61.23046875,99.9529800415039,29.83454132080078,37.811281489156094,42042.0,33.645263671875,30.000564575195312,23.9351806640625,25.32232666015625,42.0
1970-11-29 17:59:15.994,29.051881790161133,96.08433532714844,185.29459381103516,83.63636016845703,81.5,61.23046875,99.9529800415039,29.83454132080078,37.811281489156094,42042.0,33.645263671875,30.000564575195312,23.9351806640625,25.32232666015625,42.0
1970-11-29 17:59:16.990,29.09364128112793,96.1445770263672,187.21517181396484,83.63636016845703,82.80000305175781,61.23046875,99.9493637084961,29.832658767700195,35.864502889084676,42042.0,29.565399169921875,31.442108154296875,27.987838745117188,20.698486328125,42.0
1970-11-29 17:59:17.993,28.96834754943848,96.1445770263672,185.99446868896484,83.56060028076172,82.9000015258789,61.23046875,99.9529800415039,29.80805015563965,35.08703003346708,42042.0,35.739593505859375,30.000564575195312,27.36225891113281,25.02313232421875,42.0
1970-11-29 17:59:19.003,28.96834754943848,96.1445770263672,185.99446868896484,83.56060028076172,82.9000015258789,61.23046875,99.9529800415039,29.80805015563965,35.08703003346708,42042.0,35.739593505859375,30.000564575195312,27.36225891113281,25.02313232421875,42.0
1970-11-29 17:59:19.994,28.903175354003903,95.84337615966795,185.9456329345703,83.56060028076172,82.30000305175781,61.23046875,99.9529800415039,29.78919219970703,37.007715136507606,42042.0,33.99884033203125,27.96063232421875,26.383087158203125,24.15277099609375,42.0
1970-11-29 17:59:20.991,28.908069610595703,95.90361785888672,184.17967987060547,83.56060028076172,81.80000305175781,61.23046875,99.9493637084961,29.77779197692871,37.92539584910526,42042.0,33.78125,28.450225830078125,25.947906494140625,26.192703247070312,42.0
1970-11-29 17:59:21.992,28.908069610595703,95.90361785888672,184.17967987060547,83.56060028076172,81.80000305175781,61.23046875,99.9493637084961,29.77779197692871,37.92539584910526,42042.0,33.78125,28.450225830078125,25.947906494140625,26.192703247070312,42.0
1970-11-29 17:59:22.992,28.84502220153809,96.1445770263672,187.12565612792963,83.63636016845703,82.20000457763672,61.23046875,99.9493637084961,29.75995826721192,35.91842783016893,42042.0,35.68519592285156,29.0758056640625,25.59432983398437,25.75750732421875,42.0
1970-11-29 17:59:23.990,28.7860050201416,95.96385192871094,184.423828125,83.56060028076172,81.5,61.23046875,99.9493637084961,29.739049911499023,39.2280302941455,42042.0,35.71240234375,29.238983154296875,25.295135498046875,25.376739501953125,42.0
1970-11-29 17:59:24.994,28.7860050201416,95.96385192871094,184.423828125,83.56060028076172,81.5,61.23046875,99.9493637084961,29.739049911499023,39.2280302941455,42042.0,35.71240234375,29.238983154296875,25.295135498046875,25.376739501953125,42.0
1970-11-29 17:59:25.992,28.77490234375,96.02409362792967,184.716796875,83.56060028076172,81.0999984741211,61.23046875,99.9529800415039,29.726184844970703,38.05585372087696,42042.0,31.30615234375,26.92706298828125,22.765625,22.73841857910156,42.0
1970-11-29 17:59:26.990,28.87621307373047,95.96385192871094,185.89681243896484,83.63636016845703,82.4000015258789,61.23046875,99.9529800415039,29.70615577697754,35.387198030681695,42042.0,31.08856201171875,29.755767822265625,22.901611328125,24.39755249023437,42.0
1970-11-29 17:59:27.994,28.87621307373047,95.96385192871094,185.89681243896484,83.63636016845703,82.4000015258789,61.23046875,99.9529800415039,29.70615577697754,35.387198030681695,42042.0,31.08856201171875,29.755767822265625,22.901611328125,24.39755249023437,42.0
1970-11-29 17:59:28.990,28.869264602661133,96.02409362792967,186.27115631103516,83.63636016845703,80.9000015258789,61.23046875,99.9493637084961,29.68382453918457,37.32141030585151,42042.0,33.536468505859375,27.688644409179688,24.20716857910156,18.71295166015625,42.0
1970-11-29 17:59:29.994,28.86029052734375,96.02409362792967,189.013671875,83.56060028076172,81.80000305175781,61.23046875,99.9529800415039,29.676746368408203,36.23948232726442,42042.0,34.134857177734375,29.375,21.840850830078125,23.962371826171875,42.0
1970-11-29 17:59:31.003,28.86029052734375,96.02409362792967,189.013671875,83.56060028076172,81.80000305175781,61.23046875,99.9529800415039,29.676746368408203,36.23948232726442,42042.0,34.134857177734375,29.375,21.840850830078125,23.962371826171875,42.0
1970-11-29 17:59:32.001,28.916269302368164,95.96385192871094,189.4856872558593,83.56060028076172,82.9000015258789,61.23046875,99.9529800415039,29.65134048461914,36.37830663767105,42042.0,31.632537841796875,28.66781616210937,28.151031494140625,26.519088745117188,42.0
1970-11-29 17:59:32.992,29.008092880249023,95.96385192871094,189.86002349853516,83.63636016845703,80.69999694824219,61.23046875,99.9529800415039,29.644710540771484,39.457978859980166,42042.0,33.9444580078125,29.238983154296875,26.21990966796875,23.55438232421875,42.0
1970-11-29 17:59:34.003,29.008092880249023,95.96385192871094,189.86002349853516,83.63636016845703,80.69999694824219,61.23046875,99.9529800415039,29.644710540771484,39.457978859980166,42042.0,33.9444580078125,29.238983154296875,26.21990966796875,23.55438232421875,42.0
1970-11-29 17:59:34.991,28.945690155029297,96.1445770263672,191.7073516845703,83.63636016845703,81.30000305175781,61.23046875,99.9529800415039,29.63546371459961,38.521341434083745,42042.0,35.739593505859375,29.3477783203125,24.50634765625,20.943267822265625,42.0
1970-11-29 17:59:36.004,28.93734169006348,96.02409362792967,191.69921875,83.63636016845703,82.70000457763672,61.23046875,99.9529800415039,29.621990203857425,36.139572215036594,42042.0,35.005218505859375,25.947906494140625,25.431121826171875,22.439239501953125,42.0
1970-11-29 17:59:37.993,28.9659481048584,95.90361785888672,192.041015625,83.56060028076172,81.80000305175781,61.23046875,99.9529800415039,29.61284446716309,37.227029613606135,42042.0,30.54457092285156,30.354156494140625,22.82000732421875,25.86630249023437,42.0
1970-11-29 17:59:37.000,28.93734169006348,96.02409362792967,191.69921875,83.63636016845703,82.70000457763672,61.23046875,99.9529800415039,29.621990203857425,36.139572215036594,42042.0,35.005218505859375,25.947906494140625,25.431121826171875,22.439239501953125,42.0
1970-11-29 17:59:38.992,29.02822494506836,95.84337615966795,190.7063751220703,83.56060028076172,82.0999984741211,61.23046875,99.9529800415039,29.59742927551269,38.52359717855465,42042.0,33.48207092285156,27.688644409179688,26.1383056640625,25.48553466796875,42.0
1970-11-29 17:59:39.993,29.02822494506836,95.84337615966795,190.7063751220703,83.56060028076172,82.0999984741211,61.23046875,99.9529800415039,29.59742927551269,38.52359717855465,42042.0,33.48207092285156,27.688644409179688,26.1383056640625,25.48553466796875,42.0
1970-11-29 17:59:41.002,28.954683303833008,96.20481872558594,184.4319610595703,83.63636016845703,80.4000015258789,61.23046875,99.9529800415039,29.585289001464844,40.637516992913255,42042.0,31.46932983398437,26.92706298828125,24.26156616210937,25.26792907714844,42.0
1970-11-29 17:59:41.994,28.914112091064453,96.1445770263672,187.41048431396484,83.63636016845703,81.9000015258789,61.23046875,99.9493637084961,29.561996459960938,35.04712479885314,42042.0,30.979751586914062,32.23089599609375,21.32406616210937,22.412017822265625,42.0
1970-11-29 17:59:43.001,28.914112091064453,96.1445770263672,187.41048431396484,83.63636016845703,81.9000015258789,61.23046875,99.9493637084961,29.561996459960938,35.04712479885314,42042.0,30.979751586914062,32.23089599609375,21.32406616210937,22.412017822265625,42.0
1970-11-29 17:59:43.994,28.937122344970703,95.66265106201172,187.8173828125,83.63636016845703,81.30000305175781,61.23046875,99.9493637084961,29.55400276184082,37.06004540389388,42042.0,31.82293701171875,25.62152099609375,20.9976806640625,24.343170166015625,42.0
1970-11-29 17:59:44.994,28.954668045043945,95.96385192871094,187.939453125,83.56060028076172,82.20000457763672,61.23046875,99.9493637084961,29.538976669311523,36.6927148064452,42042.0,30.082183837890625,30.789337158203125,22.65682983398437,24.39755249023437,42.0
1970-11-29 17:59:46.003,28.954668045043945,95.96385192871094,187.939453125,83.56060028076172,82.20000457763672,61.23046875,99.9493637084961,29.538976669311523,36.6927148064452,42042.0,30.082183837890625,30.789337158203125,22.65682983398437,24.39755249023437,42.0
1970-11-29 17:59:47.992,28.821653366088867,95.90361785888672,190.12044525146484,83.56060028076172,82.5999984741211,61.23046875,99.9493637084961,29.512380599975582,35.95064009317281,42042.0,36.337982177734375,30.16375732421875,24.315963745117188,22.167236328125,42.0
1970-11-29 17:59:47.000,28.83928298950196,96.4457778930664,189.6728515625,83.56060028076172,82.70000457763672,61.23046875,99.9493637084961,29.524188995361328,36.96770072135813,42042.0,32.285308837890625,30.190963745117188,25.75750732421875,28.09663391113281,42.0
1970-11-29 17:59:48.992,28.821653366088867,95.90361785888672,190.12044525146484,83.56060028076172,82.5999984741211,61.23046875,99.9493637084961,29.512380599975582,35.95064009317281,42042.0,36.337982177734375,30.16375732421875,24.315963745117188,22.167236328125,42.0
1970-11-29 17:59:49.992,28.8759994506836,95.66265106201172,187.2233123779297,83.63636016845703,82.20000457763672,61.23046875,99.9493637084961,29.496112823486328,37.79610418948249,42042.0,35.4132080078125,29.755767822265625,29.2117919921875,26.763885498046875,42.0
1970-11-29 17:59:51.991,28.894445419311523,96.1445770263672,187.24771881103516,83.63636016845703,82.0999984741211,61.23046875,99.9493637084961,29.47428131103516,38.11308038524759,42042.0,34.0804443359375,23.03759765625,24.94154357910156,25.48553466796875,42.0
1970-11-29 17:59:51.000,28.894445419311523,96.1445770263672,187.24771881103516,83.63636016845703,82.0999984741211,61.23046875,99.9493637084961,29.47428131103516,38.11308038524759,42042.0,34.0804443359375,23.03759765625,24.94154357910156,25.48553466796875,42.0
1970-11-29 17:59:52.994,28.8488712310791,96.20481872558594,187.07682800292963,83.56060028076172,81.69999694824219,61.23046875,99.9493637084961,29.46825218200684,37.16622568936161,42042.0,32.666107177734375,25.75750732421875,23.581588745117188,27.47105407714844,42.0
1970-11-29 17:59:53.994,28.839460372924805,95.90361785888672,187.41861724853516,83.56060028076172,81.9000015258789,61.23046875,99.9529800415039,29.452293395996094,36.561412781842655,42042.0,32.04052734375,31.85009765625,23.010406494140625,22.901611328125,42.0
1970-11-29 17:59:54.992,28.919891357421875,95.78313446044922,187.80110931396484,83.63636016845703,82.0999984741211,61.23046875,99.9493637084961,29.42916679382324,37.957022762695395,42042.0,30.952545166015625,29.72857666015625,23.581588745117188,27.38946533203125,42.0
1970-11-29 17:59:55.991,28.919891357421875,95.78313446044922,187.80110931396484,83.63636016845703,82.0999984741211,61.23046875,99.9493637084961,29.42916679382324,37.957022762695395,42042.0,30.952545166015625,29.72857666015625,23.581588745117188,27.38946533203125,42.0
1970-11-29 17:59:56.994,28.928634643554688,96.26506042480467,187.50814056396484,83.56060028076172,80.69999694824219,61.23046875,99.9529800415039,29.423274993896484,36.1789008669912,42042.0,28.99423217773437,25.376724243164062,23.989578247070312,19.964111328125,42.0
1970-11-29 17:59:57.991,28.93034744262696,96.1445770263672,188.81022644042963,83.63636016845703,82.5,61.23046875,99.9529800415039,29.40192031860352,35.45611931143233,42042.0,32.4757080078125,31.986099243164062,24.234375,20.508087158203125,42.0
1970-11-29 17:59:59.004,28.93034744262696,96.1445770263672,188.81022644042963,83.63636016845703,82.5,61.23046875,99.9529800415039,29.40192031860352,35.45611931143233,42042.0,32.4757080078125,31.986099243164062,24.234375,20.508087158203125,42.0
1970-11-29 17:59:59.990,28.96640968322754,95.84337615966795,187.27213287353516,83.63636016845703,83.0999984741211,61.23046875,99.9493637084961,29.38632202148437,34.93014873961438,42042.0,32.33970642089844,29.755767822265625,27.09027099609375,25.295135498046875,42.0
1970-11-29 18:00:00.994,29.05608558654785,95.96385192871094,188.96484375,83.63636016845703,83.30000305175781,61.23046875,99.9493637084961,29.37492179870605,36.38658106467105,42042.0,33.91725158691406,31.659713745117188,30.29975891113281,26.21990966796875,42.0
1970-11-29 18:00:01.991,29.05608558654785,95.96385192871094,188.96484375,83.63636016845703,83.30000305175781,61.23046875,99.9493637084961,29.37492179870605,36.38658106467105,42042.0,33.91725158691406,31.659713745117188,30.29975891113281,26.21990966796875,42.0
1970-11-29 18:00:03.004,29.01955223083496,96.02409362792967,188.3219451904297,83.63636016845703,82.5999984741211,61.23046875,99.9493637084961,29.370820999145508,37.85729814967896,42042.0,37.126739501953125,28.640625,26.70947265625,26.573486328125,42.0
1970-11-29 18:00:04.001,28.9771785736084,95.96385192871094,188.60677337646484,83.56060028076172,82.30000305175781,61.23046875,99.9493637084961,29.353883743286133,38.8453726198523,42042.0,33.672454833984375,26.546295166015625,26.165496826171875,27.770248413085938,42.0
1970-11-29 18:00:04.994,28.9771785736084,95.96385192871094,188.60677337646484,83.56060028076172,82.30000305175781,61.23046875,99.9493637084961,29.353883743286133,38.8453726198523,42042.0,33.672454833984375,26.546295166015625,26.165496826171875,27.770248413085938,42.0
1970-11-29 18:00:06.001,28.94391441345215,95.96385192871094,187.35352325439447,83.63636016845703,81.69999694824219,61.23046875,99.9529800415039,29.3403434753418,37.93427232398242,42042.0,31.93173217773437,30.38134765625,20.9976806640625,20.426498413085938,42.0
1970-11-29 18:00:06.993,28.974523544311523,95.96385192871094,186.71060943603516,83.56060028076172,81.5,61.23046875,99.9493637084961,29.32918739318848,35.11814848204479,42042.0,32.883697509765625,28.423019409179688,24.723953247070312,20.83447265625,42.0
1970-11-29 18:00:07.992,28.974523544311523,95.96385192871094,186.71060943603516,83.56060028076172,81.5,61.23046875,99.9493637084961,29.32918739318848,35.11814848204479,42042.0,32.883697509765625,28.423019409179688,24.723953247070312,20.83447265625,42.0
1970-11-29 18:00:09.005,28.910585403442383,96.08433532714844,187.7604217529297,83.63636016845703,82.5,61.23046875,99.9493637084961,29.306873321533203,36.18234569838917,42042.0,36.827545166015625,28.80380249023437,23.71759033203125,26.62788391113281,42.0
1970-11-29 18:00:10.005,28.787940979003903,96.08433532714844,189.6321563720703,83.63636016845703,82.5999984741211,61.23046875,99.9493637084961,29.28456115722656,34.89629562294791,42042.0,31.8773193359375,28.66781616210937,25.24072265625,24.50634765625,42.0
1970-11-29 18:00:10.992,28.787940979003903,96.08433532714844,189.6321563720703,83.63636016845703,82.5999984741211,61.23046875,99.9493637084961,29.28456115722656,34.89629562294791,42042.0,31.8773193359375,28.66781616210937,25.24072265625,24.50634765625,42.0
1970-11-29 18:00:11.990,28.731121063232425,95.90361785888672,188.8671875,83.56060028076172,82.30000305175781,61.23046875,99.9493637084961,29.27340507507324,37.348772672697265,42042.0,36.44677734375,31.714111328125,24.642364501953125,25.86630249023437,42.0
1970-11-29 18:00:12.995,28.811208724975582,96.02409362792967,187.841796875,83.56060028076172,83.60000610351562,61.23046875,99.9493637084961,29.255983352661133,35.82378175286129,42042.0,36.1475830078125,28.450225830078125,25.48553466796875,26.763885498046875,42.0
1970-11-29 18:00:13.991,28.76333236694336,96.08433532714844,188.6393280029297,83.56060028076172,82.5999984741211,61.23046875,99.9493637084961,29.23624420166016,37.987992390056675,42042.0,34.134857177734375,27.851837158203125,25.62152099609375,26.519088745117188,42.0
1970-11-29 18:00:14.992,28.76333236694336,96.08433532714844,188.6393280029297,83.56060028076172,82.5999984741211,61.23046875,99.9493637084961,29.23624420166016,37.987992390056675,42042.0,34.134857177734375,27.851837158203125,25.62152099609375,26.519088745117188,42.0
1970-11-29 18:00:15.992,28.7291316986084,95.96385192871094,186.9710235595703,83.63636016845703,80.9000015258789,61.23046875,99.9493637084961,29.225170135498047,39.1933495853466,42042.0,32.203704833984375,31.03413391113281,27.171875,20.04571533203125,42.0
1970-11-29 18:00:16.995,28.807676315307617,95.96385192871094,186.78385162353516,83.63636016845703,82.5,61.23046875,99.9493637084961,29.203020095825195,37.04323700986505,42042.0,33.86285400390625,23.391189575195312,24.6695556640625,26.49188232421875,42.0
1970-11-29 18:00:17.991,28.807676315307617,95.96385192871094,186.78385162353516,83.63636016845703,82.5,61.23046875,99.9493637084961,29.203020095825195,37.04323700986505,42042.0,33.86285400390625,23.391189575195312,24.6695556640625,26.49188232421875,42.0
1970-11-29 18:00:19.000,28.98141288757324,95.78313446044922,187.26399993896484,83.63636016845703,81.5,61.23046875,99.9493637084961,29.191944122314453,36.147847851543645,42042.0,33.69966125488281,29.510986328125,19.583328247070312,18.957748413085938,42.0
1970-11-29 18:00:20.002,28.940229415893555,96.02409362792967,188.6881561279297,83.56060028076172,83.5,61.23046875,99.9493637084961,29.169795989990234,35.5944729508275,42042.0,36.03878784179688,31.986099243164062,27.307861328125,27.0086669921875,42.0
1970-11-29 18:00:21.001,28.940229415893555,96.02409362792967,188.6881561279297,83.56060028076172,83.5,61.23046875,99.9493637084961,29.169795989990234,35.5944729508275,42042.0,36.03878784179688,31.986099243164062,27.307861328125,27.0086669921875,42.0
1970-11-29 18:00:21.994,28.91128158569336,96.08433532714844,188.14290618896484,83.56060028076172,83.4000015258789,61.23046875,99.9493637084961,29.147645950317383,35.396843665963445,42042.0,36.63716125488281,29.837371826171875,27.0086669921875,28.368621826171875,42.0
1970-11-29 18:00:22.991,28.972244262695312,96.08433532714844,189.5100860595703,83.56060028076172,83.60000610351562,61.23046875,99.9493637084961,29.13656997680664,35.614168586814834,42042.0,32.802093505859375,26.8726806640625,28.722213745117188,28.4774169921875,42.0
1970-11-29 18:00:24.000,28.972244262695312,96.08433532714844,189.5100860595703,83.56060028076172,83.60000610351562,61.23046875,99.9493637084961,29.13656997680664,35.614168586814834,42042.0,32.802093505859375,26.8726806640625,28.722213745117188,28.4774169921875,42.0
1970-11-29 18:00:25.006,29.10873413085937,95.90361785888672,188.12662506103516,83.63636016845703,82.0999984741211,61.23046875,99.9493637084961,29.11441993713379,37.65792091923656,42042.0,33.101287841796875,27.7430419921875,26.70947265625,27.93344116210937,42.0
1970-11-29 18:00:26.002,29.07182502746582,96.08433532714844,185.66080474853516,83.63636016845703,81.69999694824219,61.23046875,99.9493637084961,29.10334587097168,38.28009194850889,42042.0,32.85649108886719,27.52545166015625,24.615142822265625,19.71932983398437,42.0
1970-11-29 18:00:27.005,29.07182502746582,96.08433532714844,185.66080474853516,83.63636016845703,81.69999694824219,61.23046875,99.9493637084961,29.10334587097168,38.28009194850889,42042.0,32.85649108886719,27.52545166015625,24.615142822265625,19.71932983398437,42.0
1970-11-29 18:00:27.993,28.94009017944336,96.1445770263672,185.44107818603516,83.56060028076172,81.9000015258789,61.23046875,99.9493637084961,29.081195831298828,37.99625833935172,42042.0,34.59722900390625,29.837371826171875,21.623260498046875,21.48725891113281,42.0
1970-11-29 18:00:28.991,28.8087100982666,95.90361785888672,186.86524200439447,83.56060028076172,82.0999984741211,61.23046875,99.9493637084961,29.06640625,36.13796448518051,42042.0,34.379638671875,27.715850830078125,22.98321533203125,25.077545166015625,42.0
1970-11-29 18:00:29.992,28.89154052734375,95.78313446044922,186.083984375,83.63636016845703,80.29999542236328,61.23046875,99.9493637084961,29.05541229248047,40.17136768816057,42042.0,32.176513671875,32.09489440917969,21.840850830078125,23.11920166015625,42.0
1970-11-29 18:00:30.995,28.89154052734375,95.78313446044922,186.083984375,83.63636016845703,80.29999542236328,61.23046875,99.9493637084961,29.05541229248047,40.17136768816057,42042.0,32.176513671875,32.09489440917969,21.840850830078125,23.11920166015625,42.0
1970-11-29 18:00:31.994,28.773548126220703,96.08433532714844,185.00162506103516,83.63636016845703,82.0,61.23046875,99.9529800415039,29.03342628479004,34.13123751046194,42042.0,33.50927734375,24.45196533203125,24.0711669921875,26.573486328125,42.0
1970-11-29 18:00:32.992,28.647581100463867,96.08433532714844,185.693359375,83.63636016845703,81.0999984741211,61.23046875,99.9529800415039,29.011438369750977,37.67571962550492,42042.0,32.96528625488281,25.92071533203125,25.24072265625,25.48553466796875,42.0
1970-11-29 18:00:34.002,28.647581100463867,96.08433532714844,185.693359375,83.63636016845703,81.0999984741211,61.23046875,99.9529800415039,29.011438369750977,37.67571962550492,42042.0,32.96528625488281,25.92071533203125,25.24072265625,25.48553466796875,42.0
1970-11-29 18:00:34.993,28.624492645263672,95.90361785888672,187.9150390625,83.56060028076172,82.70000457763672,61.23046875,99.9493637084961,29.000444412231445,35.078752206066866,42042.0,32.6116943359375,26.19268798828125,25.97509765625,28.3414306640625,42.0
1970-11-29 18:00:35.994,28.756406784057617,96.02409362792967,188.0452423095703,83.63636016845703,83.20000457763672,61.23046875,99.9493637084961,28.978458404541016,35.58744717572663,42042.0,35.141204833984375,30.87094116210937,28.368621826171875,24.315963745117188,42.0
1970-11-29 18:00:36.994,28.756406784057617,96.02409362792967,188.0452423095703,83.63636016845703,83.20000457763672,61.23046875,99.9493637084961,28.978458404541016,35.58744717572663,42042.0,35.141204833984375,30.87094116210937,28.368621826171875,24.315963745117188,42.0
1970-11-29 18:00:38.002,28.74268913269043,96.02409362792967,187.4267578125,83.56060028076172,82.5,61.23046875,99.9493637084961,28.95647048950196,38.067708523079844,42042.0,33.645263671875,31.76850891113281,25.92071533203125,27.987838745117188,42.0
1970-11-29 18:00:38.991,28.845422744750977,95.96385192871094,188.7939453125,83.56060028076172,82.5,61.23046875,99.9493637084961,28.9462947845459,38.334841535010625,42042.0,34.379638671875,33.10125732421875,26.301498413085938,23.79917907714844,42.0
1970-11-29 18:00:40.005,28.845422744750977,95.96385192871094,188.7939453125,83.56060028076172,82.5,61.23046875,99.9493637084961,28.9462947845459,38.334841535010625,42042.0,34.379638671875,33.10125732421875,26.301498413085938,23.79917907714844,42.0
1970-11-29 18:00:41.002,29.067834854125977,96.08433532714844,186.767578125,83.63636016845703,81.0999984741211,61.23046875,99.9493637084961,28.93085670471192,37.86190252873424,42042.0,35.68519592285156,30.218170166015625,20.943267822265625,23.9351806640625,42.0
1970-11-29 18:00:41.990,29.067834854125977,96.08433532714844,186.767578125,83.63636016845703,81.0999984741211,61.23046875,99.9493637084961,28.93085670471192,37.86190252873424,42042.0,35.68519592285156,30.218170166015625,20.943267822265625,23.9351806640625,42.0
1970-11-29 18:00:42.990,29.241430282592773,96.02409362792967,185.7421875,83.63636016845703,82.0,61.23046875,99.9493637084961,28.90903282165528,35.95683301946894,42042.0,36.337982177734375,27.307861328125,24.94154357910156,25.839111328125,42.0
1970-11-29 18:00:44.001,29.281200408935547,95.90361785888672,184.87955474853516,83.56060028076172,81.5,61.23046875,99.9493637084961,28.89812088012696,38.07586545978832,42042.0,32.4757080078125,28.586212158203125,22.439239501953125,24.723953247070312,42.0
1970-11-29 18:00:45.003,29.263559341430664,95.90361785888672,186.24674224853516,83.56060028076172,81.5999984741211,61.23046875,99.9529800415039,28.87629508972168,35.07253463297097,42042.0,34.89642333984375,30.054962158203125,25.48553466796875,25.5399169921875,42.0
1970-11-29 18:00:46.001,29.263559341430664,95.90361785888672,186.24674224853516,83.56060028076172,81.5999984741211,61.23046875,99.9529800415039,28.87629508972168,35.07253463297097,42042.0,34.89642333984375,30.054962158203125,25.48553466796875,25.5399169921875,42.0
1970-11-29 18:00:46.991,29.3066463470459,96.02409362792967,185.6770858764648,83.63636016845703,82.20000457763672,61.23046875,99.9529800415039,28.85447120666504,35.82036967748322,42042.0,33.155670166015625,29.8101806640625,25.295135498046875,24.53355407714844,42.0
1970-11-29 18:00:47.990,29.3066463470459,96.02409362792967,185.6770858764648,83.63636016845703,82.20000457763672,61.23046875,99.9529800415039,28.85447120666504,35.82036967748322,42042.0,33.155670166015625,29.8101806640625,25.295135498046875,24.53355407714844,42.0
1970-11-29 18:00:48.992,29.27230262756348,96.02409362792967,187.23958587646484,83.63636016845703,82.20000457763672,61.23046875,99.9493637084961,28.844369888305664,35.78630318645514,42042.0,31.387741088867188,27.770233154296875,26.60067749023437,26.899871826171875,42.0
1970-11-29 18:00:49.991,29.093339920043945,95.90361785888672,186.73502349853516,83.56060028076172,81.69999694824219,61.23046875,99.9493637084961,28.83482551574707,37.51936438101973,42042.0,34.624420166015625,31.93170166015625,26.682281494140625,22.24884033203125,42.0
1970-11-29 18:00:51.991,28.860328674316406,95.96385192871094,188.28125,83.56060028076172,83.30000305175781,61.23046875,99.9529800415039,28.8222885131836,36.08837810066192,42042.0,35.086822509765625,26.92706298828125,28.91259765625,27.87904357910156,42.0
1970-11-29 18:00:51.000,29.093339920043945,95.90361785888672,186.73502349853516,83.56060028076172,81.69999694824219,61.23046875,99.9493637084961,28.83482551574707,37.51936438101973,42042.0,34.624420166015625,31.93170166015625,26.682281494140625,22.24884033203125,42.0
1970-11-29 18:00:52.995,28.767963409423828,96.08433532714844,186.41764068603516,83.56060028076172,82.70000457763672,61.23046875,99.9493637084961,28.797651290893555,37.627260189125316,42042.0,36.256378173828125,32.80206298828125,29.9461669921875,23.826385498046875,42.0
1970-11-29 18:00:53.993,28.767963409423828,96.08433532714844,186.41764068603516,83.56060028076172,82.70000457763672,61.23046875,99.9493637084961,28.797651290893555,37.627260189125316,42042.0,36.256378173828125,32.80206298828125,29.9461669921875,23.826385498046875,42.0
1970-11-29 18:00:54.994,28.638681411743164,95.96385192871094,187.24771881103516,83.63636016845703,81.5,61.23046875,99.9493637084961,28.79020118713379,37.69623301946991,42042.0,34.65162658691406,25.86630249023437,26.546295166015625,24.42475891113281,42.0
1970-11-29 18:00:55.993,28.489707946777344,95.96385192871094,185.6689453125,83.56060028076172,81.30000305175781,61.23046875,99.9493637084961,28.77627754211425,39.6716974144148,42042.0,32.04052734375,29.3477783203125,24.479156494140625,25.376739501953125,42.0
1970-11-29 18:00:56.992,28.489707946777344,95.96385192871094,185.6689453125,83.56060028076172,81.30000305175781,61.23046875,99.9493637084961,28.77627754211425,39.6716974144148,42042.0,32.04052734375,29.3477783203125,24.479156494140625,25.376739501953125,42.0
1970-11-29 18:00:57.990,28.450485229492188,96.08433532714844,185.68521881103516,83.56060028076172,81.80000305175781,61.23046875,99.9493637084961,28.76490020751953,37.84162652699258,42042.0,33.29168701171875,24.39755249023437,26.383087158203125,21.51446533203125,42.0
1970-11-29 18:00:58.993,28.59848976135254,95.90361785888672,186.40950775146484,83.56060028076172,81.80000305175781,61.23046875,99.9493637084961,28.761728286743164,37.27952356450263,42042.0,32.584503173828125,27.688644409179688,26.192703247070312,22.05844116210937,42.0
1970-11-29 18:00:59.991,28.59848976135254,95.90361785888672,186.40950775146484,83.56060028076172,81.80000305175781,61.23046875,99.9493637084961,28.761728286743164,37.27952356450263,42042.0,32.584503173828125,27.688644409179688,26.192703247070312,22.05844116210937,42.0
1970-11-29 18:01:00.990,28.72405242919922,95.96385192871094,187.5244140625,83.56060028076172,82.80000305175781,61.23046875,99.9493637084961,28.740907669067383,35.04806225578824,42042.0,31.36053466796875,28.25982666015625,23.71759033203125,28.69500732421875,42.0
1970-11-29 18:01:01.991,28.81276512145996,96.1445770263672,186.50716400146484,83.63636016845703,82.4000015258789,61.23046875,99.9493637084961,28.732385635375977,36.04789441571192,42042.0,32.883697509765625,26.682281494140625,23.85357666015625,25.811920166015625,42.0
1970-11-29 18:01:03.003,28.81276512145996,96.1445770263672,186.50716400146484,83.63636016845703,82.4000015258789,61.23046875,99.9493637084961,28.732385635375977,36.04789441571192,42042.0,32.883697509765625,26.682281494140625,23.85357666015625,25.811920166015625,42.0
1970-11-29 18:01:03.990,28.98224830627441,95.90361785888672,186.07584381103516,83.63636016845703,81.9000015258789,61.23046875,99.9529800415039,28.73512458801269,37.121760547599564,42042.0,32.4757080078125,27.22625732421875,22.79281616210937,25.32232666015625,42.0
1970-11-29 18:01:04.994,29.15345001220703,95.96385192871094,187.44303131103516,83.63636016845703,83.5,61.23046875,99.9529800415039,28.727924346923828,34.65227162873662,42042.0,35.27720642089844,28.69500732421875,28.749420166015625,29.837371826171875,42.0
1970-11-29 18:01:05.990,29.15345001220703,95.96385192871094,187.44303131103516,83.63636016845703,83.5,61.23046875,99.9529800415039,28.727924346923828,34.65227162873662,42042.0,35.27720642089844,28.69500732421875,28.749420166015625,29.837371826171875,42.0
1970-11-29 18:01:06.994,29.132200241088867,95.90361785888672,187.5,83.56060028076172,83.30000305175781,61.23046875,99.9529800415039,28.725128173828125,35.48808075705219,42042.0,35.57640075683594,28.91259765625,25.213531494140625,27.22625732421875,42.0
1970-11-29 18:01:07.992,29.057836532592773,95.84337615966795,185.3108673095703,83.56060028076172,82.0,61.23046875,99.9529800415039,28.723478317260746,39.61082267918416,42042.0,36.44677734375,30.5445556640625,25.13192749023437,25.4039306640625,42.0
1970-11-29 18:01:08.991,29.057836532592773,95.84337615966795,185.3108673095703,83.56060028076172,82.0,61.23046875,99.9529800415039,28.723478317260746,39.61082267918416,42042.0,36.44677734375,30.5445556640625,25.13192749023437,25.4039306640625,42.0
1970-11-29 18:01:10.001,28.975704193115234,96.1445770263672,186.1328125,83.63636016845703,82.0999984741211,61.23046875,99.9493637084961,28.70571517944336,36.98668805039412,42042.0,33.318878173828125,27.6070556640625,23.9351806640625,26.192703247070312,42.0
1970-11-29 18:01:10.992,29.004959106445312,96.1445770263672,186.20606231689447,83.63636016845703,81.5,61.23046875,99.9529800415039,28.70172119140625,38.1736774075436,42042.0,32.366912841796875,29.72857666015625,26.00230407714844,25.59432983398437,42.0
1970-11-29 18:01:11.992,29.004959106445312,96.1445770263672,186.20606231689447,83.63636016845703,81.5,61.23046875,99.9529800415039,28.70172119140625,38.1736774075436,42042.0,32.366912841796875,29.72857666015625,26.00230407714844,25.59432983398437,42.0
1970-11-29 18:01:13.001,28.828203201293945,95.90361785888672,184.9609375,83.56060028076172,82.0999984741211,61.23046875,99.9493637084961,28.684154510498047,37.566512227740105,42042.0,34.270843505859375,29.755767822265625,27.87904357910156,21.052078247070312,42.0
1970-11-29 18:01:14.005,28.73665428161621,95.96385192871094,184.6435546875,83.56060028076172,82.20000457763672,61.23046875,99.9529800415039,28.68784141540528,36.95275735893186,42042.0,32.6116943359375,29.918975830078125,23.173614501953125,26.111114501953125,42.0
1970-11-29 18:01:15.004,28.73665428161621,95.96385192871094,184.6435546875,83.56060028076172,82.20000457763672,61.23046875,99.9529800415039,28.68784141540528,36.95275735893186,42042.0,32.6116943359375,29.918975830078125,23.173614501953125,26.111114501953125,42.0
1970-11-29 18:01:16.990,28.807186126708984,96.02409362792967,186.21419525146484,83.63636016845703,82.0999984741211,61.23046875,99.9529800415039,28.67225646972656,38.3868243827062,42042.0,35.086822509765625,32.258087158203125,24.723953247070312,25.13192749023437,42.0
1970-11-29 18:01:16.000,28.722570419311523,96.08433532714844,185.4248046875,83.63636016845703,82.0,61.23046875,99.9529800415039,28.686641693115234,37.01501577240142,42042.0,32.69329833984375,29.266189575195312,26.083892822265625,24.043975830078125,42.0
1970-11-29 18:01:17.991,28.78157615661621,95.96385192871094,186.07584381103516,83.56060028076172,81.9000015258789,61.23046875,99.9529800415039,28.66118431091309,35.65448276936096,42042.0,35.05961608886719,28.232635498046875,24.53355407714844,28.99420166015625,42.0
1970-11-29 18:01:19.005,28.78157615661621,95.96385192871094,186.07584381103516,83.56060028076172,81.9000015258789,61.23046875,99.9529800415039,28.66118431091309,35.65448276936096,42042.0,35.05961608886719,28.232635498046875,24.53355407714844,28.99420166015625,42.0
1970-11-29 18:01:19.991,28.863401412963867,95.84337615966795,185.7503356933593,83.56060028076172,82.9000015258789,61.23046875,99.9493637084961,28.66181373596192,36.154100630190115,42042.0,35.57640075683594,26.083892822265625,24.0711669921875,27.715850830078125,42.0
1970-11-29 18:01:21.002,28.982749938964844,96.08433532714844,185.74217987060547,83.56060028076172,82.30000305175781,61.23046875,99.9529800415039,28.65361785888672,37.98118129622644,42042.0,35.086822509765625,29.755767822265625,27.0086669921875,24.53355407714844,42.0
1970-11-29 18:01:21.993,28.982749938964844,96.08433532714844,185.74217987060547,83.56060028076172,82.30000305175781,61.23046875,99.9529800415039,28.65361785888672,37.98118129622644,42042.0,35.086822509765625,29.755767822265625,27.0086669921875,24.53355407714844,42.0
1970-11-29 18:01:22.992,29.039215087890625,96.08433532714844,185.400390625,83.63636016845703,81.9000015258789,61.23046875,99.9529800415039,28.646425247192383,37.6917808129203,42042.0,35.222808837890625,30.952545166015625,24.75115966796875,24.370361328125,42.0
1970-11-29 18:01:23.991,28.98190689086914,95.90361785888672,185.01790618896484,83.56060028076172,82.80000305175781,61.23046875,99.9529800415039,28.644142150878903,36.09768720566539,42042.0,31.19735717773437,30.245361328125,26.32870483398437,24.45196533203125,42.0
1970-11-29 18:01:25.004,28.98190689086914,95.90361785888672,185.01790618896484,83.56060028076172,82.80000305175781,61.23046875,99.9529800415039,28.644142150878903,36.09768720566539,42042.0,31.19735717773437,30.245361328125,26.32870483398437,24.45196533203125,42.0
1970-11-29 18:01:25.992,28.939123153686523,96.02409362792967,184.44010162353516,83.56060028076172,82.0999984741211,61.23046875,99.9493637084961,28.633209228515625,37.312019197973164,42042.0,32.883697509765625,29.184600830078125,21.541656494140625,26.73667907714844,42.0
1970-11-29 18:01:26.993,28.94824981689453,96.08433532714844,185.4736328125,83.63636016845703,82.4000015258789,61.23046875,99.9529800415039,28.63106918334961,34.97262594862564,42042.0,33.42767333984375,31.11572265625,24.479156494140625,27.33505249023437,42.0
1970-11-29 18:01:27.993,29.007661819458008,96.08433532714844,185.595703125,83.63636016845703,82.0999984741211,61.23046875,99.9529800415039,28.61557579040528,36.91334014844064,42042.0,33.672454833984375,25.73031616210937,24.99594116210937,26.21990966796875,42.0
1970-11-29 18:01:29.002,29.007661819458008,96.08433532714844,185.595703125,83.63636016845703,82.0999984741211,61.23046875,99.9529800415039,28.61557579040528,36.91334014844064,42042.0,33.672454833984375,25.73031616210937,24.99594116210937,26.21990966796875,42.0
1970-11-29 18:01:30.005,28.91545486450196,95.90361785888672,185.18067169189447,83.63636016845703,82.0999984741211,61.23046875,99.9529800415039,28.60745048522949,36.736146362809656,42042.0,32.938079833984375,31.442108154296875,25.67591857910156,28.287017822265625,42.0
1970-11-29 18:01:30.994,28.841354370117188,96.02409362792967,185.8479766845703,83.63636016845703,83.5,61.23046875,99.9529800415039,28.60226058959961,35.14226578673511,42042.0,34.134857177734375,27.19906616210937,25.458328247070312,24.96875,42.0
1970-11-29 18:01:32.003,28.841354370117188,96.02409362792967,185.8479766845703,83.63636016845703,83.5,61.23046875,99.9529800415039,28.60226058959961,35.14226578673511,42042.0,34.134857177734375,27.19906616210937,25.458328247070312,24.96875,42.0
1970-11-29 18:01:32.992,28.8777084350586,95.96385192871094,187.7115936279297,83.56060028076172,83.9000015258789,61.23046875,99.9529800415039,28.587894439697266,35.4246878318145,42042.0,35.25,28.91259765625,29.973373413085938,26.981475830078125,42.0
1970-11-29 18:01:33.994,28.92350578308105,96.02409362792967,184.22037506103516,83.56060028076172,80.4000015258789,61.23046875,99.9493637084961,28.584178924560547,37.67422596057688,42042.0,30.73495483398437,30.38134765625,24.20716857910156,20.208892822265625,42.0
1970-11-29 18:01:34.994,28.92350578308105,96.02409362792967,184.22037506103516,83.56060028076172,80.4000015258789,61.23046875,99.9493637084961,28.584178924560547,37.67422596057688,42042.0,30.73495483398437,30.38134765625,24.20716857910156,20.208892822265625,42.0
1970-11-29 18:01:36.004,28.86141395568848,96.02409362792967,183.9111328125,83.63636016845703,80.5,61.23046875,99.9529800415039,28.583240509033203,39.03927564483366,42042.0,34.787628173828125,31.088531494140625,22.73841857910156,23.47279357910156,42.0
1970-11-29 18:01:36.994,28.805219650268555,96.02409362792967,184.39942169189447,83.63636016845703,81.69999694824219,61.23046875,99.9493637084961,28.572633743286133,37.33736293664161,42042.0,32.938079833984375,24.778350830078125,23.5,23.77197265625,42.0
1970-11-29 18:01:37.993,28.805219650268555,96.02409362792967,184.39942169189447,83.63636016845703,81.69999694824219,61.23046875,99.9493637084961,28.572633743286133,37.33736293664161,42042.0,32.938079833984375,24.778350830078125,23.5,23.77197265625,42.0
1970-11-29 18:01:38.994,28.8747787475586,96.02409362792967,185.06673431396484,83.63636016845703,81.19999694824219,61.23046875,99.9529800415039,28.567047119140625,36.07518994365434,42042.0,33.3460693359375,26.328689575195312,27.44384765625,25.24072265625,42.0
1970-11-29 18:01:39.994,28.921838760375977,95.90361785888672,183.94368743896484,83.56060028076172,81.9000015258789,61.23046875,99.9493637084961,28.566370010375977,35.75124531989024,42042.0,33.835662841796875,27.82464599609375,19.85531616210937,26.8726806640625,42.0
1970-11-29 18:01:40.994,28.921838760375977,95.90361785888672,183.94368743896484,83.56060028076172,81.9000015258789,61.23046875,99.9493637084961,28.566370010375977,35.75124531989024,42042.0,33.835662841796875,27.82464599609375,19.85531616210937,26.8726806640625,42.0
1970-11-29 18:01:42.004,28.92370986938477,96.02409362792967,183.88671875,83.56060028076172,82.0999984741211,61.23046875,99.9529800415039,28.556270599365234,36.37679613651857,42042.0,34.0804443359375,27.47105407714844,22.30322265625,24.99594116210937,42.0
1970-11-29 18:01:42.994,28.933238983154297,95.96385192871094,186.27116394042963,83.56060028076172,82.70000457763672,61.23046875,99.9493637084961,28.55573081970215,35.80215315751828,42042.0,35.03240966796875,31.387725830078125,23.989578247070312,23.77197265625,42.0
1970-11-29 18:01:44.004,28.933238983154297,95.96385192871094,186.27116394042963,83.56060028076172,82.70000457763672,61.23046875,99.9493637084961,28.55573081970215,35.80215315751828,42042.0,35.03240966796875,31.387725830078125,23.989578247070312,23.77197265625,42.0
1970-11-29 18:01:44.995,29.01435661315918,95.96385192871094,186.00260162353516,83.63636016845703,81.80000305175781,61.23046875,99.9529800415039,28.55408096313477,36.69184615523171,42042.0,32.584503173828125,29.13018798828125,23.309600830078125,27.82464599609375,42.0
1970-11-29 18:01:46.001,28.96222305297852,96.08433532714844,185.09928894042963,83.63636016845703,81.80000305175781,61.23046875,99.9529800415039,28.54892539978028,38.68752533002962,42042.0,34.21644592285156,29.510986328125,25.86630249023437,27.09027099609375,42.0
1970-11-29 18:01:46.994,28.96222305297852,96.08433532714844,185.09928894042963,83.63636016845703,81.80000305175781,61.23046875,99.9529800415039,28.54892539978028,38.68752533002962,42042.0,34.21644592285156,29.510986328125,25.86630249023437,27.09027099609375,42.0
1970-11-29 18:01:47.992,28.87865257263184,96.02409362792967,184.5052108764648,83.56060028076172,82.0999984741211,61.23046875,99.9493637084961,28.54847526550293,37.277250219953046,42042.0,30.73495483398437,25.295135498046875,26.682281494140625,22.38482666015625,42.0
1970-11-29 18:01:48.994,28.805810928344727,95.90361785888672,184.375,83.63636016845703,82.0,61.23046875,99.9493637084961,28.541061401367188,36.20585237941086,42042.0,30.979751586914062,29.64697265625,24.370361328125,25.89350891113281,42.0
1970-11-29 18:01:49.990,28.805810928344727,95.90361785888672,184.375,83.63636016845703,82.0,61.23046875,99.9493637084961,28.541061401367188,36.20585237941086,42042.0,30.979751586914062,29.64697265625,24.370361328125,25.89350891113281,42.0
1970-11-29 18:01:51.001,28.84058380126953,96.02409362792967,184.46452331542963,83.63636016845703,82.20000457763672,61.23046875,99.9529800415039,28.539400100708008,36.924021339651176,42042.0,31.65972900390625,27.82464599609375,23.3367919921875,26.2742919921875,42.0
1970-11-29 18:01:51.991,28.735729217529297,96.08433532714844,184.43196868896484,83.56060028076172,82.0,61.23046875,99.9529800415039,28.53385734558105,37.10684107141221,42042.0,32.04052734375,30.32696533203125,23.03759765625,29.102996826171875,42.0
1970-11-29 18:01:52.991,28.735729217529297,96.08433532714844,184.43196868896484,83.56060028076172,82.0,61.23046875,99.9529800415039,28.53385734558105,37.10684107141221,42042.0,32.04052734375,30.32696533203125,23.03759765625,29.102996826171875,42.0
1970-11-29 18:01:53.991,28.660240173339844,96.02409362792967,184.7412109375,83.56060028076172,81.69999694824219,61.23046875,99.9493637084961,28.526826858520508,37.07058235537614,42042.0,33.18287658691406,28.66781616210937,24.53355407714844,26.546295166015625,42.0
1970-11-29 18:01:55.002,28.6815128326416,96.02409362792967,184.74935150146484,83.56060028076172,82.4000015258789,61.23046875,99.9493637084961,28.53436088562012,36.85868469180089,42042.0,35.114013671875,28.586212158203125,26.1383056640625,24.179962158203125,42.0
1970-11-29 18:01:55.993,28.6815128326416,96.02409362792967,184.74935150146484,83.56060028076172,82.4000015258789,61.23046875,99.9493637084961,28.53436088562012,36.85868469180089,42042.0,35.114013671875,28.586212158203125,26.1383056640625,24.179962158203125,42.0
1970-11-29 18:01:56.991,28.81225204467773,95.96385192871094,185.88053894042963,83.63636016845703,82.5999984741211,61.23046875,99.9529800415039,28.53440284729004,37.02396597148218,42042.0,33.99884033203125,30.84375,27.035873413085938,25.567123413085938,42.0
1970-11-29 18:01:57.992,28.854341506958008,95.96385192871094,185.37596893310547,83.63636016845703,83.0999984741211,61.23046875,99.9529800415039,28.531465530395508,35.72564092309716,42042.0,35.358795166015625,30.32696533203125,27.93344116210937,25.67591857910156,42.0
1970-11-29 18:01:59.003,28.854341506958008,95.96385192871094,185.37596893310547,83.63636016845703,83.0999984741211,61.23046875,99.9529800415039,28.531465530395508,35.72564092309716,42042.0,35.358795166015625,30.32696533203125,27.93344116210937,25.67591857910156,42.0
1970-11-29 18:01:59.991,28.93572807312012,96.02409362792967,184.8714141845703,83.56060028076172,82.9000015258789,61.23046875,99.9529800415039,28.53458023071289,35.315807919961266,42042.0,34.379638671875,31.822906494140625,26.73667907714844,21.35125732421875,42.0
1970-11-29 18:02:00.994,29.06978988647461,96.08433532714844,184.9853515625,83.63636016845703,82.0,61.23046875,99.9529800415039,28.545936584472656,35.63002785523362,42042.0,34.053253173828125,30.40855407714844,23.173614501953125,28.06942749023437,42.0
1970-11-29 18:02:02.005,29.06978988647461,96.08433532714844,184.9853515625,83.63636016845703,82.0,61.23046875,99.9529800415039,28.545936584472656,35.63002785523362,42042.0,34.053253173828125,30.40855407714844,23.173614501953125,28.06942749023437,42.0
1970-11-29 18:02:02.994,29.17572975158692,95.96385192871094,184.0901641845703,83.56060028076172,81.4000015258789,61.23046875,99.9529800415039,28.533388137817383,37.63208031126104,42042.0,32.55731201171875,30.16375732421875,23.79917907714844,25.376739501953125,42.0
1970-11-29 18:02:04.004,29.073375701904297,95.90361785888672,184.07389068603516,83.56060028076172,81.5,61.23046875,99.9529800415039,28.5393295288086,38.052024880957084,42042.0,28.695037841796875,25.485519409179688,23.255203247070312,27.035873413085938,42.0
1970-11-29 18:02:04.991,29.073375701904297,95.90361785888672,184.07389068603516,83.56060028076172,81.5,61.23046875,99.9529800415039,28.5393295288086,38.052024880957084,42042.0,28.695037841796875,25.485519409179688,23.255203247070312,27.035873413085938,42.0
1970-11-29 18:02:05.994,28.942428588867188,95.96385192871094,184.96907806396484,83.63636016845703,81.5,61.23046875,99.9529800415039,28.544273376464844,37.68987782394395,42042.0,33.9444580078125,24.45196533203125,26.73667907714844,27.307861328125,42.0
1970-11-29 18:02:06.993,28.925296783447266,96.02409362792967,184.04134368896484,83.63636016845703,81.19999694824219,61.23046875,99.9493637084961,28.538890838623047,37.59764436783037,42042.0,30.19097900390625,25.92071533203125,22.65682983398437,28.967010498046875,42.0
1970-11-29 18:02:07.992,28.925296783447266,96.02409362792967,184.04134368896484,83.63636016845703,81.19999694824219,61.23046875,99.9493637084961,28.538890838623047,37.59764436783037,42042.0,30.19097900390625,25.92071533203125,22.65682983398437,28.967010498046875,42.0
1970-11-29 18:02:09.002,28.92855262756348,96.02409362792967,183.19498443603516,83.63636016845703,82.4000015258789,61.23046875,99.9529800415039,28.541147232055664,36.68264027444513,42042.0,32.938079833984375,27.253463745117188,24.832748413085938,21.976837158203125,42.0
1970-11-29 18:02:10.992,28.75628471374512,96.02409362792967,183.40657806396484,83.56060028076172,81.0,61.23046875,99.9493637084961,28.54339599609375,38.46469453440187,42042.0,36.90914916992188,28.09663391113281,26.00230407714844,23.85357666015625,42.0
1970-11-29 18:02:10.000,28.821456909179688,95.96385192871094,183.60189056396484,83.63636016845703,81.30000305175781,61.23046875,99.9529800415039,28.5328311920166,37.229974910566945,42042.0,34.352447509765625,30.490142822265625,23.77197265625,23.79917907714844,42.0
1970-11-29 18:02:11.991,28.75628471374512,96.02409362792967,183.40657806396484,83.56060028076172,81.0,61.23046875,99.9493637084961,28.54339599609375,38.46469453440187,42042.0,36.90914916992188,28.09663391113281,26.00230407714844,23.85357666015625,42.0
1970-11-29 18:02:13.004,28.797266006469727,96.08433532714844,184.033203125,83.63636016845703,82.9000015258789,61.23046875,99.9493637084961,28.55008888244629,35.8610073174297,42042.0,33.645263671875,28.09663391113281,27.661453247070312,21.242462158203125,42.0
1970-11-29 18:02:14.004,28.886943817138672,96.02409362792967,184.35872650146484,83.63636016845703,82.4000015258789,61.23046875,99.9529800415039,28.55322456359864,37.4766460760387,42042.0,33.48207092285156,30.87094116210937,28.450225830078125,20.372100830078125,42.0
1970-11-29 18:02:14.991,28.886943817138672,96.02409362792967,184.35872650146484,83.63636016845703,82.4000015258789,61.23046875,99.9529800415039,28.55322456359864,37.4766460760387,42042.0,33.48207092285156,30.87094116210937,28.450225830078125,20.372100830078125,42.0
1970-11-29 18:02:15.993,28.85299301147461,95.78313446044922,184.326171875,83.63636016845703,81.30000305175781,61.23046875,99.9529800415039,28.556941986083984,38.342417320551654,42043.0,32.883697509765625,29.9461669921875,24.479156494140625,21.59605407714844,42.0
1970-11-29 18:02:16.993,28.84303855895996,95.96385192871094,184.10643768310547,83.56060028076172,82.0,61.23046875,99.9529800415039,28.56710624694824,39.39773704096777,42043.0,34.624420166015625,28.232635498046875,22.00404357910156,29.021392822265625,42.0
1970-11-29 18:02:17.992,28.84303855895996,95.96385192871094,184.10643768310547,83.56060028076172,82.0,61.23046875,99.9529800415039,28.56710624694824,39.39773704096777,42043.0,34.624420166015625,28.232635498046875,22.00404357910156,29.021392822265625,42.0
1970-11-29 18:02:19.002,28.955007553100582,96.20481872558594,186.9384765625,83.56060028076172,82.30000305175781,61.23046875,99.9529800415039,28.57198905944824,36.76350391610752,42043.0,33.400482177734375,31.523712158203125,27.7430419921875,30.109375,42.0
1970-11-29 18:02:20.005,28.97797393798828,95.96385192871094,187.48372650146484,83.63636016845703,81.5999984741211,61.23046875,99.9529800415039,28.579679489135746,39.624692058161216,42043.0,33.046875,28.314224243164062,23.71759033203125,25.458328247070312,42.0
1970-11-29 18:02:21.001,28.97797393798828,95.96385192871094,187.48372650146484,83.63636016845703,81.5999984741211,61.23046875,99.9529800415039,28.579679489135746,39.624692058161216,42043.0,33.046875,28.314224243164062,23.71759033203125,25.458328247070312,42.0
1970-11-29 18:02:22.001,28.910036087036133,95.90361785888672,189.2659606933593,83.63636016845703,82.20000457763672,61.23046875,99.9529800415039,28.580018997192383,36.78542209519776,42043.0,33.72686767578125,25.89350891113281,25.703125,27.117462158203125,42.0
1970-11-29 18:02:22.991,28.882436752319336,96.08433532714844,189.1194610595703,83.63636016845703,82.70000457763672,61.23046875,99.9529800415039,28.582496643066406,36.98417318162562,42043.0,34.624420166015625,25.32232666015625,24.39755249023437,23.41839599609375,42.0
1970-11-29 18:02:24.003,28.882436752319336,96.08433532714844,189.1194610595703,83.63636016845703,82.70000457763672,61.23046875,99.9529800415039,28.582496643066406,36.98417318162562,42043.0,34.624420166015625,25.32232666015625,24.39755249023437,23.41839599609375,42.0
1970-11-29 18:02:25.006,28.981538772583008,96.20481872558594,189.42057037353516,83.56060028076172,81.4000015258789,61.23046875,99.9529800415039,28.58625602722168,37.25394880166227,42043.0,34.869232177734375,28.06942749023437,23.989578247070312,24.560760498046875,42.0
1970-11-29 18:02:25.991,28.982982635498047,95.90361785888672,191.064453125,83.56060028076172,81.5,61.23046875,99.9493637084961,28.58922004699707,38.52644986025404,42043.0,36.22918701171875,25.15913391113281,25.24072265625,22.33042907714844,42.0
1970-11-29 18:02:26.990,28.982982635498047,95.90361785888672,191.064453125,83.56060028076172,81.5,61.23046875,99.9493637084961,28.58922004699707,38.52644986025404,42043.0,36.22918701171875,25.15913391113281,25.24072265625,22.33042907714844,42.0
1970-11-29 18:02:28.002,28.911279678344727,95.90361785888672,192.4072265625,83.63636016845703,82.4000015258789,61.23046875,99.9529800415039,28.59808921813965,37.26624662872414,42043.0,31.632537841796875,25.92071533203125,25.458328247070312,24.234375,42.0
1970-11-29 18:02:28.992,28.85865592956543,96.02409362792967,191.845703125,83.63636016845703,81.9000015258789,61.23046875,99.9529800415039,28.611377716064453,37.514237143650064,42043.0,33.91725158691406,31.14292907714844,26.899871826171875,22.03125,42.0
1970-11-29 18:02:29.994,28.85865592956543,96.02409362792967,191.845703125,83.63636016845703,81.9000015258789,61.23046875,99.9529800415039,28.611377716064453,37.514237143650064,42043.0,33.91725158691406,31.14292907714844,26.899871826171875,22.03125,42.0
1970-11-29 18:02:30.994,28.932825088500977,96.02409362792967,186.61295318603516,83.56060028076172,83.5,61.23046875,99.9529800415039,28.616125106811523,35.116209871717786,42043.0,34.706024169921875,27.22625732421875,27.19906616210937,25.4039306640625,42.0
1970-11-29 18:02:31.992,28.873815536499023,95.78313446044922,188.2080078125,83.63636016845703,81.9000015258789,61.23046875,99.9529800415039,28.62063407897949,37.90385987232956,42043.0,31.79571533203125,31.714111328125,25.59432983398437,23.06480407714844,42.0
1970-11-29 18:02:32.991,28.873815536499023,95.78313446044922,188.2080078125,83.63636016845703,81.9000015258789,61.23046875,99.9529800415039,28.62063407897949,37.90385987232956,42043.0,31.79571533203125,31.714111328125,25.59432983398437,23.06480407714844,42.0
1970-11-29 18:02:34.002,28.789813995361328,95.90361785888672,190.53548431396484,83.63636016845703,83.0,61.23046875,99.9493637084961,28.62000274658203,37.9669380609208,42043.0,31.46932983398437,28.749420166015625,26.083892822265625,27.52545166015625,42.0
1970-11-29 18:02:34.991,28.79802322387696,96.26506042480467,186.8245391845703,83.56060028076172,82.0999984741211,61.23046875,99.9493637084961,28.63120460510254,38.16916429479089,42043.0,31.1429443359375,26.49188232421875,22.140045166015625,27.90625,42.0
1970-11-29 18:02:35.991,28.79802322387696,96.26506042480467,186.8245391845703,83.56060028076172,82.0999984741211,61.23046875,99.9493637084961,28.63120460510254,38.16916429479089,42043.0,31.1429443359375,26.49188232421875,22.140045166015625,27.90625,42.0
1970-11-29 18:02:37.001,28.902406692504883,96.02409362792967,187.09310150146484,83.56060028076172,81.0,61.23046875,99.9493637084961,28.63443183898925,36.89155593362056,42043.0,32.938079833984375,25.15913391113281,21.405670166015625,25.567123413085938,42.0
1970-11-29 18:02:37.991,28.849590301513672,95.84337615966795,187.19889068603516,83.63636016845703,81.9000015258789,61.23046875,99.9493637084961,28.647687911987305,35.89711476530948,42043.0,31.08856201171875,23.2008056640625,25.077545166015625,23.907989501953125,42.0
1970-11-29 18:02:39.004,28.849590301513672,95.84337615966795,187.19889068603516,83.63636016845703,81.9000015258789,61.23046875,99.9493637084961,28.647687911987305,35.89711476530948,42043.0,31.08856201171875,23.2008056640625,25.077545166015625,23.907989501953125,42.0
1970-11-29 18:02:40.003,28.814128875732425,96.02409362792967,190.61685943603516,83.63636016845703,82.0,61.23046875,99.9493637084961,28.65804672241211,36.53935598443678,42043.0,36.392364501953125,31.4149169921875,24.20716857910156,20.53529357910156,42.0
1970-11-29 18:02:40.994,28.840112686157227,96.1445770263672,189.33106231689447,83.63636016845703,81.9000015258789,61.23046875,99.9493637084961,28.664196014404297,35.928163076348206,42043.0,35.304412841796875,29.53817749023437,25.18634033203125,23.907989501953125,42.0
1970-11-29 18:02:41.993,28.840112686157227,96.1445770263672,189.33106231689447,83.63636016845703,81.9000015258789,61.23046875,99.9493637084961,28.664196014404297,35.928163076348206,42043.0,35.304412841796875,29.53817749023437,25.18634033203125,23.907989501953125,42.0
1970-11-29 18:02:42.994,28.92374992370605,96.02409362792967,188.54166412353516,83.63636016845703,82.5,61.23046875,99.9493637084961,28.67360115051269,36.6763523059803,42043.0,34.488433837890625,30.571746826171875,26.383087158203125,23.71759033203125,42.0
1970-11-29 18:02:44.004,28.89092254638672,95.96385192871094,189.6403045654297,83.63636016845703,82.80000305175781,61.23046875,99.9493637084961,28.686506271362305,36.216059587127994,42043.0,35.03240966796875,25.92071533203125,23.907989501953125,21.21527099609375,42.0
1970-11-29 18:02:45.002,28.89092254638672,95.96385192871094,189.6403045654297,83.63636016845703,82.80000305175781,61.23046875,99.9493637084961,28.686506271362305,36.216059587127994,42043.0,35.03240966796875,25.92071533203125,23.907989501953125,21.21527099609375,42.0
1970-11-29 18:02:45.993,28.898277282714844,95.96385192871094,188.4928436279297,83.63636016845703,81.19999694824219,61.23046875,99.9493637084961,28.692291259765625,37.204174900435746,42043.0,34.46124267578125,28.885406494140625,25.784713745117188,26.029510498046875,42.0
1970-11-29 18:02:46.993,28.97797393798828,96.1445770263672,187.07682800292963,83.56060028076172,82.30000305175781,61.23046875,99.9493637084961,28.693546295166016,37.88004110366987,42043.0,31.414947509765625,26.165496826171875,18.304962158203125,21.65045166015625,42.0
1970-11-29 18:02:48.001,28.97797393798828,96.1445770263672,187.07682800292963,83.56060028076172,82.30000305175781,61.23046875,99.9493637084961,28.693546295166016,37.88004110366987,42043.0,31.414947509765625,26.165496826171875,18.304962158203125,21.65045166015625,42.0
1970-11-29 18:02:48.993,29.041723251342773,95.96385192871094,187.63021087646484,83.56060028076172,82.0999984741211,61.23046875,99.9493637084961,28.716083526611328,37.62979508974876,42043.0,31.93173217773437,26.2742919921875,26.73667907714844,23.445587158203125,42.0
1970-11-29 18:02:49.990,28.988147735595703,95.78313446044922,186.44205474853516,83.56060028076172,82.5999984741211,61.23046875,99.9529800415039,28.727235794067383,36.727323439226566,42043.0,35.222808837890625,30.000564575195312,24.12557983398437,21.1336669921875,42.0
1970-11-29 18:02:50.992,28.988147735595703,95.78313446044922,186.44205474853516,83.56060028076172,82.5999984741211,61.23046875,99.9529800415039,28.727235794067383,36.727323439226566,42043.0,35.222808837890625,30.000564575195312,24.12557983398437,21.1336669921875,42.0
1970-11-29 18:02:51.990,28.937397003173828,95.96385192871094,186.90592956542963,83.63636016845703,81.80000305175781,61.23046875,99.9493637084961,28.731903076171875,37.80240068074875,42043.0,34.624420166015625,27.117462158203125,22.00404357910156,27.117462158203125,42.0
1970-11-29 18:02:52.990,28.981002807617188,96.20481872558594,189.34733581542963,83.63636016845703,83.0,61.23046875,99.9529800415039,28.75069236755371,36.89841120329132,42043.0,33.56365966796875,28.06942749023437,30.08216857910156,24.479156494140625,42.0
1970-11-29 18:02:54.004,28.981002807617188,96.20481872558594,189.34733581542963,83.63636016845703,83.0,61.23046875,99.9529800415039,28.75069236755371,36.89841120329132,42043.0,33.56365966796875,28.06942749023437,30.08216857910156,24.479156494140625,42.0
1970-11-29 18:02:54.990,28.960880279541016,95.96385192871094,187.57324981689447,83.56060028076172,82.30000305175781,61.23046875,99.9493637084961,28.75856208801269,36.140084703199626,42043.0,33.155670166015625,29.13018798828125,26.573486328125,26.192703247070312,42.0
1970-11-29 18:02:55.990,28.859451293945312,95.84337615966795,187.06868743896484,83.63636016845703,80.9000015258789,61.23046875,99.9493637084961,28.76296615600586,38.70406335108625,42043.0,32.4757080078125,27.44384765625,25.13192749023437,23.989578247070312,42.0
1970-11-29 18:02:57.003,28.859451293945312,95.84337615966795,187.06868743896484,83.63636016845703,80.9000015258789,61.23046875,99.9493637084961,28.76296615600586,38.70406335108625,42043.0,32.4757080078125,27.44384765625,25.13192749023437,23.989578247070312,42.0
1970-11-29 18:02:58.002,28.77403259277344,95.96385192871094,187.8662109375,83.56060028076172,83.0,61.23046875,99.9529800415039,28.780105590820312,36.23769299503906,42043.0,32.149322509765625,27.44384765625,26.49188232421875,28.12384033203125,42.0
1970-11-29 18:02:59.003,28.845727920532227,96.1445770263672,189.07064056396484,83.56060028076172,82.0,61.23046875,99.9493637084961,28.785449981689453,36.73980923292136,42043.0,29.40220642089844,31.00692749023437,23.79917907714844,23.309600830078125,42.0
1970-11-29 18:02:59.991,28.845727920532227,96.1445770263672,189.07064056396484,83.56060028076172,82.0,61.23046875,99.9493637084961,28.785449981689453,36.73980923292136,42043.0,29.40220642089844,31.00692749023437,23.79917907714844,23.309600830078125,42.0
1970-11-29 18:03:01.004,28.821083068847656,96.02409362792967,187.7766876220703,83.56060028076172,81.4000015258789,61.23046875,99.9493637084961,28.79428100585937,39.50635211906279,42043.0,34.65162658691406,28.586212158203125,25.92071533203125,26.4375,42.0
1970-11-29 18:03:01.992,28.751882553100582,95.90361785888672,186.4501953125,83.63636016845703,82.0,61.23046875,99.9493637084961,28.81389808654785,37.23760909900296,42043.0,32.4757080078125,28.287017822265625,23.581588745117188,25.376739501953125,42.0
1970-11-29 18:03:03.005,28.751882553100582,95.90361785888672,186.4501953125,83.63636016845703,82.0,61.23046875,99.9493637084961,28.81389808654785,37.23760909900296,42043.0,32.4757080078125,28.287017822265625,23.581588745117188,25.376739501953125,42.0
1970-11-29 18:03:03.990,28.745332717895508,96.02409362792967,186.4501953125,83.63636016845703,81.5999984741211,61.23046875,99.9493637084961,28.81494903564453,37.42085032725132,42043.0,33.29168701171875,31.2789306640625,25.431121826171875,23.173614501953125,42.0
1970-11-29 18:03:04.992,28.913806915283203,96.08433532714844,186.4827423095703,83.56060028076172,82.0,61.23046875,99.9493637084961,28.833457946777344,36.3955516802314,42043.0,37.64352416992188,26.65509033203125,25.59432983398437,23.71759033203125,42.0
1970-11-29 18:03:05.992,28.913806915283203,96.08433532714844,186.4827423095703,83.56060028076172,82.0,61.23046875,99.9493637084961,28.833457946777344,36.3955516802314,42043.0,37.64352416992188,26.65509033203125,25.59432983398437,23.71759033203125,42.0
1970-11-29 18:03:06.992,28.970537185668945,96.08433532714844,187.6546249389648,83.56060028076172,82.30000305175781,61.23046875,99.9493637084961,28.84098625183105,36.61321616008527,42043.0,36.01158142089844,28.66781616210937,24.723953247070312,23.2008056640625,42.0
1970-11-29 18:03:07.992,28.89518547058105,96.02409362792967,189.05436706542963,83.56060028076172,82.5999984741211,61.23046875,99.9493637084961,28.84723854064941,36.78347306054848,42043.0,36.31077575683594,24.72393798828125,28.61341857910156,25.75750732421875,42.0
1970-11-29 18:03:09.003,28.89518547058105,96.02409362792967,189.05436706542963,83.56060028076172,82.5999984741211,61.23046875,99.9493637084961,28.84723854064941,36.78347306054848,42043.0,36.31077575683594,24.72393798828125,28.61341857910156,25.75750732421875,42.0
1970-11-29 18:03:10.001,28.93472480773925,95.90361785888672,188.2893829345703,83.63636016845703,82.9000015258789,61.23046875,99.9493637084961,28.86979484558105,36.26147806653458,42043.0,31.93173217773437,29.8101806640625,28.151031494140625,27.6070556640625,42.0
1970-11-29 18:03:11.001,29.088661193847656,96.02409362792967,187.82552337646484,83.63636016845703,82.20000457763672,61.23046875,99.9493637084961,28.871564865112305,36.50619087373308,42043.0,35.25,27.063064575195312,25.458328247070312,26.70947265625,42.0
1970-11-29 18:03:11.992,29.088661193847656,96.02409362792967,187.82552337646484,83.63636016845703,82.20000457763672,61.23046875,99.9493637084961,28.871564865112305,36.50619087373308,42043.0,35.25,27.063064575195312,25.458328247070312,26.70947265625,42.0
1970-11-29 18:03:13.004,29.08966827392578,96.02409362792967,188.037109375,83.56060028076172,81.69999694824219,61.23046875,99.9493637084961,28.877342224121094,37.388302318402474,42043.0,29.10302734375,26.845474243164062,27.851837158203125,25.97509765625,42.0
1970-11-29 18:03:13.990,28.982154846191406,96.02409362792967,187.0931015014648,83.56060028076172,81.0999984741211,61.23046875,99.9493637084961,28.899736404418945,38.49967476134906,42043.0,31.170150756835938,31.5509033203125,27.36225891113281,19.80091857910156,42.0
1970-11-29 18:03:15.001,28.982154846191406,96.02409362792967,187.0931015014648,83.56060028076172,81.0999984741211,61.23046875,99.9493637084961,28.899736404418945,38.49967476134906,42043.0,31.170150756835938,31.5509033203125,27.36225891113281,19.80091857910156,42.0
1970-11-29 18:03:15.992,28.84218978881836,95.96385192871094,187.95572662353516,83.63636016845703,82.80000305175781,61.23046875,99.9493637084961,28.911178588867188,36.649501832277956,42043.0,32.53009033203125,29.891769409179688,28.09663391113281,26.083892822265625,42.0
1970-11-29 18:03:16.990,28.905107498168945,96.02409362792967,186.4501953125,83.63636016845703,81.0999984741211,61.23046875,99.9493637084961,28.9198055267334,36.881103105254965,42043.0,34.10765075683594,27.035858154296875,22.92880249023437,21.8680419921875,42.0
1970-11-29 18:03:17.995,28.905107498168945,96.02409362792967,186.4501953125,83.63636016845703,81.0999984741211,61.23046875,99.9493637084961,28.9198055267334,36.881103105254965,42043.0,34.10765075683594,27.035858154296875,22.92880249023437,21.8680419921875,42.0
1970-11-29 18:03:19.001,28.834386825561523,96.02409362792967,188.02083587646484,83.63636016845703,83.20000457763672,61.23046875,99.9493637084961,28.93819999694824,34.756329194934914,42043.0,34.406829833984375,28.885406494140625,24.914337158203125,18.33216857910156,42.0
1970-11-29 18:03:19.994,28.6884994506836,95.96385192871094,187.55696868896484,83.56060028076172,82.80000305175781,61.23046875,99.9493637084961,28.955251693725582,33.50669328894631,42043.0,32.720489501953125,30.435760498046875,24.26156616210937,23.363998413085938,42.0
1970-11-29 18:03:21.006,28.6884994506836,95.96385192871094,187.55696868896484,83.56060028076172,82.80000305175781,61.23046875,99.9493637084961,28.955251693725582,33.50669328894631,42043.0,32.720489501953125,30.435760498046875,24.26156616210937,23.363998413085938,42.0
1970-11-29 18:03:21.992,28.669761657714844,96.08433532714844,188.28939056396484,83.56060028076172,82.20000457763672,61.23046875,99.9493637084961,28.96108055114746,36.76423870543506,42043.0,35.5491943359375,27.715850830078125,21.32406616210937,23.989578247070312,42.0
1970-11-29 18:03:22.993,28.780872344970703,96.02409362792967,187.41861724853516,83.56060028076172,81.80000305175781,61.23046875,99.9493637084961,28.980337142944336,37.48834862678375,42043.0,33.971649169921875,25.97509765625,28.450225830078125,28.015045166015625,42.0
1970-11-29 18:03:23.990,28.780872344970703,96.02409362792967,187.41861724853516,83.56060028076172,81.80000305175781,61.23046875,99.9493637084961,28.980337142944336,37.48834862678375,42043.0,33.971649169921875,25.97509765625,28.450225830078125,28.015045166015625,42.0
1970-11-29 18:03:25.995,28.899200439453125,95.90361785888672,187.75228118896484,83.63636016845703,81.80000305175781,61.23046875,99.9493637084961,29.020647048950195,37.19730912521952,42043.0,32.883697509765625,26.92706298828125,25.92071533203125,23.962371826171875,42.0
1970-11-29 18:03:25.000,28.783781051635746,95.84337615966795,187.3616485595703,83.63636016845703,82.0999984741211,61.23046875,99.9529800415039,28.99909400939941,37.837340304556534,42043.0,32.285308837890625,30.952545166015625,27.552642822265625,29.15740966796875,42.0
1970-11-29 18:03:26.993,28.899200439453125,95.90361785888672,187.75228118896484,83.63636016845703,81.80000305175781,61.23046875,99.9493637084961,29.020647048950195,37.19730912521952,42043.0,32.883697509765625,26.92706298828125,25.92071533203125,23.962371826171875,42.0
1970-11-29 18:03:28.004,29.10174369812012,96.1445770263672,186.8001327514648,83.63636016845703,82.30000305175781,61.23046875,99.9493637084961,29.02387809753418,37.26750810001117,42043.0,31.632537841796875,28.66781616210937,28.368621826171875,29.89178466796875,42.0
1970-11-29 18:03:29.001,29.21660804748535,96.1445770263672,186.78385162353516,83.56060028076172,83.0,61.23046875,99.9493637084961,29.031970977783203,36.332027912150195,42043.0,32.203704833984375,29.102996826171875,27.035873413085938,25.15913391113281,42.0
1970-11-29 18:03:29.992,29.21660804748535,96.1445770263672,186.78385162353516,83.56060028076172,83.0,61.23046875,99.9493637084961,29.031970977783203,36.332027912150195,42043.0,32.203704833984375,29.102996826171875,27.035873413085938,25.15913391113281,42.0
1970-11-29 18:03:30.992,29.28042221069336,95.96385192871094,185.2783203125,83.56060028076172,81.19999694824219,61.23046875,99.9493637084961,29.0525131225586,38.036900280066135,42043.0,30.680572509765625,27.688644409179688,24.45196533203125,23.03759765625,42.0
1970-11-29 18:03:31.992,29.285388946533203,95.90361785888672,186.2386016845703,83.63636016845703,82.70000457763672,61.23046875,99.9493637084961,29.05682182312012,35.72790217623081,42043.0,32.883697509765625,26.818267822265625,19.01214599609375,23.635986328125,42.0
1970-11-29 18:03:32.990,29.285388946533203,95.90361785888672,186.2386016845703,83.63636016845703,82.70000457763672,61.23046875,99.9493637084961,29.05682182312012,35.72790217623081,42043.0,32.883697509765625,26.818267822265625,19.01214599609375,23.635986328125,42.0
1970-11-29 18:03:33.990,29.321571350097656,95.90361785888672,184.83885955810547,83.63636016845703,82.0,61.23046875,99.9493637084961,29.07286071777344,36.32252642759216,42043.0,34.8148193359375,26.70947265625,24.12557983398437,23.173614501953125,42.0
1970-11-29 18:03:34.991,29.3105411529541,96.02409362792967,186.33626556396484,83.63636016845703,82.5999984741211,61.23046875,99.9493637084961,29.08594512939453,35.81858332359938,42043.0,31.904525756835938,28.967010498046875,25.077545166015625,24.99594116210937,42.0
1970-11-29 18:03:35.994,29.3105411529541,96.02409362792967,186.33626556396484,83.63636016845703,82.5999984741211,61.23046875,99.9493637084961,29.08594512939453,35.81858332359938,42043.0,31.904525756835938,28.967010498046875,25.077545166015625,24.99594116210937,42.0
1970-11-29 18:03:36.994,29.07612419128418,96.08433532714844,185.07486724853516,83.63636016845703,81.9000015258789,61.23046875,99.9493637084961,29.099443435668945,36.509574519935796,42043.0,34.0804443359375,24.560760498046875,21.106475830078125,26.70947265625,42.0
1970-11-29 18:03:37.990,28.8764705657959,95.96385192871094,186.376953125,83.56060028076172,82.70000457763672,61.23046875,99.9493637084961,29.11128234863281,34.93864819430015,42043.0,32.04052734375,30.707733154296875,27.634246826171875,27.09027099609375,42.0
1970-11-29 18:03:39.992,28.82062721252441,95.90361785888672,187.70345306396484,83.56060028076172,83.20000457763672,61.23046875,99.9493637084961,29.12254905700684,35.97189137561648,42043.0,34.352447509765625,29.619781494140625,26.083892822265625,26.763885498046875,42.0
1970-11-29 18:03:39.000,28.8764705657959,95.96385192871094,186.376953125,83.56060028076172,82.70000457763672,61.23046875,99.9493637084961,29.11128234863281,34.93864819430015,42043.0,32.04052734375,30.707733154296875,27.634246826171875,27.09027099609375,42.0
1970-11-29 18:03:41.000,28.67917823791504,96.1445770263672,186.1897735595703,83.63636016845703,81.9000015258789,61.23046875,99.9493637084961,29.12740135192871,38.33041079866926,42043.0,33.50927734375,27.1446533203125,27.0086669921875,28.042236328125,42.0
1970-11-29 18:03:42.002,28.67917823791504,96.1445770263672,186.1897735595703,83.63636016845703,81.9000015258789,61.23046875,99.9493637084961,29.12740135192871,38.33041079866926,42043.0,33.50927734375,27.1446533203125,27.0086669921875,28.042236328125,42.0
1970-11-29 18:03:43.003,28.488630294799805,96.20481872558594,186.9222030639648,83.56060028076172,82.0,61.23046875,99.9493637084961,29.13794708251953,38.60540669955444,42043.0,31.06134033203125,29.67417907714844,24.343170166015625,27.06307983398437,42.0
1970-11-29 18:03:43.992,28.470422744750977,95.72289276123048,185.95377349853516,83.56060028076172,81.0,61.23046875,99.9493637084961,29.142072677612305,39.37592760784851,42043.0,35.086822509765625,31.469314575195312,24.343170166015625,24.234375,42.0
1970-11-29 18:03:44.993,28.470422744750977,95.72289276123048,185.95377349853516,83.56060028076172,81.0,61.23046875,99.9493637084961,29.142072677612305,39.37592760784851,42043.0,35.086822509765625,31.469314575195312,24.343170166015625,24.234375,42.0
1970-11-29 18:03:45.993,28.643281936645508,95.96385192871094,186.11653900146484,83.56060028076172,81.80000305175781,61.23046875,99.9493637084961,29.154460906982425,37.45720946780882,42043.0,32.720489501953125,30.87094116210937,23.146392822265625,23.03759765625,42.0
1970-11-29 18:03:46.993,28.730382919311523,96.1445770263672,184.19596099853516,83.56060028076172,81.80000305175781,61.23046875,99.9493637084961,29.166996002197266,38.44469509549727,42043.0,34.706024169921875,31.387725830078125,26.165496826171875,24.642364501953125,42.0
1970-11-29 18:03:47.992,28.730382919311523,96.1445770263672,184.19596099853516,83.56060028076172,81.80000305175781,61.23046875,99.9493637084961,29.166996002197266,38.44469509549727,42043.0,34.706024169921875,31.387725830078125,26.165496826171875,24.642364501953125,42.0
1970-11-29 18:03:49.002,28.812030792236328,96.1445770263672,186.5559844970703,83.56060028076172,81.5,61.23046875,99.9493637084961,29.17293167114257,36.20325872138401,42043.0,33.26446533203125,28.504608154296875,24.26156616210937,26.301498413085938,42.0
1970-11-29 18:03:49.990,28.97653579711914,95.90361785888672,185.5712890625,83.63636016845703,82.30000305175781,61.23046875,99.9493637084961,29.189786911010746,34.55718313196705,42043.0,36.06597900390625,26.954269409179688,21.976837158203125,26.083892822265625,42.0
1970-11-29 18:03:50.994,28.97653579711914,95.90361785888672,185.5712890625,83.63636016845703,82.30000305175781,61.23046875,99.9493637084961,29.189786911010746,34.55718313196705,42043.0,36.06597900390625,26.954269409179688,21.976837158203125,26.083892822265625,42.0
1970-11-29 18:03:51.993,29.16649627685547,95.90361785888672,185.35970306396484,83.63636016845703,81.80000305175781,61.23046875,99.9493637084961,29.19546890258789,35.82563509848908,42043.0,35.4132080078125,24.098358154296875,21.8680419921875,24.6695556640625,42.0
1970-11-29 18:03:53.002,29.18492889404297,96.1445770263672,186.3037109375,83.63636016845703,82.80000305175781,61.23046875,99.9493637084961,29.204814910888672,36.42327492525476,42043.0,35.141204833984375,29.918975830078125,28.314239501953125,23.9351806640625,42.0
1970-11-29 18:03:53.992,29.18492889404297,96.1445770263672,186.3037109375,83.63636016845703,82.80000305175781,61.23046875,99.9493637084961,29.204814910888672,36.42327492525476,42043.0,35.141204833984375,29.918975830078125,28.314239501953125,23.9351806640625,42.0
1970-11-29 18:03:54.993,29.034711837768555,96.20481872558594,187.07682800292963,83.56060028076172,81.5,61.23046875,99.9493637084961,29.21718978881836,38.07063533569374,42043.0,33.101287841796875,29.0758056640625,27.987838745117188,26.247100830078125,42.0
1970-11-29 18:03:55.992,28.96470832824707,95.90361785888672,186.865234375,83.56060028076172,81.19999694824219,61.23046875,99.9493637084961,29.228864669799805,39.01031321989307,42043.0,31.442138671875,30.13656616210937,28.66781616210937,25.458328247070312,42.0
1970-11-29 18:03:56.992,28.96470832824707,95.90361785888672,186.865234375,83.56060028076172,81.19999694824219,61.23046875,99.9493637084961,29.228864669799805,39.01031321989307,42043.0,31.442138671875,30.13656616210937,28.66781616210937,25.458328247070312,42.0
1970-11-29 18:03:58.005,28.969221115112305,95.90361785888672,185.43294525146484,83.63636016845703,81.4000015258789,61.23046875,99.9493637084961,29.235973358154297,38.40390039250827,42043.0,31.251739501953125,27.579849243164062,28.91259765625,21.677642822265625,42.0
1970-11-29 18:03:58.995,28.849672317504883,96.02409362792967,186.42578125,83.63636016845703,81.9000015258789,61.23046875,99.9493637084961,29.24463653564453,37.9932700571226,42043.0,34.053253173828125,30.59893798828125,26.1383056640625,25.431121826171875,42.0
1970-11-29 18:03:59.991,28.849672317504883,96.02409362792967,186.42578125,83.63636016845703,81.9000015258789,61.23046875,99.9493637084961,29.24463653564453,37.9932700571226,42043.0,34.053253173828125,30.59893798828125,26.1383056640625,25.431121826171875,42.0
1970-11-29 18:04:00.993,28.678543090820312,95.90361785888672,185.107421875,83.56060028076172,81.5999984741211,61.23046875,99.9493637084961,29.254987716674805,37.471926365685775,42043.0,33.971649169921875,30.32696533203125,22.412017822265625,24.42475891113281,42.0
1970-11-29 18:04:01.994,28.712026596069336,95.90361785888672,185.5061874389648,83.56060028076172,82.0,61.23046875,99.9493637084961,29.263015747070312,36.95428964050644,42043.0,34.787628173828125,29.755767822265625,24.01678466796875,24.58795166015625,42.0
1970-11-29 18:04:03.003,28.712026596069336,95.90361785888672,185.5061874389648,83.56060028076172,82.0,61.23046875,99.9493637084961,29.263015747070312,36.95428964050644,42043.0,34.787628173828125,29.755767822265625,24.01678466796875,24.58795166015625,42.0
1970-11-29 18:04:04.001,28.77151679992676,96.08433532714844,185.48990631103516,83.56060028076172,81.80000305175781,61.23046875,99.9493637084961,29.2735595703125,36.122153902921,42043.0,33.18287658691406,28.042236328125,24.85995483398437,23.146392822265625,42.0
1970-11-29 18:04:04.992,28.774696350097656,96.08433532714844,184.48079681396484,83.63636016845703,82.0999984741211,61.23046875,99.9493637084961,29.27846336364746,36.40235557887631,42043.0,35.46759033203125,26.328689575195312,26.899871826171875,24.42475891113281,42.0
1970-11-29 18:04:06.004,28.774696350097656,96.08433532714844,184.48079681396484,83.63636016845703,82.0999984741211,61.23046875,99.9493637084961,29.27846336364746,36.40235557887631,42043.0,35.46759033203125,26.328689575195312,26.899871826171875,24.42475891113281,42.0
1970-11-29 18:04:06.994,28.84606170654297,96.02409362792967,185.1155624389648,83.63636016845703,82.0,61.23046875,99.9493637084961,29.28986930847168,37.40846214047355,42043.0,36.2835693359375,26.1383056640625,23.744781494140625,25.32232666015625,42.0
1970-11-29 18:04:07.994,28.970600128173828,96.02409362792967,184.9853515625,83.56060028076172,81.4000015258789,61.23046875,99.9493637084961,29.295610427856445,38.809414588432716,42043.0,38.051513671875,27.90625,26.95428466796875,27.552642822265625,42.02499961853027
1970-11-29 18:04:08.993,28.970600128173828,96.02409362792967,184.9853515625,83.56060028076172,81.4000015258789,61.23046875,99.9493637084961,29.295610427856445,38.809414588432716,42043.0,38.051513671875,27.90625,26.95428466796875,27.552642822265625,42.02499961853027
1970-11-29 18:04:09.991,29.03244972229004,95.96385192871094,185.92122650146484,83.56060028076172,82.30000305175781,61.23046875,99.9493637084961,29.31452178955078,38.15324184131975,42043.0,34.54283142089844,27.498260498046875,28.69500732421875,26.519088745117188,42.02499961853027
1970-11-29 18:04:10.993,29.011474609375,95.90361785888672,185.5550079345703,83.63636016845703,82.70000457763672,61.23046875,99.9493637084961,29.323917388916016,35.51571191439944,42043.0,30.73495483398437,28.55902099609375,29.619781494140625,26.60067749023437,42.02499961853027
1970-11-29 18:04:11.994,29.011474609375,95.90361785888672,185.5550079345703,83.63636016845703,82.70000457763672,61.23046875,99.9493637084961,29.323917388916016,35.51571191439944,42043.0,30.73495483398437,28.55902099609375,29.619781494140625,26.60067749023437,42.02499961853027
1970-11-29 18:04:12.992,28.93843078613281,96.08433532714844,186.11653900146484,83.56060028076172,82.20000457763672,61.23046875,99.9493637084961,29.32740974426269,36.938724124167095,42043.0,32.25811767578125,28.640625,26.519088745117188,23.85357666015625,42.02499961853027
1970-11-29 18:04:14.003,28.934232711791992,96.08433532714844,185.30274200439447,83.63636016845703,81.69999694824219,61.23046875,99.9493637084961,29.33439445495605,37.699671539725024,42043.0,30.245376586914062,28.640625,25.4039306640625,26.301498413085938,42.02499961853027
1970-11-29 18:04:14.991,28.934232711791992,96.08433532714844,185.30274200439447,83.63636016845703,81.69999694824219,61.23046875,99.9493637084961,29.33439445495605,37.699671539725024,42043.0,30.245376586914062,28.640625,25.4039306640625,26.301498413085938,42.02499961853027
1970-11-29 18:04:15.990,28.959613800048828,95.90361785888672,185.0341796875,83.63636016845703,83.0,61.23046875,99.9493637084961,29.34137916564941,36.17529439488887,42043.0,32.69329833984375,29.8101806640625,29.510986328125,23.173614501953125,42.02499961853027
1970-11-29 18:04:17.002,28.88768768310547,95.90361785888672,185.05859375,83.56060028076172,81.4000015258789,61.23046875,99.9493637084961,29.344871520996094,37.004397090931754,42043.0,34.95082092285156,28.232635498046875,23.826385498046875,25.59432983398437,42.02499961853027
1970-11-29 18:04:17.995,28.88768768310547,95.90361785888672,185.05859375,83.56060028076172,81.4000015258789,61.23046875,99.9493637084961,29.344871520996094,37.004397090931754,42043.0,34.95082092285156,28.232635498046875,23.826385498046875,25.59432983398437,42.02499961853027
1970-11-29 18:04:18.992,28.79994773864746,96.20481872558594,185.85612487792963,83.56060028076172,81.80000305175781,61.23046875,99.9493637084961,29.358354568481445,37.56188016437931,42043.0,36.12037658691406,32.23089599609375,22.19442749023437,26.301498413085938,42.02499961853027
1970-11-29 18:04:19.993,28.88409996032715,96.02409362792967,185.1725311279297,83.56060028076172,82.20000457763672,61.23046875,99.9493637084961,29.365493774414062,36.644708680974986,42043.0,37.23553466796875,27.715850830078125,25.13192749023437,27.661453247070312,42.02499961853027
1970-11-29 18:04:20.993,28.88409996032715,96.02409362792967,185.1725311279297,83.56060028076172,82.20000457763672,61.23046875,99.9493637084961,29.365493774414062,36.644708680974986,42043.0,37.23553466796875,27.715850830078125,25.13192749023437,27.661453247070312,42.02499961853027
1970-11-29 18:04:22.004,28.90393447875977,95.90361785888672,185.5712890625,83.63636016845703,82.9000015258789,61.23046875,99.9493637084961,29.36500740051269,36.38158330092161,42043.0,35.5491943359375,31.224517822265625,26.21990966796875,28.749420166015625,42.02499961853027
1970-11-29 18:04:23.991,28.86530113220215,95.90361785888672,184.9690704345703,83.63636016845703,82.5999984741211,61.23046875,99.9493637084961,29.38020706176757,37.366437661671135,42043.0,36.50115966796875,28.25982666015625,26.95428466796875,23.77197265625,42.02499961853027
1970-11-29 18:04:23.000,28.86530113220215,95.90361785888672,184.9690704345703,83.63636016845703,82.5999984741211,61.23046875,99.9493637084961,29.38020706176757,37.366437661671135,42043.0,36.50115966796875,28.25982666015625,26.95428466796875,23.77197265625,42.02499961853027
1970-11-29 18:04:24.993,28.81459617614746,96.02409362792967,186.2386093139648,83.56060028076172,81.80000305175781,61.23046875,99.9493637084961,29.387889862060547,38.06308841768734,42043.0,33.046875,26.8726806640625,27.96063232421875,26.519088745117188,42.02499961853027
1970-11-29 18:04:25.992,28.90355682373047,96.08433532714844,184.28548431396484,83.56060028076172,80.69999694824219,61.23046875,99.9493637084961,29.39682006835937,39.34572411861642,42043.0,28.776626586914062,26.1383056640625,29.89178466796875,22.22163391113281,42.02499961853027
1970-11-29 18:04:26.991,28.90355682373047,96.08433532714844,184.28548431396484,83.56060028076172,80.69999694824219,61.23046875,99.9493637084961,29.39682006835937,39.34572411861642,42043.0,28.776626586914062,26.1383056640625,29.89178466796875,22.22163391113281,42.02499961853027
1970-11-29 18:04:27.995,28.93155860900879,96.08433532714844,185.21321868896484,83.63636016845703,82.20000457763672,61.23046875,99.9493637084961,29.417245864868164,37.74941333894673,42043.0,33.37327575683594,30.979736328125,24.343170166015625,23.77197265625,42.02499961853027
1970-11-29 18:04:29.994,28.92461204528809,95.96385192871094,184.70865631103516,83.63636016845703,82.4000015258789,61.23046875,99.9493637084961,29.42106437683105,36.0415524687489,42043.0,32.910888671875,26.65509033203125,27.117462158203125,23.79917907714844,42.02499961853027
1970-11-29 18:04:29.000,28.92461204528809,95.96385192871094,184.70865631103516,83.63636016845703,82.4000015258789,61.23046875,99.9493637084961,29.42106437683105,36.0415524687489,42043.0,32.910888671875,26.65509033203125,27.117462158203125,23.79917907714844,42.02499961853027
1970-11-29 18:04:31.001,28.952077865600582,95.84337615966795,184.86328125,83.63636016845703,81.5999984741211,61.23046875,99.9493637084961,29.43033790588379,35.21819418077087,42043.0,34.16204833984375,27.688644409179688,27.06307983398437,26.083892822265625,42.02499961853027
1970-11-29 18:04:31.994,29.04140281677246,95.96385192871094,185.82357025146484,83.56060028076172,81.30000305175781,61.23046875,99.9493637084961,29.443696975708008,38.193637368671695,42043.0,31.414947509765625,33.45484924316406,24.234375,22.276031494140625,42.02499961853027
1970-11-29 18:04:33.004,29.04140281677246,95.96385192871094,185.82357025146484,83.56060028076172,81.30000305175781,61.23046875,99.9493637084961,29.443696975708008,38.193637368671695,42043.0,31.414947509765625,33.45484924316406,24.234375,22.276031494140625,42.02499961853027
1970-11-29 18:04:33.993,28.985021591186523,96.08433532714844,183.87857818603516,83.56060028076172,82.5,61.23046875,99.9493637084961,29.45004272460937,36.39897623788216,42043.0,33.91725158691406,25.6759033203125,25.050338745117188,28.69500732421875,42.02499961853027
1970-11-29 18:04:35.005,28.87943649291992,96.08433532714844,184.7900390625,83.63636016845703,82.80000305175781,61.23046875,99.9493637084961,29.462833404541016,35.471049673796074,42043.0,34.6788330078125,27.36225891113281,26.301498413085938,30.02777099609375,42.02499961853027
1970-11-29 18:04:35.992,28.87943649291992,96.08433532714844,184.7900390625,83.63636016845703,82.80000305175781,61.23046875,99.9493637084961,29.462833404541016,35.471049673796074,42043.0,34.6788330078125,27.36225891113281,26.301498413085938,30.02777099609375,42.02499961853027
1970-11-29 18:04:37.991,28.79978370666504,96.02409362792967,183.7972030639648,83.56060028076172,81.80000305175781,61.23046875,99.9493637084961,29.48125648498535,36.96302398091683,42043.0,34.406829833984375,27.634246826171875,24.99594116210937,24.94154357910156,42.02499961853027
1970-11-29 18:04:37.000,28.8350887298584,95.90361785888672,185.34342193603516,83.63636016845703,82.4000015258789,61.23046875,99.9493637084961,29.47079467773437,36.676708278952404,42043.0,35.27720642089844,30.054962158203125,23.3367919921875,27.19906616210937,42.02499961853027
1970-11-29 18:04:38.994,28.79978370666504,96.02409362792967,183.7972030639648,83.56060028076172,81.80000305175781,61.23046875,99.9493637084961,29.48125648498535,36.96302398091683,42043.0,34.406829833984375,27.634246826171875,24.99594116210937,24.94154357910156,42.02499961853027
1970-11-29 18:04:39.994,28.714204788208008,96.20481872558594,185.3597030639648,83.56060028076172,81.69999694824219,61.23046875,99.9493637084961,29.497509002685547,38.192036368097725,42043.0,31.33334350585937,25.648712158203125,29.864578247070312,25.4039306640625,42.02499961853027
1970-11-29 18:04:40.993,28.627573013305664,96.02409362792967,186.1083984375,83.63636016845703,81.5,61.23046875,99.9493637084961,29.51318359375,38.63032496367369,42043.0,31.632537841796875,30.59893798828125,29.375,24.832748413085938,42.02499961853027
1970-11-29 18:04:42.994,28.697189331054688,95.72289276123048,184.9365234375,83.63636016845703,81.9000015258789,61.23046875,99.9493637084961,29.52897071838379,37.7560566576576,42043.0,35.16841125488281,30.109375,25.73031616210937,25.4039306640625,42.02499961853027
1970-11-29 18:04:42.000,28.627573013305664,96.02409362792967,186.1083984375,83.63636016845703,81.5,61.23046875,99.9493637084961,29.51318359375,38.63032496367369,42043.0,31.632537841796875,30.59893798828125,29.375,24.832748413085938,42.02499961853027
1970-11-29 18:04:44.005,28.784080505371094,96.02409362792967,184.95280456542963,83.56060028076172,81.30000305175781,61.23046875,99.9493637084961,29.53895568847656,37.50574880055513,42043.0,32.149322509765625,28.450225830078125,24.42475891113281,26.73667907714844,42.02499961853027
1970-11-29 18:04:45.003,28.784080505371094,96.02409362792967,184.95280456542963,83.56060028076172,81.30000305175781,61.23046875,99.9493637084961,29.53895568847656,37.50574880055513,42043.0,32.149322509765625,28.450225830078125,24.42475891113281,26.73667907714844,42.02499961853027
1970-11-29 18:04:45.993,28.85790061950684,96.20481872558594,184.8795623779297,83.56060028076172,81.19999694824219,61.23046875,99.9493637084961,29.549341201782227,35.76441883003342,42043.0,30.78936767578125,29.510986328125,26.682281494140625,23.5,42.02499961853027
1970-11-29 18:04:46.992,28.935089111328125,95.90361785888672,184.28548431396484,83.63636016845703,81.30000305175781,61.23046875,99.9493637084961,29.55372810363769,35.95049530926177,42043.0,35.33160400390625,32.774871826171875,23.03759765625,27.36225891113281,42.02499961853027
1970-11-29 18:04:47.990,28.935089111328125,95.90361785888672,184.28548431396484,83.63636016845703,81.30000305175781,61.23046875,99.9493637084961,29.55372810363769,35.95049530926177,42043.0,35.33160400390625,32.774871826171875,23.03759765625,27.36225891113281,42.02499961853027
1970-11-29 18:04:49.001,29.08763313293457,95.78313446044922,184.71678924560547,83.63636016845703,82.0999984741211,61.23046875,99.9493637084961,29.56250190734864,37.448940830463826,42043.0,37.69793701171875,25.839111328125,22.874420166015625,25.92071533203125,42.02499961853027
1970-11-29 18:04:49.992,29.116167068481445,95.90361785888672,184.521484375,83.56060028076172,81.5,61.23046875,99.9493637084961,29.57209587097168,37.993413671319125,42043.0,33.80845642089844,28.6134033203125,24.42475891113281,30.5445556640625,42.02499961853027
1970-11-29 18:04:50.992,29.116167068481445,95.90361785888672,184.521484375,83.56060028076172,81.5,61.23046875,99.9493637084961,29.57209587097168,37.993413671319125,42043.0,33.80845642089844,28.6134033203125,24.42475891113281,30.5445556640625,42.02499961853027
1970-11-29 18:04:51.991,29.028059005737305,96.1445770263672,183.8216094970703,83.63636016845703,81.19999694824219,61.23046875,99.9493637084961,29.59233283996582,38.11744757216656,42043.0,36.66436767578125,24.832733154296875,24.832748413085938,25.458328247070312,42.02499961853027
1970-11-29 18:04:52.995,28.94059181213379,95.90361785888672,183.87857818603516,83.56060028076172,81.69999694824219,61.23046875,99.9493637084961,29.59929275512696,36.07411301699278,42043.0,33.645263671875,30.8165283203125,23.445587158203125,26.301498413085938,42.02499961853027
1970-11-29 18:04:53.993,28.94059181213379,95.90361785888672,183.87857818603516,83.56060028076172,81.69999694824219,61.23046875,99.9493637084961,29.59929275512696,36.07411301699278,42043.0,33.645263671875,30.8165283203125,23.445587158203125,26.301498413085938,42.02499961853027
1970-11-29 18:04:54.992,28.952430725097656,95.84337615966795,184.58659362792963,83.63636016845703,82.0,61.23046875,99.9493637084961,29.61577033996582,38.038303987005555,42043.0,33.99884033203125,28.287017822265625,26.519088745117188,24.0711669921875,42.02499961853027
1970-11-29 18:04:55.991,28.86906814575196,96.08433532714844,184.51334381103516,83.63636016845703,82.30000305175781,61.23046875,99.9493637084961,29.632402420043945,36.878591854255085,42043.0,34.43403625488281,28.06942749023437,26.4375,26.981475830078125,42.02499961853027
1970-11-29 18:04:56.995,28.86906814575196,96.08433532714844,184.51334381103516,83.63636016845703,82.30000305175781,61.23046875,99.9493637084961,29.632402420043945,36.878591854255085,42043.0,34.43403625488281,28.06942749023437,26.4375,26.981475830078125,42.02499961853027
1970-11-29 18:04:57.991,28.767333984375,96.02409362792967,183.7076873779297,83.56060028076172,81.69999694824219,61.23046875,99.9493637084961,29.63956069946289,37.524056567244614,42043.0,32.33970642089844,26.301483154296875,24.20716857910156,20.698486328125,42.02499961853027
1970-11-29 18:04:59.003,28.758913040161133,95.90361785888672,185.91309356689447,83.63636016845703,82.4000015258789,61.23046875,99.9493637084961,29.65397834777832,36.618846338093775,42043.0,32.55731201171875,29.72857666015625,27.634246826171875,25.13192749023437,42.02499961853027
1970-11-29 18:05:00.002,28.758913040161133,95.90361785888672,185.91309356689447,83.63636016845703,82.4000015258789,61.23046875,99.9493637084961,29.65397834777832,36.618846338093775,42043.0,32.55731201171875,29.72857666015625,27.634246826171875,25.13192749023437,42.02499961853027
1970-11-29 18:05:00.994,28.83830070495605,95.90361785888672,184.02506256103516,83.63636016845703,82.0,61.23046875,99.9493637084961,29.6635684967041,37.025314402025195,42043.0,32.77490234375,26.383087158203125,22.874420166015625,21.21527099609375,42.02499961853027
1970-11-29 18:05:01.991,28.83487319946289,96.08433532714844,184.3587188720703,83.56060028076172,82.20000457763672,61.23046875,99.9493637084961,29.66836166381836,35.85091737687906,42043.0,33.019683837890625,28.99420166015625,23.47279357910156,27.498260498046875,42.02499961853027
1970-11-29 18:05:02.994,28.83487319946289,96.08433532714844,184.3587188720703,83.56060028076172,82.20000457763672,61.23046875,99.9493637084961,29.66836166381836,35.85091737687906,42043.0,33.019683837890625,28.99420166015625,23.47279357910156,27.498260498046875,42.02499961853027
1970-11-29 18:05:03.993,28.799196243286133,96.26506042480467,183.65885162353516,83.56060028076172,82.4000015258789,61.23046875,99.9529800415039,29.67795181274414,35.23885883590337,42043.0,30.4085693359375,25.295135498046875,27.47105407714844,27.09027099609375,42.02499961853027
1970-11-29 18:05:04.994,28.874818801879883,95.90361785888672,185.17252349853516,83.63636016845703,81.5999984741211,61.23046875,99.9493637084961,29.6827449798584,36.45367822024067,42043.0,36.22918701171875,31.523712158203125,23.989578247070312,26.60067749023437,42.02499961853027
1970-11-29 18:05:05.994,28.874818801879883,95.90361785888672,185.17252349853516,83.63636016845703,81.5999984741211,61.23046875,99.9493637084961,29.6827449798584,36.45367822024067,42043.0,36.22918701171875,31.523712158203125,23.989578247070312,26.60067749023437,42.02499961853027
1970-11-29 18:05:06.993,28.972671508789062,95.84337615966795,186.6943359375,83.63636016845703,82.5999984741211,61.23046875,99.9493637084961,29.714393615722656,36.091106636829544,42043.0,34.29803466796875,27.66143798828125,25.104736328125,29.53817749023437,42.02499961853027
1970-11-29 18:05:07.994,28.98737525939941,96.02409362792967,188.8753204345703,83.63636016845703,81.9000015258789,61.23046875,99.9493637084961,29.72099876403809,37.95004465468633,42043.0,34.46124267578125,28.531814575195312,25.349517822265625,25.75750732421875,42.02499961853027
1970-11-29 18:05:09.002,28.98737525939941,96.02409362792967,188.8753204345703,83.63636016845703,81.9000015258789,61.23046875,99.9493637084961,29.72099876403809,37.95004465468633,42043.0,34.46124267578125,28.531814575195312,25.349517822265625,25.75750732421875,42.02499961853027
1970-11-29 18:05:09.993,28.96153450012207,96.08433532714844,187.8662109375,83.56060028076172,81.5999984741211,61.23046875,99.9493637084961,29.734294891357425,38.20665027461138,42043.0,34.706024169921875,27.0086669921875,21.92245483398437,23.635986328125,42.02499961853027
1970-11-29 18:05:10.993,29.040180206298828,95.96385192871094,188.76953125,83.63636016845703,81.9000015258789,61.23046875,99.9493637084961,29.7409610748291,37.20236370521978,42043.0,35.114013671875,29.102996826171875,22.439239501953125,24.234375,42.02499961853027
1970-11-29 18:05:11.993,29.040180206298828,95.96385192871094,188.76953125,83.63636016845703,81.9000015258789,61.23046875,99.9493637084961,29.7409610748291,37.20236370521978,42043.0,35.114013671875,29.102996826171875,22.439239501953125,24.234375,42.02499961853027
1970-11-29 18:05:13.995,29.04010772705078,96.08433532714844,190.93424224853516,83.56060028076172,81.69999694824219,61.23046875,99.9529800415039,29.764389038085938,38.06443556745382,42043.0,32.25811767578125,32.7476806640625,26.00230407714844,22.38482666015625,42.02499961853027
1970-11-29 18:05:13.000,29.071409225463867,95.84337615966795,190.2506561279297,83.63636016845703,81.69999694824219,61.23046875,99.9493637084961,29.75682258605957,38.051271008767934,42043.0,33.59086608886719,24.560760498046875,25.15913391113281,26.49188232421875,42.02499961853027
1970-11-29 18:05:15.000,29.04010772705078,96.08433532714844,190.93424224853516,83.56060028076172,81.69999694824219,61.23046875,99.9529800415039,29.764389038085938,38.06443556745382,42043.0,32.25811767578125,32.7476806640625,26.00230407714844,22.38482666015625,42.02499961853027
1970-11-29 18:05:16.004,28.920242309570312,96.1445770263672,191.7643280029297,83.56060028076172,81.80000305175781,61.23046875,99.9493637084961,29.78529930114746,37.580677269290575,42043.0,34.270843505859375,25.648712158203125,28.55902099609375,23.826385498046875,42.02499961853027
1970-11-29 18:05:16.994,28.93170738220215,95.90361785888672,192.4560546875,83.63636016845703,82.0999984741211,61.23046875,99.9493637084961,29.804832458496094,37.847085419585675,42043.0,31.19735717773437,28.91259765625,26.845489501953125,26.73667907714844,42.02499961853027
1970-11-29 18:05:18.003,28.93170738220215,95.90361785888672,192.4560546875,83.63636016845703,82.0999984741211,61.23046875,99.9493637084961,29.804832458496094,37.847085419585675,42043.0,31.19735717773437,28.91259765625,26.845489501953125,26.73667907714844,42.02499961853027
1970-11-29 18:05:18.992,28.890979766845703,96.02409362792967,192.69205474853516,83.63636016845703,81.0999984741211,61.23046875,99.9493637084961,29.822067260742188,37.66137582974114,42043.0,31.578125,27.634246826171875,26.21990966796875,24.94154357910156,42.02499961853027
1970-11-29 18:05:19.996,28.811279296875,96.08433532714844,190.673828125,83.56060028076172,83.4000015258789,61.23046875,99.9493637084961,29.84109687805176,35.92469173954123,42043.0,34.10765075683594,27.171875,26.301498413085938,24.723953247070312,42.02499961853027
1970-11-29 18:05:20.994,28.811279296875,96.08433532714844,190.673828125,83.56060028076172,83.4000015258789,61.23046875,99.9493637084961,29.84109687805176,35.92469173954123,42043.0,34.10765075683594,27.171875,26.301498413085938,24.723953247070312,42.02499961853027
1970-11-29 18:05:22.002,28.77000999450684,96.02409362792967,191.95149993896484,83.56060028076172,82.30000305175781,61.23046875,99.9493637084961,29.8474349975586,37.577227869609,42043.0,32.883697509765625,32.448486328125,25.24072265625,23.06480407714844,42.02499961853027
1970-11-29 18:05:22.991,28.77000999450684,96.02409362792967,191.95149993896484,83.56060028076172,82.30000305175781,61.23046875,99.9493637084961,29.8474349975586,37.577227869609,42043.0,32.883697509765625,32.448486328125,25.24072265625,23.06480407714844,42.02499961853027
1970-11-29 18:05:24.002,28.87217330932617,95.90361785888672,190.70638275146484,83.56060028076172,81.80000305175781,61.23046875,99.9493637084961,29.87077713012696,39.48785261658361,42043.0,35.821197509765625,28.504608154296875,24.370361328125,27.09027099609375,42.02499961853027
1970-11-29 18:05:24.995,28.89290237426757,95.96385192871094,189.41243743896484,83.63636016845703,81.69999694824219,61.23046875,99.9493637084961,29.88460159301757,38.68826254099332,42043.0,34.84202575683594,31.306121826171875,24.615142822265625,25.75750732421875,42.05000019073486
1970-11-29 18:05:25.993,28.89290237426757,95.96385192871094,189.41243743896484,83.63636016845703,81.69999694824219,61.23046875,99.9493637084961,29.88460159301757,38.68826254099332,42043.0,34.84202575683594,31.306121826171875,24.615142822265625,25.75750732421875,42.05000019073486
1970-11-29 18:05:27.001,28.87867546081543,95.96385192871094,188.7125701904297,83.63636016845703,81.19999694824219,61.23046875,99.9493637084961,29.895160675048828,39.28324310108163,42043.0,34.134857177734375,26.546295166015625,26.192703247070312,23.092010498046875,42.02499961853027
1970-11-29 18:05:28.002,28.87537956237793,96.02409362792967,189.0869140625,83.63636016845703,81.0999984741211,61.23046875,99.9493637084961,29.92461395263672,39.41313288876456,42043.0,34.29803466796875,24.832733154296875,23.880767822265625,24.58795166015625,42.02499961853027
1970-11-29 18:05:28.992,28.87537956237793,96.02409362792967,189.0869140625,83.63636016845703,81.0999984741211,61.23046875,99.9493637084961,29.92461395263672,39.41313288876456,42043.0,34.29803466796875,24.832733154296875,23.880767822265625,24.58795166015625,42.02499961853027
1970-11-29 18:05:30.001,28.942243576049805,96.08433532714844,188.0940780639648,83.56060028076172,82.0999984741211,61.23046875,99.9493637084961,29.95048141479492,35.09346371188062,42043.0,28.613433837890625,25.02313232421875,25.703125,23.41839599609375,42.02499961853027
1970-11-29 18:05:30.994,28.938081741333008,95.96385192871094,190.6494140625,83.56060028076172,81.9000015258789,61.23046875,99.9493637084961,29.963098526000977,36.54353561379206,42043.0,34.21644592285156,29.266189575195312,26.981475830078125,20.072906494140625,42.02499961853027
1970-11-29 18:05:32.001,28.938081741333008,95.96385192871094,190.6494140625,83.56060028076172,81.9000015258789,61.23046875,99.9493637084961,29.963098526000977,36.54353561379206,42043.0,34.21644592285156,29.266189575195312,26.981475830078125,20.072906494140625,42.02499961853027
1970-11-29 18:05:32.992,28.928024291992188,95.96385192871094,190.41341400146484,83.63636016845703,81.5999984741211,61.23046875,99.9493637084961,30.000015258789062,37.81949407830989,42043.0,31.60533142089844,23.445587158203125,25.4039306640625,25.62152099609375,42.02499961853027
1970-11-29 18:05:33.991,28.96002578735352,96.02409362792967,191.07259368896484,83.56060028076172,82.4000015258789,61.23046875,99.9493637084961,30.024354934692383,35.76140973487219,42043.0,31.904525756835938,28.450225830078125,27.90625,26.192703247070312,42.02499961853027
1970-11-29 18:05:35.005,28.96002578735352,96.02409362792967,191.07259368896484,83.56060028076172,82.4000015258789,61.23046875,99.9493637084961,30.024354934692383,35.76140973487219,42043.0,31.904525756835938,28.450225830078125,27.90625,26.192703247070312,42.02499961853027
1970-11-29 18:05:35.992,29.014646530151367,95.90361785888672,189.89257049560547,83.56060028076172,82.4000015258789,61.23046875,99.9493637084961,30.04393196105957,37.7405677124902,42043.0,34.73321533203125,26.35589599609375,23.06480407714844,28.93980407714844,42.02499961853027
1970-11-29 18:05:36.991,28.97675132751465,95.96385192871094,190.4052734375,83.56060028076172,82.30000305175781,61.23046875,99.9493637084961,30.08024024963379,37.18431746684129,42043.0,33.86285400390625,31.469314575195312,21.65045166015625,26.083892822265625,42.05000019073486
1970-11-29 18:05:37.992,28.97675132751465,95.96385192871094,190.4052734375,83.56060028076172,82.30000305175781,61.23046875,99.9493637084961,30.08024024963379,37.18431746684129,42043.0,33.86285400390625,31.469314575195312,21.65045166015625,26.083892822265625,42.05000019073486
1970-11-29 18:05:39.003,28.895410537719727,96.02409362792967,189.9821014404297,83.56060028076172,82.20000457763672,61.23046875,99.9493637084961,30.116140365600582,37.66463128824503,42043.0,35.03240966796875,27.8790283203125,21.024871826171875,23.635986328125,42.02499961853027
1970-11-29 18:05:39.990,28.869102478027344,96.02409362792967,190.74706268310547,83.63636016845703,82.20000457763672,61.23046875,99.9493637084961,30.134754180908203,36.998280359763434,42043.0,31.36053466796875,31.85009765625,23.3367919921875,24.12557983398437,42.02499961853027
1970-11-29 18:05:40.991,28.86935234069824,95.96385192871094,187.646484375,83.63636016845703,81.19999694824219,61.23046875,99.9493637084961,30.16171264648437,36.30911739046126,42043.0,32.720489501953125,28.640625,24.12557983398437,23.989578247070312,42.02499961853027
1970-11-29 18:05:42.004,28.86935234069824,95.96385192871094,187.646484375,83.63636016845703,81.19999694824219,61.23046875,99.9493637084961,30.16171264648437,36.30911739046126,42043.0,32.720489501953125,28.640625,24.12557983398437,23.989578247070312,42.02499961853027
1970-11-29 18:05:42.990,28.81309700012207,95.84337615966795,188.7369842529297,83.63636016845703,81.5999984741211,61.23046875,99.9493637084961,30.193830490112305,35.52673274523229,42043.0,32.666107177734375,26.00230407714844,21.296875,23.227996826171875,42.05000019073486
1970-11-29 18:05:44.001,28.71031951904297,95.96385192871094,188.37890625,83.63636016845703,82.4000015258789,61.23046875,99.9493637084961,30.21368980407715,36.782699670140644,42043.0,31.550933837890625,26.029510498046875,24.8055419921875,21.976837158203125,42.05000019073486
1970-11-29 18:05:44.993,28.71031951904297,95.96385192871094,188.37890625,83.63636016845703,82.4000015258789,61.23046875,99.9493637084961,30.21368980407715,36.782699670140644,42043.0,31.550933837890625,26.029510498046875,24.8055419921875,21.976837158203125,42.05000019073486
1970-11-29 18:05:46.002,28.727144241333008,96.20481872558594,190.25064849853516,83.56060028076172,81.4000015258789,61.23046875,99.9493637084961,30.23670196533203,37.56976055913378,42043.0,32.85649108886719,29.973358154296875,26.818267822265625,25.947906494140625,42.02499961853027
1970-11-29 18:05:47.004,28.7565860748291,96.08433532714844,189.4124298095703,83.56060028076172,82.0,61.23046875,99.9493637084961,30.25919342041016,38.61674594887367,42043.0,30.92535400390625,29.102996826171875,27.280670166015625,22.874420166015625,42.05000019073486
1970-11-29 18:05:47.994,28.7565860748291,96.08433532714844,189.4124298095703,83.56060028076172,82.0,61.23046875,99.9493637084961,30.25919342041016,38.61674594887367,42043.0,30.92535400390625,29.102996826171875,27.280670166015625,22.874420166015625,42.05000019073486
1970-11-29 18:05:49.001,28.74151611328125,95.90361785888672,189.34732818603516,83.56060028076172,81.80000305175781,61.23046875,99.9493637084961,30.30223655700684,37.35280292460623,42043.0,34.24365234375,27.688644409179688,27.93344116210937,22.6024169921875,42.05000019073486
1970-11-29 18:05:49.992,28.7452449798584,95.96385192871094,188.72884368896484,83.56060028076172,82.70000457763672,61.23046875,99.9493637084961,30.3138484954834,35.39564748675699,42043.0,37.344329833984375,30.46295166015625,20.5625,24.043975830078125,42.05000019073486
1970-11-29 18:05:50.994,28.7452449798584,95.96385192871094,188.72884368896484,83.56060028076172,82.70000457763672,61.23046875,99.9493637084961,30.3138484954834,35.39564748675699,42043.0,37.344329833984375,30.46295166015625,20.5625,24.043975830078125,42.05000019073486
1970-11-29 18:05:52.002,28.91538619995117,96.08433532714844,188.47657012939447,83.63636016845703,83.5,61.23046875,99.9493637084961,30.344507217407227,35.053334995603564,42043.0,35.005218505859375,30.571746826171875,24.15277099609375,25.02313232421875,42.02499961853027
1970-11-29 18:05:52.992,28.988767623901367,96.08433532714844,188.7369842529297,83.63636016845703,80.80000305175781,61.23046875,99.9493637084961,30.38196182250977,37.39703916113096,42043.0,34.869232177734375,28.3414306640625,23.06480407714844,24.96875,42.02499961853027
1970-11-29 18:05:54.003,28.988767623901367,96.08433532714844,188.7369842529297,83.63636016845703,80.80000305175781,61.23046875,99.9493637084961,30.38196182250977,37.39703916113096,42043.0,34.869232177734375,28.3414306640625,23.06480407714844,24.96875,42.02499961853027
1970-11-29 18:05:54.991,28.96630096435547,95.90361785888672,188.5498046875,83.63636016845703,81.0,61.23046875,99.9493637084961,30.392353057861328,40.170309463211325,42044.0,32.33970642089844,27.33505249023437,22.276031494140625,24.28875732421875,42.05000019073486
1970-11-29 18:05:55.993,29.00638198852539,95.96385192871094,190.24251556396484,83.63636016845703,81.80000305175781,61.23046875,99.9493637084961,30.419723510742188,35.76515156994832,42044.0,30.84375,28.85821533203125,26.70947265625,25.648712158203125,42.02499961853027
1970-11-29 18:05:57.004,29.00638198852539,95.96385192871094,190.24251556396484,83.63636016845703,81.80000305175781,61.23046875,99.9493637084961,30.419723510742188,35.76515156994832,42044.0,30.84375,28.85821533203125,26.70947265625,25.648712158203125,42.02499961853027
1970-11-29 18:05:58.004,29.135469436645508,96.02409362792967,189.84375,83.63636016845703,81.0999984741211,61.23046875,99.9493637084961,30.457080841064453,38.89919744697627,42044.0,29.86459350585937,28.967010498046875,29.456588745117188,22.05844116210937,42.02499961853027
1970-11-29 18:05:58.990,29.1267032623291,96.02409362792967,190.9505157470703,83.56060028076172,83.0,61.23046875,99.9493637084961,30.466188430786133,36.977021934896456,42044.0,30.163787841796875,29.375,28.151031494140625,30.40855407714844,42.02499961853027
1970-11-29 18:05:59.994,29.1267032623291,96.02409362792967,190.9505157470703,83.56060028076172,83.0,61.23046875,99.9493637084961,30.466188430786133,36.977021934896456,42044.0,30.163787841796875,29.375,28.151031494140625,30.40855407714844,42.02499961853027
1970-11-29 18:06:00.995,29.025373458862305,95.96385192871094,189.8681640625,83.56060028076172,82.0,61.23046875,99.9493637084961,30.497432708740234,38.974542923991905,42044.0,32.366912841796875,26.763885498046875,27.87904357910156,26.927078247070312,42.05000019073486
1970-11-29 18:06:01.994,28.867305755615234,95.90361785888672,189.44498443603516,83.63636016845703,82.4000015258789,61.23046875,99.9493637084961,30.53228759765625,37.83422080344467,42044.0,33.890045166015625,28.4774169921875,28.3414306640625,29.102996826171875,42.05000019073486
1970-11-29 18:06:02.995,28.867305755615234,95.90361785888672,189.44498443603516,83.63636016845703,82.4000015258789,61.23046875,99.9493637084961,30.53228759765625,37.83422080344467,42044.0,33.890045166015625,28.4774169921875,28.3414306640625,29.102996826171875,42.05000019073486
1970-11-29 18:06:03.992,28.852012634277344,96.02409362792967,188.720703125,83.63636016845703,81.80000305175781,61.23046875,99.9493637084961,30.56916046142578,37.14348184449761,42044.0,32.203704833984375,31.306121826171875,22.493621826171875,22.629623413085938,42.05000019073486
1970-11-29 18:06:05.001,28.840484619140625,96.02409362792967,188.81021881103516,83.56060028076172,82.0999984741211,61.23046875,99.9493637084961,30.59097480773925,38.1420907205477,42044.0,36.337982177734375,33.6180419921875,23.880767822265625,23.47279357910156,42.05000019073486
1970-11-29 18:06:05.994,28.840484619140625,96.02409362792967,188.81021881103516,83.56060028076172,82.0999984741211,61.23046875,99.9493637084961,30.59097480773925,38.1420907205477,42044.0,36.337982177734375,33.6180419921875,23.880767822265625,23.47279357910156,42.05000019073486
1970-11-29 18:06:06.993,28.680816650390625,95.96385192871094,188.232421875,83.56060028076172,82.9000015258789,61.23046875,99.9493637084961,30.61707878112793,37.25791899558742,42044.0,34.352447509765625,31.03413391113281,25.512725830078125,27.579864501953125,42.05000019073486
1970-11-29 18:06:08.002,28.61710929870605,96.02409362792967,189.15201568603516,83.56060028076172,81.5,61.23046875,99.9493637084961,30.66292953491211,38.47493859309965,42044.0,30.59896850585937,26.79107666015625,26.1383056640625,25.050338745117188,42.05000019073486
1970-11-29 18:06:09.003,28.61710929870605,96.02409362792967,189.15201568603516,83.56060028076172,81.5,61.23046875,99.9493637084961,30.66292953491211,38.47493859309965,42044.0,30.59896850585937,26.79107666015625,26.1383056640625,25.050338745117188,42.05000019073486
1970-11-29 18:06:09.994,28.68329429626465,96.02409362792967,189.8193359375,83.63636016845703,82.0999984741211,61.23046875,99.9493637084961,30.679563522338867,39.262671256811025,42044.0,33.80845642089844,30.40855407714844,27.117462158203125,23.03759765625,42.02499961853027
1970-11-29 18:06:10.992,28.72385597229004,96.02409362792967,189.54264068603516,83.63636016845703,81.9000015258789,61.23046875,99.9493637084961,30.7081356048584,38.431230155064824,42044.0,31.387741088867188,25.62152099609375,27.171875,26.301498413085938,42.05000019073486
1970-11-29 18:06:11.993,28.72385597229004,96.02409362792967,189.54264068603516,83.63636016845703,81.9000015258789,61.23046875,99.9493637084961,30.7081356048584,38.431230155064824,42044.0,31.387741088867188,25.62152099609375,27.171875,26.301498413085938,42.05000019073486
1970-11-29 18:06:12.992,28.784114837646484,96.08433532714844,189.54264068603516,83.56060028076172,82.5999984741211,61.23046875,99.9493637084961,30.74666786193848,36.53380116552955,42044.0,32.85649108886719,28.531814575195312,26.763885498046875,25.26792907714844,42.05000019073486
1970-11-29 18:06:13.992,28.96751594543457,96.02409362792967,188.69629669189447,83.56060028076172,81.80000305175781,61.23046875,99.9493637084961,30.771787643432617,38.27678298233112,42044.0,31.986114501953125,30.571746826171875,25.02313232421875,28.12384033203125,42.05000019073486
1970-11-29 18:06:14.991,28.96751594543457,96.02409362792967,188.69629669189447,83.56060028076172,81.80000305175781,61.23046875,99.9493637084961,30.771787643432617,38.27678298233112,42044.0,31.986114501953125,30.571746826171875,25.02313232421875,28.12384033203125,42.05000019073486
1970-11-29 18:06:15.990,29.07237243652344,95.90361785888672,189.3961639404297,83.56060028076172,80.9000015258789,61.23046875,99.9493637084961,30.81016159057617,39.18323709236456,42044.0,35.16841125488281,27.851837158203125,25.4039306640625,26.927078247070312,42.05000019073486
1970-11-29 18:06:16.990,29.22067070007324,95.90361785888672,190.07161712646484,83.63636016845703,83.20000457763672,61.23046875,99.9493637084961,30.831573486328125,36.1789303910099,42044.0,31.904525756835938,30.16375732421875,25.73031616210937,25.295135498046875,42.05000019073486
1970-11-29 18:06:17.991,29.22067070007324,95.90361785888672,190.07161712646484,83.63636016845703,83.20000457763672,61.23046875,99.9493637084961,30.831573486328125,36.1789303910099,42044.0,31.904525756835938,30.16375732421875,25.73031616210937,25.295135498046875,42.05000019073486
1970-11-29 18:06:18.990,29.26840782165528,96.1445770263672,188.04524993896484,83.63636016845703,82.4000015258789,61.23046875,99.9493637084961,30.877201080322266,37.491481533977506,42044.0,34.570037841796875,30.38134765625,26.981475830078125,18.65855407714844,42.05000019073486
1970-11-29 18:06:20.004,29.30714988708496,96.08433532714844,188.85903930664065,83.56060028076172,82.0,61.23046875,99.9493637084961,30.917621612548828,37.17840819759372,42044.0,35.005218505859375,30.435760498046875,23.52719116210937,25.077545166015625,42.05000019073486
1970-11-29 18:06:21.001,29.30714988708496,96.08433532714844,188.85903930664065,83.56060028076172,82.0,61.23046875,99.9493637084961,30.917621612548828,37.17840819759372,42044.0,35.005218505859375,30.435760498046875,23.52719116210937,25.077545166015625,42.05000019073486
1970-11-29 18:06:21.993,29.272857666015625,95.90361785888672,187.50814056396484,83.56060028076172,81.0,61.23046875,99.9493637084961,30.9404239654541,38.71463780724407,42044.0,30.46298217773437,28.99420166015625,23.47279357910156,23.309600830078125,42.05000019073486
1970-11-29 18:06:22.991,29.167282104492188,96.02409362792967,188.37077331542963,83.56060028076172,82.0999984741211,61.23046875,99.9493637084961,30.97831344604492,36.949024905480336,42044.0,33.046875,32.09489440917969,24.723953247070312,22.73841857910156,42.05000019073486
1970-11-29 18:06:23.992,29.167282104492188,96.02409362792967,188.37077331542963,83.56060028076172,82.0999984741211,61.23046875,99.9493637084961,30.97831344604492,36.949024905480336,42044.0,33.046875,32.09489440917969,24.723953247070312,22.73841857910156,42.05000019073486
1970-11-29 18:06:25.003,28.95929527282715,96.08433532714844,187.1012420654297,83.63636016845703,81.19999694824219,61.23046875,99.9493637084961,31.03526306152344,37.591461798980454,42044.0,28.504638671875,30.29975891113281,26.029510498046875,27.44384765625,42.05000019073486
1970-11-29 18:06:25.992,28.84040069580078,96.02409362792967,188.1591796875,83.63636016845703,83.0999984741211,61.23046875,99.9493637084961,31.05790138244629,35.88971961306492,42044.0,31.08856201171875,24.15277099609375,29.40219116210937,23.3367919921875,42.02499961853027
1970-11-29 18:06:26.993,28.84040069580078,96.02409362792967,188.1591796875,83.63636016845703,83.0999984741211,61.23046875,99.9493637084961,31.05790138244629,35.88971961306492,42044.0,31.08856201171875,24.15277099609375,29.40219116210937,23.3367919921875,42.02499961853027
1970-11-29 18:06:27.992,28.676528930664062,95.84337615966795,190.10416412353516,83.56060028076172,83.70000457763672,61.23046875,99.9493637084961,31.10196685791016,36.61401006733729,42044.0,32.09490966796875,26.519088745117188,28.80380249023437,29.048614501953125,42.05000019073486
1970-11-29 18:06:28.993,28.5671443939209,96.08433532714844,187.744140625,83.56060028076172,82.5999984741211,61.23046875,99.9493637084961,31.173248291015625,38.54124294245514,42044.0,32.910888671875,30.979736328125,24.39755249023437,23.39120483398437,42.05000019073486
1970-11-29 18:06:30.001,28.5671443939209,96.08433532714844,187.744140625,83.56060028076172,82.5999984741211,61.23046875,99.9493637084961,31.173248291015625,38.54124294245514,42044.0,32.910888671875,30.979736328125,24.39755249023437,23.39120483398437,42.05000019073486
1970-11-29 18:06:31.003,28.493633270263672,96.02409362792967,187.63021087646484,83.56060028076172,81.4000015258789,61.23046875,99.9493637084961,31.178850173950195,38.996220463796796,42044.0,34.189239501953125,27.90625,23.41839599609375,25.32232666015625,42.05000019073486
1970-11-29 18:06:32.004,28.55926513671875,95.84337615966795,186.44205474853516,83.63636016845703,81.4000015258789,61.23046875,99.9493637084961,31.219207763671875,38.197919894638986,42044.0,35.46759033203125,27.8790283203125,20.91607666015625,20.86167907714844,42.05000019073486
1970-11-29 18:06:32.994,28.55926513671875,95.84337615966795,186.44205474853516,83.63636016845703,81.4000015258789,61.23046875,99.9493637084961,31.219207763671875,38.197919894638986,42044.0,35.46759033203125,27.8790283203125,20.91607666015625,20.86167907714844,42.05000019073486
1970-11-29 18:06:33.990,28.697887420654297,96.08433532714844,186.95475769042963,83.63636016845703,80.80000305175781,61.23046875,99.9493637084961,31.27224922180176,39.39124009252186,42044.0,34.406829833984375,26.60067749023437,21.07928466796875,25.32232666015625,42.05000019073486
1970-11-29 18:06:34.995,28.75960922241211,96.20481872558594,187.07682037353516,83.56060028076172,81.69999694824219,61.23046875,99.9493637084961,31.295312881469727,37.75279523883234,42044.0,35.49481201171875,31.63250732421875,23.309600830078125,24.12557983398437,42.05000019073486
1970-11-29 18:06:36.001,28.75960922241211,96.20481872558594,187.07682037353516,83.56060028076172,81.69999694824219,61.23046875,99.9493637084961,31.295312881469727,37.75279523883234,42044.0,35.49481201171875,31.63250732421875,23.309600830078125,24.12557983398437,42.05000019073486
1970-11-29 18:06:36.991,28.957698822021484,95.90361785888672,187.3779296875,83.56060028076172,82.5999984741211,61.23046875,99.9493637084961,31.33684539794922,36.818338796538626,42044.0,34.21644592285156,33.10125732421875,24.723953247070312,24.45196533203125,42.05000019073486
1970-11-29 18:06:37.993,29.129024505615234,95.84337615966795,187.48372650146484,83.56060028076172,81.69999694824219,61.23046875,99.9493637084961,31.39832305908203,38.180742035194086,42044.0,35.92999267578125,26.573486328125,24.370361328125,21.242462158203125,42.05000019073486
1970-11-29 18:06:38.991,29.129024505615234,95.84337615966795,187.48372650146484,83.56060028076172,81.69999694824219,61.23046875,99.9493637084961,31.39832305908203,38.180742035194086,42044.0,35.92999267578125,26.573486328125,24.370361328125,21.242462158203125,42.05000019073486
1970-11-29 18:06:39.991,29.149356842041016,96.02409362792967,187.1663360595703,83.63636016845703,81.4000015258789,61.23046875,99.9493637084961,31.441722869873047,36.20320588211815,42044.0,32.938079833984375,28.423019409179688,23.880767822265625,23.962371826171875,42.05000019073486
1970-11-29 18:06:40.994,29.06453895568848,95.96385192871094,187.1175079345703,83.63636016845703,81.4000015258789,61.23046875,99.9493637084961,31.46965980529785,38.53161015393626,42044.0,32.502899169921875,27.552642822265625,27.416656494140625,25.02313232421875,42.05000019073486
1970-11-29 18:06:41.994,29.06453895568848,95.96385192871094,187.1175079345703,83.63636016845703,81.4000015258789,61.23046875,99.9493637084961,31.46965980529785,38.53161015393626,42044.0,32.502899169921875,27.552642822265625,27.416656494140625,25.02313232421875,42.05000019073486
1970-11-29 18:06:42.995,28.962554931640625,96.20481872558594,188.38704681396484,83.63636016845703,81.30000305175781,61.23046875,99.9493637084961,31.53010940551757,37.78051356890348,42044.0,32.44850158691406,27.498260498046875,25.077545166015625,25.24072265625,42.05000019073486
1970-11-29 18:06:43.994,28.90121459960937,95.96385192871094,188.24056243896484,83.56060028076172,82.4000015258789,61.23046875,99.9493637084961,31.575702667236328,35.74840145823544,42044.0,31.52374267578125,27.8790283203125,28.504623413085938,26.35589599609375,42.05000019073486
1970-11-29 18:06:44.991,28.90121459960937,95.96385192871094,188.24056243896484,83.56060028076172,82.4000015258789,61.23046875,99.9493637084961,31.575702667236328,35.74840145823544,42044.0,31.52374267578125,27.8790283203125,28.504623413085938,26.35589599609375,42.05000019073486
1970-11-29 18:06:46.002,28.83368873596192,95.78313446044922,188.4765625,83.56060028076172,82.5,61.23046875,99.9493637084961,31.603525161743164,38.11636103269946,42044.0,31.686920166015625,28.4774169921875,24.6695556640625,25.67591857910156,42.05000019073486
1970-11-29 18:06:47.000,28.684755325317383,96.1445770263672,188.18359375,83.63636016845703,82.30000305175781,61.23046875,99.9493637084961,31.64821434020996,38.560397173416206,42044.0,36.06597900390625,27.93344116210937,25.62152099609375,26.301498413085938,42.05000019073486
1970-11-29 18:06:48.002,28.684755325317383,96.1445770263672,188.18359375,83.63636016845703,82.30000305175781,61.23046875,99.9493637084961,31.64821434020996,38.560397173416206,42044.0,36.06597900390625,27.93344116210937,25.62152099609375,26.301498413085938,42.05000019073486
1970-11-29 18:06:48.992,28.66539192199707,96.1445770263672,186.31185150146484,83.63636016845703,82.0999984741211,61.23046875,99.9493637084961,31.70137023925781,38.41290269607512,42044.0,32.25811767578125,29.72857666015625,25.839111328125,21.35125732421875,42.05000019073486
1970-11-29 18:06:50.002,28.71147918701172,95.84337615966795,187.80924224853516,83.56060028076172,81.4000015258789,61.23046875,99.9493637084961,31.72488594055176,38.290676249464894,42044.0,34.95082092285156,28.232635498046875,25.703125,24.179962158203125,42.05000019073486
1970-11-29 18:06:50.991,28.71147918701172,95.84337615966795,187.80924224853516,83.56060028076172,81.4000015258789,61.23046875,99.9493637084961,31.72488594055176,38.290676249464894,42044.0,34.95082092285156,28.232635498046875,25.703125,24.179962158203125,42.05000019073486
1970-11-29 18:06:52.990,28.78228759765625,96.1445770263672,185.53873443603516,83.63636016845703,81.0999984741211,61.23046875,99.9493637084961,31.82235145568848,36.76915268497293,42044.0,33.754058837890625,27.47105407714844,17.924179077148438,20.10009765625,42.05000019073486
1970-11-29 18:06:52.000,28.7581729888916,95.90361785888672,186.26302337646484,83.56060028076172,81.19999694824219,61.23046875,99.9493637084961,31.7697868347168,37.31318949711044,42044.0,31.904525756835938,30.109375,21.92245483398437,22.24884033203125,42.05000019073486
1970-11-29 18:06:53.991,28.78228759765625,96.1445770263672,185.53873443603516,83.63636016845703,81.0999984741211,61.23046875,99.9493637084961,31.82235145568848,36.76915268497293,42044.0,33.754058837890625,27.47105407714844,17.924179077148438,20.10009765625,42.05000019073486
1970-11-29 18:06:54.995,28.922815322875977,96.02409362792967,186.20606231689447,83.56060028076172,82.30000305175781,61.23046875,99.9493637084961,31.85771942138672,37.41525169836094,42044.0,32.285308837890625,27.22625732421875,25.92071533203125,25.703125,42.05000019073486
1970-11-29 18:06:55.993,29.01857566833496,95.84337615966795,186.64551544189447,83.63636016845703,81.30000305175781,61.23046875,99.9493637084961,31.898042678833008,36.650705848939644,42044.0,31.0069580078125,28.450225830078125,22.54803466796875,23.28240966796875,42.05000019073486
1970-11-29 18:06:56.991,29.01857566833496,95.84337615966795,186.64551544189447,83.63636016845703,81.30000305175781,61.23046875,99.9493637084961,31.898042678833008,36.650705848939644,42044.0,31.0069580078125,28.450225830078125,22.54803466796875,23.28240966796875,42.05000019073486
1970-11-29 18:06:57.993,29.04394149780273,96.1445770263672,187.7034454345703,83.56060028076172,82.4000015258789,61.23046875,99.9493637084961,31.92396545410156,36.35840849942112,42044.0,33.672454833984375,27.33505249023437,25.567123413085938,28.232635498046875,42.05000019073486
1970-11-29 18:06:58.994,28.994258880615234,96.02409362792967,187.939453125,83.56060028076172,83.5,61.23046875,99.9493637084961,31.978662490844727,35.875928454211476,42044.0,35.19561767578125,26.954269409179688,28.53182983398437,25.89350891113281,42.05000019073486
1970-11-29 18:06:59.992,28.994258880615234,96.02409362792967,187.939453125,83.56060028076172,83.5,61.23046875,99.9493637084961,31.978662490844727,35.875928454211476,42044.0,35.19561767578125,26.954269409179688,28.53182983398437,25.89350891113281,42.05000019073486
1970-11-29 18:07:00.993,29.001882553100582,96.02409362792967,187.85807037353516,83.56060028076172,81.5999984741211,61.23046875,99.9493637084961,32.0256233215332,38.37479572142391,42044.0,33.29168701171875,27.33505249023437,26.8726806640625,27.22625732421875,42.05000019073486
1970-11-29 18:07:01.990,28.99294853210449,95.96385192871094,186.279296875,83.63636016845703,81.80000305175781,61.23046875,99.9493637084961,32.05611801147461,38.25802967043197,42044.0,36.256378173828125,28.749420166015625,26.301498413085938,23.66317749023437,42.05000019073486
1970-11-29 18:07:02.994,28.99294853210449,95.96385192871094,186.279296875,83.63636016845703,81.80000305175781,61.23046875,99.9493637084961,32.05611801147461,38.25802967043197,42044.0,36.256378173828125,28.749420166015625,26.301498413085938,23.66317749023437,42.05000019073486
1970-11-29 18:07:03.992,28.93852996826172,95.96385192871094,186.67806243896484,83.63636016845703,82.30000305175781,61.23046875,99.9493637084961,32.09794616699219,35.61136753166531,42044.0,33.37327575683594,27.22625732421875,24.58795166015625,24.479156494140625,42.05000019073486
1970-11-29 18:07:04.995,28.85092163085937,95.96385192871094,187.23145294189447,83.63636016845703,82.30000305175781,61.23046875,99.9493637084961,32.145660400390625,36.678666514348095,42044.0,33.754058837890625,30.517349243164062,26.65509033203125,23.71759033203125,42.05000019073486
1970-11-29 18:07:05.993,28.85092163085937,95.96385192871094,187.23145294189447,83.63636016845703,82.30000305175781,61.23046875,99.9493637084961,32.145660400390625,36.678666514348095,42044.0,33.754058837890625,30.517349243164062,26.65509033203125,23.71759033203125,42.05000019073486
1970-11-29 18:07:06.990,28.872692108154297,96.08433532714844,186.0595703125,83.63636016845703,81.4000015258789,61.23046875,99.9493637084961,32.17247772216797,37.71000764585893,42044.0,34.46124267578125,30.245361328125,23.85357666015625,22.00404357910156,42.05000019073486
1970-11-29 18:07:07.994,28.86615753173828,95.96385192871094,187.00357818603516,83.56060028076172,82.5,61.23046875,99.9493637084961,32.21258544921875,35.30146582107521,42044.0,32.33970642089844,29.86456298828125,21.052078247070312,21.242462158203125,42.05000019073486
1970-11-29 18:07:08.993,28.86615753173828,95.96385192871094,187.00357818603516,83.56060028076172,82.5,61.23046875,99.9493637084961,32.21258544921875,35.30146582107521,42044.0,32.33970642089844,29.86456298828125,21.052078247070312,21.242462158203125,42.05000019073486
1970-11-29 18:07:09.994,28.83700180053711,96.08433532714844,186.31998443603516,83.56060028076172,81.4000015258789,61.23046875,99.9493637084961,32.254432678222656,37.58598691147646,42044.0,34.6788330078125,29.59259033203125,24.26156616210937,26.519088745117188,42.05000019073486
1970-11-29 18:07:10.994,28.824190139770508,95.96385192871094,186.36881256103516,83.56060028076172,81.0,61.23046875,99.9493637084961,32.28150939941406,38.140869048847165,42044.0,31.22454833984375,24.88714599609375,22.765625,25.92071533203125,42.05000019073486
1970-11-29 18:07:12.004,28.824190139770508,95.96385192871094,186.36881256103516,83.56060028076172,81.0,61.23046875,99.9493637084961,32.28150939941406,38.140869048847165,42044.0,31.22454833984375,24.88714599609375,22.765625,25.92071533203125,42.05000019073486
1970-11-29 18:07:12.991,28.879932403564453,95.96385192871094,187.27213287353516,83.63636016845703,82.20000457763672,61.23046875,99.9493637084961,32.32455825805664,36.05681006289906,42044.0,32.720489501953125,29.266189575195312,29.29339599609375,23.47279357910156,42.05000019073486
1970-11-29 18:07:13.993,28.94633674621582,95.96385192871094,187.71158599853516,83.56060028076172,83.0,61.23046875,99.9493637084961,32.36371612548828,37.080223220319006,42044.0,30.78936767578125,29.53817749023437,27.19906616210937,27.52545166015625,42.05000019073486
1970-11-29 18:07:14.992,28.94633674621582,95.96385192871094,187.71158599853516,83.56060028076172,83.0,61.23046875,99.9493637084961,32.36371612548828,37.080223220319006,42044.0,30.78936767578125,29.53817749023437,27.19906616210937,27.52545166015625,42.05000019073486
1970-11-29 18:07:16.002,28.95550537109375,95.96385192871094,186.7431640625,83.56060028076172,82.4000015258789,61.23046875,99.9493637084961,32.38128662109375,37.551908224372745,42044.0,36.20196533203125,31.442108154296875,29.40219116210937,25.86630249023437,42.05000019073486
1970-11-29 18:07:16.992,28.99488067626953,96.08433532714844,186.19792175292963,83.63636016845703,81.0,61.23046875,99.9493637084961,32.41642761230469,38.889156637284806,42044.0,31.46932983398437,25.75750732421875,25.89350891113281,21.242462158203125,42.05000019073486
1970-11-29 18:07:17.990,28.99488067626953,96.08433532714844,186.19792175292963,83.63636016845703,81.0,61.23046875,99.9493637084961,32.41642761230469,38.889156637284806,42044.0,31.46932983398437,25.75750732421875,25.89350891113281,21.242462158203125,42.05000019073486
1970-11-29 18:07:18.994,28.98941230773925,96.02409362792967,185.33528900146484,83.63636016845703,81.19999694824219,61.23046875,99.9493637084961,32.458953857421875,38.19422611033595,42044.0,34.76043701171875,29.56538391113281,22.95600891113281,21.21527099609375,42.05000019073486
1970-11-29 18:07:19.990,28.940336227416992,95.90361785888672,186.0677108764648,83.63636016845703,82.20000457763672,61.23046875,99.9493637084961,32.494258880615234,36.726088607902774,42044.0,33.78125,24.96875,24.94154357910156,24.234375,42.05000019073486
1970-11-29 18:07:20.993,28.940336227416992,95.90361785888672,186.0677108764648,83.63636016845703,82.20000457763672,61.23046875,99.9493637084961,32.494258880615234,36.726088607902774,42044.0,33.78125,24.96875,24.94154357910156,24.234375,42.05000019073486
1970-11-29 18:07:21.992,28.82433319091797,96.02409362792967,186.82454681396484,83.56060028076172,82.0,61.23046875,99.9493637084961,32.51190948486328,37.894396149561295,42044.0,33.536468505859375,31.33331298828125,25.947906494140625,23.227996826171875,42.05000019073486
1970-11-29 18:07:23.005,28.81574821472168,96.1445770263672,186.42578125,83.56060028076172,81.5999984741211,61.23046875,99.9493637084961,32.547218322753906,38.23874486679056,42044.0,31.0069580078125,27.47105407714844,20.943267822265625,27.6070556640625,42.05000019073486
1970-11-29 18:07:24.002,28.81574821472168,96.1445770263672,186.42578125,83.56060028076172,81.5999984741211,61.23046875,99.9493637084961,32.547218322753906,38.23874486679056,42044.0,31.0069580078125,27.47105407714844,20.943267822265625,27.6070556640625,42.05000019073486
1970-11-29 18:07:24.990,28.80326461791992,95.96385192871094,186.1246795654297,83.56060028076172,81.0999984741211,61.23046875,99.9493637084961,32.58251953125,39.531947713315084,42044.0,33.9444580078125,28.17822265625,24.723953247070312,25.077545166015625,42.05000019073486
1970-11-29 18:07:25.990,28.7504997253418,95.84337615966795,185.47362518310547,83.56060028076172,82.5999984741211,61.23046875,99.9493637084961,32.596099853515625,35.890824067760576,42044.0,32.176513671875,26.8726806640625,23.9351806640625,27.280670166015625,42.05000019073486
1970-11-29 18:07:26.993,28.7504997253418,95.84337615966795,185.47362518310547,83.56060028076172,82.5999984741211,61.23046875,99.9493637084961,32.596099853515625,35.890824067760576,42044.0,32.176513671875,26.8726806640625,23.9351806640625,27.280670166015625,42.05000019073486
1970-11-29 18:07:27.994,28.67281723022461,96.08433532714844,186.5559844970703,83.56060028076172,82.0999984741211,61.23046875,99.9493637084961,32.628028869628906,37.39100836343748,42044.0,34.053253173828125,30.46295166015625,27.661453247070312,22.54803466796875,42.05000019073486
1970-11-29 18:07:28.992,28.71048355102539,96.02409362792967,187.2721405029297,83.63636016845703,83.0,61.23046875,99.9493637084961,32.663169860839844,35.277248750079885,42044.0,35.03240966796875,29.157394409179688,27.09027099609375,27.36225891113281,42.05000019073486
1970-11-29 18:07:30.002,28.71048355102539,96.02409362792967,187.2721405029297,83.63636016845703,83.0,61.23046875,99.9493637084961,32.663169860839844,35.277248750079885,42044.0,35.03240966796875,29.157394409179688,27.09027099609375,27.36225891113281,42.05000019073486
1970-11-29 18:07:30.990,28.77908706665039,95.96385192871094,186.87337493896484,83.63636016845703,81.5,61.23046875,99.9493637084961,32.68806457519531,38.75118464157874,42044.0,35.79399108886719,28.69500732421875,27.33505249023437,22.38482666015625,42.05000019073486
1970-11-29 18:07:32.001,28.88507843017578,96.02409362792967,184.814453125,83.63636016845703,80.0,61.23046875,99.9493637084961,32.72336959838867,40.65416498834529,42044.0,35.4132080078125,28.368621826171875,23.146392822265625,18.7945556640625,42.05000019073486
1970-11-29 18:07:32.993,28.88507843017578,96.02409362792967,184.814453125,83.63636016845703,80.0,61.23046875,99.9493637084961,32.72336959838867,40.65416498834529,42044.0,35.4132080078125,28.368621826171875,23.146392822265625,18.7945556640625,42.05000019073486
1970-11-29 18:07:34.003,28.950439453125,96.02409362792967,185.14811706542963,83.56060028076172,82.9000015258789,61.23046875,99.9493637084961,32.74102020263672,35.54884438168847,42044.0,34.32524108886719,31.224517822265625,20.61688232421875,24.39755249023437,42.05000019073486
1970-11-29 18:07:34.993,29.06482315063477,95.90361785888672,185.53060150146484,83.56060028076172,82.5,61.23046875,99.9493637084961,32.76895904541016,36.4520765978547,42044.0,35.114013671875,24.58795166015625,24.560760498046875,23.2008056640625,42.05000019073486
1970-11-29 18:07:35.994,29.06482315063477,95.90361785888672,185.53060150146484,83.56060028076172,82.5,61.23046875,99.9493637084961,32.76895904541016,36.4520765978547,42044.0,35.114013671875,24.58795166015625,24.560760498046875,23.2008056640625,42.05000019073486
1970-11-29 18:07:36.992,29.10568618774414,96.02409362792967,186.0595703125,83.63636016845703,82.4000015258789,61.23046875,99.9493637084961,32.80164337158203,35.81822403258976,42044.0,31.714126586914062,27.063064575195312,24.26156616210937,26.2742919921875,42.05000019073486
1970-11-29 18:07:37.990,29.062917709350582,96.02409362792967,184.6028594970703,83.63636016845703,81.5999984741211,61.23046875,99.9493637084961,32.81431579589844,38.550524208984264,42044.0,34.76043701171875,32.122100830078125,22.22163391113281,22.575225830078125,42.05000019073486
1970-11-29 18:07:38.994,29.062917709350582,96.02409362792967,184.6028594970703,83.63636016845703,81.5999984741211,61.23046875,99.9493637084961,32.81431579589844,38.550524208984264,42044.0,34.76043701171875,32.122100830078125,22.22163391113281,22.575225830078125,42.05000019073486
1970-11-29 18:07:39.991,28.92668342590332,96.02409362792967,185.2864608764648,83.63636016845703,82.0,61.23046875,99.9493637084961,32.836219787597656,36.63866487958885,42044.0,31.1429443359375,29.918975830078125,20.943267822265625,29.021392822265625,42.05000019073486
1970-11-29 18:07:41.001,28.90641021728516,95.96385192871094,186.14909362792963,83.56060028076172,81.19999694824219,61.23046875,99.9493637084961,32.86437225341797,37.436560872102426,42044.0,30.13658142089844,27.6070556640625,28.015045166015625,24.179962158203125,42.05000019073486
1970-11-29 18:07:41.994,28.90641021728516,95.96385192871094,186.14909362792963,83.56060028076172,81.19999694824219,61.23046875,99.9493637084961,32.86437225341797,37.436560872102426,42044.0,30.13658142089844,27.6070556640625,28.015045166015625,24.179962158203125,42.05000019073486
1970-11-29 18:07:42.994,28.823631286621094,95.96385192871094,184.44010162353516,83.56060028076172,81.9000015258789,61.23046875,99.9493637084961,32.879207611083984,37.26842516790097,42044.0,32.366912841796875,28.25982666015625,22.711212158203125,20.61688232421875,42.05000019073486
1970-11-29 18:07:44.002,28.76698303222656,96.08433532714844,185.00976562499997,83.63636016845703,81.69999694824219,61.23046875,99.9493637084961,32.90557098388672,38.135087199572695,42044.0,33.618072509765625,25.104736328125,22.79281616210937,27.117462158203125,42.05000019073486
1970-11-29 18:07:44.992,28.76698303222656,96.08433532714844,185.00976562499997,83.63636016845703,81.69999694824219,61.23046875,99.9493637084961,32.90557098388672,38.135087199572695,42044.0,33.618072509765625,25.104736328125,22.79281616210937,27.117462158203125,42.05000019073486
1970-11-29 18:07:45.994,28.744409561157227,96.02409362792967,186.66178131103516,83.63636016845703,83.60000610351562,61.23046875,99.9493637084961,32.92601013183594,36.77069482597915,42044.0,36.582763671875,23.880767822265625,29.130203247070312,24.39755249023437,42.05000019073486
1970-11-29 18:07:46.991,28.80280494689941,95.84337615966795,186.05142974853516,83.63636016845703,83.20000457763672,61.23046875,99.9493637084961,32.936492919921875,35.97193331684433,42044.0,33.9444580078125,32.72047424316406,26.083892822265625,21.623260498046875,42.05000019073486
1970-11-29 18:07:47.993,28.80280494689941,95.84337615966795,186.05142974853516,83.63636016845703,83.20000457763672,61.23046875,99.9493637084961,32.936492919921875,35.97193331684433,42044.0,33.9444580078125,32.72047424316406,26.083892822265625,21.623260498046875,42.05000019073486
1970-11-29 18:07:48.994,28.83386611938477,96.08433532714844,184.6761016845703,83.56060028076172,81.5,61.23046875,99.9493637084961,32.962181091308594,38.487013974102425,42044.0,36.2835693359375,28.287017822265625,23.06480407714844,22.140045166015625,42.05000019073486
1970-11-29 18:07:50.004,28.833255767822266,96.1445770263672,185.05860137939447,83.63636016845703,82.30000305175781,61.23046875,99.9493637084961,32.98935317993164,37.664358570159415,42044.0,35.33160400390625,30.13656616210937,25.512725830078125,21.432861328125,42.05000019073486
1970-11-29 18:07:51.002,28.833255767822266,96.1445770263672,185.05860137939447,83.63636016845703,82.30000305175781,61.23046875,99.9493637084961,32.98935317993164,37.664358570159415,42044.0,35.33160400390625,30.13656616210937,25.512725830078125,21.432861328125,42.05000019073486
1970-11-29 18:07:51.993,28.85272789001465,95.84337615966795,185.40853118896484,83.63636016845703,82.0,61.23046875,99.9493637084961,32.99717712402344,37.68074214165679,42044.0,33.26446533203125,30.27255249023437,23.9351806640625,23.03759765625,42.05000019073486
1970-11-29 18:07:52.994,28.93247032165528,95.90361785888672,185.0341796875,83.63636016845703,82.20000457763672,61.23046875,99.9493637084961,33.02392578125,35.87118248880426,42044.0,32.883697509765625,31.251724243164062,24.85995483398437,24.179962158203125,42.05000019073486
1970-11-29 18:07:53.990,28.93247032165528,95.90361785888672,185.0341796875,83.63636016845703,82.20000457763672,61.23046875,99.9493637084961,33.02392578125,35.87118248880426,42044.0,32.883697509765625,31.251724243164062,24.85995483398437,24.179962158203125,42.05000019073486
1970-11-29 18:07:54.994,28.957773208618164,96.1445770263672,184.8795623779297,83.56060028076172,82.0999984741211,61.23046875,99.9493637084961,33.04736328125,36.515042569880954,42044.0,32.910888671875,31.11572265625,22.95600891113281,25.4039306640625,42.05000019073486
1970-11-29 18:07:56.004,28.93506622314453,96.1445770263672,186.33626556396484,83.56060028076172,82.70000457763672,61.23046875,99.9493637084961,33.05165100097656,35.76538301002194,42044.0,32.421295166015625,26.49188232421875,28.749420166015625,28.314239501953125,42.05000019073486
1970-11-29 18:07:57.004,28.93506622314453,96.1445770263672,186.33626556396484,83.56060028076172,82.70000457763672,61.23046875,99.9493637084961,33.05165100097656,35.76538301002194,42044.0,32.421295166015625,26.49188232421875,28.749420166015625,28.314239501953125,42.05000019073486
1970-11-29 18:07:58.002,28.961000442504883,95.84337615966795,185.26204681396484,83.56060028076172,81.69999694824219,61.23046875,99.9493637084961,33.07295227050781,37.58637636365612,42044.0,32.99249267578125,32.50288391113281,23.06480407714844,21.51446533203125,42.05000019073486
1970-11-29 18:07:58.994,28.997180938720703,95.90361785888672,185.58756256103516,83.63636016845703,82.0999984741211,61.23046875,99.9493637084961,33.09474182128906,36.32556068017139,42044.0,34.706024169921875,28.504608154296875,25.86630249023437,27.851837158203125,42.05000019073486
1970-11-29 18:08:00.002,28.997180938720703,95.90361785888672,185.58756256103516,83.63636016845703,82.0999984741211,61.23046875,99.9493637084961,33.09474182128906,36.32556068017139,42044.0,34.706024169921875,28.504608154296875,25.86630249023437,27.851837158203125,42.05000019073486
1970-11-29 18:08:00.993,29.029617309570312,96.20481872558594,187.06868743896484,83.56060028076172,80.69999694824219,61.23046875,99.9493637084961,33.112159729003906,39.033223783630355,42044.0,35.005218505859375,24.50634765625,28.287017822265625,21.94964599609375,42.05000019073486
1970-11-29 18:08:01.995,28.97093391418457,96.02409362792967,187.99642181396484,83.63636016845703,82.0,61.23046875,99.9493637084961,33.120792388916016,38.050025040961906,42044.0,34.053253173828125,27.688644409179688,28.17822265625,21.840850830078125,42.05000019073486
1970-11-29 18:08:03.003,28.97093391418457,96.02409362792967,187.99642181396484,83.63636016845703,82.0,61.23046875,99.9493637084961,33.120792388916016,38.050025040961906,42044.0,34.053253173828125,27.688644409179688,28.17822265625,21.840850830078125,42.05000019073486
1970-11-29 18:08:03.990,28.962543487548828,96.02409362792967,188.58235931396484,83.63636016845703,81.5999984741211,61.23046875,99.9493637084961,33.1402587890625,36.774565658595876,42044.0,35.46759033203125,29.102996826171875,22.711212158203125,24.01678466796875,42.05000019073486
1970-11-29 18:08:04.991,28.93526077270508,96.02409362792967,188.71256256103516,83.63636016845703,81.9000015258789,61.23046875,99.9493637084961,33.16356658935547,37.451444885141534,42044.0,33.29168701171875,25.567108154296875,23.03759765625,23.11920166015625,42.05000019073486
1970-11-29 18:08:06.004,28.93526077270508,96.02409362792967,188.71256256103516,83.63636016845703,81.9000015258789,61.23046875,99.9493637084961,33.16356658935547,37.451444885141534,42044.0,33.29168701171875,25.567108154296875,23.03759765625,23.11920166015625,42.05000019073486
1970-11-29 18:08:06.994,28.88368225097656,95.96385192871094,191.00748443603516,83.63636016845703,82.9000015258789,61.23046875,99.9493637084961,33.172698974609375,37.76525235337344,42044.0,33.37327575683594,29.782974243164062,26.383087158203125,22.167236328125,42.05000019073486
1970-11-29 18:08:08.001,28.851547241210938,96.02409362792967,190.19368743896484,83.56060028076172,81.9000015258789,61.23046875,99.9493637084961,33.193992614746094,36.78605336852098,42044.0,33.12847900390625,31.33331298828125,19.12094116210937,25.431121826171875,42.05000019073486
1970-11-29 18:08:08.991,28.851547241210938,96.02409362792967,190.19368743896484,83.56060028076172,81.9000015258789,61.23046875,99.9493637084961,33.193992614746094,36.78605336852098,42044.0,33.12847900390625,31.33331298828125,19.12094116210937,25.431121826171875,42.05000019073486
1970-11-29 18:08:10.001,28.87328147888184,95.90361785888672,191.1865234375,83.56060028076172,81.5,61.23046875,99.9493637084961,33.21025848388672,37.50267127276114,42044.0,34.053253173828125,29.8101806640625,21.21527099609375,26.8726806640625,42.05000019073486
1970-11-29 18:08:10.991,28.8723258972168,95.90361785888672,188.7532577514648,83.63636016845703,81.9000015258789,61.23046875,99.9493637084961,33.214168548583984,36.79365061958403,42044.0,31.19735717773437,24.043975830078125,23.06480407714844,22.112838745117188,42.05000019073486
1970-11-29 18:08:11.995,28.8723258972168,95.90361785888672,188.7532577514648,83.63636016845703,81.9000015258789,61.23046875,99.9493637084961,33.214168548583984,36.79365061958403,42044.0,31.19735717773437,24.043975830078125,23.06480407714844,22.112838745117188,42.05000019073486
1970-11-29 18:08:12.992,28.86292839050293,96.08433532714844,188.46842956542963,83.63636016845703,81.69999694824219,61.23046875,99.9493637084961,33.23384094238281,37.487022457048866,42044.0,29.81019592285156,28.504608154296875,26.49188232421875,23.47279357910156,42.05000019073486
1970-11-29 18:08:13.993,28.85232353210449,96.02409362792967,189.1438751220703,83.63636016845703,82.4000015258789,61.23046875,99.9493637084961,33.24677276611328,36.06511064672951,42044.0,31.06134033203125,29.0758056640625,24.88714599609375,20.508087158203125,42.05000019073486
1970-11-29 18:08:15.002,28.85232353210449,96.02409362792967,189.1438751220703,83.63636016845703,82.4000015258789,61.23046875,99.9493637084961,33.24677276611328,36.06511064672951,42044.0,31.06134033203125,29.0758056640625,24.88714599609375,20.508087158203125,42.05000019073486
1970-11-29 18:08:15.993,28.861528396606445,95.90361785888672,190.1611328125,83.63636016845703,83.0999984741211,61.23046875,99.9493637084961,33.25675964355469,35.94979114448934,42044.0,33.48207092285156,24.9415283203125,27.498260498046875,24.94154357910156,42.05000019073486
1970-11-29 18:08:17.003,28.858766555786133,95.96385192871094,186.55599212646484,83.63636016845703,80.0999984741211,61.23046875,99.9493637084961,33.278961181640625,40.60104366699812,42044.0,34.59722900390625,26.92706298828125,21.160873413085938,16.455429077148438,42.05000019073486
1970-11-29 18:08:17.992,28.89680290222168,96.08433532714844,187.32096099853516,83.63636016845703,81.80000305175781,61.23046875,99.9493637084961,33.28638458251953,36.054456273881215,42044.0,34.95082092285156,28.885406494140625,20.644088745117188,20.698486328125,42.05000019073486
1970-11-29 18:08:19.001,28.89680290222168,96.08433532714844,187.32096099853516,83.63636016845703,81.80000305175781,61.23046875,99.9493637084961,33.28638458251953,36.054456273881215,42044.0,34.95082092285156,28.885406494140625,20.644088745117188,20.698486328125,42.05000019073486
1970-11-29 18:08:19.991,28.924171447753903,95.90361785888672,189.35547637939447,83.56060028076172,81.5,61.23046875,99.9493637084961,33.296810150146484,37.38635740774104,42044.0,34.134857177734375,24.42475891113281,23.79917907714844,25.15913391113281,42.05000019073486
1970-11-29 18:08:20.993,28.960128784179688,95.96385192871094,188.76139068603516,83.56060028076172,82.20000457763672,61.23046875,99.9493637084961,33.31507110595703,36.88847790040839,42044.0,33.046875,23.2008056640625,25.4039306640625,21.92245483398437,42.05000019073486
1970-11-29 18:08:21.993,28.960128784179688,95.96385192871094,188.76139068603516,83.56060028076172,82.20000457763672,61.23046875,99.9493637084961,33.31507110595703,36.88847790040839,42044.0,33.046875,23.2008056640625,25.4039306640625,21.92245483398437,42.05000019073486
1970-11-29 18:08:22.990,28.98440170288086,96.1445770263672,188.37076568603516,83.56060028076172,82.80000305175781,61.23046875,99.9493637084961,33.32046127319336,35.95013231620012,42044.0,30.952545166015625,28.99420166015625,22.73841857910156,21.18807983398437,42.05000019073486
1970-11-29 18:08:23.990,28.95774269104004,95.84337615966795,190.09603118896484,83.56060028076172,82.30000305175781,61.23046875,99.9493637084961,33.33177185058594,36.589793295397236,42044.0,33.754058837890625,29.42938232421875,22.520828247070312,25.67591857910156,42.05000019073486
1970-11-29 18:08:24.992,28.95774269104004,95.84337615966795,190.09603118896484,83.56060028076172,82.30000305175781,61.23046875,99.9493637084961,33.33177185058594,36.589793295397236,42044.0,33.754058837890625,29.42938232421875,22.520828247070312,25.67591857910156,42.05000019073486
1970-11-29 18:08:25.994,28.94269371032715,95.84337615966795,189.37987518310547,83.56060028076172,82.20000457763672,61.23046875,99.9493637084961,33.34254455566406,37.75803231080009,42044.0,30.02778625488281,29.67417907714844,20.2633056640625,26.192703247070312,42.05000019073486
1970-11-29 18:08:26.994,28.92511940002441,96.08433532714844,188.39517974853516,83.63636016845703,82.4000015258789,61.23046875,99.9493637084961,33.341888427734375,36.85698333666665,42044.0,30.4085693359375,31.33331298828125,26.981475830078125,26.763885498046875,42.05000019073486
1970-11-29 18:08:28.005,28.92511940002441,96.08433532714844,188.39517974853516,83.63636016845703,82.4000015258789,61.23046875,99.9493637084961,33.341888427734375,36.85698333666665,42044.0,30.4085693359375,31.33331298828125,26.981475830078125,26.763885498046875,42.05000019073486
1970-11-29 18:08:28.995,28.90287971496582,96.26506042480467,189.1194686889648,83.63636016845703,80.69999694824219,61.23046875,99.9493637084961,33.3528938293457,39.259607905350556,42044.0,30.898162841796875,27.93344116210937,27.22625732421875,21.296875,42.05000019073486
1970-11-29 18:08:29.991,28.8114070892334,95.90361785888672,188.4521484375,83.56060028076172,81.19999694824219,61.23046875,99.9493637084961,33.35664367675781,38.60546576655153,42044.0,32.4757080078125,24.28875732421875,21.677642822265625,23.79917907714844,42.05000019073486
1970-11-29 18:08:31.005,28.8114070892334,95.90361785888672,188.4521484375,83.56060028076172,81.19999694824219,61.23046875,99.9493637084961,33.35664367675781,38.60546576655153,42044.0,32.4757080078125,24.28875732421875,21.677642822265625,23.79917907714844,42.05000019073486
1970-11-29 18:08:31.993,28.778541564941406,95.84337615966795,188.64745330810547,83.56060028076172,82.4000015258789,61.23046875,99.9493637084961,33.35563278198242,37.33090490848372,42044.0,31.49653625488281,30.190963745117188,26.083892822265625,22.05844116210937,42.05000019073486
1970-11-29 18:08:33.005,28.766542434692383,96.08433532714844,188.54166412353516,83.63636016845703,82.5999984741211,61.23046875,99.9493637084961,33.3686408996582,35.612406960822646,42044.0,33.3460693359375,29.9461669921875,21.21527099609375,24.642364501953125,42.05000019073486
1970-11-29 18:08:34.003,28.766542434692383,96.08433532714844,188.54166412353516,83.63636016845703,82.5999984741211,61.23046875,99.9493637084961,33.3686408996582,35.612406960822646,42044.0,33.3460693359375,29.9461669921875,21.21527099609375,24.642364501953125,42.05000019073486
1970-11-29 18:08:35.002,28.77090644836425,96.20481872558594,189.9251251220703,83.63636016845703,83.30000305175781,61.23046875,99.9493637084961,33.377498626708984,34.93783837052193,42044.0,30.653366088867188,29.102996826171875,23.71759033203125,28.09663391113281,42.05000019073486
1970-11-29 18:08:35.990,28.752899169921875,95.90361785888672,188.41960144042963,83.63636016845703,81.19999694824219,61.23046875,99.9493637084961,33.367332458496094,38.32444848356197,42044.0,31.95892333984375,31.442108154296875,18.957748413085938,23.010406494140625,42.05000019073486
1970-11-29 18:08:36.991,28.752899169921875,95.90361785888672,188.41960144042963,83.63636016845703,81.19999694824219,61.23046875,99.9493637084961,33.367332458496094,38.32444848356197,42044.0,31.95892333984375,31.442108154296875,18.957748413085938,23.010406494140625,42.05000019073486
1970-11-29 18:08:37.993,28.83054542541504,95.90361785888672,188.3870391845703,83.56060028076172,82.20000457763672,61.23046875,99.9493637084961,33.38084030151367,36.82234571128237,42044.0,33.400482177734375,27.307861328125,23.907989501953125,22.711212158203125,42.05000019073486
1970-11-29 18:08:38.991,28.913440704345703,96.02409362792967,188.54166412353516,83.56060028076172,82.20000457763672,61.23046875,99.9493637084961,33.37776565551758,37.47018854183365,42044.0,32.12211608886719,29.619781494140625,21.759246826171875,21.1336669921875,42.05000019073486
1970-11-29 18:08:39.990,28.913440704345703,96.02409362792967,188.54166412353516,83.56060028076172,82.20000457763672,61.23046875,99.9493637084961,33.37776565551758,37.47018854183365,42044.0,32.12211608886719,29.619781494140625,21.759246826171875,21.1336669921875,42.05000019073486
1970-11-29 18:08:41.002,28.933937072753903,96.08433532714844,188.671875,83.56060028076172,81.69999694824219,61.23046875,99.9493637084961,33.3759880065918,36.91937673717821,42044.0,34.84202575683594,28.99420166015625,27.82464599609375,19.28413391113281,42.05000019073486
1970-11-29 18:08:41.993,28.92621612548828,95.96385192871094,187.96385955810547,83.63636016845703,81.80000305175781,61.23046875,99.9493637084961,33.38671875,37.804580187302,42044.0,34.02606201171875,28.287017822265625,23.608795166015625,20.83447265625,42.05000019073486
1970-11-29 18:08:42.992,28.92621612548828,95.96385192871094,187.96385955810547,83.63636016845703,81.80000305175781,61.23046875,99.9493637084961,33.38671875,37.804580187302,42044.0,34.02606201171875,28.287017822265625,23.608795166015625,20.83447265625,42.05000019073486
1970-11-29 18:08:43.990,29.02148056030273,95.90361785888672,187.73600006103516,83.63636016845703,81.80000305175781,61.23046875,99.9493637084961,33.384666442871094,36.06240812891284,42044.0,36.256378173828125,25.349517822265625,24.50634765625,22.357635498046875,42.05000019073486
1970-11-29 18:08:44.994,29.042909622192383,96.02409362792967,188.2080078125,83.63636016845703,81.9000015258789,61.23046875,99.9493637084961,33.3808479309082,37.28462323360532,42044.0,32.6116943359375,27.634246826171875,21.35125732421875,23.69038391113281,42.05000019073486
1970-11-29 18:08:45.991,29.042909622192383,96.02409362792967,188.2080078125,83.63636016845703,81.9000015258789,61.23046875,99.9493637084961,33.3808479309082,37.28462323360532,42044.0,32.6116943359375,27.634246826171875,21.35125732421875,23.69038391113281,42.05000019073486
1970-11-29 18:08:47.002,29.03373908996582,96.08433532714844,188.03711700439447,83.56060028076172,81.4000015258789,61.23046875,99.9493637084961,33.39613342285156,37.87000232097654,42044.0,29.6741943359375,28.3414306640625,24.96875,23.41839599609375,42.05000019073486
1970-11-29 18:08:47.993,28.915672302246094,95.90361785888672,187.8987579345703,83.56060028076172,81.4000015258789,61.23046875,99.9493637084961,33.39516830444336,38.97928673481907,42044.0,32.203704833984375,29.29339599609375,24.778350830078125,23.55438232421875,42.05000019073486
1970-11-29 18:08:49.001,28.915672302246094,95.90361785888672,187.8987579345703,83.56060028076172,81.4000015258789,61.23046875,99.9493637084961,33.39516830444336,38.97928673481907,42044.0,32.203704833984375,29.29339599609375,24.778350830078125,23.55438232421875,42.05000019073486
1970-11-29 18:08:49.993,28.8193302154541,95.90361785888672,187.56510925292963,83.63636016845703,82.5999984741211,61.23046875,99.9493637084961,33.3993034362793,37.404934959025134,42044.0,32.44850158691406,27.797439575195312,19.229736328125,26.35589599609375,42.05000019073486
1970-11-29 18:08:50.992,28.84040260314941,96.02409362792967,188.7613983154297,83.56060028076172,82.5,61.23046875,99.9493637084961,33.3965950012207,36.91402679919689,42044.0,31.251739501953125,29.29339599609375,25.947906494140625,25.104736328125,42.05000019073486
1970-11-29 18:08:52.004,28.84040260314941,96.02409362792967,188.7613983154297,83.56060028076172,82.5,61.23046875,99.9493637084961,33.3965950012207,36.91402679919689,42044.0,31.251739501953125,29.29339599609375,25.947906494140625,25.104736328125,42.05000019073486
1970-11-29 18:08:52.993,28.770376205444336,96.02409362792967,188.21614837646484,83.56060028076172,81.69999694824219,61.23046875,99.9493637084961,33.40152740478516,38.57820932072029,42044.0,32.938079833984375,31.5509033203125,21.296875,23.826385498046875,42.05000019073486
1970-11-29 18:08:53.992,28.682546615600582,95.96385192871094,188.70442962646484,83.56060028076172,81.4000015258789,61.23046875,99.9493637084961,33.40950012207031,39.037215332045704,42044.0,35.90278625488281,29.2117919921875,24.26156616210937,23.03759765625,42.05000019073486
1970-11-29 18:08:54.992,28.682546615600582,95.96385192871094,188.70442962646484,83.56060028076172,81.4000015258789,61.23046875,99.9493637084961,33.40950012207031,39.037215332045704,42044.0,35.90278625488281,29.2117919921875,24.26156616210937,23.03759765625,42.05000019073486
1970-11-29 18:08:55.991,28.672060012817383,96.1445770263672,186.0758514404297,83.63636016845703,81.0999984741211,61.23046875,99.9493637084961,33.400875091552734,36.729794949142246,42044.0,34.0804443359375,22.08563232421875,21.32406616210937,23.52719116210937,42.05000019073486
1970-11-29 18:08:56.994,28.737468719482425,95.96385192871094,188.5986328125,83.63636016845703,82.30000305175781,61.23046875,99.9493637084961,33.395530700683594,36.358352818896755,42044.0,34.570037841796875,28.722213745117188,26.73667907714844,23.227996826171875,42.05000019073486
1970-11-29 18:08:57.994,28.737468719482425,95.96385192871094,188.5986328125,83.63636016845703,82.30000305175781,61.23046875,99.9493637084961,33.395530700683594,36.358352818896755,42044.0,34.570037841796875,28.722213745117188,26.73667907714844,23.227996826171875,42.05000019073486
1970-11-29 18:08:58.992,28.79556655883789,95.90361785888672,188.6881561279297,83.63636016845703,81.80000305175781,61.23046875,99.9493637084961,33.40801239013672,38.16231863322729,42044.0,33.72686767578125,27.797439575195312,24.642364501953125,20.78009033203125,42.05000019073486
1970-11-29 18:08:59.995,28.93753433227539,96.08433532714844,188.1591796875,83.56060028076172,82.20000457763672,61.23046875,99.9493637084961,33.40641403198242,35.600808668721996,42044.0,35.957183837890625,27.770233154296875,24.8055419921875,25.784713745117188,42.05000019073486
1970-11-29 18:09:01.002,28.93753433227539,96.08433532714844,188.1591796875,83.56060028076172,82.20000457763672,61.23046875,99.9493637084961,33.40641403198242,35.600808668721996,42044.0,35.957183837890625,27.770233154296875,24.8055419921875,25.784713745117188,42.05000019073486
1970-11-29 18:09:01.991,29.06166076660156,96.02409362792967,187.78483581542963,83.56060028076172,81.19999694824219,61.23046875,99.9493637084961,33.3940544128418,38.81664942756559,42044.0,32.69329833984375,28.4774169921875,23.85357666015625,21.759246826171875,42.05000019073486
1970-11-29 18:09:02.991,29.222938537597656,96.02409362792967,187.58138275146484,83.56060028076172,81.5999984741211,61.23046875,99.9493637084961,33.398128509521484,37.348883079667985,42044.0,35.984375,26.818267822265625,23.28240966796875,26.41029357910156,42.05000019073486
1970-11-29 18:09:03.995,29.222938537597656,96.02409362792967,187.58138275146484,83.56060028076172,81.5999984741211,61.23046875,99.9493637084961,33.398128509521484,37.348883079667985,42044.0,35.984375,26.818267822265625,23.28240966796875,26.41029357910156,42.05000019073486
1970-11-29 18:09:04.992,29.302684783935547,95.84337615966795,187.8499298095703,83.63636016845703,82.0,61.23046875,99.9493637084961,33.39200973510742,36.47398621341107,42044.0,33.18287658691406,26.383087158203125,21.65045166015625,24.315963745117188,42.05000019073486
1970-11-29 18:09:06.001,29.322452545166016,96.02409362792967,187.548828125,83.63636016845703,82.20000457763672,61.23046875,99.9493637084961,33.395240783691406,35.459800395618146,42044.0,28.831024169921875,24.53355407714844,23.146392822265625,24.39755249023437,42.05000019073486
1970-11-29 18:09:07.005,29.322452545166016,96.02409362792967,187.548828125,83.63636016845703,82.20000457763672,61.23046875,99.9493637084961,33.395240783691406,35.459800395618146,42044.0,28.831024169921875,24.53355407714844,23.146392822265625,24.39755249023437,42.05000019073486
1970-11-29 18:09:07.990,29.262842178344727,96.20481872558594,187.70345306396484,83.56060028076172,83.4000015258789,61.23046875,99.9493637084961,33.38848114013672,36.09165803739331,42044.0,32.584503173828125,30.626144409179688,24.370361328125,26.05670166015625,42.05000019073486
1970-11-29 18:09:08.994,29.23622703552246,95.96385192871094,188.8509063720703,83.56060028076172,82.5,61.23046875,99.9493637084961,33.38766098022461,36.06061167117894,42044.0,32.09490966796875,30.109375,25.811920166015625,26.301498413085938,42.05000019073486
1970-11-29 18:09:10.004,29.08014678955078,95.78313446044922,187.29654693603516,83.56060028076172,81.9000015258789,61.23046875,99.9493637084961,33.39522933959961,37.52533087871659,42044.0,33.86285400390625,27.96063232421875,26.083892822265625,20.18170166015625,42.05000019073486
1970-11-29 18:09:10.994,29.08014678955078,95.78313446044922,187.29654693603516,83.56060028076172,81.9000015258789,61.23046875,99.9493637084961,33.39522933959961,37.52533087871659,42044.0,33.86285400390625,27.96063232421875,26.083892822265625,20.18170166015625,42.05000019073486
1970-11-29 18:09:12.001,28.902565002441406,96.08433532714844,186.65364837646484,83.63636016845703,81.30000305175781,61.23046875,99.9493637084961,33.38167953491211,36.438591332245956,42044.0,33.400482177734375,29.8101806640625,24.315963745117188,21.59605407714844,42.05000019073486
1970-11-29 18:09:13.004,28.6875057220459,96.1445770263672,186.4013671875,83.63636016845703,82.5,61.23046875,99.9493637084961,33.37648391723633,36.58872944177776,42044.0,35.19561767578125,24.58795166015625,28.06942749023437,24.88714599609375,42.05000019073486
1970-11-29 18:09:13.992,28.6875057220459,96.1445770263672,186.4013671875,83.63636016845703,82.5,61.23046875,99.9493637084961,33.37648391723633,36.58872944177776,42044.0,35.19561767578125,24.58795166015625,28.06942749023437,24.88714599609375,42.05000019073486
1970-11-29 18:09:14.991,28.605527877807617,95.90361785888672,187.70345306396484,83.56060028076172,82.70000457763672,61.23046875,99.9493637084961,33.37941360473633,36.11375416026701,42044.0,36.50115966796875,30.87094116210937,23.79917907714844,24.370361328125,42.05000019073486
1970-11-29 18:09:15.993,28.532264709472656,95.90361785888672,189.0543670654297,83.56060028076172,82.0999984741211,61.23046875,99.9493637084961,33.370391845703125,38.9065054878882,42044.0,33.78125,27.688644409179688,26.519088745117188,28.586212158203125,42.05000019073486
1970-11-29 18:09:17.002,28.532264709472656,95.90361785888672,189.0543670654297,83.56060028076172,82.0999984741211,61.23046875,99.9493637084961,33.370391845703125,38.9065054878882,42044.0,33.78125,27.688644409179688,26.519088745117188,28.586212158203125,42.05000019073486
1970-11-29 18:09:18.001,28.564558029174805,96.1445770263672,187.841796875,83.63636016845703,81.9000015258789,61.23046875,99.9493637084961,33.37797927856445,38.582136617420275,42044.0,31.06134033203125,29.701385498046875,24.723953247070312,25.13192749023437,42.05000019073486
1970-11-29 18:09:18.992,28.63254737854004,96.08433532714844,186.70247650146484,83.63636016845703,81.30000305175781,61.23046875,99.9493637084961,33.37234878540039,38.90191990900964,42044.0,33.29168701171875,29.0758056640625,22.03125,26.083892822265625,42.05000019073486
1970-11-29 18:09:20.004,28.63254737854004,96.08433532714844,186.70247650146484,83.63636016845703,81.30000305175781,61.23046875,99.9493637084961,33.37234878540039,38.90191990900964,42044.0,33.29168701171875,29.0758056640625,22.03125,26.083892822265625,42.05000019073486
1970-11-29 18:09:20.993,28.79160499572754,95.90361785888672,187.63021087646484,83.56060028076172,81.80000305175781,61.23046875,99.9493637084961,33.358272552490234,36.85568800404211,42044.0,30.92535400390625,27.280670166015625,24.28875732421875,26.165496826171875,42.05000019073486
1970-11-29 18:09:22.005,28.79160499572754,95.90361785888672,187.63021087646484,83.56060028076172,81.80000305175781,61.23046875,99.9493637084961,33.358272552490234,36.85568800404211,42044.0,30.92535400390625,27.280670166015625,24.28875732421875,26.165496826171875,42.05000019073486
1970-11-29 18:09:23.001,28.962879180908203,96.02409362792967,187.98828125,83.56060028076172,82.30000305175781,61.23046875,99.9493637084961,33.35251998901367,37.08999432988978,42044.0,31.714126586914062,30.789337158203125,21.81365966796875,26.029510498046875,42.05000019073486
1970-11-29 18:09:24.002,29.098228454589844,96.02409362792967,187.94759368896484,83.56060028076172,83.0999984741211,61.23046875,99.9493637084961,33.345420837402344,35.74548337254451,42044.0,33.12847900390625,25.784713745117188,24.39755249023437,23.28240966796875,42.05000019073486
1970-11-29 18:09:25.002,29.098228454589844,96.02409362792967,187.94759368896484,83.56060028076172,83.0999984741211,61.23046875,99.9493637084961,33.345420837402344,35.74548337254451,42044.0,33.12847900390625,25.784713745117188,24.39755249023437,23.28240966796875,42.05000019073486
1970-11-29 18:09:26.994,29.136632919311523,96.08433532714844,187.3128204345703,83.56060028076172,81.80000305175781,61.23046875,99.9493637084961,33.32288360595703,37.448275257107774,42044.0,34.406829833984375,26.70947265625,28.12384033203125,15.93865966796875,42.05000019073486
1970-11-29 18:09:26.000,29.148208618164062,95.84337615966795,186.9303436279297,83.63636016845703,82.30000305175781,61.23046875,99.9493637084961,33.32835006713867,36.789150098651646,42044.0,33.101287841796875,32.39408874511719,26.73667907714844,24.53355407714844,42.05000019073486
1970-11-29 18:09:27.995,29.05451011657715,96.1445770263672,187.88249206542963,83.56060028076172,81.19999694824219,61.23046875,99.9493637084961,33.31752395629883,38.3612637646688,42044.0,35.114013671875,29.157394409179688,25.26792907714844,22.95600891113281,42.05000019073486
1970-11-29 18:09:29.001,29.05451011657715,96.1445770263672,187.88249206542963,83.56060028076172,81.19999694824219,61.23046875,99.9493637084961,33.31752395629883,38.3612637646688,42044.0,35.114013671875,29.157394409179688,25.26792907714844,22.95600891113281,42.05000019073486
1970-11-29 18:09:30.005,28.92513084411621,95.84337615966795,187.17447662353516,83.63636016845703,81.5,61.23046875,99.9493637084961,33.29499435424805,37.935305796552996,42044.0,32.149322509765625,25.050338745117188,25.213531494140625,25.18634033203125,42.05000019073486
1970-11-29 18:09:30.993,28.92513084411621,95.84337615966795,187.17447662353516,83.63636016845703,81.5,61.23046875,99.9493637084961,33.29499435424805,37.935305796552996,42044.0,32.149322509765625,25.050338745117188,25.213531494140625,25.18634033203125,42.05000019073486
1970-11-29 18:09:31.994,28.86126518249512,95.90361785888672,187.10938262939447,83.63636016845703,82.5999984741211,61.23046875,99.9493637084961,33.29136657714844,37.42913813231436,42044.0,33.754058837890625,26.46469116210937,27.79745483398437,27.851837158203125,42.05000019073486
1970-11-29 18:09:32.994,28.75374794006348,96.1445770263672,188.12662506103516,83.63636016845703,82.0,61.23046875,99.9493637084961,33.2894172668457,38.536726268793636,42044.0,32.366912841796875,26.1383056640625,24.179962158203125,26.301498413085938,42.05000019073486
1970-11-29 18:09:33.994,28.67593002319336,96.08433532714844,186.5966796875,83.56060028076172,81.4000015258789,61.23046875,99.9493637084961,33.28523635864258,39.08289776690142,42045.0,30.92535400390625,29.048599243164062,25.811920166015625,25.89350891113281,42.05000019073486
1970-11-29 18:09:35.002,28.67593002319336,96.08433532714844,186.5966796875,83.56060028076172,81.4000015258789,61.23046875,99.9493637084961,33.28523635864258,39.08289776690142,42045.0,30.92535400390625,29.048599243164062,25.811920166015625,25.89350891113281,42.05000019073486
1970-11-29 18:09:35.994,28.643230438232425,95.96385192871094,187.27213287353516,83.56060028076172,81.19999694824219,61.23046875,99.9493637084961,33.27098846435547,38.418427224810415,42045.0,32.53009033203125,29.891769409179688,25.62152099609375,24.28875732421875,42.05000019073486
1970-11-29 18:09:37.002,28.69189643859864,96.02409362792967,186.81641387939447,83.63636016845703,81.80000305175781,61.23046875,99.9493637084961,33.26608657836914,39.113963162617736,42045.0,32.77490234375,29.9461669921875,25.947906494140625,24.85995483398437,42.05000019073486
1970-11-29 18:09:38.002,28.69189643859864,96.02409362792967,186.81641387939447,83.63636016845703,81.80000305175781,61.23046875,99.9493637084961,33.26608657836914,39.113963162617736,42045.0,32.77490234375,29.9461669921875,25.947906494140625,24.85995483398437,42.05000019073486
1970-11-29 18:09:39.001,28.786582946777344,95.84337615966795,186.03514862060547,83.63636016845703,82.0,61.23046875,99.9493637084961,33.25593566894531,37.536171571764974,42045.0,33.72686767578125,27.44384765625,25.62152099609375,24.12557983398437,42.05000019073486
1970-11-29 18:09:39.994,28.786582946777344,95.84337615966795,186.03514862060547,83.63636016845703,82.0,61.23046875,99.9493637084961,33.25593566894531,37.536171571764974,42045.0,33.72686767578125,27.44384765625,25.62152099609375,24.12557983398437,42.05000019073486
1970-11-29 18:09:40.991,28.93968963623047,95.96385192871094,186.82454681396484,83.63636016845703,81.5,61.23046875,99.9493637084961,33.2307243347168,35.79851446661023,42045.0,32.720489501953125,29.375,24.343170166015625,23.2008056640625,42.05000019073486
1970-11-29 18:09:41.995,28.981779098510746,96.02409362792967,187.76041412353516,83.63636016845703,82.20000457763672,61.23046875,99.9493637084961,33.22511291503906,36.77738310325789,42045.0,33.618072509765625,25.97509765625,24.96875,21.46005249023437,42.05000019073486
1970-11-29 18:09:43.003,28.981779098510746,96.02409362792967,187.76041412353516,83.63636016845703,82.20000457763672,61.23046875,99.9493637084961,33.22511291503906,36.77738310325789,42045.0,33.618072509765625,25.97509765625,24.96875,21.46005249023437,42.05000019073486
1970-11-29 18:09:43.992,29.06601333618164,96.1445770263672,188.4765625,83.56060028076172,83.30000305175781,61.23046875,99.9493637084961,33.21360397338867,35.67876027251725,42045.0,33.645263671875,30.32696533203125,27.171875,27.661453247070312,42.05000019073486
1970-11-29 18:09:44.995,29.066370010375977,95.90361785888672,187.16634368896484,83.56060028076172,82.70000457763672,61.23046875,99.9493637084961,33.20486831665039,34.52190486489764,42045.0,35.875579833984375,27.09027099609375,27.634246826171875,25.26792907714844,42.05000019073486
1970-11-29 18:09:46.003,29.066370010375977,95.90361785888672,187.16634368896484,83.56060028076172,82.70000457763672,61.23046875,99.9493637084961,33.20486831665039,34.52190486489764,42045.0,35.875579833984375,27.09027099609375,27.634246826171875,25.26792907714844,42.05000019073486
1970-11-29 18:09:47.002,29.00099754333496,96.02409362792967,187.939453125,83.63636016845703,81.5999984741211,61.23046875,99.9493637084961,33.20280456542969,39.153727209200994,42045.0,36.2835693359375,27.171875,25.32232666015625,22.6024169921875,42.05000019073486
1970-11-29 18:09:48.005,28.97533798217773,96.08433532714844,187.21517181396484,83.63636016845703,81.30000305175781,61.23046875,99.9493637084961,33.187965393066406,39.38655788773428,42045.0,33.9444580078125,26.35589599609375,24.85995483398437,26.8726806640625,42.05000019073486
1970-11-29 18:09:48.993,28.97533798217773,96.08433532714844,187.21517181396484,83.63636016845703,81.30000305175781,61.23046875,99.9493637084961,33.187965393066406,39.38655788773428,42045.0,33.9444580078125,26.35589599609375,24.85995483398437,26.8726806640625,42.05000019073486
1970-11-29 18:09:49.992,28.944860458374023,95.90361785888672,187.33724212646484,83.56060028076172,83.20000457763672,61.23046875,99.9493637084961,33.17259979248047,36.48792552546901,42045.0,33.50927734375,30.190963745117188,28.66781616210937,27.93344116210937,42.05000019073486
1970-11-29 18:09:50.992,28.91429328918457,96.08433532714844,185.59571075439447,83.56060028076172,83.20000457763672,61.23046875,99.9493637084961,33.16836929321289,36.853526491157275,42045.0,36.555572509765625,30.32696533203125,29.184600830078125,24.42475891113281,42.05000019073486
1970-11-29 18:09:52.005,28.91429328918457,96.08433532714844,185.59571075439447,83.56060028076172,83.20000457763672,61.23046875,99.9493637084961,33.16836929321289,36.853526491157275,42045.0,36.555572509765625,30.32696533203125,29.184600830078125,24.42475891113281,42.05000019073486
1970-11-29 18:09:52.995,28.861635208129883,96.02409362792967,187.22331237792963,83.63636016845703,82.0,61.23046875,99.9493637084961,33.16292953491211,38.283912386152906,42045.0,32.802093505859375,28.232635498046875,22.901611328125,26.79107666015625,42.05000019073486
1970-11-29 18:09:53.994,28.85006332397461,95.96385192871094,187.12565612792963,83.63636016845703,81.19999694824219,61.23046875,99.9493637084961,33.150733947753906,38.03948064167695,42045.0,29.07582092285156,29.67417907714844,24.88714599609375,24.043975830078125,42.05000019073486
1970-11-29 18:09:54.993,28.85006332397461,95.96385192871094,187.12565612792963,83.63636016845703,81.19999694824219,61.23046875,99.9493637084961,33.150733947753906,38.03948064167695,42045.0,29.07582092285156,29.67417907714844,24.88714599609375,24.043975830078125,42.05000019073486
1970-11-29 18:09:55.994,28.83538246154785,95.96385192871094,186.16536712646484,83.63636016845703,80.29999542236328,61.23046875,99.9493637084961,33.15341567993164,38.19920856168903,42045.0,34.65162658691406,29.782974243164062,20.317703247070312,23.03759765625,42.05000019073486
1970-11-29 18:09:56.990,28.840961456298828,96.02409362792967,185.7014923095703,83.63636016845703,81.69999694824219,61.23046875,99.9493637084961,33.139183044433594,36.64758887822673,42045.0,33.971649169921875,30.571746826171875,22.412017822265625,22.493621826171875,42.05000019073486
1970-11-29 18:09:57.992,28.840961456298828,96.02409362792967,185.7014923095703,83.63636016845703,81.69999694824219,61.23046875,99.9493637084961,33.139183044433594,36.64758887822673,42045.0,33.971649169921875,30.571746826171875,22.412017822265625,22.493621826171875,42.05000019073486
1970-11-29 18:09:58.992,28.809375762939453,95.90361785888672,187.03614044189447,83.56060028076172,82.20000457763672,61.23046875,99.9493637084961,33.14161682128906,37.01160005587772,42045.0,33.101287841796875,31.714111328125,22.575225830078125,24.58795166015625,42.05000019073486
1970-11-29 18:09:59.995,28.899396896362305,96.02409362792967,187.8987579345703,83.56060028076172,82.30000305175781,61.23046875,99.9493637084961,33.13835906982422,37.21951777128327,42045.0,34.406829833984375,32.856475830078125,25.811920166015625,20.208892822265625,42.05000019073486
