time,feed_rate,classifier_speed,tension_pressure,mill_fan_speed,main_drive_speed,recirculation_damper_position,stack_damper_position,hotgas_generator_load,total_specific_energy,tonnage,roller_height_1,roller_height_2,roller_height_3,roller_height_4,roller_temperature
1970-11-29 17:05:00.990,30.10722923278809,95.96385192871094,161.80013275146484,87.3484878540039,85.69999694824219,61.23046875,99.93489074707033,49.60404586791992,35.86366137321847,42027.0,34.379638671875,29.184600830078125,25.15913391113281,25.13192749023437,42.375
1970-11-29 17:05:01.995,30.117305755615234,95.72289276123048,161.7431640625,87.2727279663086,85.69999694824219,61.23046875,99.93489074707033,49.596778869628906,35.69318730635861,42027.0,37.18115234375,31.686920166015625,22.493621826171875,22.439239501953125,42.375
1970-11-29 17:05:02.990,30.10989570617676,96.08433532714844,161.7431640625,87.2727279663086,85.69999694824219,61.23046875,99.93489074707033,49.61006546020508,37.334516978913996,42027.0,37.561920166015625,30.0821533203125,24.6695556640625,25.811920166015625,42.375
1970-11-29 17:05:04.004,30.10989570617676,96.08433532714844,161.7431640625,87.2727279663086,85.69999694824219,61.23046875,99.93489074707033,49.61006546020508,37.334516978913996,42027.0,37.561920166015625,30.0821533203125,24.6695556640625,25.811920166015625,42.375
1970-11-29 17:05:04.992,30.048906326293945,96.26506042480467,162.2802734375,87.2727279663086,85.0,61.23046875,99.93489074707033,49.61783599853516,37.06427567211731,42027.0,33.42767333984375,28.287017822265625,28.42303466796875,24.20716857910156,42.375
1970-11-29 17:05:05.994,29.88222885131836,95.84337615966795,161.4583282470703,87.2727279663086,84.89999389648438,61.23046875,99.93489074707033,49.6209831237793,36.57932299790884,42027.0,36.74595642089844,31.49652099609375,24.26156616210937,24.098373413085938,42.375
1970-11-29 17:05:07.004,29.88222885131836,95.84337615966795,161.4583282470703,87.2727279663086,84.89999389648438,61.23046875,99.93489074707033,49.6209831237793,36.57932299790884,42027.0,36.74595642089844,31.49652099609375,24.26156616210937,24.098373413085938,42.375
1970-11-29 17:05:08.005,29.879772186279297,95.78313446044922,161.46646881103516,87.2727279663086,84.89999389648438,61.23046875,99.93489074707033,49.62441253662109,37.92609171965643,42027.0,35.46759033203125,25.376724243164062,23.227996826171875,26.383087158203125,42.375
1970-11-29 17:05:09.004,29.92697525024414,96.1445770263672,161.40950775146484,87.2727279663086,85.5,61.23046875,99.93489074707033,49.62519836425781,36.39100010108121,42027.0,32.883697509765625,29.238983154296875,25.18634033203125,26.927078247070312,42.375
1970-11-29 17:05:09.992,29.92697525024414,96.1445770263672,161.40950775146484,87.2727279663086,85.5,61.23046875,99.93489074707033,49.62519836425781,36.39100010108121,42027.0,32.883697509765625,29.238983154296875,25.18634033203125,26.927078247070312,42.375
1970-11-29 17:05:10.994,29.90265655517578,96.08433532714844,160.93750762939453,87.2727279663086,86.4000015258789,61.23046875,99.93489074707033,49.62748718261719,34.10473896393862,42027.0,33.536468505859375,29.59259033203125,22.30322265625,28.151031494140625,42.375
1970-11-29 17:05:11.993,29.898426055908203,96.02409362792967,162.22330474853516,87.2727279663086,87.0,61.23046875,99.93489074707033,49.63777542114258,34.70158119232279,42027.0,35.49481201171875,33.7540283203125,23.581588745117188,24.26156616210937,42.40000057220459
1970-11-29 17:05:12.995,29.898426055908203,96.02409362792967,162.22330474853516,87.2727279663086,87.0,61.23046875,99.93489074707033,49.63777542114258,34.70158119232279,42027.0,35.49481201171875,33.7540283203125,23.581588745117188,24.26156616210937,42.40000057220459
1970-11-29 17:05:13.995,29.98946762084961,95.90361785888672,162.841796875,87.2727279663086,86.69999694824219,61.23046875,99.93489074707033,49.63970947265625,35.44513957091717,42027.0,31.1429443359375,32.82926940917969,27.498260498046875,24.20716857910156,42.375
1970-11-29 17:05:14.991,30.05415725708008,96.1445770263672,163.75325775146484,87.2727279663086,86.69999694824219,61.23046875,99.93489074707033,49.633445739746094,34.85239976000559,42027.0,33.78125,32.693267822265625,29.238998413085938,28.287017822265625,42.375
1970-11-29 17:05:15.993,30.05415725708008,96.1445770263672,163.75325775146484,87.2727279663086,86.69999694824219,61.23046875,99.93489074707033,49.633445739746094,34.85239976000559,42027.0,33.78125,32.693267822265625,29.238998413085938,28.287017822265625,42.375
1970-11-29 17:05:17.003,29.9597396850586,96.1445770263672,163.5660858154297,87.2727279663086,86.4000015258789,61.23046875,99.93489074707033,49.63813400268555,37.24851173309721,42027.0,31.82293701171875,32.1492919921875,30.5445556640625,28.967010498046875,42.375
1970-11-29 17:05:17.994,29.980093002319336,95.84337615966795,163.63118743896484,87.2727279663086,86.5,61.23046875,99.93489074707033,49.63462066650391,36.81901118085827,42027.0,34.270843505859375,30.490142822265625,30.598953247070312,30.979736328125,42.375
1970-11-29 17:05:18.995,29.980093002319336,95.84337615966795,163.63118743896484,87.2727279663086,86.5,61.23046875,99.93489074707033,49.63462066650391,36.81901118085827,42027.0,34.270843505859375,30.490142822265625,30.598953247070312,30.979736328125,42.375
1970-11-29 17:05:20.004,30.056621551513672,95.90361785888672,162.353515625,87.2727279663086,85.39999389648438,61.23046875,99.93489074707033,49.63200378417969,36.25758307068911,42027.0,34.73321533203125,29.0758056640625,26.981475830078125,28.69500732421875,42.375
1970-11-29 17:05:20.994,30.07464408874512,96.20481872558594,162.58138275146484,87.3484878540039,86.4000015258789,61.23046875,99.93489074707033,49.64027404785156,36.7209524489029,42027.0,36.96356201171875,28.69500732421875,28.722213745117188,25.947906494140625,42.375
1970-11-29 17:05:21.992,30.07464408874512,96.20481872558594,162.58138275146484,87.3484878540039,86.4000015258789,61.23046875,99.93489074707033,49.64027404785156,36.7209524489029,42027.0,36.96356201171875,28.69500732421875,28.722213745117188,25.947906494140625,42.375
1970-11-29 17:05:22.992,30.00711441040039,96.08433532714844,162.26399993896484,87.2727279663086,86.19999694824219,61.23046875,99.93489074707033,49.62736129760742,36.63258237633618,42027.0,37.37153625488281,30.218170166015625,28.776611328125,28.06942749023437,42.375
1970-11-29 17:05:23.994,30.082489013671875,95.78313446044922,161.181640625,87.2727279663086,85.9000015258789,61.23046875,99.93489074707033,49.62176132202149,37.10119993243675,42027.0,36.66436767578125,29.048599243164062,28.91259765625,24.42475891113281,42.375
1970-11-29 17:05:24.993,30.082489013671875,95.78313446044922,161.181640625,87.2727279663086,85.9000015258789,61.23046875,99.93489074707033,49.62176132202149,37.10119993243675,42027.0,36.66436767578125,29.048599243164062,28.91259765625,24.42475891113281,42.375
1970-11-29 17:05:25.990,30.125179290771484,95.96385192871094,162.10123443603516,87.2727279663086,85.9000015258789,61.23046875,99.93489074707033,49.61638641357422,37.04391187436963,42027.0,38.64990234375,27.22625732421875,26.383087158203125,24.0711669921875,42.375
1970-11-29 17:05:26.990,30.013784408569336,96.1445770263672,161.1490936279297,87.3484878540039,86.29999542236328,61.23046875,99.93489074707033,49.61084365844727,36.14345520332626,42027.0,32.04052734375,30.8165283203125,25.48553466796875,29.67417907714844,42.375
1970-11-29 17:05:27.991,30.013784408569336,96.1445770263672,161.1490936279297,87.3484878540039,86.29999542236328,61.23046875,99.93489074707033,49.61084365844727,36.14345520332626,42027.0,32.04052734375,30.8165283203125,25.48553466796875,29.67417907714844,42.375
1970-11-29 17:05:28.992,29.934850692749023,96.02409362792967,161.71060943603516,87.2727279663086,86.19999694824219,61.23046875,99.93489074707033,49.61533737182617,35.43356554019651,42027.0,32.04052734375,30.6805419921875,25.050338745117188,26.165496826171875,42.375
1970-11-29 17:05:30.005,29.960281372070312,95.90361785888672,161.44205474853516,87.2727279663086,86.19999694824219,61.23046875,99.93489074707033,49.602046966552734,36.22935537314672,42027.0,35.27720642089844,32.50288391113281,23.092010498046875,29.102996826171875,42.375
1970-11-29 17:05:30.990,29.960281372070312,95.90361785888672,161.44205474853516,87.2727279663086,86.19999694824219,61.23046875,99.93489074707033,49.602046966552734,36.22935537314672,42027.0,35.27720642089844,32.50288391113281,23.092010498046875,29.102996826171875,42.375
1970-11-29 17:05:31.994,29.99476623535156,95.96385192871094,162.04427337646484,87.2727279663086,86.4000015258789,61.23046875,99.93489074707033,49.58452224731445,35.484404704189835,42027.0,35.657989501953125,31.14292907714844,27.171875,30.5445556640625,42.375
1970-11-29 17:05:32.991,29.9300479888916,96.08433532714844,162.95572662353516,87.2727279663086,87.19999694824219,61.23046875,99.93489074707033,49.57611083984375,34.474334986090014,42027.0,32.802093505859375,31.74130249023437,27.498260498046875,28.4774169921875,42.375
1970-11-29 17:05:33.991,29.9300479888916,96.08433532714844,162.95572662353516,87.2727279663086,87.19999694824219,61.23046875,99.93489074707033,49.57611083984375,34.474334986090014,42027.0,32.802093505859375,31.74130249023437,27.498260498046875,28.4774169921875,42.375
1970-11-29 17:05:35.001,29.890117645263672,95.90361785888672,162.93131256103516,87.2727279663086,86.0999984741211,61.23046875,99.93489074707033,49.57170104980469,36.6267355751345,42027.0,34.54283142089844,35.44038391113281,27.715850830078125,26.2742919921875,42.375
1970-11-29 17:05:36.000,29.970781326293945,95.84337615966795,162.10123443603516,87.2727279663086,85.69999694824219,61.23046875,99.93489074707033,49.54936599731445,36.21257161360097,42027.0,34.97802734375,30.952545166015625,26.32870483398437,26.573486328125,42.375
1970-11-29 17:05:37.003,29.970781326293945,95.84337615966795,162.10123443603516,87.2727279663086,85.69999694824219,61.23046875,99.93489074707033,49.54936599731445,36.21257161360097,42027.0,34.97802734375,30.952545166015625,26.32870483398437,26.573486328125,42.375
1970-11-29 17:05:38.003,29.973005294799805,96.1445770263672,162.353515625,87.2727279663086,86.5,61.23046875,99.93489074707033,49.54023742675781,36.114663367630136,42027.0,32.82928466796875,29.184600830078125,29.102996826171875,28.776611328125,42.375
1970-11-29 17:05:39.004,29.913650512695312,95.96385192871094,161.48274993896484,87.2727279663086,86.0999984741211,61.23046875,99.93489074707033,49.53011703491211,36.53705492340676,42027.0,34.95082092285156,30.0821533203125,28.4774169921875,26.05670166015625,42.375
1970-11-29 17:05:40.991,30.023975372314453,96.02409362792967,161.2223358154297,87.3484878540039,85.39999389648438,61.23046875,99.93489074707033,49.516693115234375,36.24760358320612,42027.0,37.0179443359375,23.79917907714844,28.640625,25.512725830078125,42.375
1970-11-29 17:05:40.000,29.913650512695312,95.96385192871094,161.48274993896484,87.2727279663086,86.0999984741211,61.23046875,99.93489074707033,49.53011703491211,36.53705492340676,42027.0,34.95082092285156,30.0821533203125,28.4774169921875,26.05670166015625,42.375
1970-11-29 17:05:41.990,30.152231216430664,95.90361785888672,161.21419525146484,87.2727279663086,85.5,61.23046875,99.93489074707033,49.50104141235352,37.62002898069786,42027.0,36.392364501953125,29.53817749023437,27.6070556640625,26.383087158203125,42.375
1970-11-29 17:05:42.993,30.152231216430664,95.90361785888672,161.21419525146484,87.2727279663086,85.5,61.23046875,99.93489074707033,49.50104141235352,37.62002898069786,42027.0,36.392364501953125,29.53817749023437,27.6070556640625,26.383087158203125,42.375
1970-11-29 17:05:43.991,30.12824058532715,95.96385192871094,160.43294525146484,87.2727279663086,86.19999694824219,61.23046875,99.93489074707033,49.48444366455078,36.21440901501183,42027.0,37.18115234375,27.987838745117188,26.1383056640625,23.989578247070312,42.375
1970-11-29 17:05:44.991,30.089693069458008,96.08433532714844,161.1328125,87.2727279663086,85.9000015258789,61.23046875,99.93489074707033,49.46673202514648,37.239366834932156,42027.0,37.561920166015625,27.851837158203125,25.32232666015625,27.79745483398437,42.375
1970-11-29 17:05:45.995,30.089693069458008,96.08433532714844,161.1328125,87.2727279663086,85.9000015258789,61.23046875,99.93489074707033,49.46673202514648,37.239366834932156,42027.0,37.561920166015625,27.851837158203125,25.32232666015625,27.79745483398437,42.375
1970-11-29 17:05:47.993,30.20640182495117,95.90361785888672,161.5153045654297,87.2727279663086,85.9000015258789,61.23046875,99.93489074707033,49.42915725708008,36.72445133357926,42027.0,35.79399108886719,32.1492919921875,25.75750732421875,25.32232666015625,42.375
1970-11-29 17:05:47.000,30.15013885498047,96.02409362792967,161.9221954345703,87.2727279663086,85.5999984741211,61.23046875,99.93489074707033,49.45281219482422,36.00751409660161,42027.0,35.358795166015625,30.8165283203125,28.232635498046875,20.508087158203125,42.375
1970-11-29 17:05:48.991,30.20640182495117,95.90361785888672,161.5153045654297,87.2727279663086,85.9000015258789,61.23046875,99.93489074707033,49.42915725708008,36.72445133357926,42027.0,35.79399108886719,32.1492919921875,25.75750732421875,25.32232666015625,42.375
1970-11-29 17:05:49.990,30.11629676818848,96.1445770263672,161.00260162353516,87.3484878540039,86.0,61.23046875,99.93489074707033,49.41461181640625,36.66644305975073,42027.0,34.46124267578125,30.27255249023437,25.62152099609375,24.043975830078125,42.375
1970-11-29 17:05:50.993,30.00090408325196,96.1445770263672,161.0026092529297,87.2727279663086,85.69999694824219,61.23046875,99.93489074707033,49.387306213378906,36.50153123691518,42027.0,32.25811767578125,29.13018798828125,24.58795166015625,28.4774169921875,42.375
1970-11-29 17:05:51.992,30.00090408325196,96.1445770263672,161.0026092529297,87.2727279663086,85.69999694824219,61.23046875,99.93489074707033,49.387306213378906,36.50153123691518,42027.0,32.25811767578125,29.13018798828125,24.58795166015625,28.4774169921875,42.375
1970-11-29 17:05:52.992,29.97951316833496,95.96385192871094,162.255859375,87.2727279663086,85.5999984741211,61.23046875,99.93489074707033,49.369659423828125,36.90282498952309,42027.0,35.114013671875,30.5445556640625,25.02313232421875,28.93980407714844,42.375
1970-11-29 17:05:53.994,29.94561767578125,95.96385192871094,161.5641326904297,87.2727279663086,86.5,61.23046875,99.93489074707033,49.35087203979492,36.21069637139264,42027.0,35.05961608886719,30.707733154296875,24.914337158203125,27.851837158203125,42.375
1970-11-29 17:05:54.991,29.94561767578125,95.96385192871094,161.5641326904297,87.2727279663086,86.5,61.23046875,99.93489074707033,49.35087203979492,36.21069637139264,42027.0,35.05961608886719,30.707733154296875,24.914337158203125,27.851837158203125,42.375
1970-11-29 17:05:55.995,29.80229377746582,96.02409362792967,160.5061798095703,87.2727279663086,85.29999542236328,61.23046875,99.93489074707033,49.32158660888672,36.16586537523076,42027.0,36.1475830078125,29.320587158203125,28.09663391113281,32.06770324707031,42.375
1970-11-29 17:05:56.992,29.76725578308105,96.02409362792967,161.57227325439453,87.2727279663086,86.9000015258789,61.23046875,99.93489074707033,49.307037353515625,35.864229879445354,42027.0,36.63716125488281,31.19732666015625,27.117462158203125,27.33505249023437,42.375
1970-11-29 17:05:57.991,29.76725578308105,96.02409362792967,161.57227325439453,87.2727279663086,86.9000015258789,61.23046875,99.93489074707033,49.307037353515625,35.864229879445354,42027.0,36.63716125488281,31.19732666015625,27.117462158203125,27.33505249023437,42.375
1970-11-29 17:05:58.990,29.88862991333008,95.96385192871094,161.6048126220703,87.3484878540039,86.5,61.23046875,99.93489074707033,49.28724670410156,36.41853244204783,42027.0,35.38600158691406,29.86456298828125,26.73667907714844,25.567123413085938,42.375
1970-11-29 17:06:00.001,29.92387580871582,96.08433532714844,162.42676544189453,87.2727279663086,86.19999694824219,61.23046875,99.93489074707033,49.236595153808594,36.73197516510101,42027.0,41.04341125488281,33.917236328125,28.42303466796875,27.82464599609375,42.375
1970-11-29 17:06:01.002,29.92387580871582,96.08433532714844,162.42676544189453,87.2727279663086,86.19999694824219,61.23046875,99.93489074707033,49.236595153808594,36.73197516510101,42027.0,41.04341125488281,33.917236328125,28.42303466796875,27.82464599609375,42.375
1970-11-29 17:06:01.991,29.88530540466309,96.08433532714844,163.4521484375,87.2727279663086,86.79999542236328,61.23046875,99.93489074707033,49.23883438110352,36.255838542880944,42027.0,35.657989501953125,32.992462158203125,28.93980407714844,27.715850830078125,42.375
1970-11-29 17:06:03.992,30.00440788269043,95.96385192871094,161.43392181396484,87.2727279663086,85.9000015258789,61.23046875,99.93489074707033,49.19425964355469,37.109429302780235,42027.0,38.89468383789063,34.13482666015625,31.224517822265625,27.14466857910156,42.375
1970-11-29 17:06:03.000,30.00440788269043,95.96385192871094,161.43392181396484,87.2727279663086,85.9000015258789,61.23046875,99.93489074707033,49.19425964355469,37.109429302780235,42027.0,38.89468383789063,34.13482666015625,31.224517822265625,27.14466857910156,42.375
1970-11-29 17:06:04.995,30.17175674438477,95.96385192871094,161.55599212646484,87.2727279663086,86.5,61.23046875,99.93489074707033,49.16579055786133,37.1589198599884,42027.0,37.91552734375,32.2852783203125,26.383087158203125,29.0758056640625,42.375
1970-11-29 17:06:05.995,30.130023956298828,96.02409362792967,162.1826171875,87.3484878540039,86.69999694824219,61.23046875,99.93489074707033,49.158992767333984,37.32724834950854,42027.0,37.453125,27.851837158203125,28.66781616210937,29.973373413085938,42.375
1970-11-29 17:06:06.991,30.130023956298828,96.02409362792967,162.1826171875,87.3484878540039,86.69999694824219,61.23046875,99.93489074707033,49.158992767333984,37.32724834950854,42027.0,37.453125,27.851837158203125,28.66781616210937,29.973373413085938,42.375
1970-11-29 17:06:07.993,30.126108169555664,96.02409362792967,162.04427337646484,87.2727279663086,86.19999694824219,61.23046875,99.93489074707033,49.12556838989258,37.28800614026541,42027.0,35.63079833984375,30.46295166015625,30.40855407714844,27.035873413085938,42.375
1970-11-29 17:06:08.991,30.11288452148437,96.02409362792967,160.83984375,87.2727279663086,86.0,61.23046875,99.93489074707033,49.112548828125,37.68995423308495,42027.0,39.84664916992188,32.39408874511719,27.987838745117188,22.68402099609375,42.375
1970-11-29 17:06:09.990,30.11288452148437,96.02409362792967,160.83984375,87.2727279663086,86.0,61.23046875,99.93489074707033,49.112548828125,37.68995423308495,42027.0,39.84664916992188,32.39408874511719,27.987838745117188,22.68402099609375,42.375
1970-11-29 17:06:10.993,29.99092102050781,96.02409362792967,161.1328125,87.2727279663086,86.19999694824219,61.23046875,99.93489074707033,49.101863861083984,37.361813750804515,42027.0,39.193878173828125,28.885406494140625,28.395828247070312,27.52545166015625,42.375
1970-11-29 17:06:11.993,29.90679931640625,95.96385192871094,161.75130462646484,87.3484878540039,85.69999694824219,61.23046875,99.93489074707033,49.07270812988281,36.51213945913513,42027.0,35.005218505859375,32.040496826171875,27.117462158203125,27.770248413085938,42.375
1970-11-29 17:06:13.001,29.90679931640625,95.96385192871094,161.75130462646484,87.3484878540039,85.69999694824219,61.23046875,99.93489074707033,49.07270812988281,36.51213945913513,42027.0,35.005218505859375,32.040496826171875,27.117462158203125,27.770248413085938,42.375
1970-11-29 17:06:14.001,29.86427879333496,95.90361785888672,160.84798431396484,87.2727279663086,86.4000015258789,61.23046875,99.93489074707033,49.05843734741211,36.462117697972275,42027.0,34.46124267578125,32.258087158203125,27.7430419921875,28.42303466796875,42.375
1970-11-29 17:06:14.994,29.845903396606445,96.08433532714844,161.3037109375,87.2727279663086,86.4000015258789,61.23046875,99.93489074707033,49.04875564575195,37.08123193162204,42027.0,35.141204833984375,31.986099243164062,28.42303466796875,26.79107666015625,42.375
1970-11-29 17:06:16.004,29.845903396606445,96.08433532714844,161.3037109375,87.2727279663086,86.4000015258789,61.23046875,99.93489074707033,49.04875564575195,37.08123193162204,42027.0,35.141204833984375,31.986099243164062,28.42303466796875,26.79107666015625,42.375
1970-11-29 17:06:16.993,29.80974578857422,96.08433532714844,160.986328125,87.2727279663086,86.0,61.23046875,99.93489074707033,49.020904541015625,37.16559305675668,42027.0,36.01158142089844,31.986099243164062,25.567123413085938,28.042236328125,42.375
1970-11-29 17:06:18.001,29.77817916870117,95.96385192871094,161.04329681396484,87.2727279663086,85.5999984741211,61.23046875,99.93489074707033,49.01892852783203,36.82129586963955,42027.0,35.03240966796875,29.9461669921875,24.179962158203125,29.29339599609375,42.375
1970-11-29 17:06:19.002,29.77817916870117,95.96385192871094,161.04329681396484,87.2727279663086,85.5999984741211,61.23046875,99.93489074707033,49.01892852783203,36.82129586963955,42027.0,35.03240966796875,29.9461669921875,24.179962158203125,29.29339599609375,42.375
1970-11-29 17:06:19.990,29.883983612060547,95.96385192871094,161.36067962646484,87.2727279663086,86.4000015258789,61.23046875,99.93489074707033,49.001163482666016,37.15558571221231,42027.0,34.59722900390625,30.653350830078125,27.82464599609375,32.122100830078125,42.375
1970-11-29 17:06:21.001,30.100011825561523,96.08433532714844,161.5641326904297,87.3484878540039,86.0,61.23046875,99.93489074707033,48.97306442260742,34.73342240626827,42027.0,36.06597900390625,32.339691162109375,24.99594116210937,26.927078247070312,42.375
1970-11-29 17:06:21.992,30.100011825561523,96.08433532714844,161.5641326904297,87.3484878540039,86.0,61.23046875,99.93489074707033,48.97306442260742,34.73342240626827,42027.0,36.06597900390625,32.339691162109375,24.99594116210937,26.927078247070312,42.375
1970-11-29 17:06:23.001,30.1552848815918,96.02409362792967,161.39322662353516,87.2727279663086,85.79999542236328,61.23046875,99.93489074707033,48.96403503417969,36.23689621806478,42027.0,33.645263671875,31.523712158203125,25.32232666015625,30.490142822265625,42.375
1970-11-29 17:06:23.994,30.286121368408203,95.84337615966795,161.26302337646484,87.2727279663086,87.0999984741211,61.23046875,99.93489074707033,48.9500732421875,33.8825203653963,42027.0,37.317138671875,29.755767822265625,27.93344116210937,28.776611328125,42.375
1970-11-29 17:06:24.994,30.44967460632324,96.02409362792967,161.0270233154297,87.2727279663086,86.4000015258789,61.23046875,99.93489074707033,48.938907623291016,34.089136835028995,42027.0,34.869232177734375,31.14292907714844,26.2742919921875,30.08216857910156,42.375
1970-11-29 17:06:25.993,30.44967460632324,96.02409362792967,161.0270233154297,87.2727279663086,86.4000015258789,61.23046875,99.93489074707033,48.938907623291016,34.089136835028995,42027.0,34.869232177734375,31.14292907714844,26.2742919921875,30.08216857910156,42.375
1970-11-29 17:06:26.995,30.494871139526367,96.08433532714844,159.92838287353516,87.2727279663086,85.5,61.23046875,99.93489074707033,48.93367004394531,36.73306494613649,42027.0,35.49481201171875,28.722213745117188,27.47105407714844,26.818267822265625,42.375
1970-11-29 17:06:28.002,30.35055923461914,96.02409362792967,160.546875,87.3484878540039,85.79999542236328,61.23046875,99.93489074707033,48.91322708129883,36.63368922692782,42027.0,38.541107177734375,30.89813232421875,27.44384765625,25.811920166015625,42.375
1970-11-29 17:06:28.991,30.35055923461914,96.02409362792967,160.546875,87.3484878540039,85.79999542236328,61.23046875,99.93489074707033,48.91322708129883,36.63368922692782,42027.0,38.541107177734375,30.89813232421875,27.44384765625,25.811920166015625,42.375
1970-11-29 17:06:29.992,30.29379272460937,95.96385192871094,160.0341796875,87.2727279663086,85.29999542236328,61.23046875,99.93489074707033,48.91038131713867,37.18559244943169,42027.0,37.39874267578125,32.638885498046875,28.967010498046875,23.41839599609375,42.375
1970-11-29 17:06:30.993,30.229116439819336,95.96385192871094,161.1653594970703,87.2727279663086,85.9000015258789,61.23046875,99.93489074707033,48.90185928344727,36.37151782760585,42027.0,35.603607177734375,28.450225830078125,27.579864501953125,23.962371826171875,42.375
1970-11-29 17:06:31.992,30.229116439819336,95.96385192871094,161.1653594970703,87.2727279663086,85.9000015258789,61.23046875,99.93489074707033,48.90185928344727,36.37151782760585,42027.0,35.603607177734375,28.450225830078125,27.579864501953125,23.962371826171875,42.375
1970-11-29 17:06:32.992,30.008007049560547,95.96385192871094,160.888671875,87.2727279663086,85.9000015258789,61.23046875,99.93489074707033,48.89874649047852,37.1832942028641,42027.0,37.64352416992188,33.12846374511719,28.4774169921875,19.85531616210937,42.375
1970-11-29 17:06:33.994,30.008007049560547,95.96385192871094,160.888671875,87.2727279663086,85.9000015258789,61.23046875,99.93489074707033,48.89874649047852,37.1832942028641,42027.0,37.64352416992188,33.12846374511719,28.4774169921875,19.85531616210937,42.375
1970-11-29 17:06:35.004,29.71526336669922,95.90361785888672,160.6119842529297,87.2727279663086,85.5999984741211,61.23046875,99.93489074707033,48.8957405090332,38.069423023647445,42027.0,33.835662841796875,28.06942749023437,27.416656494140625,25.512725830078125,42.375
1970-11-29 17:06:35.992,29.614686965942383,96.20481872558594,159.46451568603516,87.2727279663086,85.69999694824219,61.23046875,99.93489074707033,48.89273452758789,36.060947694685744,42027.0,32.82928466796875,28.66781616210937,27.79745483398437,23.5,42.375
1970-11-29 17:06:37.003,29.614686965942383,96.20481872558594,159.46451568603516,87.2727279663086,85.69999694824219,61.23046875,99.93489074707033,48.89273452758789,36.060947694685744,42027.0,32.82928466796875,28.66781616210937,27.79745483398437,23.5,42.375
1970-11-29 17:06:37.993,29.63300514221192,96.02409362792967,160.15625,87.2727279663086,86.0999984741211,61.23046875,99.93489074707033,48.883907318115234,36.290398783385584,42027.0,33.78125,27.770233154296875,26.65509033203125,25.431121826171875,42.375
1970-11-29 17:06:38.990,29.61817169189453,95.96385192871094,159.28548431396484,87.2727279663086,85.5999984741211,61.23046875,99.93489074707033,48.86772155761719,36.70543580261574,42027.0,34.16204833984375,26.35589599609375,27.33505249023437,24.42475891113281,42.375
1970-11-29 17:06:39.993,29.61817169189453,95.96385192871094,159.28548431396484,87.2727279663086,85.5999984741211,61.23046875,99.93489074707033,48.86772155761719,36.70543580261574,42027.0,34.16204833984375,26.35589599609375,27.33505249023437,24.42475891113281,42.375
1970-11-29 17:06:40.994,29.67127990722656,95.96385192871094,160.16439056396484,87.2727279663086,86.29999542236328,61.23046875,99.93489074707033,48.847129821777344,35.08227254096991,42027.0,34.189239501953125,29.048599243164062,24.043975830078125,27.987838745117188,42.375
1970-11-29 17:06:41.992,29.889968872070312,96.08433532714844,159.92838287353516,87.3484878540039,85.9000015258789,61.23046875,99.93489074707033,48.83870697021485,35.67224607669017,42027.0,32.77490234375,30.707733154296875,27.47105407714844,30.6805419921875,42.375
1970-11-29 17:06:43.002,29.889968872070312,96.08433532714844,159.92838287353516,87.3484878540039,85.9000015258789,61.23046875,99.93489074707033,48.83870697021485,35.67224607669017,42027.0,32.77490234375,30.707733154296875,27.47105407714844,30.6805419921875,42.375
1970-11-29 17:06:43.993,30.164690017700195,96.02409362792967,160.00162506103516,87.3484878540039,85.5999984741211,61.23046875,99.93489074707033,48.810203552246094,35.6873785210672,42027.0,35.71240234375,29.2117919921875,24.12557983398437,24.343170166015625,42.375
1970-11-29 17:06:44.991,30.182899475097656,95.96385192871094,159.27735137939453,87.2727279663086,85.69999694824219,61.23046875,99.93489074707033,48.78522491455078,36.53583790029304,42027.0,35.086822509765625,28.776611328125,24.88714599609375,22.520828247070312,42.375
1970-11-29 17:06:45.991,30.182899475097656,95.96385192871094,159.27735137939453,87.2727279663086,85.69999694824219,61.23046875,99.93489074707033,48.78522491455078,36.53583790029304,42027.0,35.086822509765625,28.776611328125,24.88714599609375,22.520828247070312,42.375
1970-11-29 17:06:46.992,30.219655990600582,96.02409362792967,159.5703125,87.2727279663086,85.69999694824219,61.23046875,99.93489074707033,48.77622604370117,35.856312780460605,42027.0,34.89642333984375,27.36225891113281,23.11920166015625,28.83100891113281,42.375
1970-11-29 17:06:48.004,30.25122261047364,95.96385192871094,160.97817993164062,87.2727279663086,86.0,61.23046875,99.93489074707033,48.743412017822266,34.10815686132584,42027.0,33.835662841796875,31.958892822265625,25.02313232421875,25.89350891113281,42.375
1970-11-29 17:06:49.003,30.25122261047364,95.96385192871094,160.97817993164062,87.2727279663086,86.0,61.23046875,99.93489074707033,48.743412017822266,34.10815686132584,42027.0,33.835662841796875,31.958892822265625,25.02313232421875,25.89350891113281,42.375
1970-11-29 17:06:49.991,30.14315414428711,95.96385192871094,159.04947662353516,87.3484878540039,85.5999984741211,61.23046875,99.93489074707033,48.70661163330078,34.134046634919656,42027.0,32.720489501953125,31.63250732421875,23.635986328125,24.53355407714844,42.375
1970-11-29 17:06:50.990,29.97826385498047,95.96385192871094,159.21224212646484,87.2727279663086,86.0999984741211,61.23046875,99.93489074707033,48.69852066040039,35.41346320003685,42027.0,37.88832092285156,30.435760498046875,20.943267822265625,26.49188232421875,42.375
1970-11-29 17:06:51.994,29.97826385498047,95.96385192871094,159.21224212646484,87.2727279663086,86.0999984741211,61.23046875,99.93489074707033,48.69852066040039,35.41346320003685,42027.0,37.88832092285156,30.435760498046875,20.943267822265625,26.49188232421875,42.375
1970-11-29 17:06:52.994,29.902162551879883,96.08433532714844,159.61914825439453,87.2727279663086,86.0999984741211,61.23046875,99.93489074707033,48.65771484375,35.81681388015637,42027.0,36.609954833984375,27.063064575195312,26.519088745117188,28.042236328125,42.375
1970-11-29 17:06:53.992,29.870609283447266,96.08433532714844,159.65982818603516,87.2727279663086,85.9000015258789,61.23046875,99.93489074707033,48.62331771850586,36.24828345317181,42027.0,33.971649169921875,30.46295166015625,27.307861328125,26.192703247070312,42.375
1970-11-29 17:06:54.992,29.870609283447266,96.08433532714844,159.65982818603516,87.2727279663086,85.9000015258789,61.23046875,99.93489074707033,48.62331771850586,36.24828345317181,42027.0,33.971649169921875,30.46295166015625,27.307861328125,26.192703247070312,42.375
1970-11-29 17:06:55.992,29.81101417541504,95.90361785888672,159.70865631103516,87.2727279663086,86.5999984741211,61.23046875,99.93489074707033,48.59661865234375,35.289253175889755,42027.0,36.90914916992188,31.986099243164062,27.770248413085938,24.6695556640625,42.375
1970-11-29 17:06:57.001,29.78544807434082,95.84337615966795,159.81444549560547,87.2727279663086,86.5,61.23046875,99.93489074707033,48.55062484741211,36.2328013820049,42027.0,40.03704833984375,32.0133056640625,29.26620483398437,26.763885498046875,42.375
1970-11-29 17:06:57.994,29.78544807434082,95.84337615966795,159.81444549560547,87.2727279663086,86.5,61.23046875,99.93489074707033,48.55062484741211,36.2328013820049,42027.0,40.03704833984375,32.0133056640625,29.26620483398437,26.763885498046875,42.375
1970-11-29 17:06:59.004,29.936079025268555,96.1445770263672,161.15723419189453,87.2727279663086,87.0999984741211,61.23046875,99.93489074707033,48.520938873291016,35.08539943639832,42027.0,36.12037658691406,29.3477783203125,30.190963745117188,28.12384033203125,42.375
1970-11-29 17:07:00.003,30.11608123779297,96.08433532714844,160.67708587646484,87.2727279663086,85.69999694824219,61.23046875,99.93489074707033,48.50148010253906,37.71843997593337,42027.0,32.421295166015625,32.06768798828125,28.69500732421875,28.015045166015625,42.375
1970-11-29 17:07:00.994,30.06279182434082,95.84337615966795,160.11556243896484,87.3484878540039,86.19999694824219,61.23046875,99.93489074707033,48.44075393676758,34.95408138825844,42027.0,34.869232177734375,31.4149169921875,28.967010498046875,28.69500732421875,42.375
1970-11-29 17:07:01.991,30.06279182434082,95.84337615966795,160.11556243896484,87.3484878540039,86.19999694824219,61.23046875,99.93489074707033,48.44075393676758,34.95408138825844,42027.0,34.869232177734375,31.4149169921875,28.967010498046875,28.69500732421875,42.375
1970-11-29 17:07:03.005,30.089815139770508,95.96385192871094,159.765625,87.2727279663086,86.0999984741211,61.23046875,99.93489074707033,48.406768798828125,34.42486569083432,42027.0,36.609954833984375,30.32696533203125,25.784713745117188,30.109375,42.375
1970-11-29 17:07:03.990,30.163230895996094,96.08433532714844,159.9609375,87.2727279663086,86.0999984741211,61.23046875,99.93489074707033,48.376564025878906,35.89316210347396,42027.0,34.787628173828125,27.253463745117188,29.59259033203125,28.368621826171875,42.375
1970-11-29 17:07:05.003,30.163230895996094,96.08433532714844,159.9609375,87.2727279663086,86.0999984741211,61.23046875,99.93489074707033,48.376564025878906,35.89316210347396,42027.0,34.787628173828125,27.253463745117188,29.59259033203125,28.368621826171875,42.375
1970-11-29 17:07:06.000,30.13036727905273,96.02409362792967,160.22135162353516,87.2727279663086,86.0999984741211,61.23046875,99.93489074707033,48.33002471923828,36.806656204758,42027.0,37.42593383789063,31.578125,29.8101806640625,29.8101806640625,42.375
1970-11-29 17:07:07.002,30.01165008544922,96.02409362792967,160.62825775146484,87.2727279663086,86.29999542236328,61.23046875,99.93489074707033,48.31380462646485,35.05485794878952,42027.0,37.208343505859375,33.291656494140625,27.579864501953125,28.967010498046875,42.375
1970-11-29 17:07:07.991,30.01165008544922,96.02409362792967,160.62825775146484,87.2727279663086,86.29999542236328,61.23046875,99.93489074707033,48.31380462646485,35.05485794878952,42027.0,37.208343505859375,33.291656494140625,27.579864501953125,28.967010498046875,42.375
1970-11-29 17:07:09.004,30.016382217407227,96.02409362792967,160.2294921875,87.2727279663086,86.4000015258789,61.23046875,99.93489074707033,48.254920959472656,36.82594311870279,42027.0,37.317138671875,34.18922424316406,28.287017822265625,26.818267822265625,42.375
1970-11-29 17:07:09.990,30.075288772583008,95.96385192871094,160.8154296875,87.2727279663086,85.69999694824219,61.23046875,99.93489074707033,48.220211029052734,35.39237612008488,42027.0,36.80035400390625,34.57000732421875,27.93344116210937,28.20542907714844,42.375
1970-11-29 17:07:11.003,30.075288772583008,95.96385192871094,160.8154296875,87.2727279663086,85.69999694824219,61.23046875,99.93489074707033,48.220211029052734,35.39237612008488,42027.0,36.80035400390625,34.57000732421875,27.93344116210937,28.20542907714844,42.375
1970-11-29 17:07:11.994,30.04267883300781,95.96385192871094,160.79915618896484,87.2727279663086,86.0999984741211,61.23046875,99.93489074707033,48.16132354736328,36.522047720604185,42027.0,37.50753784179688,32.693267822265625,32.61167907714844,21.840850830078125,42.375
1970-11-29 17:07:12.993,29.917081832885746,96.1445770263672,160.0911407470703,87.2727279663086,86.0999984741211,61.23046875,99.93489074707033,48.10057067871094,35.78678212351835,42027.0,37.64352416992188,34.73321533203125,30.218170166015625,28.450225830078125,42.375
1970-11-29 17:07:13.994,29.93889617919922,95.90361785888672,159.9365234375,87.3484878540039,86.0,61.23046875,99.93489074707033,48.066184997558594,37.46797014182176,42027.0,39.57466125488281,29.755767822265625,30.38134765625,26.927078247070312,42.375
1970-11-29 17:07:14.995,29.93889617919922,95.90361785888672,159.9365234375,87.3484878540039,86.0,61.23046875,99.93489074707033,48.066184997558594,37.46797014182176,42027.0,39.57466125488281,29.755767822265625,30.38134765625,26.927078247070312,42.375
1970-11-29 17:07:15.994,29.99284744262696,95.84337615966795,161.4990234375,87.2727279663086,85.5999984741211,61.23046875,99.93489074707033,48.02687454223633,37.93616069810344,42027.0,35.358795166015625,33.6180419921875,28.83100891113281,30.32696533203125,42.375
1970-11-29 17:07:16.990,29.93603515625,96.1445770263672,160.60384368896484,87.2727279663086,85.79999542236328,61.23046875,99.93489074707033,47.95675277709961,38.57344022696505,42027.0,38.62269592285156,32.122100830078125,32.50288391113281,26.111114501953125,42.375
1970-11-29 17:07:17.991,29.93603515625,96.1445770263672,160.60384368896484,87.2727279663086,85.79999542236328,61.23046875,99.93489074707033,47.95675277709961,38.57344022696505,42027.0,38.62269592285156,32.122100830078125,32.50288391113281,26.111114501953125,42.375
1970-11-29 17:07:18.993,29.884878158569336,96.1445770263672,160.35970306396484,87.2727279663086,86.0999984741211,61.23046875,99.93489074707033,47.944820404052734,36.93293732312596,42027.0,35.57640075683594,31.224517822265625,28.4774169921875,31.79571533203125,42.375
1970-11-29 17:07:19.994,29.99049568176269,95.90361785888672,160.39225006103516,87.2727279663086,85.29999542236328,61.23046875,99.93489074707033,47.8865852355957,38.26486166672296,42027.0,35.114013671875,29.56538391113281,27.96063232421875,24.15277099609375,42.375
1970-11-29 17:07:20.993,29.99049568176269,95.90361785888672,160.39225006103516,87.2727279663086,85.29999542236328,61.23046875,99.93489074707033,47.8865852355957,38.26486166672296,42027.0,35.114013671875,29.56538391113281,27.96063232421875,24.15277099609375,42.375
1970-11-29 17:07:22.002,30.12928771972656,95.96385192871094,159.65169525146484,87.2727279663086,85.39999389648438,61.23046875,99.93489074707033,47.82094955444336,37.6107017638929,42027.0,33.536468505859375,31.4149169921875,29.0758056640625,29.864578247070312,42.34999942779541
1970-11-29 17:07:22.991,30.01204872131348,96.08433532714844,160.4085235595703,87.2727279663086,86.19999694824219,61.23046875,99.93489074707033,47.80561065673828,36.52610629949608,42027.0,37.83392333984375,31.06134033203125,29.67417907714844,29.238998413085938,42.375
1970-11-29 17:07:23.992,30.01204872131348,96.08433532714844,160.4085235595703,87.2727279663086,86.19999694824219,61.23046875,99.93489074707033,47.80561065673828,36.52610629949608,42027.0,37.83392333984375,31.06134033203125,29.67417907714844,29.238998413085938,42.375
1970-11-29 17:07:24.990,29.959880828857425,96.02409362792967,160.7421875,87.2727279663086,86.0,61.23046875,99.93489074707033,47.7519416809082,36.91020566724171,42027.0,35.114013671875,32.82926940917969,25.431121826171875,29.483795166015625,42.34999942779541
1970-11-29 17:07:25.995,29.995967864990234,95.90361785888672,160.3271484375,87.2727279663086,86.0999984741211,61.23046875,99.93489074707033,47.708866119384766,36.113430518602776,42027.0,34.89642333984375,33.12846374511719,27.22625732421875,27.498260498046875,42.34999942779541
1970-11-29 17:07:26.994,29.995967864990234,95.90361785888672,160.3271484375,87.2727279663086,86.0999984741211,61.23046875,99.93489074707033,47.708866119384766,36.113430518602776,42027.0,34.89642333984375,33.12846374511719,27.22625732421875,27.498260498046875,42.34999942779541
1970-11-29 17:07:27.992,29.987998962402344,96.08433532714844,160.22135162353516,87.2727279663086,86.0,61.23046875,99.93489074707033,47.68963623046875,36.954769860074336,42027.0,39.35707092285156,32.122100830078125,28.09663391113281,28.99420166015625,42.375
1970-11-29 17:07:28.991,29.987998962402344,96.08433532714844,160.22135162353516,87.2727279663086,86.0,61.23046875,99.93489074707033,47.68963623046875,36.954769860074336,42027.0,39.35707092285156,32.122100830078125,28.09663391113281,28.99420166015625,42.375
1970-11-29 17:07:29.990,29.789691925048828,96.08433532714844,159.43196868896484,87.2727279663086,85.19999694824219,61.23046875,99.93489074707033,47.63860321044922,37.736516429554975,42027.0,42.24017333984375,31.714111328125,24.96875,30.435760498046875,42.375
1970-11-29 17:07:31.001,29.74562644958496,95.84337615966795,159.74935150146484,87.2727279663086,86.0,61.23046875,99.93489074707033,47.6065673828125,35.56624657147758,42028.0,38.40509033203125,30.789337158203125,28.09663391113281,27.770248413085938,42.34999942779541
1970-11-29 17:07:31.994,29.74562644958496,95.84337615966795,159.74935150146484,87.2727279663086,86.0,61.23046875,99.93489074707033,47.6065673828125,35.56624657147758,42028.0,38.40509033203125,30.789337158203125,28.09663391113281,27.770248413085938,42.34999942779541
1970-11-29 17:07:32.993,29.821308135986328,95.90361785888672,160.48990631103516,87.2727279663086,85.5999984741211,61.23046875,99.93489074707033,47.58194732666016,37.11595339519387,42028.0,37.453125,31.11572265625,26.21990966796875,22.82000732421875,42.34999942779541
1970-11-29 17:07:33.992,29.796674728393555,96.1445770263672,160.1237030029297,87.2727279663086,85.79999542236328,61.23046875,99.93489074707033,47.537967681884766,36.761385885670876,42028.0,40.281829833984375,35.576385498046875,26.1383056640625,28.69500732421875,42.34999942779541
1970-11-29 17:07:34.994,29.796674728393555,96.1445770263672,160.1237030029297,87.2727279663086,85.79999542236328,61.23046875,99.93489074707033,47.537967681884766,36.761385885670876,42028.0,40.281829833984375,35.576385498046875,26.1383056640625,28.69500732421875,42.34999942779541
1970-11-29 17:07:35.991,29.81298065185547,96.08433532714844,160.2294921875,87.2727279663086,86.5999984741211,61.23046875,99.93489074707033,47.50910949707031,36.01266491062268,42028.0,38.73149108886719,33.40045166015625,29.2117919921875,24.94154357910156,42.34999942779541
1970-11-29 17:07:36.992,30.004976272583008,95.84337615966795,160.8072967529297,87.2727279663086,86.5,61.23046875,99.93489074707033,47.48813629150391,36.22527543744302,42028.0,37.39874267578125,31.00692749023437,31.85009765625,26.73667907714844,42.34999942779541
1970-11-29 17:07:37.996,30.004976272583008,95.84337615966795,160.8072967529297,87.2727279663086,86.5,61.23046875,99.93489074707033,47.48813629150391,36.22527543744302,42028.0,37.39874267578125,31.00692749023437,31.85009765625,26.73667907714844,42.34999942779541
1970-11-29 17:07:38.990,30.212438583374023,96.08433532714844,160.1806640625,87.2727279663086,86.19999694824219,61.23046875,99.93489074707033,47.44668197631836,35.86288059376697,42028.0,35.141204833984375,34.243621826171875,31.088531494140625,28.722213745117188,42.34999942779541
1970-11-29 17:07:39.993,30.17055320739746,96.20481872558594,161.13282012939453,87.2727279663086,86.4000015258789,61.23046875,99.93489074707033,47.402488708496094,35.83771839515835,42028.0,38.26910400390625,34.05322265625,32.3125,27.634246826171875,42.34999942779541
1970-11-29 17:07:41.992,30.16861915588379,96.02409362792967,160.1318359375,87.3484878540039,85.9000015258789,61.23046875,99.93489074707033,47.38751983642578,35.93184289480114,42028.0,37.69793701171875,30.626144409179688,29.40219116210937,29.375,42.34999942779541
1970-11-29 17:07:41.000,30.17055320739746,96.20481872558594,161.13282012939453,87.2727279663086,86.4000015258789,61.23046875,99.93489074707033,47.402488708496094,35.83771839515835,42028.0,38.26910400390625,34.05322265625,32.3125,27.634246826171875,42.34999942779541
1970-11-29 17:07:43.002,30.180212020874023,95.84337615966795,159.5621795654297,87.2727279663086,85.69999694824219,61.23046875,99.93489074707033,47.347599029541016,36.94049272068479,42028.0,33.454864501953125,31.49652099609375,30.354156494140625,30.87094116210937,42.34999942779541
1970-11-29 17:07:43.993,30.12747001647949,95.90361785888672,158.95182037353516,87.2727279663086,85.5,61.23046875,99.93489074707033,47.3148078918457,37.064142753324674,42028.0,33.9444580078125,29.048599243164062,28.450225830078125,33.69964599609375,42.34999942779541
1970-11-29 17:07:44.991,30.12747001647949,95.90361785888672,158.95182037353516,87.2727279663086,85.5,61.23046875,99.93489074707033,47.3148078918457,37.064142753324674,42028.0,33.9444580078125,29.048599243164062,28.450225830078125,33.69964599609375,42.34999942779541
1970-11-29 17:07:45.990,29.921689987182617,95.96385192871094,160.18880462646484,87.2727279663086,86.9000015258789,61.23046875,99.93489074707033,47.3019905090332,36.442841704805645,42028.0,35.5491943359375,30.84375,29.619781494140625,28.368621826171875,42.34999942779541
1970-11-29 17:07:46.995,29.88154029846192,95.96385192871094,158.447265625,87.2727279663086,86.0999984741211,61.23046875,99.93489074707033,47.27635955810547,34.582125221961995,42028.0,36.36517333984375,28.287017822265625,28.17822265625,28.53182983398437,42.34999942779541
1970-11-29 17:07:47.994,29.88154029846192,95.96385192871094,158.447265625,87.2727279663086,86.0999984741211,61.23046875,99.93489074707033,47.27635955810547,34.582125221961995,42028.0,36.36517333984375,28.287017822265625,28.17822265625,28.53182983398437,42.34999942779541
1970-11-29 17:07:48.994,29.959428787231445,96.08433532714844,159.5865936279297,87.2727279663086,86.19999694824219,61.23046875,99.93489074707033,47.24580383300781,35.66485093716204,42028.0,36.03878784179688,27.47105407714844,27.82464599609375,27.579864501953125,42.34999942779541
1970-11-29 17:07:49.994,29.922643661499023,96.08433532714844,159.81444549560547,87.2727279663086,86.29999542236328,61.23046875,99.93489074707033,47.23050308227539,35.879430775576594,42028.0,33.101287841796875,33.23725891113281,26.49188232421875,27.280670166015625,42.34999942779541
1970-11-29 17:07:50.992,29.922643661499023,96.08433532714844,159.81444549560547,87.2727279663086,86.29999542236328,61.23046875,99.93489074707033,47.23050308227539,35.879430775576594,42028.0,33.101287841796875,33.23725891113281,26.49188232421875,27.280670166015625,42.34999942779541
1970-11-29 17:07:52.004,29.86990737915039,95.96385192871094,159.51334381103516,87.2727279663086,85.79999542236328,61.23046875,99.93489074707033,47.21047592163086,36.38553158871587,42028.0,38.56829833984375,32.53009033203125,24.20716857910156,24.343170166015625,42.34999942779541
1970-11-29 17:07:52.994,29.964414596557617,95.84337615966795,158.09732818603516,87.3484878540039,85.5999984741211,61.23046875,99.93489074707033,47.20111846923828,37.29084188060547,42028.0,35.086822509765625,30.29975891113281,24.12557983398437,26.73667907714844,42.34999942779541
1970-11-29 17:07:53.992,29.964414596557617,95.84337615966795,158.09732818603516,87.3484878540039,85.5999984741211,61.23046875,99.93489074707033,47.20111846923828,37.29084188060547,42028.0,35.086822509765625,30.29975891113281,24.12557983398437,26.73667907714844,42.34999942779541
1970-11-29 17:07:54.993,30.07347869873047,95.96385192871094,157.763671875,87.2727279663086,85.19999694824219,61.23046875,99.93489074707033,47.19496536254883,34.39616699617002,42028.0,37.289947509765625,26.981475830078125,26.763885498046875,25.431121826171875,42.34999942779541
1970-11-29 17:07:56.001,29.990528106689453,96.1445770263672,158.40657806396484,87.3484878540039,85.69999694824219,61.23046875,99.93489074707033,47.17714309692383,35.995774651649484,42028.0,34.6788330078125,29.3477783203125,25.67591857910156,26.21990966796875,42.34999942779541
1970-11-29 17:07:56.995,29.990528106689453,96.1445770263672,158.40657806396484,87.3484878540039,85.69999694824219,61.23046875,99.93489074707033,47.17714309692383,35.995774651649484,42028.0,34.6788330078125,29.3477783203125,25.67591857910156,26.21990966796875,42.34999942779541
1970-11-29 17:07:57.994,29.98741912841797,95.96385192871094,157.9020233154297,87.2727279663086,85.5999984741211,61.23046875,99.93489074707033,47.1741943359375,36.08747908350848,42028.0,35.522003173828125,32.339691162109375,25.077545166015625,24.043975830078125,42.34999942779541
1970-11-29 17:07:58.990,30.08830451965332,95.90361785888672,158.02408599853516,87.2727279663086,86.5,61.23046875,99.93489074707033,47.17007446289063,33.39520607911144,42028.0,37.561920166015625,26.219894409179688,27.33505249023437,25.5399169921875,42.34999942779541
1970-11-29 17:08:00.001,30.08830451965332,95.90361785888672,158.02408599853516,87.2727279663086,86.5,61.23046875,99.93489074707033,47.17007446289063,33.39520607911144,42028.0,37.561920166015625,26.219894409179688,27.33505249023437,25.5399169921875,42.34999942779541
1970-11-29 17:08:00.993,30.1403751373291,96.02409362792967,158.60189056396484,87.2727279663086,86.5999984741211,61.23046875,99.93489074707033,47.16204452514648,35.042541508521865,42028.0,36.17477416992188,32.258087158203125,27.171875,24.370361328125,42.34999942779541
1970-11-29 17:08:01.991,30.1403751373291,96.02409362792967,158.60189056396484,87.2727279663086,86.5999984741211,61.23046875,99.93489074707033,47.16204452514648,35.042541508521865,42028.0,36.17477416992188,32.258087158203125,27.171875,24.370361328125,42.34999942779541
1970-11-29 17:08:02.990,30.03384780883789,96.20481872558594,159.62728118896484,87.2727279663086,86.19999694824219,61.23046875,99.93489074707033,47.14543914794922,35.29903039338677,42028.0,37.7523193359375,32.09489440917969,26.519088745117188,25.376739501953125,42.34999942779541
1970-11-29 17:08:03.991,30.07219123840332,95.90361785888672,159.2692108154297,87.3484878540039,87.0,61.23046875,99.93489074707033,47.13272857666016,34.87437957810391,42028.0,34.923614501953125,33.645233154296875,26.573486328125,26.192703247070312,42.34999942779541
1970-11-29 17:08:04.994,30.07219123840332,95.90361785888672,159.2692108154297,87.3484878540039,87.0,61.23046875,99.93489074707033,47.13272857666016,34.87437957810391,42028.0,34.923614501953125,33.645233154296875,26.573486328125,26.192703247070312,42.34999942779541
1970-11-29 17:08:05.990,30.14221954345703,95.84337615966795,160.05045318603516,87.2727279663086,85.79999542236328,61.23046875,99.93489074707033,47.118743896484375,34.55159814427505,42028.0,34.65162658691406,30.84375,29.837371826171875,29.56538391113281,42.34999942779541
1970-11-29 17:08:06.994,30.058393478393555,96.1445770263672,158.7890625,87.2727279663086,86.5,61.23046875,99.93489074707033,47.11067581176758,35.36961499766328,42028.0,34.406829833984375,31.79571533203125,31.170135498046875,30.46295166015625,42.34999942779541
1970-11-29 17:08:07.992,30.058393478393555,96.1445770263672,158.7890625,87.2727279663086,86.5,61.23046875,99.93489074707033,47.11067581176758,35.36961499766328,42028.0,34.406829833984375,31.79571533203125,31.170135498046875,30.46295166015625,42.34999942779541
1970-11-29 17:08:08.990,29.91436767578125,96.08433532714844,159.02506256103516,87.2727279663086,85.69999694824219,61.23046875,99.93489074707033,47.10230255126953,37.279650445709905,42028.0,34.406829833984375,32.72047424316406,28.91259765625,27.96063232421875,42.34999942779541
1970-11-29 17:08:10.004,29.94373893737793,95.90361785888672,159.7900390625,87.2727279663086,85.9000015258789,61.23046875,99.93489074707033,47.086421966552734,35.252901766676054,42028.0,34.379638671875,26.573486328125,29.375,27.280670166015625,42.34999942779541
1970-11-29 17:08:11.003,29.94373893737793,95.90361785888672,159.7900390625,87.2727279663086,85.9000015258789,61.23046875,99.93489074707033,47.086421966552734,35.252901766676054,42028.0,34.379638671875,26.573486328125,29.375,27.280670166015625,42.34999942779541
1970-11-29 17:08:11.992,29.994382858276367,95.90361785888672,158.67513275146484,87.2727279663086,85.39999389648438,61.23046875,99.93489074707033,47.066680908203125,37.27144714430745,42028.0,33.72686767578125,30.5445556640625,29.8101806640625,25.784713745117188,42.34999942779541
1970-11-29 17:08:12.994,29.87415313720703,96.02409362792967,158.82161712646484,87.2727279663086,85.5999984741211,61.23046875,99.93489074707033,47.06333541870117,37.56519122550065,42028.0,34.053253173828125,28.776611328125,28.287017822265625,25.213531494140625,42.34999942779541
1970-11-29 17:08:14.001,29.87415313720703,96.02409362792967,158.82161712646484,87.2727279663086,85.5999984741211,61.23046875,99.93489074707033,47.06333541870117,37.56519122550065,42028.0,34.053253173828125,28.776611328125,28.287017822265625,25.213531494140625,42.34999942779541
1970-11-29 17:08:14.990,29.91204071044922,95.90361785888672,158.056640625,87.2727279663086,85.9000015258789,61.23046875,99.93489074707033,47.04384613037109,37.111783919476224,42028.0,33.019683837890625,28.232635498046875,25.431121826171875,29.2117919921875,42.34999942779541
1970-11-29 17:08:15.991,30.05154228210449,95.96385192871094,158.52864837646484,87.3484878540039,85.79999542236328,61.23046875,99.93489074707033,47.02114486694336,36.56739814757399,42028.0,36.80035400390625,30.27255249023437,26.49188232421875,28.06942749023437,42.34999942779541
1970-11-29 17:08:16.990,30.05154228210449,95.96385192871094,158.52864837646484,87.3484878540039,85.79999542236328,61.23046875,99.93489074707033,47.02114486694336,36.56739814757399,42028.0,36.80035400390625,30.27255249023437,26.49188232421875,28.06942749023437,42.34999942779541
1970-11-29 17:08:17.993,30.01596641540528,96.02409362792967,158.7321014404297,87.2727279663086,86.69999694824219,61.23046875,99.93489074707033,47.00979232788086,35.71785023216924,42028.0,34.352447509765625,30.653350830078125,27.19906616210937,25.59432983398437,42.34999942779541
1970-11-29 17:08:18.993,29.95121383666992,96.08433532714844,158.30078125,87.2727279663086,86.29999542236328,61.23046875,99.93489074707033,46.98709487915039,34.91014198377361,42028.0,36.90914916992188,31.14292907714844,26.49188232421875,24.179962158203125,42.34999942779541
1970-11-29 17:08:19.992,29.95121383666992,96.08433532714844,158.30078125,87.2727279663086,86.29999542236328,61.23046875,99.93489074707033,46.98709487915039,34.91014198377361,42028.0,36.90914916992188,31.14292907714844,26.49188232421875,24.179962158203125,42.34999942779541
1970-11-29 17:08:20.991,30.047536849975582,95.96385192871094,158.62630462646484,87.2727279663086,86.29999542236328,61.23046875,99.93489074707033,46.964393615722656,36.68431719224407,42028.0,36.66436767578125,27.7430419921875,24.234375,26.73667907714844,42.34999942779541
1970-11-29 17:08:21.992,30.179372787475582,96.02409362792967,157.36490631103516,87.3484878540039,85.5,61.23046875,99.93489074707033,46.94898223876953,34.958953547890715,42028.0,36.990753173828125,29.8101806640625,22.92880249023437,26.1383056640625,42.34999942779541
1970-11-29 17:08:23.001,30.179372787475582,96.02409362792967,157.36490631103516,87.3484878540039,85.5,61.23046875,99.93489074707033,46.94898223876953,34.958953547890715,42028.0,36.990753173828125,29.8101806640625,22.92880249023437,26.1383056640625,42.34999942779541
1970-11-29 17:08:23.995,30.07701301574707,96.02409362792967,158.3740234375,87.2727279663086,85.9000015258789,61.23046875,99.93489074707033,46.915523529052734,35.02468289557935,42028.0,36.93634033203125,28.3414306640625,26.546295166015625,25.18634033203125,42.34999942779541
1970-11-29 17:08:25.001,30.048240661621094,95.96385192871094,157.50325775146484,87.2727279663086,86.4000015258789,61.23046875,99.93489074707033,46.88518905639648,34.49511156960688,42028.0,36.36517333984375,30.87094116210937,25.077545166015625,26.165496826171875,42.34999942779541
1970-11-29 17:08:25.992,30.048240661621094,95.96385192871094,157.50325775146484,87.2727279663086,86.4000015258789,61.23046875,99.93489074707033,46.88518905639648,34.49511156960688,42028.0,36.36517333984375,30.87094116210937,25.077545166015625,26.165496826171875,42.34999942779541
1970-11-29 17:08:26.995,30.12347412109375,95.96385192871094,157.7311248779297,87.2727279663086,86.0999984741211,61.23046875,99.93489074707033,46.87359619140625,33.551995469493036,42028.0,35.821197509765625,31.224517822265625,26.2742919921875,26.927078247070312,42.34999942779541
1970-11-29 17:08:28.992,30.13347625732422,96.02409362792967,157.92642974853516,87.2727279663086,85.69999694824219,61.23046875,99.93489074707033,46.85040664672852,33.90640296430954,42028.0,35.358795166015625,29.456588745117188,24.75115966796875,25.62152099609375,42.34999942779541
1970-11-29 17:08:28.000,30.13347625732422,96.02409362792967,157.92642974853516,87.2727279663086,85.69999694824219,61.23046875,99.93489074707033,46.85040664672852,33.90640296430954,42028.0,35.358795166015625,29.456588745117188,24.75115966796875,25.62152099609375,42.34999942779541
1970-11-29 17:08:29.991,29.971668243408203,96.08433532714844,158.3414764404297,87.2727279663086,86.5999984741211,61.23046875,99.93489074707033,46.819862365722656,34.70863329817524,42028.0,34.787628173828125,30.490142822265625,25.5399169921875,29.40219116210937,42.34999942779541
1970-11-29 17:08:30.990,29.927526473999023,96.02409362792967,158.49609375,87.2727279663086,86.5999984741211,61.23046875,99.93489074707033,46.800880432128906,34.27281431360079,42028.0,33.155670166015625,29.837371826171875,28.314239501953125,25.73031616210937,42.34999942779541
1970-11-29 17:08:31.990,29.927526473999023,96.02409362792967,158.49609375,87.2727279663086,86.5999984741211,61.23046875,99.93489074707033,46.800880432128906,34.27281431360079,42028.0,33.155670166015625,29.837371826171875,28.314239501953125,25.73031616210937,42.34999942779541
1970-11-29 17:08:32.990,29.95037841796875,95.96385192871094,157.861328125,87.2727279663086,86.19999694824219,61.23046875,99.93489074707033,46.769142150878906,34.438360620492475,42028.0,33.645263671875,31.442108154296875,26.95428466796875,25.4039306640625,42.34999942779541
1970-11-29 17:08:34.004,29.94813537597656,95.96385192871094,159.52962493896484,87.2727279663086,86.29999542236328,61.23046875,99.93489074707033,46.7339973449707,37.267580671540614,42028.0,35.5491943359375,34.9508056640625,26.519088745117188,30.29975891113281,42.34999942779541
1970-11-29 17:08:34.994,29.94813537597656,95.96385192871094,159.52962493896484,87.2727279663086,86.29999542236328,61.23046875,99.93489074707033,46.7339973449707,37.267580671540614,42028.0,35.5491943359375,34.9508056640625,26.519088745117188,30.29975891113281,42.34999942779541
1970-11-29 17:08:35.990,29.79152488708496,96.02409362792967,159.8795623779297,87.2727279663086,85.5,61.23046875,99.93851470947266,46.71308517456055,37.91134989771334,42028.0,35.05961608886719,29.157394409179688,30.490142822265625,28.749420166015625,42.34999942779541
1970-11-29 17:08:36.994,29.812164306640625,96.08433532714844,159.27734375,87.2727279663086,86.0,61.23046875,99.93489074707033,46.67828750610352,35.557346054039115,42028.0,33.645263671875,25.15913391113281,30.979736328125,30.245361328125,42.34999942779541
1970-11-29 17:08:37.990,29.812164306640625,96.08433532714844,159.27734375,87.2727279663086,86.0,61.23046875,99.93489074707033,46.67828750610352,35.557346054039115,42028.0,33.645263671875,25.15913391113281,30.979736328125,30.245361328125,42.34999942779541
1970-11-29 17:08:38.993,29.91363525390625,95.84337615966795,158.56119537353516,87.2727279663086,85.69999694824219,61.23046875,99.93489074707033,46.63591384887695,36.74759094989849,42028.0,33.400482177734375,31.11572265625,27.171875,26.981475830078125,42.34999942779541
1970-11-29 17:08:39.992,29.993553161621094,96.08433532714844,158.984375,87.2727279663086,85.69999694824219,61.23046875,99.93489074707033,46.60889434814453,35.12558762144473,42028.0,33.835662841796875,27.47105407714844,26.083892822265625,26.21990966796875,42.34999942779541
1970-11-29 17:08:40.991,29.993553161621094,96.08433532714844,158.984375,87.2727279663086,85.69999694824219,61.23046875,99.93489074707033,46.60889434814453,35.12558762144473,42028.0,33.835662841796875,27.47105407714844,26.083892822265625,26.21990966796875,42.34999942779541
1970-11-29 17:08:42.003,29.96133613586425,96.20481872558594,157.9264373779297,87.2727279663086,85.69999694824219,61.23046875,99.93489074707033,46.567508697509766,35.71179579496765,42028.0,36.50115966796875,30.29975891113281,29.102996826171875,27.7430419921875,42.34999942779541
1970-11-29 17:08:42.993,30.0164852142334,96.02409362792967,158.8134765625,87.2727279663086,85.79999542236328,61.23046875,99.93489074707033,46.515892028808594,36.7077932067435,42028.0,33.48207092285156,33.4820556640625,26.1383056640625,27.987838745117188,42.34999942779541
1970-11-29 17:08:43.995,30.0164852142334,96.02409362792967,158.8134765625,87.2727279663086,85.79999542236328,61.23046875,99.93489074707033,46.515892028808594,36.7077932067435,42028.0,33.48207092285156,33.4820556640625,26.1383056640625,27.987838745117188,42.34999942779541
1970-11-29 17:08:44.992,30.20475578308105,95.84337615966795,157.96712493896484,87.2727279663086,85.39999389648438,61.23046875,99.93489074707033,46.4922981262207,36.643412969860876,42028.0,37.96990966796875,30.87094116210937,27.307861328125,22.68402099609375,42.34999942779541
1970-11-29 17:08:46.001,30.161319732666016,95.78313446044922,158.97623443603516,87.2727279663086,86.0,61.23046875,99.93489074707033,46.448089599609375,37.280143864455674,42028.0,40.744232177734375,27.987838745117188,26.46469116210937,27.552642822265625,42.34999942779541
1970-11-29 17:08:47.005,30.116125106811523,96.08433532714844,157.73111724853516,87.2727279663086,85.9000015258789,61.23046875,99.93489074707033,46.39689636230469,35.624389666489606,42028.0,36.473968505859375,30.5445556640625,29.701385498046875,28.042236328125,42.34999942779541
1970-11-29 17:08:47.991,30.116125106811523,96.08433532714844,157.73111724853516,87.2727279663086,85.9000015258789,61.23046875,99.93489074707033,46.39689636230469,35.624389666489606,42028.0,36.473968505859375,30.5445556640625,29.701385498046875,28.042236328125,42.34999942779541
1970-11-29 17:08:48.990,30.118518829345703,95.96385192871094,158.10546875,87.3484878540039,85.19999694824219,61.23046875,99.93489074707033,46.38165664672852,37.51455438104443,42028.0,38.1875,30.46295166015625,28.93980407714844,25.5399169921875,42.34999942779541
1970-11-29 17:08:50.005,30.032262802124023,96.02409362792967,157.4625701904297,87.2727279663086,85.69999694824219,61.23046875,99.93489074707033,46.35095977783203,36.43586688433656,42028.0,36.36517333984375,29.918975830078125,24.85995483398437,29.42938232421875,42.34999942779541
1970-11-29 17:08:51.000,30.032262802124023,96.02409362792967,157.4625701904297,87.2727279663086,85.69999694824219,61.23046875,99.93489074707033,46.35095977783203,36.43586688433656,42028.0,36.36517333984375,29.918975830078125,24.85995483398437,29.42938232421875,42.34999942779541
1970-11-29 17:08:52.994,29.79173851013184,96.02409362792967,157.77994537353516,87.2727279663086,85.69999694824219,61.23046875,99.93489074707033,46.25600814819336,35.3319270952609,42028.0,36.392364501953125,29.8101806640625,26.73667907714844,30.789337158203125,42.34999942779541
1970-11-29 17:08:52.000,29.8571834564209,96.08433532714844,159.04947662353516,87.2727279663086,86.0999984741211,61.23046875,99.93489074707033,46.30131912231445,34.739777905159286,42028.0,36.50115966796875,28.93980407714844,27.770248413085938,27.851837158203125,42.34999942779541
1970-11-29 17:08:54.005,29.79173851013184,96.02409362792967,157.77994537353516,87.2727279663086,85.69999694824219,61.23046875,99.93489074707033,46.25600814819336,35.3319270952609,42028.0,36.392364501953125,29.8101806640625,26.73667907714844,30.789337158203125,42.34999942779541
1970-11-29 17:08:55.004,29.80012321472168,95.90361785888672,159.130859375,87.2727279663086,86.19999694824219,61.23046875,99.93489074707033,46.188236236572266,36.574858163933634,42028.0,33.86285400390625,32.992462158203125,26.73667907714844,29.048614501953125,42.34999942779541
1970-11-29 17:08:55.995,29.727441787719727,95.96385192871094,159.00064849853516,87.2727279663086,86.69999694824219,61.23046875,99.93489074707033,46.13670349121094,35.31201038179705,42028.0,34.624420166015625,31.714111328125,28.06942749023437,29.320587158203125,42.34999942779541
1970-11-29 17:08:57.004,29.727441787719727,95.96385192871094,159.00064849853516,87.2727279663086,86.69999694824219,61.23046875,99.93489074707033,46.13670349121094,35.31201038179705,42028.0,34.624420166015625,31.714111328125,28.06942749023437,29.320587158203125,42.34999942779541
1970-11-29 17:08:58.002,29.71019744873047,96.08433532714844,158.77278900146484,87.3484878540039,86.0,61.23046875,99.93489074707033,46.11040115356445,37.341569138520995,42028.0,32.39410400390625,31.33331298828125,28.232635498046875,31.36053466796875,42.34999942779541
1970-11-29 17:08:58.990,29.82662773132324,96.08433532714844,159.1796875,87.3484878540039,85.5999984741211,61.23046875,99.93489074707033,46.05741882324219,38.003614460219744,42028.0,33.645263671875,33.86283874511719,28.395828247070312,31.87730407714844,42.34999942779541
1970-11-29 17:08:59.990,29.82662773132324,96.08433532714844,159.1796875,87.3484878540039,85.5999984741211,61.23046875,99.93489074707033,46.05741882324219,38.003614460219744,42028.0,33.645263671875,33.86283874511719,28.395828247070312,31.87730407714844,42.34999942779541
1970-11-29 17:09:00.991,30.13092613220215,95.90361785888672,159.17969512939453,87.2727279663086,85.5999984741211,61.23046875,99.93851470947266,46.01368713378906,37.79891706694119,42028.0,35.739593505859375,31.2789306640625,29.510986328125,27.44384765625,42.34999942779541
1970-11-29 17:09:02.003,30.16332244873047,96.02409362792967,158.8053436279297,87.2727279663086,85.9000015258789,61.23046875,99.93851470947266,45.98360443115234,34.61699093502146,42028.0,35.848388671875,28.586212158203125,30.02777099609375,27.82464599609375,42.34999942779541
1970-11-29 17:09:02.992,30.16332244873047,96.02409362792967,158.8053436279297,87.2727279663086,85.9000015258789,61.23046875,99.93851470947266,45.98360443115234,34.61699093502146,42028.0,35.848388671875,28.586212158203125,30.02777099609375,27.82464599609375,42.34999942779541
1970-11-29 17:09:03.995,30.27506446838379,96.08433532714844,159.3505859375,87.2727279663086,85.79999542236328,61.23046875,99.93489074707033,45.91468811035156,36.5727994834955,42028.0,36.44677734375,29.701385498046875,30.62615966796875,27.93344116210937,42.34999942779541
1970-11-29 17:09:04.993,30.444141387939453,95.90361785888672,156.7138671875,87.3484878540039,85.0,61.23046875,99.93489074707033,45.8623046875,36.036625384409405,42028.0,34.787628173828125,30.6805419921875,24.642364501953125,22.167236328125,42.34999942779541
1970-11-29 17:09:05.991,30.444141387939453,95.90361785888672,156.7138671875,87.3484878540039,85.0,61.23046875,99.93489074707033,45.8623046875,36.036625384409405,42028.0,34.787628173828125,30.6805419921875,24.642364501953125,22.167236328125,42.34999942779541
1970-11-29 17:09:07.002,30.51582336425781,95.96385192871094,157.77994537353516,87.2727279663086,85.0,61.23046875,99.93489074707033,45.83465194702149,35.95816509449294,42028.0,33.72686767578125,31.19732666015625,30.653350830078125,23.85357666015625,42.34999942779541
1970-11-29 17:09:07.992,30.34050178527832,96.1445770263672,157.77994537353516,87.2727279663086,85.79999542236328,61.23046875,99.93489074707033,45.802833557128906,35.478052683316655,42028.0,36.93634033203125,27.8790283203125,23.581588745117188,28.776611328125,42.34999942779541
1970-11-29 17:09:08.991,30.34050178527832,96.1445770263672,157.77994537353516,87.2727279663086,85.79999542236328,61.23046875,99.93489074707033,45.802833557128906,35.478052683316655,42028.0,36.93634033203125,27.8790283203125,23.581588745117188,28.776611328125,42.34999942779541
1970-11-29 17:09:09.995,30.259828567504883,96.02409362792967,157.99967193603516,87.2727279663086,85.39999389648438,61.23046875,99.93489074707033,45.72355651855469,35.149367359886135,42028.0,35.46759033203125,29.13018798828125,29.64697265625,27.96063232421875,42.34999942779541
1970-11-29 17:09:11.005,30.195676803588867,95.84337615966795,157.79622650146484,87.2727279663086,86.0,61.23046875,99.93851470947266,45.69203567504883,34.08336951182129,42028.0,34.379638671875,32.66607666015625,27.19906616210937,25.02313232421875,42.34999942779541
1970-11-29 17:09:11.994,30.195676803588867,95.84337615966795,157.79622650146484,87.2727279663086,86.0,61.23046875,99.93851470947266,45.69203567504883,34.08336951182129,42028.0,34.379638671875,32.66607666015625,27.19906616210937,25.02313232421875,42.34999942779541
1970-11-29 17:09:12.990,29.99174690246582,95.84337615966795,156.9010467529297,87.3484878540039,86.0999984741211,61.23046875,99.93851470947266,45.67009735107422,36.144362427789375,42028.0,38.051513671875,30.435760498046875,25.26792907714844,24.0711669921875,42.34999942779541
1970-11-29 17:09:13.994,29.70433807373047,96.20481872558594,157.8938751220703,87.3484878540039,85.9000015258789,61.23046875,99.93489074707033,45.61875534057617,36.50974005543217,42028.0,33.835662841796875,30.16375732421875,26.49188232421875,29.483795166015625,42.34999942779541
1970-11-29 17:09:15.991,29.57941436767578,96.08433532714844,158.78091430664062,87.2727279663086,86.69999694824219,61.23046875,99.93489074707033,45.54985427856445,35.5405858036287,42028.0,33.42767333984375,31.904510498046875,31.686920166015625,26.60067749023437,42.34999942779541
1970-11-29 17:09:15.000,29.70433807373047,96.20481872558594,157.8938751220703,87.3484878540039,85.9000015258789,61.23046875,99.93489074707033,45.61875534057617,36.50974005543217,42028.0,33.835662841796875,30.16375732421875,26.49188232421875,29.483795166015625,42.34999942779541
1970-11-29 17:09:16.993,29.61956214904785,95.96385192871094,158.41471099853516,87.2727279663086,86.0999984741211,61.23046875,99.93489074707033,45.52487564086914,35.34965881330123,42028.0,36.66436767578125,32.39408874511719,30.08216857910156,26.083892822265625,42.34999942779541
1970-11-29 17:09:17.991,29.61956214904785,95.96385192871094,158.41471099853516,87.2727279663086,86.0999984741211,61.23046875,99.93489074707033,45.52487564086914,35.34965881330123,42028.0,36.66436767578125,32.39408874511719,30.08216857910156,26.083892822265625,42.34999942779541
1970-11-29 17:09:19.005,29.57359504699707,95.96385192871094,158.0647735595703,87.2727279663086,86.19999694824219,61.23046875,99.93851470947266,45.47225189208984,35.72975994127344,42028.0,34.95082092285156,31.49652099609375,26.49188232421875,29.29339599609375,42.34999942779541
1970-11-29 17:09:19.993,29.63818550109864,95.96385192871094,158.2112579345703,87.3484878540039,86.79999542236328,61.23046875,99.93489074707033,45.42000961303711,35.89983927480275,42028.0,31.986114501953125,32.39408874511719,30.02777099609375,28.61341857910156,42.34999942779541
1970-11-29 17:09:20.990,29.63818550109864,95.96385192871094,158.2112579345703,87.3484878540039,86.79999542236328,61.23046875,99.93489074707033,45.42000961303711,35.89983927480275,42028.0,31.986114501953125,32.39408874511719,30.02777099609375,28.61341857910156,42.34999942779541
1970-11-29 17:09:21.993,29.87375831604004,95.96385192871094,158.61002349853516,87.3484878540039,86.29999542236328,61.23046875,99.93489074707033,45.39620208740234,35.635389169244434,42028.0,34.6788330078125,31.74130249023437,30.62615966796875,27.0086669921875,42.34999942779541
1970-11-29 17:09:23.990,30.171262741088867,96.02409362792967,157.74739837646484,87.2727279663086,85.69999694824219,61.23046875,99.93489074707033,45.34020614624024,37.07808732737147,42028.0,37.453125,31.2789306640625,30.08216857910156,24.696746826171875,42.34999942779541
1970-11-29 17:09:23.000,30.171262741088867,96.02409362792967,157.74739837646484,87.2727279663086,85.69999694824219,61.23046875,99.93489074707033,45.34020614624024,37.07808732737147,42028.0,37.453125,31.2789306640625,30.08216857910156,24.696746826171875,42.34999942779541
1970-11-29 17:09:24.991,30.19875717163086,96.02409362792967,157.88574981689453,87.2727279663086,86.29999542236328,61.23046875,99.93489074707033,45.27886199951172,34.33094707041299,42028.0,35.848388671875,29.619781494140625,27.22625732421875,25.104736328125,42.34999942779541
1970-11-29 17:09:25.995,30.21364974975586,96.1445770263672,157.91829681396484,87.2727279663086,86.19999694824219,61.23046875,99.93489074707033,45.26018524169922,34.51357121997614,42028.0,38.078704833984375,28.83100891113281,27.44384765625,27.307861328125,42.34999942779541
1970-11-29 17:09:26.994,30.21364974975586,96.1445770263672,157.91829681396484,87.2727279663086,86.19999694824219,61.23046875,99.93489074707033,45.26018524169922,34.51357121997614,42028.0,38.078704833984375,28.83100891113281,27.44384765625,27.307861328125,42.34999942779541
1970-11-29 17:09:27.990,30.27618408203125,95.96385192871094,158.0729217529297,87.3484878540039,85.5999984741211,61.23046875,99.93489074707033,45.2024040222168,35.088130613150014,42028.0,36.36517333984375,30.707733154296875,28.61341857910156,27.579864501953125,42.32499980926514
1970-11-29 17:09:28.992,30.25595474243164,95.84337615966795,158.1787109375,87.2727279663086,86.0999984741211,61.23046875,99.93851470947266,45.14823913574219,35.9496367420853,42028.0,36.582763671875,31.03413391113281,27.987838745117188,25.15913391113281,42.34999942779541
1970-11-29 17:09:30.002,30.02823638916016,96.08433532714844,158.0485076904297,87.2727279663086,86.0999984741211,61.23046875,99.93851470947266,45.090476989746094,35.967465695561906,42028.0,39.520263671875,31.088531494140625,25.75750732421875,30.517364501953125,42.34999942779541
1970-11-29 17:09:30.990,30.02823638916016,96.08433532714844,158.0485076904297,87.2727279663086,86.0999984741211,61.23046875,99.93851470947266,45.090476989746094,35.967465695561906,42028.0,39.520263671875,31.088531494140625,25.75750732421875,30.517364501953125,42.34999942779541
1970-11-29 17:09:32.004,29.921607971191406,96.08433532714844,157.64974212646484,87.2727279663086,85.9000015258789,61.23046875,99.93489074707033,45.05492782592773,35.08298688003345,42028.0,38.62269592285156,31.2789306640625,25.24072265625,25.376739501953125,42.34999942779541
1970-11-29 17:09:32.991,29.921607971191406,96.08433532714844,157.64974212646484,87.2727279663086,85.9000015258789,61.23046875,99.93489074707033,45.05492782592773,35.08298688003345,42028.0,38.62269592285156,31.2789306640625,25.24072265625,25.376739501953125,42.34999942779541
1970-11-29 17:09:33.994,29.882644653320312,95.96385192871094,157.8043670654297,87.2727279663086,85.29999542236328,61.23046875,99.93851470947266,45.00365447998047,37.662647461765765,42028.0,35.71240234375,32.66607666015625,24.696746826171875,30.84375,42.34999942779541
1970-11-29 17:09:34.993,29.83541488647461,95.90361785888672,157.95084381103516,87.2727279663086,86.29999542236328,61.23046875,99.93489074707033,44.96858596801758,36.22160071856211,42028.0,37.48033142089844,31.79571533203125,24.370361328125,29.29339599609375,42.34999942779541
1970-11-29 17:09:35.993,29.83541488647461,95.90361785888672,157.95084381103516,87.2727279663086,86.29999542236328,61.23046875,99.93489074707033,44.96858596801758,36.22160071856211,42028.0,37.48033142089844,31.79571533203125,24.370361328125,29.29339599609375,42.34999942779541
1970-11-29 17:09:37.004,29.72334098815918,96.02409362792967,158.349609375,87.2727279663086,86.4000015258789,61.23046875,99.93489074707033,44.91592788696289,36.086437201797715,42028.0,36.1475830078125,30.571746826171875,26.247100830078125,30.16375732421875,42.34999942779541
1970-11-29 17:09:37.992,29.79476547241211,95.96385192871094,158.0403594970703,87.2727279663086,86.5,61.23046875,99.93489074707033,44.86464691162109,34.62050550033871,42028.0,35.821197509765625,31.11572265625,27.987838745117188,27.09027099609375,42.34999942779541
1970-11-29 17:09:38.990,29.79476547241211,95.96385192871094,158.0403594970703,87.2727279663086,86.5,61.23046875,99.93489074707033,44.86464691162109,34.62050550033871,42028.0,35.821197509765625,31.11572265625,27.987838745117188,27.09027099609375,42.34999942779541
1970-11-29 17:09:39.994,30.0812931060791,96.02409362792967,158.544921875,87.2727279663086,86.0,61.23046875,99.93489074707033,44.82750701904297,34.481759575217225,42028.0,32.883697509765625,33.4820556640625,26.111114501953125,28.015045166015625,42.32499980926514
1970-11-29 17:09:40.990,30.076784133911133,96.20481872558594,158.3821563720703,87.2727279663086,86.5999984741211,61.23046875,99.93489074707033,44.74868774414063,35.45393809091403,42028.0,36.2835693359375,32.80206298828125,28.55902099609375,29.320587158203125,42.34999942779541
1970-11-29 17:09:42.004,30.076784133911133,96.20481872558594,158.3821563720703,87.2727279663086,86.5999984741211,61.23046875,99.93489074707033,44.74868774414063,35.45393809091403,42028.0,36.2835693359375,32.80206298828125,28.55902099609375,29.320587158203125,42.34999942779541
1970-11-29 17:09:42.993,30.05987548828125,96.02409362792967,158.17871856689453,87.2727279663086,86.5,61.23046875,99.93489074707033,44.69921112060547,35.015651364159666,42028.0,33.536468505859375,31.76850891113281,27.82464599609375,29.918975830078125,42.32499980926514
1970-11-29 17:09:44.004,30.16313362121582,95.72289276123048,158.40657806396484,87.2727279663086,85.69999694824219,61.23046875,99.93851470947266,44.67275238037109,36.64092523609682,42028.0,34.95082092285156,32.856475830078125,30.517364501953125,26.029510498046875,42.34999942779541
1970-11-29 17:09:44.993,30.16313362121582,95.72289276123048,158.40657806396484,87.2727279663086,85.69999694824219,61.23046875,99.93851470947266,44.67275238037109,36.64092523609682,42028.0,34.95082092285156,32.856475830078125,30.517364501953125,26.029510498046875,42.34999942779541
1970-11-29 17:09:46.002,30.22555923461914,95.90361785888672,157.7311248779297,87.2727279663086,85.9000015258789,61.23046875,99.93851470947266,44.6122932434082,35.9034266517018,42028.0,35.79399108886719,32.80206298828125,27.44384765625,25.97509765625,42.32499980926514
1970-11-29 17:09:46.994,30.04513931274414,96.26506042480467,158.04036712646484,87.2727279663086,86.4000015258789,61.23046875,99.93851470947266,44.56288528442383,35.61025008021048,42028.0,34.6788330078125,32.3125,29.42938232421875,26.1383056640625,42.34999942779541
1970-11-29 17:09:47.991,29.98789405822754,96.08433532714844,157.20214080810547,87.2727279663086,85.5999984741211,61.23046875,99.93851470947266,44.541770935058594,35.723934288719846,42028.0,38.024322509765625,27.035858154296875,28.20542907714844,24.42475891113281,42.32499980926514
1970-11-29 17:09:48.991,29.98789405822754,96.08433532714844,157.20214080810547,87.2727279663086,85.5999984741211,61.23046875,99.93851470947266,44.541770935058594,35.723934288719846,42028.0,38.024322509765625,27.035858154296875,28.20542907714844,24.42475891113281,42.32499980926514
1970-11-29 17:09:49.990,30.038503646850582,95.78313446044922,156.4697265625,87.2727279663086,85.69999694824219,61.23046875,99.93489074707033,44.49953842163086,36.05971606647277,42028.0,36.609954833984375,28.504608154296875,27.52545166015625,21.405670166015625,42.34999942779541
1970-11-29 17:09:51.002,30.028886795043945,95.90361785888672,156.94986724853516,87.3484878540039,85.69999694824219,61.23046875,99.93851470947266,44.45405578613281,35.22913848226459,42028.0,35.821197509765625,28.640625,28.504623413085938,24.914337158203125,42.34999942779541
1970-11-29 17:09:51.991,30.028886795043945,95.90361785888672,156.94986724853516,87.3484878540039,85.69999694824219,61.23046875,99.93851470947266,44.45405578613281,35.22913848226459,42028.0,35.821197509765625,28.640625,28.504623413085938,24.914337158203125,42.34999942779541
1970-11-29 17:09:53.003,29.898351669311523,96.1445770263672,156.3802032470703,87.3484878540039,86.0999984741211,61.23046875,99.93489074707033,44.42884826660156,35.67195086654222,42028.0,36.74595642089844,30.925338745117188,24.01678466796875,25.512725830078125,42.34999942779541
1970-11-29 17:09:53.991,29.898351669311523,96.1445770263672,156.3802032470703,87.3484878540039,86.0999984741211,61.23046875,99.93489074707033,44.42884826660156,35.67195086654222,42028.0,36.74595642089844,30.925338745117188,24.01678466796875,25.512725830078125,42.34999942779541
1970-11-29 17:09:54.995,29.89327812194824,95.96385192871094,157.7392578125,87.2727279663086,86.9000015258789,61.23046875,99.93489074707033,44.386451721191406,34.276523483178096,42028.0,35.086822509765625,25.839111328125,28.640625,29.973373413085938,42.32499980926514
1970-11-29 17:09:55.991,29.993350982666016,95.96385192871094,157.14517974853516,87.2727279663086,86.29999542236328,61.23046875,99.93851470947266,44.34405517578125,34.540924941021245,42028.0,34.053253173828125,29.56538391113281,26.247100830078125,24.914337158203125,42.32499980926514
1970-11-29 17:09:57.001,29.993350982666016,95.96385192871094,157.14517974853516,87.2727279663086,86.29999542236328,61.23046875,99.93851470947266,44.34405517578125,34.540924941021245,42028.0,34.053253173828125,29.56538391113281,26.247100830078125,24.914337158203125,42.32499980926514
1970-11-29 17:09:57.990,29.931489944458008,95.90361785888672,157.02310943603516,87.2727279663086,86.0999984741211,61.23046875,99.93851470947266,44.32286071777344,35.469113355166385,42028.0,36.827545166015625,29.53817749023437,26.73667907714844,24.99594116210937,42.32499980926514
1970-11-29 17:09:58.991,29.873897552490234,96.08433532714844,156.4697265625,87.2727279663086,85.9000015258789,61.23046875,99.93851470947266,44.276397705078125,35.06008698724586,42028.0,35.19561767578125,26.845474243164062,22.439239501953125,30.6805419921875,42.32499980926514
1970-11-29 17:09:59.994,29.873897552490234,96.08433532714844,156.4697265625,87.2727279663086,85.9000015258789,61.23046875,99.93851470947266,44.276397705078125,35.06008698724586,42028.0,35.19561767578125,26.845474243164062,22.439239501953125,30.6805419921875,42.32499980926514
1970-11-29 17:10:00.994,29.98936653137207,96.02409362792967,156.43717193603516,87.3484878540039,85.5,61.23046875,99.93851470947266,44.23311233520508,35.35062330404409,42028.0,30.46298217773437,29.13018798828125,26.165496826171875,27.253463745117188,42.34999942779541
1970-11-29 17:10:01.993,30.153079986572266,96.08433532714844,157.28353118896484,87.3484878540039,86.79999542236328,61.23046875,99.93851470947266,44.20209503173828,34.53703022184089,42028.0,33.12847900390625,31.387725830078125,24.615142822265625,26.192703247070312,42.32499980926514
1970-11-29 17:10:02.993,30.065841674804688,95.90361785888672,158.17870330810547,87.2727279663086,85.69999694824219,61.23046875,99.93851470947266,44.15937423706055,33.903502470316866,42028.0,33.2100830078125,28.967010498046875,24.778350830078125,27.035873413085938,42.32499980926514
1970-11-29 17:10:03.992,30.065841674804688,95.90361785888672,158.17870330810547,87.2727279663086,85.69999694824219,61.23046875,99.93851470947266,44.15937423706055,33.903502470316866,42028.0,33.2100830078125,28.967010498046875,24.778350830078125,27.035873413085938,42.32499980926514
1970-11-29 17:10:04.991,29.9995346069336,95.96385192871094,159.09830474853516,87.2727279663086,86.5999984741211,61.23046875,99.93851470947266,44.11259460449219,36.05025216811681,42028.0,38.1875,30.5445556640625,24.098373413085938,29.26620483398437,42.32499980926514
1970-11-29 17:10:05.991,29.9995346069336,95.96385192871094,159.09830474853516,87.2727279663086,86.5999984741211,61.23046875,99.93851470947266,44.11259460449219,36.05025216811681,42028.0,38.1875,30.5445556640625,24.098373413085938,29.26620483398437,42.32499980926514
1970-11-29 17:10:06.992,30.05637550354004,96.08433532714844,160.5712890625,87.2727279663086,86.69999694824219,61.23046875,99.93851470947266,44.08794021606445,33.42483673735009,42028.0,34.29803466796875,28.3414306640625,27.579864501953125,29.53817749023437,42.32499980926514
1970-11-29 17:10:07.994,30.038726806640625,96.02409362792967,160.76660919189453,87.2727279663086,86.0999984741211,61.23046875,99.93851470947266,44.03524398803711,35.2725991025176,42028.0,35.440399169921875,32.50288391113281,26.573486328125,27.579864501953125,42.32499980926514
1970-11-29 17:10:08.992,29.86111831665039,95.96385192871094,161.81641387939453,87.2727279663086,87.30000305175781,61.23046875,99.93851470947266,43.97989654541016,34.541397176999794,42028.0,36.71875,35.65797424316406,30.16375732421875,23.55438232421875,42.32499980926514
1970-11-29 17:10:09.991,29.86111831665039,95.96385192871094,161.81641387939453,87.2727279663086,87.30000305175781,61.23046875,99.93851470947266,43.97989654541016,34.541397176999794,42028.0,36.71875,35.65797424316406,30.16375732421875,23.55438232421875,42.32499980926514
1970-11-29 17:10:11.003,29.78287124633789,96.02409362792967,162.34537506103516,87.2727279663086,86.69999694824219,61.23046875,99.93851470947266,43.95821380615234,35.868934104960154,42028.0,36.41957092285156,33.83563232421875,27.661453247070312,25.431121826171875,42.32499980926514
1970-11-29 17:10:11.993,29.8501091003418,96.08433532714844,163.98926544189453,87.2727279663086,86.29999542236328,61.23046875,99.93851470947266,43.89360809326172,36.841551601036,42028.0,37.725128173828125,32.421295166015625,30.925338745117188,26.65509033203125,42.32499980926514
1970-11-29 17:10:12.993,29.8501091003418,96.08433532714844,163.98926544189453,87.2727279663086,86.29999542236328,61.23046875,99.93851470947266,43.89360809326172,36.841551601036,42028.0,37.725128173828125,32.421295166015625,30.925338745117188,26.65509033203125,42.32499980926514
1970-11-29 17:10:13.992,29.797483444213867,96.02409362792967,164.8193359375,87.2727279663086,86.4000015258789,61.23046875,99.93851470947266,43.8366584777832,36.49459256200511,42028.0,38.296295166015625,32.82926940917969,30.73495483398437,27.14466857910156,42.32499980926514
1970-11-29 17:10:14.991,29.797483444213867,96.02409362792967,164.8193359375,87.2727279663086,86.4000015258789,61.23046875,99.93851470947266,43.8366584777832,36.49459256200511,42028.0,38.296295166015625,32.82926940917969,30.73495483398437,27.14466857910156,42.32499980926514
1970-11-29 17:10:15.993,29.79337501525879,95.84337615966795,163.88346099853516,87.2727279663086,85.9000015258789,61.23046875,99.93851470947266,43.80403137207031,37.14816947603277,42028.0,39.16668701171875,34.70600891113281,25.48553466796875,26.383087158203125,42.32499980926514
1970-11-29 17:10:16.993,29.936738967895508,95.90361785888672,165.29947662353516,87.2727279663086,86.29999542236328,61.23046875,99.93851470947266,43.73843383789063,36.05996773719403,42028.0,39.05787658691406,28.12384033203125,28.287017822265625,28.17822265625,42.32499980926514
1970-11-29 17:10:18.003,29.936738967895508,95.90361785888672,165.29947662353516,87.2727279663086,86.29999542236328,61.23046875,99.93851470947266,43.73843383789063,36.05996773719403,42028.0,39.05787658691406,28.12384033203125,28.287017822265625,28.17822265625,42.32499980926514
1970-11-29 17:10:19.003,30.18463706970215,96.08433532714844,165.36458587646484,87.3484878540039,85.9000015258789,61.23046875,99.93851470947266,43.68376541137695,36.43220780612587,42028.0,38.4866943359375,26.682281494140625,26.62788391113281,26.981475830078125,42.32499980926514
1970-11-29 17:10:19.992,30.16123962402344,96.02409362792967,163.90787506103516,87.2727279663086,86.29999542236328,61.23046875,99.93489074707033,43.62727737426758,37.312128695715515,42028.0,34.46124267578125,29.918975830078125,29.34779357910156,28.20542907714844,42.32499980926514
1970-11-29 17:10:21.002,30.16123962402344,96.02409362792967,163.90787506103516,87.2727279663086,86.29999542236328,61.23046875,99.93489074707033,43.62727737426758,37.312128695715515,42028.0,34.46124267578125,29.918975830078125,29.34779357910156,28.20542907714844,42.32499980926514
1970-11-29 17:10:22.002,30.14549446105957,95.96385192871094,164.2333984375,87.2727279663086,86.0999984741211,61.23046875,99.93489074707033,43.60056686401367,37.70545477576256,42028.0,35.25,32.93806457519531,29.973373413085938,27.634246826171875,42.32499980926514
1970-11-29 17:10:22.993,30.16277885437012,95.96385192871094,163.72884368896484,87.2727279663086,85.69999694824219,61.23046875,99.93489074707033,43.539642333984375,35.6010765915203,42028.0,36.473968505859375,31.19732666015625,23.907989501953125,30.00057983398437,42.32499980926514
1970-11-29 17:10:24.002,30.129613876342773,95.96385192871094,162.36165618896484,87.2727279663086,86.0,61.23046875,99.93489074707033,43.51189041137695,36.9350732863633,42028.0,33.890045166015625,30.190963745117188,25.784713745117188,21.56884765625,42.32499980926514
1970-11-29 17:10:24.990,30.129613876342773,95.96385192871094,162.36165618896484,87.2727279663086,86.0,61.23046875,99.93489074707033,43.51189041137695,36.9350732863633,42028.0,33.890045166015625,30.190963745117188,25.784713745117188,21.56884765625,42.32499980926514
1970-11-29 17:10:25.994,29.93705940246582,96.02409362792967,163.3056640625,87.2727279663086,85.5,61.23046875,99.93489074707033,43.44562530517578,38.2754947058231,42028.0,32.82928466796875,31.224517822265625,27.280670166015625,26.95428466796875,42.32499980926514
1970-11-29 17:10:26.992,29.86383628845215,96.08433532714844,162.39420318603516,87.2727279663086,85.5,61.23046875,99.93489074707033,43.39689636230469,37.4106747091172,42028.0,33.29168701171875,28.287017822265625,24.01678466796875,25.839111328125,42.32499980926514
1970-11-29 17:10:27.993,29.86383628845215,96.08433532714844,162.39420318603516,87.2727279663086,85.5,61.23046875,99.93489074707033,43.39689636230469,37.4106747091172,42028.0,33.29168701171875,28.287017822265625,24.01678466796875,25.839111328125,42.32499980926514
1970-11-29 17:10:28.991,29.93366241455078,96.02409362792967,161.62110137939453,87.2727279663086,84.79999542236328,61.23046875,99.93851470947266,43.36883163452149,37.683085869250775,42028.0,32.96528625488281,26.62788391113281,22.6024169921875,27.416656494140625,42.32499980926514
1970-11-29 17:10:29.990,29.888784408569336,95.96385192871094,162.67089080810547,87.2727279663086,85.29999542236328,61.23046875,99.93489074707033,43.31501007080078,37.22335794949066,42028.0,31.414947509765625,28.232635498046875,26.029510498046875,26.35589599609375,42.32499980926514
1970-11-29 17:10:30.995,29.888784408569336,95.96385192871094,162.67089080810547,87.2727279663086,85.29999542236328,61.23046875,99.93489074707033,43.31501007080078,37.22335794949066,42028.0,31.414947509765625,28.232635498046875,26.029510498046875,26.35589599609375,42.32499980926514
1970-11-29 17:10:32.001,29.84146308898925,95.96385192871094,161.75130462646484,87.3484878540039,84.69999694824219,61.23046875,99.93851470947266,43.26675796508789,37.79427850309364,42028.0,33.400482177734375,30.979736328125,23.2008056640625,25.73031616210937,42.32499980926514
1970-11-29 17:10:33.003,29.898113250732425,96.1445770263672,162.21517944335938,87.2727279663086,85.69999694824219,61.23046875,99.93851470947266,43.24424362182617,34.943650558824615,42028.0,34.76043701171875,29.238983154296875,25.431121826171875,23.66317749023437,42.32499980926514
1970-11-29 17:10:34.004,29.898113250732425,96.1445770263672,162.21517944335938,87.2727279663086,85.69999694824219,61.23046875,99.93851470947266,43.24424362182617,34.943650558824615,42028.0,34.76043701171875,29.238983154296875,25.431121826171875,23.66317749023437,42.32499980926514
1970-11-29 17:10:34.993,30.03162956237793,95.96385192871094,163.5416717529297,87.2727279663086,85.9000015258789,61.23046875,99.93851470947266,43.19841766357422,35.6886236542982,42028.0,34.29803466796875,31.469314575195312,29.619781494140625,26.70947265625,42.32499980926514
1970-11-29 17:10:35.994,29.965652465820312,95.84337615966795,163.2975311279297,87.2727279663086,86.0999984741211,61.23046875,99.93489074707033,43.13704299926758,35.49933229929897,42028.0,34.8148193359375,29.59259033203125,27.307861328125,24.99594116210937,42.32499980926514
1970-11-29 17:10:36.994,29.965652465820312,95.84337615966795,163.2975311279297,87.2727279663086,86.0999984741211,61.23046875,99.93489074707033,43.13704299926758,35.49933229929897,42028.0,34.8148193359375,29.59259033203125,27.307861328125,24.99594116210937,42.32499980926514
1970-11-29 17:10:37.991,29.94931411743164,95.96385192871094,164.49381256103516,87.2727279663086,86.29999542236328,61.23046875,99.93851470947266,43.111122131347656,35.56640915915141,42028.0,36.50115966796875,31.85009765625,32.06770324707031,24.20716857910156,42.32499980926514
1970-11-29 17:10:39.003,29.94931411743164,95.96385192871094,164.49381256103516,87.2727279663086,86.29999542236328,61.23046875,99.93851470947266,43.111122131347656,35.56640915915141,42028.0,36.50115966796875,31.85009765625,32.06770324707031,24.20716857910156,42.32499980926514
1970-11-29 17:10:39.991,30.058794021606445,96.1445770263672,164.09505462646484,87.2727279663086,86.29999542236328,61.23046875,99.93489074707033,43.05917739868164,36.17238478590485,42028.0,38.40509033203125,32.72047424316406,29.15740966796875,27.416656494140625,42.32499980926514
1970-11-29 17:10:41.003,30.098360061645508,95.90361785888672,164.04622650146484,87.3484878540039,86.69999694824219,61.23046875,99.93851470947266,43.00470352172852,36.465640727572115,42028.0,36.74595642089844,29.755767822265625,27.634246826171875,31.46932983398437,42.32499980926514
1970-11-29 17:10:41.995,30.098360061645508,95.90361785888672,164.04622650146484,87.3484878540039,86.69999694824219,61.23046875,99.93851470947266,43.00470352172852,36.465640727572115,42028.0,36.74595642089844,29.755767822265625,27.634246826171875,31.46932983398437,42.32499980926514
1970-11-29 17:10:42.990,29.987937927246094,95.78313446044922,164.4694061279297,87.2727279663086,87.0,61.23046875,99.93851470947266,42.973731994628906,35.83962515446198,42028.0,34.21644592285156,33.26446533203125,31.11572265625,30.6805419921875,42.32499980926514
1970-11-29 17:10:43.990,29.991357803344727,96.02409362792967,163.037109375,87.2727279663086,87.19999694824219,61.23046875,99.93851470947266,42.92062377929688,35.35869828935935,42028.0,38.13311767578125,31.088531494140625,27.851837158203125,23.79917907714844,42.32499980926514
1970-11-29 17:10:44.994,29.991357803344727,96.02409362792967,163.037109375,87.2727279663086,87.19999694824219,61.23046875,99.93851470947266,42.92062377929688,35.35869828935935,42028.0,38.13311767578125,31.088531494140625,27.851837158203125,23.79917907714844,42.32499980926514
1970-11-29 17:10:45.991,30.0703239440918,96.20481872558594,162.109375,87.2727279663086,85.5,61.23046875,99.93851470947266,42.861602783203125,36.097720276730655,42028.0,38.84028625488281,30.29975891113281,27.171875,25.15913391113281,42.32499980926514
1970-11-29 17:10:46.994,29.98191261291504,96.08433532714844,162.9231719970703,87.2727279663086,86.19999694824219,61.23046875,99.93489074707033,42.83281707763672,36.95595189996512,42028.0,34.95082092285156,27.90625,29.238998413085938,31.306121826171875,42.32499980926514
1970-11-29 17:10:48.005,29.98191261291504,96.08433532714844,162.9231719970703,87.2727279663086,86.19999694824219,61.23046875,99.93489074707033,42.83281707763672,36.95595189996512,42028.0,34.95082092285156,27.90625,29.238998413085938,31.306121826171875,42.32499980926514
1970-11-29 17:10:48.992,29.90553855895996,95.84337615966795,162.98828125,87.2727279663086,86.0,61.23046875,99.93851470947266,42.777530670166016,37.59995497194835,42028.0,32.938079833984375,32.53009033203125,27.14466857910156,26.899871826171875,42.32499980926514
1970-11-29 17:10:50.003,29.91792297363281,95.84337615966795,162.05240631103516,87.2727279663086,85.9000015258789,61.23046875,99.93851470947266,42.71464920043945,37.451511984744236,42028.0,34.488433837890625,31.523712158203125,25.213531494140625,29.56538391113281,42.32499980926514
1970-11-29 17:10:51.001,29.91792297363281,95.84337615966795,162.05240631103516,87.2727279663086,85.9000015258789,61.23046875,99.93851470947266,42.71464920043945,37.451511984744236,42028.0,34.488433837890625,31.523712158203125,25.213531494140625,29.56538391113281,42.32499980926514
1970-11-29 17:10:51.995,30.023590087890625,96.1445770263672,162.8499298095703,87.3484878540039,86.0999984741211,61.23046875,99.93489074707033,42.6904411315918,34.75001969378327,42028.0,34.379638671875,29.320587158203125,25.24072265625,30.13656616210937,42.32499980926514
1970-11-29 17:10:52.995,29.94141387939453,96.08433532714844,161.28743743896484,87.2727279663086,85.69999694824219,61.23046875,99.93489074707033,42.63467025756836,36.739581233798816,42028.0,34.16204833984375,31.442108154296875,26.192703247070312,22.19442749023437,42.32499980926514
1970-11-29 17:10:53.993,29.95062255859375,95.84337615966795,162.4674530029297,87.2727279663086,86.29999542236328,61.23046875,99.93489074707033,42.57871627807617,34.85995015396028,42028.0,35.46759033203125,32.8836669921875,26.165496826171875,28.12384033203125,42.32499980926514
1970-11-29 17:10:54.994,29.95062255859375,95.84337615966795,162.4674530029297,87.2727279663086,86.29999542236328,61.23046875,99.93489074707033,42.57871627807617,34.85995015396028,42028.0,35.46759033203125,32.8836669921875,26.165496826171875,28.12384033203125,42.32499980926514
1970-11-29 17:10:55.992,30.065792083740234,96.02409362792967,161.61295318603516,87.2727279663086,85.5,61.23046875,99.93489074707033,42.55110549926758,35.86529125489893,42028.0,35.114013671875,32.910858154296875,28.20542907714844,19.80091857910156,42.32499980926514
1970-11-29 17:10:57.002,30.0643253326416,96.08433532714844,162.29654693603516,87.2727279663086,85.79999542236328,61.23046875,99.93489074707033,42.49166488647461,34.65013974743003,42028.0,34.923614501953125,28.85821533203125,23.255203247070312,26.70947265625,42.32499980926514
1970-11-29 17:10:58.002,30.0643253326416,96.08433532714844,162.29654693603516,87.2727279663086,85.79999542236328,61.23046875,99.93489074707033,42.49166488647461,34.65013974743003,42028.0,34.923614501953125,28.85821533203125,23.255203247070312,26.70947265625,42.32499980926514
1970-11-29 17:10:58.994,29.974288940429688,96.02409362792967,163.56607818603516,87.2727279663086,87.4000015258789,61.23046875,99.93489074707033,42.434417724609375,34.309962991149945,42028.0,35.03240966796875,33.12846374511719,29.184600830078125,29.0758056640625,42.32499980926514
1970-11-29 17:11:00.003,29.974288940429688,96.02409362792967,163.56607818603516,87.2727279663086,87.4000015258789,61.23046875,99.93489074707033,42.434417724609375,34.309962991149945,42028.0,35.03240966796875,33.12846374511719,29.184600830078125,29.0758056640625,42.32499980926514
1970-11-29 17:11:00.991,30.01367378234864,96.02409362792967,163.1591796875,87.2727279663086,87.4000015258789,61.23046875,99.93489074707033,42.4098014831543,33.304033240362784,42028.0,33.672454833984375,31.469314575195312,28.314239501953125,29.701385498046875,42.32499980926514
1970-11-29 17:11:02.004,30.14879608154297,96.02409362792967,163.32193756103516,87.2727279663086,86.79999542236328,61.23046875,99.93489074707033,42.360572814941406,34.72526579316101,42028.0,39.79225158691406,33.78125,30.16375732421875,22.140045166015625,42.32499980926514
1970-11-29 17:11:02.991,30.14879608154297,96.02409362792967,163.32193756103516,87.2727279663086,86.79999542236328,61.23046875,99.93489074707033,42.360572814941406,34.72526579316101,42028.0,39.79225158691406,33.78125,30.16375732421875,22.140045166015625,42.32499980926514
1970-11-29 17:11:03.993,30.105342864990234,95.90361785888672,162.5081329345703,87.2727279663086,86.29999542236328,61.23046875,99.93851470947266,42.31134033203125,35.641444842107795,42028.0,38.70428466796875,33.31884765625,27.770248413085938,28.722213745117188,42.32499980926514
1970-11-29 17:11:04.993,30.049129486083984,95.96385192871094,163.49283599853516,87.2727279663086,86.5999984741211,61.23046875,99.93489074707033,42.26211166381836,36.659559952719235,42028.0,38.1875,31.578125,30.952545166015625,26.41029357910156,42.32499980926514
1970-11-29 17:11:05.992,30.09631729125977,96.1445770263672,163.96484375,87.2727279663086,86.5,61.23046875,99.93851470947266,42.23749542236328,37.26807091743541,42028.0,38.024322509765625,34.624420166015625,31.523712158203125,29.89178466796875,42.32499980926514
1970-11-29 17:11:06.994,30.09631729125977,96.1445770263672,163.96484375,87.2727279663086,86.5,61.23046875,99.93851470947266,42.23749542236328,37.26807091743541,42028.0,38.024322509765625,34.624420166015625,31.523712158203125,29.89178466796875,42.32499980926514
1970-11-29 17:11:08.003,30.14436149597168,95.90361785888672,162.80110931396484,87.2727279663086,86.0999984741211,61.23046875,99.93489074707033,42.188262939453125,37.354522973360396,42028.0,38.73149108886719,33.26446533203125,29.102996826171875,27.09027099609375,42.32499980926514
1970-11-29 17:11:08.991,30.0112361907959,95.78313446044922,163.2649688720703,87.2727279663086,85.39999389648438,61.23046875,99.93489074707033,42.16365051269531,36.75544685761527,42029.0,34.570037841796875,30.29975891113281,29.320587158203125,31.822906494140625,42.32499980926514
1970-11-29 17:11:09.993,30.0112361907959,95.78313446044922,163.2649688720703,87.2727279663086,85.39999389648438,61.23046875,99.93489074707033,42.16365051269531,36.75544685761527,42029.0,34.570037841796875,30.29975891113281,29.320587158203125,31.822906494140625,42.32499980926514
1970-11-29 17:11:10.993,29.967670440673828,96.08433532714844,162.56510162353516,87.2727279663086,85.5999984741211,61.23046875,99.93489074707033,42.11441802978516,37.50338251327515,42029.0,33.50927734375,29.184600830078125,30.054962158203125,29.837371826171875,42.32499980926514
1970-11-29 17:11:11.993,29.99653434753418,96.08433532714844,162.8580780029297,87.2727279663086,86.4000015258789,61.23046875,99.93851470947266,42.057865142822266,37.30996451095049,42029.0,35.16841125488281,28.776611328125,30.46295166015625,31.60531616210937,42.32499980926514
1970-11-29 17:11:12.995,29.99653434753418,96.08433532714844,162.8580780029297,87.2727279663086,86.4000015258789,61.23046875,99.93851470947266,42.057865142822266,37.30996451095049,42029.0,35.16841125488281,28.776611328125,30.46295166015625,31.60531616210937,42.32499980926514
1970-11-29 17:11:14.004,29.95117950439453,95.96385192871094,162.646484375,87.2727279663086,85.79999542236328,61.23046875,99.93851470947266,42.03316879272461,37.366548931532,42029.0,36.52836608886719,24.9415283203125,29.0758056640625,29.72857666015625,42.32499980926514
1970-11-29 17:11:14.990,29.86589241027832,95.96385192871094,161.8245391845703,87.2727279663086,85.5,61.23046875,99.93851470947266,41.97148895263672,37.57464465077979,42029.0,36.36517333984375,31.659713745117188,24.179962158203125,27.52545166015625,42.32499980926514
1970-11-29 17:11:16.001,29.86589241027832,95.96385192871094,161.8245391845703,87.2727279663086,85.5,61.23046875,99.93851470947266,41.97148895263672,37.57464465077979,42029.0,36.36517333984375,31.659713745117188,24.179962158203125,27.52545166015625,42.32499980926514
1970-11-29 17:11:17.004,29.846683502197266,95.96385192871094,161.7350311279297,87.2727279663086,86.19999694824219,61.23046875,99.93851470947266,41.9442253112793,37.16117998565719,42029.0,33.754058837890625,32.774871826171875,27.14466857910156,25.648712158203125,42.32499980926514
1970-11-29 17:11:17.994,29.965312957763672,96.08433532714844,162.63021087646484,87.2727279663086,85.29999542236328,61.23046875,99.93851470947266,41.89450454711914,37.93456713599747,42029.0,34.189239501953125,33.210052490234375,23.962371826171875,28.20542907714844,42.32499980926514
1970-11-29 17:11:18.992,29.965312957763672,96.08433532714844,162.63021087646484,87.2727279663086,85.29999542236328,61.23046875,99.93851470947266,41.89450454711914,37.93456713599747,42029.0,34.189239501953125,33.210052490234375,23.962371826171875,28.20542907714844,42.32499980926514
1970-11-29 17:11:20.002,29.98736000061035,95.96385192871094,162.353515625,87.2727279663086,85.5,61.23046875,99.93851470947266,41.837398529052734,38.046312262939864,42029.0,36.96356201171875,32.53009033203125,31.387725830078125,27.09027099609375,42.32499980926514
1970-11-29 17:11:20.991,29.971986770629883,95.96385192871094,163.2975311279297,87.2727279663086,86.69999694824219,61.23046875,99.93851470947266,41.80512619018555,36.11143052292444,42029.0,34.570037841796875,34.13482666015625,29.375,26.845489501953125,42.32499980926514
1970-11-29 17:11:21.992,29.971986770629883,95.96385192871094,163.2975311279297,87.2727279663086,86.69999694824219,61.23046875,99.93851470947266,41.80512619018555,36.11143052292444,42029.0,34.570037841796875,34.13482666015625,29.375,26.845489501953125,42.32499980926514
1970-11-29 17:11:22.990,30.023122787475582,96.02409362792967,163.76139068603516,87.2727279663086,86.5999984741211,61.23046875,99.93851470947266,41.75508499145508,35.39136228656769,42029.0,37.453125,33.67243957519531,29.755767822265625,28.640625,42.32499980926514
1970-11-29 17:11:23.993,30.18025588989257,95.96385192871094,163.22428131103516,87.2727279663086,86.9000015258789,61.23046875,99.93851470947266,41.705039978027344,35.57335298555674,42029.0,40.30903625488281,32.258087158203125,27.715850830078125,28.55902099609375,42.32499980926514
1970-11-29 17:11:25.002,30.18025588989257,95.96385192871094,163.22428131103516,87.2727279663086,86.9000015258789,61.23046875,99.93851470947266,41.705039978027344,35.57335298555674,42029.0,40.30903625488281,32.258087158203125,27.715850830078125,28.55902099609375,42.32499980926514
1970-11-29 17:11:25.990,30.146484375,95.90361785888672,162.88248443603516,87.2727279663086,86.69999694824219,61.23046875,99.93851470947266,41.68083572387695,37.328703408446714,42029.0,36.12037658691406,31.958892822265625,32.23089599609375,29.973373413085938,42.32499980926514
1970-11-29 17:11:26.991,30.117555618286133,95.96385192871094,161.93033599853516,87.2727279663086,86.4000015258789,61.23046875,99.93851470947266,41.63739013671875,35.575933867641176,42029.0,35.522003173828125,31.19732666015625,30.245361328125,30.13656616210937,42.32499980926514
1970-11-29 17:11:27.992,30.117555618286133,95.96385192871094,161.93033599853516,87.2727279663086,86.4000015258789,61.23046875,99.93851470947266,41.63739013671875,35.575933867641176,42029.0,35.522003173828125,31.19732666015625,30.245361328125,30.13656616210937,42.32499980926514
1970-11-29 17:11:28.990,30.128116607666016,95.96385192871094,162.158203125,87.2727279663086,86.4000015258789,61.23046875,99.93851470947266,41.59318923950195,36.09449556559619,42029.0,36.85475158691406,30.517349243164062,26.111114501953125,29.130203247070312,42.32499980926514
1970-11-29 17:11:29.993,29.99368095397949,96.08433532714844,162.00357818603516,87.3484878540039,85.0,61.23046875,99.93851470947266,41.58131790161133,37.25499100908999,42029.0,32.203704833984375,29.918975830078125,28.042236328125,29.67417907714844,42.32499980926514
1970-11-29 17:11:30.992,29.99368095397949,96.08433532714844,162.00357818603516,87.3484878540039,85.0,61.23046875,99.93851470947266,41.58131790161133,37.25499100908999,42029.0,32.203704833984375,29.918975830078125,28.042236328125,29.67417907714844,42.32499980926514
1970-11-29 17:11:31.992,29.90293312072754,96.1445770263672,160.75846099853516,87.3484878540039,84.79999542236328,61.23046875,99.93851470947266,41.54981994628906,37.57981225493532,42029.0,30.73495483398437,28.06942749023437,26.8726806640625,27.552642822265625,42.32499980926514
1970-11-29 17:11:32.995,29.862680435180664,96.02409362792967,160.90494537353516,87.2727279663086,85.29999542236328,61.23046875,99.93851470947266,41.5350456237793,36.285328306287845,42029.0,31.7413330078125,26.19268798828125,26.32870483398437,23.363998413085938,42.32499980926514
1970-11-29 17:11:34.004,29.862680435180664,96.02409362792967,160.90494537353516,87.2727279663086,85.29999542236328,61.23046875,99.93851470947266,41.5350456237793,36.285328306287845,42029.0,31.7413330078125,26.19268798828125,26.32870483398437,23.363998413085938,42.32499980926514
1970-11-29 17:11:35.990,29.73056411743164,95.90361785888672,160.5631561279297,87.2727279663086,85.5,61.23046875,99.93851470947266,41.4746208190918,36.715860871533366,42029.0,33.80845642089844,30.02777099609375,25.67591857910156,25.648712158203125,42.32499980926514
1970-11-29 17:11:35.000,29.844282150268555,95.96385192871094,161.03515625,87.2727279663086,85.79999542236328,61.23046875,99.93851470947266,41.50580596923828,36.20156274056131,42029.0,34.352447509765625,30.40855407714844,27.22625732421875,27.79745483398437,42.32499980926514
1970-11-29 17:11:37.005,29.73056411743164,95.90361785888672,160.5631561279297,87.2727279663086,85.5,61.23046875,99.93851470947266,41.4746208190918,36.715860871533366,42029.0,33.80845642089844,30.02777099609375,25.67591857910156,25.648712158203125,42.32499980926514
1970-11-29 17:11:37.991,29.736791610717773,96.08433532714844,160.4736328125,87.2727279663086,85.29999542236328,61.23046875,99.93851470947266,41.46576690673828,36.15402071614365,42029.0,32.502899169921875,28.12384033203125,23.608795166015625,21.7320556640625,42.32499980926514
1970-11-29 17:11:38.994,29.899532318115234,96.08433532714844,161.21419525146484,87.3484878540039,85.0999984741211,61.23046875,99.93851470947266,41.459266662597656,35.69995916041155,42029.0,34.95082092285156,28.151031494140625,27.552642822265625,25.26792907714844,42.32499980926514
1970-11-29 17:11:39.995,29.899532318115234,96.08433532714844,161.21419525146484,87.3484878540039,85.0999984741211,61.23046875,99.93851470947266,41.459266662597656,35.69995916041155,42029.0,34.95082092285156,28.151031494140625,27.552642822265625,25.26792907714844,42.32499980926514
1970-11-29 17:11:40.990,30.124345779418945,95.96385192871094,159.79818725585938,87.2727279663086,86.19999694824219,61.23046875,99.93851470947266,41.43457412719727,34.42105890318076,42029.0,34.43403625488281,29.53817749023437,23.363998413085938,22.629623413085938,42.32499980926514
1970-11-29 17:11:41.991,30.16737937927246,95.84337615966795,160.97005462646484,87.2727279663086,85.9000015258789,61.23046875,99.93851470947266,41.42340850830078,35.02334862021339,42029.0,34.706024169921875,29.891769409179688,26.029510498046875,21.56884765625,42.32499980926514
1970-11-29 17:11:42.990,30.16737937927246,95.84337615966795,160.97005462646484,87.2727279663086,85.9000015258789,61.23046875,99.93851470947266,41.42340850830078,35.02334862021339,42029.0,34.706024169921875,29.891769409179688,26.029510498046875,21.56884765625,42.32499980926514
1970-11-29 17:11:43.995,30.25677490234375,95.96385192871094,161.5885467529297,87.2727279663086,86.4000015258789,61.23046875,99.93851470947266,41.4217643737793,34.124460766712325,42029.0,39.00347900390625,29.619781494140625,24.832748413085938,27.987838745117188,42.32499980926514
1970-11-29 17:11:45.992,30.46316909790039,96.08433532714844,161.10025787353516,87.2727279663086,86.29999542236328,61.23046875,99.93851470947266,41.393836975097656,34.84333944381088,42029.0,35.68519592285156,28.20542907714844,27.44384765625,25.512725830078125,42.32499980926514
1970-11-29 17:11:45.000,30.46316909790039,96.08433532714844,161.10025787353516,87.2727279663086,86.29999542236328,61.23046875,99.93851470947266,41.393836975097656,34.84333944381088,42029.0,35.68519592285156,28.20542907714844,27.44384765625,25.512725830078125,42.32499980926514
1970-11-29 17:11:46.992,30.50919342041016,96.02409362792967,160.84798431396484,87.3484878540039,86.0,61.23046875,99.93851470947266,41.376163482666016,34.192015381225985,42029.0,35.821197509765625,31.387725830078125,27.253463745117188,24.0711669921875,42.32499980926514
1970-11-29 17:11:47.992,30.363666534423828,95.84337615966795,162.58951568603516,87.2727279663086,86.0,61.23046875,99.93851470947266,41.36387634277344,36.65027608615602,42029.0,38.73149108886719,33.26446533203125,30.490142822265625,25.5399169921875,42.32499980926514
1970-11-29 17:11:48.992,30.28035926818848,96.20481872558594,162.09310150146484,87.2727279663086,86.19999694824219,61.23046875,99.93851470947266,41.33469772338867,35.81193929386986,42029.0,33.42767333984375,32.23089599609375,29.782989501953125,29.8101806640625,42.32499980926514
1970-11-29 17:11:50.001,30.28035926818848,96.20481872558594,162.09310150146484,87.2727279663086,86.19999694824219,61.23046875,99.93851470947266,41.33469772338867,35.81193929386986,42029.0,33.42767333984375,32.23089599609375,29.782989501953125,29.8101806640625,42.32499980926514
1970-11-29 17:11:50.994,30.22838592529297,96.1445770263672,161.8408203125,87.2727279663086,85.5,61.23046875,99.93851470947266,41.32388687133789,35.95302788045213,42029.0,34.10765075683594,34.4884033203125,28.151031494140625,28.06942749023437,42.32499980926514
1970-11-29 17:11:51.993,30.00079345703125,95.72289276123048,161.88150787353516,87.2727279663086,85.79999542236328,61.23046875,99.93851470947266,41.30410003662109,35.96273597093176,42029.0,33.835662841796875,31.76850891113281,27.171875,26.4375,42.32499980926514
1970-11-29 17:11:53.003,30.00079345703125,95.72289276123048,161.88150787353516,87.2727279663086,85.79999542236328,61.23046875,99.93851470947266,41.30410003662109,35.96273597093176,42029.0,33.835662841796875,31.76850891113281,27.171875,26.4375,42.32499980926514
1970-11-29 17:11:54.003,29.73062896728516,96.02409362792967,161.10840606689453,87.2727279663086,85.69999694824219,61.23046875,99.93851470947266,41.28179168701172,37.957722552018254,42029.0,33.101287841796875,30.109375,25.18634033203125,27.307861328125,42.32499980926514
1970-11-29 17:11:55.002,29.61400604248047,96.32530212402344,161.28743743896484,87.2727279663086,86.0999984741211,61.23046875,99.93851470947266,41.260719299316406,35.99563294927023,42029.0,32.421295166015625,27.52545166015625,29.456588745117188,27.38946533203125,42.32499980926514
1970-11-29 17:11:56.001,29.61400604248047,96.32530212402344,161.28743743896484,87.2727279663086,86.0999984741211,61.23046875,99.93851470947266,41.260719299316406,35.99563294927023,42029.0,32.421295166015625,27.52545166015625,29.456588745117188,27.38946533203125,42.32499980926514
1970-11-29 17:11:56.990,29.6423282623291,96.08433532714844,160.8805389404297,87.2727279663086,85.5999984741211,61.23046875,99.93851470947266,41.24142074584961,37.79426523846388,42029.0,34.29803466796875,29.619781494140625,28.287017822265625,25.18634033203125,42.32499980926514
1970-11-29 17:11:57.994,29.58734703063965,95.84337615966795,160.48177337646484,87.2727279663086,85.29999542236328,61.23046875,99.93851470947266,41.21680450439453,37.217219300488885,42029.0,33.50927734375,28.80380249023437,27.6070556640625,24.696746826171875,42.32499980926514
1970-11-29 17:11:59.002,29.58734703063965,95.84337615966795,160.48177337646484,87.2727279663086,85.29999542236328,61.23046875,99.93851470947266,41.21680450439453,37.217219300488885,42029.0,33.50927734375,28.80380249023437,27.6070556640625,24.696746826171875,42.32499980926514
1970-11-29 17:11:59.991,29.6434268951416,96.02409362792967,160.4248046875,87.3484878540039,85.39999389648438,61.23046875,99.93851470947266,41.20573043823242,37.32575762498976,42029.0,35.603607177734375,27.063064575195312,25.75750732421875,26.682281494140625,42.32499980926514
1970-11-29 17:12:01.992,29.836469650268555,96.08433532714844,159.9609375,87.3484878540039,85.69999694824219,61.23046875,99.93851470947266,41.1934700012207,37.05743965809927,42029.0,32.666107177734375,28.531814575195312,27.117462158203125,26.46469116210937,42.32499980926514
1970-11-29 17:12:01.000,29.836469650268555,96.08433532714844,159.9609375,87.3484878540039,85.69999694824219,61.23046875,99.93851470947266,41.1934700012207,37.05743965809927,42029.0,32.666107177734375,28.531814575195312,27.117462158203125,26.46469116210937,42.32499980926514
1970-11-29 17:12:02.990,30.12366485595703,95.84337615966795,160.7828826904297,87.2727279663086,85.39999389648438,61.23046875,99.93851470947266,41.17741012573242,36.48872509129719,42029.0,35.38600158691406,33.210052490234375,22.439239501953125,26.21990966796875,42.32499980926514
1970-11-29 17:12:04.004,30.18036651611328,96.02409362792967,160.59571075439453,87.2727279663086,85.69999694824219,61.23046875,99.93851470947266,41.15049362182617,36.35071481098266,42029.0,35.603607177734375,29.59259033203125,23.989578247070312,24.234375,42.32499980926514
1970-11-29 17:12:04.993,30.18036651611328,96.02409362792967,160.59571075439453,87.2727279663086,85.69999694824219,61.23046875,99.93851470947266,41.15049362182617,36.35071481098266,42029.0,35.603607177734375,29.59259033203125,23.989578247070312,24.234375,42.32499980926514
1970-11-29 17:12:05.994,30.20492553710937,96.1445770263672,160.05859375,87.2727279663086,85.29999542236328,61.23046875,99.93851470947266,41.13629150390625,35.530597723679094,42029.0,33.155670166015625,27.634246826171875,24.20716857910156,26.32870483398437,42.32499980926514
1970-11-29 17:12:06.992,30.27132797241211,95.96385192871094,161.9384765625,87.2727279663086,86.29999542236328,61.23046875,99.93851470947266,41.12446594238281,35.12664856812729,42029.0,34.84202575683594,32.61167907714844,26.49188232421875,23.9351806640625,42.32499980926514
1970-11-29 17:12:08.994,30.1697006225586,95.84337615966795,159.4807891845703,87.2727279663086,85.69999694824219,61.23046875,99.93851470947266,41.09522247314453,35.5066902639918,42029.0,36.63716125488281,30.109375,23.989578247070312,27.33505249023437,42.32499980926514
1970-11-29 17:12:08.000,30.27132797241211,95.96385192871094,161.9384765625,87.2727279663086,86.29999542236328,61.23046875,99.93851470947266,41.12446594238281,35.12664856812729,42029.0,34.84202575683594,32.61167907714844,26.49188232421875,23.9351806640625,42.32499980926514
1970-11-29 17:12:09.992,30.1697006225586,95.84337615966795,159.4807891845703,87.2727279663086,85.69999694824219,61.23046875,99.93851470947266,41.09522247314453,35.5066902639918,42029.0,36.63716125488281,30.109375,23.989578247070312,27.33505249023437,42.32499980926514
1970-11-29 17:12:11.002,29.998104095458984,96.08433532714844,159.912109375,87.2727279663086,85.9000015258789,61.23046875,99.93851470947266,41.0855827331543,35.61972020479098,42029.0,36.80035400390625,25.62152099609375,25.4039306640625,29.56538391113281,42.32499980926514
1970-11-29 17:12:11.990,29.91670036315918,96.08433532714844,160.40853118896484,87.2727279663086,86.5,61.23046875,99.93851470947266,41.06575012207031,34.21944069120451,42029.0,35.68519592285156,29.891769409179688,30.40855407714844,28.06942749023437,42.32499980926514
1970-11-29 17:12:13.005,29.91670036315918,96.08433532714844,160.40853118896484,87.2727279663086,86.5,61.23046875,99.93851470947266,41.06575012207031,34.21944069120451,42029.0,35.68519592285156,29.891769409179688,30.40855407714844,28.06942749023437,42.32499980926514
1970-11-29 17:12:14.002,29.89233589172364,95.96385192871094,160.8317108154297,87.2727279663086,86.5999984741211,61.23046875,99.93851470947266,41.027587890625,35.7831096133132,42029.0,36.74595642089844,31.4149169921875,28.53182983398437,26.818267822265625,42.32499980926514
1970-11-29 17:12:14.995,29.77027130126953,96.02409362792967,161.99544525146484,87.2727279663086,86.9000015258789,61.23046875,99.93851470947266,41.00850677490234,34.96497045526594,42029.0,35.68519592285156,31.986099243164062,24.234375,27.38946533203125,42.32499980926514
1970-11-29 17:12:16.001,29.77027130126953,96.02409362792967,161.99544525146484,87.2727279663086,86.9000015258789,61.23046875,99.93851470947266,41.00850677490234,34.96497045526594,42029.0,35.68519592285156,31.986099243164062,24.234375,27.38946533203125,42.32499980926514
1970-11-29 17:12:17.004,29.76581573486328,96.08433532714844,162.04427337646484,87.2727279663086,86.69999694824219,61.23046875,99.93851470947266,40.98342514038086,36.07516227878502,42029.0,35.114013671875,34.05322265625,29.238998413085938,27.90625,42.32499980926514
1970-11-29 17:12:17.994,29.96100234985352,96.08433532714844,162.01986694335938,87.2727279663086,86.29999542236328,61.23046875,99.93851470947266,40.94719696044922,35.03961028237873,42029.0,34.570037841796875,32.20368957519531,31.4149169921875,28.53182983398437,42.32499980926514
1970-11-29 17:12:18.993,29.96100234985352,96.08433532714844,162.01986694335938,87.2727279663086,86.29999542236328,61.23046875,99.93851470947266,40.94719696044922,35.03961028237873,42029.0,34.570037841796875,32.20368957519531,31.4149169921875,28.53182983398437,42.32499980926514
1970-11-29 17:12:19.991,30.103805541992188,95.78313446044922,161.43392181396484,87.2727279663086,85.9000015258789,61.23046875,99.93851470947266,40.92827987670898,36.46095954499076,42029.0,32.3125,33.83563232421875,29.238998413085938,24.42475891113281,42.32499980926514
1970-11-29 17:12:20.994,30.078033447265625,95.90361785888672,160.7421875,87.2727279663086,86.19999694824219,61.23046875,99.93851470947266,40.89784622192383,35.17570885970635,42029.0,32.938079833984375,29.755767822265625,29.456588745117188,27.498260498046875,42.32499980926514
1970-11-29 17:12:21.992,30.078033447265625,95.90361785888672,160.7421875,87.2727279663086,86.19999694824219,61.23046875,99.93851470947266,40.89784622192383,35.17570885970635,42029.0,32.938079833984375,29.755767822265625,29.456588745117188,27.498260498046875,42.32499980926514
1970-11-29 17:12:23.003,30.109996795654297,96.1445770263672,160.7340545654297,87.2727279663086,86.19999694824219,61.23046875,99.93851470947266,40.8855094909668,37.15384671908762,42029.0,36.96356201171875,31.986099243164062,25.567123413085938,22.493621826171875,42.32499980926514
1970-11-29 17:12:23.992,30.20931053161621,96.08433532714844,160.54686737060547,87.2727279663086,86.4000015258789,61.23046875,99.93851470947266,40.84877395629883,35.27262846785015,42029.0,35.05961608886719,27.987838745117188,27.90625,27.307861328125,42.30000019073486
1970-11-29 17:12:25.004,30.20931053161621,96.08433532714844,160.54686737060547,87.2727279663086,86.4000015258789,61.23046875,99.93851470947266,40.84877395629883,35.27262846785015,42029.0,35.05961608886719,27.987838745117188,27.90625,27.307861328125,42.30000019073486
1970-11-29 17:12:26.002,30.106708526611328,95.96385192871094,160.70963287353516,87.2727279663086,86.19999694824219,61.23046875,99.93851470947266,40.81126022338867,35.35383316356856,42029.0,35.46759033203125,29.701385498046875,28.83100891113281,23.66317749023437,42.32499980926514
1970-11-29 17:12:26.992,30.0017204284668,95.96385192871094,160.4899139404297,87.2727279663086,86.5999984741211,61.23046875,99.93851470947266,40.77375030517578,35.24325488943034,42029.0,34.0804443359375,32.339691162109375,28.09663391113281,24.75115966796875,42.32499980926514
1970-11-29 17:12:28.002,30.0017204284668,95.96385192871094,160.4899139404297,87.2727279663086,86.5999984741211,61.23046875,99.93851470947266,40.77375030517578,35.24325488943034,42029.0,34.0804443359375,32.339691162109375,28.09663391113281,24.75115966796875,42.32499980926514
1970-11-29 17:12:29.000,29.986730575561523,96.02409362792967,159.62728118896484,87.2727279663086,86.79999542236328,61.23046875,99.93851470947266,40.7549934387207,34.53461706358028,42029.0,36.41957092285156,31.11572265625,25.213531494140625,26.981475830078125,42.32499980926514
1970-11-29 17:12:30.003,30.04447555541992,95.96385192871094,160.4736328125,87.2727279663086,86.79999542236328,61.23046875,99.93851470947266,40.724796295166016,35.662900447042844,42029.0,36.01158142089844,27.93344116210937,27.634246826171875,29.375,42.32499980926514
1970-11-29 17:12:30.993,30.04447555541992,95.96385192871094,160.4736328125,87.2727279663086,86.79999542236328,61.23046875,99.93851470947266,40.724796295166016,35.662900447042844,42029.0,36.01158142089844,27.93344116210937,27.634246826171875,29.375,42.32499980926514
1970-11-29 17:12:31.993,29.929906845092773,95.96385192871094,160.69335174560547,87.2727279663086,86.19999694824219,61.23046875,99.93851470947266,40.69889450073242,36.013170241878434,42029.0,35.005218505859375,30.435760498046875,26.79107666015625,26.35589599609375,42.32499980926514
1970-11-29 17:12:32.991,29.87883377075196,95.96385192871094,159.92024993896484,87.2727279663086,86.29999542236328,61.23046875,99.93851470947266,40.68357849121094,35.33507422927148,42029.0,36.74595642089844,28.722213745117188,25.5399169921875,24.75115966796875,42.30000019073486
1970-11-29 17:12:33.994,29.87883377075196,95.96385192871094,159.92024993896484,87.2727279663086,86.29999542236328,61.23046875,99.93851470947266,40.68357849121094,35.33507422927148,42029.0,36.74595642089844,28.722213745117188,25.5399169921875,24.75115966796875,42.30000019073486
1970-11-29 17:12:35.002,29.92794418334961,96.1445770263672,159.88770294189453,87.2727279663086,85.69999694824219,61.23046875,99.93851470947266,40.64655685424805,36.944805581745605,42029.0,38.1875,31.986099243164062,23.3367919921875,28.314239501953125,42.30000019073486
1970-11-29 17:12:35.995,30.01231575012207,96.1445770263672,161.14095306396484,87.2727279663086,86.0999984741211,61.23046875,99.93851470947266,40.60953140258789,35.91481654037468,42029.0,37.725128173828125,28.06942749023437,26.4375,24.6695556640625,42.32499980926514
1970-11-29 17:12:36.992,30.01231575012207,96.1445770263672,161.14095306396484,87.2727279663086,86.0999984741211,61.23046875,99.93851470947266,40.60953140258789,35.91481654037468,42029.0,37.725128173828125,28.06942749023437,26.4375,24.6695556640625,42.32499980926514
1970-11-29 17:12:37.995,29.93391990661621,96.02409362792967,160.55501556396484,87.2727279663086,86.29999542236328,61.23046875,99.93851470947266,40.59101867675781,36.78279571262767,42029.0,36.90914916992188,31.5509033203125,28.85821533203125,29.375,42.32499980926514
1970-11-29 17:12:38.994,29.945781707763672,95.90361785888672,161.4501953125,87.2727279663086,86.5999984741211,61.23046875,99.93851470947266,40.55399703979492,35.974797795749794,42029.0,39.35707092285156,32.72047424316406,28.232635498046875,26.083892822265625,42.30000019073486
1970-11-29 17:12:39.994,30.100000381469727,95.96385192871094,161.11653900146484,87.3484878540039,86.19999694824219,61.23046875,99.93851470947266,40.516971588134766,36.16903848528892,42029.0,35.46759033203125,30.354156494140625,25.784713745117188,30.054962158203125,42.30000019073486
1970-11-29 17:12:40.993,30.100000381469727,95.96385192871094,161.11653900146484,87.3484878540039,86.19999694824219,61.23046875,99.93851470947266,40.516971588134766,36.16903848528892,42029.0,35.46759033203125,30.354156494140625,25.784713745117188,30.054962158203125,42.30000019073486
1970-11-29 17:12:41.991,30.16356658935547,96.08433532714844,161.09212493896484,87.2727279663086,85.9000015258789,61.23046875,99.93851470947266,40.49683380126953,35.87378866698418,42029.0,35.38600158691406,33.074066162109375,29.8101806640625,25.92071533203125,42.30000019073486
1970-11-29 17:12:42.992,30.049705505371094,95.96385192871094,160.75032806396484,87.2727279663086,85.9000015258789,61.23046875,99.93851470947266,40.44102478027344,36.733252807098836,42029.0,35.141204833984375,33.0196533203125,30.46295166015625,27.79745483398437,42.30000019073486
1970-11-29 17:12:43.993,30.049705505371094,95.96385192871094,160.75032806396484,87.2727279663086,85.9000015258789,61.23046875,99.93851470947266,40.44102478027344,36.733252807098836,42029.0,35.141204833984375,33.0196533203125,30.46295166015625,27.79745483398437,42.30000019073486
1970-11-29 17:12:45.004,29.99130821228028,96.02409362792967,160.400390625,87.2727279663086,85.79999542236328,61.23046875,99.93851470947266,40.40190124511719,36.79595916658541,42029.0,33.237274169921875,32.06768798828125,27.770248413085938,27.33505249023437,42.30000019073486
1970-11-29 17:12:45.992,30.051597595214844,96.02409362792967,160.53060150146484,87.2727279663086,85.39999389648438,61.23046875,99.93851470947266,40.38314437866211,37.54252964579404,42029.0,36.093170166015625,30.354156494140625,24.88714599609375,29.130203247070312,42.30000019073486
1970-11-29 17:12:46.990,30.051597595214844,96.02409362792967,160.53060150146484,87.2727279663086,85.39999389648438,61.23046875,99.93851470947266,40.38314437866211,37.54252964579404,42029.0,36.093170166015625,30.354156494140625,24.88714599609375,29.130203247070312,42.30000019073486
1970-11-29 17:12:47.994,29.95262908935547,95.96385192871094,160.89681243896484,87.2727279663086,85.0,61.23046875,99.93851470947266,40.34239196777344,38.60442539909438,42029.0,34.706024169921875,31.251724243164062,29.15740966796875,22.276031494140625,42.30000019073486
1970-11-29 17:12:48.992,29.8296012878418,95.96385192871094,159.4563751220703,87.2727279663086,85.69999694824219,61.23046875,99.93851470947266,40.2990608215332,35.8546317476317,42029.0,34.65162658691406,32.20368957519531,28.042236328125,24.723953247070312,42.30000019073486
1970-11-29 17:12:50.000,29.8296012878418,95.96385192871094,159.4563751220703,87.2727279663086,85.69999694824219,61.23046875,99.93851470947266,40.2990608215332,35.8546317476317,42029.0,34.65162658691406,32.20368957519531,28.042236328125,24.723953247070312,42.30000019073486
1970-11-29 17:12:51.001,29.79313087463379,96.08433532714844,159.25292205810547,87.2727279663086,85.5999984741211,61.23046875,99.93851470947266,40.274513244628906,36.399680899984446,42029.0,36.582763671875,28.015045166015625,24.832748413085938,24.043975830078125,42.30000019073486
1970-11-29 17:12:51.991,29.88422203063965,96.02409362792967,160.107421875,87.2727279663086,86.19999694824219,61.23046875,99.93851470947266,40.221927642822266,34.70080014991123,42029.0,34.54283142089844,29.782974243164062,25.5399169921875,26.682281494140625,42.30000019073486
1970-11-29 17:12:53.006,29.88422203063965,96.02409362792967,160.107421875,87.2727279663086,86.19999694824219,61.23046875,99.93851470947266,40.221927642822266,34.70080014991123,42029.0,34.54283142089844,29.782974243164062,25.5399169921875,26.682281494140625,42.30000019073486
1970-11-29 17:12:53.994,29.82693672180176,95.90361785888672,159.42383575439453,87.2727279663086,85.5999984741211,61.23046875,99.93851470947266,40.18376541137695,35.30004869578118,42029.0,35.68519592285156,27.688644409179688,28.12384033203125,25.15913391113281,42.30000019073486
1970-11-29 17:12:55.004,29.86434936523437,96.1445770263672,159.4319610595703,87.2727279663086,86.0,61.23046875,99.93851470947266,40.1646842956543,34.95595547698486,42029.0,37.126739501953125,31.93170166015625,26.165496826171875,27.0086669921875,42.30000019073486
1970-11-29 17:12:55.992,29.86434936523437,96.1445770263672,159.4319610595703,87.2727279663086,86.0,61.23046875,99.93851470947266,40.1646842956543,34.95595547698486,42029.0,37.126739501953125,31.93170166015625,26.165496826171875,27.0086669921875,42.30000019073486
1970-11-29 17:12:56.994,30.06394386291504,95.96385192871094,160.0178985595703,87.2727279663086,85.79999542236328,61.23046875,99.93851470947266,40.12652206420898,36.01622048747745,42029.0,37.67071533203125,28.91259765625,23.77197265625,28.80380249023437,42.30000019073486
1970-11-29 17:12:57.993,30.19042205810547,95.90361785888672,160.22135162353516,87.2727279663086,86.0999984741211,61.23046875,99.93851470947266,40.08591842651367,35.80766663827901,42029.0,34.406829833984375,31.74130249023437,24.12557983398437,27.96063232421875,42.30000019073486
1970-11-29 17:12:58.992,30.19042205810547,95.90361785888672,160.22135162353516,87.2727279663086,86.0999984741211,61.23046875,99.93851470947266,40.08591842651367,35.80766663827901,42029.0,34.406829833984375,31.74130249023437,24.12557983398437,27.96063232421875,42.30000019073486
1970-11-29 17:12:59.991,30.187944412231445,95.96385192871094,159.75748443603516,87.2727279663086,85.5999984741211,61.23046875,99.93851470947266,40.06681060791016,36.44628982161506,42029.0,34.84202575683594,31.5509033203125,27.82464599609375,27.7430419921875,42.30000019073486
1970-11-29 17:13:00.995,30.15738105773925,96.1445770263672,159.1227264404297,87.2727279663086,85.69999694824219,61.23046875,99.93851470947266,40.03105926513672,35.34054436131256,42029.0,38.024322509765625,26.899871826171875,25.811920166015625,23.71759033203125,42.30000019073486
1970-11-29 17:13:02.001,30.15738105773925,96.1445770263672,159.1227264404297,87.2727279663086,85.69999694824219,61.23046875,99.93851470947266,40.03105926513672,35.34054436131256,42029.0,38.024322509765625,26.899871826171875,25.811920166015625,23.71759033203125,42.30000019073486
1970-11-29 17:13:02.991,30.161333084106445,95.84337615966795,159.92024993896484,87.2727279663086,85.79999542236328,61.23046875,99.93851470947266,40.01197814941406,35.66092419478,42029.0,37.42593383789063,30.38134765625,26.573486328125,26.95428466796875,42.30000019073486
1970-11-29 17:13:04.994,30.050939559936523,95.96385192871094,159.53775787353516,87.2727279663086,86.5999984741211,61.23046875,99.93851470947266,39.97381591796875,35.03518786352341,42029.0,34.24365234375,29.048599243164062,27.117462158203125,30.598953247070312,42.30000019073486
1970-11-29 17:13:04.000,30.050939559936523,95.96385192871094,159.53775787353516,87.2727279663086,86.5999984741211,61.23046875,99.93851470947266,39.97381591796875,35.03518786352341,42029.0,34.24365234375,29.048599243164062,27.117462158203125,30.598953247070312,42.30000019073486
1970-11-29 17:13:05.992,29.907793045043945,96.1445770263672,160.5305938720703,87.2727279663086,86.0,61.23046875,99.93851470947266,39.93484115600586,36.07804775636584,42029.0,32.85649108886719,32.0133056640625,25.18634033203125,24.914337158203125,42.30000019073486
1970-11-29 17:13:06.991,29.859516143798828,96.02409362792967,160.09114837646484,87.2727279663086,86.19999694824219,61.23046875,99.93851470947266,39.91656112670898,36.49377635981278,42029.0,34.134857177734375,34.2164306640625,24.560760498046875,20.83447265625,42.30000019073486
1970-11-29 17:13:07.995,29.859516143798828,96.02409362792967,160.09114837646484,87.2727279663086,86.19999694824219,61.23046875,99.93851470947266,39.91656112670898,36.49377635981278,42029.0,34.134857177734375,34.2164306640625,24.560760498046875,20.83447265625,42.30000019073486
1970-11-29 17:13:08.994,29.927791595458984,95.90361785888672,159.9528045654297,87.2727279663086,85.79999542236328,61.23046875,99.93851470947266,39.87839889526367,36.371951251378036,42029.0,34.706024169921875,30.952545166015625,26.79107666015625,28.06942749023437,42.30000019073486
1970-11-29 17:13:09.993,29.886505126953125,96.02409362792967,159.0738983154297,87.2727279663086,85.69999694824219,61.23046875,99.93851470947266,39.83697128295898,36.68038339829331,42029.0,32.85649108886719,25.594314575195312,30.054962158203125,26.1383056640625,42.30000019073486
1970-11-29 17:13:10.993,29.886505126953125,96.02409362792967,159.0738983154297,87.2727279663086,85.69999694824219,61.23046875,99.93851470947266,39.83697128295898,36.68038339829331,42029.0,32.85649108886719,25.594314575195312,30.054962158203125,26.1383056640625,42.30000019073486
1970-11-29 17:13:11.994,29.88471031188965,96.02409362792967,159.71678924560547,87.2727279663086,85.0999984741211,61.23046875,99.93851470947266,39.78729248046875,36.039716636153685,42029.0,32.720489501953125,32.61167907714844,26.79107666015625,21.541656494140625,42.30000019073486
1970-11-29 17:13:13.004,29.98474884033203,96.02409362792967,159.9690704345703,87.2727279663086,85.5999984741211,61.23046875,99.93851470947266,39.76804733276367,36.11335807871484,42029.0,35.114013671875,32.122100830078125,26.899871826171875,22.08563232421875,42.30000019073486
1970-11-29 17:13:14.002,29.98474884033203,96.02409362792967,159.9690704345703,87.2727279663086,85.5999984741211,61.23046875,99.93851470947266,39.76804733276367,36.11335807871484,42029.0,35.114013671875,32.122100830078125,26.899871826171875,22.08563232421875,42.30000019073486
1970-11-29 17:13:15.005,30.05644798278809,95.96385192871094,158.47982025146484,87.2727279663086,85.9000015258789,61.23046875,99.93851470947266,39.72955703735352,35.537832631636725,42029.0,35.957183837890625,29.8101806640625,24.343170166015625,25.648712158203125,42.30000019073486
1970-11-29 17:13:16.001,30.02831268310547,96.08433532714844,159.5296173095703,87.2727279663086,85.69999694824219,61.23046875,99.93851470947266,39.69107055664063,34.845506877639025,42029.0,34.869232177734375,29.701385498046875,28.09663391113281,25.349517822265625,42.30000019073486
1970-11-29 17:13:17.005,30.02831268310547,96.08433532714844,159.5296173095703,87.2727279663086,85.69999694824219,61.23046875,99.93851470947266,39.69107055664063,34.845506877639025,42029.0,34.869232177734375,29.701385498046875,28.09663391113281,25.349517822265625,42.30000019073486
1970-11-29 17:13:17.994,30.003559112548828,96.08433532714844,159.31803131103516,87.2727279663086,85.5,61.23046875,99.93851470947266,39.67182540893555,35.42438927266548,42029.0,32.33970642089844,31.4149169921875,26.41029357910156,27.38946533203125,42.30000019073486
1970-11-29 17:13:18.993,30.08712387084961,95.90361785888672,160.16439056396484,87.2727279663086,85.39999389648438,61.23046875,99.93851470947266,39.62272262573242,35.3533915063713,42029.0,34.76043701171875,31.60531616210937,27.36225891113281,24.01678466796875,42.30000019073486
1970-11-29 17:13:19.994,30.08712387084961,95.90361785888672,160.16439056396484,87.2727279663086,85.39999389648438,61.23046875,99.93851470947266,39.62272262573242,35.3533915063713,42029.0,34.76043701171875,31.60531616210937,27.36225891113281,24.01678466796875,42.30000019073486
1970-11-29 17:13:20.990,30.045080184936523,95.96385192871094,159.79003143310547,87.3484878540039,86.19999694824219,61.23046875,99.93851470947266,39.56601333618164,35.99494726952139,42029.0,40.33624267578125,29.021392822265625,26.62788391113281,29.42938232421875,42.30000019073486
1970-11-29 17:13:21.993,29.992076873779297,96.02409362792967,160.7584686279297,87.3484878540039,86.0,61.23046875,99.93851470947266,39.545631408691406,35.81352980313633,42029.0,37.861114501953125,28.749420166015625,25.431121826171875,29.483795166015625,42.30000019073486
1970-11-29 17:13:22.991,29.992076873779297,96.02409362792967,160.7584686279297,87.3484878540039,86.0,61.23046875,99.93851470947266,39.545631408691406,35.81352980313633,42029.0,37.861114501953125,28.749420166015625,25.431121826171875,29.483795166015625,42.30000019073486
1970-11-29 17:13:23.990,29.99137115478516,95.84337615966795,160.0911407470703,87.2727279663086,86.79999542236328,61.23046875,99.93851470947266,39.48933029174805,35.10396438184505,42029.0,36.990753173828125,31.578125,28.69500732421875,29.89178466796875,42.30000019073486
1970-11-29 17:13:25.004,30.054357528686523,95.96385192871094,160.25391387939453,87.2727279663086,86.0,61.23046875,99.93851470947266,39.43021774291992,36.74618000133146,42029.0,37.42593383789063,30.29975891113281,29.0758056640625,27.253463745117188,42.30000019073486
1970-11-29 17:13:25.991,30.054357528686523,95.96385192871094,160.25391387939453,87.2727279663086,86.0,61.23046875,99.93851470947266,39.43021774291992,36.74618000133146,42029.0,37.42593383789063,30.29975891113281,29.0758056640625,27.253463745117188,42.30000019073486
1970-11-29 17:13:26.993,29.963085174560547,96.1445770263672,159.51334381103516,87.2727279663086,85.9000015258789,61.23046875,99.93851470947266,39.405372619628906,37.14009599163196,42029.0,34.02606201171875,32.61167907714844,23.69038391113281,28.450225830078125,42.30000019073486
1970-11-29 17:13:27.992,29.963085174560547,96.1445770263672,159.51334381103516,87.2727279663086,85.9000015258789,61.23046875,99.93851470947266,39.405372619628906,37.14009599163196,42029.0,34.02606201171875,32.61167907714844,23.69038391113281,28.450225830078125,42.30000019073486
1970-11-29 17:13:28.992,29.90488052368164,95.96385192871094,159.06575775146484,87.3484878540039,85.69999694824219,61.23046875,99.93851470947266,39.33339691162109,36.05828288826228,42029.0,40.09144592285156,30.218170166015625,28.151031494140625,30.109375,42.30000019073486
1970-11-29 17:13:29.992,29.936155319213867,95.90361785888672,159.4075469970703,87.2727279663086,85.69999694824219,61.23046875,99.93851470947266,39.28522872924805,35.391200106376694,42029.0,35.25,30.925338745117188,23.445587158203125,28.99420166015625,42.30000019073486
1970-11-29 17:13:30.991,29.987642288208008,96.08433532714844,158.82161712646484,87.2727279663086,85.5999984741211,61.23046875,99.93851470947266,39.24768829345703,34.68249549155488,42029.0,35.358795166015625,26.247100830078125,26.763885498046875,24.15277099609375,42.30000019073486
1970-11-29 17:13:31.993,29.987642288208008,96.08433532714844,158.82161712646484,87.2727279663086,85.5999984741211,61.23046875,99.93851470947266,39.24768829345703,34.68249549155488,42029.0,35.358795166015625,26.247100830078125,26.763885498046875,24.15277099609375,42.30000019073486
1970-11-29 17:13:32.990,29.93888664245605,96.08433532714844,159.5377655029297,87.2727279663086,86.0,61.23046875,99.93851470947266,39.198238372802734,36.86917439886182,42029.0,36.74595642089844,33.046875,24.6695556640625,27.09027099609375,42.30000019073486
1970-11-29 17:13:34.003,29.925472259521484,95.90361785888672,159.033203125,87.2727279663086,85.79999542236328,61.23046875,99.93851470947266,39.14939498901367,36.46107929307924,42029.0,35.79399108886719,32.39408874511719,30.435760498046875,24.0711669921875,42.30000019073486
1970-11-29 17:13:34.994,29.925472259521484,95.90361785888672,159.033203125,87.2727279663086,85.79999542236328,61.23046875,99.93851470947266,39.14939498901367,36.46107929307924,42029.0,35.79399108886719,32.39408874511719,30.435760498046875,24.0711669921875,42.30000019073486
1970-11-29 17:13:35.992,30.027647018432617,95.84337615966795,159.80631256103516,87.2727279663086,85.9000015258789,61.23046875,99.93851470947266,39.11637115478516,36.88884037391536,42029.0,33.618072509765625,32.7476806640625,29.15740966796875,23.28240966796875,42.30000019073486
1970-11-29 17:13:36.991,30.00958824157715,96.20481872558594,159.96907806396484,87.2727279663086,86.29999542236328,61.23046875,99.93851470947266,39.06046676635742,36.6426245070523,42029.0,36.69155883789063,32.1492919921875,29.59259033203125,24.01678466796875,42.30000019073486
1970-11-29 17:13:38.004,30.00958824157715,96.20481872558594,159.96907806396484,87.2727279663086,86.29999542236328,61.23046875,99.93851470947266,39.06046676635742,36.6426245070523,42029.0,36.69155883789063,32.1492919921875,29.59259033203125,24.01678466796875,42.30000019073486
1970-11-29 17:13:38.991,29.95573616027832,95.96385192871094,159.716796875,87.2727279663086,85.5,61.23046875,99.93851470947266,39.01823425292969,36.340676503474945,42029.0,33.37327575683594,32.1492919921875,25.67591857910156,26.79107666015625,42.30000019073486
1970-11-29 17:13:39.992,29.95573616027832,95.96385192871094,159.716796875,87.2727279663086,85.5,61.23046875,99.93851470947266,39.01823425292969,36.340676503474945,42029.0,33.37327575683594,32.1492919921875,25.67591857910156,26.79107666015625,42.30000019073486
1970-11-29 17:13:40.991,29.977703094482425,95.90361785888672,158.5856170654297,87.2727279663086,85.5999984741211,61.23046875,99.93851470947266,38.99711990356445,35.89554296476097,42029.0,32.067718505859375,28.91259765625,28.4774169921875,22.412017822265625,42.30000019073486
1970-11-29 17:13:41.994,30.093503952026367,95.90361785888672,158.98436737060547,87.2727279663086,85.69999694824219,61.23046875,99.93851470947266,38.95488739013672,36.00738106777918,42029.0,37.26274108886719,29.837371826171875,27.987838745117188,25.86630249023437,42.30000019073486
1970-11-29 17:13:42.991,30.093503952026367,95.90361785888672,158.98436737060547,87.2727279663086,85.69999694824219,61.23046875,99.93851470947266,38.95488739013672,36.00738106777918,42029.0,37.26274108886719,29.837371826171875,27.987838745117188,25.86630249023437,42.30000019073486
1970-11-29 17:13:44.003,30.05161666870117,96.08433532714844,160.18880462646484,87.2727279663086,87.0,61.23046875,99.93851470947266,38.9321403503418,34.01284512743387,42029.0,37.64352416992188,28.531814575195312,27.171875,29.9461669921875,42.30000019073486
1970-11-29 17:13:44.994,30.02342987060547,95.96385192871094,159.4970703125,87.2727279663086,86.0999984741211,61.23046875,99.93851470947266,38.88168716430664,35.91334422299479,42029.0,37.53472900390625,29.837371826171875,29.782989501953125,28.450225830078125,42.30000019073486
1970-11-29 17:13:46.005,30.074254989624023,95.90361785888672,159.65982055664062,87.2727279663086,85.9000015258789,61.23046875,99.93851470947266,38.83433151245117,36.595986534641256,42029.0,36.85475158691406,30.734939575195312,28.640625,30.16375732421875,42.30000019073486
1970-11-29 17:13:46.991,30.074254989624023,95.90361785888672,159.65982055664062,87.2727279663086,85.9000015258789,61.23046875,99.93851470947266,38.83433151245117,36.595986534641256,42029.0,36.85475158691406,30.734939575195312,28.640625,30.16375732421875,42.30000019073486
1970-11-29 17:13:48.001,30.07612609863281,96.08433532714844,159.8307342529297,87.2727279663086,86.19999694824219,61.23046875,99.93851470947266,38.78438186645508,36.58542902354002,42029.0,39.030670166015625,27.7430419921875,26.46469116210937,27.06307983398437,42.30000019073486
1970-11-29 17:13:48.992,29.9984073638916,96.08433532714844,160.5143280029297,87.2727279663086,86.29999542236328,61.23046875,99.93851470947266,38.760589599609375,35.705050386878526,42029.0,36.392364501953125,31.714111328125,26.32870483398437,28.85821533203125,42.30000019073486
1970-11-29 17:13:50.002,29.9984073638916,96.08433532714844,160.5143280029297,87.2727279663086,86.29999542236328,61.23046875,99.93851470947266,38.760589599609375,35.705050386878526,42029.0,36.392364501953125,31.714111328125,26.32870483398437,28.85821533203125,42.30000019073486
1970-11-29 17:13:51.002,29.95542335510254,95.84337615966795,159.2936248779297,87.2727279663086,86.0,61.23046875,99.93851470947266,38.712886810302734,36.140502018781085,42029.0,37.37153625488281,30.0821533203125,27.253463745117188,29.510986328125,42.30000019073486
1970-11-29 17:13:52.003,29.978046417236328,96.02409362792967,159.9528045654297,87.2727279663086,86.0999984741211,61.23046875,99.93851470947266,38.67000198364258,35.63121307770566,42029.0,34.352447509765625,33.155670166015625,25.92071533203125,27.0086669921875,42.30000019073486
1970-11-29 17:13:52.992,29.978046417236328,96.02409362792967,159.9528045654297,87.2727279663086,86.0999984741211,61.23046875,99.93851470947266,38.67000198364258,35.63121307770566,42029.0,34.352447509765625,33.155670166015625,25.92071533203125,27.0086669921875,42.30000019073486
1970-11-29 17:13:53.991,29.8851261138916,96.08433532714844,160.02603912353516,87.3484878540039,85.9000015258789,61.23046875,99.93851470947266,38.642860412597656,36.98683076582166,42029.0,37.806732177734375,30.245361328125,28.151031494140625,31.03413391113281,42.30000019073486
1970-11-29 17:13:54.993,29.83631134033203,95.90361785888672,159.11458587646484,87.3484878540039,85.9000015258789,61.23046875,99.93851470947266,38.59820556640625,36.55231128402679,42029.0,35.603607177734375,33.944427490234375,26.763885498046875,27.634246826171875,42.30000019073486
1970-11-29 17:13:55.991,29.83631134033203,95.90361785888672,159.11458587646484,87.3484878540039,85.9000015258789,61.23046875,99.93851470947266,38.59820556640625,36.55231128402679,42029.0,35.603607177734375,33.944427490234375,26.763885498046875,27.634246826171875,42.30000019073486
1970-11-29 17:13:56.991,29.83093643188477,95.90361785888672,158.45540618896484,87.2727279663086,86.4000015258789,61.23046875,99.93851470947266,38.54783248901367,35.76752803484296,42029.0,35.68519592285156,26.954269409179688,28.25982666015625,25.89350891113281,42.30000019073486
1970-11-29 17:13:58.005,29.899120330810547,96.02409362792967,158.99251556396484,87.2727279663086,85.69999694824219,61.23046875,99.93851470947266,38.52622604370117,36.891863292027494,42029.0,34.97802734375,32.7476806640625,28.3414306640625,25.050338745117188,42.30000019073486
1970-11-29 17:13:58.992,29.899120330810547,96.02409362792967,158.99251556396484,87.2727279663086,85.69999694824219,61.23046875,99.93851470947266,38.52622604370117,36.891863292027494,42029.0,34.97802734375,32.7476806640625,28.3414306640625,25.050338745117188,42.30000019073486
1970-11-29 17:13:59.990,29.926063537597656,96.20481872558594,158.74022674560547,87.2727279663086,85.9000015258789,61.23046875,99.93851470947266,38.4830207824707,35.20133492450801,42029.0,33.971649169921875,28.423019409179688,32.475677490234375,24.315963745117188,42.30000019073486
1970-11-29 17:14:00.994,29.950624465942383,95.90361785888672,159.68424224853516,87.2727279663086,86.29999542236328,61.23046875,99.93851470947266,38.43981170654297,36.78761513984204,42029.0,35.848388671875,33.944427490234375,29.26620483398437,25.104736328125,42.30000019073486
1970-11-29 17:14:01.990,29.950624465942383,95.90361785888672,159.68424224853516,87.2727279663086,86.29999542236328,61.23046875,99.93851470947266,38.43981170654297,36.78761513984204,42029.0,35.848388671875,33.944427490234375,29.26620483398437,25.104736328125,42.30000019073486
1970-11-29 17:14:02.992,30.01761054992676,95.84337615966795,159.83072662353516,87.3484878540039,86.5999984741211,61.23046875,99.93851470947266,38.41820526123047,35.1359859111838,42029.0,36.22918701171875,32.176483154296875,32.258087158203125,28.749420166015625,42.30000019073486
1970-11-29 17:14:04.002,30.111835479736328,96.08433532714844,160.46549224853516,87.2727279663086,86.0,61.23046875,99.93851470947266,38.374996185302734,36.02931677755134,42029.0,33.12847900390625,34.29801940917969,30.13656616210937,26.73667907714844,42.30000019073486
1970-11-29 17:14:05.001,30.111835479736328,96.08433532714844,160.46549224853516,87.2727279663086,86.0,61.23046875,99.93851470947266,38.374996185302734,36.02931677755134,42029.0,33.12847900390625,34.29801940917969,30.13656616210937,26.73667907714844,42.30000019073486
1970-11-29 17:14:06.001,30.15738105773925,96.1445770263672,159.46451568603516,87.2727279663086,86.0999984741211,61.23046875,99.93851470947266,38.33910369873047,36.839738759089876,42029.0,34.352447509765625,36.47393798828125,31.93170166015625,26.8726806640625,42.30000019073486
1970-11-29 17:14:06.993,30.17059135437012,95.96385192871094,159.92838287353516,87.2727279663086,86.29999542236328,61.23046875,99.93851470947266,38.31758117675781,35.36072958037445,42029.0,40.33624267578125,32.7476806640625,27.7430419921875,30.73495483398437,42.30000019073486
1970-11-29 17:14:07.990,30.17059135437012,95.96385192871094,159.92838287353516,87.2727279663086,86.29999542236328,61.23046875,99.93851470947266,38.31758117675781,35.36072958037445,42029.0,40.33624267578125,32.7476806640625,27.7430419921875,30.73495483398437,42.30000019073486
1970-11-29 17:14:08.994,30.156612396240234,95.84337615966795,159.6354217529297,87.2727279663086,86.29999542236328,61.23046875,99.93851470947266,38.28591537475586,35.191212814066375,42029.0,35.984375,28.91259765625,27.38946533203125,30.435760498046875,42.30000019073486
1970-11-29 17:14:09.990,29.958816528320312,96.20481872558594,159.4482421875,87.2727279663086,86.0,61.23046875,99.93851470947266,38.24641418457031,36.14166468454162,42029.0,36.36517333984375,30.734939575195312,29.72857666015625,26.65509033203125,42.30000019073486
1970-11-29 17:14:10.992,29.958816528320312,96.20481872558594,159.4482421875,87.2727279663086,86.0,61.23046875,99.93851470947266,38.24641418457031,36.14166468454162,42029.0,36.36517333984375,30.734939575195312,29.72857666015625,26.65509033203125,42.30000019073486
1970-11-29 17:14:11.991,29.943517684936523,96.02409362792967,159.57030487060547,87.2727279663086,86.19999694824219,61.23046875,99.93851470947266,38.22831726074219,36.182300979544785,42029.0,38.4866943359375,30.40855407714844,27.79745483398437,27.987838745117188,42.30000019073486
1970-11-29 17:14:12.991,29.877656936645508,95.78313446044922,158.69140625,87.2727279663086,86.9000015258789,61.23046875,99.93851470947266,38.1987419128418,36.313125662445465,42029.0,37.91552734375,31.5509033203125,26.301498413085938,27.715850830078125,42.30000019073486
1970-11-29 17:14:13.992,29.877656936645508,95.78313446044922,158.69140625,87.2727279663086,86.9000015258789,61.23046875,99.93851470947266,38.1987419128418,36.313125662445465,42029.0,37.91552734375,31.5509033203125,26.301498413085938,27.715850830078125,42.30000019073486
1970-11-29 17:14:14.995,29.82501602172852,95.96385192871094,158.50423431396484,87.3484878540039,85.9000015258789,61.23046875,99.93851470947266,38.16951751708984,35.27801997557316,42029.0,38.26910400390625,29.8101806640625,27.33505249023437,27.09027099609375,42.30000019073486
1970-11-29 17:14:15.990,29.75004196166992,96.20481872558594,159.33431243896484,87.2727279663086,85.9000015258789,61.23046875,99.93851470947266,38.1704330444336,36.28400797815561,42029.0,36.8819580078125,31.63250732421875,24.560760498046875,24.94154357910156,42.30000019073486
1970-11-29 17:14:17.004,29.75004196166992,96.20481872558594,159.33431243896484,87.2727279663086,85.9000015258789,61.23046875,99.93851470947266,38.1704330444336,36.28400797815561,42029.0,36.8819580078125,31.63250732421875,24.560760498046875,24.94154357910156,42.30000019073486
1970-11-29 17:14:17.993,29.804492950439453,95.96385192871094,158.69954681396484,87.2727279663086,86.69999694824219,61.23046875,99.93851470947266,38.14596557617188,35.016983211078774,42029.0,36.01158142089844,31.714111328125,27.09027099609375,23.28240966796875,42.30000019073486
1970-11-29 17:14:19.001,29.93722343444824,95.84337615966795,157.00682830810547,87.2727279663086,85.9000015258789,61.23046875,99.93851470947266,38.12034606933594,36.690965764121664,42029.0,35.90278625488281,30.16375732421875,24.45196533203125,25.947906494140625,42.30000019073486
1970-11-29 17:14:19.991,29.93722343444824,95.84337615966795,157.00682830810547,87.2727279663086,85.9000015258789,61.23046875,99.93851470947266,38.12034606933594,36.690965764121664,42029.0,35.90278625488281,30.16375732421875,24.45196533203125,25.947906494140625,42.30000019073486
1970-11-29 17:14:20.994,30.08802032470703,96.08433532714844,157.75553131103516,87.2727279663086,85.39999389648438,61.23046875,99.93851470947266,38.11292266845703,36.77554715790792,42029.0,32.69329833984375,31.822906494140625,28.749420166015625,22.575225830078125,42.30000019073486
1970-11-29 17:14:21.990,30.201562881469727,96.1445770263672,156.92545318603516,87.2727279663086,85.69999694824219,61.23046875,99.93851470947266,38.10429000854492,34.46450048966432,42029.0,32.01332092285156,29.837371826171875,24.723953247070312,19.14813232421875,42.30000019073486
1970-11-29 17:14:22.994,30.201562881469727,96.1445770263672,156.92545318603516,87.2727279663086,85.69999694824219,61.23046875,99.93851470947266,38.10429000854492,34.46450048966432,42029.0,32.01332092285156,29.837371826171875,24.723953247070312,19.14813232421875,42.30000019073486
1970-11-29 17:14:23.993,30.345378875732425,95.90361785888672,157.48697662353516,87.2727279663086,85.5,61.23046875,99.93851470947266,38.08071517944336,33.65928170442744,42029.0,34.95082092285156,28.6134033203125,26.35589599609375,27.19906616210937,42.30000019073486
1970-11-29 17:14:24.990,30.481170654296875,96.02409362792967,158.34146881103516,87.2727279663086,86.0,61.23046875,99.93851470947266,38.07071304321289,32.6403375476944,42029.0,33.155670166015625,27.66143798828125,31.714111328125,26.519088745117188,42.30000019073486
1970-11-29 17:14:25.993,30.481170654296875,96.02409362792967,158.34146881103516,87.2727279663086,86.0,61.23046875,99.93851470947266,38.07071304321289,32.6403375476944,42029.0,33.155670166015625,27.66143798828125,31.714111328125,26.519088745117188,42.30000019073486
1970-11-29 17:14:26.992,30.412317276000977,96.08433532714844,158.5042266845703,87.3484878540039,86.19999694824219,61.23046875,99.93851470947266,38.05268859863281,33.506111987641376,42029.0,32.584503173828125,31.85009765625,30.84375,20.508087158203125,42.30000019073486
1970-11-29 17:14:27.995,30.34293365478516,95.96385192871094,158.98438262939453,87.2727279663086,86.69999694824219,61.23046875,99.93851470947266,38.03016662597656,34.4067106282478,42029.0,38.921875,31.4149169921875,27.552642822265625,25.02313232421875,42.30000019073486
1970-11-29 17:14:28.994,30.34293365478516,95.96385192871094,158.98438262939453,87.2727279663086,86.69999694824219,61.23046875,99.93851470947266,38.03016662597656,34.4067106282478,42029.0,38.921875,31.4149169921875,27.552642822265625,25.02313232421875,42.30000019073486
1970-11-29 17:14:29.992,30.29357147216797,95.90361785888672,159.3180389404297,87.2727279663086,86.5999984741211,61.23046875,99.93851470947266,38.0239486694336,34.54065088767828,42029.0,34.624420166015625,28.640625,27.87904357910156,31.55091857910156,42.30000019073486
1970-11-29 17:14:30.994,30.166358947753903,95.96385192871094,159.36685943603516,87.2727279663086,86.29999542236328,61.23046875,99.93851470947266,38.0162467956543,34.96305253081401,42029.0,33.835662841796875,32.339691162109375,28.776611328125,28.06942749023437,42.30000019073486
1970-11-29 17:14:31.990,30.166358947753903,95.96385192871094,159.36685943603516,87.2727279663086,86.29999542236328,61.23046875,99.93851470947266,38.0162467956543,34.96305253081401,42029.0,33.835662841796875,32.339691162109375,28.776611328125,28.06942749023437,42.30000019073486
1970-11-29 17:14:32.993,29.924882888793945,96.08433532714844,157.8369140625,87.2727279663086,85.69999694824219,61.23046875,99.93851470947266,38.00111770629883,37.16593972550771,42029.0,37.7523193359375,29.320587158203125,22.575225830078125,27.96063232421875,42.30000019073486
1970-11-29 17:14:33.992,29.737382888793945,95.96385192871094,158.18685150146484,87.2727279663086,85.69999694824219,61.23046875,99.93851470947266,37.982540130615234,36.90962444694689,42029.0,34.624420166015625,29.102996826171875,26.35589599609375,24.85995483398437,42.30000019073486
1970-11-29 17:14:34.991,29.737382888793945,95.96385192871094,158.18685150146484,87.2727279663086,85.69999694824219,61.23046875,99.93851470947266,37.982540130615234,36.90962444694689,42029.0,34.624420166015625,29.102996826171875,26.35589599609375,24.85995483398437,42.30000019073486
1970-11-29 17:14:35.990,29.68730926513672,95.90361785888672,158.07291412353516,87.2727279663086,86.5999984741211,61.23046875,99.93851470947266,37.97705459594727,36.296769613291616,42029.0,38.785888671875,31.63250732421875,27.579864501953125,31.306121826171875,42.30000019073486
1970-11-29 17:14:36.990,29.65348052978516,96.02409362792967,158.7076873779297,87.2727279663086,86.0,61.23046875,99.93851470947266,37.93667221069336,35.875710653218206,42029.0,39.9554443359375,29.29339599609375,26.95428466796875,30.517364501953125,42.30000019073486
1970-11-29 17:14:37.995,29.65348052978516,96.02409362792967,158.7076873779297,87.2727279663086,86.0,61.23046875,99.93851470947266,37.93667221069336,35.875710653218206,42029.0,39.9554443359375,29.29339599609375,26.95428466796875,30.517364501953125,42.30000019073486
1970-11-29 17:14:38.994,29.63749313354492,96.1445770263672,157.1696014404297,87.3484878540039,85.39999389648438,61.23046875,99.93851470947266,37.92415618896485,38.297984462160066,42029.0,38.677093505859375,31.469314575195312,25.26792907714844,26.73667907714844,42.30000019073486
1970-11-29 17:14:39.994,29.740177154541016,95.90361785888672,158.50423431396484,87.2727279663086,85.5999984741211,61.23046875,99.93489074707033,37.89525604248047,35.90478859661151,42029.0,39.60186767578125,27.307861328125,28.3414306640625,30.490142822265625,42.30000019073486
1970-11-29 17:14:41.003,29.740177154541016,95.90361785888672,158.50423431396484,87.2727279663086,85.5999984741211,61.23046875,99.93489074707033,37.89525604248047,35.90478859661151,42029.0,39.60186767578125,27.307861328125,28.3414306640625,30.490142822265625,42.30000019073486
1970-11-29 17:14:42.004,29.93873405456543,95.90361785888672,159.26920318603516,87.2727279663086,86.5,61.23046875,99.93851470947266,37.86814498901367,36.715306877913505,42029.0,35.38600158691406,31.170135498046875,28.3414306640625,28.640625,42.30000019073486
1970-11-29 17:14:42.991,30.05479049682617,96.1445770263672,157.7880859375,87.2727279663086,86.19999694824219,61.23046875,99.93851470947266,37.8575325012207,36.78107432422399,42029.0,37.58912658691406,31.088531494140625,23.635986328125,27.579864501953125,42.30000019073486
1970-11-29 17:14:44.003,30.05479049682617,96.1445770263672,157.7880859375,87.2727279663086,86.19999694824219,61.23046875,99.93851470947266,37.8575325012207,36.78107432422399,42029.0,37.58912658691406,31.088531494140625,23.635986328125,27.579864501953125,42.30000019073486
1970-11-29 17:14:44.995,30.156885147094727,96.08433532714844,158.203125,87.2727279663086,85.29999542236328,61.23046875,99.93851470947266,37.82912063598633,36.06922847431831,42029.0,31.986114501953125,34.243621826171875,27.280670166015625,25.947906494140625,42.30000019073486
1970-11-29 17:14:45.992,30.2199821472168,95.90361785888672,157.31607818603516,87.3484878540039,85.0999984741211,61.23046875,99.93851470947266,37.79852294921875,35.495236737954755,42029.0,35.46759033203125,28.91259765625,23.41839599609375,25.02313232421875,42.30000019073486
1970-11-29 17:14:46.992,30.2199821472168,95.90361785888672,157.31607818603516,87.3484878540039,85.0999984741211,61.23046875,99.93851470947266,37.79852294921875,35.495236737954755,42029.0,35.46759033203125,28.91259765625,23.41839599609375,25.02313232421875,42.30000019073486
1970-11-29 17:14:48.011,30.24103546142578,96.02409362792967,158.16243743896484,87.2727279663086,85.5999984741211,61.23046875,99.93851470947266,37.7832260131836,35.95528190076425,42029.0,36.80035400390625,33.31884765625,25.24072265625,25.947906494140625,42.30000019073486
1970-11-29 17:14:48.994,30.06985282897949,96.02409362792967,158.92740631103516,87.2727279663086,86.0,61.23046875,99.93851470947266,37.747833251953125,35.71486412881283,42030.0,36.22918701171875,28.09663391113281,26.546295166015625,28.4774169921875,42.30000019073486
1970-11-29 17:14:50.005,30.06985282897949,96.02409362792967,158.92740631103516,87.2727279663086,86.0,61.23046875,99.93851470947266,37.747833251953125,35.71486412881283,42030.0,36.22918701171875,28.09663391113281,26.546295166015625,28.4774169921875,42.30000019073486
1970-11-29 17:14:50.990,30.020566940307617,96.08433532714844,159.9446563720703,87.2727279663086,86.4000015258789,61.23046875,99.93851470947266,37.71243667602539,36.759588073844895,42030.0,34.43403625488281,32.557281494140625,31.74130249023437,28.93980407714844,42.30000019073486
1970-11-29 17:14:51.990,29.99886703491211,95.90361785888672,158.75650787353516,87.2727279663086,86.69999694824219,61.23046875,99.93851470947266,37.69473648071289,35.64434564853129,42030.0,36.17477416992188,33.86283874511719,31.03413391113281,31.19732666015625,42.30000019073486
1970-11-29 17:14:52.992,29.99886703491211,95.90361785888672,158.75650787353516,87.2727279663086,86.69999694824219,61.23046875,99.93851470947266,37.69473648071289,35.64434564853129,42030.0,36.17477416992188,33.86283874511719,31.03413391113281,31.19732666015625,42.30000019073486
1970-11-29 17:14:53.994,29.88839530944824,95.84337615966795,158.56119537353516,87.2727279663086,86.19999694824219,61.23046875,99.93851470947266,37.6843376159668,35.031087622965664,42030.0,37.50753784179688,28.20542907714844,26.4375,30.13656616210937,42.30000019073486
1970-11-29 17:14:54.993,29.819477081298828,96.02409362792967,158.69140625,87.2727279663086,86.0999984741211,61.23046875,99.93851470947266,37.66389465332031,35.126500496290326,42030.0,38.4866943359375,31.442108154296875,27.634246826171875,28.368621826171875,42.30000019073486
1970-11-29 17:14:56.005,29.819477081298828,96.02409362792967,158.69140625,87.2727279663086,86.0999984741211,61.23046875,99.93851470947266,37.66389465332031,35.126500496290326,42030.0,38.4866943359375,31.442108154296875,27.634246826171875,28.368621826171875,42.30000019073486
1970-11-29 17:14:56.990,29.842071533203125,96.20481872558594,158.37403106689453,87.2727279663086,85.5,61.23046875,99.93851470947266,37.633888244628906,37.31235203734667,42030.0,37.58912658691406,29.42938232421875,28.749420166015625,28.504623413085938,42.30000019073486
1970-11-29 17:14:57.990,30.001605987548828,95.96385192871094,158.65885162353516,87.2727279663086,86.0,61.23046875,99.93851470947266,37.6213493347168,38.18057568583632,42030.0,32.4757080078125,30.490142822265625,28.4774169921875,27.87904357910156,42.30000019073486
1970-11-29 17:14:58.990,30.001605987548828,95.96385192871094,158.65885162353516,87.2727279663086,86.0,61.23046875,99.93851470947266,37.6213493347168,38.18057568583632,42030.0,32.4757080078125,30.490142822265625,28.4774169921875,27.87904357910156,42.30000019073486
1970-11-29 17:15:00.005,30.05523109436035,95.78313446044922,158.203125,87.2727279663086,85.79999542236328,61.23046875,99.93851470947266,37.59156036376953,38.56775205001118,42030.0,36.80035400390625,34.18922424316406,31.088531494140625,28.314239501953125,42.30000019073486
1970-11-29 17:15:00.992,30.08065795898437,96.1445770263672,158.41471099853516,87.2727279663086,85.9000015258789,61.23046875,99.93851470947266,37.57159805297852,36.125498892646014,42030.0,35.57640075683594,31.714111328125,25.02313232421875,23.11920166015625,42.30000019073486
1970-11-29 17:15:02.001,30.08065795898437,96.1445770263672,158.41471099853516,87.2727279663086,85.9000015258789,61.23046875,99.93851470947266,37.57159805297852,36.125498892646014,42030.0,35.57640075683594,31.714111328125,25.02313232421875,23.11920166015625,42.30000019073486
1970-11-29 17:15:03.001,30.12648582458496,96.1445770263672,157.6822967529297,87.2727279663086,85.5999984741211,61.23046875,99.93851470947266,37.56098937988281,36.49587124496398,42030.0,36.990753173828125,32.50288391113281,27.579864501953125,25.75750732421875,42.30000019073486
1970-11-29 17:15:03.994,30.160070419311523,95.84337615966795,157.95084381103516,87.2727279663086,85.79999542236328,61.23046875,99.93851470947266,37.5350456237793,37.958502742408044,42030.0,36.71875,32.06768798828125,27.52545166015625,25.567123413085938,42.30000019073486
1970-11-29 17:15:04.992,30.160070419311523,95.84337615966795,157.95084381103516,87.2727279663086,85.79999542236328,61.23046875,99.93851470947266,37.5350456237793,37.958502742408044,42030.0,36.71875,32.06768798828125,27.52545166015625,25.567123413085938,42.30000019073486
1970-11-29 17:15:06.004,30.02138328552246,95.90361785888672,158.06478118896484,87.2727279663086,85.5999984741211,61.23046875,99.93851470947266,37.52645111083984,37.776031806146065,42030.0,35.440399169921875,32.66607666015625,25.15913391113281,26.927078247070312,42.30000019073486
1970-11-29 17:15:06.995,30.013086318969727,96.1445770263672,158.35774993896484,87.3484878540039,85.0,61.23046875,99.93851470947266,37.52603530883789,36.68809909516068,42030.0,37.208343505859375,29.021392822265625,26.73667907714844,28.20542907714844,42.30000019073486
1970-11-29 17:15:07.993,30.013086318969727,96.1445770263672,158.35774993896484,87.3484878540039,85.0,61.23046875,99.93851470947266,37.52603530883789,36.68809909516068,42030.0,37.208343505859375,29.021392822265625,26.73667907714844,28.20542907714844,42.30000019073486
1970-11-29 17:15:08.993,30.047563552856445,96.02409362792967,157.91015625,87.2727279663086,85.29999542236328,61.23046875,99.93851470947266,37.51027297973633,37.60009907591146,42030.0,35.821197509765625,32.638885498046875,29.9461669921875,21.895248413085938,42.30000019073486
1970-11-29 17:15:09.995,30.02157974243164,95.96385192871094,158.1949920654297,87.2727279663086,85.5,61.23046875,99.93851470947266,37.5112190246582,37.32268137505358,42030.0,33.754058837890625,32.8836669921875,25.86630249023437,25.75750732421875,42.30000019073486
1970-11-29 17:15:10.994,30.02157974243164,95.96385192871094,158.1949920654297,87.2727279663086,85.5,61.23046875,99.93851470947266,37.5112190246582,37.32268137505358,42030.0,33.754058837890625,32.8836669921875,25.86630249023437,25.75750732421875,42.30000019073486
1970-11-29 17:15:11.994,29.93806266784668,95.96385192871094,158.9029998779297,87.2727279663086,84.5,61.23046875,99.93851470947266,37.50990295410156,37.125999997324186,42030.0,30.92535400390625,31.87730407714844,24.914337158203125,24.6695556640625,42.30000019073486
1970-11-29 17:15:12.991,29.914628982543945,96.1445770263672,158.63443756103516,87.2727279663086,84.89999389648438,61.23046875,99.93851470947266,37.508567810058594,36.265331520941785,42030.0,35.68519592285156,31.4149169921875,28.885406494140625,30.02777099609375,42.30000019073486
1970-11-29 17:15:13.990,29.914628982543945,96.1445770263672,158.63443756103516,87.2727279663086,84.89999389648438,61.23046875,99.93851470947266,37.508567810058594,36.265331520941785,42030.0,35.68519592285156,31.4149169921875,28.885406494140625,30.02777099609375,42.30000019073486
1970-11-29 17:15:15.005,29.96153450012207,95.90361785888672,158.23567962646484,87.2727279663086,85.9000015258789,61.23046875,99.93851470947266,37.51686477661133,34.26063844652501,42030.0,37.453125,30.707733154296875,29.048614501953125,26.46469116210937,42.30000019073486
1970-11-29 17:15:15.991,29.886615753173828,95.96385192871094,159.033203125,87.2727279663086,86.0999984741211,61.23046875,99.93851470947266,37.53436279296875,36.2101823488815,42030.0,34.89642333984375,33.645233154296875,31.55091857910156,27.79745483398437,42.30000019073486
1970-11-29 17:15:16.992,29.886615753173828,95.96385192871094,159.033203125,87.2727279663086,86.0999984741211,61.23046875,99.93851470947266,37.53436279296875,36.2101823488815,42030.0,34.89642333984375,33.645233154296875,31.55091857910156,27.79745483398437,42.30000019073486
1970-11-29 17:15:18.991,29.93053436279297,96.02409362792967,157.30794525146484,87.2727279663086,85.5999984741211,61.23046875,99.93851470947266,37.54899215698242,37.28245856864102,42030.0,36.990753173828125,29.483795166015625,25.784713745117188,26.60067749023437,42.30000019073486
1970-11-29 17:15:18.000,29.856969833374023,96.02409362792967,158.11360931396484,87.2727279663086,85.5999984741211,61.23046875,99.93851470947266,37.52864837646485,37.657869336680626,42030.0,37.09954833984375,30.84375,27.307861328125,26.899871826171875,42.30000019073486
1970-11-29 17:15:19.994,29.93053436279297,96.02409362792967,157.30794525146484,87.2727279663086,85.5999984741211,61.23046875,99.93851470947266,37.54899215698242,37.28245856864102,42030.0,36.990753173828125,29.483795166015625,25.784713745117188,26.60067749023437,42.30000019073486
1970-11-29 17:15:20.991,30.06867027282715,95.90361785888672,157.79622650146484,87.2727279663086,86.29999542236328,61.23046875,99.93851470947266,37.554649353027344,35.64572594507849,42030.0,35.875579833984375,29.9461669921875,26.00230407714844,27.33505249023437,42.30000019073486
1970-11-29 17:15:21.994,30.038063049316406,96.02409362792967,157.1044921875,87.2727279663086,86.79999542236328,61.23046875,99.93851470947266,37.55924606323242,35.96646469310661,42030.0,37.208343505859375,27.36225891113281,24.642364501953125,28.91259765625,42.30000019073486
1970-11-29 17:15:22.993,30.038063049316406,96.02409362792967,157.1044921875,87.2727279663086,86.79999542236328,61.23046875,99.93851470947266,37.55924606323242,35.96646469310661,42030.0,37.208343505859375,27.36225891113281,24.642364501953125,28.91259765625,42.30000019073486
1970-11-29 17:15:23.990,30.04241752624512,96.1445770263672,156.89290618896484,87.2727279663086,85.69999694824219,61.23046875,99.93851470947266,37.57435607910156,35.6417820237207,42030.0,35.522003173828125,26.573486328125,30.29975891113281,28.885406494140625,42.30000019073486
1970-11-29 17:15:24.993,30.07257652282715,96.02409362792967,159.07389068603516,87.2727279663086,86.0,61.23046875,99.93851470947266,37.5731086730957,36.62530964804219,42030.0,34.787628173828125,30.734939575195312,30.00057983398437,28.368621826171875,42.30000019073486
1970-11-29 17:15:25.994,30.07257652282715,96.02409362792967,159.07389068603516,87.2727279663086,86.0,61.23046875,99.93851470947266,37.5731086730957,36.62530964804219,42030.0,34.787628173828125,30.734939575195312,30.00057983398437,28.368621826171875,42.30000019073486
1970-11-29 17:15:27.002,30.03998565673828,95.96385192871094,158.11360931396484,87.3484878540039,86.0,61.23046875,99.93851470947266,37.5921745300293,36.964666540187295,42030.0,40.44503784179688,30.87094116210937,28.232635498046875,26.029510498046875,42.30000019073486
1970-11-29 17:15:27.994,29.9101791381836,95.96385192871094,157.8369140625,87.2727279663086,85.5,61.23046875,99.93851470947266,37.59799575805664,37.31528622046751,42030.0,35.90278625488281,28.531814575195312,26.818267822265625,29.864578247070312,42.30000019073486
1970-11-29 17:15:28.992,29.9101791381836,95.96385192871094,157.8369140625,87.2727279663086,85.5,61.23046875,99.93851470947266,37.59799575805664,37.31528622046751,42030.0,35.90278625488281,28.531814575195312,26.818267822265625,29.864578247070312,42.30000019073486
1970-11-29 17:15:29.992,29.83408737182617,96.02409362792967,158.13802337646484,87.2727279663086,85.19999694824219,61.23046875,99.93851470947266,37.60038375854492,36.08879329513363,42030.0,35.25,29.266189575195312,29.64697265625,25.104736328125,42.30000019073486
1970-11-29 17:15:31.994,29.84095573425293,96.02409362792967,157.79622650146484,87.2727279663086,86.0,61.23046875,99.93851470947266,37.609954833984375,36.03360060286649,42030.0,32.421295166015625,32.50288391113281,27.52545166015625,26.4375,42.30000019073486
1970-11-29 17:15:31.000,29.84095573425293,96.02409362792967,157.79622650146484,87.2727279663086,86.0,61.23046875,99.93851470947266,37.609954833984375,36.03360060286649,42030.0,32.421295166015625,32.50288391113281,27.52545166015625,26.4375,42.30000019073486
1970-11-29 17:15:32.993,29.762571334838867,95.96385192871094,156.76270294189453,87.2727279663086,85.79999542236328,61.23046875,99.93851470947266,37.60037612915039,36.07199760012699,42030.0,35.739593505859375,30.354156494140625,25.86630249023437,25.18634033203125,42.30000019073486
1970-11-29 17:15:33.992,29.77558326721192,96.02409362792967,156.9987030029297,87.2727279663086,85.79999542236328,61.23046875,99.93851470947266,37.61967086791992,35.110317026200974,42030.0,33.99884033203125,28.55902099609375,23.85357666015625,27.90625,42.30000019073486
1970-11-29 17:15:35.004,29.77558326721192,96.02409362792967,156.9987030029297,87.2727279663086,85.79999542236328,61.23046875,99.93851470947266,37.61967086791992,35.110317026200974,42030.0,33.99884033203125,28.55902099609375,23.85357666015625,27.90625,42.30000019073486
1970-11-29 17:15:35.992,29.89344787597656,96.02409362792967,158.07291412353516,87.2727279663086,85.79999542236328,61.23046875,99.93851470947266,37.63009643554688,35.41950653796112,42030.0,33.07408142089844,28.314224243164062,26.899871826171875,29.40219116210937,42.30000019073486
1970-11-29 17:15:37.001,30.09848976135254,96.02409362792967,157.70670318603516,87.2727279663086,86.19999694824219,61.23046875,99.93851470947266,37.62541580200195,34.959914201759574,42030.0,32.74769592285156,32.0133056640625,25.295135498046875,29.67417907714844,42.30000019073486
1970-11-29 17:15:37.993,30.09848976135254,96.02409362792967,157.70670318603516,87.2727279663086,86.19999694824219,61.23046875,99.93851470947266,37.62541580200195,34.959914201759574,42030.0,32.74769592285156,32.0133056640625,25.295135498046875,29.67417907714844,42.30000019073486
1970-11-29 17:15:39.001,30.1162166595459,96.02409362792967,156.4208984375,87.2727279663086,86.4000015258789,61.23046875,99.93851470947266,37.64813995361328,34.589402207317725,42030.0,36.12037658691406,29.238983154296875,24.88714599609375,23.989578247070312,42.30000019073486
1970-11-29 17:15:39.991,30.18465042114257,95.90361785888672,157.763671875,87.3484878540039,86.19999694824219,61.23046875,99.93851470947266,37.65639877319336,34.0619095191606,42030.0,33.618072509765625,29.72857666015625,25.92071533203125,27.661453247070312,42.30000019073486
1970-11-29 17:15:40.992,30.18465042114257,95.90361785888672,157.763671875,87.3484878540039,86.19999694824219,61.23046875,99.93851470947266,37.65639877319336,34.0619095191606,42030.0,33.618072509765625,29.72857666015625,25.92071533203125,27.661453247070312,42.30000019073486
1970-11-29 17:15:41.993,30.21967887878418,95.84337615966795,156.884765625,87.3484878540039,86.19999694824219,61.23046875,99.93851470947266,37.66556167602539,35.17119469016774,42030.0,36.12037658691406,28.6134033203125,24.560760498046875,28.015045166015625,42.30000019073486
1970-11-29 17:15:42.993,30.117862701416016,96.02409362792967,156.0628204345703,87.2727279663086,86.19999694824219,61.23046875,99.93851470947266,37.681251525878906,32.977868246053276,42030.0,31.95892333984375,31.14292907714844,22.439239501953125,26.2742919921875,42.30000019073486
1970-11-29 17:15:43.991,30.117862701416016,96.02409362792967,156.0628204345703,87.2727279663086,86.19999694824219,61.23046875,99.93851470947266,37.681251525878906,32.977868246053276,42030.0,31.95892333984375,31.14292907714844,22.439239501953125,26.2742919921875,42.30000019073486
1970-11-29 17:15:44.992,29.974946975708008,96.02409362792967,157.79622650146484,87.2727279663086,87.30000305175781,61.23046875,99.93851470947266,37.680641174316406,34.22209645824299,42030.0,31.60533142089844,30.5445556640625,28.232635498046875,28.885406494140625,42.30000019073486
1970-11-29 17:15:45.991,29.89683151245117,96.1445770263672,158.30078125,87.2727279663086,86.19999694824219,61.23046875,99.93851470947266,37.69383239746094,36.31981077606694,42030.0,34.73321533203125,30.517349243164062,27.770248413085938,28.395828247070312,42.30000019073486
1970-11-29 17:15:46.990,29.89683151245117,96.1445770263672,158.30078125,87.2727279663086,86.19999694824219,61.23046875,99.93851470947266,37.69383239746094,36.31981077606694,42030.0,34.73321533203125,30.517349243164062,27.770248413085938,28.395828247070312,42.30000019073486
1970-11-29 17:15:48.002,29.91203498840332,95.96385192871094,159.31803131103516,87.3484878540039,86.5999984741211,61.23046875,99.93851470947266,37.71611404418945,34.24011993989997,42030.0,33.72686767578125,30.707733154296875,28.586212158203125,27.987838745117188,42.30000019073486
1970-11-29 17:15:49.002,29.84342384338379,95.96385192871094,159.87954711914062,87.3484878540039,86.0,61.23046875,99.93851470947266,37.726104736328125,36.02162214811713,42030.0,34.21644592285156,29.266189575195312,28.4774169921875,24.75115966796875,42.30000019073486
1970-11-29 17:15:50.002,29.84342384338379,95.96385192871094,159.87954711914062,87.3484878540039,86.0,61.23046875,99.93851470947266,37.726104736328125,36.02162214811713,42030.0,34.21644592285156,29.266189575195312,28.4774169921875,24.75115966796875,42.30000019073486
1970-11-29 17:15:50.994,29.83588600158692,96.02409362792967,160.3271484375,87.2727279663086,86.4000015258789,61.23046875,99.93851470947266,37.73134231567383,36.52631874362038,42030.0,36.2835693359375,29.40219116210937,25.5399169921875,27.770248413085938,42.30000019073486
1970-11-29 17:15:52.001,29.90117645263672,96.1445770263672,161.3525390625,87.2727279663086,85.69999694824219,61.23046875,99.93851470947266,37.76100158691406,36.25921034535813,42030.0,37.39874267578125,31.03413391113281,27.90625,27.770248413085938,42.30000019073486
1970-11-29 17:15:53.002,29.90117645263672,96.1445770263672,161.3525390625,87.2727279663086,85.69999694824219,61.23046875,99.93851470947266,37.76100158691406,36.25921034535813,42030.0,37.39874267578125,31.03413391113281,27.90625,27.770248413085938,42.30000019073486
1970-11-29 17:15:53.990,29.990215301513672,95.84337615966795,161.4420623779297,87.2727279663086,85.9000015258789,61.23046875,99.93851470947266,37.77033233642578,36.53754956749479,42030.0,36.337982177734375,29.9461669921875,27.33505249023437,23.227996826171875,42.30000019073486
1970-11-29 17:15:54.992,29.973981857299805,95.90361785888672,161.48274993896484,87.3484878540039,85.69999694824219,61.23046875,99.93851470947266,37.78293991088867,36.86622175413438,42030.0,34.488433837890625,33.182861328125,24.99594116210937,27.035873413085938,42.30000019073486
1970-11-29 17:15:55.994,29.973981857299805,95.90361785888672,161.48274993896484,87.3484878540039,85.69999694824219,61.23046875,99.93851470947266,37.78293991088867,36.86622175413438,42030.0,34.488433837890625,33.182861328125,24.99594116210937,27.035873413085938,42.30000019073486
1970-11-29 17:15:56.995,30.014795303344727,96.20481872558594,162.4593048095703,87.2727279663086,85.29999542236328,61.23046875,99.93851470947266,37.78679656982422,38.49695810292534,42030.0,36.63716125488281,29.157394409179688,26.899871826171875,25.947906494140625,42.30000019073486
1970-11-29 17:15:58.001,30.08722877502441,95.96385192871094,164.06250762939453,87.2727279663086,85.69999694824219,61.23046875,99.93851470947266,37.80164337158203,37.0016034234768,42030.0,31.632537841796875,32.82926940917969,27.715850830078125,30.054962158203125,42.30000019073486
1970-11-29 17:15:58.991,30.08722877502441,95.96385192871094,164.06250762939453,87.2727279663086,85.69999694824219,61.23046875,99.93851470947266,37.80164337158203,37.0016034234768,42030.0,31.632537841796875,32.82926940917969,27.715850830078125,30.054962158203125,42.30000019073486
1970-11-29 17:16:00.994,30.04948234558105,96.02409362792967,165.2750701904297,87.2727279663086,86.5,61.23046875,99.93851470947266,37.81624603271485,35.99275893243255,42030.0,36.50115966796875,31.14292907714844,25.97509765625,28.015045166015625,42.30000019073486
1970-11-29 17:16:00.000,30.084667205810547,95.84337615966795,163.818359375,87.2727279663086,85.19999694824219,61.23046875,99.93851470947266,37.8044319152832,36.64796110829688,42030.0,34.46124267578125,29.755767822265625,26.247100830078125,25.295135498046875,42.30000019073486
1970-11-29 17:16:01.993,30.04948234558105,96.02409362792967,165.2750701904297,87.2727279663086,86.5,61.23046875,99.93851470947266,37.81624603271485,35.99275893243255,42030.0,36.50115966796875,31.14292907714844,25.97509765625,28.015045166015625,42.30000019073486
1970-11-29 17:16:02.990,30.0752010345459,96.08433532714844,163.9404296875,87.2727279663086,86.9000015258789,61.23046875,99.93851470947266,37.808589935302734,34.896856412393475,42030.0,35.92999267578125,31.19732666015625,29.130203247070312,24.642364501953125,42.30000019073486
1970-11-29 17:16:03.991,30.133020401000977,96.08433532714844,161.62108612060547,87.2727279663086,86.5,61.23046875,99.93851470947266,37.811710357666016,36.011127089541645,42030.0,35.71240234375,32.8836669921875,28.85821533203125,27.90625,42.30000019073486
1970-11-29 17:16:04.993,30.133020401000977,96.08433532714844,161.62108612060547,87.2727279663086,86.5,61.23046875,99.93851470947266,37.811710357666016,36.011127089541645,42030.0,35.71240234375,32.8836669921875,28.85821533203125,27.90625,42.30000019073486
1970-11-29 17:16:05.990,30.065353393554688,95.96385192871094,163.037109375,87.3484878540039,86.19999694824219,61.23046875,99.93851470947266,37.80605697631836,36.923398378877394,42030.0,38.43231201171875,31.224517822265625,24.75115966796875,23.69038391113281,42.30000019073486
1970-11-29 17:16:07.004,29.99747085571289,95.96385192871094,163.2487030029297,87.2727279663086,86.4000015258789,61.23046875,99.93851470947266,37.80700302124024,36.63648083836821,42030.0,37.289947509765625,32.23089599609375,26.519088745117188,28.61341857910156,42.30000019073486
1970-11-29 17:16:07.994,29.98964500427246,95.96385192871094,164.02994537353516,87.2727279663086,86.19999694824219,61.23046875,99.93851470947266,37.80412673950195,35.97252863934727,42030.0,36.06597900390625,29.2117919921875,29.89178466796875,25.97509765625,42.30000019073486
1970-11-29 17:16:09.002,29.98964500427246,95.96385192871094,164.02994537353516,87.2727279663086,86.19999694824219,61.23046875,99.93851470947266,37.80412673950195,35.97252863934727,42030.0,36.06597900390625,29.2117919921875,29.89178466796875,25.97509765625,42.30000019073486
1970-11-29 17:16:09.991,30.031879425048828,96.02409362792967,162.8580780029297,87.2727279663086,86.29999542236328,61.23046875,99.93851470947266,37.80033493041992,36.068807979801534,42030.0,30.19097900390625,32.176483154296875,28.99420166015625,19.88250732421875,42.30000019073486
1970-11-29 17:16:11.004,30.031879425048828,96.02409362792967,162.8580780029297,87.2727279663086,86.29999542236328,61.23046875,99.93851470947266,37.80033493041992,36.068807979801534,42030.0,30.19097900390625,32.176483154296875,28.99420166015625,19.88250732421875,42.30000019073486
1970-11-29 17:16:11.992,29.965726852416992,95.96385192871094,162.33724212646484,87.2727279663086,85.9000015258789,61.23046875,99.93851470947266,37.81565856933594,36.16693036217231,42030.0,34.053253173828125,31.442108154296875,24.778350830078125,24.12557983398437,42.30000019073486
1970-11-29 17:16:12.994,29.957290649414062,95.96385192871094,162.19075775146484,87.2727279663086,85.5,61.23046875,99.93851470947266,37.808712005615234,37.30999956195777,42030.0,32.285308837890625,27.44384765625,24.043975830078125,27.44384765625,42.30000019073486
1970-11-29 17:16:13.994,29.988494873046875,96.02409362792967,162.33724212646484,87.2727279663086,86.0999984741211,61.23046875,99.93851470947266,37.806884765625,34.41586713858159,42030.0,32.69329833984375,29.59259033203125,27.14466857910156,25.26792907714844,42.30000019073486
1970-11-29 17:16:15.004,29.988494873046875,96.02409362792967,162.33724212646484,87.2727279663086,86.0999984741211,61.23046875,99.93851470947266,37.806884765625,34.41586713858159,42030.0,32.69329833984375,29.59259033203125,27.14466857910156,25.26792907714844,42.30000019073486
1970-11-29 17:16:16.005,30.06454086303711,95.96385192871094,162.3942108154297,87.2727279663086,85.79999542236328,61.23046875,99.93851470947266,37.80415344238281,36.0717280620471,42030.0,33.046875,25.92071533203125,27.634246826171875,23.47279357910156,42.30000019073486
1970-11-29 17:16:16.994,29.97986602783203,95.90361785888672,161.8977813720703,87.2727279663086,85.9000015258789,61.23046875,99.93851470947266,37.798316955566406,34.81973960693937,42030.0,31.632537841796875,32.557281494140625,24.45196533203125,24.53355407714844,42.30000019073486
1970-11-29 17:16:17.992,29.97986602783203,95.90361785888672,161.8977813720703,87.2727279663086,85.9000015258789,61.23046875,99.93851470947266,37.798316955566406,34.81973960693937,42030.0,31.632537841796875,32.557281494140625,24.45196533203125,24.53355407714844,42.30000019073486
1970-11-29 17:16:19.001,29.971433639526367,96.1445770263672,161.88965606689453,87.2727279663086,86.19999694824219,61.23046875,99.93851470947266,37.80314636230469,34.716054938940715,42030.0,34.59722900390625,27.8790283203125,24.42475891113281,26.32870483398437,42.30000019073486
1970-11-29 17:16:19.994,30.041778564453125,96.02409362792967,162.060546875,87.3484878540039,86.5,61.23046875,99.93851470947266,37.79682540893555,35.15601188124042,42030.0,34.84202575683594,25.02313232421875,27.19906616210937,28.17822265625,42.30000019073486
1970-11-29 17:16:20.993,30.041778564453125,96.02409362792967,162.060546875,87.3484878540039,86.5,61.23046875,99.93851470947266,37.79682540893555,35.15601188124042,42030.0,34.84202575683594,25.02313232421875,27.19906616210937,28.17822265625,42.30000019073486
1970-11-29 17:16:22.002,30.055688858032227,95.84337615966795,163.2405548095703,87.2727279663086,86.5999984741211,61.23046875,99.93851470947266,37.788909912109375,34.208503870169494,42030.0,33.18287658691406,31.306121826171875,26.95428466796875,26.00230407714844,42.30000019073486
1970-11-29 17:16:22.990,30.03620719909668,96.08433532714844,161.97916412353516,87.2727279663086,86.5,61.23046875,99.93851470947266,37.78414916992188,34.5923301567481,42030.0,35.16841125488281,32.122100830078125,24.832748413085938,26.05670166015625,42.30000019073486
1970-11-29 17:16:23.994,30.03620719909668,96.08433532714844,161.97916412353516,87.2727279663086,86.5,61.23046875,99.93851470947266,37.78414916992188,34.5923301567481,42030.0,35.16841125488281,32.122100830078125,24.832748413085938,26.05670166015625,42.30000019073486
1970-11-29 17:16:24.993,30.057117462158203,96.1445770263672,162.04427337646484,87.2727279663086,86.0,61.23046875,99.93851470947266,37.77463150024414,33.826152041813906,42030.0,39.329864501953125,26.546295166015625,22.140045166015625,28.287017822265625,42.30000019073486
1970-11-29 17:16:25.990,30.1174373626709,95.96385192871094,162.50814056396484,87.2727279663086,86.69999694824219,61.23046875,99.93851470947266,37.76348876953125,35.02783085039206,42030.0,35.114013671875,29.53817749023437,26.95428466796875,28.83100891113281,42.30000019073486
1970-11-29 17:16:26.992,30.1174373626709,95.96385192871094,162.50814056396484,87.2727279663086,86.69999694824219,61.23046875,99.93851470947266,37.76348876953125,35.02783085039206,42030.0,35.114013671875,29.53817749023437,26.95428466796875,28.83100891113281,42.30000019073486
1970-11-29 17:16:27.995,30.030122756958008,95.96385192871094,162.8662109375,87.2727279663086,86.19999694824219,61.23046875,99.93851470947266,37.750587463378906,35.63255202648453,42030.0,34.515625,33.45484924316406,26.65509033203125,26.763885498046875,42.30000019073486
1970-11-29 17:16:29.001,30.007816314697266,96.02409362792967,163.55794525146484,87.2727279663086,86.9000015258789,61.23046875,99.93851470947266,37.73592376708984,35.32563702516371,42030.0,39.43865966796875,31.76850891113281,28.85821533203125,27.851837158203125,42.30000019073486
1970-11-29 17:16:29.995,30.007816314697266,96.02409362792967,163.55794525146484,87.2727279663086,86.9000015258789,61.23046875,99.93851470947266,37.73592376708984,35.32563702516371,42030.0,39.43865966796875,31.76850891113281,28.85821533203125,27.851837158203125,42.30000019073486
1970-11-29 17:16:30.993,30.010313034057617,96.02409362792967,163.5986328125,87.2727279663086,86.0,61.23046875,99.93851470947266,37.7187614440918,37.68877009201765,42030.0,35.49481201171875,33.10125732421875,29.130203247070312,30.89813232421875,42.30000019073486
1970-11-29 17:16:32.004,29.98714065551757,95.96385192871094,163.76953125,87.3484878540039,86.29999542236328,61.23046875,99.93851470947266,37.70724105834961,36.22318170490612,42030.0,34.95082092285156,27.82464599609375,32.80207824707031,27.09027099609375,42.30000019073486
1970-11-29 17:16:32.993,29.98714065551757,95.96385192871094,163.76953125,87.3484878540039,86.29999542236328,61.23046875,99.93851470947266,37.70724105834961,36.22318170490612,42030.0,34.95082092285156,27.82464599609375,32.80207824707031,27.09027099609375,42.30000019073486
1970-11-29 17:16:34.002,29.881074905395508,95.96385192871094,163.037109375,87.3484878540039,86.0999984741211,61.23046875,99.93851470947266,37.68889236450195,38.219025194798846,42030.0,37.37153625488281,32.82926940917969,26.4375,27.6070556640625,42.30000019073486
1970-11-29 17:16:35.001,29.871000289916992,96.02409362792967,162.09310150146484,87.2727279663086,85.39999389648438,61.23046875,99.93851470947266,37.66712188720703,38.31553692556296,42030.0,38.13311767578125,31.76850891113281,26.95428466796875,22.765625,42.30000019073486
1970-11-29 17:16:35.994,29.871000289916992,96.02409362792967,162.09310150146484,87.2727279663086,85.39999389648438,61.23046875,99.93851470947266,37.66712188720703,38.31553692556296,42030.0,38.13311767578125,31.76850891113281,26.95428466796875,22.765625,42.30000019073486
1970-11-29 17:16:37.003,29.881732940673828,96.08433532714844,162.66275787353516,87.2727279663086,86.5,61.23046875,99.93851470947266,37.6536979675293,37.550919489151276,42030.0,36.77316284179688,31.306121826171875,28.368621826171875,26.00230407714844,42.30000019073486
1970-11-29 17:16:37.991,29.87478256225586,95.90361785888672,162.3291015625,87.2727279663086,86.0,61.23046875,99.93851470947266,37.63307189941406,37.943037312799156,42030.0,36.827545166015625,29.483795166015625,30.190963745117188,25.376739501953125,42.30000019073486
1970-11-29 17:16:38.993,29.87478256225586,95.90361785888672,162.3291015625,87.2727279663086,86.0,61.23046875,99.93851470947266,37.63307189941406,37.943037312799156,42030.0,36.827545166015625,29.483795166015625,30.190963745117188,25.376739501953125,42.30000019073486
1970-11-29 17:16:39.991,29.91838836669922,96.08433532714844,162.7766876220703,87.2727279663086,85.79999542236328,61.23046875,99.93851470947266,37.60906219482422,37.916699201292985,42030.0,31.36053466796875,33.7540283203125,26.79107666015625,28.450225830078125,42.30000019073486
1970-11-29 17:16:40.992,29.99880790710449,96.02409362792967,162.43489837646484,87.3484878540039,85.69999694824219,61.23046875,99.93851470947266,37.59772491455078,36.55088998834246,42030.0,36.17477416992188,29.619781494140625,27.09027099609375,27.87904357910156,42.30000019073486
1970-11-29 17:16:41.993,29.99880790710449,96.02409362792967,162.43489837646484,87.3484878540039,85.69999694824219,61.23046875,99.93851470947266,37.59772491455078,36.55088998834246,42030.0,36.17477416992188,29.619781494140625,27.09027099609375,27.87904357910156,42.30000019073486
1970-11-29 17:16:42.992,30.07392692565918,95.96385192871094,163.12662506103516,87.3484878540039,86.0,61.23046875,99.93851470947266,37.59527969360352,37.23068034239509,42030.0,34.869232177734375,32.448486328125,28.66781616210937,28.776611328125,42.30000019073486
1970-11-29 17:16:43.992,30.080284118652344,96.02409362792967,162.95572662353516,87.2727279663086,85.69999694824219,61.23046875,99.93851470947266,37.563472747802734,37.62793546932381,42030.0,35.46759033203125,29.755767822265625,28.06942749023437,26.49188232421875,42.30000019073486
1970-11-29 17:16:45.003,30.080284118652344,96.02409362792967,162.95572662353516,87.2727279663086,85.69999694824219,61.23046875,99.93851470947266,37.563472747802734,37.62793546932381,42030.0,35.46759033203125,29.755767822265625,28.06942749023437,26.49188232421875,42.30000019073486
1970-11-29 17:16:45.991,30.147884368896484,95.96385192871094,162.3779296875,87.2727279663086,86.4000015258789,61.23046875,99.93851470947266,37.55358123779297,35.86566160792612,42030.0,37.50753784179688,32.448486328125,26.029510498046875,30.354156494140625,42.30000019073486
1970-11-29 17:16:46.990,30.1961612701416,96.08433532714844,162.94759368896484,87.2727279663086,86.4000015258789,61.23046875,99.93851470947266,37.54677200317383,34.25789886419373,42030.0,37.208343505859375,33.40045166015625,27.416656494140625,29.59259033203125,42.30000019073486
1970-11-29 17:16:47.994,30.1961612701416,96.08433532714844,162.94759368896484,87.2727279663086,86.4000015258789,61.23046875,99.93851470947266,37.54677200317383,34.25789886419373,42030.0,37.208343505859375,33.40045166015625,27.416656494140625,29.59259033203125,42.30000019073486
1970-11-29 17:16:48.991,30.158456802368164,95.96385192871094,163.2568359375,87.3484878540039,86.69999694824219,61.23046875,99.93851470947266,37.53513717651367,35.762721910593264,42030.0,38.3507080078125,33.590850830078125,25.839111328125,31.442123413085938,42.30000019073486
1970-11-29 17:16:50.005,29.91889381408692,95.90361785888672,162.50000762939453,87.2727279663086,85.5,61.23046875,99.93851470947266,37.52932357788086,38.4376269793219,42030.0,36.1475830078125,32.06768798828125,28.55902099609375,28.504623413085938,42.30000019073486
1970-11-29 17:16:51.004,29.91889381408692,95.90361785888672,162.50000762939453,87.2727279663086,85.5,61.23046875,99.93851470947266,37.52932357788086,38.4376269793219,42030.0,36.1475830078125,32.06768798828125,28.55902099609375,28.504623413085938,42.30000019073486
1970-11-29 17:16:51.990,29.93156242370605,96.02409362792967,163.2405548095703,87.2727279663086,85.39999389648438,61.23046875,99.93851470947266,37.5176887512207,37.99976243820478,42030.0,38.84028625488281,32.638885498046875,27.36225891113281,27.44384765625,42.30000019073486
1970-11-29 17:16:52.990,29.90128898620605,95.96385192871094,162.3372344970703,87.2727279663086,86.19999694824219,61.23046875,99.93851470947266,37.50605773925781,35.69757618333283,42030.0,40.11865234375,29.157394409179688,25.703125,30.5445556640625,42.30000019073486
1970-11-29 17:16:54.001,29.90128898620605,95.96385192871094,162.3372344970703,87.2727279663086,86.19999694824219,61.23046875,99.93851470947266,37.50605773925781,35.69757618333283,42030.0,40.11865234375,29.157394409179688,25.703125,30.5445556640625,42.30000019073486
1970-11-29 17:16:54.993,29.7919864654541,96.08433532714844,162.4755859375,87.3484878540039,86.19999694824219,61.23046875,99.93851470947266,37.49779510498047,35.49911178795385,42030.0,36.85475158691406,27.552642822265625,29.34779357910156,26.763885498046875,42.30000019073486
1970-11-29 17:16:55.994,29.726600646972656,95.96385192871094,162.3453826904297,87.2727279663086,86.19999694824219,61.23046875,99.93851470947266,37.48857879638672,35.27270761550949,42030.0,36.77316284179688,31.49652099609375,30.02777099609375,25.811920166015625,42.30000019073486
1970-11-29 17:16:57.005,29.726600646972656,95.96385192871094,162.3453826904297,87.2727279663086,86.19999694824219,61.23046875,99.93851470947266,37.48857879638672,35.27270761550949,42030.0,36.77316284179688,31.49652099609375,30.02777099609375,25.811920166015625,42.30000019073486
1970-11-29 17:16:57.995,29.81870079040528,95.90361785888672,162.45116424560547,87.2727279663086,86.0,61.23046875,99.93851470947266,37.487640380859375,36.47007484590708,42030.0,38.70428466796875,33.046875,29.456588745117188,25.947906494140625,42.27499961853027
1970-11-29 17:16:58.991,29.952178955078125,96.02409362792967,162.65462493896484,87.2727279663086,86.5999984741211,61.23046875,99.93851470947266,37.48020935058594,37.21416967150395,42030.0,38.51390075683594,31.822906494140625,29.34779357910156,27.6070556640625,42.27499961853027
1970-11-29 17:16:59.991,29.952178955078125,96.02409362792967,162.65462493896484,87.2727279663086,86.5999984741211,61.23046875,99.93851470947266,37.48020935058594,37.21416967150395,42030.0,38.51390075683594,31.822906494140625,29.34779357910156,27.6070556640625,42.27499961853027
1970-11-29 17:17:00.993,30.04036331176757,96.02409362792967,162.6708984375,87.2727279663086,86.0999984741211,61.23046875,99.93851470947266,37.48675155639648,37.826768742870556,42030.0,35.141204833984375,31.251724243164062,29.510986328125,28.09663391113281,42.30000019073486
1970-11-29 17:17:02.004,30.19002151489257,95.90361785888672,161.88150787353516,87.3484878540039,86.5,61.23046875,99.93851470947266,37.49099349975586,36.02754767957527,42030.0,35.440399169921875,29.375,27.416656494140625,25.26792907714844,42.30000019073486
1970-11-29 17:17:02.993,30.19002151489257,95.90361785888672,161.88150787353516,87.3484878540039,86.5,61.23046875,99.93851470947266,37.49099349975586,36.02754767957527,42030.0,35.440399169921875,29.375,27.416656494140625,25.26792907714844,42.30000019073486
1970-11-29 17:17:03.993,30.365121841430664,95.84337615966795,161.79198455810547,87.2727279663086,86.69999694824219,61.23046875,99.93851470947266,37.48586654663086,35.55993695755967,42030.0,35.875579833984375,28.17822265625,24.26156616210937,28.93980407714844,42.30000019073486
1970-11-29 17:17:04.991,30.45936393737793,96.1445770263672,162.04427337646484,87.2727279663086,86.29999542236328,61.23046875,99.93851470947266,37.4935188293457,35.24915559236466,42030.0,35.821197509765625,28.3414306640625,24.96875,30.6805419921875,42.30000019073486
1970-11-29 17:17:05.991,30.45936393737793,96.1445770263672,162.04427337646484,87.2727279663086,86.29999542236328,61.23046875,99.93851470947266,37.4935188293457,35.24915559236466,42030.0,35.821197509765625,28.3414306640625,24.96875,30.6805419921875,42.30000019073486
1970-11-29 17:17:07.994,30.34873580932617,95.84337615966795,161.4990234375,87.2727279663086,86.0999984741211,61.23046875,99.93851470947266,37.49995803833008,36.460799556144316,42030.0,38.813079833984375,32.339691162109375,26.111114501953125,26.4375,42.27499961853027
1970-11-29 17:17:07.000,30.356172561645508,96.1445770263672,162.1826171875,87.2727279663086,86.4000015258789,61.23046875,99.93851470947266,37.49620819091797,35.59335766912716,42030.0,35.03240966796875,32.992462158203125,25.104736328125,25.811920166015625,42.30000019073486
1970-11-29 17:17:08.991,30.34873580932617,95.84337615966795,161.4990234375,87.2727279663086,86.0999984741211,61.23046875,99.93851470947266,37.49995803833008,36.460799556144316,42030.0,38.813079833984375,32.339691162109375,26.111114501953125,26.4375,42.27499961853027
1970-11-29 17:17:09.993,30.34182929992676,95.90361785888672,161.72689056396484,87.3484878540039,85.9000015258789,61.23046875,99.93851470947266,37.50805282592773,36.46694950803241,42030.0,37.69793701171875,31.442108154296875,25.648712158203125,26.083892822265625,42.27499961853027
1970-11-29 17:17:10.992,30.241958618164062,96.02409362792967,161.03515625,87.3484878540039,86.0999984741211,61.23046875,99.93851470947266,37.50677490234375,34.02084942659631,42030.0,35.603607177734375,28.042236328125,26.00230407714844,27.307861328125,42.25
1970-11-29 17:17:11.992,30.241958618164062,96.02409362792967,161.03515625,87.3484878540039,86.0999984741211,61.23046875,99.93851470947266,37.50677490234375,34.02084942659631,42030.0,35.603607177734375,28.042236328125,26.00230407714844,27.307861328125,42.25
1970-11-29 17:17:13.000,29.94457626342773,96.20481872558594,161.78385162353516,87.2727279663086,86.4000015258789,61.23046875,99.93851470947266,37.52362060546875,34.57730759965457,42030.0,36.473968505859375,30.40855407714844,26.70947265625,26.00230407714844,42.27499961853027
1970-11-29 17:17:14.004,29.8021183013916,96.02409362792967,161.97916412353516,87.2727279663086,86.0,61.23046875,99.93851470947266,37.53060531616211,35.88357129869625,42030.0,34.89642333984375,33.83563232421875,26.682281494140625,22.95600891113281,42.27499961853027
1970-11-29 17:17:14.990,29.8021183013916,96.02409362792967,161.97916412353516,87.2727279663086,86.0,61.23046875,99.93851470947266,37.53060531616211,35.88357129869625,42030.0,34.89642333984375,33.83563232421875,26.682281494140625,22.95600891113281,42.27499961853027
1970-11-29 17:17:16.004,29.718822479248047,95.78313446044922,161.8896484375,87.2727279663086,86.4000015258789,61.23046875,99.93851470947266,37.538516998291016,36.748020405588214,42030.0,37.50753784179688,32.040496826171875,29.021392822265625,24.45196533203125,42.25
1970-11-29 17:17:16.994,29.61266326904297,95.96385192871094,161.6048126220703,87.2727279663086,86.0,61.23046875,99.93851470947266,37.540958404541016,37.26137395073055,42030.0,37.67071533203125,31.2789306640625,31.06134033203125,26.899871826171875,42.27500057220459
1970-11-29 17:17:18.994,29.568506240844727,96.02409362792967,161.84082794189453,87.2727279663086,85.69999694824219,61.23046875,99.93851470947266,37.55083084106445,36.86156226130732,42030.0,34.73321533203125,32.992462158203125,29.56538391113281,25.73031616210937,42.27499961853027
1970-11-29 17:17:18.000,29.61266326904297,95.96385192871094,161.6048126220703,87.2727279663086,86.0,61.23046875,99.93851470947266,37.540958404541016,37.26137395073055,42030.0,37.67071533203125,31.2789306640625,31.06134033203125,26.899871826171875,42.27500057220459
1970-11-29 17:17:20.002,29.71131134033203,95.96385192871094,161.48274993896484,87.2727279663086,86.0999984741211,61.23046875,99.93851470947266,37.549766540527344,36.66193285042502,42030.0,35.848388671875,31.11572265625,29.26620483398437,28.640625,42.25
1970-11-29 17:17:20.993,29.920042037963867,96.02409362792967,162.48372650146484,87.2727279663086,86.5999984741211,61.23046875,99.93851470947266,37.55047225952149,36.47921608081333,42030.0,35.984375,32.66607666015625,25.26792907714844,30.5445556640625,42.25
1970-11-29 17:17:22.005,29.920042037963867,96.02409362792967,162.48372650146484,87.2727279663086,86.5999984741211,61.23046875,99.93851470947266,37.55047225952149,36.47921608081333,42030.0,35.984375,32.66607666015625,25.26792907714844,30.5445556640625,42.25
1970-11-29 17:17:23.005,30.0176944732666,96.1445770263672,161.36881256103516,87.2727279663086,85.5999984741211,61.23046875,99.93851470947266,37.5484733581543,37.614373871713774,42030.0,33.318878173828125,29.102996826171875,27.770248413085938,29.15740966796875,42.25
1970-11-29 17:17:24.000,30.164840698242188,95.96385192871094,161.73502349853516,87.2727279663086,86.4000015258789,61.23046875,99.93851470947266,37.55428695678711,36.478555508849034,42030.0,36.582763671875,28.287017822265625,27.14466857910156,29.72857666015625,42.25
1970-11-29 17:17:25.004,30.164840698242188,95.96385192871094,161.73502349853516,87.2727279663086,86.4000015258789,61.23046875,99.93851470947266,37.55428695678711,36.478555508849034,42030.0,36.582763671875,28.287017822265625,27.14466857910156,29.72857666015625,42.25
1970-11-29 17:17:25.994,30.27066802978516,96.02409362792967,161.73502349853516,87.2727279663086,86.5999984741211,61.23046875,99.93851470947266,37.55635452270508,33.73015928624518,42030.0,36.63716125488281,31.523712158203125,24.560760498046875,29.375,42.27499961853027
1970-11-29 17:17:27.002,30.28048515319824,95.96385192871094,161.62110137939453,87.2727279663086,86.0999984741211,61.23046875,99.93851470947266,37.552978515625,36.159453302674315,42030.0,35.440399169921875,30.87094116210937,27.770248413085938,30.13656616210937,42.27499961853027
1970-11-29 17:17:28.003,30.28048515319824,95.96385192871094,161.62110137939453,87.2727279663086,86.0999984741211,61.23046875,99.93851470947266,37.552978515625,36.159453302674315,42030.0,35.440399169921875,30.87094116210937,27.770248413085938,30.13656616210937,42.27499961853027
1970-11-29 17:17:28.992,30.106332778930664,96.02409362792967,162.1012420654297,87.2727279663086,85.5999984741211,61.23046875,99.93851470947266,37.54623031616211,37.15955986639711,42030.0,37.69793701171875,27.09027099609375,24.53355407714844,25.349517822265625,42.25
1970-11-29 17:17:29.993,30.106332778930664,96.02409362792967,162.1012420654297,87.2727279663086,85.5999984741211,61.23046875,99.93851470947266,37.54623031616211,37.15955986639711,42030.0,37.69793701171875,27.09027099609375,24.53355407714844,25.349517822265625,42.25
1970-11-29 17:17:31.004,30.03369331359864,96.02409362792967,161.03515625,87.2727279663086,85.69999694824219,61.23046875,99.93851470947266,37.53947830200195,35.10442989641061,42030.0,35.141204833984375,31.14292907714844,25.349517822265625,27.770248413085938,42.25
1970-11-29 17:17:31.991,30.00016975402832,95.90361785888672,160.8642578125,87.2727279663086,85.9000015258789,61.23046875,99.93851470947266,37.53610229492188,36.25171290064188,42030.0,38.43231201171875,31.14292907714844,27.19906616210937,24.778350830078125,42.25
1970-11-29 17:17:33.002,29.812929153442383,96.08433532714844,161.64550018310547,87.2727279663086,85.39999389648438,61.23046875,99.93851470947266,37.52935409545898,38.52839088756955,42030.0,37.77952575683594,29.102996826171875,25.349517822265625,28.232635498046875,42.25
1970-11-29 17:17:33.993,29.812929153442383,96.08433532714844,161.64550018310547,87.2727279663086,85.39999389648438,61.23046875,99.93851470947266,37.52935409545898,38.52839088756955,42030.0,37.77952575683594,29.102996826171875,25.349517822265625,28.232635498046875,42.25
1970-11-29 17:17:34.994,29.71173095703125,96.08433532714844,161.68619537353516,87.2727279663086,86.4000015258789,61.23046875,99.93851470947266,37.52503204345703,37.66121273343919,42030.0,35.79399108886719,30.109375,28.83100891113281,27.552642822265625,42.25
1970-11-29 17:17:35.993,29.758224487304688,95.78313446044922,161.40950775146484,87.2727279663086,85.39999389648438,61.23046875,99.93851470947266,37.52169418334961,38.25875125305412,42030.0,34.97802734375,34.29801940917969,23.880767822265625,27.06307983398437,42.25
1970-11-29 17:17:36.994,29.758224487304688,95.78313446044922,161.40950775146484,87.2727279663086,85.39999389648438,61.23046875,99.93851470947266,37.52169418334961,38.25875125305412,42030.0,34.97802734375,34.29801940917969,23.880767822265625,27.06307983398437,42.25
1970-11-29 17:17:37.993,29.891048431396484,95.96385192871094,160.4166717529297,87.2727279663086,85.5999984741211,61.23046875,99.93851470947266,37.51578140258789,36.07544514832577,42030.0,39.24827575683594,32.09489440917969,26.2742919921875,25.4039306640625,42.25
1970-11-29 17:17:39.990,29.95696258544922,96.20481872558594,161.28743743896484,87.2727279663086,85.5,61.23046875,99.93851470947266,37.50825500488281,36.38667723242903,42030.0,33.101287841796875,28.015045166015625,27.93344116210937,30.979736328125,42.25
1970-11-29 17:17:39.000,29.95696258544922,96.20481872558594,161.28743743896484,87.2727279663086,85.5,61.23046875,99.93851470947266,37.50825500488281,36.38667723242903,42030.0,33.101287841796875,28.015045166015625,27.93344116210937,30.979736328125,42.25
1970-11-29 17:17:41.004,30.028886795043945,95.96385192871094,161.71060943603516,87.2727279663086,86.0,61.23046875,99.93851470947266,37.502471923828125,36.51373453080057,42030.0,35.141204833984375,29.973358154296875,31.49652099609375,25.86630249023437,42.25
1970-11-29 17:17:41.991,30.13826560974121,95.84337615966795,161.1653594970703,87.2727279663086,86.0,61.23046875,99.93851470947266,37.50141525268555,37.241686940004485,42030.0,37.126739501953125,32.693267822265625,29.72857666015625,25.050338745117188,42.25
1970-11-29 17:17:42.994,30.13826560974121,95.84337615966795,161.1653594970703,87.2727279663086,86.0,61.23046875,99.93851470947266,37.50141525268555,37.241686940004485,42030.0,37.126739501953125,32.693267822265625,29.72857666015625,25.050338745117188,42.25
1970-11-29 17:17:43.993,30.181446075439453,96.02409362792967,161.60482025146484,87.2727279663086,86.0999984741211,61.23046875,99.93851470947266,37.4964485168457,36.0109391124871,42030.0,35.522003173828125,33.0196533203125,26.763885498046875,30.02777099609375,42.25
1970-11-29 17:17:44.990,30.057994842529297,96.08433532714844,160.91307830810547,87.2727279663086,86.0999984741211,61.23046875,99.93851470947266,37.4931526184082,36.04379706741131,42030.0,34.46124267578125,29.048599243164062,27.987838745117188,29.26620483398437,42.25
1970-11-29 17:17:46.992,30.036392211914062,95.96385192871094,161.70247650146484,87.2727279663086,85.9000015258789,61.23046875,99.93851470947266,37.48656463623047,37.71839771090672,42030.0,33.07408142089844,35.413177490234375,27.93344116210937,29.130203247070312,42.25
1970-11-29 17:17:46.000,30.057994842529297,96.08433532714844,160.91307830810547,87.2727279663086,86.0999984741211,61.23046875,99.93851470947266,37.4931526184082,36.04379706741131,42030.0,34.46124267578125,29.048599243164062,27.987838745117188,29.26620483398437,42.25
1970-11-29 17:17:47.992,30.094253540039062,95.84337615966795,161.67806243896484,87.2727279663086,86.0999984741211,61.23046875,99.93851470947266,37.47916793823242,36.407098567783,42030.0,37.806732177734375,31.87730407714844,27.22625732421875,26.4375,42.25
1970-11-29 17:17:49.001,30.094253540039062,95.84337615966795,161.67806243896484,87.2727279663086,86.0999984741211,61.23046875,99.93851470947266,37.47916793823242,36.407098567783,42030.0,37.806732177734375,31.87730407714844,27.22625732421875,26.4375,42.25
1970-11-29 17:17:50.001,30.039241790771484,95.90361785888672,160.83984375,87.2727279663086,86.0999984741211,61.23046875,99.93851470947266,37.47261047363281,36.808740550480806,42030.0,36.827545166015625,30.29975891113281,27.38946533203125,30.979736328125,42.25
1970-11-29 17:17:50.994,29.936674118041992,96.20481872558594,160.9293670654297,87.2727279663086,86.19999694824219,61.23046875,99.93851470947266,37.462684631347656,37.53011788966209,42030.0,36.12037658691406,29.8101806640625,31.36053466796875,29.320587158203125,42.25
1970-11-29 17:17:51.991,29.936674118041992,96.20481872558594,160.9293670654297,87.2727279663086,86.19999694824219,61.23046875,99.93851470947266,37.462684631347656,37.53011788966209,42030.0,36.12037658691406,29.8101806640625,31.36053466796875,29.320587158203125,42.25
1970-11-29 17:17:52.993,29.973068237304688,95.96385192871094,161.1328125,87.2727279663086,86.69999694824219,61.23046875,99.93851470947266,37.46255111694336,35.32421671167812,42030.0,36.827545166015625,30.435760498046875,27.22625732421875,29.26620483398437,42.25
1970-11-29 17:17:53.992,30.030994415283203,95.96385192871094,160.2294921875,87.2727279663086,86.5999984741211,61.23046875,99.93851470947266,37.46733093261719,36.55344279953687,42030.0,37.18115234375,31.06134033203125,26.2742919921875,25.839111328125,42.25
1970-11-29 17:17:55.001,30.030994415283203,95.96385192871094,160.2294921875,87.2727279663086,86.5999984741211,61.23046875,99.93851470947266,37.46733093261719,36.55344279953687,42030.0,37.18115234375,31.06134033203125,26.2742919921875,25.839111328125,42.25
1970-11-29 17:17:55.991,29.90212059020996,96.08433532714844,160.6526641845703,87.2727279663086,86.4000015258789,61.23046875,99.93851470947266,37.46090698242188,37.313328302287324,42030.0,36.52836608886719,29.619781494140625,28.4774169921875,27.38946533203125,42.25
1970-11-29 17:17:56.990,29.87011909484864,96.08433532714844,161.36067962646484,87.2727279663086,85.9000015258789,61.23046875,99.93851470947266,37.45769500732422,36.08659404892996,42030.0,33.80845642089844,32.39408874511719,30.89813232421875,26.247100830078125,42.25
1970-11-29 17:17:57.992,29.87011909484864,96.08433532714844,161.36067962646484,87.2727279663086,85.9000015258789,61.23046875,99.93851470947266,37.45769500732422,36.08659404892996,42030.0,33.80845642089844,32.39408874511719,30.89813232421875,26.247100830078125,42.25
1970-11-29 17:17:59.002,29.95606231689453,95.78313446044922,161.93033599853516,87.2727279663086,86.0999984741211,61.23046875,99.93851470947266,37.44720458984375,37.19453629417882,42030.0,35.005218505859375,32.96527099609375,31.19732666015625,27.171875,42.25
1970-11-29 17:17:59.991,30.04909324645996,96.02409362792967,161.53971099853516,87.2727279663086,87.0,61.23046875,99.93851470947266,37.43740463256836,35.490297015198124,42030.0,35.5491943359375,33.210052490234375,29.59259033203125,28.83100891113281,42.25
1970-11-29 17:18:00.995,30.04909324645996,96.02409362792967,161.53971099853516,87.2727279663086,87.0,61.23046875,99.93851470947266,37.43740463256836,35.490297015198124,42030.0,35.5491943359375,33.210052490234375,29.59259033203125,28.83100891113281,42.25
1970-11-29 17:18:02.003,29.98624610900879,96.1445770263672,161.80013275146484,87.2727279663086,86.5,61.23046875,99.93851470947266,37.434112548828125,34.49261387116909,42030.0,35.522003173828125,33.509246826171875,31.85009765625,29.2117919921875,42.25
1970-11-29 17:18:03.004,30.015037536621094,96.02409362792967,161.88150787353516,87.2727279663086,86.0999984741211,61.23046875,99.93851470947266,37.4274787902832,36.853822610380796,42030.0,35.4132080078125,33.645233154296875,29.56538391113281,29.701385498046875,42.25
1970-11-29 17:18:03.994,30.015037536621094,96.02409362792967,161.88150787353516,87.2727279663086,86.0999984741211,61.23046875,99.93851470947266,37.4274787902832,36.853822610380796,42030.0,35.4132080078125,33.645233154296875,29.56538391113281,29.701385498046875,42.25
1970-11-29 17:18:04.994,30.07028007507324,95.96385192871094,162.21517181396484,87.2727279663086,86.19999694824219,61.23046875,99.93851470947266,37.41594314575195,36.48000064952006,42030.0,35.27720642089844,33.0196533203125,26.519088745117188,30.054962158203125,42.25
1970-11-29 17:18:06.004,30.034406661987305,95.96385192871094,161.083984375,87.2727279663086,86.0,61.23046875,99.93851470947266,37.41340637207031,36.97031672519647,42030.0,36.74595642089844,30.76214599609375,30.76214599609375,32.39408874511719,42.25
1970-11-29 17:18:07.005,30.034406661987305,95.96385192871094,161.083984375,87.2727279663086,86.0,61.23046875,99.93851470947266,37.41340637207031,36.97031672519647,42030.0,36.74595642089844,30.76214599609375,30.76214599609375,32.39408874511719,42.25
1970-11-29 17:18:07.993,29.92495918273925,95.96385192871094,160.53060150146484,87.2727279663086,85.79999542236328,61.23046875,99.93851470947266,37.40673828125,37.39402370928411,42030.0,35.984375,30.109375,27.87904357910156,27.82464599609375,42.25
1970-11-29 17:18:08.993,29.89887809753418,95.96385192871094,161.3037109375,87.2727279663086,85.39999389648438,61.23046875,99.93851470947266,37.396820068359375,38.35981217461022,42030.0,37.77952575683594,31.170135498046875,29.456588745117188,27.14466857910156,42.25
1970-11-29 17:18:09.990,29.89887809753418,95.96385192871094,161.3037109375,87.2727279663086,85.39999389648438,61.23046875,99.93851470947266,37.396820068359375,38.35981217461022,42030.0,37.77952575683594,31.170135498046875,29.456588745117188,27.14466857910156,42.25
1970-11-29 17:18:10.990,29.90704727172852,96.02409362792967,160.9130859375,87.2727279663086,85.19999694824219,61.23046875,99.93851470947266,37.39669036865234,36.738720499982584,42030.0,37.48033142089844,31.85009765625,30.08216857910156,26.95428466796875,42.25
1970-11-29 17:18:12.004,29.78841781616211,95.96385192871094,160.7096405029297,87.2727279663086,85.39999389648438,61.23046875,99.93851470947266,37.38924026489258,36.492847158770395,42030.0,38.21470642089844,30.707733154296875,26.00230407714844,26.2742919921875,42.25
1970-11-29 17:18:13.004,29.78841781616211,95.96385192871094,160.7096405029297,87.2727279663086,85.39999389648438,61.23046875,99.93851470947266,37.38924026489258,36.492847158770395,42030.0,38.21470642089844,30.707733154296875,26.00230407714844,26.2742919921875,42.25
1970-11-29 17:18:14.003,29.76751518249512,96.02409362792967,160.8317108154297,87.2727279663086,85.39999389648438,61.23046875,99.93851470947266,37.39076614379883,38.48144870127036,42030.0,35.222808837890625,29.782974243164062,26.519088745117188,26.083892822265625,42.25
1970-11-29 17:18:14.994,29.932029724121094,96.02409362792967,159.521484375,87.3484878540039,86.4000015258789,61.23046875,99.93851470947266,37.39154815673828,35.953153519874206,42030.0,37.344329833984375,30.245361328125,25.703125,28.586212158203125,42.25
1970-11-29 17:18:16.003,29.932029724121094,96.02409362792967,159.521484375,87.3484878540039,86.4000015258789,61.23046875,99.93851470947266,37.39154815673828,35.953153519874206,42030.0,37.344329833984375,30.245361328125,25.703125,28.586212158203125,42.25
1970-11-29 17:18:17.003,30.07270812988281,95.96385192871094,159.92024993896484,87.3484878540039,85.9000015258789,61.23046875,99.93851470947266,37.38512420654297,36.898697512995696,42030.0,37.725128173828125,31.958892822265625,25.811920166015625,27.171875,42.25
1970-11-29 17:18:17.994,30.0623836517334,96.02409362792967,159.45638275146484,87.2727279663086,86.0999984741211,61.23046875,99.93851470947266,37.378700256347656,36.97789954120038,42030.0,33.9444580078125,29.59259033203125,25.703125,29.130203247070312,42.25
1970-11-29 17:18:18.994,30.0623836517334,96.02409362792967,159.45638275146484,87.2727279663086,86.0999984741211,61.23046875,99.93851470947266,37.378700256347656,36.97789954120038,42030.0,33.9444580078125,29.59259033203125,25.703125,29.130203247070312,42.25
1970-11-29 17:18:20.004,30.1800479888916,95.96385192871094,159.423828125,87.2727279663086,85.5,61.23046875,99.93851470947266,37.38199996948242,36.71934054126272,42030.0,38.62269592285156,29.918975830078125,27.552642822265625,23.66317749023437,42.25
1970-11-29 17:18:20.990,30.256107330322266,95.96385192871094,160.0992889404297,87.2727279663086,85.19999694824219,61.23046875,99.93851470947266,37.37654495239258,35.74406001318547,42030.0,35.875579833984375,31.2789306640625,24.20716857910156,21.59605407714844,42.25
1970-11-29 17:18:21.994,30.256107330322266,95.96385192871094,160.0992889404297,87.2727279663086,85.19999694824219,61.23046875,99.93851470947266,37.37654495239258,35.74406001318547,42030.0,35.875579833984375,31.2789306640625,24.20716857910156,21.59605407714844,42.25
1970-11-29 17:18:22.994,30.13595390319824,96.02409362792967,160.99446868896484,87.2727279663086,86.4000015258789,61.23046875,99.93851470947266,37.377628326416016,34.98324959767199,42030.0,34.923614501953125,29.67417907714844,27.93344116210937,27.68865966796875,42.25
1970-11-29 17:18:23.990,30.001129150390625,96.1445770263672,161.91407012939453,87.2727279663086,86.9000015258789,61.23046875,99.93851470947266,37.37457656860352,33.8902003607042,42030.0,37.0179443359375,33.31884765625,31.76850891113281,27.38946533203125,42.25
1970-11-29 17:18:24.994,30.001129150390625,96.1445770263672,161.91407012939453,87.2727279663086,86.9000015258789,61.23046875,99.93851470947266,37.37457656860352,33.8902003607042,42030.0,37.0179443359375,33.31884765625,31.76850891113281,27.38946533203125,42.25
1970-11-29 17:18:25.993,29.970977783203125,95.96385192871094,161.2467498779297,87.2727279663086,86.5999984741211,61.23046875,99.93851470947266,37.36847686767578,32.737694979782894,42030.0,31.387741088867188,34.162017822265625,31.11572265625,25.89350891113281,42.25
1970-11-29 17:18:26.991,29.9980411529541,95.90361785888672,161.0107421875,87.2727279663086,87.0999984741211,61.23046875,99.93851470947266,37.36238098144531,35.09146734472676,42031.0,36.50115966796875,34.977996826171875,31.088531494140625,28.151031494140625,42.25
1970-11-29 17:18:27.994,29.9980411529541,95.90361785888672,161.0107421875,87.2727279663086,87.0999984741211,61.23046875,99.93851470947266,37.36238098144531,35.09146734472676,42031.0,36.50115966796875,34.977996826171875,31.088531494140625,28.151031494140625,42.25
1970-11-29 17:18:28.993,29.8715763092041,96.02409362792967,160.75846099853516,87.2727279663086,86.19999694824219,61.23046875,99.93851470947266,37.35932922363281,36.86841566053003,42031.0,36.31077575683594,30.76214599609375,26.519088745117188,32.06770324707031,42.25
1970-11-29 17:18:29.994,29.83311080932617,96.08433532714844,161.572265625,87.3484878540039,86.4000015258789,61.23046875,99.93851470947266,37.35322952270508,38.043081253274224,42031.0,34.43403625488281,34.678802490234375,27.44384765625,27.06307983398437,42.25
1970-11-29 17:18:30.990,29.83311080932617,96.08433532714844,161.572265625,87.3484878540039,86.4000015258789,61.23046875,99.93851470947266,37.35322952270508,38.043081253274224,42031.0,34.43403625488281,34.678802490234375,27.44384765625,27.06307983398437,42.25
1970-11-29 17:18:31.994,29.90472412109375,95.96385192871094,161.1572265625,87.3484878540039,87.19999694824219,61.23046875,99.93851470947266,37.34713363647461,36.59520834906594,42031.0,35.16841125488281,33.53643798828125,32.3125,32.339691162109375,42.25
1970-11-29 17:18:33.002,30.00870132446289,95.78313446044922,160.1399688720703,87.2727279663086,85.9000015258789,61.23046875,99.93851470947266,37.34651947021485,37.64990928102239,42031.0,35.71240234375,31.49652099609375,30.245361328125,27.7430419921875,42.25
1970-11-29 17:18:34.991,29.93210220336914,96.02409362792967,159.9853515625,87.2727279663086,86.29999542236328,61.23046875,99.93851470947266,37.332332611083984,36.361555522504815,42031.0,38.078704833984375,32.910858154296875,28.368621826171875,25.86630249023437,42.25
1970-11-29 17:18:34.000,30.00870132446289,95.78313446044922,160.1399688720703,87.2727279663086,85.9000015258789,61.23046875,99.93851470947266,37.34651947021485,37.64990928102239,42031.0,35.71240234375,31.49652099609375,30.245361328125,27.7430419921875,42.25
1970-11-29 17:18:35.991,29.94827079772949,96.32530212402344,158.88671875,87.2727279663086,85.5,61.23046875,99.93851470947266,37.32445907592773,37.2092288650544,42031.0,38.89468383789063,28.25982666015625,29.56538391113281,26.818267822265625,42.25
1970-11-29 17:18:36.990,30.05120277404785,96.02409362792967,160.3759765625,87.3484878540039,85.5,61.23046875,99.93851470947266,37.32133102416992,35.44563445682567,42031.0,37.04515075683594,26.981475830078125,26.981475830078125,25.75750732421875,42.25
1970-11-29 17:18:37.993,30.05120277404785,96.02409362792967,160.3759765625,87.3484878540039,85.5,61.23046875,99.93851470947266,37.32133102416992,35.44563445682567,42031.0,37.04515075683594,26.981475830078125,26.981475830078125,25.75750732421875,42.25
1970-11-29 17:18:38.993,30.104232788085938,95.84337615966795,159.8388671875,87.2727279663086,86.29999542236328,61.23046875,99.93851470947266,37.30771255493164,35.96160761940098,42031.0,36.85475158691406,33.182861328125,27.307861328125,26.49188232421875,42.25
1970-11-29 17:18:39.990,29.995988845825195,96.1445770263672,159.27734375,87.2727279663086,86.0,61.23046875,99.93851470947266,37.30128860473633,36.31199430618451,42031.0,38.73149108886719,31.03413391113281,25.59432983398437,26.2742919921875,42.25
1970-11-29 17:18:40.991,29.995988845825195,96.1445770263672,159.27734375,87.2727279663086,86.0,61.23046875,99.93851470947266,37.30128860473633,36.31199430618451,42031.0,38.73149108886719,31.03413391113281,25.59432983398437,26.2742919921875,42.25
1970-11-29 17:18:41.994,30.0304012298584,96.08433532714844,160.13184356689453,87.2727279663086,85.5999984741211,61.23046875,99.93851470947266,37.29807662963867,36.91448644006296,42031.0,37.64352416992188,30.218170166015625,26.165496826171875,27.634246826171875,42.25
1970-11-29 17:18:43.002,30.120344161987305,95.96385192871094,160.11556243896484,87.2727279663086,85.79999542236328,61.23046875,99.93851470947266,37.291648864746094,36.4227816639527,42031.0,33.9444580078125,31.822906494140625,27.0086669921875,27.44384765625,42.25
1970-11-29 17:18:43.991,30.120344161987305,95.96385192871094,160.11556243896484,87.2727279663086,85.79999542236328,61.23046875,99.93851470947266,37.291648864746094,36.4227816639527,42031.0,33.9444580078125,31.822906494140625,27.0086669921875,27.44384765625,42.25
1970-11-29 17:18:44.990,30.04995918273925,95.84337615966795,160.35970306396484,87.3484878540039,86.0999984741211,61.23046875,99.93851470947266,37.28767013549805,36.15044539031294,42031.0,36.01158142089844,32.122100830078125,27.851837158203125,25.18634033203125,42.25
1970-11-29 17:18:46.001,29.9162712097168,96.08433532714844,159.2366485595703,87.2727279663086,85.5999984741211,61.23046875,99.93851470947266,37.29180145263672,36.28846888268866,42031.0,36.392364501953125,30.218170166015625,28.09663391113281,27.87904357910156,42.25
1970-11-29 17:18:46.991,29.9162712097168,96.08433532714844,159.2366485595703,87.2727279663086,85.5999984741211,61.23046875,99.93851470947266,37.29180145263672,36.28846888268866,42031.0,36.392364501953125,30.218170166015625,28.09663391113281,27.87904357910156,42.25
1970-11-29 17:18:48.000,29.93723487854004,96.02409362792967,161.23860931396484,87.2727279663086,86.4000015258789,61.23046875,99.93851470947266,37.30089569091797,36.52208864664046,42031.0,34.76043701171875,31.170135498046875,32.50288391113281,31.11572265625,42.25
1970-11-29 17:18:49.005,29.965408325195312,95.78313446044922,161.12467193603516,87.2727279663086,87.0,61.23046875,99.93851470947266,37.30478286743164,35.88902189261401,42031.0,36.20196533203125,32.7476806640625,29.2117919921875,29.9461669921875,42.25
1970-11-29 17:18:50.003,29.965408325195312,95.78313446044922,161.12467193603516,87.2727279663086,87.0,61.23046875,99.93851470947266,37.30478286743164,35.88902189261401,42031.0,36.20196533203125,32.7476806640625,29.2117919921875,29.9461669921875,42.25
1970-11-29 17:18:50.994,29.84425544738769,96.02409362792967,159.65982818603516,87.3484878540039,86.29999542236328,61.23046875,99.93851470947266,37.32855224609375,34.384427415249654,42031.0,35.4132080078125,31.469314575195312,30.02777099609375,27.7430419921875,42.25
1970-11-29 17:18:51.994,29.853960037231445,96.1445770263672,159.77376556396484,87.2727279663086,86.0999984741211,61.23046875,99.93851470947266,37.3373908996582,37.157662885932105,42031.0,36.8819580078125,29.9461669921875,29.9461669921875,30.245361328125,42.25
1970-11-29 17:18:53.000,29.853960037231445,96.1445770263672,159.77376556396484,87.2727279663086,86.0999984741211,61.23046875,99.93851470947266,37.3373908996582,37.157662885932105,42031.0,36.8819580078125,29.9461669921875,29.9461669921875,30.245361328125,42.25
1970-11-29 17:18:54.005,29.97278213500977,95.90361785888672,159.91211700439453,87.2727279663086,85.39999389648438,61.23046875,99.93851470947266,37.34322738647461,36.7937895060381,42031.0,34.189239501953125,30.89813232421875,30.490142822265625,28.151031494140625,42.25
1970-11-29 17:18:55.003,30.044828414916992,96.08433532714844,159.66796875,87.2727279663086,85.5999984741211,61.23046875,99.93851470947266,37.35822677612305,36.08479519262871,42031.0,35.5491943359375,31.224517822265625,28.66781616210937,27.280670166015625,42.25
1970-11-29 17:18:55.992,30.044828414916992,96.08433532714844,159.66796875,87.2727279663086,85.5999984741211,61.23046875,99.93851470947266,37.35822677612305,36.08479519262871,42031.0,35.5491943359375,31.224517822265625,28.66781616210937,27.280670166015625,42.25
1970-11-29 17:18:56.994,29.95196533203125,96.08433532714844,159.2936248779297,87.2727279663086,86.29999542236328,61.23046875,99.93851470947266,37.3691520690918,36.720326022501034,42031.0,38.64990234375,32.36688232421875,26.165496826171875,26.981475830078125,42.25
1970-11-29 17:18:57.990,30.00110626220703,95.90361785888672,158.74022674560547,87.3484878540039,85.69999694824219,61.23046875,99.93851470947266,37.374271392822266,36.59653066077021,42031.0,34.706024169921875,30.87094116210937,27.93344116210937,25.89350891113281,42.25
1970-11-29 17:18:58.993,30.00110626220703,95.90361785888672,158.74022674560547,87.3484878540039,85.69999694824219,61.23046875,99.93851470947266,37.374271392822266,36.59653066077021,42031.0,34.706024169921875,30.87094116210937,27.93344116210937,25.89350891113281,42.25
1970-11-29 17:19:00.993,30.11565589904785,95.96385192871094,159.7412109375,87.2727279663086,84.89999389648438,61.23046875,99.93851470947266,37.39839553833008,38.3432055818642,42031.0,35.522003173828125,28.368621826171875,26.519088745117188,32.0133056640625,42.25
1970-11-29 17:19:00.000,30.12087631225586,95.90361785888672,158.76464080810547,87.2727279663086,85.79999542236328,61.23046875,99.93851470947266,37.39266586303711,37.68116201011473,42031.0,36.63716125488281,34.05322265625,27.96063232421875,29.184600830078125,42.25
1970-11-29 17:19:01.994,30.11565589904785,95.96385192871094,159.7412109375,87.2727279663086,84.89999389648438,61.23046875,99.93851470947266,37.39839553833008,38.3432055818642,42031.0,35.522003173828125,28.368621826171875,26.519088745117188,32.0133056640625,42.25
1970-11-29 17:19:02.995,30.07367515563965,96.08433532714844,159.01692962646484,87.2727279663086,85.5,61.23046875,99.93851470947266,37.41006088256836,37.657011326059234,42031.0,31.95892333984375,28.967010498046875,27.851837158203125,25.5399169921875,42.25
1970-11-29 17:19:03.993,30.142284393310547,96.02409362792967,158.8623046875,87.2727279663086,85.9000015258789,61.23046875,99.93851470947266,37.435150146484375,37.06197274254808,42031.0,35.79399108886719,27.90625,30.16375732421875,32.122100830078125,42.25
1970-11-29 17:19:05.005,30.142284393310547,96.02409362792967,158.8623046875,87.2727279663086,85.9000015258789,61.23046875,99.93851470947266,37.435150146484375,37.06197274254808,42031.0,35.79399108886719,27.90625,30.16375732421875,32.122100830078125,42.25
1970-11-29 17:19:05.995,30.217538833618164,95.90361785888672,161.11653900146484,87.2727279663086,85.19999694824219,61.23046875,99.93851470947266,37.43574523925781,38.20338347779636,42031.0,36.12037658691406,31.4149169921875,23.52719116210937,27.06307983398437,42.25
1970-11-29 17:19:06.994,30.0946102142334,96.1445770263672,160.51432037353516,87.2727279663086,85.39999389648438,61.23046875,99.93851470947266,37.45915985107422,35.7090525225147,42031.0,32.85649108886719,30.76214599609375,29.72857666015625,31.79571533203125,42.25
1970-11-29 17:19:07.995,30.0946102142334,96.1445770263672,160.51432037353516,87.2727279663086,85.39999389648438,61.23046875,99.93851470947266,37.45915985107422,35.7090525225147,42031.0,32.85649108886719,30.76214599609375,29.72857666015625,31.79571533203125,42.25
1970-11-29 17:19:08.992,30.04427528381348,96.1445770263672,159.8388671875,87.2727279663086,85.69999694824219,61.23046875,99.93851470947266,37.49843215942383,36.361807210872264,42031.0,33.754058837890625,30.925338745117188,25.59432983398437,27.09027099609375,42.25
1970-11-29 17:19:09.993,30.098308563232425,95.84337615966795,160.63639068603516,87.3484878540039,85.69999694824219,61.23046875,99.93851470947266,37.49652099609375,35.24564406164643,42031.0,34.29803466796875,35.65797424316406,27.90625,27.22625732421875,42.25
1970-11-29 17:19:10.994,30.098308563232425,95.84337615966795,160.63639068603516,87.3484878540039,85.69999694824219,61.23046875,99.93851470947266,37.49652099609375,35.24564406164643,42031.0,34.29803466796875,35.65797424316406,27.90625,27.22625732421875,42.25
1970-11-29 17:19:11.991,30.071924209594727,95.90361785888672,159.62728118896484,87.3484878540039,85.39999389648438,61.23046875,99.93851470947266,37.50315475463867,37.54311109058921,42031.0,33.72686767578125,32.20368957519531,28.91259765625,29.15740966796875,42.25
1970-11-29 17:19:13.002,29.883527755737305,96.26506042480467,159.85514068603516,87.2727279663086,86.4000015258789,61.23046875,99.93851470947266,37.51667022705078,35.761616842427756,42031.0,38.94908142089844,31.74130249023437,27.552642822265625,25.26792907714844,42.25
1970-11-29 17:19:14.003,29.883527755737305,96.26506042480467,159.85514068603516,87.2727279663086,86.4000015258789,61.23046875,99.93851470947266,37.51667022705078,35.761616842427756,42031.0,38.94908142089844,31.74130249023437,27.552642822265625,25.26792907714844,42.25
1970-11-29 17:19:14.991,29.854721069335938,96.08433532714844,160.1643829345703,87.2727279663086,86.79999542236328,61.23046875,99.93851470947266,37.53042984008789,35.45873188592831,42031.0,36.1475830078125,31.904510498046875,27.96063232421875,29.26620483398437,42.25
1970-11-29 17:19:15.995,29.926776885986328,95.72289276123048,159.7086639404297,87.2727279663086,86.5999984741211,61.23046875,99.93851470947266,37.54369354248047,35.44824282595879,42031.0,36.1475830078125,28.368621826171875,28.749420166015625,29.59259033203125,42.25
1970-11-29 17:19:17.003,29.926776885986328,95.72289276123048,159.7086639404297,87.2727279663086,86.5999984741211,61.23046875,99.93851470947266,37.54369354248047,35.44824282595879,42031.0,36.1475830078125,28.368621826171875,28.749420166015625,29.59259033203125,42.25
1970-11-29 17:19:17.991,29.890384674072266,96.08433532714844,160.1237030029297,87.2727279663086,86.0,61.23046875,99.93851470947266,37.56712341308594,35.52970875818462,42031.0,34.0804443359375,33.0196533203125,29.864578247070312,28.85821533203125,42.25
1970-11-29 17:19:18.995,29.863136291503903,96.1445770263672,160.0260467529297,87.2727279663086,85.79999542236328,61.23046875,99.93851470947266,37.581424713134766,36.286971021820186,42031.0,36.85475158691406,31.63250732421875,25.92071533203125,27.06307983398437,42.25
1970-11-29 17:19:19.993,29.863136291503903,96.1445770263672,160.0260467529297,87.2727279663086,85.79999542236328,61.23046875,99.93851470947266,37.581424713134766,36.286971021820186,42031.0,36.85475158691406,31.63250732421875,25.92071533203125,27.06307983398437,42.25
1970-11-29 17:19:21.004,29.99472427368164,95.78313446044922,159.8551483154297,87.2727279663086,86.19999694824219,61.23046875,99.93851470947266,37.6180534362793,36.774988658817946,42031.0,36.44677734375,32.36688232421875,29.53817749023437,24.696746826171875,42.25
1970-11-29 17:19:21.994,30.074913024902344,95.96385192871094,159.34244537353516,87.2727279663086,85.69999694824219,61.23046875,99.93851470947266,37.63614654541016,36.64576574355165,42031.0,38.32350158691406,31.224517822265625,29.048614501953125,27.14466857910156,42.25
1970-11-29 17:19:22.994,30.074913024902344,95.96385192871094,159.34244537353516,87.2727279663086,85.69999694824219,61.23046875,99.93851470947266,37.63614654541016,36.64576574355165,42031.0,38.32350158691406,31.224517822265625,29.048614501953125,27.14466857910156,42.25
1970-11-29 17:19:23.990,30.03987693786621,96.1445770263672,159.26107025146484,87.2727279663086,85.0,61.23046875,99.93851470947266,37.66557312011719,38.045269238537465,42031.0,35.90278625488281,28.20542907714844,26.2742919921875,23.962371826171875,42.25
1970-11-29 17:19:25.002,30.085731506347656,96.1445770263672,158.9436798095703,87.2727279663086,85.0,61.23046875,99.93851470947266,37.69241714477539,37.083074313846666,42031.0,37.725128173828125,28.99420166015625,26.546295166015625,25.512725830078125,42.25
1970-11-29 17:19:25.992,30.085731506347656,96.1445770263672,158.9436798095703,87.2727279663086,85.0,61.23046875,99.93851470947266,37.69241714477539,37.083074313846666,42031.0,37.725128173828125,28.99420166015625,26.546295166015625,25.512725830078125,42.25
1970-11-29 17:19:27.002,30.20121955871582,95.84337615966795,159.0576171875,87.2727279663086,85.9000015258789,61.23046875,99.93851470947266,37.70962905883789,34.84778829436679,42031.0,36.01158142089844,29.918975830078125,22.95600891113281,27.68865966796875,42.25
1970-11-29 17:19:28.005,30.20180892944336,95.90361785888672,158.1380157470703,87.2727279663086,85.5,61.23046875,99.93851470947266,37.74134063720703,37.018939469053734,42031.0,35.984375,24.179962158203125,28.504623413085938,26.62788391113281,42.25
1970-11-29 17:19:28.992,30.20180892944336,95.90361785888672,158.1380157470703,87.2727279663086,85.5,61.23046875,99.93851470947266,37.74134063720703,37.018939469053734,42031.0,35.984375,24.179962158203125,28.504623413085938,26.62788391113281,42.25
1970-11-29 17:19:29.994,29.936059951782227,96.02409362792967,159.423828125,87.2727279663086,86.0999984741211,61.23046875,99.93851470947266,37.762168884277344,36.49695583664652,42031.0,36.582763671875,29.2117919921875,26.49188232421875,26.818267822265625,42.25
1970-11-29 17:19:31.002,29.90549659729004,95.96385192871094,159.2854766845703,87.2727279663086,85.5999984741211,61.23046875,99.93851470947266,37.77434921264648,35.26184492942289,42031.0,36.74595642089844,29.510986328125,24.53355407714844,27.06307983398437,42.25
1970-11-29 17:19:32.002,29.90549659729004,95.96385192871094,159.2854766845703,87.2727279663086,85.5999984741211,61.23046875,99.93851470947266,37.77434921264648,35.26184492942289,42031.0,36.74595642089844,29.510986328125,24.53355407714844,27.06307983398437,42.25
1970-11-29 17:19:32.991,29.973817825317383,95.96385192871094,159.0576171875,87.2727279663086,86.0,61.23046875,99.93851470947266,37.81124496459961,35.713634812995785,42031.0,31.251739501953125,28.25982666015625,24.615142822265625,26.00230407714844,42.25
1970-11-29 17:19:33.992,29.816068649291992,96.08433532714844,159.6272735595703,87.3484878540039,85.79999542236328,61.23046875,99.93851470947266,37.815765380859375,36.90335280232663,42031.0,31.251739501953125,29.8101806640625,27.0086669921875,29.34779357910156,42.25
1970-11-29 17:19:34.990,29.816068649291992,96.08433532714844,159.6272735595703,87.3484878540039,85.79999542236328,61.23046875,99.93851470947266,37.815765380859375,36.90335280232663,42031.0,31.251739501953125,29.8101806640625,27.0086669921875,29.34779357910156,42.25
1970-11-29 17:19:35.993,29.6784610748291,96.08433532714844,158.82975006103516,87.3484878540039,85.39999389648438,61.23046875,99.93851470947266,37.84200286865234,36.28921930318911,42031.0,34.16204833984375,30.490142822265625,24.85995483398437,29.67417907714844,42.25
1970-11-29 17:19:37.003,29.7430477142334,95.90361785888672,159.65982818603516,87.2727279663086,86.19999694824219,61.23046875,99.93851470947266,37.85326385498047,35.0423257829348,42031.0,31.0069580078125,31.251724243164062,26.383087158203125,29.184600830078125,42.25
1970-11-29 17:19:38.000,29.7430477142334,95.90361785888672,159.65982818603516,87.2727279663086,86.19999694824219,61.23046875,99.93851470947266,37.85326385498047,35.0423257829348,42031.0,31.0069580078125,31.251724243164062,26.383087158203125,29.184600830078125,42.25
1970-11-29 17:19:39.001,29.89258003234864,95.96385192871094,159.20409393310547,87.2727279663086,86.0999984741211,61.23046875,99.93851470947266,37.87607955932617,35.59157421545921,42031.0,37.806732177734375,32.040496826171875,24.42475891113281,24.315963745117188,42.25
1970-11-29 17:19:40.990,29.926982879638672,96.08433532714844,159.92024993896484,87.2727279663086,86.4000015258789,61.23046875,99.93851470947266,37.90251159667969,35.7670893168913,42031.0,36.473968505859375,29.67417907714844,26.301498413085938,27.987838745117188,42.25
1970-11-29 17:19:40.000,29.926982879638672,96.08433532714844,159.92024993896484,87.2727279663086,86.4000015258789,61.23046875,99.93851470947266,37.90251159667969,35.7670893168913,42031.0,36.473968505859375,29.67417907714844,26.301498413085938,27.987838745117188,42.25
1970-11-29 17:19:41.991,30.049148559570312,95.90361785888672,159.912109375,87.3484878540039,86.4000015258789,61.23046875,99.93851470947266,37.9207649230957,37.453844536716325,42031.0,37.67071533203125,33.6180419921875,28.776611328125,27.253463745117188,42.25
1970-11-29 17:19:42.993,30.27739143371582,95.84337615966795,159.375,87.2727279663086,86.4000015258789,61.23046875,99.93851470947266,37.93564224243164,35.093845290997464,42031.0,38.13311767578125,32.82926940917969,29.320587158203125,27.851837158203125,42.25
1970-11-29 17:19:44.001,30.27739143371582,95.84337615966795,159.375,87.2727279663086,86.4000015258789,61.23046875,99.93851470947266,37.93564224243164,35.093845290997464,42031.0,38.13311767578125,32.82926940917969,29.320587158203125,27.851837158203125,42.25
1970-11-29 17:19:44.993,30.42560768127441,96.08433532714844,159.0576171875,87.2727279663086,87.19999694824219,61.23046875,99.93851470947266,37.95483016967773,35.09434752144604,42031.0,39.8194580078125,30.8165283203125,26.4375,27.19906616210937,42.25
1970-11-29 17:19:45.990,30.30377960205078,95.96385192871094,158.41471099853516,87.2727279663086,86.29999542236328,61.23046875,99.93851470947266,37.96207427978516,36.23287597083266,42031.0,34.706024169921875,31.170135498046875,30.38134765625,27.987838745117188,42.25
1970-11-29 17:19:47.004,30.30377960205078,95.96385192871094,158.41471099853516,87.2727279663086,86.29999542236328,61.23046875,99.93851470947266,37.96207427978516,36.23287597083266,42031.0,34.706024169921875,31.170135498046875,30.38134765625,27.987838745117188,42.25
1970-11-29 17:19:47.993,30.287452697753903,96.08433532714844,158.73209381103516,87.2727279663086,85.39999389648438,61.23046875,99.93851470947266,37.98320007324219,38.84157208469769,42031.0,35.5491943359375,35.14118957519531,31.93170166015625,26.519088745117188,42.25
1970-11-29 17:19:49.003,30.33123016357422,96.02409362792967,159.51334381103516,87.2727279663086,86.0999984741211,61.23046875,99.93851470947266,37.993194580078125,36.91658954993932,42031.0,37.23553466796875,32.910858154296875,31.49652099609375,23.880767822265625,42.25
1970-11-29 17:19:50.002,30.33123016357422,96.02409362792967,159.51334381103516,87.2727279663086,86.0999984741211,61.23046875,99.93851470947266,37.993194580078125,36.91658954993932,42031.0,37.23553466796875,32.910858154296875,31.49652099609375,23.880767822265625,42.25
1970-11-29 17:19:50.994,30.146846771240234,95.96385192871094,158.4147186279297,87.2727279663086,86.0,61.23046875,99.93851470947266,38.00157928466797,36.6562127545691,42031.0,36.17477416992188,30.27255249023437,26.083892822265625,28.83100891113281,42.25
1970-11-29 17:19:52.001,29.904504776000977,96.1445770263672,159.07389068603516,87.2727279663086,85.19999694824219,61.23046875,99.93851470947266,38.00577545166016,37.97918637110661,42031.0,34.46124267578125,28.042236328125,29.973373413085938,25.458328247070312,42.25
1970-11-29 17:19:53.992,29.771297454833984,96.02409362792967,158.7890625,87.3484878540039,85.29999542236328,61.23046875,99.93851470947266,38.01167678833008,37.26458199620802,42031.0,35.49481201171875,28.314224243164062,25.349517822265625,25.077545166015625,42.25
1970-11-29 17:19:53.000,29.904504776000977,96.1445770263672,159.07389068603516,87.2727279663086,85.19999694824219,61.23046875,99.93851470947266,38.00577545166016,37.97918637110661,42031.0,34.46124267578125,28.042236328125,29.973373413085938,25.458328247070312,42.25
1970-11-29 17:19:54.992,29.73551750183105,95.90361785888672,158.40657806396484,87.2727279663086,85.39999389648438,61.23046875,99.93851470947266,38.01259613037109,37.518308913259965,42031.0,39.98265075683594,29.701385498046875,24.315963745117188,24.58795166015625,42.25
1970-11-29 17:19:56.003,29.73551750183105,95.90361785888672,158.40657806396484,87.2727279663086,85.39999389648438,61.23046875,99.93851470947266,38.01259613037109,37.518308913259965,42031.0,39.98265075683594,29.701385498046875,24.315963745117188,24.58795166015625,42.25
1970-11-29 17:19:57.005,29.58620834350586,95.90361785888672,159.35872650146484,87.2727279663086,86.19999694824219,61.23046875,99.93851470947266,38.009376525878906,35.937889311122305,42031.0,34.76043701171875,28.368621826171875,29.0758056640625,29.973373413085938,42.25
1970-11-29 17:19:58.001,29.57074546813965,96.02409362792967,158.84603118896484,87.2727279663086,86.5,61.23046875,99.93851470947266,38.01245880126953,35.91809005232144,42031.0,39.9554443359375,35.33158874511719,28.287017822265625,25.839111328125,42.25
1970-11-29 17:19:59.001,29.57074546813965,96.02409362792967,158.84603118896484,87.2727279663086,86.5,61.23046875,99.93851470947266,38.01245880126953,35.91809005232144,42031.0,39.9554443359375,35.33158874511719,28.287017822265625,25.839111328125,42.25
1970-11-29 17:19:59.994,29.76494407653809,95.90361785888672,158.24381256103516,87.3484878540039,87.0,61.23046875,99.93851470947266,38.01641082763672,34.89872744715404,42031.0,35.05961608886719,35.0867919921875,25.97509765625,25.89350891113281,42.25
1970-11-29 17:20:00.990,29.976667404174805,95.96385192871094,159.5784454345703,87.2727279663086,86.19999694824219,61.23046875,99.93851470947266,38.02104568481445,35.71655175384552,42031.0,33.69966125488281,29.021392822265625,23.3367919921875,34.515625,42.25
1970-11-29 17:20:02.002,29.976667404174805,95.96385192871094,159.5784454345703,87.2727279663086,86.19999694824219,61.23046875,99.93851470947266,38.02104568481445,35.71655175384552,42031.0,33.69966125488281,29.021392822265625,23.3367919921875,34.515625,42.25
1970-11-29 17:20:02.992,30.033849716186523,96.1445770263672,158.8623046875,87.2727279663086,86.5,61.23046875,99.93851470947266,38.02478790283203,34.122897652648824,42031.0,34.16204833984375,31.5509033203125,27.171875,27.38946533203125,42.25
1970-11-29 17:20:03.993,30.190126419067383,96.08433532714844,158.7565155029297,87.2727279663086,86.4000015258789,61.23046875,99.93851470947266,38.02540588378906,35.06988454429247,42031.0,34.515625,30.435760498046875,29.184600830078125,30.16375732421875,42.25
1970-11-29 17:20:05.004,30.190126419067383,96.08433532714844,158.7565155029297,87.2727279663086,86.4000015258789,61.23046875,99.93851470947266,38.02540588378906,35.06988454429247,42031.0,34.515625,30.435760498046875,29.184600830078125,30.16375732421875,42.25
1970-11-29 17:20:06.004,30.341327667236328,95.84337615966795,159.72493743896484,87.2727279663086,85.69999694824219,61.23046875,99.93851470947266,38.01425552368164,35.165985754979666,42031.0,35.68519592285156,31.360519409179688,24.479156494140625,27.0086669921875,42.25
1970-11-29 17:20:07.001,30.28307342529297,96.02409362792967,159.6598358154297,87.2727279663086,87.0999984741211,61.23046875,99.93851470947266,38.02150344848633,34.57320993846969,42031.0,37.15394592285156,32.61167907714844,26.519088745117188,29.782989501953125,42.25
1970-11-29 17:20:07.992,30.28307342529297,96.02409362792967,159.6598358154297,87.2727279663086,87.0999984741211,61.23046875,99.93851470947266,38.02150344848633,34.57320993846969,42031.0,37.15394592285156,32.61167907714844,26.519088745117188,29.782989501953125,42.25
1970-11-29 17:20:08.993,30.07648658752441,96.08433532714844,159.6842498779297,87.2727279663086,86.4000015258789,61.23046875,99.93851470947266,38.02512741088867,36.427661916699634,42031.0,35.46759033203125,32.448486328125,28.53182983398437,28.885406494140625,42.25
1970-11-29 17:20:09.992,30.027437210083008,95.96385192871094,158.7890625,87.2727279663086,86.29999542236328,61.23046875,99.93851470947266,38.03237533569336,35.40909780680651,42031.0,38.677093505859375,30.354156494140625,29.42938232421875,25.13192749023437,42.25
1970-11-29 17:20:11.001,30.027437210083008,95.96385192871094,158.7890625,87.2727279663086,86.29999542236328,61.23046875,99.93851470947266,38.03237533569336,35.40909780680651,42031.0,38.677093505859375,30.354156494140625,29.42938232421875,25.13192749023437,42.25
1970-11-29 17:20:11.990,30.036104202270508,95.84337615966795,158.87857818603516,87.2727279663086,86.19999694824219,61.23046875,99.93851470947266,38.03878784179688,36.0162413639845,42031.0,35.79399108886719,32.040496826171875,24.20716857910156,30.054962158203125,42.25
1970-11-29 17:20:13.004,29.81523323059082,95.84337615966795,158.78092193603516,87.2727279663086,86.0999984741211,61.23046875,99.93851470947266,38.04159927368164,36.38159494296519,42031.0,36.90914916992188,26.05670166015625,26.927078247070312,26.927078247070312,42.25
1970-11-29 17:20:13.992,29.81523323059082,95.84337615966795,158.78092193603516,87.2727279663086,86.0999984741211,61.23046875,99.93851470947266,38.04159927368164,36.38159494296519,42031.0,36.90914916992188,26.05670166015625,26.927078247070312,26.927078247070312,42.25
1970-11-29 17:20:14.991,29.72552299499512,96.1445770263672,159.14713287353516,87.2727279663086,86.9000015258789,61.23046875,99.93851470947266,38.04960632324219,35.829332484639615,42031.0,33.99884033203125,29.266189575195312,28.967010498046875,30.218170166015625,42.25
1970-11-29 17:20:15.991,29.827287673950195,96.1445770263672,158.10546875,87.2727279663086,85.9000015258789,61.23046875,99.93851470947266,38.05602264404297,36.18787896654124,42031.0,36.582763671875,31.360519409179688,27.33505249023437,27.47105407714844,42.25
1970-11-29 17:20:16.993,29.827287673950195,96.1445770263672,158.10546875,87.2727279663086,85.9000015258789,61.23046875,99.93851470947266,38.05602264404297,36.18787896654124,42031.0,36.582763671875,31.360519409179688,27.33505249023437,27.47105407714844,42.25
1970-11-29 17:20:17.990,29.94342613220215,95.84337615966795,158.77278900146484,87.2727279663086,85.5,61.23046875,99.93851470947266,38.06124877929688,36.3522487672606,42031.0,33.59086608886719,31.442108154296875,27.93344116210937,26.8726806640625,42.25
1970-11-29 17:20:18.992,29.97394371032715,95.96385192871094,158.7727813720703,87.3484878540039,86.5999984741211,61.23046875,99.93851470947266,38.0684700012207,35.6452035984267,42031.0,36.8819580078125,31.79571533203125,26.00230407714844,29.864578247070312,42.25
1970-11-29 17:20:19.992,29.97394371032715,95.96385192871094,158.7727813720703,87.3484878540039,86.5999984741211,61.23046875,99.93851470947266,38.0684700012207,35.6452035984267,42031.0,36.8819580078125,31.79571533203125,26.00230407714844,29.864578247070312,42.25
1970-11-29 17:20:20.992,30.046085357666016,96.26506042480467,159.04134368896484,87.2727279663086,85.79999542236328,61.23046875,99.93851470947266,38.07571792602539,36.64130851133659,42031.0,34.24365234375,31.2789306640625,25.648712158203125,30.218170166015625,42.25
1970-11-29 17:20:21.990,30.20184135437012,95.96385192871094,159.4482421875,87.2727279663086,85.69999694824219,61.23046875,99.93851470947266,38.07934188842773,35.39549411937746,42031.0,35.38600158691406,29.755767822265625,28.395828247070312,26.029510498046875,42.25
1970-11-29 17:20:22.990,30.20184135437012,95.96385192871094,159.4482421875,87.2727279663086,85.69999694824219,61.23046875,99.93851470947266,38.07934188842773,35.39549411937746,42031.0,35.38600158691406,29.755767822265625,28.395828247070312,26.029510498046875,42.25
1970-11-29 17:20:23.994,30.176433563232425,95.78313446044922,158.40657806396484,87.2727279663086,85.79999542236328,61.23046875,99.93851470947266,38.08658981323242,35.0441391651753,42031.0,36.90914916992188,29.59259033203125,26.73667907714844,28.4774169921875,42.25
1970-11-29 17:20:24.992,30.06427383422852,96.02409362792967,158.9274139404297,87.2727279663086,86.0,61.23046875,99.93851470947266,38.09138870239258,34.36823242846334,42031.0,37.6163330078125,29.59259033203125,26.899871826171875,24.39755249023437,42.25
1970-11-29 17:20:25.993,30.06427383422852,96.02409362792967,158.9274139404297,87.2727279663086,86.0,61.23046875,99.93851470947266,38.09138870239258,34.36823242846334,42031.0,37.6163330078125,29.59259033203125,26.899871826171875,24.39755249023437,42.25
1970-11-29 17:20:27.001,30.033313751220703,96.1445770263672,159.6842498779297,87.2727279663086,86.0999984741211,61.23046875,99.93851470947266,38.090110778808594,35.865318701652335,42031.0,36.17477416992188,30.29975891113281,28.749420166015625,28.80380249023437,42.25
1970-11-29 17:20:27.994,30.1142520904541,95.96385192871094,159.09017181396484,87.2727279663086,86.5,61.23046875,99.93851470947266,38.09719467163086,35.499313331105135,42031.0,39.60186767578125,33.590850830078125,28.99420166015625,25.512725830078125,42.22499942779541
1970-11-29 17:20:28.994,30.1142520904541,95.96385192871094,159.09017181396484,87.2727279663086,86.5,61.23046875,99.93851470947266,38.09719467163086,35.499313331105135,42031.0,39.60186767578125,33.590850830078125,28.99420166015625,25.512725830078125,42.22499942779541
1970-11-29 17:20:30.001,29.964305877685547,95.84337615966795,158.73209381103516,87.2727279663086,86.69999694824219,61.23046875,99.93851470947266,38.104278564453125,35.88300619620996,42031.0,38.84028625488281,32.856475830078125,25.5399169921875,23.77197265625,42.25
1970-11-29 17:20:30.993,29.9104118347168,96.08433532714844,159.86328125,87.2727279663086,85.9000015258789,61.23046875,99.93851470947266,38.10782241821289,37.22891962399412,42031.0,37.0179443359375,34.842010498046875,32.475677490234375,28.53182983398437,42.25
1970-11-29 17:20:31.994,29.9104118347168,96.08433532714844,159.86328125,87.2727279663086,85.9000015258789,61.23046875,99.93851470947266,38.10782241821289,37.22891962399412,42031.0,37.0179443359375,34.842010498046875,32.475677490234375,28.53182983398437,42.25
1970-11-29 17:20:32.992,29.996469497680664,96.1445770263672,158.58560943603516,87.2727279663086,86.19999694824219,61.23046875,99.93851470947266,38.11247634887695,36.38361168322408,42031.0,39.98265075683594,32.96527099609375,28.69500732421875,26.05670166015625,42.25
1970-11-29 17:20:33.994,30.06989479064941,95.78313446044922,158.251953125,87.2727279663086,85.69999694824219,61.23046875,99.93851470947266,38.11458587646485,37.83587610373045,42031.0,37.725128173828125,32.258087158203125,25.62152099609375,28.09663391113281,42.25
1970-11-29 17:20:35.003,30.06989479064941,95.78313446044922,158.251953125,87.2727279663086,85.69999694824219,61.23046875,99.93851470947266,38.11458587646485,37.83587610373045,42031.0,37.725128173828125,32.258087158203125,25.62152099609375,28.09663391113281,42.25
1970-11-29 17:20:35.992,29.917783737182617,95.84337615966795,159.82259368896484,87.2727279663086,85.69999694824219,61.23046875,99.93851470947266,38.118045806884766,38.4319306928326,42031.0,33.86285400390625,28.55902099609375,28.69500732421875,34.37962341308594,42.25
1970-11-29 17:20:36.993,29.91214370727539,96.02409362792967,159.35872650146484,87.2727279663086,85.69999694824219,61.23046875,99.93851470947266,38.1241340637207,37.68680952838239,42031.0,32.82928466796875,31.76850891113281,29.15740966796875,26.845489501953125,42.25
1970-11-29 17:20:37.990,29.91214370727539,96.02409362792967,159.35872650146484,87.2727279663086,85.69999694824219,61.23046875,99.93851470947266,38.1241340637207,37.68680952838239,42031.0,32.82928466796875,31.76850891113281,29.15740966796875,26.845489501953125,42.25
1970-11-29 17:20:38.990,30.01751518249512,96.32530212402344,158.23567962646484,87.2727279663086,85.5999984741211,61.23046875,99.93851470947266,38.11712265014648,34.928444550431145,42031.0,35.304412841796875,30.245361328125,24.479156494140625,31.659713745117188,42.22499942779541
1970-11-29 17:20:39.994,30.128650665283203,96.02409362792967,158.41471099853516,87.2727279663086,85.79999542236328,61.23046875,99.93851470947266,38.120418548583984,37.52909802362483,42031.0,36.80035400390625,29.29339599609375,25.32232666015625,31.49652099609375,42.22499942779541
1970-11-29 17:20:40.991,30.128650665283203,96.02409362792967,158.41471099853516,87.2727279663086,85.79999542236328,61.23046875,99.93851470947266,38.120418548583984,37.52909802362483,42031.0,36.80035400390625,29.29339599609375,25.32232666015625,31.49652099609375,42.22499942779541
1970-11-29 17:20:41.991,30.038551330566406,95.78313446044922,158.88671875,87.3484878540039,85.79999542236328,61.23046875,99.93851470947266,38.12701416015625,35.734633864106414,42031.0,33.454864501953125,30.245361328125,28.09663391113281,29.72857666015625,42.22499942779541
1970-11-29 17:20:43.991,30.063087463378903,95.96385192871094,158.5205078125,87.2727279663086,86.19999694824219,61.23046875,99.93851470947266,38.13360977172852,36.30370766736313,42031.0,36.80035400390625,32.96527099609375,24.53355407714844,29.021392822265625,42.22499942779541
1970-11-29 17:20:43.000,30.063087463378903,95.96385192871094,158.5205078125,87.2727279663086,86.19999694824219,61.23046875,99.93851470947266,38.13360977172852,36.30370766736313,42031.0,36.80035400390625,32.96527099609375,24.53355407714844,29.021392822265625,42.22499942779541
1970-11-29 17:20:44.990,30.132009506225582,96.08433532714844,158.35774993896484,87.2727279663086,85.79999542236328,61.23046875,99.93851470947266,38.13690948486328,36.61773794423052,42031.0,35.90278625488281,31.74130249023437,26.2742919921875,30.5445556640625,42.22499942779541
1970-11-29 17:20:45.991,30.057994842529297,96.02409362792967,157.6904296875,87.2727279663086,85.19999694824219,61.23046875,99.93851470947266,38.14350509643555,36.83515753428222,42031.0,36.71875,32.06768798828125,23.2008056640625,27.36225891113281,42.22499942779541
1970-11-29 17:20:47.002,30.057994842529297,96.02409362792967,157.6904296875,87.2727279663086,85.19999694824219,61.23046875,99.93851470947266,38.14350509643555,36.83515753428222,42031.0,36.71875,32.06768798828125,23.2008056640625,27.36225891113281,42.22499942779541
1970-11-29 17:20:47.990,29.88736724853516,95.90361785888672,157.82877349853516,87.2727279663086,85.39999389648438,61.23046875,99.93851470947266,38.15010070800781,36.95699070071274,42031.0,35.957183837890625,30.13656616210937,29.64697265625,26.083892822265625,42.22499942779541
1970-11-29 17:20:49.004,29.840557098388672,96.02409362792967,158.48795318603516,87.2727279663086,86.19999694824219,61.23046875,99.93851470947266,38.15340042114258,34.992539107906744,42031.0,35.05961608886719,31.87730407714844,28.586212158203125,27.280670166015625,42.22499942779541
1970-11-29 17:20:50.004,29.840557098388672,96.02409362792967,158.48795318603516,87.2727279663086,86.19999694824219,61.23046875,99.93851470947266,38.15340042114258,34.992539107906744,42031.0,35.05961608886719,31.87730407714844,28.586212158203125,27.280670166015625,42.22499942779541
1970-11-29 17:20:50.992,29.84169578552246,96.08433532714844,157.3649139404297,87.2727279663086,85.5999984741211,61.23046875,99.93851470947266,38.15999603271485,35.6185142406739,42031.0,37.126739501953125,29.53817749023437,24.28875732421875,23.581588745117188,42.22499942779541
1970-11-29 17:20:51.993,29.747726440429688,95.90361785888672,157.9020233154297,87.2727279663086,86.9000015258789,61.23046875,99.93851470947266,38.173095703125,33.460242558912405,42031.0,38.43231201171875,32.693267822265625,28.586212158203125,22.167236328125,42.22499942779541
1970-11-29 17:20:52.991,29.747726440429688,95.90361785888672,157.9020233154297,87.2727279663086,86.9000015258789,61.23046875,99.93851470947266,38.173095703125,33.460242558912405,42031.0,38.43231201171875,32.693267822265625,28.586212158203125,22.167236328125,42.22499942779541
1970-11-29 17:20:53.994,29.68516540527344,95.96385192871094,159.2692108154297,87.2727279663086,86.29999542236328,61.23046875,99.93851470947266,38.18217086791992,36.40770167473079,42031.0,38.459503173828125,32.557281494140625,30.62615966796875,29.021392822265625,42.22499942779541
1970-11-29 17:20:55.006,29.85099220275879,96.1445770263672,158.12174224853516,87.2727279663086,86.5,61.23046875,99.93851470947266,38.18984603881836,35.36978503649432,42031.0,37.317138671875,31.85009765625,30.32696533203125,22.874420166015625,42.22499942779541
1970-11-29 17:20:56.990,30.01744842529297,95.96385192871094,159.1227264404297,87.2727279663086,86.69999694824219,61.23046875,99.93851470947266,38.19837951660156,36.10458826869443,42031.0,37.725128173828125,32.82926940917969,31.224517822265625,28.85821533203125,42.22499942779541
1970-11-29 17:20:56.000,29.85099220275879,96.1445770263672,158.12174224853516,87.2727279663086,86.5,61.23046875,99.93851470947266,38.18984603881836,35.36978503649432,42031.0,37.317138671875,31.85009765625,30.32696533203125,22.874420166015625,42.22499942779541
1970-11-29 17:20:57.992,30.00454902648925,95.90361785888672,158.15430450439453,87.3484878540039,86.5999984741211,61.23046875,99.93851470947266,38.20183944702149,35.4927987209988,42031.0,36.555572509765625,33.12846374511719,27.33505249023437,28.20542907714844,42.22499942779541
1970-11-29 17:20:59.002,30.00454902648925,95.90361785888672,158.15430450439453,87.3484878540039,86.5999984741211,61.23046875,99.93851470947266,38.20183944702149,35.4927987209988,42031.0,36.555572509765625,33.12846374511719,27.33505249023437,28.20542907714844,42.22499942779541
1970-11-29 17:20:59.992,30.17946052551269,96.02409362792967,158.4716796875,87.2727279663086,86.69999694824219,61.23046875,99.93851470947266,38.208763122558594,35.995900327939644,42031.0,36.990753173828125,31.360519409179688,29.0758056640625,27.36225891113281,42.22499942779541
1970-11-29 17:21:00.994,30.294376373291016,95.96385192871094,159.033203125,87.2727279663086,86.29999542236328,61.23046875,99.93851470947266,38.21568298339844,36.63852912218351,42031.0,33.78125,29.837371826171875,30.29975891113281,30.13656616210937,42.22499942779541
1970-11-29 17:21:01.990,30.294376373291016,95.96385192871094,159.033203125,87.2727279663086,86.29999542236328,61.23046875,99.93851470947266,38.21568298339844,36.63852912218351,42031.0,33.78125,29.837371826171875,30.29975891113281,30.13656616210937,42.22499942779541
1970-11-29 17:21:03.991,30.005239486694336,96.02409362792967,158.1298828125,87.2727279663086,85.5999984741211,61.23046875,99.93851470947266,38.22849655151367,36.23048902172453,42031.0,34.73321533203125,29.918975830078125,25.13192749023437,29.26620483398437,42.22499942779541
1970-11-29 17:21:03.000,30.1321029663086,95.84337615966795,159.033203125,87.2727279663086,86.79999542236328,61.23046875,99.93851470947266,38.219146728515625,35.001656929085506,42031.0,33.69966125488281,32.0133056640625,29.782989501953125,29.456588745117188,42.22499942779541
1970-11-29 17:21:04.992,30.005239486694336,96.02409362792967,158.1298828125,87.2727279663086,85.5999984741211,61.23046875,99.93851470947266,38.22849655151367,36.23048902172453,42031.0,34.73321533203125,29.918975830078125,25.13192749023437,29.26620483398437,42.22499942779541
1970-11-29 17:21:05.992,30.007022857666016,96.1445770263672,158.00782012939453,87.2727279663086,86.0999984741211,61.23046875,99.93851470947266,38.24528884887695,35.64388117659936,42031.0,36.555572509765625,27.33505249023437,27.253463745117188,30.245361328125,42.22499942779541
1970-11-29 17:21:07.003,30.03701400756836,96.02409362792967,157.8125,87.2727279663086,85.69999694824219,61.23046875,99.94213104248048,38.246429443359375,36.376354628377385,42031.0,32.99249267578125,29.53817749023437,26.247100830078125,29.102996826171875,42.22499942779541
1970-11-29 17:21:07.991,29.91193008422852,95.96385192871094,156.63248443603516,87.2727279663086,85.0999984741211,61.23046875,99.93851470947266,38.25276947021485,36.614661112608175,42031.0,34.6788330078125,29.619781494140625,24.098373413085938,22.22163391113281,42.22499942779541
1970-11-29 17:21:08.990,29.91193008422852,95.96385192871094,156.63248443603516,87.2727279663086,85.0999984741211,61.23046875,99.93851470947266,38.25276947021485,36.614661112608175,42031.0,34.6788330078125,29.619781494140625,24.098373413085938,22.22163391113281,42.22499942779541
1970-11-29 17:21:09.992,29.85134506225586,95.96385192871094,156.99056243896484,87.2727279663086,86.0,61.23046875,99.93851470947266,38.2598876953125,36.21264413570714,42031.0,36.96356201171875,29.837371826171875,23.309600830078125,27.661453247070312,42.22499942779541
1970-11-29 17:21:10.994,29.94365692138672,95.96385192871094,157.18587493896484,87.2727279663086,85.0999984741211,61.23046875,99.93851470947266,38.269142150878906,35.98155957984853,42031.0,36.2835693359375,29.266189575195312,25.104736328125,25.458328247070312,42.22499942779541
1970-11-29 17:21:11.991,29.94365692138672,95.96385192871094,157.18587493896484,87.2727279663086,85.0999984741211,61.23046875,99.93851470947266,38.269142150878906,35.98155957984853,42031.0,36.2835693359375,29.266189575195312,25.104736328125,25.458328247070312,42.22499942779541
1970-11-29 17:21:12.994,30.043148040771484,95.96385192871094,157.28353118896484,87.2727279663086,86.0999984741211,61.23046875,99.93851470947266,38.2763900756836,35.33477634998389,42031.0,34.89642333984375,30.979736328125,25.947906494140625,24.315963745117188,42.22499942779541
1970-11-29 17:21:14.004,29.93777084350586,96.02409362792967,156.5022735595703,87.2727279663086,85.9000015258789,61.23046875,99.93851470947266,38.28363800048828,35.70973165543813,42031.0,38.26910400390625,32.339691162109375,23.826385498046875,22.24884033203125,42.22499942779541
1970-11-29 17:21:14.993,29.93777084350586,96.02409362792967,156.5022735595703,87.2727279663086,85.9000015258789,61.23046875,99.93851470947266,38.28363800048828,35.70973165543813,42031.0,38.26910400390625,32.339691162109375,23.826385498046875,22.24884033203125,42.22499942779541
1970-11-29 17:21:15.994,29.969970703125,96.02409362792967,157.34049224853516,87.2727279663086,86.5,61.23046875,99.93851470947266,38.28726196289063,36.51808183545541,42031.0,37.58912658691406,32.448486328125,23.581588745117188,25.73031616210937,42.22499942779541
1970-11-29 17:21:16.990,30.1208438873291,95.96385192871094,157.6171875,87.2727279663086,86.0,61.23046875,99.93851470947266,38.29450988769531,35.538872759410985,42031.0,37.18115234375,27.36225891113281,30.054962158203125,28.91259765625,42.22499942779541
1970-11-29 17:21:17.990,30.1208438873291,95.96385192871094,157.6171875,87.2727279663086,86.0,61.23046875,99.93851470947266,38.29450988769531,35.538872759410985,42031.0,37.18115234375,27.36225891113281,30.054962158203125,28.91259765625,42.22499942779541
1970-11-29 17:21:18.990,30.109487533569336,96.02409362792967,158.12989044189453,87.2727279663086,86.69999694824219,61.23046875,99.93851470947266,38.3017578125,34.98433546646237,42031.0,35.27720642089844,33.31884765625,31.306121826171875,26.192703247070312,42.22499942779541
1970-11-29 17:21:20.000,29.998573303222656,96.02409362792967,157.7880859375,87.2727279663086,86.19999694824219,61.23046875,99.93851470947266,38.30538177490234,34.97558719248581,42031.0,38.26910400390625,30.46295166015625,27.47105407714844,25.376739501953125,42.22499942779541
1970-11-29 17:21:21.003,29.998573303222656,96.02409362792967,157.7880859375,87.2727279663086,86.19999694824219,61.23046875,99.93851470947266,38.30538177490234,34.97558719248581,42031.0,38.26910400390625,30.46295166015625,27.47105407714844,25.376739501953125,42.22499942779541
1970-11-29 17:21:21.991,30.042367935180664,96.08433532714844,157.53580474853516,87.2727279663086,86.0999984741211,61.23046875,99.93851470947266,38.31262969970703,36.420354757929616,42031.0,39.73785400390625,31.306121826171875,25.077545166015625,30.40855407714844,42.22499942779541
1970-11-29 17:21:23.005,30.164560317993164,96.08433532714844,158.3740234375,87.2727279663086,85.69999694824219,61.23046875,99.93851470947266,38.31249237060547,37.169490551230844,42031.0,33.672454833984375,31.714111328125,29.9461669921875,28.885406494140625,42.22499942779541
1970-11-29 17:21:24.004,30.164560317993164,96.08433532714844,158.3740234375,87.2727279663086,85.69999694824219,61.23046875,99.93851470947266,38.31249237060547,37.169490551230844,42031.0,33.672454833984375,31.714111328125,29.9461669921875,28.885406494140625,42.22499942779541
1970-11-29 17:21:24.992,30.02617454528809,95.96385192871094,158.21126556396484,87.2727279663086,85.69999694824219,61.23046875,99.93851470947266,38.31603240966797,37.60001138329741,42031.0,33.78125,35.630767822265625,28.042236328125,27.52545166015625,42.22499942779541
1970-11-29 17:21:26.993,29.916423797607425,95.90361785888672,157.12890625,87.3484878540039,85.5999984741211,61.23046875,99.93851470947266,38.31414031982422,37.331068596124325,42031.0,37.23553466796875,28.151031494140625,23.5,28.586212158203125,42.22499942779541
1970-11-29 17:21:26.000,29.916423797607425,95.90361785888672,157.12890625,87.3484878540039,85.5999984741211,61.23046875,99.93851470947266,38.31414031982422,37.331068596124325,42031.0,37.23553466796875,28.151031494140625,23.5,28.586212158203125,42.22499942779541
1970-11-29 17:21:28.004,29.981748580932617,95.96385192871094,157.79622650146484,87.2727279663086,85.0,61.23046875,99.93851470947266,38.307865142822266,37.75294685035776,42031.0,34.923614501953125,27.93344116210937,27.38946533203125,29.40219116210937,42.22499942779541
1970-11-29 17:21:28.990,30.023624420166016,96.08433532714844,158.056640625,87.2727279663086,85.79999542236328,61.23046875,99.93851470947266,38.30465698242188,36.72679087119226,42031.0,35.19561767578125,27.44384765625,29.15740966796875,25.458328247070312,42.22499942779541
1970-11-29 17:21:29.995,30.023624420166016,96.08433532714844,158.056640625,87.2727279663086,85.79999542236328,61.23046875,99.93851470947266,38.30465698242188,36.72679087119226,42031.0,35.19561767578125,27.44384765625,29.15740966796875,25.458328247070312,42.22499942779541
1970-11-29 17:21:30.992,29.884510040283203,95.96385192871094,158.1705780029297,87.2727279663086,85.5999984741211,61.23046875,99.93851470947266,38.29314422607422,37.83553196337269,42031.0,36.392364501953125,29.86456298828125,26.79107666015625,31.2789306640625,42.22499942779541
1970-11-29 17:21:31.992,29.884510040283203,95.96385192871094,158.1705780029297,87.2727279663086,85.5999984741211,61.23046875,99.93851470947266,38.29314422607422,37.83553196337269,42031.0,36.392364501953125,29.86456298828125,26.79107666015625,31.2789306640625,42.22499942779541
1970-11-29 17:21:33.002,29.90165901184082,95.84337615966795,157.2184295654297,87.2727279663086,85.5,61.23046875,99.93851470947266,38.289398193359375,37.80949093775812,42031.0,34.21644592285156,27.987838745117188,24.696746826171875,29.021392822265625,42.22499942779541
1970-11-29 17:21:33.993,30.052858352661133,96.08433532714844,156.494140625,87.2727279663086,85.5,61.23046875,99.93851470947266,38.28580856323242,36.618207652494206,42031.0,35.49481201171875,30.571746826171875,24.99594116210937,25.784713745117188,42.22499942779541
1970-11-29 17:21:35.004,30.052858352661133,96.08433532714844,156.494140625,87.2727279663086,85.5,61.23046875,99.93851470947266,38.28580856323242,36.618207652494206,42031.0,35.49481201171875,30.571746826171875,24.99594116210937,25.784713745117188,42.22499942779541
1970-11-29 17:21:35.994,30.045944213867188,96.1445770263672,156.99869537353516,87.2727279663086,85.0999984741211,61.23046875,99.93851470947266,38.26779174804688,36.691456489314106,42031.0,34.76043701171875,30.979736328125,23.989578247070312,26.111114501953125,42.22499942779541
1970-11-29 17:21:37.003,29.935760498046875,95.96385192871094,156.80338287353516,87.2727279663086,85.79999542236328,61.23046875,99.93851470947266,38.26481246948242,36.20080331520437,42031.0,38.40509033203125,30.653350830078125,26.05670166015625,22.79281616210937,42.22499942779541
1970-11-29 17:21:38.004,29.935760498046875,95.96385192871094,156.80338287353516,87.2727279663086,85.79999542236328,61.23046875,99.93851470947266,38.26481246948242,36.20080331520437,42031.0,38.40509033203125,30.653350830078125,26.05670166015625,22.79281616210937,42.22499942779541
1970-11-29 17:21:38.994,29.969194412231445,95.96385192871094,157.50325775146484,87.3484878540039,85.9000015258789,61.23046875,99.93851470947266,38.248626708984375,36.00252054273515,42031.0,37.99711608886719,33.40045166015625,25.86630249023437,28.287017822265625,42.22499942779541
1970-11-29 17:21:40.001,30.11126708984375,96.08433532714844,158.13802337646484,87.2727279663086,85.79999542236328,61.23046875,99.93851470947266,38.2343864440918,35.20556121704372,42031.0,38.595489501953125,29.0758056640625,28.776611328125,28.17822265625,42.22499942779541
1970-11-29 17:21:40.993,30.11126708984375,96.08433532714844,158.13802337646484,87.2727279663086,85.79999542236328,61.23046875,99.93851470947266,38.2343864440918,35.20556121704372,42031.0,38.595489501953125,29.0758056640625,28.776611328125,28.17822265625,42.22499942779541
1970-11-29 17:21:42.000,30.027816772460938,95.96385192871094,157.30794525146484,87.2727279663086,85.0999984741211,61.23046875,99.93851470947266,38.22385787963867,37.126718517122036,42031.0,37.09954833984375,31.87730407714844,28.09663391113281,25.75750732421875,42.22499942779541
1970-11-29 17:21:43.001,29.97656440734864,95.84337615966795,158.43912506103516,87.2727279663086,87.30000305175781,61.23046875,99.93851470947266,38.22495651245117,34.518800258558706,42031.0,38.4866943359375,33.45484924316406,29.864578247070312,27.634246826171875,42.22499942779541
1970-11-29 17:21:43.994,29.97656440734864,95.84337615966795,158.43912506103516,87.2727279663086,87.30000305175781,61.23046875,99.93851470947266,38.22495651245117,34.518800258558706,42031.0,38.4866943359375,33.45484924316406,29.864578247070312,27.634246826171875,42.22499942779541
1970-11-29 17:21:44.994,30.07494163513184,96.02409362792967,157.8125,87.2727279663086,86.5999984741211,61.23046875,99.93851470947266,38.22218322753906,36.530718456340274,42031.0,38.32350158691406,34.4884033203125,25.295135498046875,30.32696533203125,42.22499942779541
1970-11-29 17:21:46.005,30.15999984741211,96.1445770263672,158.5367889404297,87.3484878540039,86.29999542236328,61.23046875,99.93851470947266,38.215213775634766,36.22147340658918,42031.0,37.7523193359375,30.84375,30.89813232421875,31.79571533203125,42.22499942779541
1970-11-29 17:21:46.994,30.15999984741211,96.1445770263672,158.5367889404297,87.3484878540039,86.29999542236328,61.23046875,99.93851470947266,38.215213775634766,36.22147340658918,42031.0,37.7523193359375,30.84375,30.89813232421875,31.79571533203125,42.22499942779541
1970-11-29 17:21:47.994,30.01845932006836,95.90361785888672,158.52864837646484,87.3484878540039,86.5999984741211,61.23046875,99.93851470947266,38.21043395996094,36.208403718872624,42031.0,34.84202575683594,33.45484924316406,29.89178466796875,30.32696533203125,42.22499942779541
1970-11-29 17:21:48.992,29.969900131225582,95.84337615966795,158.43912506103516,87.2727279663086,86.9000015258789,61.23046875,99.93851470947266,38.20878982543945,36.12572403278105,42031.0,36.1475830078125,34.40681457519531,30.76214599609375,28.232635498046875,42.22499942779541
1970-11-29 17:21:49.994,29.969900131225582,95.84337615966795,158.43912506103516,87.2727279663086,86.9000015258789,61.23046875,99.93851470947266,38.20878982543945,36.12572403278105,42031.0,36.1475830078125,34.40681457519531,30.76214599609375,28.232635498046875,42.22499942779541
1970-11-29 17:21:50.994,30.073532104492188,96.02409362792967,157.91829681396484,87.2727279663086,86.29999542236328,61.23046875,99.93851470947266,38.21196746826172,36.661885007806085,42031.0,35.46759033203125,32.93806457519531,26.029510498046875,28.4774169921875,42.22499942779541
1970-11-29 17:21:51.993,30.02018547058105,96.1445770263672,158.08919525146484,87.2727279663086,85.79999542236328,61.23046875,99.93851470947266,38.21355819702149,35.68302920671498,42031.0,34.95082092285156,30.925338745117188,29.238998413085938,31.60531616210937,42.22499942779541
1970-11-29 17:21:52.991,29.82240867614746,95.96385192871094,156.9010467529297,87.3484878540039,85.79999542236328,61.23046875,99.93851470947266,38.21673583984375,35.562932016827574,42031.0,33.454864501953125,32.3125,26.029510498046875,25.458328247070312,42.22499942779541
1970-11-29 17:21:53.993,29.82240867614746,95.96385192871094,156.9010467529297,87.3484878540039,85.79999542236328,61.23046875,99.93851470947266,38.21673583984375,35.562932016827574,42031.0,33.454864501953125,32.3125,26.029510498046875,25.458328247070312,42.22499942779541
1970-11-29 17:21:54.993,29.800893783569336,95.66265106201172,157.18587493896484,87.2727279663086,85.39999389648438,61.23046875,99.93851470947266,38.219913482666016,37.63640676279458,42031.0,37.0179443359375,33.590850830078125,27.44384765625,25.92071533203125,42.22499942779541
1970-11-29 17:21:55.992,29.93055534362793,96.02409362792967,156.15234375,87.2727279663086,85.19999694824219,61.23046875,99.93851470947266,38.22150421142578,35.88961085265696,42031.0,35.46759033203125,28.423019409179688,25.32232666015625,26.763885498046875,42.22499942779541
1970-11-29 17:21:57.005,29.93055534362793,96.02409362792967,156.15234375,87.2727279663086,85.19999694824219,61.23046875,99.93851470947266,38.22150421142578,35.88961085265696,42031.0,35.46759033203125,28.423019409179688,25.32232666015625,26.763885498046875,42.22499942779541
1970-11-29 17:21:58.004,29.820350646972656,96.1445770263672,156.65689849853516,87.2727279663086,85.5,61.23046875,99.93851470947266,38.22468185424805,37.040985126949124,42031.0,33.754058837890625,26.1383056640625,25.512725830078125,23.363998413085938,42.22499942779541
1970-11-29 17:21:58.993,29.836009979248047,95.96385192871094,156.8359375,87.2727279663086,85.69999694824219,61.23046875,99.93851470947266,38.232723236083984,35.8480453007295,42031.0,34.73321533203125,28.80380249023437,27.661453247070312,27.09027099609375,42.22499942779541
1970-11-29 17:21:59.993,29.836009979248047,95.96385192871094,156.8359375,87.2727279663086,85.69999694824219,61.23046875,99.93851470947266,38.232723236083984,35.8480453007295,42031.0,34.73321533203125,28.80380249023437,27.661453247070312,27.09027099609375,42.22499942779541
1970-11-29 17:22:01.003,30.01136779785156,95.84337615966795,156.43717193603516,87.2727279663086,86.5,61.23046875,99.93851470947266,38.236812591552734,34.742540897131164,42031.0,38.21470642089844,31.2789306640625,24.832748413085938,25.295135498046875,42.22499942779541
1970-11-29 17:22:01.993,30.11652565002441,96.26506042480467,156.73014068603516,87.2727279663086,85.69999694824219,61.23046875,99.93851470947266,38.24996566772461,36.43962212660595,42031.0,36.44677734375,32.72047424316406,23.962371826171875,27.96063232421875,42.22499942779541
1970-11-29 17:22:03.001,30.11652565002441,96.26506042480467,156.73014068603516,87.2727279663086,85.69999694824219,61.23046875,99.93851470947266,38.24996566772461,36.43962212660595,42031.0,36.44677734375,32.72047424316406,23.962371826171875,27.96063232421875,42.22499942779541
1970-11-29 17:22:03.995,30.04826164245605,96.02409362792967,156.71385955810547,87.2727279663086,86.0999984741211,61.23046875,99.93851470947266,38.26580429077149,35.031803657027325,42031.0,36.31077575683594,30.46295166015625,27.87904357910156,26.60067749023437,42.22499942779541
1970-11-29 17:22:04.992,30.090377807617188,95.60240936279295,157.16146087646484,87.2727279663086,86.5999984741211,61.23046875,99.93851470947266,38.26771926879883,35.34490540835891,42031.0,39.71066284179688,31.93170166015625,26.682281494140625,22.6024169921875,42.22499942779541
1970-11-29 17:22:05.995,30.090377807617188,95.60240936279295,157.16146087646484,87.2727279663086,86.5999984741211,61.23046875,99.93851470947266,38.26771926879883,35.34490540835891,42031.0,39.71066284179688,31.93170166015625,26.682281494140625,22.6024169921875,42.22499942779541
1970-11-29 17:22:06.993,30.23539924621582,96.08433532714844,157.71483612060547,87.2727279663086,86.19999694824219,61.23046875,99.93851470947266,38.28293991088867,34.99358991706881,42032.0,36.63716125488281,28.015045166015625,30.08216857910156,29.701385498046875,42.22499942779541
1970-11-29 17:22:07.994,30.172286987304688,96.32530212402344,158.65071868896484,87.3484878540039,86.0,61.23046875,99.93851470947266,38.290306091308594,35.74808622155377,42032.0,42.07696533203125,32.20368957519531,29.483795166015625,31.49652099609375,42.22499942779541
1970-11-29 17:22:09.005,30.172286987304688,96.32530212402344,158.65071868896484,87.3484878540039,86.0,61.23046875,99.93851470947266,38.290306091308594,35.74808622155377,42032.0,42.07696533203125,32.20368957519531,29.483795166015625,31.49652099609375,42.22499942779541
1970-11-29 17:22:09.993,29.90061378479004,95.78313446044922,157.79622650146484,87.2727279663086,85.9000015258789,61.23046875,99.93851470947266,38.29723358154297,38.272251906719426,42032.0,36.77316284179688,30.925338745117188,29.837371826171875,29.238998413085938,42.22499942779541
1970-11-29 17:22:11.003,29.84383010864257,95.72289276123048,158.65885162353516,87.2727279663086,85.9000015258789,61.23046875,99.93851470947266,38.312137603759766,36.99267503397829,42032.0,36.66436767578125,32.23089599609375,31.659713745117188,29.56538391113281,42.22499942779541
1970-11-29 17:22:12.004,29.84383010864257,95.72289276123048,158.65885162353516,87.2727279663086,85.9000015258789,61.23046875,99.93851470947266,38.312137603759766,36.99267503397829,42032.0,36.66436767578125,32.23089599609375,31.659713745117188,29.56538391113281,42.22499942779541
1970-11-29 17:22:13.005,29.969968795776367,96.26506042480467,157.60904693603516,87.2727279663086,85.0999984741211,61.23046875,99.93851470947266,38.326446533203125,38.97670518386332,42032.0,36.77316284179688,32.421295166015625,28.85821533203125,30.13656616210937,42.22499942779541
1970-11-29 17:22:13.993,29.80112075805664,96.20481872558594,157.51139068603516,87.2727279663086,85.9000015258789,61.23046875,99.93851470947266,38.33856201171875,37.12354238922914,42032.0,34.43403625488281,33.34605407714844,28.450225830078125,27.44384765625,42.22499942779541
1970-11-29 17:22:15.005,29.80112075805664,96.20481872558594,157.51139068603516,87.2727279663086,85.9000015258789,61.23046875,99.93851470947266,38.33856201171875,37.12354238922914,42032.0,34.43403625488281,33.34605407714844,28.450225830078125,27.44384765625,42.22499942779541
1970-11-29 17:22:16.004,29.673076629638672,95.78313446044922,158.40657806396484,87.2727279663086,85.5999984741211,61.23046875,99.93851470947266,38.348388671875,36.46177104187774,42032.0,35.005218505859375,30.84375,30.13656616210937,31.333328247070312,42.22499942779541
1970-11-29 17:22:16.992,29.82184410095215,95.96385192871094,158.7321014404297,87.2727279663086,86.9000015258789,61.23046875,99.93851470947266,38.357540130615234,35.93564151738045,42032.0,37.126739501953125,34.624420166015625,29.918975830078125,28.450225830078125,42.22499942779541
1970-11-29 17:22:18.004,29.82184410095215,95.96385192871094,158.7321014404297,87.2727279663086,86.9000015258789,61.23046875,99.93851470947266,38.357540130615234,35.93564151738045,42032.0,37.126739501953125,34.624420166015625,29.918975830078125,28.450225830078125,42.22499942779541
1970-11-29 17:22:18.990,29.982765197753903,96.1445770263672,156.9010467529297,87.3484878540039,86.19999694824219,61.23046875,99.93851470947266,38.36497497558594,37.23793054837768,42032.0,37.561920166015625,32.93806457519531,28.93980407714844,27.33505249023437,42.22499942779541
1970-11-29 17:22:19.991,29.99431610107422,95.96385192871094,156.4208984375,87.2727279663086,85.29999542236328,61.23046875,99.93851470947266,38.40213394165039,37.22679518697466,42032.0,36.990753173828125,30.109375,26.981475830078125,25.48553466796875,42.22499942779541
1970-11-29 17:22:20.994,29.99431610107422,95.96385192871094,156.4208984375,87.2727279663086,85.29999542236328,61.23046875,99.93851470947266,38.40213394165039,37.22679518697466,42032.0,36.990753173828125,30.109375,26.981475830078125,25.48553466796875,42.22499942779541
1970-11-29 17:22:21.990,30.10330581665039,95.84337615966795,156.5511016845703,87.2727279663086,86.0,61.23046875,99.93851470947266,38.422760009765625,35.19164594474416,42032.0,34.515625,27.82464599609375,29.130203247070312,28.042236328125,42.22499942779541
1970-11-29 17:22:22.990,30.37077140808105,96.08433532714844,156.54297637939453,87.2727279663086,86.0999984741211,61.23046875,99.93851470947266,38.43157958984375,34.46961749933163,42032.0,36.473968505859375,28.17822265625,24.28875732421875,25.431121826171875,42.22499942779541
1970-11-29 17:22:23.993,30.37077140808105,96.08433532714844,156.54297637939453,87.2727279663086,86.0999984741211,61.23046875,99.93851470947266,38.43157958984375,34.46961749933163,42032.0,36.473968505859375,28.17822265625,24.28875732421875,25.431121826171875,42.22499942779541
1970-11-29 17:22:24.992,30.470346450805664,96.02409362792967,155.8349609375,87.2727279663086,86.0999984741211,61.23046875,99.93851470947266,38.44697189331055,34.601154524342896,42032.0,39.0850830078125,33.210052490234375,24.832748413085938,23.52719116210937,42.22499942779541
1970-11-29 17:22:26.003,30.33540153503418,95.90361785888672,156.25,87.2727279663086,86.29999542236328,61.23046875,99.94213104248048,38.48785400390625,33.518651057402856,42032.0,35.848388671875,30.0821533203125,25.89350891113281,29.34779357910156,42.22499942779541
1970-11-29 17:22:27.994,30.3311824798584,95.96385192871094,158.203125,87.3484878540039,86.5,61.23046875,99.93851470947266,38.50128173828125,34.24701975031874,42032.0,36.582763671875,29.266189575195312,29.42938232421875,25.458328247070312,42.22499942779541
1970-11-29 17:22:27.000,30.33540153503418,95.90361785888672,156.25,87.2727279663086,86.29999542236328,61.23046875,99.94213104248048,38.48785400390625,33.518651057402856,42032.0,35.848388671875,30.0821533203125,25.89350891113281,29.34779357910156,42.22499942779541
1970-11-29 17:22:28.994,30.428157806396484,96.02409362792967,159.0087890625,87.3484878540039,86.0999984741211,61.23046875,99.93851470947266,38.52528381347656,34.45293879227872,42032.0,38.24191284179688,30.571746826171875,26.818267822265625,27.6070556640625,42.22499942779541
1970-11-29 17:22:29.993,30.428157806396484,96.02409362792967,159.0087890625,87.3484878540039,86.0999984741211,61.23046875,99.93851470947266,38.52528381347656,34.45293879227872,42032.0,38.24191284179688,30.571746826171875,26.818267822265625,27.6070556640625,42.22499942779541
1970-11-29 17:22:31.001,30.255016326904297,95.96385192871094,159.3505859375,87.2727279663086,85.9000015258789,61.23046875,99.93851470947266,38.557743072509766,36.118325276305356,42032.0,37.15394592285156,30.8165283203125,26.49188232421875,29.8101806640625,42.22499942779541
1970-11-29 17:22:32.002,29.945894241333008,96.02409362792967,160.61197662353516,87.2727279663086,86.0999984741211,61.23046875,99.93851470947266,38.57903289794922,36.97541692427896,42032.0,34.706024169921875,29.42938232421875,27.661453247070312,30.5445556640625,42.22499942779541
1970-11-29 17:22:33.002,29.945894241333008,96.02409362792967,160.61197662353516,87.2727279663086,86.0999984741211,61.23046875,99.93851470947266,38.57903289794922,36.97541692427896,42032.0,34.706024169921875,29.42938232421875,27.661453247070312,30.5445556640625,42.22499942779541
1970-11-29 17:22:33.993,29.83493423461914,95.96385192871094,161.4501953125,87.2727279663086,86.4000015258789,61.23046875,99.93851470947266,38.610008239746094,35.98617321026885,42032.0,35.49481201171875,31.958892822265625,29.59259033203125,30.245361328125,42.22499942779541
1970-11-29 17:22:34.992,29.8068904876709,95.90361785888672,161.73502349853516,87.2727279663086,85.79999542236328,61.23046875,99.93851470947266,38.64958572387695,36.23296768271359,42032.0,36.41957092285156,31.93170166015625,29.320587158203125,27.987838745117188,42.22499942779541
1970-11-29 17:22:35.994,29.8068904876709,95.90361785888672,161.73502349853516,87.2727279663086,85.79999542236328,61.23046875,99.93851470947266,38.64958572387695,36.23296768271359,42032.0,36.41957092285156,31.93170166015625,29.320587158203125,27.987838745117188,42.22499942779541
1970-11-29 17:22:36.993,29.605728149414062,96.08433532714844,161.7024688720703,87.2727279663086,85.9000015258789,61.23046875,99.93851470947266,38.66191482543945,38.98466775519124,42032.0,36.52836608886719,28.423019409179688,26.899871826171875,29.34779357910156,42.22499942779541
1970-11-29 17:22:37.994,29.56746292114257,96.1445770263672,163.50911712646484,87.2727279663086,87.19999694824219,61.23046875,99.93851470947266,38.69408416748047,36.25669051712872,42032.0,37.42593383789063,32.96527099609375,31.4149169921875,28.69500732421875,42.22499942779541
1970-11-29 17:22:38.994,29.56746292114257,96.1445770263672,163.50911712646484,87.2727279663086,87.19999694824219,61.23046875,99.93851470947266,38.69408416748047,36.25669051712872,42032.0,37.42593383789063,32.96527099609375,31.4149169921875,28.69500732421875,42.22499942779541
1970-11-29 17:22:40.002,29.7602767944336,95.90361785888672,163.8834686279297,87.2727279663086,85.39999389648438,61.23046875,99.93851470947266,38.72932815551758,37.79503217210892,42032.0,32.53009033203125,32.040496826171875,24.26156616210937,26.845489501953125,42.22499942779541
1970-11-29 17:22:40.991,29.96109390258789,95.90361785888672,163.0126953125,87.2727279663086,85.5999984741211,61.23046875,99.94213104248048,38.743072509765625,37.857535680950164,42032.0,34.624420166015625,31.523712158203125,27.82464599609375,26.21990966796875,42.22499942779541
1970-11-29 17:22:41.992,29.96109390258789,95.90361785888672,163.0126953125,87.2727279663086,85.5999984741211,61.23046875,99.94213104248048,38.743072509765625,37.857535680950164,42032.0,34.624420166015625,31.523712158203125,27.82464599609375,26.21990966796875,42.22499942779541
1970-11-29 17:22:42.994,30.009389877319336,96.08433532714844,164.46126556396484,87.2727279663086,85.69999694824219,61.23046875,99.93851470947266,38.78055953979492,36.86633396389616,42032.0,33.536468505859375,34.461212158203125,25.24072265625,27.634246826171875,42.22499942779541
1970-11-29 17:22:43.994,30.18292236328125,96.1445770263672,165.1285858154297,87.2727279663086,86.19999694824219,61.23046875,99.93851470947266,38.82680892944336,36.80865104233019,42032.0,35.25,30.27255249023437,27.770248413085938,25.26792907714844,42.22499942779541
1970-11-29 17:22:44.991,30.18292236328125,96.1445770263672,165.1285858154297,87.2727279663086,86.19999694824219,61.23046875,99.93851470947266,38.82680892944336,36.80865104233019,42032.0,35.25,30.27255249023437,27.770248413085938,25.26792907714844,42.22499942779541
1970-11-29 17:22:45.990,30.39008331298828,95.90361785888672,165.8772735595703,87.2727279663086,85.29999542236328,61.23046875,99.93851470947266,38.83561706542969,37.95204967553195,42032.0,34.053253173828125,31.387725830078125,28.85821533203125,24.99594116210937,42.22499942779541
1970-11-29 17:22:46.991,30.307132720947266,95.90361785888672,163.6474609375,87.2727279663086,85.9000015258789,61.23046875,99.93851470947266,38.85663604736328,36.17933894897476,42032.0,34.0804443359375,30.354156494140625,27.987838745117188,23.69038391113281,42.22499942779541
1970-11-29 17:22:48.990,30.11923217773437,96.02409362792967,163.60677337646484,87.3484878540039,85.39999389648438,61.23046875,99.93851470947266,38.8967399597168,36.57271844384755,42032.0,36.609954833984375,26.05670166015625,24.6695556640625,24.20716857910156,42.22499942779541
1970-11-29 17:22:48.000,30.307132720947266,95.90361785888672,163.6474609375,87.2727279663086,85.9000015258789,61.23046875,99.93851470947266,38.85663604736328,36.17933894897476,42032.0,34.0804443359375,30.354156494140625,27.987838745117188,23.69038391113281,42.22499942779541
1970-11-29 17:22:49.990,30.03652000427246,95.96385192871094,164.4694061279297,87.2727279663086,85.5999984741211,61.23046875,99.93851470947266,38.92354965209961,36.628822068777026,42032.0,33.971649169921875,26.73667907714844,27.06307983398437,26.383087158203125,42.22499942779541
1970-11-29 17:22:50.994,30.03652000427246,95.96385192871094,164.4694061279297,87.2727279663086,85.5999984741211,61.23046875,99.93851470947266,38.92354965209961,36.628822068777026,42032.0,33.971649169921875,26.73667907714844,27.06307983398437,26.383087158203125,42.22499942779541
1970-11-29 17:22:51.993,30.0737419128418,96.02409362792967,163.72884368896484,87.2727279663086,86.29999542236328,61.23046875,99.93851470947266,38.9563102722168,36.376973435277634,42032.0,36.582763671875,27.579849243164062,27.715850830078125,25.15913391113281,42.22499942779541
1970-11-29 17:22:52.994,29.823904037475582,95.96385192871094,163.36263275146484,87.3484878540039,86.69999694824219,61.23046875,99.93851470947266,38.98549270629883,36.524705085565245,42032.0,35.57640075683594,27.797439575195312,25.839111328125,27.498260498046875,42.22499942779541
1970-11-29 17:22:53.990,29.823904037475582,95.96385192871094,163.36263275146484,87.3484878540039,86.69999694824219,61.23046875,99.93851470947266,38.98549270629883,36.524705085565245,42032.0,35.57640075683594,27.797439575195312,25.839111328125,27.498260498046875,42.22499942779541
1970-11-29 17:22:55.001,29.66633415222168,96.02409362792967,164.51822662353516,87.2727279663086,86.79999542236328,61.23046875,99.93851470947266,39.00508117675781,36.4595544867997,42032.0,38.078704833984375,29.29339599609375,25.648712158203125,29.0758056640625,42.22499942779541
1970-11-29 17:22:55.995,29.747522354125977,95.96385192871094,164.8274688720703,87.2727279663086,85.19999694824219,61.23046875,99.93851470947266,39.024749755859375,37.609942608709815,42032.0,38.13311767578125,30.16375732421875,27.79745483398437,26.927078247070312,42.22499942779541
1970-11-29 17:22:56.992,29.747522354125977,95.96385192871094,164.8274688720703,87.2727279663086,85.19999694824219,61.23046875,99.93851470947266,39.024749755859375,37.609942608709815,42032.0,38.13311767578125,30.16375732421875,27.79745483398437,26.927078247070312,42.22499942779541
1970-11-29 17:22:58.003,29.887731552124023,96.02409362792967,165.07161712646484,87.2727279663086,85.79999542236328,61.23046875,99.93851470947266,39.05231475830078,36.9603217760761,42032.0,36.20196533203125,32.258087158203125,26.35589599609375,28.20542907714844,42.22499942779541
1970-11-29 17:22:58.994,29.923912048339844,96.1445770263672,164.2008514404297,87.2727279663086,85.79999542236328,61.23046875,99.93851470947266,39.07683181762695,38.71310942084097,42032.0,35.086822509765625,28.80380249023437,30.218170166015625,28.776611328125,42.22499942779541
1970-11-29 17:22:59.993,29.923912048339844,96.1445770263672,164.2008514404297,87.2727279663086,85.79999542236328,61.23046875,99.93851470947266,39.07683181762695,38.71310942084097,42032.0,35.086822509765625,28.80380249023437,30.218170166015625,28.776611328125,42.22499942779541
1970-11-29 17:23:00.994,29.969640731811523,96.02409362792967,164.51822662353516,87.2727279663086,85.79999542236328,61.23046875,99.93851470947266,39.09039306640625,38.475545581755625,42032.0,35.03240966796875,31.60531616210937,25.73031616210937,24.42475891113281,42.22499942779541
1970-11-29 17:23:01.993,30.155492782592773,95.90361785888672,163.7776641845703,87.3484878540039,86.19999694824219,61.23046875,99.93851470947266,39.1136589050293,36.00974436506442,42032.0,34.624420166015625,32.09489440917969,27.634246826171875,23.39120483398437,42.22499942779541
1970-11-29 17:23:02.994,30.155492782592773,95.90361785888672,163.7776641845703,87.3484878540039,86.19999694824219,61.23046875,99.93851470947266,39.1136589050293,36.00974436506442,42032.0,34.624420166015625,32.09489440917969,27.634246826171875,23.39120483398437,42.22499942779541
1970-11-29 17:23:04.002,30.15644836425781,96.02409362792967,163.37890625,87.2727279663086,85.79999542236328,61.23046875,99.93851470947266,39.13705825805664,35.65793378443815,42032.0,33.78125,30.653350830078125,25.97509765625,22.82000732421875,42.22499942779541
1970-11-29 17:23:04.990,30.02683448791504,96.20481872558594,163.2975311279297,87.2727279663086,85.29999542236328,61.23046875,99.93851470947266,39.15409851074219,38.17844298589271,42032.0,36.80035400390625,29.64697265625,26.111114501953125,25.512725830078125,42.22499942779541
1970-11-29 17:23:06.001,30.02683448791504,96.20481872558594,163.2975311279297,87.2727279663086,85.29999542236328,61.23046875,99.93851470947266,39.15409851074219,38.17844298589271,42032.0,36.80035400390625,29.64697265625,26.111114501953125,25.512725830078125,42.22499942779541
1970-11-29 17:23:06.994,29.97420692443848,96.02409362792967,164.14388275146484,87.2727279663086,85.69999694824219,61.23046875,99.93851470947266,39.176246643066406,36.827937202122,42032.0,35.440399169921875,31.87730407714844,26.192703247070312,25.92071533203125,42.22499942779541
1970-11-29 17:23:07.992,30.082937240600582,95.84337615966795,164.0462188720703,87.2727279663086,85.79999542236328,61.23046875,99.93851470947266,39.20018005371094,37.92904772553448,42032.0,37.806732177734375,29.238983154296875,24.75115966796875,28.232635498046875,42.22499942779541
1970-11-29 17:23:09.003,30.082937240600582,95.84337615966795,164.0462188720703,87.2727279663086,85.79999542236328,61.23046875,99.93851470947266,39.20018005371094,37.92904772553448,42032.0,37.806732177734375,29.238983154296875,24.75115966796875,28.232635498046875,42.22499942779541
1970-11-29 17:23:10.003,29.958690643310547,95.90361785888672,163.84278106689453,87.3484878540039,86.19999694824219,61.23046875,99.93851470947266,39.208526611328125,37.20411063054634,42032.0,35.57640075683594,32.1492919921875,28.66781616210937,25.295135498046875,42.19999885559081
1970-11-29 17:23:11.001,29.86442375183105,96.02409362792967,164.0218048095703,87.2727279663086,86.0999984741211,61.23046875,99.93851470947266,39.22521209716797,36.46970424955768,42032.0,33.618072509765625,32.82926940917969,26.029510498046875,28.586212158203125,42.19999885559081
1970-11-29 17:23:12.002,29.86442375183105,96.02409362792967,164.0218048095703,87.2727279663086,86.0999984741211,61.23046875,99.93851470947266,39.22521209716797,36.46970424955768,42032.0,33.618072509765625,32.82926940917969,26.029510498046875,28.586212158203125,42.19999885559081
1970-11-29 17:23:13.003,29.942039489746094,96.08433532714844,164.16015625,87.2727279663086,86.29999542236328,61.23046875,99.93851470947266,39.24921798706055,36.307603292392045,42032.0,33.9444580078125,32.339691162109375,25.431121826171875,27.715850830078125,42.22499942779541
1970-11-29 17:23:13.992,30.06399917602539,96.08433532714844,164.29850006103516,87.2727279663086,86.29999542236328,61.23046875,99.93851470947266,39.25926971435547,35.99263262462066,42032.0,36.2835693359375,31.19732666015625,27.47105407714844,29.048614501953125,42.22499942779541
1970-11-29 17:23:15.001,30.06399917602539,96.08433532714844,164.29850006103516,87.2727279663086,86.29999542236328,61.23046875,99.93851470947266,39.25926971435547,35.99263262462066,42032.0,36.2835693359375,31.19732666015625,27.47105407714844,29.048614501953125,42.22499942779541
1970-11-29 17:23:15.994,29.9386043548584,95.96385192871094,164.24967193603516,87.2727279663086,86.5999984741211,61.23046875,99.93851470947266,39.28186798095703,36.03428252666797,42032.0,33.29168701171875,32.339691162109375,26.573486328125,30.245361328125,42.22499942779541
1970-11-29 17:23:16.994,29.88451766967773,95.96385192871094,163.330078125,87.3484878540039,86.69999694824219,61.23046875,99.93851470947266,39.31194305419922,36.09549419348646,42032.0,33.78125,29.375,25.73031616210937,29.15740966796875,42.22499942779541
1970-11-29 17:23:17.993,29.88451766967773,95.96385192871094,163.330078125,87.3484878540039,86.69999694824219,61.23046875,99.93851470947266,39.31194305419922,36.09549419348646,42032.0,33.78125,29.375,25.73031616210937,29.15740966796875,42.22499942779541
1970-11-29 17:23:18.992,30.037811279296875,96.02409362792967,163.4440155029297,87.2727279663086,86.5,61.23046875,99.93851470947266,39.32222366333008,36.0593516929651,42032.0,34.65162658691406,28.55902099609375,29.59259033203125,28.80380249023437,42.22499942779541
1970-11-29 17:23:20.002,30.103179931640625,96.08433532714844,163.11849212646484,87.2727279663086,85.5999984741211,61.23046875,99.93851470947266,39.34853363037109,36.84224091437632,42032.0,30.952545166015625,30.13656616210937,27.416656494140625,24.45196533203125,42.22499942779541
1970-11-29 17:23:21.004,30.103179931640625,96.08433532714844,163.11849212646484,87.2727279663086,85.5999984741211,61.23046875,99.93851470947266,39.34853363037109,36.84224091437632,42032.0,30.952545166015625,30.13656616210937,27.416656494140625,24.45196533203125,42.22499942779541
1970-11-29 17:23:21.991,30.01261329650879,95.90361785888672,162.19889068603516,87.2727279663086,85.9000015258789,61.23046875,99.93851470947266,39.3766975402832,36.329815605761155,42032.0,31.850128173828125,30.653350830078125,26.05670166015625,21.92245483398437,42.22499942779541
1970-11-29 17:23:22.994,30.013050079345703,95.96385192871094,162.31282806396484,87.2727279663086,86.0999984741211,61.23046875,99.93851470947266,39.38557434082031,35.98629187208883,42032.0,32.33970642089844,26.899871826171875,27.82464599609375,26.32870483398437,42.19999885559081
1970-11-29 17:23:24.005,30.013050079345703,95.96385192871094,162.31282806396484,87.2727279663086,86.0999984741211,61.23046875,99.93851470947266,39.38557434082031,35.98629187208883,42032.0,32.33970642089844,26.899871826171875,27.82464599609375,26.32870483398437,42.19999885559081
1970-11-29 17:23:24.995,30.12533187866211,96.08433532714844,163.5660858154297,87.2727279663086,86.0999984741211,61.23046875,99.93851470947266,39.415653228759766,35.99636072392976,42032.0,30.57177734375,28.586212158203125,27.47105407714844,24.723953247070312,42.22499942779541
1970-11-29 17:23:26.005,30.026779174804688,96.08433532714844,162.94759368896484,87.2727279663086,86.0,61.23046875,99.93851470947266,39.44593811035156,35.606576262745605,42032.0,31.632537841796875,30.653350830078125,28.83100891113281,25.947906494140625,42.19999885559081
1970-11-29 17:23:26.990,30.026779174804688,96.08433532714844,162.94759368896484,87.2727279663086,86.0,61.23046875,99.93851470947266,39.44593811035156,35.606576262745605,42032.0,31.632537841796875,30.653350830078125,28.83100891113281,25.947906494140625,42.19999885559081
1970-11-29 17:23:27.994,29.88052749633789,95.96385192871094,162.53255462646484,87.2727279663086,85.0999984741211,61.23046875,99.93851470947266,39.45671844482422,37.29381191193516,42032.0,34.406829833984375,32.39408874511719,26.818267822265625,24.94154357910156,42.19999885559081
1970-11-29 17:23:28.991,29.86432266235352,95.84337615966795,162.20703887939453,87.2727279663086,85.5,61.23046875,99.93851470947266,39.48077392578125,36.66491700530084,42032.0,35.957183837890625,28.93980407714844,22.765625,25.13192749023437,42.22499942779541
1970-11-29 17:23:29.994,29.86432266235352,95.84337615966795,162.20703887939453,87.2727279663086,85.5,61.23046875,99.93851470947266,39.48077392578125,36.66491700530084,42032.0,35.957183837890625,28.93980407714844,22.765625,25.13192749023437,42.22499942779541
1970-11-29 17:23:30.992,29.92489624023437,96.02409362792967,162.79297637939453,87.2727279663086,86.0999984741211,61.23046875,99.93851470947266,39.50746536254883,35.24035455072973,42032.0,35.79399108886719,29.184600830078125,24.778350830078125,28.12384033203125,42.22499942779541
1970-11-29 17:23:32.005,29.773420333862305,96.1445770263672,162.6220703125,87.2727279663086,85.79999542236328,61.23046875,99.93851470947266,39.52328872680664,36.54894234389357,42032.0,34.59722900390625,30.734939575195312,26.192703247070312,23.55438232421875,42.22499942779541
1970-11-29 17:23:32.992,29.773420333862305,96.1445770263672,162.6220703125,87.2727279663086,85.79999542236328,61.23046875,99.93851470947266,39.52328872680664,36.54894234389357,42032.0,34.59722900390625,30.734939575195312,26.192703247070312,23.55438232421875,42.22499942779541
1970-11-29 17:23:33.992,29.72208023071289,96.08433532714844,162.98828125,87.2727279663086,86.19999694824219,61.23046875,99.93851470947266,39.54946899414063,35.8838871765451,42032.0,37.69793701171875,30.571746826171875,24.53355407714844,22.140045166015625,42.19999885559081
1970-11-29 17:23:35.003,29.825294494628903,95.96385192871094,162.7360076904297,87.3484878540039,86.4000015258789,61.23046875,99.93851470947266,39.56843566894531,35.59922770569681,42032.0,35.79399108886719,27.171875,25.26792907714844,27.634246826171875,42.22499942779541
1970-11-29 17:23:35.993,30.02540397644043,95.96385192871094,162.0361328125,87.2727279663086,85.69999694824219,61.23046875,99.93851470947266,39.5947151184082,37.12435625070552,42032.0,35.4132080078125,29.86456298828125,27.33505249023437,26.192703247070312,42.22499942779541
1970-11-29 17:23:37.002,30.02540397644043,95.96385192871094,162.0361328125,87.2727279663086,85.69999694824219,61.23046875,99.93851470947266,39.5947151184082,37.12435625070552,42032.0,35.4132080078125,29.86456298828125,27.33505249023437,26.192703247070312,42.22499942779541
1970-11-29 17:23:37.993,30.024696350097656,96.02409362792967,163.17545318603516,87.2727279663086,85.5999984741211,61.23046875,99.93851470947266,39.60428237915039,37.573636535272044,42032.0,37.561920166015625,29.891769409179688,26.70947265625,24.96875,42.19999885559081
1970-11-29 17:23:38.993,30.07975959777832,96.02409362792967,162.87435150146484,87.2727279663086,86.19999694824219,61.23046875,99.93851470947266,39.62340927124024,36.45803479252377,42032.0,35.25,28.80380249023437,23.962371826171875,31.55091857910156,42.19999885559081
1970-11-29 17:23:40.003,30.07975959777832,96.02409362792967,162.87435150146484,87.2727279663086,86.19999694824219,61.23046875,99.93851470947266,39.62340927124024,36.45803479252377,42032.0,35.25,28.80380249023437,23.962371826171875,31.55091857910156,42.19999885559081
1970-11-29 17:23:40.994,30.2554874420166,95.78313446044922,162.90689849853516,87.3484878540039,85.5999984741211,61.23046875,99.93851470947266,39.62811279296875,37.120223060687,42032.0,33.155670166015625,31.74130249023437,25.5399169921875,29.42938232421875,42.19999885559081
1970-11-29 17:23:42.004,30.19269371032715,96.02409362792967,162.22330474853516,87.2727279663086,85.19999694824219,61.23046875,99.93851470947266,39.63731384277344,36.33616904259578,42032.0,33.91725158691406,32.910858154296875,26.818267822265625,27.6070556640625,42.19999885559081
1970-11-29 17:23:42.993,30.19269371032715,96.02409362792967,162.22330474853516,87.2727279663086,85.19999694824219,61.23046875,99.93851470947266,39.63731384277344,36.33616904259578,42032.0,33.91725158691406,32.910858154296875,26.818267822265625,27.6070556640625,42.19999885559081
1970-11-29 17:23:43.993,30.01291847229004,96.26506042480467,163.3951873779297,87.2727279663086,86.0999984741211,61.23046875,99.93851470947266,39.648773193359375,35.0465962348748,42032.0,35.522003173828125,31.85009765625,26.2742919921875,28.99420166015625,42.19999885559081
1970-11-29 17:23:45.001,29.946229934692383,95.96385192871094,162.94759368896484,87.2727279663086,86.4000015258789,61.23046875,99.93851470947266,39.651588439941406,36.20126226963318,42032.0,34.02606201171875,30.02777099609375,30.40855407714844,29.755767822265625,42.19999885559081
1970-11-29 17:23:46.004,29.946229934692383,95.96385192871094,162.94759368896484,87.2727279663086,86.4000015258789,61.23046875,99.93851470947266,39.651588439941406,36.20126226963318,42032.0,34.02606201171875,30.02777099609375,30.40855407714844,29.755767822265625,42.19999885559081
1970-11-29 17:23:47.001,30.01850128173828,95.90361785888672,163.134765625,87.2727279663086,86.5,61.23046875,99.93851470947266,39.66840362548828,35.75603551581679,42032.0,33.101287841796875,30.6805419921875,29.510986328125,25.349517822265625,42.19999885559081
1970-11-29 17:23:47.991,29.92497634887696,96.1445770263672,163.1510467529297,87.3484878540039,86.0,61.23046875,99.93851470947266,39.6754035949707,36.091354582541754,42032.0,34.923614501953125,31.578125,28.55902099609375,26.05670166015625,42.19999885559081
1970-11-29 17:23:48.990,29.92497634887696,96.1445770263672,163.1510467529297,87.3484878540039,86.0,61.23046875,99.93851470947266,39.6754035949707,36.091354582541754,42032.0,34.923614501953125,31.578125,28.55902099609375,26.05670166015625,42.19999885559081
1970-11-29 17:23:49.994,29.838428497314453,95.96385192871094,162.646484375,87.3484878540039,86.5999984741211,61.23046875,99.93851470947266,39.6788215637207,36.843409168923664,42032.0,36.01158142089844,31.06134033203125,27.09027099609375,28.287017822265625,42.19999885559081
1970-11-29 17:23:51.000,29.838428497314453,95.96385192871094,162.646484375,87.3484878540039,86.5999984741211,61.23046875,99.93851470947266,39.6788215637207,36.843409168923664,42032.0,36.01158142089844,31.06134033203125,27.09027099609375,28.287017822265625,42.19999885559081
1970-11-29 17:23:52.004,29.91667938232422,95.84337615966795,162.9069061279297,87.2727279663086,85.69999694824219,61.23046875,99.93851470947266,39.68955612182617,37.68464597541746,42032.0,34.515625,29.456588745117188,27.7430419921875,25.4039306640625,42.19999885559081
1970-11-29 17:23:52.991,30.05072021484375,96.08433532714844,162.1907501220703,87.2727279663086,86.0,61.23046875,99.93851470947266,39.68861770629883,36.18056858826325,42032.0,35.304412841796875,32.557281494140625,30.517364501953125,23.52719116210937,42.19999885559081
1970-11-29 17:23:53.993,30.05072021484375,96.08433532714844,162.1907501220703,87.2727279663086,86.0,61.23046875,99.93851470947266,39.68861770629883,36.18056858826325,42032.0,35.304412841796875,32.557281494140625,30.517364501953125,23.52719116210937,42.19999885559081
1970-11-29 17:23:54.995,29.962114334106445,96.08433532714844,161.8896484375,87.2727279663086,85.5999984741211,61.23046875,99.93851470947266,39.69169998168945,36.15861438481175,42032.0,36.41957092285156,30.218170166015625,24.26156616210937,25.213531494140625,42.19999885559081
1970-11-29 17:23:55.993,29.96107292175293,95.90361785888672,161.7594451904297,87.2727279663086,85.39999389648438,61.23046875,99.93851470947266,39.70090866088867,37.35711767926,42032.0,37.453125,29.755767822265625,25.26792907714844,25.213531494140625,42.19999885559081
1970-11-29 17:23:57.005,29.96107292175293,95.90361785888672,161.7594451904297,87.2727279663086,85.39999389648438,61.23046875,99.93851470947266,39.70090866088867,37.35711767926,42032.0,37.453125,29.755767822265625,25.26792907714844,25.213531494140625,42.19999885559081
1970-11-29 17:23:57.990,30.07201194763184,95.84337615966795,161.29557037353516,87.2727279663086,85.39999389648438,61.23046875,99.93851470947266,39.70832824707031,36.692623646686506,42032.0,35.19561767578125,26.65509033203125,25.050338745117188,25.811920166015625,42.19999885559081
1970-11-29 17:23:58.991,30.073171615600582,96.1445770263672,161.92220306396484,87.2727279663086,85.69999694824219,61.23046875,99.93851470947266,39.71111679077149,35.916074475282336,42032.0,33.971649169921875,28.85821533203125,26.32870483398437,26.573486328125,42.19999885559081
1970-11-29 17:24:00.004,30.073171615600582,96.1445770263672,161.92220306396484,87.2727279663086,85.69999694824219,61.23046875,99.93851470947266,39.71111679077149,35.916074475282336,42032.0,33.971649169921875,28.85821533203125,26.32870483398437,26.573486328125,42.19999885559081
1970-11-29 17:24:00.993,29.97088432312012,96.1445770263672,160.8317108154297,87.2727279663086,85.9000015258789,61.23046875,99.93851470947266,39.719024658203125,36.06149741860039,42032.0,35.25,27.280670166015625,25.48553466796875,25.24072265625,42.19999885559081
1970-11-29 17:24:02.004,29.98011016845703,95.78313446044922,162.00357818603516,87.2727279663086,85.29999542236328,61.23046875,99.93851470947266,39.70952224731445,36.97798668194576,42032.0,35.603607177734375,25.784713745117188,23.907989501953125,26.899871826171875,42.19999885559081
1970-11-29 17:24:03.006,29.98011016845703,95.78313446044922,162.00357818603516,87.2727279663086,85.29999542236328,61.23046875,99.93851470947266,39.70952224731445,36.97798668194576,42032.0,35.603607177734375,25.784713745117188,23.907989501953125,26.899871826171875,42.19999885559081
1970-11-29 17:24:03.991,30.121156692504883,95.96385192871094,162.1337890625,87.2727279663086,86.29999542236328,61.23046875,99.93851470947266,39.7159309387207,36.294132386314956,42032.0,34.515625,30.40855407714844,21.81365966796875,25.02313232421875,42.19999885559081
1970-11-29 17:24:05.005,30.068737030029297,96.20481872558594,161.669921875,87.2727279663086,86.29999542236328,61.23046875,99.93851470947266,39.7164421081543,35.86016257357112,42032.0,35.657989501953125,28.232635498046875,25.104736328125,29.53817749023437,42.19999885559081
1970-11-29 17:24:05.995,30.068737030029297,96.20481872558594,161.669921875,87.2727279663086,86.29999542236328,61.23046875,99.93851470947266,39.7164421081543,35.86016257357112,42032.0,35.657989501953125,28.232635498046875,25.104736328125,29.53817749023437,42.19999885559081
1970-11-29 17:24:06.990,29.946489334106445,95.96385192871094,161.15721893310547,87.2727279663086,86.19999694824219,61.23046875,99.93851470947266,39.71087646484375,34.94009376083758,42032.0,33.3460693359375,26.519088745117188,23.69038391113281,26.2742919921875,42.19999885559081
1970-11-29 17:24:07.994,30.033653259277344,95.90361785888672,160.9537811279297,87.2727279663086,86.19999694824219,61.23046875,99.93851470947266,39.71685791015625,35.131491976138626,42032.0,34.270843505859375,31.659713745117188,24.75115966796875,25.648712158203125,42.19999885559081
1970-11-29 17:24:08.991,30.033653259277344,95.90361785888672,160.9537811279297,87.2727279663086,86.19999694824219,61.23046875,99.93851470947266,39.71685791015625,35.131491976138626,42032.0,34.270843505859375,31.659713745117188,24.75115966796875,25.648712158203125,42.19999885559081
1970-11-29 17:24:09.990,30.03018951416016,96.08433532714844,161.6536407470703,87.2727279663086,86.69999694824219,61.23046875,99.93851470947266,39.704246520996094,36.24297384960863,42032.0,37.58912658691406,28.042236328125,27.661453247070312,30.109375,42.19999885559081
1970-11-29 17:24:11.005,29.93288803100586,95.96385192871094,163.29752349853516,87.2727279663086,86.29999542236328,61.23046875,99.93851470947266,39.71143341064453,36.24729368053712,42032.0,30.898162841796875,34.05322265625,26.546295166015625,30.38134765625,42.19999885559081
1970-11-29 17:24:11.990,29.93288803100586,95.96385192871094,163.29752349853516,87.2727279663086,86.29999542236328,61.23046875,99.93851470947266,39.71143341064453,36.24729368053712,42032.0,30.898162841796875,34.05322265625,26.546295166015625,30.38134765625,42.19999885559081
1970-11-29 17:24:12.993,29.87932205200196,96.02409362792967,162.94759368896484,87.2727279663086,86.29999542236328,61.23046875,99.93851470947266,39.70158004760742,35.62631026270046,42032.0,34.59722900390625,32.09489440917969,29.2117919921875,24.043975830078125,42.19999885559081
1970-11-29 17:24:14.004,29.979145050048828,96.02409362792967,162.90689849853516,87.2727279663086,86.0,61.23046875,99.93851470947266,39.68867492675781,36.194283440598774,42032.0,35.03240966796875,33.645233154296875,24.234375,28.80380249023437,42.19999885559081
1970-11-29 17:24:14.995,29.979145050048828,96.02409362792967,162.90689849853516,87.2727279663086,86.0,61.23046875,99.93851470947266,39.68867492675781,36.194283440598774,42032.0,35.03240966796875,33.645233154296875,24.234375,28.80380249023437,42.19999885559081
1970-11-29 17:24:15.992,30.00235176086425,96.02409362792967,163.2568359375,87.2727279663086,86.4000015258789,61.23046875,99.93851470947266,39.6856803894043,36.62379333895449,42032.0,37.96990966796875,28.25982666015625,31.11572265625,26.247100830078125,42.19999885559081
1970-11-29 17:24:16.991,29.890745162963867,96.02409362792967,163.84276580810547,87.2727279663086,86.29999542236328,61.23046875,99.93851470947266,39.66935729980469,35.2149500244363,42032.0,38.51390075683594,33.97163391113281,30.517364501953125,28.83100891113281,42.19999885559081
1970-11-29 17:24:17.994,29.890745162963867,96.02409362792967,163.84276580810547,87.2727279663086,86.29999542236328,61.23046875,99.93851470947266,39.66935729980469,35.2149500244363,42032.0,38.51390075683594,33.97163391113281,30.517364501953125,28.83100891113281,42.19999885559081
1970-11-29 17:24:18.992,29.9534854888916,96.08433532714844,162.7522735595703,87.2727279663086,86.5999984741211,61.23046875,99.93851470947266,39.65768432617188,34.502217966050345,42032.0,39.411468505859375,34.107635498046875,29.8101806640625,23.11920166015625,42.19999885559081
1970-11-29 17:24:20.990,30.064733505249023,96.02409362792967,163.54166412353516,87.2727279663086,86.0,61.23046875,99.93851470947266,39.64765548706055,36.450117839219075,42032.0,37.317138671875,31.93170166015625,26.95428466796875,30.5445556640625,42.19999885559081
1970-11-29 17:24:20.000,30.064733505249023,96.02409362792967,163.54166412353516,87.2727279663086,86.0,61.23046875,99.93851470947266,39.64765548706055,36.450117839219075,42032.0,37.317138671875,31.93170166015625,26.95428466796875,30.5445556640625,42.19999885559081
1970-11-29 17:24:21.992,30.03763961791992,95.90361785888672,162.9557342529297,87.2727279663086,86.4000015258789,61.23046875,99.93851470947266,39.62572860717773,35.36866002801305,42032.0,37.58912658691406,31.5509033203125,30.27255249023437,28.042236328125,42.19999885559081
1970-11-29 17:24:22.994,30.002349853515625,95.96385192871094,163.0045623779297,87.2727279663086,85.79999542236328,61.23046875,99.93851470947266,39.62217712402344,37.82299487243126,42032.0,36.77316284179688,30.84375,27.44384765625,27.6070556640625,42.19999885559081
1970-11-29 17:24:24.994,30.075563430786133,95.96385192871094,162.0279998779297,87.2727279663086,85.69999694824219,61.23046875,99.93851470947266,39.6075439453125,35.77595748217447,42032.0,37.04515075683594,26.219894409179688,26.899871826171875,25.458328247070312,42.19999885559081
1970-11-29 17:24:24.000,30.002349853515625,95.96385192871094,163.0045623779297,87.2727279663086,85.79999542236328,61.23046875,99.93851470947266,39.62217712402344,37.82299487243126,42032.0,36.77316284179688,30.84375,27.44384765625,27.6070556640625,42.19999885559081
1970-11-29 17:24:25.992,30.19010734558105,95.96385192871094,162.04427337646484,87.2727279663086,86.0,61.23046875,99.93851470947266,39.60198974609375,36.57151341036956,42032.0,35.76678466796875,28.69500732421875,26.165496826171875,30.29975891113281,42.19999885559081
1970-11-29 17:24:26.994,30.19010734558105,95.96385192871094,162.04427337646484,87.2727279663086,86.0,61.23046875,99.93851470947266,39.60198974609375,36.57151341036956,42032.0,35.76678466796875,28.69500732421875,26.165496826171875,30.29975891113281,42.19999885559081
1970-11-29 17:24:27.992,30.074398040771484,95.96385192871094,161.89778900146484,87.2727279663086,85.5,61.23046875,99.93851470947266,39.59211349487305,37.58568159127875,42032.0,36.41957092285156,28.09663391113281,26.95428466796875,24.99594116210937,42.19999885559081
1970-11-29 17:24:29.003,29.98324584960937,96.08433532714844,161.21419525146484,87.3484878540039,86.0,61.23046875,99.93851470947266,39.59251403808594,37.93046564803139,42032.0,36.36517333984375,31.63250732421875,25.18634033203125,25.5399169921875,42.19999885559081
1970-11-29 17:24:30.002,29.98324584960937,96.08433532714844,161.21419525146484,87.3484878540039,86.0,61.23046875,99.93851470947266,39.59251403808594,37.93046564803139,42032.0,36.36517333984375,31.63250732421875,25.18634033203125,25.5399169921875,42.19999885559081
1970-11-29 17:24:30.991,30.07715034484864,96.02409362792967,161.43392181396484,87.2727279663086,85.19999694824219,61.23046875,99.93851470947266,39.5881462097168,37.52287047146476,42032.0,33.91725158691406,31.387725830078125,25.839111328125,26.8726806640625,42.19999885559081
1970-11-29 17:24:31.994,30.06172561645508,95.84337615966795,161.43392181396484,87.2727279663086,85.5,61.23046875,99.93851470947266,39.58560562133789,36.10018119406367,42032.0,32.176513671875,31.2789306640625,24.01678466796875,27.22625732421875,42.19999885559081
1970-11-29 17:24:33.003,30.06172561645508,95.84337615966795,161.43392181396484,87.2727279663086,85.5,61.23046875,99.93851470947266,39.58560562133789,36.10018119406367,42032.0,32.176513671875,31.2789306640625,24.01678466796875,27.22625732421875,42.19999885559081
1970-11-29 17:24:33.990,29.89449691772461,96.08433532714844,160.8642578125,87.2727279663086,85.5999984741211,61.23046875,99.93851470947266,39.57555770874024,35.87791959409254,42032.0,33.155670166015625,29.40219116210937,26.05670166015625,25.86630249023437,42.19999885559081
1970-11-29 17:24:35.002,29.849809646606445,96.1445770263672,161.41763305664062,87.2727279663086,85.9000015258789,61.23046875,99.93851470947266,39.57725143432617,36.35262097891123,42032.0,33.29168701171875,28.6134033203125,25.67591857910156,24.85995483398437,42.19999885559081
1970-11-29 17:24:36.005,29.849809646606445,96.1445770263672,161.41763305664062,87.2727279663086,85.9000015258789,61.23046875,99.93851470947266,39.57725143432617,36.35262097891123,42032.0,33.29168701171875,28.6134033203125,25.67591857910156,24.85995483398437,42.19999885559081
1970-11-29 17:24:36.993,29.977792739868164,95.90361785888672,160.6770782470703,87.2727279663086,85.39999389648438,61.23046875,99.93851470947266,39.57484817504883,36.268529159864315,42032.0,34.54283142089844,29.72857666015625,24.832748413085938,26.1383056640625,42.19999885559081
1970-11-29 17:24:37.991,29.89805793762207,95.96385192871094,162.79296875,87.2727279663086,85.79999542236328,61.23046875,99.93851470947266,39.571414947509766,35.826603347084784,42032.0,35.739593505859375,29.266189575195312,26.4375,25.4039306640625,42.19999885559081
1970-11-29 17:24:38.991,29.85716819763184,96.1445770263672,162.3697967529297,87.2727279663086,86.0,61.23046875,99.93851470947266,39.57448196411133,35.548362804962764,42032.0,34.488433837890625,31.904510498046875,28.09663391113281,27.87904357910156,42.19999885559081
1970-11-29 17:24:39.993,29.85716819763184,96.1445770263672,162.3697967529297,87.2727279663086,86.0,61.23046875,99.93851470947266,39.57448196411133,35.548362804962764,42032.0,34.488433837890625,31.904510498046875,28.09663391113281,27.87904357910156,42.19999885559081
1970-11-29 17:24:40.994,29.9948844909668,96.02409362792967,162.26399993896484,87.3484878540039,86.19999694824219,61.23046875,99.93851470947266,39.57734680175781,36.472169771787506,42032.0,36.71875,31.578125,28.20542907714844,24.642364501953125,42.19999885559081
1970-11-29 17:24:41.992,30.10247230529785,95.78313446044922,161.10025787353516,87.3484878540039,86.4000015258789,61.23046875,99.93851470947266,39.56452941894531,35.845566998355444,42032.0,37.88832092285156,32.23089599609375,28.09663391113281,27.634246826171875,42.19999885559081
1970-11-29 17:24:42.991,30.10247230529785,95.78313446044922,161.10025787353516,87.3484878540039,86.4000015258789,61.23046875,99.93851470947266,39.56452941894531,35.845566998355444,42032.0,37.88832092285156,32.23089599609375,28.09663391113281,27.634246826171875,42.19999885559081
1970-11-29 17:24:43.991,30.0267276763916,96.02409362792967,161.38509368896484,87.2727279663086,85.79999542236328,61.23046875,99.93851470947266,39.564056396484375,36.2283653206356,42032.0,35.657989501953125,27.987838745117188,29.021392822265625,28.586212158203125,42.19999885559081
1970-11-29 17:24:45.004,30.038908004760746,96.26506042480467,162.94759368896484,87.2727279663086,86.0999984741211,61.23046875,99.93851470947266,39.56055450439453,34.91347300619422,42032.0,38.078704833984375,33.67243957519531,27.6070556640625,27.36225891113281,42.19999885559081
1970-11-29 17:24:45.991,30.038908004760746,96.26506042480467,162.94759368896484,87.2727279663086,86.0999984741211,61.23046875,99.93851470947266,39.56055450439453,34.91347300619422,42032.0,38.078704833984375,33.67243957519531,27.6070556640625,27.36225891113281,42.19999885559081
1970-11-29 17:24:47.005,30.192583084106445,95.90361785888672,163.232421875,87.2727279663086,87.4000015258789,61.23046875,99.93851470947266,39.55022048950195,35.76374779692916,42032.0,37.42593383789063,34.4884033203125,28.722213745117188,27.661453247070312,42.19999885559081
1970-11-29 17:24:47.994,30.192583084106445,95.90361785888672,163.232421875,87.2727279663086,87.4000015258789,61.23046875,99.93851470947266,39.55022048950195,35.76374779692916,42032.0,37.42593383789063,34.4884033203125,28.722213745117188,27.661453247070312,42.19999885559081
1970-11-29 17:24:49.003,30.199668884277344,95.84337615966795,161.43392181396484,87.3484878540039,87.0,61.23046875,99.93851470947266,39.55182647705078,35.99005186782005,42032.0,38.94908142089844,30.952545166015625,26.60067749023437,28.55902099609375,42.19999885559081
1970-11-29 17:24:49.992,29.966991424560547,96.02409362792967,162.11751556396484,87.3484878540039,86.19999694824219,61.23046875,99.93851470947266,39.53537368774414,35.4445533396464,42032.0,36.609954833984375,28.55902099609375,27.117462158203125,30.653350830078125,42.19999885559081
1970-11-29 17:24:51.001,29.966991424560547,96.02409362792967,162.11751556396484,87.3484878540039,86.19999694824219,61.23046875,99.93851470947266,39.53537368774414,35.4445533396464,42032.0,36.609954833984375,28.55902099609375,27.117462158203125,30.653350830078125,42.19999885559081
1970-11-29 17:24:51.992,29.82037925720215,96.1445770263672,161.63735961914062,87.2727279663086,85.9000015258789,61.23046875,99.93851470947266,39.52169036865234,36.3214387801004,42032.0,35.05961608886719,30.435760498046875,28.80380249023437,30.218170166015625,42.19999885559081
1970-11-29 17:24:53.004,29.95636940002441,95.90361785888672,160.83984375,87.2727279663086,85.69999694824219,61.23046875,99.93851470947266,39.52199935913086,37.455005980288135,42032.0,35.440399169921875,32.176483154296875,26.00230407714844,27.117462158203125,42.19999885559081
1970-11-29 17:24:54.004,29.95636940002441,95.90361785888672,160.83984375,87.2727279663086,85.69999694824219,61.23046875,99.93851470947266,39.52199935913086,37.455005980288135,42032.0,35.440399169921875,32.176483154296875,26.00230407714844,27.117462158203125,42.19999885559081
1970-11-29 17:24:54.991,29.81951713562012,95.84337615966795,160.6770782470703,87.2727279663086,85.69999694824219,61.23046875,99.93851470947266,39.50777053833008,37.50026221671144,42032.0,37.39874267578125,26.00230407714844,23.581588745117188,26.383087158203125,42.19999885559081
1970-11-29 17:24:56.004,29.64959716796875,96.1445770263672,160.82357025146484,87.2727279663086,86.5,61.23046875,99.93851470947266,39.496376037597656,35.626345776577416,42032.0,34.43403625488281,25.947906494140625,25.59432983398437,30.29975891113281,42.19999885559081
1970-11-29 17:24:56.991,29.64959716796875,96.1445770263672,160.82357025146484,87.2727279663086,86.5,61.23046875,99.93851470947266,39.496376037597656,35.626345776577416,42032.0,34.43403625488281,25.947906494140625,25.59432983398437,30.29975891113281,42.19999885559081
1970-11-29 17:24:57.991,29.728052139282227,96.08433532714844,161.0595703125,87.2727279663086,85.9000015258789,61.23046875,99.93851470947266,39.48633193969727,35.142288484563224,42032.0,33.42767333984375,28.531814575195312,26.573486328125,28.287017822265625,42.19999885559081
1970-11-29 17:24:58.991,29.89268684387207,95.90361785888672,161.71060943603516,87.2727279663086,85.79999542236328,61.23046875,99.93851470947266,39.48117065429688,36.33701448095589,42032.0,33.91725158691406,35.6851806640625,27.987838745117188,23.635986328125,42.19999885559081
1970-11-29 17:25:00.003,29.89268684387207,95.90361785888672,161.71060943603516,87.2727279663086,85.79999542236328,61.23046875,99.93851470947266,39.48117065429688,36.33701448095589,42032.0,33.91725158691406,35.6851806640625,27.987838745117188,23.635986328125,42.19999885559081
1970-11-29 17:25:00.993,29.91778564453125,95.84337615966795,161.7757110595703,87.2727279663086,86.0999984741211,61.23046875,99.93851470947266,39.4697151184082,37.09785320692898,42032.0,38.84028625488281,35.14118957519531,22.38482666015625,28.967010498046875,42.19999885559081
1970-11-29 17:25:01.994,30.033647537231445,96.08433532714844,161.45833587646484,87.3484878540039,85.5999984741211,61.23046875,99.93851470947266,39.465110778808594,35.7763184843456,42032.0,36.582763671875,25.4039306640625,25.26792907714844,27.987838745117188,42.19999885559081
1970-11-29 17:25:03.001,30.033647537231445,96.08433532714844,161.45833587646484,87.3484878540039,85.5999984741211,61.23046875,99.93851470947266,39.465110778808594,35.7763184843456,42032.0,36.582763671875,25.4039306640625,25.26792907714844,27.987838745117188,42.19999885559081
1970-11-29 17:25:03.993,30.26972961425781,95.96385192871094,161.53157806396484,87.3484878540039,85.39999389648438,61.23046875,99.93851470947266,39.44758224487305,36.0626114992915,42032.0,33.890045166015625,32.50288391113281,29.973373413085938,24.914337158203125,42.19999885559081
1970-11-29 17:25:04.992,30.454195022583008,95.96385192871094,161.87337493896484,87.2727279663086,86.29999542236328,61.23046875,99.93851470947266,39.436920166015625,34.778071380628106,42032.0,38.26910400390625,30.29975891113281,26.49188232421875,22.520828247070312,42.19999885559081
1970-11-29 17:25:06.002,30.454195022583008,95.96385192871094,161.87337493896484,87.2727279663086,86.29999542236328,61.23046875,99.93851470947266,39.436920166015625,34.778071380628106,42032.0,38.26910400390625,30.29975891113281,26.49188232421875,22.520828247070312,42.19999885559081
1970-11-29 17:25:06.992,30.396303176879883,96.1445770263672,162.060546875,87.2727279663086,86.0999984741211,61.23046875,99.93851470947266,39.431861877441406,35.363999072062434,42032.0,37.48033142089844,31.87730407714844,25.92071533203125,26.70947265625,42.19999885559081
1970-11-29 17:25:07.993,30.35602378845215,96.08433532714844,162.3453826904297,87.2727279663086,85.79999542236328,61.23046875,99.93851470947266,39.41010284423828,35.49243554896455,42032.0,37.289947509765625,31.06134033203125,30.6805419921875,29.782989501953125,42.19999885559081
1970-11-29 17:25:09.000,30.35602378845215,96.08433532714844,162.3453826904297,87.2727279663086,85.79999542236328,61.23046875,99.93851470947266,39.41010284423828,35.49243554896455,42032.0,37.289947509765625,31.06134033203125,30.6805419921875,29.782989501953125,42.19999885559081
1970-11-29 17:25:10.004,30.41234970092773,95.96385192871094,162.94759368896484,87.2727279663086,86.69999694824219,61.23046875,99.93851470947266,39.405052185058594,35.43881759792987,42032.0,35.57640075683594,31.03413391113281,28.368621826171875,25.26792907714844,42.19999885559081
1970-11-29 17:25:11.004,30.261598587036133,95.90361785888672,162.04427337646484,87.2727279663086,87.0,61.23046875,99.93851470947266,39.39469146728516,35.944927933951995,42032.0,36.03878784179688,31.79571533203125,27.93344116210937,29.184600830078125,42.19999885559081
1970-11-29 17:25:12.000,30.261598587036133,95.90361785888672,162.04427337646484,87.2727279663086,87.0,61.23046875,99.93851470947266,39.39469146728516,35.944927933951995,42032.0,36.03878784179688,31.79571533203125,27.93344116210937,29.184600830078125,42.19999885559081
1970-11-29 17:25:13.002,29.893543243408203,95.96385192871094,161.99544525146484,87.2727279663086,86.4000015258789,61.23046875,99.93851470947266,39.38581848144531,37.340877771500814,42032.0,38.921875,32.23089599609375,28.776611328125,28.151031494140625,42.19999885559081
1970-11-29 17:25:13.990,29.811994552612305,96.08433532714844,161.5478515625,87.2727279663086,86.0,61.23046875,99.93851470947266,39.3775634765625,36.55040939993171,42032.0,33.12847900390625,32.910858154296875,26.2742919921875,30.02777099609375,42.19999885559081
1970-11-29 17:25:15.003,29.811994552612305,96.08433532714844,161.5478515625,87.2727279663086,86.0,61.23046875,99.93851470947266,39.3775634765625,36.55040939993171,42032.0,33.12847900390625,32.910858154296875,26.2742919921875,30.02777099609375,42.19999885559081
1970-11-29 17:25:16.004,29.786216735839844,96.02409362792967,161.51529693603516,87.3484878540039,85.69999694824219,61.23046875,99.93851470947266,39.37335586547852,38.3767039288304,42032.0,35.46759033203125,27.498260498046875,23.55438232421875,29.0758056640625,42.19999885559081
1970-11-29 17:25:17.004,29.61678504943848,95.96385192871094,161.1572265625,87.3484878540039,85.9000015258789,61.23046875,99.93851470947266,39.36720275878906,38.318953227211324,42032.0,34.0804443359375,29.29339599609375,27.52545166015625,26.818267822265625,42.19999885559081
1970-11-29 17:25:18.004,29.61678504943848,95.96385192871094,161.1572265625,87.3484878540039,85.9000015258789,61.23046875,99.93851470947266,39.36720275878906,38.318953227211324,42032.0,34.0804443359375,29.29339599609375,27.52545166015625,26.818267822265625,42.19999885559081
1970-11-29 17:25:18.992,29.54444694519043,95.96385192871094,160.3515625,87.2727279663086,85.69999694824219,61.23046875,99.93851470947266,39.35599899291992,38.47027647034025,42032.0,33.91725158691406,30.5445556640625,28.55902099609375,26.845489501953125,42.19999885559081
1970-11-29 17:25:20.001,29.81236267089844,96.08433532714844,160.205078125,87.2727279663086,84.79999542236328,61.23046875,99.93851470947266,39.35639572143555,38.11578703980943,42032.0,31.714126586914062,27.416656494140625,25.67591857910156,25.5399169921875,42.19999885559081
1970-11-29 17:25:20.992,29.81236267089844,96.08433532714844,160.205078125,87.2727279663086,84.79999542236328,61.23046875,99.93851470947266,39.35639572143555,38.11578703980943,42032.0,31.714126586914062,27.416656494140625,25.67591857910156,25.5399169921875,42.19999885559081
1970-11-29 17:25:22.002,29.94242477416992,96.08433532714844,159.75748443603516,87.2727279663086,85.29999542236328,61.23046875,99.93851470947266,39.34982299804688,36.24458408452196,42032.0,32.910888671875,29.320587158203125,28.42303466796875,23.39120483398437,42.19999885559081
1970-11-29 17:25:22.991,30.020376205444336,95.96385192871094,159.65982818603516,87.3484878540039,85.0,61.23046875,99.93851470947266,39.340667724609375,37.58062465583812,42032.0,34.89642333984375,26.219894409179688,24.043975830078125,26.21990966796875,42.19999885559081
1970-11-29 17:25:23.992,30.020376205444336,95.96385192871094,159.65982818603516,87.3484878540039,85.0,61.23046875,99.93851470947266,39.340667724609375,37.58062465583812,42032.0,34.89642333984375,26.219894409179688,24.043975830078125,26.21990966796875,42.19999885559081
1970-11-29 17:25:24.993,30.14097023010254,95.96385192871094,160.82357025146484,87.2727279663086,85.19999694824219,61.23046875,99.94213104248048,39.334354400634766,36.24520297326716,42032.0,37.23553466796875,31.76850891113281,27.36225891113281,27.253463745117188,42.19999885559081
1970-11-29 17:25:25.994,30.32252693176269,95.96385192871094,160.8317108154297,87.2727279663086,85.69999694824219,61.23046875,99.93851470947266,39.31917572021485,34.954133031638406,42032.0,31.36053466796875,32.910858154296875,28.504623413085938,27.87904357910156,42.19999885559081
1970-11-29 17:25:26.991,30.32252693176269,95.96385192871094,160.8317108154297,87.2727279663086,85.69999694824219,61.23046875,99.93851470947266,39.31917572021485,34.954133031638406,42032.0,31.36053466796875,32.910858154296875,28.504623413085938,27.87904357910156,42.19999885559081
1970-11-29 17:25:27.992,30.294584274291992,95.96385192871094,160.31087493896484,87.2727279663086,85.0,61.23046875,99.93851470947266,39.30846405029297,35.984493442616035,42032.0,36.96356201171875,28.4774169921875,23.092010498046875,23.77197265625,42.19999885559081
1970-11-29 17:25:28.994,30.118698120117188,96.02409362792967,161.9384765625,87.2727279663086,85.29999542236328,61.23046875,99.93851470947266,39.30424118041992,35.94828923950495,42032.0,35.957183837890625,29.157394409179688,26.79107666015625,26.35589599609375,42.19999885559081
1970-11-29 17:25:29.995,30.118698120117188,96.02409362792967,161.9384765625,87.2727279663086,85.29999542236328,61.23046875,99.93851470947266,39.30424118041992,35.94828923950495,42032.0,35.957183837890625,29.157394409179688,26.79107666015625,26.35589599609375,42.19999885559081
1970-11-29 17:25:31.002,30.02354431152344,95.96385192871094,161.45833587646484,87.2727279663086,86.19999694824219,61.23046875,99.93851470947266,39.30059051513672,35.22854746564763,42032.0,36.392364501953125,28.20542907714844,29.34779357910156,28.06942749023437,42.19999885559081
1970-11-29 17:25:31.993,30.06496238708496,96.02409362792967,161.48274993896484,87.2727279663086,87.0,61.23046875,99.93851470947266,39.28860855102539,35.62700334504897,42032.0,37.88832092285156,34.13482666015625,30.490142822265625,30.62615966796875,42.19999885559081
1970-11-29 17:25:32.994,30.06496238708496,96.02409362792967,161.48274993896484,87.2727279663086,87.0,61.23046875,99.93851470947266,39.28860855102539,35.62700334504897,42032.0,37.88832092285156,34.13482666015625,30.490142822265625,30.62615966796875,42.19999885559081
1970-11-29 17:25:34.002,29.878398895263672,96.1445770263672,162.09310150146484,87.2727279663086,86.69999694824219,61.23046875,99.93851470947266,39.28824615478516,36.701514201890774,42032.0,37.64352416992188,34.29801940917969,27.68865966796875,28.42303466796875,42.19999885559081
1970-11-29 17:25:34.995,29.7066707611084,95.96385192871094,161.4176483154297,87.2727279663086,86.69999694824219,61.23046875,99.93851470947266,39.275390625,36.06973370082321,42032.0,37.83392333984375,29.72857666015625,28.69500732421875,30.218170166015625,42.19999885559081
1970-11-29 17:25:35.994,29.7066707611084,95.96385192871094,161.4176483154297,87.2727279663086,86.69999694824219,61.23046875,99.93851470947266,39.275390625,36.06973370082321,42032.0,37.83392333984375,29.72857666015625,28.69500732421875,30.218170166015625,42.19999885559081
1970-11-29 17:25:36.993,29.76816368103028,95.84337615966795,161.7431640625,87.2727279663086,86.79999542236328,61.23046875,99.93851470947266,39.25802612304688,35.485270637558266,42032.0,36.74595642089844,31.63250732421875,28.85821533203125,31.63250732421875,42.19999885559081
1970-11-29 17:25:37.992,29.91074180603028,95.90361785888672,162.0361328125,87.2727279663086,86.5,61.23046875,99.93851470947266,39.25815582275391,37.23034671371215,42032.0,36.17477416992188,32.774871826171875,28.99420166015625,28.09663391113281,42.19999885559081
1970-11-29 17:25:39.001,29.91074180603028,95.90361785888672,162.0361328125,87.2727279663086,86.5,61.23046875,99.93851470947266,39.25815582275391,37.23034671371215,42032.0,36.17477416992188,32.774871826171875,28.99420166015625,28.09663391113281,42.19999885559081
1970-11-29 17:25:40.005,29.943098068237305,96.1445770263672,161.7512969970703,87.2727279663086,86.69999694824219,61.23046875,99.93851470947266,39.24296569824219,37.86570202436402,42032.0,37.15394592285156,34.92359924316406,27.579864501953125,28.368621826171875,42.19999885559081
1970-11-29 17:25:40.995,29.98974227905273,96.02409362792967,161.2955780029297,87.2727279663086,86.29999542236328,61.23046875,99.93851470947266,39.23885345458984,37.832287091571715,42032.0,37.91552734375,34.107635498046875,27.47105407714844,27.171875,42.19999885559081
1970-11-29 17:25:41.993,30.158138275146484,95.90361785888672,159.8388671875,87.2727279663086,85.5999984741211,61.23046875,99.93851470947266,39.23150253295898,37.179144106681505,42032.0,35.05961608886719,28.69500732421875,26.05670166015625,27.90625,42.19999885559081
1970-11-29 17:25:42.991,30.158138275146484,95.90361785888672,159.8388671875,87.2727279663086,85.5999984741211,61.23046875,99.93851470947266,39.23150253295898,37.179144106681505,42032.0,35.05961608886719,28.69500732421875,26.05670166015625,27.90625,42.19999885559081
1970-11-29 17:25:43.994,30.19656562805176,96.02409362792967,160.48990631103516,87.2727279663086,86.0999984741211,61.23046875,99.93851470947266,39.23207473754883,35.94822121722011,42032.0,33.3460693359375,29.782974243164062,30.109375,29.918975830078125,42.19999885559081
1970-11-29 17:25:45.002,30.19656562805176,96.02409362792967,160.48990631103516,87.2727279663086,86.0999984741211,61.23046875,99.93851470947266,39.23207473754883,35.94822121722011,42032.0,33.3460693359375,29.782974243164062,30.109375,29.918975830078125,42.19999885559081
1970-11-29 17:25:46.005,30.084232330322266,96.1445770263672,159.94466400146484,87.2727279663086,85.5,61.23046875,99.93851470947266,39.23439025878906,35.99355345993692,42033.0,36.093170166015625,31.49652099609375,25.86630249023437,25.5399169921875,42.19999885559081
1970-11-29 17:25:46.994,30.00980758666992,95.96385192871094,160.5794219970703,87.3484878540039,85.9000015258789,61.23046875,99.93851470947266,39.23353958129883,36.355747016197384,42033.0,35.92999267578125,30.626144409179688,25.213531494140625,27.79745483398437,42.19999885559081
1970-11-29 17:25:47.991,30.00980758666992,95.96385192871094,160.5794219970703,87.3484878540039,85.9000015258789,61.23046875,99.93851470947266,39.23353958129883,36.355747016197384,42033.0,35.92999267578125,30.626144409179688,25.213531494140625,27.79745483398437,42.19999885559081
1970-11-29 17:25:48.991,30.09759521484375,95.84337615966795,160.8072967529297,87.2727279663086,86.5999984741211,61.23046875,99.93851470947266,39.23183441162109,35.72488093644739,42033.0,35.71240234375,28.55902099609375,30.5445556640625,26.546295166015625,42.19999885559081
1970-11-29 17:25:49.990,29.985740661621094,95.96385192871094,160.5061798095703,87.2727279663086,85.79999542236328,61.23046875,99.93851470947266,39.23175811767578,36.40890216525952,42033.0,33.86285400390625,33.78125,29.918975830078125,25.15913391113281,42.19999885559081
1970-11-29 17:25:51.003,29.985740661621094,95.96385192871094,160.5061798095703,87.2727279663086,85.79999542236328,61.23046875,99.93851470947266,39.23175811767578,36.40890216525952,42033.0,33.86285400390625,33.78125,29.918975830078125,25.15913391113281,42.19999885559081
1970-11-29 17:25:51.991,29.87136459350586,96.08433532714844,160.21321868896484,87.2727279663086,86.5999984741211,61.23046875,99.93851470947266,39.23418045043945,33.828857664656304,42033.0,38.86749267578125,32.421295166015625,24.96875,24.914337158203125,42.19999885559081
1970-11-29 17:25:53.002,29.90153884887696,96.02409362792967,159.4075469970703,87.2727279663086,87.0,61.23046875,99.93851470947266,39.242374420166016,32.885306886807165,42033.0,37.289947509765625,27.1446533203125,22.439239501953125,27.82464599609375,42.19999885559081
1970-11-29 17:25:54.005,29.90153884887696,96.02409362792967,159.4075469970703,87.2727279663086,87.0,61.23046875,99.93851470947266,39.242374420166016,32.885306886807165,42033.0,37.289947509765625,27.1446533203125,22.439239501953125,27.82464599609375,42.19999885559081
1970-11-29 17:25:54.992,29.97696685791016,96.02409362792967,161.865234375,87.2727279663086,86.5,61.23046875,99.93851470947266,39.24099349975586,35.7241334683586,42033.0,38.21470642089844,28.66781616210937,30.62615966796875,28.61341857910156,42.19999885559081
1970-11-29 17:25:55.995,29.880708694458008,96.02409362792967,161.80826568603516,87.2727279663086,85.9000015258789,61.23046875,99.93851470947266,39.25248718261719,36.879865227439865,42033.0,35.03240966796875,31.74130249023437,28.395828247070312,26.981475830078125,42.19999885559081
1970-11-29 17:25:56.993,29.880708694458008,96.02409362792967,161.80826568603516,87.2727279663086,85.9000015258789,61.23046875,99.93851470947266,39.25248718261719,36.879865227439865,42033.0,35.03240966796875,31.74130249023437,28.395828247070312,26.981475830078125,42.19999885559081
1970-11-29 17:25:58.002,29.82323837280273,95.96385192871094,161.4420623779297,87.2727279663086,86.19999694824219,61.23046875,99.93851470947266,39.27605438232422,35.02476559491112,42033.0,39.547454833984375,28.722213745117188,30.46295166015625,30.16375732421875,42.19999885559081
1970-11-29 17:25:58.994,29.96282386779785,96.02409362792967,161.50716400146484,87.2727279663086,86.0999984741211,61.23046875,99.93851470947266,39.275489807128906,35.39660652528027,42033.0,37.77952575683594,28.151031494140625,27.987838745117188,32.421295166015625,42.19999885559081
1970-11-29 17:25:59.993,29.96282386779785,96.02409362792967,161.50716400146484,87.2727279663086,86.0999984741211,61.23046875,99.93851470947266,39.275489807128906,35.39660652528027,42033.0,37.77952575683594,28.151031494140625,27.987838745117188,32.421295166015625,42.19999885559081
1970-11-29 17:26:00.994,30.036489486694336,96.02409362792967,161.279296875,87.3484878540039,86.0,61.23046875,99.93851470947266,39.27357864379883,36.359405531106596,42033.0,35.984375,28.586212158203125,31.659713745117188,26.927078247070312,42.19999885559081
1970-11-29 17:26:01.990,30.03843879699707,95.96385192871094,160.79915618896484,87.2727279663086,86.0999984741211,61.23046875,99.93851470947266,39.26803207397461,37.970732360251354,42033.0,37.126739501953125,35.14118957519531,27.770248413085938,26.519088745117188,42.19999885559081
1970-11-29 17:26:02.994,30.03843879699707,95.96385192871094,160.79915618896484,87.2727279663086,86.0999984741211,61.23046875,99.93851470947266,39.26803207397461,37.970732360251354,42033.0,37.126739501953125,35.14118957519531,27.770248413085938,26.519088745117188,42.19999885559081
1970-11-29 17:26:04.002,30.072877883911133,96.02409362792967,160.77474212646484,87.2727279663086,86.5,61.23046875,99.93851470947266,39.2786865234375,36.33874238283122,42033.0,36.01158142089844,33.86283874511719,29.26620483398437,27.87904357910156,42.19999885559081
1970-11-29 17:26:04.991,30.16663360595703,95.90361785888672,160.205078125,87.2727279663086,86.0999984741211,61.23046875,99.93851470947266,39.283348083496094,36.226184945325,42033.0,34.869232177734375,31.5509033203125,25.703125,26.519088745117188,42.19999885559081
1970-11-29 17:26:05.992,30.08311653137207,96.02409362792967,159.4563751220703,87.2727279663086,85.39999389648438,61.23046875,99.93851470947266,39.28297424316406,38.68394405174618,42033.0,32.584503173828125,34.18922424316406,30.38134765625,25.050338745117188,42.19999885559081
1970-11-29 17:26:06.992,30.08311653137207,96.02409362792967,159.4563751220703,87.2727279663086,85.39999389648438,61.23046875,99.93851470947266,39.28297424316406,38.68394405174618,42033.0,32.584503173828125,34.18922424316406,30.38134765625,25.050338745117188,42.19999885559081
1970-11-29 17:26:07.990,29.946929931640625,96.08433532714844,160.02603912353516,87.3484878540039,84.79999542236328,61.23046875,99.93851470947266,39.290809631347656,38.00158641436216,42033.0,35.984375,33.373260498046875,26.79107666015625,24.45196533203125,42.19999885559081
1970-11-29 17:26:08.994,29.930736541748047,96.02409362792967,160.498046875,87.3484878540039,85.9000015258789,61.23046875,99.93851470947266,39.29473876953125,37.84604372863526,42033.0,36.12037658691406,27.33505249023437,28.232635498046875,27.253463745117188,42.19999885559081
1970-11-29 17:26:10.001,29.930736541748047,96.02409362792967,160.498046875,87.3484878540039,85.9000015258789,61.23046875,99.93851470947266,39.29473876953125,37.84604372863526,42033.0,36.12037658691406,27.33505249023437,28.232635498046875,27.253463745117188,42.19999885559081
1970-11-29 17:26:11.005,29.93867301940918,95.78313446044922,159.1959686279297,87.2727279663086,85.19999694824219,61.23046875,99.93851470947266,39.309329986572266,37.72979954049591,42033.0,33.78125,29.8101806640625,25.4039306640625,26.573486328125,42.19999885559081
1970-11-29 17:26:11.990,29.8219051361084,95.96385192871094,159.0087890625,87.2727279663086,85.5,61.23046875,99.93851470947266,39.32100296020508,36.62742120105784,42033.0,33.91725158691406,30.76214599609375,26.546295166015625,23.962371826171875,42.19999885559081
1970-11-29 17:26:12.991,29.8219051361084,95.96385192871094,159.0087890625,87.2727279663086,85.5,61.23046875,99.93851470947266,39.32100296020508,36.62742120105784,42033.0,33.91725158691406,30.76214599609375,26.546295166015625,23.962371826171875,42.19999885559081
1970-11-29 17:26:13.991,29.76238441467285,96.20481872558594,159.1715545654297,87.2727279663086,86.0999984741211,61.23046875,99.93851470947266,39.324501037597656,36.29039837770437,42033.0,36.36517333984375,28.4774169921875,26.00230407714844,25.431121826171875,42.19999885559081
1970-11-29 17:26:14.994,29.903717041015625,96.02409362792967,159.7493438720703,87.2727279663086,85.79999542236328,61.23046875,99.93851470947266,39.34058380126953,34.6160040463932,42033.0,34.95082092285156,28.504608154296875,26.73667907714844,26.519088745117188,42.19999885559081
1970-11-29 17:26:16.001,29.903717041015625,96.02409362792967,159.7493438720703,87.2727279663086,85.79999542236328,61.23046875,99.93851470947266,39.34058380126953,34.6160040463932,42033.0,34.95082092285156,28.504608154296875,26.73667907714844,26.519088745117188,42.19999885559081
1970-11-29 17:26:16.991,29.98177719116211,95.90361785888672,159.8225860595703,87.3484878540039,85.5999984741211,61.23046875,99.93851470947266,39.35375595092773,35.83587620806961,42033.0,35.63079833984375,27.0086669921875,26.41029357910156,26.682281494140625,42.19999885559081
1970-11-29 17:26:17.994,30.00702667236328,95.96385192871094,160.5387420654297,87.3484878540039,85.79999542236328,61.23046875,99.93851470947266,39.3559799194336,36.2467976123553,42033.0,36.36517333984375,31.19732666015625,27.498260498046875,26.21990966796875,42.19999885559081
1970-11-29 17:26:19.005,30.00702667236328,95.96385192871094,160.5387420654297,87.3484878540039,85.79999542236328,61.23046875,99.93851470947266,39.3559799194336,36.2467976123553,42033.0,36.36517333984375,31.19732666015625,27.498260498046875,26.21990966796875,42.19999885559081
1970-11-29 17:26:20.000,30.09207344055176,95.96385192871094,159.033203125,87.2727279663086,85.29999542236328,61.23046875,99.93851470947266,39.37605667114258,37.15488574982951,42033.0,39.38427734375,32.3125,25.648712158203125,25.839111328125,42.19999885559081
1970-11-29 17:26:21.004,30.21501541137696,96.08433532714844,159.79818725585938,87.2727279663086,86.19999694824219,61.23046875,99.93851470947266,39.39570999145508,35.547105332430206,42033.0,37.289947509765625,30.218170166015625,22.82000732421875,28.287017822265625,42.19999885559081
1970-11-29 17:26:21.993,30.21501541137696,96.08433532714844,159.79818725585938,87.2727279663086,86.19999694824219,61.23046875,99.93851470947266,39.39570999145508,35.547105332430206,42033.0,37.289947509765625,30.218170166015625,22.82000732421875,28.287017822265625,42.19999885559081
1970-11-29 17:26:23.003,30.10396957397461,96.02409362792967,160.400390625,87.2727279663086,86.79999542236328,61.23046875,99.93851470947266,39.400787353515625,35.427647586191604,42033.0,38.32350158691406,30.16375732421875,27.0086669921875,31.11572265625,42.19999885559081
1970-11-29 17:26:23.991,29.96738243103028,95.96385192871094,161.29557037353516,87.2727279663086,86.4000015258789,61.23046875,99.93851470947266,39.41355895996094,36.13829300872435,42033.0,34.053253173828125,30.76214599609375,27.09027099609375,28.25982666015625,42.19999885559081
1970-11-29 17:26:24.991,29.96738243103028,95.96385192871094,161.29557037353516,87.2727279663086,86.4000015258789,61.23046875,99.93851470947266,39.41355895996094,36.13829300872435,42033.0,34.053253173828125,30.76214599609375,27.09027099609375,28.25982666015625,42.19999885559081
1970-11-29 17:26:25.991,29.98394203186035,96.02409362792967,160.3271484375,87.3484878540039,86.5,61.23046875,99.93851470947266,39.423316955566406,36.06011136866333,42033.0,38.813079833984375,31.088531494140625,27.93344116210937,24.832748413085938,42.19999885559081
1970-11-29 17:26:27.001,30.02215003967285,95.96385192871094,160.9293670654297,87.3484878540039,86.4000015258789,61.23046875,99.93851470947266,39.43106842041016,36.129586100045536,42033.0,33.59086608886719,30.571746826171875,31.4149169921875,30.32696533203125,42.19999885559081
1970-11-29 17:26:28.005,30.02215003967285,95.96385192871094,160.9293670654297,87.3484878540039,86.4000015258789,61.23046875,99.93851470947266,39.43106842041016,36.129586100045536,42033.0,33.59086608886719,30.571746826171875,31.4149169921875,30.32696533203125,42.19999885559081
1970-11-29 17:26:28.993,29.92534446716309,96.02409362792967,160.3515625,87.2727279663086,86.4000015258789,61.23046875,99.93851470947266,39.4525260925293,35.134380645296574,42033.0,34.84202575683594,29.42938232421875,30.5445556640625,26.62788391113281,42.19999885559081
1970-11-29 17:26:29.992,29.887556076049805,96.08433532714844,159.3017578125,87.2727279663086,85.69999694824219,61.23046875,99.93851470947266,39.46622848510742,36.46730327159694,42033.0,33.48207092285156,33.590850830078125,26.546295166015625,26.32870483398437,42.19999885559081
1970-11-29 17:26:30.991,29.887556076049805,96.08433532714844,159.3017578125,87.2727279663086,85.69999694824219,61.23046875,99.93851470947266,39.46622848510742,36.46730327159694,42033.0,33.48207092285156,33.590850830078125,26.546295166015625,26.32870483398437,42.19999885559081
1970-11-29 17:26:31.994,30.00965690612793,95.96385192871094,159.0087890625,87.2727279663086,85.0,61.23046875,99.93851470947266,39.476829528808594,37.275663078170474,42033.0,33.18287658691406,29.456588745117188,25.67591857910156,26.927078247070312,42.19999885559081
1970-11-29 17:26:32.992,30.038936614990234,95.96385192871094,158.39029693603516,87.2727279663086,85.29999542236328,61.23046875,99.93851470947266,39.49180603027344,35.91880490091659,42033.0,32.09490966796875,29.8101806640625,27.661453247070312,25.376739501953125,42.19999885559081
1970-11-29 17:26:34.002,30.038936614990234,95.96385192871094,158.39029693603516,87.2727279663086,85.29999542236328,61.23046875,99.93851470947266,39.49180603027344,35.91880490091659,42033.0,32.09490966796875,29.8101806640625,27.661453247070312,25.376739501953125,42.19999885559081
1970-11-29 17:26:34.991,29.9980525970459,95.96385192871094,159.84700775146484,87.2727279663086,85.79999542236328,61.23046875,99.93851470947266,39.50942611694336,34.91611349435665,42033.0,32.96528625488281,27.498260498046875,28.722213745117188,25.784713745117188,42.19999885559081
1970-11-29 17:26:35.995,30.015737533569336,96.08433532714844,158.984375,87.2727279663086,85.29999542236328,61.23046875,99.93851470947266,39.5179557800293,35.06368710312602,42033.0,32.55731201171875,31.224517822265625,25.077545166015625,25.104736328125,42.19999885559081
1970-11-29 17:26:37.004,30.015737533569336,96.08433532714844,158.984375,87.2727279663086,85.29999542236328,61.23046875,99.93851470947266,39.5179557800293,35.06368710312602,42033.0,32.55731201171875,31.224517822265625,25.077545166015625,25.104736328125,42.19999885559081
1970-11-29 17:26:37.991,30.116300582885746,96.02409362792967,158.99251556396484,87.2727279663086,85.19999694824219,61.23046875,99.93851470947266,39.533653259277344,34.779287525376645,42033.0,32.99249267578125,26.62788391113281,24.15277099609375,23.255203247070312,42.19999885559081
1970-11-29 17:26:39.002,30.05225372314453,95.84337615966795,159.0087890625,87.2727279663086,85.69999694824219,61.23046875,99.93851470947266,39.545448303222656,37.14066545671767,42033.0,36.609954833984375,32.06768798828125,26.05670166015625,26.32870483398437,42.19999885559081
1970-11-29 17:26:40.005,30.05225372314453,95.84337615966795,159.0087890625,87.2727279663086,85.69999694824219,61.23046875,99.93851470947266,39.545448303222656,37.14066545671767,42033.0,36.609954833984375,32.06768798828125,26.05670166015625,26.32870483398437,42.19999885559081
1970-11-29 17:26:40.990,29.98151016235352,96.02409362792967,158.4553985595703,87.2727279663086,85.5,61.23046875,99.93851470947266,39.56239700317383,36.94485228208049,42033.0,36.90914916992188,29.42938232421875,23.55438232421875,28.151031494140625,42.19999885559081
1970-11-29 17:26:41.992,30.035266876220703,96.08433532714844,159.0738983154297,87.2727279663086,85.5999984741211,61.23046875,99.93851470947266,39.57475280761719,36.46829168235735,42033.0,34.570037841796875,26.899871826171875,22.68402099609375,24.642364501953125,42.19999885559081
1970-11-29 17:26:43.001,30.035266876220703,96.08433532714844,159.0738983154297,87.2727279663086,85.5999984741211,61.23046875,99.93851470947266,39.57475280761719,36.46829168235735,42033.0,34.570037841796875,26.899871826171875,22.68402099609375,24.642364501953125,42.19999885559081
1970-11-29 17:26:43.992,30.09247589111328,96.08433532714844,160.791015625,87.2727279663086,86.69999694824219,61.23046875,99.93851470947266,39.57731628417969,32.96886479436937,42033.0,35.79399108886719,31.958892822265625,29.918975830078125,27.715850830078125,42.19999885559081
1970-11-29 17:26:45.002,30.001123428344727,95.78313446044922,160.2213592529297,87.2727279663086,86.5999984741211,61.23046875,99.93851470947266,39.58406829833984,34.24265639466499,42033.0,37.072357177734375,27.770233154296875,27.87904357910156,26.927078247070312,42.19999885559081
1970-11-29 17:26:45.992,30.001123428344727,95.78313446044922,160.2213592529297,87.2727279663086,86.5999984741211,61.23046875,99.93851470947266,39.58406829833984,34.24265639466499,42033.0,37.072357177734375,27.770233154296875,27.87904357910156,26.927078247070312,42.19999885559081
1970-11-29 17:26:46.990,29.944061279296875,96.08433532714844,159.9772186279297,87.2727279663086,86.4000015258789,61.23046875,99.93851470947266,39.59332275390625,36.93666015427937,42033.0,33.50927734375,30.245361328125,25.104736328125,27.79745483398437,42.19999885559081
1970-11-29 17:26:47.993,30.02705764770508,96.26506042480467,160.18880462646484,87.2727279663086,85.9000015258789,61.23046875,99.93851470947266,39.59757995605469,37.739836164104204,42033.0,35.957183837890625,33.427642822265625,28.368621826171875,29.53817749023437,42.19999885559081
1970-11-29 17:26:48.991,30.02705764770508,96.26506042480467,160.18880462646484,87.2727279663086,85.9000015258789,61.23046875,99.93851470947266,39.59757995605469,37.739836164104204,42033.0,35.957183837890625,33.427642822265625,28.368621826171875,29.53817749023437,42.19999885559081
1970-11-29 17:26:49.994,29.978256225585938,95.84337615966795,160.1237030029297,87.2727279663086,86.19999694824219,61.23046875,99.93851470947266,39.615142822265625,36.003643769516785,42033.0,38.078704833984375,27.307861328125,28.450225830078125,27.280670166015625,42.19999885559081
1970-11-29 17:26:50.990,29.90855026245117,95.78313446044922,160.22135162353516,87.2727279663086,86.5,61.23046875,99.93851470947266,39.628868103027344,36.10340282132921,42033.0,35.821197509765625,30.87094116210937,28.69500732421875,26.165496826171875,42.19999885559081
1970-11-29 17:26:52.001,29.90855026245117,95.78313446044922,160.22135162353516,87.2727279663086,86.5,61.23046875,99.93851470947266,39.628868103027344,36.10340282132921,42033.0,35.821197509765625,30.87094116210937,28.69500732421875,26.165496826171875,42.19999885559081
1970-11-29 17:26:52.993,29.908416748046875,96.1445770263672,160.01790618896484,87.2727279663086,85.79999542236328,61.23046875,99.93851470947266,39.636260986328125,37.74184547757793,42033.0,34.488433837890625,29.67417907714844,32.638885498046875,25.947906494140625,42.19999885559081
1970-11-29 17:26:54.004,30.0124454498291,96.1445770263672,159.4970703125,87.2727279663086,86.19999694824219,61.23046875,99.93851470947266,39.63961410522461,36.104163254722785,42033.0,33.78125,34.81480407714844,27.307861328125,24.479156494140625,42.19999885559081
1970-11-29 17:26:54.993,30.0124454498291,96.1445770263672,159.4970703125,87.2727279663086,86.19999694824219,61.23046875,99.93851470947266,39.63961410522461,36.104163254722785,42033.0,33.78125,34.81480407714844,27.307861328125,24.479156494140625,42.19999885559081
1970-11-29 17:26:55.991,29.98545265197754,95.84337615966795,159.70865631103516,87.2727279663086,85.39999389648438,61.23046875,99.93851470947266,39.6449089050293,37.67160843897273,42033.0,33.07408142089844,29.701385498046875,26.21990966796875,27.498260498046875,42.19999885559081
1970-11-29 17:26:56.995,29.95840072631836,96.02409362792967,159.9609375,87.3484878540039,85.29999542236328,61.23046875,99.93851470947266,39.64906311035156,38.30388117780609,42033.0,34.6788330078125,32.58447265625,29.483795166015625,26.95428466796875,42.19999885559081
1970-11-29 17:26:57.993,29.95840072631836,96.02409362792967,159.9609375,87.3484878540039,85.29999542236328,61.23046875,99.93851470947266,39.64906311035156,38.30388117780609,42033.0,34.6788330078125,32.58447265625,29.483795166015625,26.95428466796875,42.19999885559081
1970-11-29 17:26:58.991,30.02924919128418,96.08433532714844,159.0901641845703,87.2727279663086,85.5999984741211,61.23046875,99.93851470947266,39.651123046875,34.87312549721401,42033.0,32.69329833984375,33.210052490234375,27.6070556640625,27.79745483398437,42.19999885559081
1970-11-29 17:26:59.991,30.02924919128418,96.08433532714844,159.0901641845703,87.2727279663086,85.5999984741211,61.23046875,99.93851470947266,39.651123046875,34.87312549721401,42033.0,32.69329833984375,33.210052490234375,27.6070556640625,27.79745483398437,42.19999885559081
1970-11-29 17:27:01.992,30.063705444335938,95.90361785888672,158.99251556396484,87.2727279663086,86.0999984741211,61.23046875,99.93851470947266,39.66259765625,35.21425170853519,42033.0,35.68519592285156,30.84375,25.92071533203125,27.035873413085938,42.19999885559081
1970-11-29 17:27:01.000,30.098970413208008,95.90361785888672,159.2529296875,87.2727279663086,85.5999984741211,61.23046875,99.93851470947266,39.65850067138672,37.13692500422514,42033.0,34.16204833984375,31.19732666015625,27.7430419921875,24.42475891113281,42.19999885559081
1970-11-29 17:27:02.995,30.063705444335938,95.90361785888672,158.99251556396484,87.2727279663086,86.0999984741211,61.23046875,99.93851470947266,39.66259765625,35.21425170853519,42033.0,35.68519592285156,30.84375,25.92071533203125,27.035873413085938,42.19999885559081
1970-11-29 17:27:04.002,30.053014755249023,96.08433532714844,159.0087890625,87.2727279663086,85.9000015258789,61.23046875,99.93851470947266,39.66789245605469,34.822794115547076,42033.0,36.66436767578125,27.634246826171875,26.029510498046875,26.845489501953125,42.19999885559081
1970-11-29 17:27:04.995,30.12739944458008,96.08433532714844,159.716796875,87.2727279663086,85.9000015258789,61.23046875,99.93851470947266,39.67285537719727,35.09412770804524,42033.0,34.43403625488281,28.83100891113281,26.546295166015625,29.40219116210937,42.19999885559081
1970-11-29 17:27:06.001,30.12739944458008,96.08433532714844,159.716796875,87.2727279663086,85.9000015258789,61.23046875,99.93851470947266,39.67285537719727,35.09412770804524,42033.0,34.43403625488281,28.83100891113281,26.546295166015625,29.40219116210937,42.19999885559081
1970-11-29 17:27:06.991,30.09933853149414,95.90361785888672,158.35774993896484,87.2727279663086,85.5999984741211,61.23046875,99.93851470947266,39.67203521728516,35.684210773119254,42033.0,35.71240234375,31.2789306640625,25.295135498046875,22.24884033203125,42.19999885559081
1970-11-29 17:27:07.991,30.021896362304688,95.84337615966795,158.1705780029297,87.2727279663086,85.69999694824219,61.23046875,99.93851470947266,39.67484664916992,34.9368739247223,42033.0,36.03878784179688,32.23089599609375,20.91607666015625,27.634246826171875,42.19999885559081
1970-11-29 17:27:08.990,30.021896362304688,95.84337615966795,158.1705780029297,87.2727279663086,85.69999694824219,61.23046875,99.93851470947266,39.67484664916992,34.9368739247223,42033.0,36.03878784179688,32.23089599609375,20.91607666015625,27.634246826171875,42.19999885559081
1970-11-29 17:27:10.004,29.98194694519043,96.08433532714844,158.7158203125,87.2727279663086,85.79999542236328,61.23046875,99.93851470947266,39.68046569824219,36.1208460367672,42033.0,37.942718505859375,27.7430419921875,24.99594116210937,31.46932983398437,42.19999885559081
1970-11-29 17:27:10.990,30.040084838867188,96.02409362792967,158.68326568603516,87.2727279663086,86.0,61.23046875,99.93851470947266,39.68608474731445,35.50984453247741,42033.0,34.134857177734375,27.579849243164062,24.615142822265625,27.36225891113281,42.17499923706054
1970-11-29 17:27:12.004,30.040084838867188,96.02409362792967,158.68326568603516,87.2727279663086,86.0,61.23046875,99.93851470947266,39.68608474731445,35.50984453247741,42033.0,34.134857177734375,27.579849243164062,24.615142822265625,27.36225891113281,42.17499923706054
1970-11-29 17:27:12.992,29.899229049682617,96.02409362792967,158.56119537353516,87.2727279663086,86.19999694824219,61.23046875,99.93851470947266,39.684024810791016,36.160110289696725,42033.0,36.41957092285156,30.59893798828125,25.5399169921875,24.615142822265625,42.19999885559081
1970-11-29 17:27:13.993,29.81558990478516,96.02409362792967,158.98436737060547,87.2727279663086,85.79999542236328,61.23046875,99.93851470947266,39.6748161315918,36.038894428822594,42033.0,36.44677734375,26.79107666015625,27.52545166015625,27.47105407714844,42.19999885559081
1970-11-29 17:27:14.991,29.81558990478516,96.02409362792967,158.98436737060547,87.2727279663086,85.79999542236328,61.23046875,99.93851470947266,39.6748161315918,36.038894428822594,42033.0,36.44677734375,26.79107666015625,27.52545166015625,27.47105407714844,42.19999885559081
1970-11-29 17:27:15.991,29.895658493041992,96.08433532714844,158.82161712646484,87.2727279663086,86.0999984741211,61.23046875,99.93851470947266,39.67427444458008,34.094359584877694,42033.0,35.358795166015625,24.39755249023437,25.92071533203125,28.17822265625,42.17499923706054
1970-11-29 17:27:17.990,29.86500740051269,96.08433532714844,159.17154693603516,87.2727279663086,86.0,61.23046875,99.93851470947266,39.66949081420898,34.88624930665835,42033.0,32.203704833984375,28.776611328125,28.640625,23.635986328125,42.19999885559081
1970-11-29 17:27:17.000,29.86500740051269,96.08433532714844,159.17154693603516,87.2727279663086,86.0,61.23046875,99.93851470947266,39.66949081420898,34.88624930665835,42033.0,32.203704833984375,28.776611328125,28.640625,23.635986328125,42.19999885559081
1970-11-29 17:27:18.993,29.81086158752441,95.84337615966795,159.02506256103516,87.2727279663086,85.79999542236328,61.23046875,99.93851470947266,39.6629524230957,37.046735345015065,42033.0,33.645263671875,32.475677490234375,27.117462158203125,24.45196533203125,42.19999885559081
1970-11-29 17:27:19.991,29.8989200592041,95.96385192871094,159.04947662353516,87.2727279663086,86.0,61.23046875,99.93851470947266,39.66029739379883,36.04876456439273,42033.0,36.2835693359375,30.354156494140625,27.90625,27.307861328125,42.19999885559081
1970-11-29 17:27:20.994,29.8989200592041,95.96385192871094,159.04947662353516,87.2727279663086,86.0,61.23046875,99.93851470947266,39.66029739379883,36.04876456439273,42033.0,36.2835693359375,30.354156494140625,27.90625,27.307861328125,42.19999885559081
1970-11-29 17:27:21.993,30.037784576416016,96.02409362792967,160.2946014404297,87.2727279663086,85.69999694824219,61.23046875,99.93851470947266,39.66009140014648,37.64325606647003,42033.0,33.645263671875,30.218170166015625,31.822906494140625,29.2117919921875,42.17499923706054
1970-11-29 17:27:22.994,29.99366950988769,96.08433532714844,159.66796875,87.2727279663086,86.0999984741211,61.23046875,99.93851470947266,39.65227127075195,36.68257430166291,42033.0,35.875579833984375,33.67243957519531,27.90625,27.987838745117188,42.19999885559081
1970-11-29 17:27:23.994,29.99366950988769,96.08433532714844,159.66796875,87.2727279663086,86.0999984741211,61.23046875,99.93851470947266,39.65227127075195,36.68257430166291,42033.0,35.875579833984375,33.67243957519531,27.90625,27.987838745117188,42.19999885559081
1970-11-29 17:27:25.001,30.05726623535156,95.90361785888672,159.27734375,87.2727279663086,86.29999542236328,61.23046875,99.93851470947266,39.6392822265625,34.4447569920902,42033.0,34.134857177734375,34.05322265625,28.85821533203125,25.077545166015625,42.19999885559081
1970-11-29 17:27:25.991,30.18490982055664,95.96385192871094,159.39127349853516,87.2727279663086,86.19999694824219,61.23046875,99.93851470947266,39.63628768920898,34.141359820735865,42033.0,36.03878784179688,33.53643798828125,27.87904357910156,26.519088745117188,42.17499923706054
1970-11-29 17:27:26.993,30.18490982055664,95.96385192871094,159.39127349853516,87.2727279663086,86.19999694824219,61.23046875,99.93851470947266,39.63628768920898,34.141359820735865,42033.0,36.03878784179688,33.53643798828125,27.87904357910156,26.519088745117188,42.17499923706054
1970-11-29 17:27:27.990,30.236610412597656,96.1445770263672,159.521484375,87.2727279663086,85.79999542236328,61.23046875,99.93851470947266,39.617774963378906,34.60877723480655,42033.0,36.555572509765625,29.56538391113281,28.06942749023437,28.640625,42.17499923706054
1970-11-29 17:27:28.992,30.10529327392578,96.02409362792967,159.912109375,87.2727279663086,85.5,61.23046875,99.93851470947266,39.59807205200195,36.62048636567873,42033.0,33.890045166015625,30.40855407714844,28.12384033203125,28.749420166015625,42.17499923706054
1970-11-29 17:27:30.992,29.909948348999023,95.90361785888672,159.09830474853516,87.2727279663086,85.5999984741211,61.23046875,99.93851470947266,39.59127807617188,37.83320905680331,42033.0,38.56829833984375,35.2227783203125,26.083892822265625,28.53182983398437,42.17499923706054
1970-11-29 17:27:30.000,30.10529327392578,96.02409362792967,159.912109375,87.2727279663086,85.5,61.23046875,99.93851470947266,39.59807205200195,36.62048636567873,42033.0,33.890045166015625,30.40855407714844,28.12384033203125,28.749420166015625,42.17499923706054
1970-11-29 17:27:32.005,29.980669021606445,96.08433532714844,158.203125,87.2727279663086,86.19999694824219,61.23046875,99.93851470947266,39.584754943847656,35.9033117971461,42033.0,36.990753173828125,29.64697265625,22.79281616210937,27.7430419921875,42.17499923706054
1970-11-29 17:27:32.994,29.980669021606445,96.08433532714844,158.203125,87.2727279663086,86.19999694824219,61.23046875,99.93851470947266,39.584754943847656,35.9033117971461,42033.0,36.990753173828125,29.64697265625,22.79281616210937,27.7430419921875,42.17499923706054
1970-11-29 17:27:33.990,29.90439224243164,95.96385192871094,158.2275390625,87.2727279663086,85.5999984741211,61.23046875,99.93851470947266,39.56660079956055,36.97936449844673,42033.0,37.96990966796875,29.701385498046875,28.504623413085938,25.703125,42.17499923706054
1970-11-29 17:27:34.996,29.7548885345459,95.90361785888672,159.07389068603516,87.2727279663086,86.19999694824219,61.23046875,99.93851470947266,39.55527877807617,36.1857735681835,42033.0,36.473968505859375,31.306121826171875,27.36225891113281,27.6070556640625,42.17499923706054
1970-11-29 17:27:35.990,29.7548885345459,95.90361785888672,159.07389068603516,87.2727279663086,86.19999694824219,61.23046875,99.93851470947266,39.55527877807617,36.1857735681835,42033.0,36.473968505859375,31.306121826171875,27.36225891113281,27.6070556640625,42.17499923706054
1970-11-29 17:27:36.993,29.72939109802246,96.1445770263672,159.0087890625,87.2727279663086,85.79999542236328,61.23046875,99.93851470947266,39.54467391967773,36.98694924661394,42033.0,38.86749267578125,27.38946533203125,23.989578247070312,27.44384765625,42.17499923706054
1970-11-29 17:27:38.002,29.895442962646484,95.96385192871094,158.43912506103516,87.3484878540039,86.4000015258789,61.23046875,99.93851470947266,39.53371047973633,36.01604331094228,42033.0,37.99711608886719,29.973358154296875,27.68865966796875,27.987838745117188,42.17499923706054
1970-11-29 17:27:39.000,29.895442962646484,95.96385192871094,158.43912506103516,87.3484878540039,86.4000015258789,61.23046875,99.93851470947266,39.53371047973633,36.01604331094228,42033.0,37.99711608886719,29.973358154296875,27.68865966796875,27.987838745117188,42.17499923706054
1970-11-29 17:27:40.003,29.927188873291016,95.96385192871094,158.98438262939453,87.3484878540039,85.79999542236328,61.23046875,99.93851470947266,39.52897644042969,36.238133781367615,42033.0,36.12037658691406,30.653350830078125,25.24072265625,30.571746826171875,42.17499923706054
1970-11-29 17:27:41.003,30.08265686035156,96.02409362792967,159.716796875,87.2727279663086,86.0999984741211,61.23046875,99.93851470947266,39.52212142944336,36.36697113919017,42033.0,36.06597900390625,30.59893798828125,26.32870483398437,27.634246826171875,42.17499923706054
1970-11-29 17:27:41.995,30.08265686035156,96.02409362792967,159.716796875,87.2727279663086,86.0999984741211,61.23046875,99.93851470947266,39.52212142944336,36.36697113919017,42033.0,36.06597900390625,30.59893798828125,26.32870483398437,27.634246826171875,42.17499923706054
1970-11-29 17:27:42.990,30.279918670654297,96.08433532714844,159.0006561279297,87.2727279663086,85.79999542236328,61.23046875,99.93851470947266,39.50399398803711,36.844017516915166,42033.0,37.561920166015625,28.55902099609375,27.44384765625,28.450225830078125,42.17499923706054
1970-11-29 17:27:43.992,30.47933387756348,95.90361785888672,158.43099212646484,87.2727279663086,85.5,61.23046875,99.93851470947266,39.50102233886719,36.424397599767055,42033.0,33.59086608886719,29.9461669921875,29.837371826171875,23.3367919921875,42.17499923706054
1970-11-29 17:27:45.004,30.47933387756348,95.90361785888672,158.43099212646484,87.2727279663086,85.5,61.23046875,99.93851470947266,39.50102233886719,36.424397599767055,42033.0,33.59086608886719,29.9461669921875,29.837371826171875,23.3367919921875,42.17499923706054
1970-11-29 17:27:46.003,30.499406814575195,95.84337615966795,158.38216400146484,87.3484878540039,86.4000015258789,61.23046875,99.93851470947266,39.49871826171875,35.06719882520048,42033.0,34.624420166015625,33.45484924316406,30.00057983398437,23.41839599609375,42.17499923706054
1970-11-29 17:27:47.002,30.463342666625977,96.20481872558594,159.1064453125,87.2727279663086,85.5999984741211,61.23046875,99.93851470947266,39.49643325805664,35.56540276422505,42033.0,32.366912841796875,32.258087158203125,28.83100891113281,24.8055419921875,42.17499923706054
1970-11-29 17:27:47.991,30.463342666625977,96.20481872558594,159.1064453125,87.2727279663086,85.5999984741211,61.23046875,99.93851470947266,39.49643325805664,35.56540276422505,42033.0,32.366912841796875,32.258087158203125,28.83100891113281,24.8055419921875,42.17499923706054
1970-11-29 17:27:48.995,30.479198455810547,96.1445770263672,159.09830474853516,87.2727279663086,86.4000015258789,61.23046875,99.93851470947266,39.49405670166016,35.226350664254134,42033.0,36.582763671875,33.83563232421875,28.3414306640625,27.90625,42.17499923706054
1970-11-29 17:27:49.993,30.358295440673828,95.96385192871094,159.9528045654297,87.2727279663086,86.0,61.23046875,99.93851470947266,39.48675155639648,35.597513773451304,42033.0,35.657989501953125,29.701385498046875,32.1492919921875,25.86630249023437,42.17499923706054
1970-11-29 17:27:50.995,30.358295440673828,95.96385192871094,159.9528045654297,87.2727279663086,86.0,61.23046875,99.93851470947266,39.48675155639648,35.597513773451304,42033.0,35.657989501953125,29.701385498046875,32.1492919921875,25.86630249023437,42.17499923706054
1970-11-29 17:27:51.991,30.120346069335938,95.78313446044922,159.94466400146484,87.2727279663086,86.0999984741211,61.23046875,99.93851470947266,39.471927642822266,35.767057782627575,42033.0,37.48033142089844,32.20368957519531,29.184600830078125,29.864578247070312,42.17499923706054
1970-11-29 17:27:52.993,29.913101196289062,96.20481872558594,159.619140625,87.2727279663086,86.4000015258789,61.23046875,99.93851470947266,39.47172927856445,36.23758356139228,42033.0,35.57640075683594,33.86283874511719,29.973373413085938,27.96063232421875,42.17499923706054
1970-11-29 17:27:53.994,29.913101196289062,96.20481872558594,159.619140625,87.2727279663086,86.4000015258789,61.23046875,99.93851470947266,39.47172927856445,36.23758356139228,42033.0,35.57640075683594,33.86283874511719,29.973373413085938,27.96063232421875,42.17499923706054
1970-11-29 17:27:54.994,29.78518486022949,96.26506042480467,159.0087890625,87.2727279663086,85.79999542236328,61.23046875,99.93851470947266,39.45907974243164,36.92885720204547,42033.0,36.093170166015625,27.280670166015625,27.715850830078125,27.416656494140625,42.17499923706054
1970-11-29 17:27:56.004,29.592994689941406,95.90361785888672,160.1237030029297,87.2727279663086,85.39999389648438,61.23046875,99.93851470947266,39.45436096191406,37.36318713998329,42033.0,39.0850830078125,32.258087158203125,28.91259765625,32.856475830078125,42.17499923706054
1970-11-29 17:27:56.993,29.592994689941406,95.90361785888672,160.1237030029297,87.2727279663086,85.39999389648438,61.23046875,99.93851470947266,39.45436096191406,37.36318713998329,42033.0,39.0850830078125,32.258087158203125,28.91259765625,32.856475830078125,42.17499923706054
1970-11-29 17:27:57.991,29.5148868560791,96.08433532714844,159.0006561279297,87.2727279663086,86.29999542236328,61.23046875,99.93851470947266,39.44097518920898,36.79140893019982,42033.0,35.27720642089844,31.19732666015625,27.280670166015625,28.504623413085938,42.17499923706054
1970-11-29 17:27:58.992,29.588184356689453,96.1445770263672,158.8704376220703,87.2727279663086,86.19999694824219,61.23046875,99.93851470947266,39.43088912963867,36.39112690029415,42033.0,39.2210693359375,29.67417907714844,24.85995483398437,26.845489501953125,42.17499923706054
1970-11-29 17:28:00.004,29.588184356689453,96.1445770263672,158.8704376220703,87.2727279663086,86.19999694824219,61.23046875,99.93851470947266,39.43088912963867,36.39112690029415,42033.0,39.2210693359375,29.67417907714844,24.85995483398437,26.845489501953125,42.17499923706054
1970-11-29 17:28:00.993,29.72614288330078,96.02409362792967,158.642578125,87.3484878540039,85.79999542236328,61.23046875,99.93851470947266,39.428802490234375,34.98738086346796,42033.0,39.43865966796875,27.715850830078125,26.192703247070312,29.26620483398437,42.17499923706054
1970-11-29 17:28:01.992,29.82752990722656,95.84337615966795,158.08919525146484,87.2727279663086,86.19999694824219,61.23046875,99.93851470947266,39.42491912841797,36.09810083196191,42033.0,35.79399108886719,29.782974243164062,27.7430419921875,28.93980407714844,42.17499923706054
1970-11-29 17:28:03.001,29.82752990722656,95.84337615966795,158.08919525146484,87.2727279663086,86.19999694824219,61.23046875,99.93851470947266,39.42491912841797,36.09810083196191,42033.0,35.79399108886719,29.782974243164062,27.7430419921875,28.93980407714844,42.17499923706054
1970-11-29 17:28:03.990,29.974454879760746,95.90361785888672,158.740234375,87.2727279663086,86.19999694824219,61.23046875,99.93851470947266,39.41461563110352,36.32379637431088,42033.0,35.114013671875,32.3125,26.2742919921875,26.818267822265625,42.17499923706054
1970-11-29 17:28:04.994,30.166467666625977,96.08433532714844,157.91829681396484,87.2727279663086,86.5,61.23046875,99.93851470947266,39.401668548583984,35.04456478875047,42033.0,36.85475158691406,32.638885498046875,24.370361328125,27.253463745117188,42.17499923706054
1970-11-29 17:28:05.991,30.166467666625977,96.08433532714844,157.91829681396484,87.2727279663086,86.5,61.23046875,99.93851470947266,39.401668548583984,35.04456478875047,42033.0,36.85475158691406,32.638885498046875,24.370361328125,27.253463745117188,42.17499923706054
1970-11-29 17:28:06.993,30.27947425842285,96.1445770263672,157.7555389404297,87.2727279663086,85.19999694824219,61.23046875,99.93851470947266,39.39263916015625,36.138990429390816,42033.0,34.59722900390625,31.088531494140625,24.832748413085938,26.981475830078125,42.17499923706054
1970-11-29 17:28:07.993,30.18857765197754,95.90361785888672,158.6995391845703,87.2727279663086,85.39999389648438,61.23046875,99.93851470947266,39.3881950378418,35.49710039653113,42033.0,32.09490966796875,29.918975830078125,28.91259765625,23.907989501953125,42.17499923706054
1970-11-29 17:28:08.991,30.18857765197754,95.90361785888672,158.6995391845703,87.2727279663086,85.39999389648438,61.23046875,99.93851470947266,39.3881950378418,35.49710039653113,42033.0,32.09490966796875,29.918975830078125,28.91259765625,23.907989501953125,42.17499923706054
1970-11-29 17:28:09.993,30.02142143249512,95.90361785888672,158.4716796875,87.3484878540039,86.0999984741211,61.23046875,99.93851470947266,39.38616561889648,35.95861020716116,42033.0,32.910888671875,29.701385498046875,29.102996826171875,24.20716857910156,42.17499923706054
1970-11-29 17:28:10.991,30.024789810180664,96.20481872558594,158.3658905029297,87.3484878540039,85.39999389648438,61.23046875,99.93851470947266,39.38515090942383,36.61705717137296,42033.0,33.59086608886719,29.67417907714844,29.72857666015625,23.173614501953125,42.17499923706054
1970-11-29 17:28:11.995,30.024789810180664,96.20481872558594,158.3658905029297,87.3484878540039,85.39999389648438,61.23046875,99.93851470947266,39.38515090942383,36.61705717137296,42033.0,33.59086608886719,29.67417907714844,29.72857666015625,23.173614501953125,42.17499923706054
1970-11-29 17:28:13.994,29.781768798828125,95.78313446044922,158.85416412353516,87.2727279663086,86.4000015258789,61.23046875,99.93851470947266,39.37517166137695,33.98979930094509,42033.0,35.875579833984375,32.475677490234375,29.89178466796875,25.24072265625,42.17499923706054
1970-11-29 17:28:13.000,29.916921615600582,96.1445770263672,158.89485931396484,87.2727279663086,86.0999984741211,61.23046875,99.93851470947266,39.37575149536133,35.224710764998825,42033.0,34.43403625488281,28.287017822265625,30.598953247070312,26.8726806640625,42.14999961853027
1970-11-29 17:28:15.004,29.781768798828125,95.78313446044922,158.85416412353516,87.2727279663086,86.4000015258789,61.23046875,99.93851470947266,39.37517166137695,33.98979930094509,42033.0,35.875579833984375,32.475677490234375,29.89178466796875,25.24072265625,42.17499923706054
1970-11-29 17:28:15.994,29.743896484375,95.96385192871094,159.228515625,87.2727279663086,86.69999694824219,61.23046875,99.93851470947266,39.37248229980469,35.125316652781315,42033.0,33.9444580078125,30.707733154296875,28.61341857910156,29.456588745117188,42.14999961853027
1970-11-29 17:28:16.990,29.826623916625977,96.20481872558594,159.8063201904297,87.2727279663086,86.5,61.23046875,99.93851470947266,39.37028884887695,37.141037954267176,42033.0,38.64990234375,31.686920166015625,28.749420166015625,29.8101806640625,42.17499923706054
1970-11-29 17:28:18.004,29.826623916625977,96.20481872558594,159.8063201904297,87.2727279663086,86.5,61.23046875,99.93851470947266,39.37028884887695,37.141037954267176,42033.0,38.64990234375,31.686920166015625,28.749420166015625,29.8101806640625,42.17499923706054
1970-11-29 17:28:18.990,29.852201461791992,95.96385192871094,160.4166717529297,87.3484878540039,86.4000015258789,61.23046875,99.93851470947266,39.36076354980469,36.55698242257071,42033.0,36.44677734375,33.45484924316406,29.59259033203125,29.375,42.17499923706054
1970-11-29 17:28:19.995,29.978347778320312,95.90361785888672,159.73307037353516,87.2727279663086,86.5,61.23046875,99.93851470947266,39.352664947509766,35.53929062062107,42033.0,38.97628784179688,32.0133056640625,29.510986328125,28.85821533203125,42.17499923706054
1970-11-29 17:28:20.992,29.978347778320312,95.90361785888672,159.73307037353516,87.2727279663086,86.5,61.23046875,99.93851470947266,39.352664947509766,35.53929062062107,42033.0,38.97628784179688,32.0133056640625,29.510986328125,28.85821533203125,42.17499923706054
1970-11-29 17:28:21.995,30.11118125915528,95.96385192871094,159.4156951904297,87.2727279663086,86.5,61.23046875,99.93851470947266,39.34978866577149,36.1316964012828,42033.0,38.43231201171875,34.27081298828125,25.89350891113281,30.00057983398437,42.17499923706054
1970-11-29 17:28:23.002,30.171127319335938,95.96385192871094,158.642578125,87.2727279663086,85.69999694824219,61.23046875,99.93851470947266,39.33824920654297,36.285892722127954,42033.0,37.67071533203125,29.86456298828125,28.586212158203125,30.32696533203125,42.17499923706054
1970-11-29 17:28:23.994,30.171127319335938,95.96385192871094,158.642578125,87.2727279663086,85.69999694824219,61.23046875,99.93851470947266,39.33824920654297,36.285892722127954,42033.0,37.67071533203125,29.86456298828125,28.586212158203125,30.32696533203125,42.17499923706054
1970-11-29 17:28:25.004,30.12403106689453,96.1445770263672,158.3903045654297,87.2727279663086,84.89999389648438,61.23046875,99.93851470947266,39.32734298706055,37.32487627320012,42033.0,38.813079833984375,27.93344116210937,26.70947265625,29.15740966796875,42.17499923706054
1970-11-29 17:28:26.002,30.09264373779297,96.02409362792967,158.30892181396484,87.2727279663086,85.69999694824219,61.23046875,99.93851470947266,39.31857299804688,36.21288146473534,42033.0,37.37153625488281,29.40219116210937,27.79745483398437,26.573486328125,42.14999961853027
1970-11-29 17:28:26.990,30.09264373779297,96.02409362792967,158.30892181396484,87.2727279663086,85.69999694824219,61.23046875,99.93851470947266,39.31857299804688,36.21288146473534,42033.0,37.37153625488281,29.40219116210937,27.79745483398437,26.573486328125,42.14999961853027
1970-11-29 17:28:27.994,30.11134147644043,95.96385192871094,157.69857025146484,87.2727279663086,85.0,61.23046875,99.93851470947266,39.29595565795898,36.82237826466878,42033.0,38.26910400390625,30.245361328125,22.276031494140625,27.552642822265625,42.14999961853027
1970-11-29 17:28:28.992,30.05203437805176,96.02409362792967,157.55208587646484,87.2727279663086,85.69999694824219,61.23046875,99.93851470947266,39.29420852661133,35.222102471826304,42033.0,37.23553466796875,28.17822265625,22.901611328125,25.567123413085938,42.14999961853027
1970-11-29 17:28:30.004,30.05203437805176,96.02409362792967,157.55208587646484,87.2727279663086,85.69999694824219,61.23046875,99.93851470947266,39.29420852661133,35.222102471826304,42033.0,37.23553466796875,28.17822265625,22.901611328125,25.567123413085938,42.14999961853027
1970-11-29 17:28:30.994,29.97090530395508,96.1445770263672,157.81250762939453,87.2727279663086,85.5,61.23046875,99.93851470947266,39.2825813293457,37.81422730912357,42033.0,36.74595642089844,30.734939575195312,26.165496826171875,28.450225830078125,42.14999961853027
1970-11-29 17:28:31.990,29.960411071777344,95.84337615966795,158.17057037353516,87.2727279663086,85.29999542236328,61.23046875,99.93851470947266,39.2723274230957,36.599728773143475,42033.0,35.79399108886719,31.088531494140625,26.247100830078125,29.0758056640625,42.17499923706054
1970-11-29 17:28:32.991,29.960411071777344,95.84337615966795,158.17057037353516,87.2727279663086,85.29999542236328,61.23046875,99.93851470947266,39.2723274230957,36.599728773143475,42033.0,35.79399108886719,31.088531494140625,26.247100830078125,29.0758056640625,42.17499923706054
1970-11-29 17:28:33.992,30.02810287475586,95.96385192871094,158.3984375,87.2727279663086,85.69999694824219,61.23046875,99.93851470947266,39.26798629760742,37.638805887480025,42033.0,36.77316284179688,30.190963745117188,26.32870483398437,28.55902099609375,42.14999961853027
1970-11-29 17:28:34.994,29.960607528686523,96.02409362792967,158.4065704345703,87.2727279663086,86.19999694824219,61.23046875,99.93851470947266,39.2518424987793,33.83348254617221,42033.0,37.09954833984375,34.678802490234375,29.53817749023437,25.26792907714844,42.14999961853027
1970-11-29 17:28:35.991,29.960607528686523,96.02409362792967,158.4065704345703,87.2727279663086,86.19999694824219,61.23046875,99.93851470947266,39.2518424987793,33.83348254617221,42033.0,37.09954833984375,34.678802490234375,29.53817749023437,25.26792907714844,42.14999961853027
1970-11-29 17:28:37.001,29.91289520263672,96.08433532714844,157.43001556396484,87.2727279663086,86.0,61.23046875,99.93851470947266,39.240333557128906,36.78613033294965,42033.0,37.6163330078125,33.590850830078125,25.458328247070312,25.295135498046875,42.14999961853027
1970-11-29 17:28:38.001,29.96894836425781,95.96385192871094,158.79720306396484,87.2727279663086,85.5,61.23046875,99.93851470947266,39.23818206787109,35.78277699849036,42033.0,36.17477416992188,27.66143798828125,24.778350830078125,25.24072265625,42.14999961853027
1970-11-29 17:28:38.993,29.96894836425781,95.96385192871094,158.79720306396484,87.2727279663086,85.5,61.23046875,99.93851470947266,39.23818206787109,35.78277699849036,42033.0,36.17477416992188,27.66143798828125,24.778350830078125,25.24072265625,42.14999961853027
1970-11-29 17:28:39.992,30.0493278503418,96.02409362792967,158.95182037353516,87.2727279663086,86.0,61.23046875,99.93851470947266,39.23387145996094,34.9890435127686,42033.0,34.24365234375,32.557281494140625,30.76214599609375,27.117462158203125,42.14999961853027
1970-11-29 17:28:41.003,30.05281448364257,96.08433532714844,159.29361724853516,87.2727279663086,86.5,61.23046875,99.93851470947266,39.22956466674805,35.25580220774763,42033.0,37.23553466796875,33.074066162109375,28.61341857910156,23.092010498046875,42.14999961853027
1970-11-29 17:28:41.993,30.05281448364257,96.08433532714844,159.29361724853516,87.2727279663086,86.5,61.23046875,99.93851470947266,39.22956466674805,35.25580220774763,42033.0,37.23553466796875,33.074066162109375,28.61341857910156,23.092010498046875,42.14999961853027
1970-11-29 17:28:43.005,30.07547378540039,96.02409362792967,158.9192657470703,87.2727279663086,85.39999389648438,61.23046875,99.93851470947266,39.22740936279297,35.329977720996865,42033.0,37.15394592285156,31.79571533203125,26.4375,23.962371826171875,42.14999961853027
1970-11-29 17:28:44.003,30.14940452575684,95.84337615966795,158.11360931396484,87.2727279663086,86.0999984741211,61.23046875,99.93851470947266,39.22309875488281,35.61999120514613,42033.0,35.71240234375,33.53643798828125,27.52545166015625,29.0758056640625,42.14999961853027
1970-11-29 17:28:44.991,30.14940452575684,95.84337615966795,158.11360931396484,87.2727279663086,86.0999984741211,61.23046875,99.93851470947266,39.22309875488281,35.61999120514613,42033.0,35.71240234375,33.53643798828125,27.52545166015625,29.0758056640625,42.14999961853027
1970-11-29 17:28:45.990,30.085168838500977,95.96385192871094,159.0087890625,87.2727279663086,86.29999542236328,61.23046875,99.93851470947266,39.21879196166992,38.32017321937784,42033.0,38.758697509765625,35.25,26.70947265625,29.701385498046875,42.14999961853027
1970-11-29 17:28:46.990,29.995819091796875,95.96385192871094,158.23567962646484,87.2727279663086,86.5999984741211,61.23046875,99.93851470947266,39.216915130615234,34.96710929257516,42033.0,37.0179443359375,31.224517822265625,26.79107666015625,32.3125,42.14999961853027
1970-11-29 17:28:47.991,29.995819091796875,95.96385192871094,158.23567962646484,87.2727279663086,86.5999984741211,61.23046875,99.93851470947266,39.216915130615234,34.96710929257516,42033.0,37.0179443359375,31.224517822265625,26.79107666015625,32.3125,42.14999961853027
1970-11-29 17:28:48.991,29.942760467529297,95.90361785888672,158.154296875,87.2727279663086,87.19999694824219,61.23046875,99.93851470947266,39.21965408325195,33.8632462832744,42033.0,37.7523193359375,27.36225891113281,29.29339599609375,28.967010498046875,42.14999961853027
1970-11-29 17:28:50.004,29.953882217407227,95.96385192871094,158.2763671875,87.2727279663086,86.0,61.23046875,99.93851470947266,39.22284698486328,37.04358003754474,42033.0,38.024322509765625,31.19732666015625,27.6070556640625,29.375,42.14999961853027
1970-11-29 17:28:50.991,29.953882217407227,95.96385192871094,158.2763671875,87.2727279663086,86.0,61.23046875,99.93851470947266,39.22284698486328,37.04358003754474,42033.0,38.024322509765625,31.19732666015625,27.6070556640625,29.375,42.14999961853027
1970-11-29 17:28:51.993,29.824928283691406,96.1445770263672,157.3811798095703,87.2727279663086,86.5,61.23046875,99.93851470947266,39.22085571289063,36.07248044555259,42033.0,37.99711608886719,31.822906494140625,26.4375,27.06307983398437,42.14999961853027
1970-11-29 17:28:52.994,29.7690486907959,96.20481872558594,157.45442962646484,87.2727279663086,86.29999542236328,61.23046875,99.93851470947266,39.21687316894531,36.892163955212716,42033.0,34.95082092285156,30.46295166015625,27.52545166015625,24.50634765625,42.14999961853027
1970-11-29 17:28:53.992,29.7690486907959,96.20481872558594,157.45442962646484,87.2727279663086,86.29999542236328,61.23046875,99.93851470947266,39.21687316894531,36.892163955212716,42033.0,34.95082092285156,30.46295166015625,27.52545166015625,24.50634765625,42.14999961853027
1970-11-29 17:28:54.993,29.814563751220703,95.96385192871094,157.5113983154297,87.2727279663086,85.5999984741211,61.23046875,99.93851470947266,39.212890625,37.00547307992148,42033.0,37.344329833984375,29.86456298828125,26.46469116210937,25.86630249023437,42.14999961853027
1970-11-29 17:28:55.994,29.920408248901367,95.90361785888672,158.30892181396484,87.2727279663086,85.39999389648438,61.23046875,99.93851470947266,39.21621322631836,36.63253154174203,42033.0,34.43403625488281,29.918975830078125,26.2742919921875,26.1383056640625,42.14999961853027
1970-11-29 17:28:56.994,29.920408248901367,95.90361785888672,158.30892181396484,87.2727279663086,85.39999389648438,61.23046875,99.93851470947266,39.21621322631836,36.63253154174203,42033.0,34.43403625488281,29.918975830078125,26.2742919921875,26.1383056640625,42.14999961853027
1970-11-29 17:28:57.992,29.96636199951172,96.02409362792967,157.1044921875,87.3484878540039,85.5999984741211,61.23046875,99.93851470947266,39.21430206298828,35.66649973483553,42033.0,33.91725158691406,31.11572265625,28.85821533203125,22.98321533203125,42.14999961853027
1970-11-29 17:28:58.990,30.063570022583008,95.96385192871094,159.0087890625,87.3484878540039,86.0,61.23046875,99.93851470947266,39.21538162231445,33.96422033313224,42033.0,33.29168701171875,31.63250732421875,30.13656616210937,27.7430419921875,42.14999961853027
1970-11-29 17:29:00.005,30.063570022583008,95.96385192871094,159.0087890625,87.3484878540039,86.0,61.23046875,99.93851470947266,39.21538162231445,33.96422033313224,42033.0,33.29168701171875,31.63250732421875,30.13656616210937,27.7430419921875,42.14999961853027
1970-11-29 17:29:00.993,30.21454620361328,96.02409362792967,158.6995391845703,87.2727279663086,86.69999694824219,61.23046875,99.93851470947266,39.21676635742188,34.882070236935206,42033.0,36.20196533203125,31.49652099609375,28.640625,28.232635498046875,42.14999961853027
1970-11-29 17:29:02.001,30.17530059814453,95.90361785888672,157.8369140625,87.2727279663086,85.69999694824219,61.23046875,99.93851470947266,39.222923278808594,36.281869755712634,42033.0,37.26274108886719,28.423019409179688,25.24072265625,26.165496826171875,42.14999961853027
1970-11-29 17:29:03.004,30.17530059814453,95.90361785888672,157.8369140625,87.2727279663086,85.69999694824219,61.23046875,99.93851470947266,39.222923278808594,36.281869755712634,42033.0,37.26274108886719,28.423019409179688,25.24072265625,26.165496826171875,42.14999961853027
1970-11-29 17:29:03.991,30.09017944335937,96.02409362792967,157.11263275146484,87.2727279663086,85.39999389648438,61.23046875,99.93851470947266,39.2309455871582,36.314287344256314,42033.0,32.85649108886719,29.510986328125,27.36225891113281,28.885406494140625,42.14999961853027
1970-11-29 17:29:05.004,30.032730102539062,96.08433532714844,157.3486328125,87.3484878540039,86.69999694824219,61.23046875,99.93851470947266,39.23587417602539,34.562837201031385,42033.0,33.9444580078125,31.986099243164062,26.818267822265625,25.13192749023437,42.14999961853027
1970-11-29 17:29:06.990,30.01451301574707,95.96385192871094,157.50325775146484,87.2727279663086,86.4000015258789,61.23046875,99.93851470947266,39.232154846191406,34.32627241727047,42033.0,33.91725158691406,31.79571533203125,31.2789306640625,30.5445556640625,42.14999961853027
1970-11-29 17:29:06.000,30.032730102539062,96.08433532714844,157.3486328125,87.3484878540039,86.69999694824219,61.23046875,99.93851470947266,39.23587417602539,34.562837201031385,42033.0,33.9444580078125,31.986099243164062,26.818267822265625,25.13192749023437,42.14999961853027
1970-11-29 17:29:07.993,29.90359878540039,96.08433532714844,158.4879608154297,87.2727279663086,86.9000015258789,61.23046875,99.93851470947266,39.23551940917969,33.727323174022764,42033.0,34.6788330078125,30.13656616210937,28.586212158203125,27.36225891113281,42.14999961853027
1970-11-29 17:29:08.992,29.90359878540039,96.08433532714844,158.4879608154297,87.2727279663086,86.9000015258789,61.23046875,99.93851470947266,39.23551940917969,33.727323174022764,42033.0,34.6788330078125,30.13656616210937,28.586212158203125,27.36225891113281,42.14999961853027
1970-11-29 17:29:09.991,29.874889373779297,95.96385192871094,158.056640625,87.2727279663086,86.19999694824219,61.23046875,99.93851470947266,39.23508834838867,35.946433152274466,42033.0,34.8148193359375,30.517349243164062,31.170135498046875,26.763885498046875,42.14999961853027
1970-11-29 17:29:10.990,29.9327335357666,95.96385192871094,158.349609375,87.2727279663086,86.0999984741211,61.23046875,99.93851470947266,39.24691390991211,33.82435222816663,42033.0,35.603607177734375,30.29975891113281,28.42303466796875,28.368621826171875,42.14999961853027
1970-11-29 17:29:11.994,29.9327335357666,95.96385192871094,158.349609375,87.2727279663086,86.0999984741211,61.23046875,99.93851470947266,39.24691390991211,33.82435222816663,42033.0,35.603607177734375,30.29975891113281,28.42303466796875,28.368621826171875,42.14999961853027
1970-11-29 17:29:13.003,29.986635208129883,96.02409362792967,158.7890625,87.2727279663086,86.19999694824219,61.23046875,99.93851470947266,39.24565505981445,36.285838500364434,42033.0,38.37789916992188,27.7430419921875,28.287017822265625,30.435760498046875,42.14999961853027
1970-11-29 17:29:13.990,29.9591121673584,96.08433532714844,157.56021881103516,87.2727279663086,86.29999542236328,61.23046875,99.93851470947266,39.24684143066406,34.83893243119096,42033.0,34.189239501953125,33.23725891113281,31.74130249023437,29.456588745117188,42.14999961853027
1970-11-29 17:29:14.993,29.9591121673584,96.08433532714844,157.56021881103516,87.2727279663086,86.29999542236328,61.23046875,99.93851470947266,39.24684143066406,34.83893243119096,42033.0,34.189239501953125,33.23725891113281,31.74130249023437,29.456588745117188,42.14999961853027
1970-11-29 17:29:15.995,30.004112243652344,96.02409362792967,157.3486328125,87.2727279663086,85.69999694824219,61.23046875,99.93851470947266,39.249271392822266,36.857412682740275,42033.0,36.66436767578125,30.354156494140625,26.899871826171875,25.648712158203125,42.14999961853027
1970-11-29 17:29:17.001,30.104127883911133,95.96385192871094,157.0068359375,87.2727279663086,85.9000015258789,61.23046875,99.93851470947266,39.246917724609375,36.975352895062755,42033.0,38.89468383789063,33.726837158203125,27.06307983398437,30.6805419921875,42.14999961853027
1970-11-29 17:29:17.993,30.104127883911133,95.96385192871094,157.0068359375,87.2727279663086,85.9000015258789,61.23046875,99.93851470947266,39.246917724609375,36.975352895062755,42033.0,38.89468383789063,33.726837158203125,27.06307983398437,30.6805419921875,42.14999961853027
1970-11-29 17:29:18.994,30.04874038696289,96.08433532714844,157.79622650146484,87.2727279663086,85.29999542236328,61.23046875,99.93851470947266,39.24897766113281,36.78900424864642,42033.0,34.189239501953125,30.87094116210937,24.043975830078125,23.3367919921875,42.14999961853027
1970-11-29 17:29:19.991,30.006855010986328,96.08433532714844,157.7880859375,87.3484878540039,85.79999542236328,61.23046875,99.93851470947266,39.25081634521485,35.68069417223263,42033.0,35.086822509765625,30.925338745117188,26.899871826171875,27.0086669921875,42.14999961853027
1970-11-29 17:29:21.002,30.006855010986328,96.08433532714844,157.7880859375,87.3484878540039,85.79999542236328,61.23046875,99.93851470947266,39.25081634521485,35.68069417223263,42033.0,35.086822509765625,30.925338745117188,26.899871826171875,27.0086669921875,42.14999961853027
1970-11-29 17:29:21.990,30.002403259277344,95.90361785888672,157.06380462646484,87.2727279663086,85.5,61.23046875,99.93851470947266,39.24862289428711,36.7943962771537,42033.0,36.63716125488281,26.8726806640625,25.89350891113281,26.845489501953125,42.14999961853027
1970-11-29 17:29:22.994,30.06754302978516,96.02409362792967,157.19400787353516,87.2727279663086,85.0999984741211,61.23046875,99.93851470947266,39.24752426147461,36.41478333108771,42033.0,34.189239501953125,31.958892822265625,29.26620483398437,20.75288391113281,42.14999961853027
1970-11-29 17:29:23.992,30.06754302978516,96.02409362792967,157.19400787353516,87.2727279663086,85.0999984741211,61.23046875,99.93851470947266,39.24752426147461,36.41478333108771,42033.0,34.189239501953125,31.958892822265625,29.26620483398437,20.75288391113281,42.14999961853027
1970-11-29 17:29:24.992,29.99413681030273,95.90361785888672,157.6985626220703,87.2727279663086,85.0,61.23046875,99.93851470947266,39.24533081054688,35.89370264955806,42034.0,34.76043701171875,29.701385498046875,24.642364501953125,25.784713745117188,42.14999961853027
1970-11-29 17:29:26.004,29.95135307312012,96.02409362792967,158.30892181396484,87.2727279663086,85.5,61.23046875,99.93851470947266,39.24801635742188,36.56712892043531,42034.0,36.609954833984375,31.2789306640625,28.368621826171875,27.36225891113281,42.14999961853027
1970-11-29 17:29:27.002,29.95135307312012,96.02409362792967,158.30892181396484,87.2727279663086,85.5,61.23046875,99.93851470947266,39.24801635742188,36.56712892043531,42034.0,36.609954833984375,31.2789306640625,28.368621826171875,27.36225891113281,42.14999961853027
1970-11-29 17:29:28.004,29.974498748779297,96.1445770263672,157.40560913085938,87.2727279663086,85.5,61.23046875,99.93851470947266,39.26058578491211,36.93691804213354,42034.0,35.33160400390625,28.69500732421875,26.763885498046875,24.28875732421875,42.14999961853027
1970-11-29 17:29:28.991,29.98564338684082,95.96385192871094,156.2255859375,87.2727279663086,85.39999389648438,61.23046875,99.93851470947266,39.25399398803711,36.89863637517267,42034.0,36.12037658691406,32.557281494140625,25.24072265625,29.048614501953125,42.14999961853027
1970-11-29 17:29:29.994,29.98564338684082,95.96385192871094,156.2255859375,87.2727279663086,85.39999389648438,61.23046875,99.93851470947266,39.25399398803711,36.89863637517267,42034.0,36.12037658691406,32.557281494140625,25.24072265625,29.048614501953125,42.14999961853027
1970-11-29 17:29:30.990,29.89401054382324,95.78313446044922,156.84407806396484,87.2727279663086,86.0999984741211,61.23046875,99.93851470947266,39.25550079345703,33.43618847895222,42034.0,35.657989501953125,29.40219116210937,24.12557983398437,29.2117919921875,42.14999961853027
1970-11-29 17:29:31.991,29.91015625,96.02409362792967,158.28450775146484,87.2727279663086,86.0999984741211,61.23046875,99.93851470947266,39.24384689331055,35.85279528740042,42034.0,34.65162658691406,29.72857666015625,27.0086669921875,24.343170166015625,42.14999961853027
1970-11-29 17:29:32.991,29.91015625,96.02409362792967,158.28450775146484,87.2727279663086,86.0999984741211,61.23046875,99.93851470947266,39.24384689331055,35.85279528740042,42034.0,34.65162658691406,29.72857666015625,27.0086669921875,24.343170166015625,42.14999961853027
1970-11-29 17:29:33.995,29.993484497070312,96.26506042480467,158.23567962646484,87.2727279663086,86.29999542236328,61.23046875,99.93851470947266,39.24283218383789,33.80438726977752,42034.0,34.65162658691406,34.2164306640625,25.75750732421875,30.40855407714844,42.14999961853027
1970-11-29 17:29:35.004,29.963085174560547,96.02409362792967,158.21126556396484,87.2727279663086,86.19999694824219,61.23046875,99.93851470947266,39.23834609985352,36.42242683722226,42034.0,38.84028625488281,32.50288391113281,28.80380249023437,29.864578247070312,42.14999961853027
1970-11-29 17:29:36.005,29.963085174560547,96.02409362792967,158.21126556396484,87.2727279663086,86.19999694824219,61.23046875,99.93851470947266,39.23834609985352,36.42242683722226,42034.0,38.84028625488281,32.50288391113281,28.80380249023437,29.864578247070312,42.14999961853027
1970-11-29 17:29:36.993,29.950096130371094,95.78313446044922,158.34146881103516,87.2727279663086,86.0,61.23046875,99.93851470947266,39.23403930664063,36.53730112372087,42034.0,38.024322509765625,30.38134765625,29.29339599609375,30.27255249023437,42.14999961853027
1970-11-29 17:29:37.994,29.97006797790528,95.84337615966795,158.0891876220703,87.2727279663086,86.9000015258789,61.23046875,99.93851470947266,39.22287368774414,36.143685204309534,42034.0,38.541107177734375,32.96527099609375,32.203704833984375,31.11572265625,42.14999961853027
1970-11-29 17:29:38.990,29.97006797790528,95.84337615966795,158.0891876220703,87.2727279663086,86.9000015258789,61.23046875,99.93851470947266,39.22287368774414,36.143685204309534,42034.0,38.541107177734375,32.96527099609375,32.203704833984375,31.11572265625,42.14999961853027
1970-11-29 17:29:39.990,30.03542900085449,96.20481872558594,158.056640625,87.2727279663086,87.0,61.23046875,99.93851470947266,39.22052001953125,35.13722521728446,42034.0,39.24827575683594,30.789337158203125,30.517364501953125,28.722213745117188,42.14999961853027
1970-11-29 17:29:40.993,29.99650764465332,96.08433532714844,157.2591094970703,87.2727279663086,86.0999984741211,61.23046875,99.93851470947266,39.21934127807617,36.85761211953423,42034.0,39.030670166015625,30.218170166015625,30.16375732421875,29.238998413085938,42.14999961853027
1970-11-29 17:29:41.993,29.99650764465332,96.08433532714844,157.2591094970703,87.2727279663086,86.0999984741211,61.23046875,99.93851470947266,39.21934127807617,36.85761211953423,42034.0,39.030670166015625,30.218170166015625,30.16375732421875,29.238998413085938,42.14999961853027
1970-11-29 17:29:42.990,30.0286808013916,95.78313446044922,157.74739837646484,87.2727279663086,86.0999984741211,61.23046875,99.93851470947266,39.2158088684082,36.43159028224474,42034.0,40.03704833984375,33.6180419921875,29.320587158203125,29.021392822265625,42.14999961853027
1970-11-29 17:29:43.993,30.10767364501953,95.90361785888672,157.1696014404297,87.2727279663086,86.0999984741211,61.23046875,99.93851470947266,39.214630126953125,37.96625600915091,42034.0,37.317138671875,33.40045166015625,27.52545166015625,26.00230407714844,42.14999961853027
1970-11-29 17:29:44.994,30.10767364501953,95.90361785888672,157.1696014404297,87.2727279663086,86.0999984741211,61.23046875,99.93851470947266,39.214630126953125,37.96625600915091,42034.0,37.317138671875,33.40045166015625,27.52545166015625,26.00230407714844,42.14999961853027
1970-11-29 17:29:45.993,30.15249252319336,96.20481872558594,156.3639373779297,87.2727279663086,85.5,61.23046875,99.93851470947266,39.21227645874024,37.851528820723416,42034.0,36.555572509765625,31.659713745117188,28.395828247070312,24.75115966796875,42.14999961853027
1970-11-29 17:29:46.994,30.08196449279785,95.96385192871094,157.40560150146484,87.2727279663086,84.79999542236328,61.23046875,99.93851470947266,39.21234893798828,37.47044490630096,42034.0,38.051513671875,29.72857666015625,25.02313232421875,23.635986328125,42.14999961853027
1970-11-29 17:29:47.991,30.08196449279785,95.96385192871094,157.40560150146484,87.2727279663086,84.79999542236328,61.23046875,99.93851470947266,39.21234893798828,37.47044490630096,42034.0,38.051513671875,29.72857666015625,25.02313232421875,23.635986328125,42.14999961853027
1970-11-29 17:29:48.993,30.07111358642578,95.90361785888672,157.7799530029297,87.2727279663086,86.0999984741211,61.23046875,99.93851470947266,39.21608352661133,36.97969291238496,42034.0,36.827545166015625,28.151031494140625,28.12384033203125,25.13192749023437,42.14999961853027
1970-11-29 17:29:49.995,30.09845352172852,96.02409362792967,156.7952423095703,87.3484878540039,85.79999542236328,61.23046875,99.93851470947266,39.21878433227539,36.883827628166785,42034.0,34.488433837890625,32.3125,30.245361328125,23.66317749023437,42.14999961853027
1970-11-29 17:29:51.005,30.09845352172852,96.02409362792967,156.7952423095703,87.3484878540039,85.79999542236328,61.23046875,99.93851470947266,39.21878433227539,36.883827628166785,42034.0,34.488433837890625,32.3125,30.245361328125,23.66317749023437,42.14999961853027
1970-11-29 17:29:51.993,29.988889694213867,96.1445770263672,156.09537506103516,87.2727279663086,85.69999694824219,61.23046875,99.93851470947266,39.24123001098633,33.94765581099822,42034.0,36.17477416992188,28.69500732421875,24.778350830078125,25.73031616210937,42.14999961853027
1970-11-29 17:29:52.993,29.88534545898437,95.96385192871094,156.8440704345703,87.2727279663086,85.69999694824219,61.23046875,99.94213104248048,39.24045944213867,36.28709321003224,42034.0,32.96528625488281,30.40855407714844,23.06480407714844,24.343170166015625,42.14999961853027
1970-11-29 17:29:53.993,29.88534545898437,95.96385192871094,156.8440704345703,87.2727279663086,85.69999694824219,61.23046875,99.94213104248048,39.24045944213867,36.28709321003224,42034.0,32.96528625488281,30.40855407714844,23.06480407714844,24.343170166015625,42.14999961853027
1970-11-29 17:29:54.995,29.85128593444824,95.96385192871094,157.91016387939453,87.2727279663086,86.19999694824219,61.23046875,99.93851470947266,39.243778228759766,35.81400912459281,42034.0,32.01332092285156,28.93980407714844,29.15740966796875,28.749420166015625,42.14999961853027
1970-11-29 17:29:55.991,29.886754989624023,96.02409362792967,158.3903045654297,87.2727279663086,86.29999542236328,61.23046875,99.93851470947266,39.25950241088867,36.571881250092936,42034.0,40.064239501953125,32.992462158203125,26.60067749023437,28.368621826171875,42.14999961853027
1970-11-29 17:29:56.994,29.886754989624023,96.02409362792967,158.3903045654297,87.2727279663086,86.29999542236328,61.23046875,99.93851470947266,39.25950241088867,36.571881250092936,42034.0,40.064239501953125,32.992462158203125,26.60067749023437,28.368621826171875,42.14999961853027
1970-11-29 17:29:58.002,29.793821334838867,96.02409362792967,160.11556243896484,87.2727279663086,85.29999542236328,61.23046875,99.93851470947266,39.27197265625,37.96388525033989,42034.0,36.01158142089844,30.789337158203125,27.82464599609375,31.46932983398437,42.14999961853027
1970-11-29 17:29:59.004,29.80461311340332,96.02409362792967,160.43294525146484,87.2727279663086,85.79999542236328,61.23046875,99.93851470947266,39.28021240234375,36.413449308632345,42034.0,37.04515075683594,30.38134765625,27.14466857910156,29.021392822265625,42.14999961853027
1970-11-29 17:29:59.992,29.80461311340332,96.02409362792967,160.43294525146484,87.2727279663086,85.79999542236328,61.23046875,99.93851470947266,39.28021240234375,36.413449308632345,42034.0,37.04515075683594,30.38134765625,27.14466857910156,29.021392822265625,42.14999961853027
